run,turn,card_id,choice,resources,moral,stability,progress
0,0,5,0,40,50,55,50
0,1,39,0,30,65,55,50
0,2,36,0,30,60,55,65
0,3,6,1,20,60,55,75
0,4,37,1,30,60,55,75
0,5,36,0,30,55,55,90
0,6,42,1,30,60,55,90
0,7,24,0,25,60,55,90
0,8,4,0,10,75,55,90
0,9,46,0,0,75,55,105
0,10,28,0,-20,75,55,120
0,11,28,1,-10,75,55,120
0,12,5,1,-5,75,45,120
0,13,7,0,-20,85,45,120
0,14,24,1,-15,85,45,120
0,15,29,1,-15,105,25,120
0,16,27,1,-15,120,20,120
0,17,5,1,-10,120,10,120
0,18,37,0,-25,140,10,120
0,19,43,1,-25,140,15,115
0,20,44,0,-25,140,25,125
0,21,12,1,-20,140,25,125
0,22,39,1,-15,140,25,125
0,23,8,1,-30,140,25,135
0,24,48,0,-30,140,25,165
0,25,44,1,-25,140,25,165
0,26,44,1,-20,140,25,165
0,27,12,1,-15,140,25,165
0,28,42,1,-15,145,25,165
0,29,23,0,-25,145,25,175
0,30,26,0,-35,145,25,185
0,31,41,1,-30,135,25,185
0,32,6,1,-40,135,25,195
0,33,25,0,-40,130,25,195
0,34,12,0,-45,140,25,195
0,35,48,0,-45,140,25,225
0,36,43,0,-25,140,15,225
0,37,18,1,-15,140,15,225
0,38,44,1,-10,140,15,225
0,39,16,0,-25,150,15,225
0,40,17,1,-55,150,30,225
0,41,1,1,-65,150,30,230
0,42,28,1,-55,150,30,230
0,43,22,1,-55,155,20,230
0,44,12,1,-50,155,20,230
0,45,47,1,-50,155,20,230
0,46,21,1,-45,155,10,230
0,47,26,0,-55,155,10,240
0,48,45,1,-55,165,10,240
0,49,13,0,-55,165,10,260
0,50,11,1,-50,165,10,260
0,51,30,1,-50,165,20,260
0,52,15,1,-50,170,20,260
0,53,21,1,-45,170,10,260
0,54,42,0,-60,170,10,275
0,55,17,1,-90,170,25,275
0,56,19,0,-90,170,25,275
0,57,18,1,-80,170,25,275
0,58,23,0,-90,170,25,285
0,59,27,0,-80,160,25,285
0,60,13,0,-80,160,25,305
0,61,12,0,-85,170,25,305
0,62,19,0,-85,170,25,305
0,63,13,0,-85,170,25,325
0,64,44,1,-80,170,25,325
0,65,25,1,-80,180,25,325
0,66,29,1,-80,200,5,325
0,67,27,0,-70,190,5,325
0,68,46,0,-80,190,5,340
0,69,23,0,-90,190,5,350
0,70,3,1,-100,190,5,360
0,71,5,0,-110,190,10,360
0,72,27,1,-110,205,5,360
0,73,5,0,-120,205,10,360
0,74,41,1,-115,195,10,360
0,75,13,1,-110,200,10,360
0,76,20,0,-120,200,25,360
0,77,7,1,-115,200,25,360
0,78,30,0,-115,200,15,385
0,79,18,0,-145,200,15,415
0,80,10,1,-130,200,5,415
0,81,40,0,-130,210,-5,415
0,82,16,0,-145,220,-5,415
0,83,29,0,-165,220,0,415
0,84,23,1,-165,225,-5,415
0,85,30,1,-165,225,5,415
0,86,26,1,-155,225,0,415
0,87,24,0,-160,225,0,415
0,88,27,1,-160,240,-5,415
0,89,29,0,-180,240,0,415
0,90,15,1,-180,245,0,415
0,91,3,0,-165,245,-5,415
0,92,14,0,-165,245,-5,425
0,93,2,0,-175,245,15,425
0,94,5,0,-185,245,20,425
0,95,10,0,-195,255,20,425
0,96,24,0,-200,255,20,425
0,97,36,0,-200,250,20,440
0,98,11,0,-205,250,20,440
0,99,30,0,-205,250,10,465
1,0,36,0,50,45,50,65
1,1,36,0,50,40,50,80
1,2,36,0,50,35,50,95
1,3,8,0,50,40,40,95
1,4,22,1,50,45,30,95
1,5,39,1,55,45,30,95
1,6,1,1,45,45,30,100
1,7,42,1,45,50,30,100
1,8,29,0,25,50,35,100
1,9,6,0,35,50,30,100
1,10,23,1,35,55,25,100
1,11,38,1,40,55,25,100
1,12,28,0,20,55,25,115
1,13,26,1,30,55,20,115
1,14,14,0,30,55,20,125
1,15,26,1,40,55,15,125
1,16,29,0,20,55,20,125
1,17,6,0,30,55,15,125
1,18,46,0,20,55,15,140
1,19,20,0,10,55,30,140
1,20,4,0,-5,70,30,140
1,21,9,1,0,70,30,140
1,22,17,1,-30,70,45,140
1,23,4,1,-20,70,45,140
1,24,29,1,-20,90,25,140
1,25,43,1,-20,90,30,135
1,26,14,0,-20,90,30,145
1,27,2,0,-30,90,50,145
1,28,28,0,-50,90,50,160
1,29,25,0,-50,85,50,160
1,30,22,0,-60,85,60,160
1,31,9,0,-70,85,60,165
1,32,43,0,-50,85,50,165
1,33,21,0,-60,85,70,165
1,34,23,0,-70,85,70,175
1,35,28,0,-90,85,70,190
1,36,21,0,-100,85,90,190
1,37,8,0,-100,90,80,190
1,38,30,1,-100,90,90,190
1,39,43,1,-100,90,95,185
1,40,20,0,-110,90,110,185
1,41,44,0,-110,90,120,195
1,42,12,0,-115,100,120,195
1,43,46,1,-110,100,120,195
1,44,21,1,-105,100,110,195
1,45,17,0,-125,120,110,195
1,46,13,0,-125,120,110,215
1,47,29,1,-125,140,90,215
1,48,41,0,-135,155,90,215
1,49,37,0,-150,175,90,215
1,50,23,0,-160,175,90,225
1,51,20,0,-170,175,105,225
1,52,48,1,-170,175,105,225
1,53,37,0,-185,195,105,225
1,54,19,0,-185,195,105,225
1,55,40,1,-185,185,115,225
1,56,43,0,-165,185,105,225
1,57,44,1,-160,185,105,225
1,58,19,0,-160,185,105,225
1,59,21,1,-155,185,95,225
1,60,41,0,-165,200,95,225
1,61,37,0,-180,220,95,225
1,62,6,0,-170,220,90,225
1,63,8,1,-185,220,90,235
1,64,3,0,-170,220,85,235
1,65,6,1,-180,220,85,245
1,66,30,1,-180,220,95,245
1,67,5,0,-190,220,100,245
1,68,23,1,-190,225,95,245
1,69,42,0,-205,225,95,260
1,70,1,0,-195,225,85,260
1,71,36,1,-195,235,85,260
1,72,5,1,-190,235,75,260
1,73,14,1,-190,245,75,260
1,74,39,0,-200,260,75,260
1,75,4,0,-215,275,75,260
1,76,22,0,-225,275,85,260
1,77,38,1,-220,275,85,260
1,78,20,0,-230,275,100,260
1,79,20,0,-240,275,115,260
1,80,30,0,-240,275,105,285
1,81,44,0,-240,275,115,295
1,82,27,1,-240,290,110,295
1,83,22,0,-250,290,120,295
1,84,7,1,-245,290,120,295
1,85,7,1,-240,290,120,295
1,86,18,1,-230,290,120,295
1,87,42,1,-230,295,120,295
1,88,42,1,-230,300,120,295
1,89,44,0,-230,300,130,305
1,90,19,0,-230,300,130,305
1,91,10,0,-240,310,130,305
1,92,41,1,-235,300,130,305
1,93,42,0,-250,300,130,320
1,94,7,0,-265,310,130,320
1,95,43,0,-245,310,120,320
1,96,40,1,-245,300,130,320
1,97,43,1,-245,300,135,315
1,98,28,1,-235,300,135,315
1,99,19,1,-235,300,135,315
2,0,38,1,55,50,50,50
2,1,9,1,60,50,50,50
2,2,46,1,65,50,50,50
2,3,47,0,65,50,50,65
2,4,27,0,75,40,50,65
2,5,23,1,75,45,45,65
2,6,3,1,65,45,45,75
2,7,15,1,65,50,45,75
2,8,26,1,75,50,40,75
2,9,29,1,75,70,20,75
2,10,29,0,55,70,25,75
2,11,41,0,45,85,25,75
2,12,10,0,35,95,25,75
2,13,9,0,25,95,25,80
2,14,9,0,15,95,25,85
2,15,18,0,-15,95,25,115
2,16,24,1,-10,95,25,115
2,17,47,0,-10,95,25,130
2,18,23,0,-20,95,25,140
2,19,17,0,-40,115,25,140
2,20,18,0,-70,115,25,170
2,21,37,1,-60,115,25,170
2,22,47,1,-60,115,25,170
2,23,27,1,-60,130,20,170
2,24,11,0,-65,130,20,170
2,25,29,1,-65,150,0,170
2,26,13,0,-65,150,0,190
2,27,20,0,-75,150,15,190
2,28,29,1,-75,170,-5,190
2,29,48,0,-75,170,-5,220
2,30,25,0,-75,165,-5,220
2,31,16,0,-90,175,-5,220
2,32,44,1,-85,175,-5,220
2,33,1,0,-75,175,-15,220
2,34,37,0,-90,195,-15,220
2,35,3,1,-100,195,-15,230
2,36,6,1,-110,195,-15,240
2,37,17,1,-140,195,0,240
2,38,36,1,-140,205,0,240
2,39,24,1,-135,205,0,240
2,40,39,1,-130,205,0,240
2,41,38,0,-140,215,0,240
2,42,9,1,-135,215,0,240
2,43,16,1,-135,215,-10,240
2,44,40,0,-135,225,-20,240
2,45,30,1,-135,225,-10,240
2,46,16,1,-135,225,-20,240
2,47,7,0,-150,235,-20,240
2,48,3,0,-135,235,-25,240
2,49,2,1,-130,235,-35,240
2,50,48,0,-130,235,-35,270
2,51,43,1,-130,235,-30,265
2,52,29,0,-150,235,-25,265
2,53,19,1,-150,235,-25,265
2,54,26,0,-160,235,-25,275
2,55,4,0,-175,250,-25,275
2,56,10,0,-185,260,-25,275
2,57,43,0,-165,260,-35,275
2,58,41,0,-175,275,-35,275
2,59,7,1,-170,275,-35,275
2,60,43,0,-150,275,-45,275
2,61,16,0,-165,285,-45,275
2,62,5,0,-175,285,-40,275
2,63,44,0,-175,285,-30,285
2,64,44,1,-170,285,-30,285
2,65,30,0,-170,285,-40,310
2,66,10,0,-180,295,-40,310
2,67,1,0,-170,295,-50,310
2,68,4,1,-160,295,-50,310
2,69,44,0,-160,295,-40,320
2,70,15,1,-160,300,-40,320
2,71,10,0,-170,310,-40,320
2,72,14,1,-170,320,-40,320
2,73,6,1,-180,320,-40,330
2,74,18,1,-170,320,-40,330
2,75,42,1,-170,325,-40,330
2,76,40,1,-170,315,-30,330
2,77,13,1,-165,320,-30,330
2,78,48,1,-165,320,-30,330
2,79,19,0,-165,320,-30,330
2,80,39,0,-175,335,-30,330
2,81,25,1,-175,345,-30,330
2,82,37,1,-165,345,-30,330
2,83,15,1,-165,350,-30,330
2,84,42,0,-180,350,-30,345
2,85,1,0,-170,350,-40,345
2,86,43,0,-150,350,-50,345
2,87,14,1,-150,360,-50,345
2,88,24,0,-155,360,-50,345
2,89,4,0,-170,375,-50,345
2,90,26,0,-180,375,-50,355
2,91,11,1,-175,375,-50,355
2,92,21,1,-170,375,-60,355
2,93,42,1,-170,380,-60,355
2,94,10,0,-180,390,-60,355
2,95,46,0,-190,390,-60,370
2,96,7,1,-185,390,-60,370
2,97,4,1,-175,390,-60,370
2,98,3,1,-185,390,-60,380
2,99,45,1,-185,400,-60,380
3,0,6,1,40,50,50,60
3,1,4,0,25,65,50,60
3,2,25,1,25,75,50,60
3,3,21,1,30,75,40,60
3,4,7,1,35,75,40,60
3,5,5,1,40,75,30,60
3,6,4,1,50,75,30,60
3,7,9,0,40,75,30,65
3,8,38,0,30,85,30,65
3,9,38,1,35,85,30,65
3,10,18,0,5,85,30,95
3,11,14,1,5,95,30,95
3,12,36,0,5,90,30,110
3,13,6,0,15,90,25,110
3,14,15,0,30,85,25,110
3,15,9,1,35,85,25,110
3,16,6,0,45,85,20,110
3,17,26,1,55,85,15,110
3,18,24,0,50,85,15,110
3,19,20,0,40,85,30,110
3,20,5,1,45,85,20,110
3,21,20,1,45,95,5,110
3,22,29,0,25,95,10,110
3,23,45,1,25,105,10,110
3,24,29,1,25,125,-10,110
3,25,38,0,15,135,-10,110
3,26,23,0,5,135,-10,120
3,27,42,1,5,140,-10,120
3,28,4,0,-10,155,-10,120
3,29,38,0,-20,165,-10,120
3,30,28,0,-40,165,-10,135
3,31,18,0,-70,165,-10,165
3,32,26,0,-80,165,-10,175
3,33,15,1,-80,170,-10,175
3,34,4,0,-95,185,-10,175
3,35,13,0,-95,185,-10,195
3,36,38,1,-90,185,-10,195
3,37,26,1,-80,185,-15,195
3,38,16,0,-95,195,-15,195
3,39,21,1,-90,195,-25,195
3,40,1,1,-100,195,-25,200
3,41,22,1,-100,200,-35,200
3,42,2,1,-95,200,-45,200
3,43,38,1,-90,200,-45,200
3,44,27,0,-80,190,-45,200
3,45,28,0,-100,190,-45,215
3,46,16,1,-100,190,-55,215
3,47,2,1,-95,190,-65,215
3,48,39,1,-90,190,-65,215
3,49,1,1,-100,190,-65,220
3,50,8,0,-100,195,-75,220
3,51,45,1,-100,205,-75,220
3,52,7,0,-115,215,-75,220
3,53,40,1,-115,205,-65,220
3,54,4,0,-130,220,-65,220
3,55,39,0,-140,235,-65,220
3,56,17,0,-160,255,-65,220
3,57,10,1,-145,255,-75,220
3,58,37,1,-135,255,-75,220
3,59,20,0,-145,255,-60,220
3,60,46,0,-155,255,-60,235
3,61,21,0,-165,255,-40,235
3,62,16,0,-180,265,-40,235
3,63,3,0,-165,265,-45,235
3,64,38,0,-175,275,-45,235
3,65,19,1,-175,275,-45,235
3,66,21,1,-170,275,-55,235
3,67,43,1,-170,275,-50,230
3,68,37,1,-160,275,-50,230
3,69,41,1,-155,265,-50,230
3,70,43,1,-155,265,-45,225
3,71,7,1,-150,265,-45,225
3,72,2,1,-145,265,-55,225
3,73,17,0,-165,285,-55,225
3,74,17,0,-185,305,-55,225
3,75,25,0,-185,300,-55,225
3,76,47,1,-185,300,-55,225
3,77,18,0,-215,300,-55,255
3,78,4,0,-230,315,-55,255
3,79,4,0,-245,330,-55,255
3,80,41,0,-255,345,-55,255
3,81,38,0,-265,355,-55,255
3,82,25,1,-265,365,-55,255
3,83,43,1,-265,365,-50,250
3,84,48,0,-265,365,-50,280
3,85,41,1,-260,355,-50,280
3,86,36,1,-260,365,-50,280
3,87,3,1,-270,365,-50,290
3,88,41,1,-265,355,-50,290
3,89,7,0,-280,365,-50,290
3,90,42,0,-295,365,-50,305
3,91,29,0,-315,365,-45,305
3,92,17,0,-335,385,-45,305
3,93,1,1,-345,385,-45,310
3,94,45,0,-345,385,-45,325
3,95,14,0,-345,385,-45,335
3,96,17,1,-375,385,-30,335
3,97,11,1,-370,385,-30,335
3,98,41,1,-365,375,-30,335
3,99,7,1,-360,375,-30,335
4,0,37,1,60,50,50,50
4,1,24,1,65,50,50,50
4,2,18,1,75,50,50,50
4,3,37,0,60,70,50,50
4,4,43,1,60,70,55,45
4,5,42,1,60,75,55,45
4,6,8,1,45,75,55,55
4,7,29,1,45,95,35,55
4,8,11,0,40,95,35,55
4,9,8,1,25,95,35,65
4,10,15,1,25,100,35,65
4,11,5,1,30,100,25,65
4,12,8,1,15,100,25,75
4,13,46,0,5,100,25,90
4,14,11,0,0,100,25,90
4,15,42,0,-15,100,25,105
4,16,18,0,-45,100,25,135
4,17,21,1,-40,100,15,135
4,18,12,1,-35,100,15,135
4,19,1,0,-25,100,5,135
4,20,14,0,-25,100,5,145
4,21,28,1,-15,100,5,145
4,22,22,0,-25,100,15,145
4,23,16,1,-25,100,5,145
4,24,41,0,-35,115,5,145
4,25,18,1,-25,115,5,145
4,26,23,0,-35,115,5,155
4,27,27,0,-25,105,5,155
4,28,4,1,-15,105,5,155
4,29,39,0,-25,120,5,155
4,30,2,1,-20,120,-5,155
4,31,26,0,-30,120,-5,165
4,32,12,0,-35,130,-5,165
4,33,46,0,-45,130,-5,180
4,34,7,0,-60,140,-5,180
4,35,44,1,-55,140,-5,180
4,36,18,1,-45,140,-5,180
4,37,7,1,-40,140,-5,180
4,38,20,0,-50,140,10,180
4,39,20,1,-50,150,-5,180
4,40,19,0,-50,150,-5,180
4,41,30,1,-50,150,5,180
4,42,10,1,-35,150,-5,180
4,43,7,1,-30,150,-5,180
4,44,16,0,-45,160,-5,180
4,45,25,1,-45,170,-5,180
4,46,26,1,-35,170,-10,180
4,47,27,0,-25,160,-10,180
4,48,10,1,-10,160,-20,180
4,49,10,1,5,160,-30,180
4,50,4,1,15,160,-30,180
4,51,8,0,15,165,-40,180
4,52,46,0,5,165,-40,195
4,53,15,0,20,160,-40,195
4,54,15,1,20,165,-40,195
4,55,42,1,20,170,-40,195
4,56,16,0,5,180,-40,195
4,57,21,0,-5,180,-20,195
4,58,6,1,-15,180,-20,205
4,59,20,0,-25,180,-5,205
4,60,7,0,-40,190,-5,205
4,61,5,1,-35,190,-15,205
4,62,24,0,-40,190,-15,205
4,63,43,1,-40,190,-10,200
4,64,39,1,-35,190,-10,200
4,65,45,1,-35,200,-10,200
4,66,4,1,-25,200,-10,200
4,67,17,1,-55,200,5,200
4,68,42,0,-70,200,5,215
4,69,13,0,-70,200,5,235
4,70,45,0,-70,200,5,250
4,71,9,1,-65,200,5,250
4,72,48,0,-65,200,5,280
4,73,30,1,-65,200,15,280
4,74,28,0,-85,200,15,295
4,75,13,0,-85,200,15,315
4,76,12,0,-90,210,15,315
4,77,22,1,-90,215,5,315
4,78,11,0,-95,215,5,315
4,79,38,1,-90,215,5,315
4,80,4,0,-105,230,5,315
4,81,17,0,-125,250,5,315
4,82,1,0,-115,250,-5,315
4,83,20,0,-125,250,10,315
4,84,40,1,-125,240,20,315
4,85,1,0,-115,240,10,315
4,86,16,1,-115,240,0,315
4,87,8,0,-115,245,-10,315
4,88,1,1,-125,245,-10,320
4,89,22,1,-125,250,-20,320
4,90,14,1,-125,260,-20,320
4,91,13,0,-125,260,-20,340
4,92,13,0,-125,260,-20,360
4,93,14,0,-125,260,-20,370
4,94,41,0,-135,275,-20,370
4,95,12,1,-130,275,-20,370
4,96,2,0,-140,275,0,370
4,97,36,0,-140,270,0,385
4,98,14,1,-140,280,0,385
4,99,2,0,-150,280,20,385
5,0,25,1,50,60,50,50
5,1,18,0,20,60,50,80
5,2,43,1,20,60,55,75
5,3,17,0,0,80,55,75
5,4,9,1,5,80,55,75
5,5,13,0,5,80,55,95
5,6,39,0,-5,95,55,95
5,7,7,1,0,95,55,95
5,8,48,0,0,95,55,125
5,9,24,0,-5,95,55,125
5,10,36,1,-5,105,55,125
5,11,26,0,-15,105,55,135
5,12,4,0,-30,120,55,135
5,13,15,1,-30,125,55,135
5,14,44,1,-25,125,55,135
5,15,11,0,-30,125,55,135
5,16,2,1,-25,125,45,135
5,17,45,0,-25,125,45,150
5,18,11,1,-20,125,45,150
5,19,40,1,-20,115,55,150
5,20,20,1,-20,125,40,150
5,21,45,0,-20,125,40,165
5,22,25,1,-20,135,40,165
5,23,20,1,-20,145,25,165
5,24,3,0,-5,145,20,165
5,25,29,0,-25,145,25,165
5,26,4,0,-40,160,25,165
5,27,9,1,-35,160,25,165
5,28,29,1,-35,180,5,165
5,29,45,0,-35,180,5,180
5,30,2,0,-45,180,25,180
5,31,40,1,-45,170,35,180
5,32,19,1,-45,170,35,180
5,33,9,0,-55,170,35,185
5,34,12,0,-60,180,35,185
5,35,46,0,-70,180,35,200
5,36,1,0,-60,180,25,200
5,37,37,0,-75,200,25,200
5,38,22,1,-75,205,15,200
5,39,8,1,-90,205,15,210
5,40,10,0,-100,215,15,210
5,41,47,1,-100,215,15,210
5,42,5,1,-95,215,5,210
5,43,26,1,-85,215,0,210
5,44,22,0,-95,215,10,210
5,45,40,0,-95,225,0,210
5,46,8,1,-110,225,0,220
5,47,20,0,-120,225,15,220
5,48,3,1,-130,225,15,230
5,49,15,1,-130,230,15,230
5,50,15,1,-130,235,15,230
5,51,24,1,-125,235,15,230
5,52,27,1,-125,250,10,230
5,53,2,0,-135,250,30,230
5,54,11,0,-140,250,30,230
5,55,21,0,-150,250,50,230
5,56,11,0,-155,250,50,230
5,57,25,0,-155,245,50,230
5,58,42,1,-155,250,50,230
5,59,38,1,-150,250,50,230
5,60,7,0,-165,260,50,230
5,61,21,1,-160,260,40,230
5,62,15,0,-145,255,40,230
5,63,17,1,-175,255,55,230
5,64,8,1,-190,255,55,240
5,65,26,1,-180,255,50,240
5,66,12,0,-185,265,50,240
5,67,14,1,-185,275,50,240
5,68,15,0,-170,270,50,240
5,69,10,0,-180,280,50,240
5,70,2,1,-175,280,40,240
5,71,47,0,-175,280,40,255
5,72,36,0,-175,275,40,270
5,73,48,0,-175,275,40,300
5,74,25,1,-175,285,40,300
5,75,3,0,-160,285,35,300
5,76,9,0,-170,285,35,305
5,77,4,1,-160,285,35,305
5,78,10,0,-170,295,35,305
5,79,11,0,-175,295,35,305
5,80,30,0,-175,295,25,330
5,81,17,0,-195,315,25,330
5,82,47,1,-195,315,25,330
5,83,17,0,-215,335,25,330
5,84,44,1,-210,335,25,330
5,85,36,0,-210,330,25,345
5,86,9,0,-220,330,25,350
5,87,25,0,-220,325,25,350
5,88,3,0,-205,325,20,350
5,89,2,0,-215,325,40,350
5,90,3,0,-200,325,35,350
5,91,26,1,-190,325,30,350
5,92,27,1,-190,340,25,350
5,93,5,1,-185,340,15,350
5,94,7,1,-180,340,15,350
5,95,9,1,-175,340,15,350
5,96,19,0,-175,340,15,350
5,97,46,0,-185,340,15,365
5,98,36,1,-185,350,15,365
5,99,38,1,-180,350,15,365
6,0,7,0,35,60,50,50
6,1,3,1,25,60,50,60
6,2,22,0,15,60,60,60
6,3,26,0,5,60,60,70
6,4,44,1,10,60,60,70
6,5,46,0,0,60,60,85
6,6,36,1,0,70,60,85
6,7,13,0,0,70,60,105
6,8,18,1,10,70,60,105
6,9,10,0,0,80,60,105
6,10,15,0,15,75,60,105
6,11,17,1,-15,75,75,105
6,12,3,1,-25,75,75,115
6,13,3,0,-10,75,70,115
6,14,2,1,-5,75,60,115
6,15,46,1,0,75,60,115
6,16,12,0,-5,85,60,115
6,17,46,1,0,85,60,115
6,18,41,1,5,75,60,115
6,19,23,1,5,80,55,115
6,20,30,0,5,80,45,140
6,21,37,1,15,80,45,140
6,22,37,1,25,80,45,140
6,23,21,1,30,80,35,140
6,24,3,0,45,80,30,140
6,25,24,0,40,80,30,140
6,26,29,1,40,100,10,140
6,27,2,0,30,100,30,140
6,28,28,1,40,100,30,140
6,29,37,1,50,100,30,140
6,30,40,0,50,110,20,140
6,31,27,1,50,125,15,140
6,32,29,1,50,145,-5,140
6,33,3,1,40,145,-5,150
6,34,45,1,40,155,-5,150
6,35,19,1,40,155,-5,150
6,36,37,0,25,175,-5,150
6,37,13,1,30,180,-5,150
6,38,30,0,30,180,-15,175
6,39,47,0,30,180,-15,190
6,40,46,0,20,180,-15,205
6,41,44,0,20,180,-5,215
6,42,16,0,5,190,-5,215
6,43,45,1,5,200,-5,215
6,44,13,0,5,200,-5,235
6,45,5,0,-5,200,0,235
6,46,13,0,-5,200,0,255
6,47,21,0,-15,200,20,255
6,48,44,0,-15,200,30,265
6,49,3,1,-25,200,30,275
6,50,46,1,-20,200,30,275
6,51,46,1,-15,200,30,275
6,52,29,1,-15,220,10,275
6,53,28,0,-35,220,10,290
6,54,3,1,-45,220,10,300
6,55,36,1,-45,230,10,300
6,56,8,1,-60,230,10,310
6,57,37,0,-75,250,10,310
6,58,28,0,-95,250,10,325
6,59,24,1,-90,250,10,325
6,60,24,1,-85,250,10,325
6,61,29,1,-85,270,-10,325
6,62,30,0,-85,270,-20,350
6,63,25,1,-85,280,-20,350
6,64,41,0,-95,295,-20,350
6,65,6,0,-85,295,-25,350
6,66,28,1,-75,295,-25,350
6,67,7,1,-70,295,-25,350
6,68,39,1,-65,295,-25,350
6,69,9,0,-75,295,-25,355
6,70,44,1,-70,295,-25,355
6,71,30,1,-70,295,-15,355
6,72,22,1,-70,300,-25,355
6,73,6,1,-80,300,-25,365
6,74,17,0,-100,320,-25,365
6,75,23,1,-100,325,-30,365
6,76,39,0,-110,340,-30,365
6,77,26,0,-120,340,-30,375
6,78,10,1,-105,340,-40,375
6,79,7,0,-120,350,-40,375
6,80,10,0,-130,360,-40,375
6,81,21,0,-140,360,-20,375
6,82,39,1,-135,360,-20,375
6,83,3,0,-120,360,-25,375
6,84,28,1,-110,360,-25,375
6,85,4,0,-125,375,-25,375
6,86,48,1,-125,375,-25,375
6,87,18,1,-115,375,-25,375
6,88,6,1,-125,375,-25,385
6,89,24,0,-130,375,-25,385
6,90,29,0,-150,375,-20,385
6,91,10,1,-135,375,-30,385
6,92,5,1,-130,375,-40,385
6,93,2,1,-125,375,-50,385
6,94,4,0,-140,390,-50,385
6,95,27,1,-140,405,-55,385
6,96,28,0,-160,405,-55,400
6,97,5,1,-155,405,-65,400
6,98,1,1,-165,405,-65,405
6,99,6,0,-155,405,-70,405
7,0,4,1,60,50,50,50
7,1,39,0,50,65,50,50
7,2,2,1,55,65,40,50
7,3,41,1,60,55,40,50
7,4,9,1,65,55,40,50
7,5,22,0,55,55,50,50
7,6,24,0,50,55,50,50
7,7,20,1,50,65,35,50
7,8,5,1,55,65,25,50
7,9,28,1,65,65,25,50
7,10,40,1,65,55,35,50
7,11,13,0,65,55,35,70
7,12,4,0,50,70,35,70
7,13,13,1,55,75,35,70
7,14,40,1,55,65,45,70
7,15,11,0,50,65,45,70
7,16,7,0,35,75,45,70
7,17,14,1,35,85,45,70
7,18,12,1,40,85,45,70
7,19,39,1,45,85,45,70
7,20,40,0,45,95,35,70
7,21,15,1,45,100,35,70
7,22,47,0,45,100,35,85
7,23,16,0,30,110,35,85
7,24,8,0,30,115,25,85
7,25,43,1,30,115,30,80
7,26,8,1,15,115,30,90
7,27,4,1,25,115,30,90
7,28,19,1,25,115,30,90
7,29,23,1,25,120,25,90
7,30,14,1,25,130,25,90
7,31,19,0,25,130,25,90
7,32,25,0,25,125,25,90
7,33,44,0,25,125,35,100
7,34,16,0,10,135,35,100
7,35,1,1,0,135,35,105
7,36,47,0,0,135,35,120
7,37,40,1,0,125,45,120
7,38,18,0,-30,125,45,150
7,39,39,1,-25,125,45,150
7,40,46,0,-35,125,45,165
7,41,30,1,-35,125,55,165
7,42,18,1,-25,125,55,165
7,43,15,0,-10,120,55,165
7,44,19,0,-10,120,55,165
7,45,40,0,-10,130,45,165
7,46,48,1,-10,130,45,165
7,47,12,1,-5,130,45,165
7,48,41,1,0,120,45,165
7,49,45,0,0,120,45,180
7,50,25,0,0,115,45,180
7,51,19,0,0,115,45,180
7,52,25,0,0,110,45,180
7,53,21,1,5,110,35,180
7,54,28,1,15,110,35,180
7,55,8,1,0,110,35,190
7,56,4,1,10,110,35,190
7,57,22,1,10,115,25,190
7,58,41,1,15,105,25,190
7,59,16,1,15,105,15,190
7,60,47,1,15,105,15,190
7,61,2,0,5,105,35,190
7,62,9,0,-5,105,35,195
7,63,37,1,5,105,35,195
7,64,10,1,20,105,25,195
7,65,9,0,10,105,25,200
7,66,8,1,-5,105,25,210
7,67,7,0,-20,115,25,210
7,68,29,0,-40,115,30,210
7,69,20,1,-40,125,15,210
7,70,48,0,-40,125,15,240
7,71,29,1,-40,145,-5,240
7,72,13,1,-35,150,-5,240
7,73,26,1,-25,150,-10,240
7,74,9,1,-20,150,-10,240
7,75,38,1,-15,150,-10,240
7,76,18,0,-45,150,-10,270
7,77,5,1,-40,150,-20,270
7,78,23,1,-40,155,-25,270
7,79,42,0,-55,155,-25,285
7,80,8,1,-70,155,-25,295
7,81,36,1,-70,165,-25,295
7,82,42,0,-85,165,-25,310
7,83,22,1,-85,170,-35,310
7,84,20,0,-95,170,-20,310
7,85,25,0,-95,165,-20,310
7,86,6,0,-85,165,-25,310
7,87,27,1,-85,180,-30,310
7,88,7,1,-80,180,-30,310
7,89,40,0,-80,190,-40,310
7,90,5,0,-90,190,-35,310
7,91,28,0,-110,190,-35,325
7,92,3,1,-120,190,-35,335
7,93,12,1,-115,190,-35,335
7,94,6,1,-125,190,-35,345
7,95,23,1,-125,195,-40,345
7,96,25,0,-125,190,-40,345
7,97,40,1,-125,180,-30,345
7,98,26,0,-135,180,-30,355
7,99,28,1,-125,180,-30,355
8,0,21,0,40,50,70,50
8,1,13,0,40,50,70,70
8,2,6,1,30,50,70,80
8,3,41,0,20,65,70,80
8,4,15,1,20,70,70,80
8,5,8,0,20,75,60,80
8,6,44,0,20,75,70,90
8,7,40,0,20,85,60,90
8,8,47,1,20,85,60,90
8,9,3,1,10,85,60,100
8,10,5,1,15,85,50,100
8,11,42,0,0,85,50,115
8,12,24,0,-5,85,50,115
8,13,14,1,-5,95,50,115
8,14,42,1,-5,100,50,115
8,15,30,1,-5,100,60,115
8,16,3,0,10,100,55,115
8,17,30,0,10,100,45,140
8,18,44,1,15,100,45,140
8,19,28,0,-5,100,45,155
8,20,41,1,0,90,45,155
8,21,14,0,0,90,45,165
8,22,18,0,-30,90,45,195
8,23,12,1,-25,90,45,195
8,24,24,1,-20,90,45,195
8,25,21,1,-15,90,35,195
8,26,44,1,-10,90,35,195
8,27,36,0,-10,85,35,210
8,28,22,1,-10,90,25,210
8,29,40,1,-10,80,35,210
8,30,25,1,-10,90,35,210
8,31,23,0,-20,90,35,220
8,32,29,1,-20,110,15,220
8,33,48,1,-20,110,15,220
8,34,6,1,-30,110,15,230
8,35,26,1,-20,110,10,230
8,36,19,0,-20,110,10,230
8,37,1,1,-30,110,10,235
8,38,15,1,-30,115,10,235
8,39,11,0,-35,115,10,235
8,40,27,0,-25,105,10,235
8,41,27,1,-25,120,5,235
8,42,46,1,-20,120,5,235
8,43,14,0,-20,120,5,245
8,44,11,1,-15,120,5,245
8,45,15,0,0,115,5,245
8,46,37,1,10,115,5,245
8,47,47,0,10,115,5,260
8,48,29,0,-10,115,10,260
8,49,15,1,-10,120,10,260
8,50,43,0,10,120,0,260
8,51,46,1,15,120,0,260
8,52,6,1,5,120,0,270
8,53,30,1,5,120,10,270
8,54,15,1,5,125,10,270
8,55,37,1,15,125,10,270
8,56,37,1,25,125,10,270
8,57,12,0,20,135,10,270
8,58,14,0,20,135,10,280
8,59,12,0,15,145,10,280
8,60,19,0,15,145,10,280
8,61,5,1,20,145,0,280
8,62,29,0,0,145,5,280
8,63,44,0,0,145,15,290
8,64,23,0,-10,145,15,300
8,65,40,0,-10,155,5,300
8,66,48,0,-10,155,5,330
8,67,28,0,-30,155,5,345
8,68,41,0,-40,170,5,345
8,69,29,0,-60,170,10,345
8,70,22,1,-60,175,0,345
8,71,12,1,-55,175,0,345
8,72,22,0,-65,175,10,345
8,73,42,0,-80,175,10,360
8,74,22,1,-80,180,0,360
8,75,20,1,-80,190,-15,360
8,76,14,1,-80,200,-15,360
8,77,46,1,-75,200,-15,360
8,78,47,0,-75,200,-15,375
8,79,19,1,-75,200,-15,375
8,80,20,0,-85,200,0,375
8,81,12,1,-80,200,0,375
8,82,29,1,-80,220,-20,375
8,83,44,1,-75,220,-20,375
8,84,4,1,-65,220,-20,375
8,85,7,1,-60,220,-20,375
8,86,41,1,-55,210,-20,375
8,87,15,0,-40,205,-20,375
8,88,9,0,-50,205,-20,380
8,89,43,0,-30,205,-30,380
8,90,13,1,-25,210,-30,380
8,91,46,0,-35,210,-30,395
8,92,39,0,-45,225,-30,395
8,93,27,1,-45,240,-35,395
8,94,11,0,-50,240,-35,395
8,95,28,0,-70,240,-35,410
8,96,29,1,-70,260,-55,410
8,97,16,1,-70,260,-65,410
8,98,25,0,-70,255,-65,410
8,99,10,1,-55,255,-75,410
9,0,17,0,30,70,50,50
9,1,48,0,30,70,50,80
9,2,27,0,40,60,50,80
9,3,11,0,35,60,50,80
9,4,12,0,30,70,50,80
9,5,6,1,20,70,50,90
9,6,42,1,20,75,50,90
9,7,39,0,10,90,50,90
9,8,12,1,15,90,50,90
9,9,26,1,25,90,45,90
9,10,18,1,35,90,45,90
9,11,13,0,35,90,45,110
9,12,29,0,15,90,50,110
9,13,27,0,25,80,50,110
9,14,26,0,15,80,50,120
9,15,5,1,20,80,40,120
9,16,24,1,25,80,40,120
9,17,19,0,25,80,40,120
9,18,18,1,35,80,40,120
9,19,44,0,35,80,50,130
9,20,3,1,25,80,50,140
9,21,27,0,35,70,50,140
9,22,15,0,50,65,50,140
9,23,25,1,50,75,50,140
9,24,39,0,40,90,50,140
9,25,9,0,30,90,50,145
9,26,11,0,25,90,50,145
9,27,40,0,25,100,40,145
9,28,30,1,25,100,50,145
9,29,4,1,35,100,50,145
9,30,14,0,35,100,50,155
9,31,20,1,35,110,35,155
9,32,20,1,35,120,20,155
9,33,25,1,35,130,20,155
9,34,47,1,35,130,20,155
9,35,7,1,40,130,20,155
9,36,16,1,40,130,10,155
9,37,5,1,45,130,0,155
9,38,37,1,55,130,0,155
9,39,15,0,70,125,0,155
9,40,30,1,70,125,10,155
9,41,37,1,80,125,10,155
9,42,8,1,65,125,10,165
9,43,1,0,75,125,0,165
9,44,41,1,80,115,0,165
9,45,45,1,80,125,0,165
9,46,40,1,80,115,10,165
9,47,38,0,70,125,10,165
9,48,42,1,70,130,10,165
9,49,45,0,70,130,10,180
9,50,8,0,70,135,0,180
9,51,11,0,65,135,0,180
9,52,26,1,75,135,-5,180
9,53,10,0,65,145,-5,180
9,54,23,0,55,145,-5,190
9,55,10,1,70,145,-15,190
9,56,30,0,70,145,-25,215
9,57,2,0,60,145,-5,215
9,58,48,0,60,145,-5,245
9,59,24,1,65,145,-5,245
9,60,41,0,55,160,-5,245
9,61,44,0,55,160,5,255
9,62,25,1,55,170,5,255
9,63,40,0,55,180,-5,255
9,64,14,0,55,180,-5,265
9,65,45,1,55,190,-5,265
9,66,23,1,55,195,-10,265
9,67,6,1,45,195,-10,275
9,68,44,0,45,195,0,285
9,69,46,1,50,195,0,285
9,70,42,0,35,195,0,300
9,71,4,0,20,210,0,300
9,72,44,0,20,210,10,310
9,73,46,1,25,210,10,310
9,74,5,1,30,210,0,310
9,75,47,1,30,210,0,310
9,76,3,0,45,210,-5,310
9,77,42,0,30,210,-5,325
9,78,8,1,15,210,-5,335
9,79,43,0,35,210,-15,335
9,80,29,1,35,230,-35,335
9,81,21,1,40,230,-45,335
9,82,7,1,45,230,-45,335
9,83,12,0,40,240,-45,335
9,84,28,0,20,240,-45,350
9,85,9,0,10,240,-45,355
9,86,19,0,10,240,-45,355
9,87,45,0,10,240,-45,370
9,88,43,1,10,240,-40,365
9,89,17,1,-20,240,-25,365
9,90,42,0,-35,240,-25,380
9,91,48,0,-35,240,-25,410
9,92,3,1,-45,240,-25,420
9,93,44,1,-40,240,-25,420
9,94,48,1,-40,240,-25,420
9,95,29,1,-40,260,-45,420
9,96,10,1,-25,260,-55,420
9,97,1,1,-35,260,-55,425
9,98,19,0,-35,260,-55,425
9,99,23,0,-45,260,-55,435
10,0,29,1,50,70,30,50
10,1,2,0,40,70,50,50
10,2,26,0,30,70,50,60
10,3,48,0,30,70,50,90
10,4,43,1,30,70,55,85
10,5,14,1,30,80,55,85
10,6,29,1,30,100,35,85
10,7,13,0,30,100,35,105
10,8,3,1,20,100,35,115
10,9,46,1,25,100,35,115
10,10,5,1,30,100,25,115
10,11,14,1,30,110,25,115
10,12,21,1,35,110,15,115
10,13,25,1,35,120,15,115
10,14,2,0,25,120,35,115
10,15,7,1,30,120,35,115
10,16,12,1,35,120,35,115
10,17,10,1,50,120,25,115
10,18,1,1,40,120,25,120
10,19,16,0,25,130,25,120
10,20,26,1,35,130,20,120
10,21,41,1,40,120,20,120
10,22,20,0,30,120,35,120
10,23,40,0,30,130,25,120
10,24,24,1,35,130,25,120
10,25,30,0,35,130,15,145
10,26,8,0,35,135,5,145
10,27,15,1,35,140,5,145
10,28,27,0,45,130,5,145
10,29,13,1,50,135,5,145
10,30,16,0,35,145,5,145
10,31,38,1,40,145,5,145
10,32,17,1,10,145,20,145
10,33,19,1,10,145,20,145
10,34,13,1,15,150,20,145
10,35,29,0,-5,150,25,145
10,36,5,1,0,150,15,145
10,37,18,0,-30,150,15,175
10,38,46,1,-25,150,15,175
10,39,42,0,-40,150,15,190
10,40,41,0,-50,165,15,190
10,41,19,0,-50,165,15,190
10,42,25,0,-50,160,15,190
10,43,36,1,-50,170,15,190
10,44,42,0,-65,170,15,205
10,45,19,0,-65,170,15,205
10,46,19,0,-65,170,15,205
10,47,27,1,-65,185,10,205
10,48,30,1,-65,185,20,205
10,49,9,1,-60,185,20,205
10,50,43,1,-60,185,25,200
10,51,24,0,-65,185,25,200
10,52,13,1,-60,190,25,200
10,53,29,0,-80,190,30,200
10,54,22,1,-80,195,20,200
10,55,43,0,-60,195,10,200
10,56,12,1,-55,195,10,200
10,57,47,1,-55,195,10,200
10,58,45,0,-55,195,10,215
10,59,11,1,-50,195,10,215
10,60,6,0,-40,195,5,215
10,61,17,0,-60,215,5,215
10,62,14,1,-60,225,5,215
10,63,30,1,-60,225,15,215
10,64,22,1,-60,230,5,215
10,65,18,0,-90,230,5,245
10,66,20,1,-90,240,-10,245
10,67,39,1,-85,240,-10,245
10,68,16,0,-100,250,-10,245
10,69,29,1,-100,270,-30,245
10,70,22,1,-100,275,-40,245
10,71,11,1,-95,275,-40,245
10,72,24,1,-90,275,-40,245
10,73,37,1,-80,275,-40,245
10,74,19,0,-80,275,-40,245
10,75,42,1,-80,280,-40,245
10,76,38,0,-90,290,-40,245
10,77,41,0,-100,305,-40,245
10,78,9,0,-110,305,-40,250
10,79,22,0,-120,305,-30,250
10,80,39,1,-115,305,-30,250
10,81,40,0,-115,315,-40,250
10,82,13,1,-110,320,-40,250
10,83,47,1,-110,320,-40,250
10,84,9,0,-120,320,-40,255
10,85,4,1,-110,320,-40,255
10,86,43,0,-90,320,-50,255
10,87,8,1,-105,320,-50,265
10,88,37,0,-120,340,-50,265
10,89,12,0,-125,350,-50,265
10,90,10,0,-135,360,-50,265
10,91,2,1,-130,360,-60,265
10,92,27,1,-130,375,-65,265
10,93,40,0,-130,385,-75,265
10,94,19,1,-130,385,-75,265
10,95,4,0,-145,400,-75,265
10,96,28,1,-135,400,-75,265
10,97,23,0,-145,400,-75,275
10,98,3,0,-130,400,-80,275
10,99,2,0,-140,400,-60,275
11,0,48,1,50,50,50,50
11,1,45,1,50,60,50,50
11,2,20,1,50,70,35,50
11,3,22,1,50,75,25,50
11,4,21,1,55,75,15,50
11,5,46,0,45,75,15,65
11,6,46,1,50,75,15,65
11,7,37,0,35,95,15,65
11,8,29,0,15,95,20,65
11,9,15,0,30,90,20,65
11,10,29,0,10,90,25,65
11,11,30,1,10,90,35,65
11,12,28,1,20,90,35,65
11,13,30,0,20,90,25,90
11,14,27,0,30,80,25,90
11,15,27,1,30,95,20,90
11,16,41,0,20,110,20,90
11,17,14,1,20,120,20,90
11,18,36,1,20,130,20,90
11,19,1,0,30,130,10,90
11,20,43,0,50,130,0,90
11,21,37,0,35,150,0,90
11,22,39,0,25,165,0,90
11,23,47,1,25,165,0,90
11,24,9,0,15,165,0,95
11,25,41,1,20,155,0,95
11,26,11,1,25,155,0,95
11,27,15,1,25,160,0,95
11,28,23,1,25,165,-5,95
11,29,10,1,40,165,-15,95
11,30,28,1,50,165,-15,95
11,31,21,0,40,165,5,95
11,32,12,1,45,165,5,95
11,33,14,1,45,175,5,95
11,34,16,0,30,185,5,95
11,35,30,1,30,185,15,95
11,36,29,0,10,185,20,95
11,37,36,0,10,180,20,110
11,38,28,1,20,180,20,110
11,39,7,0,5,190,20,110
11,40,24,1,10,190,20,110
11,41,18,0,-20,190,20,140
11,42,9,0,-30,190,20,145
11,43,7,0,-45,200,20,145
11,44,7,1,-40,200,20,145
11,45,18,1,-30,200,20,145
11,46,7,1,-25,200,20,145
11,47,17,1,-55,200,35,145
11,48,28,0,-75,200,35,160
11,49,6,0,-65,200,30,160
11,50,12,1,-60,200,30,160
11,51,47,1,-60,200,30,160
11,52,10,0,-70,210,30,160
11,53,42,1,-70,215,30,160
11,54,26,0,-80,215,30,170
11,55,16,0,-95,225,30,170
11,56,2,0,-105,225,50,170
11,57,12,0,-110,235,50,170
11,58,23,0,-120,235,50,180
11,59,44,0,-120,235,60,190
11,60,17,0,-140,255,60,190
11,61,8,1,-155,255,60,200
11,62,47,0,-155,255,60,215
11,63,45,1,-155,265,60,215
11,64,18,0,-185,265,60,245
11,65,3,1,-195,265,60,255
11,66,1,0,-185,265,50,255
11,67,30,1,-185,265,60,255
11,68,3,0,-170,265,55,255
11,69,15,1,-170,270,55,255
11,70,36,1,-170,280,55,255
11,71,3,0,-155,280,50,255
11,72,45,0,-155,280,50,270
11,73,2,0,-165,280,70,270
11,74,30,1,-165,280,80,270
11,75,38,1,-160,280,80,270
11,76,15,0,-145,275,80,270
11,77,17,0,-165,295,80,270
11,78,23,0,-175,295,80,280
11,79,11,1,-170,295,80,280
11,80,1,1,-180,295,80,285
11,81,28,0,-200,295,80,300
11,82,36,1,-200,305,80,300
11,83,17,0,-220,325,80,300
11,84,2,1,-215,325,70,300
11,85,11,1,-210,325,70,300
11,86,7,0,-225,335,70,300
11,87,37,1,-215,335,70,300
11,88,6,1,-225,335,70,310
11,89,40,1,-225,325,80,310
11,90,30,0,-225,325,70,335
11,91,5,1,-220,325,60,335
11,92,48,0,-220,325,60,365
11,93,19,0,-220,325,60,365
11,94,28,1,-210,325,60,365
11,95,4,1,-200,325,60,365
11,96,28,0,-220,325,60,380
11,97,46,0,-230,325,60,395
11,98,47,0,-230,325,60,410
11,99,6,1,-240,325,60,420
12,0,26,0,40,50,50,60
12,1,30,0,40,50,40,85
12,2,23,0,30,50,40,95
12,3,26,1,40,50,35,95
12,4,27,0,50,40,35,95
12,5,8,0,50,45,25,95
12,6,2,0,40,45,45,95
12,7,27,0,50,35,45,95
12,8,1,1,40,35,45,100
12,9,27,1,40,50,40,100
12,10,43,1,40,50,45,95
12,11,28,0,20,50,45,110
12,12,2,1,25,50,35,110
12,13,39,0,15,65,35,110
12,14,11,1,20,65,35,110
12,15,36,1,20,75,35,110
12,16,15,1,20,80,35,110
12,17,2,0,10,80,55,110
12,18,28,0,-10,80,55,125
12,19,37,0,-25,100,55,125
12,20,39,0,-35,115,55,125
12,21,42,0,-50,115,55,140
12,22,25,1,-50,125,55,140
12,23,44,0,-50,125,65,150
12,24,3,0,-35,125,60,150
12,25,24,1,-30,125,60,150
12,26,19,0,-30,125,60,150
12,27,10,1,-15,125,50,150
12,28,36,0,-15,120,50,165
12,29,7,1,-10,120,50,165
12,30,19,0,-10,120,50,165
12,31,11,1,-5,120,50,165
12,32,45,0,-5,120,50,180
12,33,19,0,-5,120,50,180
12,34,42,0,-20,120,50,195
12,35,30,1,-20,120,60,195
12,36,43,0,0,120,50,195
12,37,13,0,0,120,50,215
12,38,46,0,-10,120,50,230
12,39,24,1,-5,120,50,230
12,40,43,0,15,120,40,230
12,41,26,1,25,120,35,230
12,42,25,0,25,115,35,230
12,43,42,0,10,115,35,245
12,44,11,1,15,115,35,245
12,45,40,0,15,125,25,245
12,46,23,1,15,130,20,245
12,47,39,0,5,145,20,245
12,48,45,0,5,145,20,260
12,49,6,1,-5,145,20,270
12,50,44,0,-5,145,30,280
12,51,9,1,0,145,30,280
12,52,22,0,-10,145,40,280
12,53,48,0,-10,145,40,310
12,54,2,1,-5,145,30,310
12,55,7,0,-20,155,30,310
12,56,41,0,-30,170,30,310
12,57,19,1,-30,170,30,310
12,58,1,1,-40,170,30,315
12,59,40,0,-40,180,20,315
12,60,7,1,-35,180,20,315
12,61,6,1,-45,180,20,325
12,62,11,0,-50,180,20,325
12,63,17,1,-80,180,35,325
12,64,21,0,-90,180,55,325
12,65,47,1,-90,180,55,325
12,66,1,1,-100,180,55,330
12,67,16,1,-100,180,45,330
12,68,14,0,-100,180,45,340
12,69,28,1,-90,180,45,340
12,70,37,0,-105,200,45,340
12,71,13,1,-100,205,45,340
12,72,6,1,-110,205,45,350
12,73,12,1,-105,205,45,350
12,74,29,0,-125,205,50,350
12,75,4,1,-115,205,50,350
12,76,39,1,-110,205,50,350
12,77,5,1,-105,205,40,350
12,78,2,0,-115,205,60,350
12,79,17,1,-145,205,75,350
12,80,29,1,-145,225,55,350
12,81,8,1,-160,225,55,360
12,82,29,1,-160,245,35,360
12,83,46,1,-155,245,35,360
12,84,48,1,-155,245,35,360
12,85,10,0,-165,255,35,360
12,86,40,1,-165,245,45,360
12,87,46,1,-160,245,45,360
12,88,19,0,-160,245,45,360
12,89,5,0,-170,245,50,360
12,90,13,0,-170,245,50,380
12,91,6,1,-180,245,50,390
12,92,15,1,-180,250,50,390
12,93,10,0,-190,260,50,390
12,94,42,0,-205,260,50,405
12,95,8,0,-205,265,40,405
12,96,38,1,-200,265,40,405
12,97,26,0,-210,265,40,415
12,98,45,1,-210,275,40,415
12,99,8,1,-225,275,40,425
13,0,27,1,50,65,45,50
13,1,24,0,45,65,45,50
13,2,19,1,45,65,45,50
13,3,12,1,50,65,45,50
13,4,15,0,65,60,45,50
13,5,5,1,70,60,35,50
13,6,12,0,65,70,35,50
13,7,12,0,60,80,35,50
13,8,4,0,45,95,35,50
13,9,26,1,55,95,30,50
13,10,46,1,60,95,30,50
13,11,10,0,50,105,30,50
13,12,25,1,50,115,30,50
13,13,3,0,65,115,25,50
13,14,23,1,65,120,20,50
13,15,10,1,80,120,10,50
13,16,2,1,85,120,0,50
13,17,13,0,85,120,0,70
13,18,9,1,90,120,0,70
13,19,9,0,80,120,0,75
13,20,42,1,80,125,0,75
13,21,22,1,80,130,-10,75
13,22,1,1,70,130,-10,80
13,23,20,0,60,130,5,80
13,24,13,1,65,135,5,80
13,25,30,1,65,135,15,80
13,26,7,0,50,145,15,80
13,27,2,1,55,145,5,80
13,28,27,1,55,160,0,80
13,29,29,0,35,160,5,80
13,30,2,1,40,160,-5,80
13,31,16,0,25,170,-5,80
13,32,16,0,10,180,-5,80
13,33,2,1,15,180,-15,80
13,34,21,0,5,180,5,80
13,35,26,0,-5,180,5,90
13,36,12,0,-10,190,5,90
13,37,41,0,-20,205,5,90
13,38,37,0,-35,225,5,90
13,39,29,0,-55,225,10,90
13,40,12,0,-60,235,10,90
13,41,2,1,-55,235,0,90
13,42,46,0,-65,235,0,105
13,43,22,1,-65,240,-10,105
13,44,28,1,-55,240,-10,105
13,45,43,1,-55,240,-5,100
13,46,26,0,-65,240,-5,110
13,47,28,1,-55,240,-5,110
13,48,22,1,-55,245,-15,110
13,49,12,1,-50,245,-15,110
13,50,46,0,-60,245,-15,125
13,51,10,1,-45,245,-25,125
13,52,45,0,-45,245,-25,140
13,53,2,1,-40,245,-35,140
13,54,20,0,-50,245,-20,140
13,55,11,0,-55,245,-20,140
13,56,26,1,-45,245,-25,140
13,57,15,1,-45,250,-25,140
13,58,1,1,-55,250,-25,145
13,59,46,1,-50,250,-25,145
13,60,42,1,-50,255,-25,145
13,61,20,1,-50,265,-40,145
13,62,1,1,-60,265,-40,150
13,63,38,0,-70,275,-40,150
13,64,22,1,-70,280,-50,150
13,65,16,0,-85,290,-50,150
13,66,27,0,-75,280,-50,150
13,67,27,0,-65,270,-50,150
13,68,48,1,-65,270,-50,150
13,69,19,1,-65,270,-50,150
13,70,19,1,-65,270,-50,150
13,71,3,1,-75,270,-50,160
13,72,27,1,-75,285,-55,160
13,73,46,1,-70,285,-55,160
13,74,12,1,-65,285,-55,160
13,75,26,1,-55,285,-60,160
13,76,42,0,-70,285,-60,175
13,77,11,0,-75,285,-60,175
13,78,17,1,-105,285,-45,175
13,79,46,1,-100,285,-45,175
13,80,5,0,-110,285,-40,175
13,81,8,0,-110,290,-50,175
13,82,10,1,-95,290,-60,175
13,83,7,1,-90,290,-60,175
13,84,40,1,-90,280,-50,175
13,85,11,1,-85,280,-50,175
13,86,17,1,-115,280,-35,175
13,87,30,0,-115,280,-45,200
13,88,46,1,-110,280,-45,200
13,89,16,1,-110,280,-55,200
13,90,40,0,-110,290,-65,200
13,91,24,0,-115,290,-65,200
13,92,47,0,-115,290,-65,215
13,93,42,0,-130,290,-65,230
13,94,11,1,-125,290,-65,230
13,95,22,0,-135,290,-55,230
13,96,28,0,-155,290,-55,245
13,97,45,0,-155,290,-55,260
13,98,4,0,-170,305,-55,260
13,99,9,1,-165,305,-55,260
14,0,20,1,50,60,35,50
14,1,25,0,50,55,35,50
14,2,14,1,50,65,35,50
14,3,6,0,60,65,30,50
14,4,16,0,45,75,30,50
14,5,26,1,55,75,25,50
14,6,23,0,45,75,25,60
14,7,26,0,35,75,25,70
14,8,28,1,45,75,25,70
14,9,40,0,45,85,15,70
14,10,26,1,55,85,10,70
14,11,10,0,45,95,10,70
14,12,17,1,15,95,25,70
14,13,30,0,15,95,15,95
14,14,25,0,15,90,15,95
14,15,39,0,5,105,15,95
14,16,4,1,15,105,15,95
14,17,25,0,15,100,15,95
14,18,13,1,20,105,15,95
14,19,29,1,20,125,-5,95
14,20,29,0,0,125,0,95
14,21,18,0,-30,125,0,125
14,22,37,0,-45,145,0,125
14,23,23,1,-45,150,-5,125
14,24,30,0,-45,150,-15,150
14,25,7,1,-40,150,-15,150
14,26,7,1,-35,150,-15,150
14,27,21,1,-30,150,-25,150
14,28,7,0,-45,160,-25,150
14,29,4,1,-35,160,-25,150
14,30,42,0,-50,160,-25,165
14,31,22,1,-50,165,-35,165
14,32,18,0,-80,165,-35,195
14,33,19,1,-80,165,-35,195
14,34,15,0,-65,160,-35,195
14,35,38,0,-75,170,-35,195
14,36,23,1,-75,175,-40,195
14,37,28,0,-95,175,-40,210
14,38,4,1,-85,175,-40,210
14,39,6,1,-95,175,-40,220
14,40,22,0,-105,175,-30,220
14,41,15,1,-105,180,-30,220
14,42,19,0,-105,180,-30,220
14,43,1,1,-115,180,-30,225
14,44,40,0,-115,190,-40,225
14,45,27,1,-115,205,-45,225
14,46,7,1,-110,205,-45,225
14,47,39,0,-120,220,-45,225
14,48,45,0,-120,220,-45,240
14,49,14,1,-120,230,-45,240
14,50,10,1,-105,230,-55,240
14,51,21,0,-115,230,-35,240
14,52,40,1,-115,220,-25,240
14,53,19,1,-115,220,-25,240
14,54,23,1,-115,225,-30,240
14,55,40,1,-115,215,-20,240
14,56,1,0,-105,215,-30,240
14,57,9,1,-100,215,-30,240
14,58,46,0,-110,215,-30,255
14,59,36,0,-110,210,-30,270
14,60,21,0,-120,210,-10,270
14,61,14,0,-120,210,-10,280
14,62,27,1,-120,225,-15,280
14,63,39,0,-130,240,-15,280
14,64,30,1,-130,240,-5,280
14,65,14,0,-130,240,-5,290
14,66,40,0,-130,250,-15,290
14,67,15,0,-115,245,-15,290
14,68,5,0,-125,245,-10,290
14,69,10,0,-135,255,-10,290
14,70,42,0,-150,255,-10,305
14,71,48,0,-150,255,-10,335
14,72,15,1,-150,260,-10,335
14,73,41,1,-145,250,-10,335
14,74,24,0,-150,250,-10,335
14,75,4,1,-140,250,-10,335
14,76,5,0,-150,250,-5,335
14,77,24,0,-155,250,-5,335
14,78,39,1,-150,250,-5,335
14,79,28,1,-140,250,-5,335
14,80,16,0,-155,260,-5,335
14,81,16,0,-170,270,-5,335
14,82,25,1,-170,280,-5,335
14,83,1,1,-180,280,-5,340
14,84,8,1,-195,280,-5,350
14,85,38,1,-190,280,-5,350
14,86,37,1,-180,280,-5,350
14,87,5,1,-175,280,-15,350
14,88,40,1,-175,270,-5,350
14,89,16,1,-175,270,-15,350
14,90,14,1,-175,280,-15,350
14,91,16,0,-190,290,-15,350
14,92,6,1,-200,290,-15,360
14,93,30,1,-200,290,-5,360
14,94,1,0,-190,290,-15,360
14,95,23,0,-200,290,-15,370
14,96,40,1,-200,280,-5,370
14,97,43,1,-200,280,0,365
14,98,45,0,-200,280,0,380
14,99,21,1,-195,280,-10,380
15,0,17,0,30,70,50,50
15,1,20,0,20,70,65,50
15,2,23,1,20,75,60,50
15,3,21,1,25,75,50,50
15,4,13,1,30,80,50,50
15,5,48,0,30,80,50,80
15,6,3,0,45,80,45,80
15,7,39,0,35,95,45,80
15,8,11,0,30,95,45,80
15,9,11,0,25,95,45,80
15,10,5,1,30,95,35,80
15,11,1,1,20,95,35,85
15,12,14,0,20,95,35,95
15,13,38,1,25,95,35,95
15,14,23,0,15,95,35,105
15,15,42,0,0,95,35,120
15,16,20,1,0,105,20,120
15,17,8,1,-15,105,20,130
15,18,4,0,-30,120,20,130
15,19,48,1,-30,120,20,130
15,20,22,0,-40,120,30,130
15,21,37,1,-30,120,30,130
15,22,19,0,-30,120,30,130
15,23,44,0,-30,120,40,140
15,24,6,1,-40,120,40,150
15,25,8,1,-55,120,40,160
15,26,12,0,-60,130,40,160
15,27,29,1,-60,150,20,160
15,28,30,1,-60,150,30,160
15,29,9,0,-70,150,30,165
15,30,18,1,-60,150,30,165
15,31,15,0,-45,145,30,165
15,32,3,1,-55,145,30,175
15,33,20,1,-55,155,15,175
15,34,29,1,-55,175,-5,175
15,35,19,1,-55,175,-5,175
15,36,26,1,-45,175,-10,175
15,37,2,1,-40,175,-20,175
15,38,3,0,-25,175,-25,175
15,39,1,1,-35,175,-25,180
15,40,16,1,-35,175,-35,180
15,41,38,0,-45,185,-35,180
15,42,13,0,-45,185,-35,200
15,43,46,1,-40,185,-35,200
15,44,48,0,-40,185,-35,230
15,45,17,0,-60,205,-35,230
15,46,2,0,-70,205,-15,230
15,47,11,1,-65,205,-15,230
15,48,2,0,-75,205,5,230
15,49,22,1,-75,210,-5,230
15,50,18,1,-65,210,-5,230
15,51,26,0,-75,210,-5,240
15,52,30,1,-75,210,5,240
15,53,6,0,-65,210,0,240
15,54,25,1,-65,220,0,240
15,55,30,1,-65,220,10,240
15,56,40,0,-65,230,0,240
15,57,30,0,-65,230,-10,265
15,58,12,1,-60,230,-10,265
15,59,6,1,-70,230,-10,275
15,60,47,0,-70,230,-10,290
15,61,29,1,-70,250,-30,290
15,62,7,0,-85,260,-30,290
15,63,20,0,-95,260,-15,290
15,64,38,0,-105,270,-15,290
15,65,41,0,-115,285,-15,290
15,66,15,0,-100,280,-15,290
15,67,20,1,-100,290,-30,290
15,68,13,1,-95,295,-30,290
15,69,43,0,-75,295,-40,290
15,70,4,1,-65,295,-40,290
15,71,18,0,-95,295,-40,320
15,72,11,0,-100,295,-40,320
15,73,13,0,-100,295,-40,340
15,74,38,1,-95,295,-40,340
15,75,16,0,-110,305,-40,340
15,76,12,1,-105,305,-40,340
15,77,48,1,-105,305,-40,340
15,78,21,1,-100,305,-50,340
15,79,29,0,-120,305,-45,340
15,80,44,1,-115,305,-45,340
15,81,45,1,-115,315,-45,340
15,82,8,1,-130,315,-45,350
15,83,40,0,-130,325,-55,350
15,84,28,1,-120,325,-55,350
15,85,10,0,-130,335,-55,350
15,86,2,1,-125,335,-65,350
15,87,29,0,-145,335,-60,350
15,88,42,1,-145,340,-60,350
15,89,38,0,-155,350,-60,350
15,90,15,1,-155,355,-60,350
15,91,44,0,-155,355,-50,360
15,92,19,0,-155,355,-50,360
15,93,21,1,-150,355,-60,360
15,94,27,0,-140,345,-60,360
15,95,43,1,-140,345,-55,355
15,96,20,1,-140,355,-70,355
15,97,23,0,-150,355,-70,365
15,98,40,1,-150,345,-60,365
15,99,38,0,-160,355,-60,365
16,0,3,1,40,50,50,60
16,1,9,0,30,50,50,65
16,2,22,1,30,55,40,65
16,3,44,1,35,55,40,65
16,4,6,0,45,55,35,65
16,5,45,0,45,55,35,80
16,6,22,1,45,60,25,80
16,7,48,1,45,60,25,80
16,8,43,1,45,60,30,75
16,9,40,0,45,70,20,75
16,10,44,0,45,70,30,85
16,11,42,1,45,75,30,85
16,12,8,0,45,80,20,85
16,13,26,1,55,80,15,85
16,14,3,0,70,80,10,85
16,15,40,0,70,90,0,85
16,16,7,1,75,90,0,85
16,17,26,0,65,90,0,95
16,18,29,0,45,90,5,95
16,19,24,1,50,90,5,95
16,20,40,0,50,100,-5,95
16,21,8,1,35,100,-5,105
16,22,41,1,40,90,-5,105
16,23,36,1,40,100,-5,105
16,24,27,1,40,115,-10,105
16,25,5,1,45,115,-20,105
16,26,3,1,35,115,-20,115
16,27,16,0,20,125,-20,115
16,28,3,1,10,125,-20,125
16,29,12,0,5,135,-20,125
16,30,24,0,0,135,-20,125
16,31,13,1,5,140,-20,125
16,32,6,0,15,140,-25,125
16,33,43,0,35,140,-35,125
16,34,16,0,20,150,-35,125
16,35,15,1,20,155,-35,125
16,36,3,0,35,155,-40,125
16,37,41,1,40,145,-40,125
16,38,17,0,20,165,-40,125
16,39,20,0,10,165,-25,125
16,40,22,0,0,165,-15,125
16,41,21,0,-10,165,5,125
16,42,38,1,-5,165,5,125
16,43,7,0,-20,175,5,125
16,44,30,0,-20,175,-5,150
16,45,42,0,-35,175,-5,165
16,46,26,0,-45,175,-5,175
16,47,11,1,-40,175,-5,175
16,48,1,1,-50,175,-5,180
16,49,17,0,-70,195,-5,180
16,50,2,1,-65,195,-15,180
16,51,23,0,-75,195,-15,190
16,52,18,1,-65,195,-15,190
16,53,45,1,-65,205,-15,190
16,54,11,0,-70,205,-15,190
16,55,36,1,-70,215,-15,190
16,56,1,1,-80,215,-15,195
16,57,1,0,-70,215,-25,195
16,58,14,0,-70,215,-25,205
16,59,36,0,-70,210,-25,220
16,60,26,0,-80,210,-25,230
16,61,10,0,-90,220,-25,230
16,62,39,1,-85,220,-25,230
16,63,14,1,-85,230,-25,230
16,64,27,0,-75,220,-25,230
16,65,47,0,-75,220,-25,245
16,66,11,1,-70,220,-25,245
16,67,17,1,-100,220,-10,245
16,68,25,0,-100,215,-10,245
16,69,39,1,-95,215,-10,245
16,70,28,0,-115,215,-10,260
16,71,48,0,-115,215,-10,290
16,72,3,1,-125,215,-10,300
16,73,3,0,-110,215,-15,300
16,74,45,0,-110,215,-15,315
16,75,20,1,-110,225,-30,315
16,76,24,0,-115,225,-30,315
16,77,3,0,-100,225,-35,315
16,78,4,0,-115,240,-35,315
16,79,39,0,-125,255,-35,315
16,80,43,0,-105,255,-45,315
16,81,43,0,-85,255,-55,315
16,82,6,1,-95,255,-55,325
16,83,6,1,-105,255,-55,335
16,84,47,0,-105,255,-55,350
16,85,44,1,-100,255,-55,350
16,86,13,1,-95,260,-55,350
16,87,14,0,-95,260,-55,360
16,88,2,0,-105,260,-35,360
16,89,26,1,-95,260,-40,360
16,90,20,0,-105,260,-25,360
16,91,14,0,-105,260,-25,370
16,92,16,0,-120,270,-25,370
16,93,44,1,-115,270,-25,370
16,94,37,1,-105,270,-25,370
16,95,37,1,-95,270,-25,370
16,96,13,1,-90,275,-25,370
16,97,8,1,-105,275,-25,380
16,98,15,1,-105,280,-25,380
16,99,1,0,-95,280,-35,380
17,0,14,0,50,50,50,60
17,1,27,1,50,65,45,60
17,2,7,0,35,75,45,60
17,3,27,1,35,90,40,60
17,4,28,0,15,90,40,75
17,5,36,1,15,100,40,75
17,6,25,1,15,110,40,75
17,7,43,0,35,110,30,75
17,8,47,1,35,110,30,75
17,9,26,1,45,110,25,75
17,10,17,0,25,130,25,75
17,11,5,1,30,130,15,75
17,12,11,0,25,130,15,75
17,13,19,1,25,130,15,75
17,14,48,0,25,130,15,105
17,15,48,1,25,130,15,105
17,16,2,1,30,130,5,105
17,17,18,0,0,130,5,135
17,18,36,1,0,140,5,135
17,19,9,1,5,140,5,135
17,20,21,1,10,140,-5,135
17,21,1,1,0,140,-5,140
17,22,41,1,5,130,-5,140
17,23,19,0,5,130,-5,140
17,24,4,1,15,130,-5,140
17,25,28,1,25,130,-5,140
17,26,22,0,15,130,5,140
17,27,7,0,0,140,5,140
17,28,16,0,-15,150,5,140
17,29,45,1,-15,160,5,140
17,30,13,1,-10,165,5,140
17,31,8,1,-25,165,5,150
17,32,25,0,-25,160,5,150
17,33,44,0,-25,160,15,160
17,34,20,0,-35,160,30,160
17,35,11,0,-40,160,30,160
17,36,9,0,-50,160,30,165
17,37,36,0,-50,155,30,180
17,38,17,0,-70,175,30,180
17,39,28,0,-90,175,30,195
17,40,46,0,-100,175,30,210
17,41,38,0,-110,185,30,210
17,42,23,0,-120,185,30,220
17,43,44,0,-120,185,40,230
17,44,46,0,-130,185,40,245
17,45,45,1,-130,195,40,245
17,46,42,1,-130,200,40,245
17,47,25,0,-130,195,40,245
17,48,14,1,-130,205,40,245
17,49,27,0,-120,195,40,245
17,50,24,0,-125,195,40,245
17,51,10,0,-135,205,40,245
17,52,14,0,-135,205,40,255
17,53,17,0,-155,225,40,255
17,54,2,0,-165,225,60,255
17,55,38,0,-175,235,60,255
17,56,47,1,-175,235,60,255
17,57,22,1,-175,240,50,255
17,58,44,0,-175,240,60,265
17,59,29,0,-195,240,65,265
17,60,28,1,-185,240,65,265
17,61,38,1,-180,240,65,265
17,62,45,1,-180,250,65,265
17,63,41,1,-175,240,65,265
17,64,25,1,-175,250,65,265
17,65,11,0,-180,250,65,265
17,66,41,1,-175,240,65,265
17,67,28,1,-165,240,65,265
17,68,43,0,-145,240,55,265
17,69,42,1,-145,245,55,265
17,70,4,0,-160,260,55,265
17,71,19,1,-160,260,55,265
17,72,40,0,-160,270,45,265
17,73,20,0,-170,270,60,265
17,74,36,0,-170,265,60,280
17,75,26,1,-160,265,55,280
17,76,3,0,-145,265,50,280
17,77,13,0,-145,265,50,300
17,78,36,1,-145,275,50,300
17,79,28,0,-165,275,50,315
17,80,28,0,-185,275,50,330
17,81,20,0,-195,275,65,330
17,82,6,1,-205,275,65,340
17,83,21,0,-215,275,85,340
17,84,47,1,-215,275,85,340
17,85,3,1,-225,275,85,350
17,86,7,1,-220,275,85,350
17,87,11,0,-225,275,85,350
17,88,48,0,-225,275,85,380
17,89,13,1,-220,280,85,380
17,90,19,0,-220,280,85,380
17,91,2,0,-230,280,105,380
17,92,30,1,-230,280,115,380
17,93,3,1,-240,280,115,390
17,94,19,1,-240,280,115,390
17,95,20,0,-250,280,130,390
17,96,18,1,-240,280,130,390
17,97,42,1,-240,285,130,390
17,98,40,0,-240,295,120,390
17,99,12,0,-245,305,120,390
18,0,42,0,35,50,50,65
18,1,25,0,35,45,50,65
18,2,11,1,40,45,50,65
18,3,11,0,35,45,50,65
18,4,6,0,45,45,45,65
18,5,9,0,35,45,45,70
18,6,1,1,25,45,45,75
18,7,23,0,15,45,45,85
18,8,20,0,5,45,60,85
18,9,44,0,5,45,70,95
18,10,8,1,-10,45,70,105
18,11,46,1,-5,45,70,105
18,12,6,0,5,45,65,105
18,13,48,1,5,45,65,105
18,14,14,1,5,55,65,105
18,15,1,1,-5,55,65,110
18,16,20,1,-5,65,50,110
18,17,36,0,-5,60,50,125
18,18,25,1,-5,70,50,125
18,19,28,0,-25,70,50,140
18,20,45,0,-25,70,50,155
18,21,15,0,-10,65,50,155
18,22,19,0,-10,65,50,155
18,23,5,1,-5,65,40,155
18,24,6,0,5,65,35,155
18,25,47,0,5,65,35,170
18,26,46,0,-5,65,35,185
18,27,40,0,-5,75,25,185
18,28,10,0,-15,85,25,185
18,29,46,0,-25,85,25,200
18,30,11,0,-30,85,25,200
18,31,44,0,-30,85,35,210
18,32,37,0,-45,105,35,210
18,33,46,1,-40,105,35,210
18,34,4,0,-55,120,35,210
18,35,7,1,-50,120,35,210
18,36,14,0,-50,120,35,220
18,37,27,1,-50,135,30,220
18,38,7,1,-45,135,30,220
18,39,12,0,-50,145,30,220
18,40,6,1,-60,145,30,230
18,41,39,1,-55,145,30,230
18,42,28,0,-75,145,30,245
18,43,7,0,-90,155,30,245
18,44,47,1,-90,155,30,245
18,45,26,0,-100,155,30,255
18,46,36,1,-100,165,30,255
18,47,16,1,-100,165,20,255
18,48,29,0,-120,165,25,255
18,49,29,1,-120,185,5,255
18,50,40,1,-120,175,15,255
18,51,44,0,-120,175,25,265
18,52,48,1,-120,175,25,265
18,53,27,0,-110,165,25,265
18,54,15,1,-110,170,25,265
18,55,14,0,-110,170,25,275
18,56,48,1,-110,170,25,275
18,57,1,1,-120,170,25,280
18,58,12,0,-125,180,25,280
18,59,39,1,-120,180,25,280
18,60,23,0,-130,180,25,290
18,61,27,0,-120,170,25,290
18,62,45,1,-120,180,25,290
18,63,18,0,-150,180,25,320
18,64,45,0,-150,180,25,335
18,65,26,0,-160,180,25,345
18,66,38,1,-155,180,25,345
18,67,14,0,-155,180,25,355
18,68,17,0,-175,200,25,355
18,69,3,0,-160,200,20,355
18,70,39,0,-170,215,20,355
18,71,36,0,-170,210,20,370
18,72,28,1,-160,210,20,370
18,73,21,0,-170,210,40,370
18,74,48,1,-170,210,40,370
18,75,14,0,-170,210,40,380
18,76,28,0,-190,210,40,395
18,77,18,1,-180,210,40,395
18,78,38,1,-175,210,40,395
18,79,3,1,-185,210,40,405
18,80,24,1,-180,210,40,405
18,81,11,1,-175,210,40,405
18,82,30,0,-175,210,30,430
18,83,38,1,-170,210,30,430
18,84,13,1,-165,215,30,430
18,85,48,1,-165,215,30,430
18,86,20,1,-165,225,15,430
18,87,29,1,-165,245,-5,430
18,88,36,1,-165,255,-5,430
18,89,16,1,-165,255,-15,430
18,90,45,1,-165,265,-15,430
18,91,10,1,-150,265,-25,430
18,92,3,0,-135,265,-30,430
18,93,41,0,-145,280,-30,430
18,94,12,0,-150,290,-30,430
18,95,4,1,-140,290,-30,430
18,96,22,0,-150,290,-20,430
18,97,47,1,-150,290,-20,430
18,98,19,1,-150,290,-20,430
18,99,48,1,-150,290,-20,430
19,0,42,0,35,50,50,65
19,1,37,1,45,50,50,65
19,2,28,0,25,50,50,80
19,3,16,1,25,50,40,80
19,4,30,0,25,50,30,105
19,5,21,1,30,50,20,105
19,6,44,1,35,50,20,105
19,7,14,0,35,50,20,115
19,8,44,0,35,50,30,125
19,9,37,0,20,70,30,125
19,10,45,0,20,70,30,140
19,11,38,0,10,80,30,140
19,12,39,0,0,95,30,140
19,13,1,0,10,95,20,140
19,14,42,0,-5,95,20,155
19,15,42,0,-20,95,20,170
19,16,39,1,-15,95,20,170
19,17,2,0,-25,95,40,170
19,18,1,1,-35,95,40,175
19,19,10,1,-20,95,30,175
19,20,43,1,-20,95,35,170
19,21,29,1,-20,115,15,170
19,22,16,0,-35,125,15,170
19,23,30,1,-35,125,25,170
19,24,15,1,-35,130,25,170
19,25,37,1,-25,130,25,170
19,26,46,0,-35,130,25,185
19,27,7,0,-50,140,25,185
19,28,3,1,-60,140,25,195
19,29,16,1,-60,140,15,195
19,30,29,1,-60,160,-5,195
19,31,42,0,-75,160,-5,210
19,32,4,0,-90,175,-5,210
19,33,10,1,-75,175,-15,210
19,34,15,1,-75,180,-15,210
19,35,6,1,-85,180,-15,220
19,36,27,0,-75,170,-15,220
19,37,11,1,-70,170,-15,220
19,38,47,1,-70,170,-15,220
19,39,19,0,-70,170,-15,220
19,40,36,0,-70,165,-15,235
19,41,23,0,-80,165,-15,245
19,42,21,0,-90,165,5,245
19,43,12,0,-95,175,5,245
19,44,43,1,-95,175,10,240
19,45,21,1,-90,175,0,240
19,46,28,1,-80,175,0,240
19,47,6,1,-90,175,0,250
19,48,14,1,-90,185,0,250
19,49,26,1,-80,185,-5,250
19,50,5,1,-75,185,-15,250
19,51,48,1,-75,185,-15,250
19,52,43,1,-75,185,-10,245
19,53,9,1,-70,185,-10,245
19,54,39,1,-65,185,-10,245
19,55,28,0,-85,185,-10,260
19,56,18,0,-115,185,-10,290
19,57,17,0,-135,205,-10,290
19,58,5,0,-145,205,-5,290
19,59,42,0,-160,205,-5,305
19,60,36,1,-160,215,-5,305
19,61,16,0,-175,225,-5,305
19,62,1,1,-185,225,-5,310
19,63,25,1,-185,235,-5,310
19,64,27,1,-185,250,-10,310
19,65,43,1,-185,250,-5,305
19,66,7,0,-200,260,-5,305
19,67,9,0,-210,260,-5,310
19,68,36,1,-210,270,-5,310
19,69,11,0,-215,270,-5,310
19,70,24,0,-220,270,-5,310
19,71,5,0,-230,270,0,310
19,72,15,0,-215,265,0,310
19,73,10,0,-225,275,0,310
19,74,20,0,-235,275,15,310
19,75,25,1,-235,285,15,310
19,76,12,1,-230,285,15,310
19,77,46,0,-240,285,15,325
19,78,28,1,-230,285,15,325
19,79,37,1,-220,285,15,325
19,80,42,0,-235,285,15,340
19,81,17,0,-255,305,15,340
19,82,30,1,-255,305,25,340
19,83,25,0,-255,300,25,340
19,84,46,1,-250,300,25,340
19,85,2,1,-245,300,15,340
19,86,37,0,-260,320,15,340
19,87,11,1,-255,320,15,340
19,88,28,0,-275,320,15,355
19,89,10,1,-260,320,5,355
19,90,10,1,-245,320,-5,355
19,91,20,1,-245,330,-20,355
19,92,6,1,-255,330,-20,365
19,93,43,0,-235,330,-30,365
19,94,29,1,-235,350,-50,365
19,95,27,1,-235,365,-55,365
19,96,42,0,-250,365,-55,380
19,97,24,0,-255,365,-55,380
19,98,43,0,-235,365,-65,380
19,99,3,0,-220,365,-70,380
20,0,40,1,50,40,60,50
20,1,42,1,50,45,60,50
20,2,24,0,45,45,60,50
20,3,6,0,55,45,55,50
20,4,14,1,55,55,55,50
20,5,44,1,60,55,55,50
20,6,37,0,45,75,55,50
20,7,10,0,35,85,55,50
20,8,20,1,35,95,40,50
20,9,36,0,35,90,40,65
20,10,5,0,25,90,45,65
20,11,10,1,40,90,35,65
20,12,20,1,40,100,20,65
20,13,38,1,45,100,20,65
20,14,4,0,30,115,20,65
20,15,8,0,30,120,10,65
20,16,26,0,20,120,10,75
20,17,16,1,20,120,0,75
20,18,45,1,20,130,0,75
20,19,23,0,10,130,0,85
20,20,15,0,25,125,0,85
20,21,14,1,25,135,0,85
20,22,9,0,15,135,0,90
20,23,15,0,30,130,0,90
20,24,46,1,35,130,0,90
20,25,13,1,40,135,0,90
20,26,6,1,30,135,0,100
20,27,18,0,0,135,0,130
20,28,22,0,-10,135,10,130
20,29,15,0,5,130,10,130
20,30,28,1,15,130,10,130
20,31,13,0,15,130,10,150
20,32,29,0,-5,130,15,150
20,33,25,1,-5,140,15,150
20,34,16,1,-5,140,5,150
20,35,28,0,-25,140,5,165
20,36,15,1,-25,145,5,165
20,37,10,0,-35,155,5,165
20,38,41,1,-30,145,5,165
20,39,42,1,-30,150,5,165
20,40,47,1,-30,150,5,165
20,41,45,1,-30,160,5,165
20,42,27,1,-30,175,0,165
20,43,11,0,-35,175,0,165
20,44,27,0,-25,165,0,165
20,45,1,1,-35,165,0,170
20,46,3,1,-45,165,0,180
20,47,25,0,-45,160,0,180
20,48,15,1,-45,165,0,180
20,49,22,1,-45,170,-10,180
20,50,22,0,-55,170,0,180
20,51,11,0,-60,170,0,180
20,52,10,1,-45,170,-10,180
20,53,41,1,-40,160,-10,180
20,54,14,1,-40,170,-10,180
20,55,1,1,-50,170,-10,185
20,56,30,0,-50,170,-20,210
20,57,3,0,-35,170,-25,210
20,58,15,0,-20,165,-25,210
20,59,40,1,-20,155,-15,210
20,60,43,0,0,155,-25,210
20,61,2,1,5,155,-35,210
20,62,17,1,-25,155,-20,210
20,63,29,1,-25,175,-40,210
20,64,14,1,-25,185,-40,210
20,65,45,0,-25,185,-40,225
20,66,17,1,-55,185,-25,225
20,67,10,0,-65,195,-25,225
20,68,11,1,-60,195,-25,225
20,69,26,0,-70,195,-25,235
20,70,15,1,-70,200,-25,235
20,71,39,1,-65,200,-25,235
20,72,9,1,-60,200,-25,235
20,73,26,1,-50,200,-30,235
20,74,5,0,-60,200,-25,235
20,75,3,1,-70,200,-25,245
20,76,12,0,-75,210,-25,245
20,77,9,1,-70,210,-25,245
20,78,30,0,-70,210,-35,270
20,79,47,1,-70,210,-35,270
20,80,19,1,-70,210,-35,270
20,81,6,0,-60,210,-40,270
20,82,22,1,-60,215,-50,270
20,83,38,1,-55,215,-50,270
20,84,3,1,-65,215,-50,280
20,85,4,1,-55,215,-50,280
20,86,3,0,-40,215,-55,280
20,87,25,1,-40,225,-55,280
20,88,22,0,-50,225,-45,280
20,89,43,0,-30,225,-55,280
20,90,20,1,-30,235,-70,280
20,91,9,0,-40,235,-70,285
20,92,11,0,-45,235,-70,285
20,93,20,0,-55,235,-55,285
20,94,36,0,-55,230,-55,300
20,95,16,0,-70,240,-55,300
20,96,4,0,-85,255,-55,300
20,97,3,1,-95,255,-55,310
20,98,21,0,-105,255,-35,310
20,99,42,1,-105,260,-35,310
21,0,4,0,35,65,50,50
21,1,2,1,40,65,40,50
21,2,41,1,45,55,40,50
21,3,15,0,60,50,40,50
21,4,7,0,45,60,40,50
21,5,30,0,45,60,30,75
21,6,10,1,60,60,20,75
21,7,40,0,60,70,10,75
21,8,12,0,55,80,10,75
21,9,8,1,40,80,10,85
21,10,46,0,30,80,10,100
21,11,28,0,10,80,10,115
21,12,28,1,20,80,10,115
21,13,43,1,20,80,15,110
21,14,47,0,20,80,15,125
21,15,7,0,5,90,15,125
21,16,44,1,10,90,15,125
21,17,41,0,0,105,15,125
21,18,27,0,10,95,15,125
21,19,36,0,10,90,15,140
21,20,18,0,-20,90,15,170
21,21,8,1,-35,90,15,180
21,22,13,0,-35,90,15,200
21,23,27,1,-35,105,10,200
21,24,24,0,-40,105,10,200
21,25,39,1,-35,105,10,200
21,26,38,1,-30,105,10,200
21,27,40,0,-30,115,0,200
21,28,39,0,-40,130,0,200
21,29,17,1,-70,130,15,200
21,30,17,1,-100,130,30,200
21,31,2,0,-110,130,50,200
21,32,20,1,-110,140,35,200
21,33,42,0,-125,140,35,215
21,34,11,0,-130,140,35,215
21,35,45,0,-130,140,35,230
21,36,4,1,-120,140,35,230
21,37,9,1,-115,140,35,230
21,38,3,1,-125,140,35,240
21,39,47,0,-125,140,35,255
21,40,23,0,-135,140,35,265
21,41,22,1,-135,145,25,265
21,42,29,1,-135,165,5,265
21,43,36,0,-135,160,5,280
21,44,25,1,-135,170,5,280
21,45,46,1,-130,170,5,280
21,46,4,0,-145,185,5,280
21,47,43,0,-125,185,-5,280
21,48,19,0,-125,185,-5,280
21,49,12,0,-130,195,-5,280
21,50,20,0,-140,195,10,280
21,51,43,0,-120,195,0,280
21,52,47,0,-120,195,0,295
21,53,18,1,-110,195,0,295
21,54,27,0,-100,185,0,295
21,55,21,0,-110,185,20,295
21,56,26,1,-100,185,15,295
21,57,39,0,-110,200,15,295
21,58,25,1,-110,210,15,295
21,59,16,0,-125,220,15,295
21,60,44,1,-120,220,15,295
21,61,23,1,-120,225,10,295
21,62,10,0,-130,235,10,295
21,63,29,0,-150,235,15,295
21,64,19,0,-150,235,15,295
21,65,1,0,-140,235,5,295
21,66,28,1,-130,235,5,295
21,67,26,0,-140,235,5,305
21,68,41,1,-135,225,5,305
21,69,19,0,-135,225,5,305
21,70,11,1,-130,225,5,305
21,71,30,0,-130,225,-5,330
21,72,30,1,-130,225,5,330
21,73,11,0,-135,225,5,330
21,74,5,0,-145,225,10,330
21,75,40,1,-145,215,20,330
21,76,41,0,-155,230,20,330
21,77,44,0,-155,230,30,340
21,78,18,1,-145,230,30,340
21,79,20,0,-155,230,45,340
21,80,37,0,-170,250,45,340
21,81,40,0,-170,260,35,340
21,82,16,0,-185,270,35,340
21,83,20,1,-185,280,20,340
21,84,10,1,-170,280,10,340
21,85,15,0,-155,275,10,340
21,86,44,1,-150,275,10,340
21,87,21,1,-145,275,0,340
21,88,44,0,-145,275,10,350
21,89,27,0,-135,265,10,350
21,90,29,1,-135,285,-10,350
21,91,41,0,-145,300,-10,350
21,92,6,1,-155,300,-10,360
21,93,3,0,-140,300,-15,360
21,94,26,1,-130,300,-20,360
21,95,18,1,-120,300,-20,360
21,96,15,0,-105,295,-20,360
21,97,29,1,-105,315,-40,360
21,98,37,0,-120,335,-40,360
21,99,17,1,-150,335,-25,360
22,0,24,0,45,50,50,50
22,1,4,0,30,65,50,50
22,2,48,0,30,65,50,80
22,3,5,0,20,65,55,80
22,4,6,1,10,65,55,90
22,5,44,1,15,65,55,90
22,6,29,1,15,85,35,90
22,7,16,1,15,85,25,90
22,8,39,0,5,100,25,90
22,9,20,1,5,110,10,90
22,10,15,1,5,115,10,90
22,11,15,1,5,120,10,90
22,12,17,1,-25,120,25,90
22,13,41,0,-35,135,25,90
22,14,48,1,-35,135,25,90
22,15,23,0,-45,135,25,100
22,16,30,0,-45,135,15,125
22,17,24,0,-50,135,15,125
22,18,29,0,-70,135,20,125
22,19,5,0,-80,135,25,125
22,20,48,1,-80,135,25,125
22,21,36,1,-80,145,25,125
22,22,7,1,-75,145,25,125
22,23,37,0,-90,165,25,125
22,24,1,1,-100,165,25,130
22,25,10,0,-110,175,25,130
22,26,47,0,-110,175,25,145
22,27,30,1,-110,175,35,145
22,28,17,0,-130,195,35,145
22,29,12,0,-135,205,35,145
22,30,38,1,-130,205,35,145
22,31,19,0,-130,205,35,145
22,32,41,1,-125,195,35,145
22,33,8,0,-125,200,25,145
22,34,18,0,-155,200,25,175
22,35,19,0,-155,200,25,175
22,36,5,1,-150,200,15,175
22,37,19,1,-150,200,15,175
22,38,42,0,-165,200,15,190
22,39,12,0,-170,210,15,190
22,40,23,1,-170,215,10,190
22,41,40,0,-170,225,0,190
22,42,42,1,-170,230,0,190
22,43,29,1,-170,250,-20,190
22,44,13,1,-165,255,-20,190
22,45,14,0,-165,255,-20,200
22,46,37,1,-155,255,-20,200
22,47,5,1,-150,255,-30,200
22,48,36,1,-150,265,-30,200
22,49,7,0,-165,275,-30,200
22,50,8,0,-165,280,-40,200
22,51,39,0,-175,295,-40,200
22,52,42,0,-190,295,-40,215
22,53,43,0,-170,295,-50,215
22,54,23,1,-170,300,-55,215
22,55,45,0,-170,300,-55,230
22,56,46,0,-180,300,-55,245
22,57,46,1,-175,300,-55,245
22,58,14,1,-175,310,-55,245
22,59,12,1,-170,310,-55,245
22,60,22,1,-170,315,-65,245
22,61,10,1,-155,315,-75,245
22,62,24,0,-160,315,-75,245
22,63,7,1,-155,315,-75,245
22,64,45,1,-155,325,-75,245
22,65,42,1,-155,330,-75,245
22,66,25,1,-155,340,-75,245
22,67,9,0,-165,340,-75,250
22,68,3,1,-175,340,-75,260
22,69,37,0,-190,360,-75,260
22,70,2,1,-185,360,-85,260
22,71,28,1,-175,360,-85,260
22,72,9,1,-170,360,-85,260
22,73,19,0,-170,360,-85,260
22,74,47,1,-170,360,-85,260
22,75,29,1,-170,380,-105,260
22,76,30,0,-170,380,-115,285
22,77,18,0,-200,380,-115,315
22,78,8,1,-215,380,-115,325
22,79,29,0,-235,380,-110,325
22,80,47,0,-235,380,-110,340
22,81,17,0,-255,400,-110,340
22,82,19,1,-255,400,-110,340
22,83,14,1,-255,410,-110,340
22,84,16,1,-255,410,-120,340
22,85,36,0,-255,405,-120,355
22,86,1,0,-245,405,-130,355
22,87,39,1,-240,405,-130,355
22,88,27,1,-240,420,-135,355
22,89,37,1,-230,420,-135,355
22,90,25,1,-230,430,-135,355
22,91,2,0,-240,430,-115,355
22,92,42,0,-255,430,-115,370
22,93,28,1,-245,430,-115,370
22,94,42,1,-245,435,-115,370
22,95,5,0,-255,435,-110,370
22,96,3,1,-265,435,-110,380
22,97,2,1,-260,435,-120,380
22,98,44,1,-255,435,-120,380
22,99,6,0,-245,435,-125,380
23,0,2,0,40,50,70,50
23,1,38,0,30,60,70,50
23,2,40,1,30,50,80,50
23,3,11,1,35,50,80,50
23,4,18,1,45,50,80,50
23,5,18,1,55,50,80,50
23,6,39,1,60,50,80,50
23,7,30,0,60,50,70,75
23,8,47,1,60,50,70,75
23,9,41,0,50,65,70,75
23,10,48,0,50,65,70,105
23,11,16,1,50,65,60,105
23,12,6,1,40,65,60,115
23,13,41,0,30,80,60,115
23,14,13,1,35,85,60,115
23,15,14,0,35,85,60,125
23,16,42,1,35,90,60,125
23,17,24,0,30,90,60,125
23,18,8,1,15,90,60,135
23,19,11,0,10,90,60,135
23,20,25,1,10,100,60,135
23,21,45,1,10,110,60,135
23,22,6,0,20,110,55,135
23,23,37,0,5,130,55,135
23,24,46,0,-5,130,55,150
23,25,30,0,-5,130,45,175
23,26,15,0,10,125,45,175
23,27,43,1,10,125,50,170
23,28,44,0,10,125,60,180
23,29,6,1,0,125,60,190
23,30,3,1,-10,125,60,200
23,31,13,1,-5,130,60,200
23,32,45,0,-5,130,60,215
23,33,47,1,-5,130,60,215
23,34,48,1,-5,130,60,215
23,35,6,1,-15,130,60,225
23,36,4,1,-5,130,60,225
23,37,28,0,-25,130,60,240
23,38,39,1,-20,130,60,240
23,39,43,1,-20,130,65,235
23,40,47,0,-20,130,65,250
23,41,11,1,-15,130,65,250
23,42,48,1,-15,130,65,250
23,43,15,1,-15,135,65,250
23,44,27,1,-15,150,60,250
23,45,47,1,-15,150,60,250
23,46,40,0,-15,160,50,250
23,47,15,1,-15,165,50,250
23,48,21,1,-10,165,40,250
23,49,5,1,-5,165,30,250
23,50,2,0,-15,165,50,250
23,51,27,0,-5,155,50,250
23,52,7,0,-20,165,50,250
23,53,41,0,-30,180,50,250
23,54,41,0,-40,195,50,250
23,55,25,0,-40,190,50,250
23,56,28,0,-60,190,50,265
23,57,47,0,-60,190,50,280
23,58,30,0,-60,190,40,305
23,59,22,1,-60,195,30,305
23,60,21,0,-70,195,50,305
23,61,38,0,-80,205,50,305
23,62,10,0,-90,215,50,305
23,63,14,1,-90,225,50,305
23,64,48,1,-90,225,50,305
23,65,4,0,-105,240,50,305
23,66,38,1,-100,240,50,305
23,67,6,1,-110,240,50,315
23,68,13,0,-110,240,50,335
23,69,30,1,-110,240,60,335
23,70,28,0,-130,240,60,350
23,71,29,1,-130,260,40,350
23,72,28,1,-120,260,40,350
23,73,23,1,-120,265,35,350
23,74,37,1,-110,265,35,350
23,75,47,1,-110,265,35,350
23,76,13,1,-105,270,35,350
23,77,15,1,-105,275,35,350
23,78,7,1,-100,275,35,350
23,79,10,1,-85,275,25,350
23,80,14,0,-85,275,25,360
23,81,9,1,-80,275,25,360
23,82,23,0,-90,275,25,370
23,83,19,0,-90,275,25,370
23,84,9,0,-100,275,25,375
23,85,30,1,-100,275,35,375
23,86,3,0,-85,275,30,375
23,87,19,0,-85,275,30,375
23,88,48,0,-85,275,30,405
23,89,16,1,-85,275,20,405
23,90,16,0,-100,285,20,405
23,91,2,0,-110,285,40,405
23,92,22,0,-120,285,50,405
23,93,46,1,-115,285,50,405
23,94,23,1,-115,290,45,405
23,95,36,0,-115,285,45,420
23,96,15,0,-100,280,45,420
23,97,23,0,-110,280,45,430
23,98,20,0,-120,280,60,430
23,99,29,0,-140,280,65,430
24,0,7,1,55,50,50,50
24,1,13,0,55,50,50,70
24,2,21,1,60,50,40,70
24,3,17,1,30,50,55,70
24,4,25,0,30,45,55,70
24,5,36,0,30,40,55,85
24,6,30,1,30,40,65,85
24,7,30,1,30,40,75,85
24,8,19,1,30,40,75,85
24,9,9,1,35,40,75,85
24,10,16,1,35,40,65,85
24,11,5,0,25,40,70,85
24,12,3,0,40,40,65,85
24,13,14,0,40,40,65,95
24,14,40,1,40,30,75,95
24,15,1,0,50,30,65,95
24,16,23,0,40,30,65,105
24,17,18,0,10,30,65,135
24,18,30,0,10,30,55,160
24,19,22,0,0,30,65,160
24,20,15,1,0,35,65,160
24,21,5,0,-10,35,70,160
24,22,12,1,-5,35,70,160
24,23,43,0,15,35,60,160
24,24,16,0,0,45,60,160
24,25,43,0,20,45,50,160
24,26,27,0,30,35,50,160
24,27,22,0,20,35,60,160
24,28,4,0,5,50,60,160
24,29,17,1,-25,50,75,160
24,30,13,1,-20,55,75,160
24,31,46,1,-15,55,75,160
24,32,17,1,-45,55,90,160
24,33,9,1,-40,55,90,160
24,34,15,1,-40,60,90,160
24,35,6,0,-30,60,85,160
24,36,2,0,-40,60,105,160
24,37,3,0,-25,60,100,160
24,38,2,1,-20,60,90,160
24,39,19,1,-20,60,90,160
24,40,11,0,-25,60,90,160
24,41,37,0,-40,80,90,160
24,42,30,0,-40,80,80,185
24,43,43,0,-20,80,70,185
24,44,23,0,-30,80,70,195
24,45,10,1,-15,80,60,195
24,46,47,1,-15,80,60,195
24,47,48,1,-15,80,60,195
24,48,7,1,-10,80,60,195
24,49,9,0,-20,80,60,200
24,50,29,0,-40,80,65,200
24,51,3,1,-50,80,65,210
24,52,1,1,-60,80,65,215
24,53,36,0,-60,75,65,230
24,54,19,0,-60,75,65,230
24,55,19,1,-60,75,65,230
24,56,15,0,-45,70,65,230
24,57,37,0,-60,90,65,230
24,58,4,0,-75,105,65,230
24,59,17,1,-105,105,80,230
24,60,26,0,-115,105,80,240
24,61,28,1,-105,105,80,240
24,62,40,1,-105,95,90,240
24,63,10,0,-115,105,90,240
24,64,5,0,-125,105,95,240
24,65,10,1,-110,105,85,240
24,66,30,0,-110,105,75,265
24,67,41,1,-105,95,75,265
24,68,21,0,-115,95,95,265
24,69,2,1,-110,95,85,265
24,70,17,0,-130,115,85,265
24,71,43,1,-130,115,90,260
24,72,43,0,-110,115,80,260
24,73,24,1,-105,115,80,260
24,74,38,1,-100,115,80,260
24,75,13,1,-95,120,80,260
24,76,48,0,-95,120,80,290
24,77,29,1,-95,140,60,290
24,78,24,0,-100,140,60,290
24,79,19,0,-100,140,60,290
24,80,25,1,-100,150,60,290
24,81,6,0,-90,150,55,290
24,82,42,0,-105,150,55,305
24,83,36,1,-105,160,55,305
24,84,48,0,-105,160,55,335
24,85,23,1,-105,165,50,335
24,86,27,1,-105,180,45,335
24,87,45,1,-105,190,45,335
24,88,6,1,-115,190,45,345
24,89,23,1,-115,195,40,345
24,90,14,1,-115,205,40,345
24,91,30,0,-115,205,30,370
24,92,43,0,-95,205,20,370
24,93,19,0,-95,205,20,370
24,94,24,0,-100,205,20,370
24,95,37,1,-90,205,20,370
24,96,1,1,-100,205,20,375
24,97,45,0,-100,205,20,390
24,98,48,1,-100,205,20,390
24,99,23,1,-100,210,15,390
25,0,36,1,50,60,50,50
25,1,11,0,45,60,50,50
25,2,7,1,50,60,50,50
25,3,40,1,50,50,60,50
25,4,44,0,50,50,70,60
25,5,46,1,55,50,70,60
25,6,30,1,55,50,80,60
25,7,44,1,60,50,80,60
25,8,29,0,40,50,85,60
25,9,42,1,40,55,85,60
25,10,7,0,25,65,85,60
25,11,7,0,10,75,85,60
25,12,19,0,10,75,85,60
25,13,27,0,20,65,85,60
25,14,44,1,25,65,85,60
25,15,42,1,25,70,85,60
25,16,16,0,10,80,85,60
25,17,40,0,10,90,75,60
25,18,46,1,15,90,75,60
25,19,3,1,5,90,75,70
25,20,25,1,5,100,75,70
25,21,48,1,5,100,75,70
25,22,29,1,5,120,55,70
25,23,2,0,-5,120,75,70
25,24,15,1,-5,125,75,70
25,25,47,0,-5,125,75,85
25,26,44,0,-5,125,85,95
25,27,23,0,-15,125,85,105
25,28,48,1,-15,125,85,105
25,29,16,1,-15,125,75,105
25,30,20,0,-25,125,90,105
25,31,29,0,-45,125,95,105
25,32,29,0,-65,125,100,105
25,33,6,1,-75,125,100,115
25,34,23,0,-85,125,100,125
25,35,20,1,-85,135,85,125
25,36,45,0,-85,135,85,140
25,37,11,0,-90,135,85,140
25,38,44,0,-90,135,95,150
25,39,10,1,-75,135,85,150
25,40,47,0,-75,135,85,165
25,41,37,0,-90,155,85,165
25,42,45,0,-90,155,85,180
25,43,22,1,-90,160,75,180
25,44,27,1,-90,175,70,180
25,45,4,0,-105,190,70,180
25,46,46,1,-100,190,70,180
25,47,24,0,-105,190,70,180
25,48,48,1,-105,190,70,180
25,49,39,1,-100,190,70,180
25,50,40,1,-100,180,80,180
25,51,41,1,-95,170,80,180
25,52,10,1,-80,170,70,180
25,53,38,1,-75,170,70,180
25,54,23,0,-85,170,70,190
25,55,42,0,-100,170,70,205
25,56,4,1,-90,170,70,205
25,57,46,1,-85,170,70,205
25,58,44,1,-80,170,70,205
25,59,7,1,-75,170,70,205
25,60,30,1,-75,170,80,205
25,61,38,1,-70,170,80,205
25,62,37,1,-60,170,80,205
25,63,18,1,-50,170,80,205
25,64,21,1,-45,170,70,205
25,65,5,1,-40,170,60,205
25,66,47,0,-40,170,60,220
25,67,23,0,-50,170,60,230
25,68,40,1,-50,160,70,230
25,69,9,0,-60,160,70,235
25,70,48,0,-60,160,70,265
25,71,22,1,-60,165,60,265
25,72,14,0,-60,165,60,275
25,73,2,1,-55,165,50,275
25,74,20,0,-65,165,65,275
25,75,4,1,-55,165,65,275
25,76,17,1,-85,165,80,275
25,77,36,0,-85,160,80,290
25,78,36,1,-85,170,80,290
25,79,20,0,-95,170,95,290
25,80,39,1,-90,170,95,290
25,81,40,1,-90,160,105,290
25,82,1,0,-80,160,95,290
25,83,20,1,-80,170,80,290
25,84,25,0,-80,165,80,290
25,85,17,0,-100,185,80,290
25,86,43,1,-100,185,85,285
25,87,26,0,-110,185,85,295
25,88,5,1,-105,185,75,295
25,89,30,1,-105,185,85,295
25,90,29,0,-125,185,90,295
25,91,37,0,-140,205,90,295
25,92,14,1,-140,215,90,295
25,93,44,0,-140,215,100,305
25,94,2,1,-135,215,90,305
25,95,21,0,-145,215,110,305
25,96,9,1,-140,215,110,305
25,97,13,0,-140,215,110,325
25,98,3,0,-125,215,105,325
25,99,29,0,-145,215,110,325
26,0,36,1,50,60,50,50
26,1,29,0,30,60,55,50
26,2,2,0,20,60,75,50
26,3,30,1,20,60,85,50
26,4,30,1,20,60,95,50
26,5,13,0,20,60,95,70
26,6,19,1,20,60,95,70
26,7,38,0,10,70,95,70
26,8,5,0,0,70,100,70
26,9,1,0,10,70,90,70
26,10,37,0,-5,90,90,70
26,11,37,1,5,90,90,70
26,12,43,1,5,90,95,65
26,13,24,0,0,90,95,65
26,14,8,0,0,95,85,65
26,15,23,1,0,100,80,65
26,16,16,1,0,100,70,65
26,17,39,0,-10,115,70,65
26,18,43,1,-10,115,75,60
26,19,8,0,-10,120,65,60
26,20,17,1,-40,120,80,60
26,21,26,1,-30,120,75,60
26,22,14,0,-30,120,75,70
26,23,41,0,-40,135,75,70
26,24,16,1,-40,135,65,70
26,25,2,1,-35,135,55,70
26,26,40,1,-35,125,65,70
26,27,14,1,-35,135,65,70
26,28,4,0,-50,150,65,70
26,29,8,1,-65,150,65,80
26,30,26,1,-55,150,60,80
26,31,19,1,-55,150,60,80
26,32,44,1,-50,150,60,80
26,33,30,1,-50,150,70,80
26,34,38,0,-60,160,70,80
26,35,44,0,-60,160,80,90
26,36,5,0,-70,160,85,90
26,37,30,0,-70,160,75,115
26,38,45,0,-70,160,75,130
26,39,7,1,-65,160,75,130
26,40,22,0,-75,160,85,130
26,41,5,0,-85,160,90,130
26,42,24,0,-90,160,90,130
26,43,43,0,-70,160,80,130
26,44,8,1,-85,160,80,140
26,45,21,1,-80,160,70,140
26,46,38,1,-75,160,70,140
26,47,17,1,-105,160,85,140
26,48,43,1,-105,160,90,135
26,49,45,0,-105,160,90,150
26,50,20,0,-115,160,105,150
26,51,42,1,-115,165,105,150
26,52,37,0,-130,185,105,150
26,53,40,0,-130,195,95,150
26,54,48,1,-130,195,95,150
26,55,39,0,-140,210,95,150
26,56,17,0,-160,230,95,150
26,57,45,0,-160,230,95,165
26,58,7,0,-175,240,95,165
26,59,18,0,-205,240,95,195
26,60,45,1,-205,250,95,195
26,61,21,0,-215,250,115,195
26,62,27,0,-205,240,115,195
26,63,45,0,-205,240,115,210
26,64,36,0,-205,235,115,225
26,65,1,0,-195,235,105,225
26,66,21,0,-205,235,125,225
26,67,41,0,-215,250,125,225
26,68,6,0,-205,250,120,225
26,69,13,1,-200,255,120,225
26,70,18,0,-230,255,120,255
26,71,8,1,-245,255,120,265
26,72,7,1,-240,255,120,265
26,73,12,0,-245,265,120,265
26,74,11,1,-240,265,120,265
26,75,41,1,-235,255,120,265
26,76,42,0,-250,255,120,280
26,77,19,1,-250,255,120,280
26,78,15,1,-250,260,120,280
26,79,15,1,-250,265,120,280
26,80,21,0,-260,265,140,280
26,81,36,0,-260,260,140,295
26,82,40,1,-260,250,150,295
26,83,40,0,-260,260,140,295
26,84,42,1,-260,265,140,295
26,85,38,0,-270,275,140,295
26,86,6,1,-280,275,140,305
26,87,37,0,-295,295,140,305
26,88,46,0,-305,295,140,320
26,89,18,1,-295,295,140,320
26,90,21,0,-305,295,160,320
26,91,16,0,-320,305,160,320
26,92,24,0,-325,305,160,320
26,93,2,1,-320,305,150,320
26,94,9,1,-315,305,150,320
26,95,5,1,-310,305,140,320
26,96,11,1,-305,305,140,320
26,97,15,1,-305,310,140,320
26,98,17,1,-335,310,155,320
26,99,22,1,-335,315,145,320
27,0,28,1,60,50,50,50
27,1,13,0,60,50,50,70
27,2,16,1,60,50,40,70
27,3,11,1,65,50,40,70
27,4,12,0,60,60,40,70
27,5,21,1,65,60,30,70
27,6,45,0,65,60,30,85
27,7,7,0,50,70,30,85
27,8,27,0,60,60,30,85
27,9,7,1,65,60,30,85
27,10,22,1,65,65,20,85
27,11,7,0,50,75,20,85
27,12,3,1,40,75,20,95
27,13,29,0,20,75,25,95
27,14,1,0,30,75,15,95
27,15,30,0,30,75,5,120
27,16,29,0,10,75,10,120
27,17,21,0,0,75,30,120
27,18,46,0,-10,75,30,135
27,19,21,0,-20,75,50,135
27,20,18,1,-10,75,50,135
27,21,23,1,-10,80,45,135
27,22,18,1,0,80,45,135
27,23,41,1,5,70,45,135
27,24,12,1,10,70,45,135
27,25,21,1,15,70,35,135
27,26,15,0,30,65,35,135
27,27,14,0,30,65,35,145
27,28,2,1,35,65,25,145
27,29,27,0,45,55,25,145
27,30,7,1,50,55,25,145
27,31,30,1,50,55,35,145
27,32,25,0,50,50,35,145
27,33,28,1,60,50,35,145
27,34,41,1,65,40,35,145
27,35,29,1,65,60,15,145
27,36,11,1,70,60,15,145
27,37,3,1,60,60,15,155
27,38,8,1,45,60,15,165
27,39,24,0,40,60,15,165
27,40,44,1,45,60,15,165
27,41,11,0,40,60,15,165
27,42,46,1,45,60,15,165
27,43,4,0,30,75,15,165
27,44,25,0,30,70,15,165
27,45,13,1,35,75,15,165
27,46,38,1,40,75,15,165
27,47,20,1,40,85,0,165
27,48,19,0,40,85,0,165
27,49,26,1,50,85,-5,165
27,50,47,0,50,85,-5,180
27,51,28,0,30,85,-5,195
27,52,22,0,20,85,5,195
27,53,4,0,5,100,5,195
27,54,40,0,5,110,-5,195
27,55,26,0,-5,110,-5,205
27,56,7,1,0,110,-5,205
27,57,9,1,5,110,-5,205
27,58,37,1,15,110,-5,205
27,59,25,1,15,120,-5,205
27,60,27,1,15,135,-10,205
27,61,47,1,15,135,-10,205
27,62,30,0,15,135,-20,230
27,63,18,1,25,135,-20,230
27,64,1,0,35,135,-30,230
27,65,12,1,40,135,-30,230
27,66,7,1,45,135,-30,230
27,67,10,0,35,145,-30,230
27,68,8,0,35,150,-40,230
27,69,17,1,5,150,-25,230
27,70,36,0,5,145,-25,245
27,71,18,0,-25,145,-25,275
27,72,38,0,-35,155,-25,275
27,73,8,1,-50,155,-25,285
27,74,25,1,-50,165,-25,285
27,75,47,1,-50,165,-25,285
27,76,44,0,-50,165,-15,295
27,77,5,1,-45,165,-25,295
27,78,10,1,-30,165,-35,295
27,79,40,0,-30,175,-45,295
27,80,24,1,-25,175,-45,295
27,81,3,1,-35,175,-45,305
27,82,45,1,-35,185,-45,305
27,83,41,0,-45,200,-45,305
27,84,38,0,-55,210,-45,305
27,85,30,0,-55,210,-55,330
27,86,8,1,-70,210,-55,340
27,87,2,0,-80,210,-35,340
27,88,47,1,-80,210,-35,340
27,89,45,1,-80,220,-35,340
27,90,23,1,-80,225,-40,340
27,91,15,0,-65,220,-40,340
27,92,44,0,-65,220,-30,350
27,93,43,0,-45,220,-40,350
27,94,17,0,-65,240,-40,350
27,95,4,0,-80,255,-40,350
27,96,10,1,-65,255,-50,350
27,97,12,1,-60,255,-50,350
27,98,4,0,-75,270,-50,350
27,99,5,0,-85,270,-45,350
28,0,19,0,50,50,50,50
28,1,44,1,55,50,50,50
28,2,5,0,45,50,55,50
28,3,12,1,50,50,55,50
28,4,9,0,40,50,55,55
28,5,12,0,35,60,55,55
28,6,43,1,35,60,60,50
28,7,17,1,5,60,75,50
28,8,9,1,10,60,75,50
28,9,5,0,0,60,80,50
28,10,39,0,-10,75,80,50
28,11,45,0,-10,75,80,65
28,12,7,1,-5,75,80,65
28,13,39,1,0,75,80,65
28,14,19,1,0,75,80,65
28,15,15,0,15,70,80,65
28,16,30,0,15,70,70,90
28,17,22,0,5,70,80,90
28,18,25,1,5,80,80,90
28,19,20,0,-5,80,95,90
28,20,9,0,-15,80,95,95
28,21,19,0,-15,80,95,95
28,22,40,1,-15,70,105,95
28,23,2,0,-25,70,125,95
28,24,44,1,-20,70,125,95
28,25,8,0,-20,75,115,95
28,26,44,0,-20,75,125,105
28,27,1,1,-30,75,125,110
28,28,24,0,-35,75,125,110
28,29,17,0,-55,95,125,110
28,30,46,1,-50,95,125,110
28,31,4,0,-65,110,125,110
28,32,47,0,-65,110,125,125
28,33,10,1,-50,110,115,125
28,34,20,0,-60,110,130,125
28,35,48,1,-60,110,130,125
28,36,25,1,-60,120,130,125
28,37,39,0,-70,135,130,125
28,38,37,1,-60,135,130,125
28,39,10,1,-45,135,120,125
28,40,5,0,-55,135,125,125
28,41,11,1,-50,135,125,125
28,42,26,0,-60,135,125,135
28,43,43,0,-40,135,115,135
28,44,5,1,-35,135,105,135
28,45,1,0,-25,135,95,135
28,46,22,0,-35,135,105,135
28,47,13,0,-35,135,105,155
28,48,26,1,-25,135,100,155
28,49,29,0,-45,135,105,155
28,50,15,0,-30,130,105,155
28,51,29,0,-50,130,110,155
28,52,30,1,-50,130,120,155
28,53,30,0,-50,130,110,180
28,54,7,0,-65,140,110,180
28,55,42,0,-80,140,110,195
28,56,36,1,-80,150,110,195
28,57,22,1,-80,155,100,195
28,58,37,1,-70,155,100,195
28,59,18,1,-60,155,100,195
28,60,6,1,-70,155,100,205
28,61,6,1,-80,155,100,215
28,62,47,1,-80,155,100,215
28,63,45,1,-80,165,100,215
28,64,29,0,-100,165,105,215
28,65,13,0,-100,165,105,235
28,66,9,0,-110,165,105,240
28,67,16,1,-110,165,95,240
28,68,2,0,-120,165,115,240
28,69,22,0,-130,165,125,240
28,70,11,0,-135,165,125,240
28,71,5,0,-145,165,130,240
28,72,5,0,-155,165,135,240
28,73,4,0,-170,180,135,240
28,74,20,1,-170,190,120,240
28,75,18,0,-200,190,120,270
28,76,41,1,-195,180,120,270
28,77,38,0,-205,190,120,270
28,78,8,0,-205,195,110,270
28,79,22,0,-215,195,120,270
28,80,8,0,-215,200,110,270
28,81,41,0,-225,215,110,270
28,82,39,0,-235,230,110,270
28,83,36,0,-235,225,110,285
28,84,10,1,-220,225,100,285
28,85,43,0,-200,225,90,285
28,86,26,0,-210,225,90,295
28,87,5,0,-220,225,95,295
28,88,8,1,-235,225,95,305
28,89,1,1,-245,225,95,310
28,90,16,0,-260,235,95,310
28,91,27,0,-250,225,95,310
28,92,23,0,-260,225,95,320
28,93,22,0,-270,225,105,320
28,94,40,1,-270,215,115,320
28,95,16,1,-270,215,105,320
28,96,40,1,-270,205,115,320
28,97,1,1,-280,205,115,325
28,98,4,1,-270,205,115,325
28,99,45,1,-270,215,115,325
29,0,48,0,50,50,50,80
29,1,15,1,50,55,50,80
29,2,5,0,40,55,55,80
29,3,46,1,45,55,55,80
29,4,41,0,35,70,55,80
29,5,13,0,35,70,55,100
29,6,38,1,40,70,55,100
29,7,40,1,40,60,65,100
29,8,12,0,35,70,65,100
29,9,8,1,20,70,65,110
29,10,21,1,25,70,55,110
29,11,21,0,15,70,75,110
29,12,26,1,25,70,70,110
29,13,10,1,40,70,60,110
29,14,9,0,30,70,60,115
29,15,9,1,35,70,60,115
29,16,24,0,30,70,60,115
29,17,2,0,20,70,80,115
29,18,37,0,5,90,80,115
29,19,15,0,20,85,80,115
29,20,19,0,20,85,80,115
29,21,9,0,10,85,80,120
29,22,8,1,-5,85,80,130
29,23,30,0,-5,85,70,155
29,24,14,1,-5,95,70,155
29,25,40,1,-5,85,80,155
29,26,46,0,-15,85,80,170
29,27,17,1,-45,85,95,170
29,28,39,0,-55,100,95,170
29,29,47,0,-55,100,95,185
29,30,41,1,-50,90,95,185
29,31,47,0,-50,90,95,200
29,32,18,1,-40,90,95,200
29,33,4,0,-55,105,95,200
29,34,44,0,-55,105,105,210
29,35,29,0,-75,105,110,210
29,36,39,1,-70,105,110,210
29,37,4,1,-60,105,110,210
29,38,13,0,-60,105,110,230
29,39,39,1,-55,105,110,230
29,40,29,1,-55,125,90,230
29,41,7,0,-70,135,90,230
29,42,15,0,-55,130,90,230
29,43,48,1,-55,130,90,230
29,44,7,1,-50,130,90,230
29,45,19,1,-50,130,90,230
29,46,3,0,-35,130,85,230
29,47,12,1,-30,130,85,230
29,48,27,0,-20,120,85,230
29,49,1,0,-10,120,75,230
29,50,25,0,-10,115,75,230
29,51,3,1,-20,115,75,240
29,52,20,1,-20,125,60,240
29,53,25,1,-20,135,60,240
29,54,47,0,-20,135,60,255
29,55,47,0,-20,135,60,270
29,56,8,0,-20,140,50,270
29,57,4,1,-10,140,50,270
29,58,41,1,-5,130,50,270
29,59,14,1,-5,140,50,270
29,60,28,0,-25,140,50,285
29,61,22,0,-35,140,60,285
29,62,3,1,-45,140,60,295
29,63,16,1,-45,140,50,295
29,64,42,1,-45,145,50,295
29,65,36,0,-45,140,50,310
29,66,16,0,-60,150,50,310
29,67,24,0,-65,150,50,310
29,68,39,1,-60,150,50,310
29,69,37,1,-50,150,50,310
29,70,45,0,-50,150,50,325
29,71,15,1,-50,155,50,325
29,72,12,0,-55,165,50,325
29,73,48,1,-55,165,50,325
29,74,20,0,-65,165,65,325
29,75,14,0,-65,165,65,335
29,76,41,0,-75,180,65,335
29,77,29,1,-75,200,45,335
29,78,15,0,-60,195,45,335
29,79,36,0,-60,190,45,350
29,80,28,0,-80,190,45,365
29,81,7,1,-75,190,45,365
29,82,41,0,-85,205,45,365
29,83,22,0,-95,205,55,365
29,84,19,0,-95,205,55,365
29,85,48,1,-95,205,55,365
29,86,37,0,-110,225,55,365
29,87,39,0,-120,240,55,365
29,88,42,1,-120,245,55,365
29,89,39,1,-115,245,55,365
29,90,2,1,-110,245,45,365
29,91,38,1,-105,245,45,365
29,92,10,1,-90,245,35,365
29,93,19,1,-90,245,35,365
29,94,17,1,-120,245,50,365
29,95,42,1,-120,250,50,365
29,96,37,0,-135,270,50,365
29,97,40,1,-135,260,60,365
29,98,27,1,-135,275,55,365
29,99,42,0,-150,275,55,380
30,0,47,1,50,50,50,50
30,1,12,1,55,50,50,50
30,2,42,0,40,50,50,65
30,3,24,0,35,50,50,65
30,4,16,1,35,50,40,65
30,5,26,0,25,50,40,75
30,6,1,0,35,50,30,75
30,7,6,0,45,50,25,75
30,8,42,1,45,55,25,75
30,9,37,1,55,55,25,75
30,10,14,0,55,55,25,85
30,11,48,0,55,55,25,115
30,12,24,1,60,55,25,115
30,13,25,1,60,65,25,115
30,14,47,1,60,65,25,115
30,15,5,1,65,65,15,115
30,16,12,1,70,65,15,115
30,17,43,1,70,65,20,110
30,18,10,1,85,65,10,110
30,19,4,0,70,80,10,110
30,20,16,1,70,80,0,110
30,21,47,0,70,80,0,125
30,22,2,1,75,80,-10,125
30,23,48,1,75,80,-10,125
30,24,2,0,65,80,10,125
30,25,22,0,55,80,20,125
30,26,4,1,65,80,20,125
30,27,24,0,60,80,20,125
30,28,6,1,50,80,20,135
30,29,42,1,50,85,20,135
30,30,43,1,50,85,25,130
30,31,47,0,50,85,25,145
30,32,16,0,35,95,25,145
30,33,14,1,35,105,25,145
30,34,44,0,35,105,35,155
30,35,42,1,35,110,35,155
30,36,18,1,45,110,35,155
30,37,24,0,40,110,35,155
30,38,20,1,40,120,20,155
30,39,39,0,30,135,20,155
30,40,25,0,30,130,20,155
30,41,38,0,20,140,20,155
30,42,18,0,-10,140,20,185
30,43,16,1,-10,140,10,185
30,44,38,0,-20,150,10,185
30,45,44,1,-15,150,10,185
30,46,17,0,-35,170,10,185
30,47,26,1,-25,170,5,185
30,48,9,1,-20,170,5,185
30,49,7,1,-15,170,5,185
30,50,26,0,-25,170,5,195
30,51,8,0,-25,175,-5,195
30,52,3,0,-10,175,-10,195
30,53,9,0,-20,175,-10,200
30,54,17,0,-40,195,-10,200
30,55,8,0,-40,200,-20,200
30,56,26,1,-30,200,-25,200
30,57,48,0,-30,200,-25,230
30,58,1,0,-20,200,-35,230
30,59,30,0,-20,200,-45,255
30,60,36,0,-20,195,-45,270
30,61,38,1,-15,195,-45,270
30,62,10,0,-25,205,-45,270
30,63,47,1,-25,205,-45,270
30,64,9,0,-35,205,-45,275
30,65,22,1,-35,210,-55,275
30,66,13,1,-30,215,-55,275
30,67,40,1,-30,205,-45,275
30,68,39,0,-40,220,-45,275
30,69,19,0,-40,220,-45,275
30,70,10,0,-50,230,-45,275
30,71,27,1,-50,245,-50,275
30,72,22,1,-50,250,-60,275
30,73,36,1,-50,260,-60,275
30,74,10,1,-35,260,-70,275
30,75,23,1,-35,265,-75,275
30,76,10,1,-20,265,-85,275
30,77,11,0,-25,265,-85,275
30,78,24,0,-30,265,-85,275
30,79,42,1,-30,270,-85,275
30,80,30,1,-30,270,-75,275
30,81,45,1,-30,280,-75,275
30,82,44,0,-30,280,-65,285
30,83,17,0,-50,300,-65,285
30,84,38,0,-60,310,-65,285
30,85,18,0,-90,310,-65,315
30,86,8,1,-105,310,-65,325
30,87,45,1,-105,320,-65,325
30,88,26,0,-115,320,-65,335
30,89,26,1,-105,320,-70,335
30,90,9,0,-115,320,-70,340
30,91,48,0,-115,320,-70,370
30,92,18,1,-105,320,-70,370
30,93,7,0,-120,330,-70,370
30,94,36,0,-120,325,-70,385
30,95,22,1,-120,330,-80,385
30,96,40,0,-120,340,-90,385
30,97,41,0,-130,355,-90,385
30,98,48,0,-130,355,-90,415
30,99,26,0,-140,355,-90,425
31,0,8,0,50,55,40,50
31,1,14,0,50,55,40,60
31,2,28,0,30,55,40,75
31,3,39,0,20,70,40,75
31,4,44,1,25,70,40,75
31,5,43,0,45,70,30,75
31,6,41,0,35,85,30,75
31,7,20,0,25,85,45,75
31,8,5,1,30,85,35,75
31,9,8,0,30,90,25,75
31,10,24,0,25,90,25,75
31,11,1,0,35,90,15,75
31,12,23,0,25,90,15,85
31,13,15,0,40,85,15,85
31,14,17,1,10,85,30,85
31,15,2,0,0,85,50,85
31,16,21,0,-10,85,70,85
31,17,26,1,0,85,65,85
31,18,18,0,-30,85,65,115
31,19,9,1,-25,85,65,115
31,20,37,1,-15,85,65,115
31,21,41,0,-25,100,65,115
31,22,41,1,-20,90,65,115
31,23,28,0,-40,90,65,130
31,24,48,1,-40,90,65,130
31,25,36,1,-40,100,65,130
31,26,20,1,-40,110,50,130
31,27,43,0,-20,110,40,130
31,28,30,1,-20,110,50,130
31,29,11,0,-25,110,50,130
31,30,46,1,-20,110,50,130
31,31,8,1,-35,110,50,140
31,32,1,0,-25,110,40,140
31,33,4,1,-15,110,40,140
31,34,13,0,-15,110,40,160
31,35,38,0,-25,120,40,160
31,36,42,1,-25,125,40,160
31,37,39,0,-35,140,40,160
31,38,25,1,-35,150,40,160
31,39,9,1,-30,150,40,160
31,40,22,1,-30,155,30,160
31,41,12,1,-25,155,30,160
31,42,30,1,-25,155,40,160
31,43,21,0,-35,155,60,160
31,44,42,1,-35,160,60,160
31,45,18,0,-65,160,60,190
31,46,44,0,-65,160,70,200
31,47,41,0,-75,175,70,200
31,48,22,1,-75,180,60,200
31,49,25,0,-75,175,60,200
31,50,23,0,-85,175,60,210
31,51,48,0,-85,175,60,240
31,52,28,1,-75,175,60,240
31,53,30,1,-75,175,70,240
31,54,17,1,-105,175,85,240
31,55,6,1,-115,175,85,250
31,56,26,0,-125,175,85,260
31,57,45,1,-125,185,85,260
31,58,16,0,-140,195,85,260
31,59,29,0,-160,195,90,260
31,60,27,1,-160,210,85,260
31,61,13,0,-160,210,85,280
31,62,4,0,-175,225,85,280
31,63,19,0,-175,225,85,280
31,64,1,0,-165,225,75,280
31,65,3,0,-150,225,70,280
31,66,9,0,-160,225,70,285
31,67,13,1,-155,230,70,285
31,68,8,0,-155,235,60,285
31,69,45,1,-155,245,60,285
31,70,20,1,-155,255,45,285
31,71,28,0,-175,255,45,300
31,72,24,1,-170,255,45,300
31,73,28,0,-190,255,45,315
31,74,39,0,-200,270,45,315
31,75,27,0,-190,260,45,315
31,76,36,1,-190,270,45,315
31,77,44,0,-190,270,55,325
31,78,27,1,-190,285,50,325
31,79,8,1,-205,285,50,335
31,80,18,1,-195,285,50,335
31,81,48,1,-195,285,50,335
31,82,42,1,-195,290,50,335
31,83,36,0,-195,285,50,350
31,84,10,0,-205,295,50,350
31,85,22,1,-205,300,40,350
31,86,13,0,-205,300,40,370
31,87,4,0,-220,315,40,370
31,88,48,0,-220,315,40,400
31,89,19,0,-220,315,40,400
31,90,7,1,-215,315,40,400
31,91,45,0,-215,315,40,415
31,92,2,0,-225,315,60,415
31,93,7,0,-240,325,60,415
31,94,2,1,-235,325,50,415
31,95,18,1,-225,325,50,415
31,96,28,0,-245,325,50,430
31,97,29,0,-265,325,55,430
31,98,42,0,-280,325,55,445
31,99,13,0,-280,325,55,465
32,0,1,0,60,50,40,50
32,1,18,1,70,50,40,50
32,2,20,0,60,50,55,50
32,3,16,0,45,60,55,50
32,4,6,0,55,60,50,50
32,5,13,1,60,65,50,50
32,6,30,0,60,65,40,75
32,7,43,0,80,65,30,75
32,8,25,1,80,75,30,75
32,9,36,1,80,85,30,75
32,10,22,0,70,85,40,75
32,11,46,1,75,85,40,75
32,12,24,0,70,85,40,75
32,13,16,1,70,85,30,75
32,14,39,0,60,100,30,75
32,15,20,0,50,100,45,75
32,16,5,1,55,100,35,75
32,17,8,1,40,100,35,85
32,18,37,0,25,120,35,85
32,19,23,1,25,125,30,85
32,20,18,0,-5,125,30,115
32,21,4,0,-20,140,30,115
32,22,29,0,-40,140,35,115
32,23,23,0,-50,140,35,125
32,24,28,0,-70,140,35,140
32,25,29,0,-90,140,40,140
32,26,28,0,-110,140,40,155
32,27,28,1,-100,140,40,155
32,28,15,0,-85,135,40,155
32,29,17,0,-105,155,40,155
32,30,9,1,-100,155,40,155
32,31,23,1,-100,160,35,155
32,32,2,1,-95,160,25,155
32,33,1,1,-105,160,25,160
32,34,2,1,-100,160,15,160
32,35,12,1,-95,160,15,160
32,36,9,1,-90,160,15,160
32,37,40,0,-90,170,5,160
32,38,45,1,-90,180,5,160
32,39,44,1,-85,180,5,160
32,40,47,0,-85,180,5,175
32,41,47,1,-85,180,5,175
32,42,47,1,-85,180,5,175
32,43,16,1,-85,180,-5,175
32,44,15,1,-85,185,-5,175
32,45,47,1,-85,185,-5,175
32,46,4,1,-75,185,-5,175
32,47,20,0,-85,185,10,175
32,48,19,0,-85,185,10,175
32,49,14,1,-85,195,10,175
32,50,48,0,-85,195,10,205
32,51,14,1,-85,205,10,205
32,52,4,0,-100,220,10,205
32,53,5,1,-95,220,0,205
32,54,29,1,-95,240,-20,205
32,55,18,1,-85,240,-20,205
32,56,4,1,-75,240,-20,205
32,57,28,1,-65,240,-20,205
32,58,20,1,-65,250,-35,205
32,59,37,0,-80,270,-35,205
32,60,46,1,-75,270,-35,205
32,61,5,0,-85,270,-30,205
32,62,30,1,-85,270,-20,205
32,63,11,0,-90,270,-20,205
32,64,44,0,-90,270,-10,215
32,65,36,1,-90,280,-10,215
32,66,9,1,-85,280,-10,215
32,67,47,0,-85,280,-10,230
32,68,15,0,-70,275,-10,230
32,69,41,0,-80,290,-10,230
32,70,1,0,-70,290,-20,230
32,71,24,1,-65,290,-20,230
32,72,45,1,-65,300,-20,230
32,73,11,0,-70,300,-20,230
32,74,24,1,-65,300,-20,230
32,75,23,1,-65,305,-25,230
32,76,22,0,-75,305,-15,230
32,77,1,1,-85,305,-15,235
32,78,15,0,-70,300,-15,235
32,79,43,1,-70,300,-10,230
32,80,21,1,-65,300,-20,230
32,81,23,0,-75,300,-20,240
32,82,13,1,-70,305,-20,240
32,83,15,1,-70,310,-20,240
32,84,5,0,-80,310,-15,240
32,85,42,1,-80,315,-15,240
32,86,29,1,-80,335,-35,240
32,87,48,1,-80,335,-35,240
32,88,28,1,-70,335,-35,240
32,89,23,0,-80,335,-35,250
32,90,18,0,-110,335,-35,280
32,91,3,0,-95,335,-40,280
32,92,1,0,-85,335,-50,280
32,93,29,1,-85,355,-70,280
32,94,13,1,-80,360,-70,280
32,95,25,1,-80,370,-70,280
32,96,43,0,-60,370,-80,280
32,97,1,1,-70,370,-80,285
32,98,4,0,-85,385,-80,285
32,99,9,0,-95,385,-80,290
33,0,6,0,60,50,45,50
33,1,47,0,60,50,45,65
33,2,30,0,60,50,35,90
33,3,36,1,60,60,35,90
33,4,37,0,45,80,35,90
33,5,9,0,35,80,35,95
33,6,16,1,35,80,25,95
33,7,23,0,25,80,25,105
33,8,10,0,15,90,25,105
33,9,38,1,20,90,25,105
33,10,46,0,10,90,25,120
33,11,25,0,10,85,25,120
33,12,3,1,0,85,25,130
33,13,4,1,10,85,25,130
33,14,40,0,10,95,15,130
33,15,48,0,10,95,15,160
33,16,44,1,15,95,15,160
33,17,30,0,15,95,5,185
33,18,48,0,15,95,5,215
33,19,8,1,0,95,5,225
33,20,39,0,-10,110,5,225
33,21,8,1,-25,110,5,235
33,22,15,1,-25,115,5,235
33,23,4,1,-15,115,5,235
33,24,21,1,-10,115,-5,235
33,25,11,1,-5,115,-5,235
33,26,25,0,-5,110,-5,235
33,27,1,0,5,110,-15,235
33,28,40,1,5,100,-5,235
33,29,39,0,-5,115,-5,235
33,30,30,0,-5,115,-15,260
33,31,13,1,0,120,-15,260
33,32,5,1,5,120,-25,260
33,33,5,1,10,120,-35,260
33,34,46,1,15,120,-35,260
33,35,6,1,5,120,-35,270
33,36,17,1,-25,120,-20,270
33,37,30,0,-25,120,-30,295
33,38,30,0,-25,120,-40,320
33,39,4,1,-15,120,-40,320
33,40,13,1,-10,125,-40,320
33,41,2,1,-5,125,-50,320
33,42,29,0,-25,125,-45,320
33,43,11,1,-20,125,-45,320
33,44,20,0,-30,125,-30,320
33,45,40,1,-30,115,-20,320
33,46,13,1,-25,120,-20,320
33,47,28,1,-15,120,-20,320
33,48,41,1,-10,110,-20,320
33,49,40,1,-10,100,-10,320
33,50,8,0,-10,105,-20,320
33,51,16,0,-25,115,-20,320
33,52,8,0,-25,120,-30,320
33,53,27,0,-15,110,-30,320
33,54,41,1,-10,100,-30,320
33,55,24,0,-15,100,-30,320
33,56,16,1,-15,100,-40,320
33,57,46,0,-25,100,-40,335
33,58,19,0,-25,100,-40,335
33,59,4,0,-40,115,-40,335
33,60,6,0,-30,115,-45,335
33,61,39,0,-40,130,-45,335
33,62,9,1,-35,130,-45,335
33,63,43,1,-35,130,-40,330
33,64,8,0,-35,135,-50,330
33,65,26,0,-45,135,-50,340
33,66,5,0,-55,135,-45,340
33,67,21,0,-65,135,-25,340
33,68,6,1,-75,135,-25,350
33,69,13,0,-75,135,-25,370
33,70,25,1,-75,145,-25,370
33,71,27,1,-75,160,-30,370
33,72,11,0,-80,160,-30,370
33,73,22,1,-80,165,-40,370
33,74,47,1,-80,165,-40,370
33,75,11,0,-85,165,-40,370
33,76,22,1,-85,170,-50,370
33,77,4,0,-100,185,-50,370
33,78,6,0,-90,185,-55,370
33,79,25,0,-90,180,-55,370
33,80,43,0,-70,180,-65,370
33,81,5,1,-65,180,-75,370
33,82,12,1,-60,180,-75,370
33,83,7,0,-75,190,-75,370
33,84,14,1,-75,200,-75,370
33,85,16,1,-75,200,-85,370
33,86,47,1,-75,200,-85,370
33,87,42,1,-75,205,-85,370
33,88,47,0,-75,205,-85,385
33,89,23,1,-75,210,-90,385
33,90,7,1,-70,210,-90,385
33,91,11,1,-65,210,-90,385
33,92,30,1,-65,210,-80,385
33,93,10,0,-75,220,-80,385
33,94,30,1,-75,220,-70,385
33,95,5,1,-70,220,-80,385
33,96,43,0,-50,220,-90,385
33,97,9,0,-60,220,-90,390
33,98,42,1,-60,225,-90,390
33,99,6,0,-50,225,-95,390
34,0,12,1,55,50,50,50
34,1,10,1,70,50,40,50
34,2,23,1,70,55,35,50
34,3,11,1,75,55,35,50
34,4,21,0,65,55,55,50
34,5,46,0,55,55,55,65
34,6,6,0,65,55,50,65
34,7,44,0,65,55,60,75
34,8,19,0,65,55,60,75
34,9,29,0,45,55,65,75
34,10,28,0,25,55,65,90
34,11,28,1,35,55,65,90
34,12,16,1,35,55,55,90
34,13,7,0,20,65,55,90
34,14,25,0,20,60,55,90
34,15,23,0,10,60,55,100
34,16,46,1,15,60,55,100
34,17,23,0,5,60,55,110
34,18,24,1,10,60,55,110
34,19,22,1,10,65,45,110
34,20,30,0,10,65,35,135
34,21,6,1,0,65,35,145
34,22,45,0,0,65,35,160
34,23,27,1,0,80,30,160
34,24,12,1,5,80,30,160
34,25,26,0,-5,80,30,170
34,26,9,1,0,80,30,170
34,27,13,1,5,85,30,170
34,28,11,0,0,85,30,170
34,29,38,1,5,85,30,170
34,30,44,0,5,85,40,180
34,31,3,0,20,85,35,180
34,32,8,0,20,90,25,180
34,33,26,0,10,90,25,190
34,34,15,0,25,85,25,190
34,35,17,1,-5,85,40,190
34,36,2,0,-15,85,60,190
34,37,14,1,-15,95,60,190
34,38,12,0,-20,105,60,190
34,39,29,0,-40,105,65,190
34,40,37,0,-55,125,65,190
34,41,3,0,-40,125,60,190
34,42,47,1,-40,125,60,190
34,43,46,1,-35,125,60,190
34,44,7,0,-50,135,60,190
34,45,13,1,-45,140,60,190
34,46,21,1,-40,140,50,190
34,47,3,0,-25,140,45,190
34,48,28,1,-15,140,45,190
34,49,13,1,-10,145,45,190
34,50,42,1,-10,150,45,190
34,51,18,0,-40,150,45,220
34,52,43,1,-40,150,50,215
34,53,47,0,-40,150,50,230
34,54,10,0,-50,160,50,230
34,55,43,0,-30,160,40,230
34,56,47,1,-30,160,40,230
34,57,24,1,-25,160,40,230
34,58,25,0,-25,155,40,230
34,59,8,0,-25,160,30,230
34,60,5,1,-20,160,20,230
34,61,11,1,-15,160,20,230
34,62,48,0,-15,160,20,260
34,63,43,1,-15,160,25,255
34,64,38,1,-10,160,25,255
34,65,8,1,-25,160,25,265
34,66,19,1,-25,160,25,265
34,67,10,1,-10,160,15,265
34,68,37,1,0,160,15,265
34,69,10,0,-10,170,15,265
34,70,36,1,-10,180,15,265
34,71,28,1,0,180,15,265
34,72,41,0,-10,195,15,265
34,73,13,1,-5,200,15,265
34,74,38,0,-15,210,15,265
34,75,29,0,-35,210,20,265
34,76,38,1,-30,210,20,265
34,77,5,0,-40,210,25,265
34,78,28,1,-30,210,25,265
34,79,25,0,-30,205,25,265
34,80,14,1,-30,215,25,265
34,81,20,0,-40,215,40,265
34,82,8,0,-40,220,30,265
34,83,44,1,-35,220,30,265
34,84,14,1,-35,230,30,265
34,85,30,0,-35,230,20,290
34,86,21,0,-45,230,40,290
34,87,17,1,-75,230,55,290
34,88,47,1,-75,230,55,290
34,89,27,0,-65,220,55,290
34,90,37,1,-55,220,55,290
34,91,45,1,-55,230,55,290
34,92,5,0,-65,230,60,290
34,93,43,0,-45,230,50,290
34,94,5,0,-55,230,55,290
34,95,16,1,-55,230,45,290
34,96,7,1,-50,230,45,290
34,97,12,0,-55,240,45,290
34,98,37,0,-70,260,45,290
34,99,6,0,-60,260,40,290
35,0,38,0,40,60,50,50
35,1,19,1,40,60,50,50
35,2,22,0,30,60,60,50
35,3,43,0,50,60,50,50
35,4,45,0,50,60,50,65
35,5,18,0,20,60,50,95
35,6,26,0,10,60,50,105
35,7,19,1,10,60,50,105
35,8,38,1,15,60,50,105
35,9,13,0,15,60,50,125
35,10,47,0,15,60,50,140
35,11,7,0,0,70,50,140
35,12,25,0,0,65,50,140
35,13,36,0,0,60,50,155
35,14,10,1,15,60,40,155
35,15,46,1,20,60,40,155
35,16,4,1,30,60,40,155
35,17,6,0,40,60,35,155
35,18,45,0,40,60,35,170
35,19,18,1,50,60,35,170
35,20,41,0,40,75,35,170
35,21,41,1,45,65,35,170
35,22,13,0,45,65,35,190
35,23,43,0,65,65,25,190
35,24,25,0,65,60,25,190
35,25,14,0,65,60,25,200
35,26,17,1,35,60,40,200
35,27,20,1,35,70,25,200
35,28,8,0,35,75,15,200
35,29,1,0,45,75,5,200
35,30,12,1,50,75,5,200
35,31,39,1,55,75,5,200
35,32,37,1,65,75,5,200
35,33,47,1,65,75,5,200
35,34,25,1,65,85,5,200
35,35,19,0,65,85,5,200
35,36,21,0,55,85,25,200
35,37,17,1,25,85,40,200
35,38,25,1,25,95,40,200
35,39,40,1,25,85,50,200
35,40,24,0,20,85,50,200
35,41,7,1,25,85,50,200
35,42,21,0,15,85,70,200
35,43,15,0,30,80,70,200
35,44,1,1,20,80,70,205
35,45,11,0,15,80,70,205
35,46,38,1,20,80,70,205
35,47,36,1,20,90,70,205
35,48,16,1,20,90,60,205
35,49,13,1,25,95,60,205
35,50,14,0,25,95,60,215
35,51,22,1,25,100,50,215
35,52,26,1,35,100,45,215
35,53,23,1,35,105,40,215
35,54,29,0,15,105,45,215
35,55,4,0,0,120,45,215
35,56,38,0,-10,130,45,215
35,57,3,0,5,130,40,215
35,58,12,1,10,130,40,215
35,59,39,0,0,145,40,215
35,60,30,1,0,145,50,215
35,61,3,0,15,145,45,215
35,62,36,0,15,140,45,230
35,63,42,0,0,140,45,245
35,64,19,0,0,140,45,245
35,65,25,1,0,150,45,245
35,66,15,1,0,155,45,245
35,67,42,0,-15,155,45,260
35,68,9,0,-25,155,45,265
35,69,11,0,-30,155,45,265
35,70,45,1,-30,165,45,265
35,71,43,1,-30,165,50,260
35,72,30,0,-30,165,40,285
35,73,44,1,-25,165,40,285
35,74,36,0,-25,160,40,300
35,75,38,0,-35,170,40,300
35,76,11,1,-30,170,40,300
35,77,23,1,-30,175,35,300
35,78,38,1,-25,175,35,300
35,79,22,0,-35,175,45,300
35,80,7,1,-30,175,45,300
35,81,1,0,-20,175,35,300
35,82,15,0,-5,170,35,300
35,83,45,1,-5,180,35,300
35,84,4,0,-20,195,35,300
35,85,27,1,-20,210,30,300
35,86,16,0,-35,220,30,300
35,87,13,0,-35,220,30,320
35,88,43,1,-35,220,35,315
35,89,14,1,-35,230,35,315
35,90,30,1,-35,230,45,315
35,91,25,0,-35,225,45,315
35,92,5,0,-45,225,50,315
35,93,26,1,-35,225,45,315
35,94,46,0,-45,225,45,330
35,95,14,0,-45,225,45,340
35,96,5,1,-40,225,35,340
35,97,44,1,-35,225,35,340
35,98,26,1,-25,225,30,340
35,99,18,0,-55,225,30,370
36,0,29,0,30,50,55,50
36,1,23,1,30,55,50,50
36,2,36,0,30,50,50,65
36,3,21,0,20,50,70,65
36,4,17,0,0,70,70,65
36,5,46,0,-10,70,70,80
36,6,44,0,-10,70,80,90
36,7,43,0,10,70,70,90
36,8,20,1,10,80,55,90
36,9,3,1,0,80,55,100
36,10,13,1,5,85,55,100
36,11,8,0,5,90,45,100
36,12,40,0,5,100,35,100
36,13,5,0,-5,100,40,100
36,14,42,1,-5,105,40,100
36,15,27,1,-5,120,35,100
36,16,41,0,-15,135,35,100
36,17,48,1,-15,135,35,100
36,18,23,1,-15,140,30,100
36,19,46,1,-10,140,30,100
36,20,27,1,-10,155,25,100
36,21,29,0,-30,155,30,100
36,22,7,0,-45,165,30,100
36,23,41,1,-40,155,30,100
36,24,3,0,-25,155,25,100
36,25,38,0,-35,165,25,100
36,26,8,1,-50,165,25,110
36,27,36,0,-50,160,25,125
36,28,21,1,-45,160,15,125
36,29,19,1,-45,160,15,125
36,30,16,0,-60,170,15,125
36,31,1,0,-50,170,5,125
36,32,44,0,-50,170,15,135
36,33,27,0,-40,160,15,135
36,34,29,0,-60,160,20,135
36,35,1,1,-70,160,20,140
36,36,13,0,-70,160,20,160
36,37,14,1,-70,170,20,160
36,38,5,1,-65,170,10,160
36,39,16,0,-80,180,10,160
36,40,46,1,-75,180,10,160
36,41,43,1,-75,180,15,155
36,42,28,1,-65,180,15,155
36,43,12,1,-60,180,15,155
36,44,26,1,-50,180,10,155
36,45,46,1,-45,180,10,155
36,46,18,1,-35,180,10,155
36,47,13,0,-35,180,10,175
36,48,1,1,-45,180,10,180
36,49,46,0,-55,180,10,195
36,50,14,1,-55,190,10,195
36,51,7,0,-70,200,10,195
36,52,38,1,-65,200,10,195
36,53,15,0,-50,195,10,195
36,54,2,0,-60,195,30,195
36,55,37,1,-50,195,30,195
36,56,18,1,-40,195,30,195
36,57,28,1,-30,195,30,195
36,58,24,0,-35,195,30,195
36,59,11,0,-40,195,30,195
36,60,28,1,-30,195,30,195
36,61,1,1,-40,195,30,200
36,62,3,1,-50,195,30,210
36,63,26,1,-40,195,25,210
36,64,44,0,-40,195,35,220
36,65,25,1,-40,205,35,220
36,66,30,1,-40,205,45,220
36,67,2,0,-50,205,65,220
36,68,21,0,-60,205,85,220
36,69,47,1,-60,205,85,220
36,70,42,0,-75,205,85,235
36,71,4,1,-65,205,85,235
36,72,22,1,-65,210,75,235
36,73,21,1,-60,210,65,235
36,74,15,1,-60,215,65,235
36,75,38,1,-55,215,65,235
36,76,7,1,-50,215,65,235
36,77,37,0,-65,235,65,235
36,78,10,1,-50,235,55,235
36,79,45,1,-50,245,55,235
36,80,44,0,-50,245,65,245
36,81,2,0,-60,245,85,245
36,82,21,0,-70,245,105,245
36,83,14,0,-70,245,105,255
36,84,26,1,-60,245,100,255
36,85,18,0,-90,245,100,285
36,86,11,0,-95,245,100,285
36,87,3,0,-80,245,95,285
36,88,20,0,-90,245,110,285
36,89,18,0,-120,245,110,315
36,90,15,1,-120,250,110,315
36,91,36,1,-120,260,110,315
36,92,40,0,-120,270,100,315
36,93,6,0,-110,270,95,315
36,94,5,0,-120,270,100,315
36,95,15,0,-105,265,100,315
36,96,6,0,-95,265,95,315
36,97,4,0,-110,280,95,315
36,98,29,1,-110,300,75,315
36,99,25,1,-110,310,75,315
37,0,6,0,60,50,45,50
37,1,1,1,50,50,45,55
37,2,23,1,50,55,40,55
37,3,40,0,50,65,30,55
37,4,45,0,50,65,30,70
37,5,27,0,60,55,30,70
37,6,37,1,70,55,30,70
37,7,23,1,70,60,25,70
37,8,12,0,65,70,25,70
37,9,38,1,70,70,25,70
37,10,15,1,70,75,25,70
37,11,46,0,60,75,25,85
37,12,30,1,60,75,35,85
37,13,10,1,75,75,25,85
37,14,15,0,90,70,25,85
37,15,2,1,95,70,15,85
37,16,42,0,80,70,15,100
37,17,14,1,80,80,15,100
37,18,40,1,80,70,25,100
37,19,15,0,95,65,25,100
37,20,7,0,80,75,25,100
37,21,14,0,80,75,25,110
37,22,15,0,95,70,25,110
37,23,28,1,105,70,25,110
37,24,10,0,95,80,25,110
37,25,10,0,85,90,25,110
37,26,1,0,95,90,15,110
37,27,40,1,95,80,25,110
37,28,37,1,105,80,25,110
37,29,46,0,95,80,25,125
37,30,45,1,95,90,25,125
37,31,27,1,95,105,20,125
37,32,7,0,80,115,20,125
37,33,10,1,95,115,10,125
37,34,17,0,75,135,10,125
37,35,47,1,75,135,10,125
37,36,37,1,85,135,10,125
37,37,38,0,75,145,10,125
37,38,26,1,85,145,5,125
37,39,14,1,85,155,5,125
37,40,26,1,95,155,0,125
37,41,37,0,80,175,0,125
37,42,30,1,80,175,10,125
37,43,47,1,80,175,10,125
37,44,39,0,70,190,10,125
37,45,12,0,65,200,10,125
37,46,7,0,50,210,10,125
37,47,12,1,55,210,10,125
37,48,12,1,60,210,10,125
37,49,23,0,50,210,10,135
37,50,13,0,50,210,10,155
37,51,29,1,50,230,-10,155
37,52,38,0,40,240,-10,155
37,53,5,1,45,240,-20,155
37,54,40,0,45,250,-30,155
37,55,37,0,30,270,-30,155
37,56,21,1,35,270,-40,155
37,57,46,0,25,270,-40,170
37,58,24,0,20,270,-40,170
37,59,25,1,20,280,-40,170
37,60,40,0,20,290,-50,170
37,61,25,0,20,285,-50,170
37,62,10,0,10,295,-50,170
37,63,27,0,20,285,-50,170
37,64,14,1,20,295,-50,170
37,65,45,0,20,295,-50,185
37,66,11,0,15,295,-50,185
37,67,13,1,20,300,-50,185
37,68,26,0,10,300,-50,195
37,69,43,0,30,300,-60,195
37,70,48,0,30,300,-60,225
37,71,40,0,30,310,-70,225
37,72,8,0,30,315,-80,225
37,73,11,0,25,315,-80,225
37,74,27,1,25,330,-85,225
37,75,21,1,30,330,-95,225
37,76,12,0,25,340,-95,225
37,77,24,0,20,340,-95,225
37,78,30,1,20,340,-85,225
37,79,22,1,20,345,-95,225
37,80,29,1,20,365,-115,225
37,81,28,1,30,365,-115,225
37,82,18,1,40,365,-115,225
37,83,18,1,50,365,-115,225
37,84,20,1,50,375,-130,225
37,85,15,0,65,370,-130,225
37,86,40,1,65,360,-120,225
37,87,27,0,75,350,-120,225
37,88,21,0,65,350,-100,225
37,89,36,0,65,345,-100,240
37,90,16,0,50,355,-100,240
37,91,14,0,50,355,-100,250
37,92,47,0,50,355,-100,265
37,93,24,1,55,355,-100,265
37,94,41,0,45,370,-100,265
37,95,39,0,35,385,-100,265
37,96,22,0,25,385,-90,265
37,97,18,1,35,385,-90,265
37,98,25,1,35,395,-90,265
37,99,46,1,40,395,-90,265
38,0,27,1,50,65,45,50
38,1,9,1,55,65,45,50
38,2,24,1,60,65,45,50
38,3,2,0,50,65,65,50
38,4,22,1,50,70,55,50
38,5,22,1,50,75,45,50
38,6,17,0,30,95,45,50
38,7,5,0,20,95,50,50
38,8,1,0,30,95,40,50
38,9,6,0,40,95,35,50
38,10,41,1,45,85,35,50
38,11,40,1,45,75,45,50
38,12,7,1,50,75,45,50
38,13,36,0,50,70,45,65
38,14,42,1,50,75,45,65
38,15,39,1,55,75,45,65
38,16,40,1,55,65,55,65
38,17,25,0,55,60,55,65
38,18,4,1,65,60,55,65
38,19,48,0,65,60,55,95
38,20,28,0,45,60,55,110
38,21,48,0,45,60,55,140
38,22,41,1,50,50,55,140
38,23,3,1,40,50,55,150
38,24,25,1,40,60,55,150
38,25,11,1,45,60,55,150
38,26,46,1,50,60,55,150
38,27,29,1,50,80,35,150
38,28,42,1,50,85,35,150
38,29,47,1,50,85,35,150
38,30,11,0,45,85,35,150
38,31,30,1,45,85,45,150
38,32,19,1,45,85,45,150
38,33,18,1,55,85,45,150
38,34,8,1,40,85,45,160
38,35,5,0,30,85,50,160
38,36,15,0,45,80,50,160
38,37,47,1,45,80,50,160
38,38,6,0,55,80,45,160
38,39,44,0,55,80,55,170
38,40,43,1,55,80,60,165
38,41,8,1,40,80,60,175
38,42,19,1,40,80,60,175
38,43,8,1,25,80,60,185
38,44,29,1,25,100,40,185
38,45,13,0,25,100,40,205
38,46,25,1,25,110,40,205
38,47,22,0,15,110,50,205
38,48,46,0,5,110,50,220
38,49,17,1,-25,110,65,220
38,50,18,0,-55,110,65,250
38,51,36,0,-55,105,65,265
38,52,23,1,-55,110,60,265
38,53,25,0,-55,105,60,265
38,54,16,0,-70,115,60,265
38,55,8,0,-70,120,50,265
38,56,42,1,-70,125,50,265
38,57,15,0,-55,120,50,265
38,58,4,0,-70,135,50,265
38,59,19,1,-70,135,50,265
38,60,43,0,-50,135,40,265
38,61,36,1,-50,145,40,265
38,62,43,0,-30,145,30,265
38,63,22,1,-30,150,20,265
38,64,40,1,-30,140,30,265
38,65,40,0,-30,150,20,265
38,66,26,1,-20,150,15,265
38,67,41,1,-15,140,15,265
38,68,43,0,5,140,5,265
38,69,37,1,15,140,5,265
38,70,28,0,-5,140,5,280
38,71,40,0,-5,150,-5,280
38,72,45,0,-5,150,-5,295
38,73,16,0,-20,160,-5,295
38,74,43,0,0,160,-15,295
38,75,41,0,-10,175,-15,295
38,76,30,0,-10,175,-25,320
38,77,36,1,-10,185,-25,320
38,78,22,1,-10,190,-35,320
38,79,46,0,-20,190,-35,335
38,80,24,0,-25,190,-35,335
38,81,26,0,-35,190,-35,345
38,82,40,0,-35,200,-45,345
38,83,11,0,-40,200,-45,345
38,84,15,1,-40,205,-45,345
38,85,37,1,-30,205,-45,345
38,86,48,0,-30,205,-45,375
38,87,2,0,-40,205,-25,375
38,88,27,1,-40,220,-30,375
38,89,8,1,-55,220,-30,385
38,90,40,0,-55,230,-40,385
38,91,25,0,-55,225,-40,385
38,92,29,0,-75,225,-35,385
38,93,2,1,-70,225,-45,385
38,94,44,0,-70,225,-35,395
38,95,24,1,-65,225,-35,395
38,96,25,1,-65,235,-35,395
38,97,9,1,-60,235,-35,395
38,98,37,0,-75,255,-35,395
38,99,23,0,-85,255,-35,405
39,0,18,1,60,50,50,50
39,1,23,1,60,55,45,50
39,2,4,1,70,55,45,50
39,3,11,0,65,55,45,50
39,4,23,1,65,60,40,50
39,5,40,0,65,70,30,50
39,6,22,1,65,75,20,50
39,7,40,0,65,85,10,50
39,8,43,0,85,85,0,50
39,9,38,0,75,95,0,50
39,10,20,0,65,95,15,50
39,11,7,0,50,105,15,50
39,12,29,0,30,105,20,50
39,13,5,0,20,105,25,50
39,14,16,0,5,115,25,50
39,15,11,0,0,115,25,50
39,16,41,0,-10,130,25,50
39,17,6,0,0,130,20,50
39,18,30,1,0,130,30,50
39,19,22,1,0,135,20,50
39,20,48,1,0,135,20,50
39,21,11,1,5,135,20,50
39,22,37,1,15,135,20,50
39,23,27,0,25,125,20,50
39,24,42,0,10,125,20,65
39,25,7,1,15,125,20,65
39,26,39,1,20,125,20,65
39,27,36,1,20,135,20,65
39,28,19,0,20,135,20,65
39,29,22,1,20,140,10,65
39,30,23,0,10,140,10,75
39,31,20,0,0,140,25,75
39,32,36,1,0,150,25,75
39,33,1,1,-10,150,25,80
39,34,17,1,-40,150,40,80
39,35,29,1,-40,170,20,80
39,36,6,0,-30,170,15,80
39,37,15,1,-30,175,15,80
39,38,48,0,-30,175,15,110
39,39,47,1,-30,175,15,110
39,40,22,0,-40,175,25,110
39,41,20,1,-40,185,10,110
39,42,27,0,-30,175,10,110
39,43,47,0,-30,175,10,125
39,44,26,0,-40,175,10,135
39,45,36,1,-40,185,10,135
39,46,27,0,-30,175,10,135
39,47,18,0,-60,175,10,165
39,48,24,1,-55,175,10,165
39,49,5,1,-50,175,0,165
39,50,43,1,-50,175,5,160
39,51,9,0,-60,175,5,165
39,52,20,1,-60,185,-10,165
39,53,12,1,-55,185,-10,165
39,54,48,0,-55,185,-10,195
39,55,7,0,-70,195,-10,195
39,56,47,1,-70,195,-10,195
39,57,14,0,-70,195,-10,205
39,58,11,0,-75,195,-10,205
39,59,5,0,-85,195,-5,205
39,60,43,1,-85,195,0,200
39,61,13,0,-85,195,0,220
39,62,3,1,-95,195,0,230
39,63,17,1,-125,195,15,230
39,64,26,0,-135,195,15,240
39,65,14,1,-135,205,15,240
39,66,3,1,-145,205,15,250
39,67,1,1,-155,205,15,255
39,68,22,1,-155,210,5,255
39,69,26,1,-145,210,0,255
39,70,47,0,-145,210,0,270
39,71,40,1,-145,200,10,270
39,72,42,0,-160,200,10,285
39,73,30,0,-160,200,0,310
39,74,27,0,-150,190,0,310
39,75,17,0,-170,210,0,310
39,76,1,1,-180,210,0,315
39,77,27,1,-180,225,-5,315
39,78,23,0,-190,225,-5,325
39,79,36,0,-190,220,-5,340
39,80,5,1,-185,220,-15,340
39,81,44,1,-180,220,-15,340
39,82,15,1,-180,225,-15,340
39,83,10,0,-190,235,-15,340
39,84,46,0,-200,235,-15,355
39,85,29,1,-200,255,-35,355
39,86,39,1,-195,255,-35,355
39,87,36,0,-195,250,-35,370
39,88,29,1,-195,270,-55,370
39,89,16,0,-210,280,-55,370
39,90,27,0,-200,270,-55,370
39,91,18,1,-190,270,-55,370
39,92,28,0,-210,270,-55,385
39,93,18,0,-240,270,-55,415
39,94,25,0,-240,265,-55,415
39,95,8,0,-240,270,-65,415
39,96,19,0,-240,270,-65,415
39,97,18,1,-230,270,-65,415
39,98,3,0,-215,270,-70,415
39,99,16,0,-230,280,-70,415
40,0,9,0,40,50,50,55
40,1,14,1,40,60,50,55
40,2,13,1,45,65,50,55
40,3,40,0,45,75,40,55
40,4,38,1,50,75,40,55
40,5,24,0,45,75,40,55
40,6,19,0,45,75,40,55
40,7,46,0,35,75,40,70
40,8,7,1,40,75,40,70
40,9,27,1,40,90,35,70
40,10,4,0,25,105,35,70
40,11,11,0,20,105,35,70
40,12,41,1,25,95,35,70
40,13,18,0,-5,95,35,100
40,14,1,1,-15,95,35,105
40,15,16,1,-15,95,25,105
40,16,13,0,-15,95,25,125
40,17,30,1,-15,95,35,125
40,18,27,0,-5,85,35,125
40,19,1,0,5,85,25,125
40,20,43,1,5,85,30,120
40,21,19,1,5,85,30,120
40,22,10,0,-5,95,30,120
40,23,4,0,-20,110,30,120
40,24,21,0,-30,110,50,120
40,25,17,0,-50,130,50,120
40,26,38,1,-45,130,50,120
40,27,8,0,-45,135,40,120
40,28,22,1,-45,140,30,120
40,29,10,0,-55,150,30,120
40,30,43,1,-55,150,35,115
40,31,11,1,-50,150,35,115
40,32,13,1,-45,155,35,115
40,33,2,1,-40,155,25,115
40,34,16,0,-55,165,25,115
40,35,15,0,-40,160,25,115
40,36,46,0,-50,160,25,130
40,37,6,0,-40,160,20,130
40,38,44,0,-40,160,30,140
40,39,22,0,-50,160,40,140
40,40,41,0,-60,175,40,140
40,41,30,0,-60,175,30,165
40,42,14,0,-60,175,30,175
40,43,14,0,-60,175,30,185
40,44,29,1,-60,195,10,185
40,45,29,0,-80,195,15,185
40,46,24,1,-75,195,15,185
40,47,12,0,-80,205,15,185
40,48,3,1,-90,205,15,195
40,49,9,1,-85,205,15,195
40,50,7,0,-100,215,15,195
40,51,15,1,-100,220,15,195
40,52,39,0,-110,235,15,195
40,53,14,0,-110,235,15,205
40,54,4,1,-100,235,15,205
40,55,47,0,-100,235,15,220
40,56,12,0,-105,245,15,220
40,57,46,1,-100,245,15,220
40,58,36,1,-100,255,15,220
40,59,46,0,-110,255,15,235
40,60,8,0,-110,260,5,235
40,61,42,1,-110,265,5,235
40,62,17,1,-140,265,20,235
40,63,3,1,-150,265,20,245
40,64,37,0,-165,285,20,245
40,65,46,1,-160,285,20,245
40,66,10,1,-145,285,10,245
40,67,7,1,-140,285,10,245
40,68,46,1,-135,285,10,245
40,69,18,0,-165,285,10,275
40,70,45,1,-165,295,10,275
40,71,48,0,-165,295,10,305
40,72,2,1,-160,295,0,305
40,73,20,1,-160,305,-15,305
40,74,1,0,-150,305,-25,305
40,75,45,0,-150,305,-25,320
40,76,40,1,-150,295,-15,320
40,77,15,0,-135,290,-15,320
40,78,3,1,-145,290,-15,330
40,79,24,0,-150,290,-15,330
40,80,15,1,-150,295,-15,330
40,81,28,1,-140,295,-15,330
40,82,6,0,-130,295,-20,330
40,83,18,1,-120,295,-20,330
40,84,14,1,-120,305,-20,330
40,85,28,1,-110,305,-20,330
40,86,11,0,-115,305,-20,330
40,87,7,1,-110,305,-20,330
40,88,10,1,-95,305,-30,330
40,89,37,0,-110,325,-30,330
40,90,2,1,-105,325,-40,330
40,91,8,0,-105,330,-50,330
40,92,43,1,-105,330,-45,325
40,93,12,0,-110,340,-45,325
40,94,2,0,-120,340,-25,325
40,95,2,1,-115,340,-35,325
40,96,20,1,-115,350,-50,325
40,97,39,1,-110,350,-50,325
40,98,7,0,-125,360,-50,325
40,99,37,1,-115,360,-50,325
41,0,45,0,50,50,50,65
41,1,1,0,60,50,40,65
41,2,5,0,50,50,45,65
41,3,9,1,55,50,45,65
41,4,37,1,65,50,45,65
41,5,29,1,65,70,25,65
41,6,10,1,80,70,15,65
41,7,30,0,80,70,5,90
41,8,39,0,70,85,5,90
41,9,26,1,80,85,0,90
41,10,1,1,70,85,0,95
41,11,8,0,70,90,-10,95
41,12,39,1,75,90,-10,95
41,13,30,1,75,90,0,95
41,14,37,1,85,90,0,95
41,15,10,1,100,90,-10,95
41,16,20,0,90,90,5,95
41,17,18,0,60,90,5,125
41,18,8,1,45,90,5,135
41,19,41,1,50,80,5,135
41,20,5,0,40,80,10,135
41,21,46,1,45,80,10,135
41,22,29,0,25,80,15,135
41,23,28,0,5,80,15,150
41,24,1,0,15,80,5,150
41,25,25,1,15,90,5,150
41,26,28,0,-5,90,5,165
41,27,48,0,-5,90,5,195
41,28,14,1,-5,100,5,195
41,29,4,0,-20,115,5,195
41,30,15,0,-5,110,5,195
41,31,47,0,-5,110,5,210
41,32,2,0,-15,110,25,210
41,33,27,0,-5,100,25,210
41,34,30,0,-5,100,15,235
41,35,5,0,-15,100,20,235
41,36,15,0,0,95,20,235
41,37,44,1,5,95,20,235
41,38,40,0,5,105,10,235
41,39,21,0,-5,105,30,235
41,40,1,0,5,105,20,235
41,41,18,1,15,105,20,235
41,42,13,1,20,110,20,235
41,43,48,1,20,110,20,235
41,44,47,1,20,110,20,235
41,45,9,1,25,110,20,235
41,46,36,1,25,120,20,235
41,47,20,0,15,120,35,235
41,48,6,1,5,120,35,245
41,49,17,1,-25,120,50,245
41,50,41,0,-35,135,50,245
41,51,44,1,-30,135,50,245
41,52,45,0,-30,135,50,260
41,53,18,0,-60,135,50,290
41,54,48,1,-60,135,50,290
41,55,43,1,-60,135,55,285
41,56,10,0,-70,145,55,285
41,57,17,1,-100,145,70,285
41,58,22,1,-100,150,60,285
41,59,26,0,-110,150,60,295
41,60,24,1,-105,150,60,295
41,61,10,1,-90,150,50,295
41,62,36,0,-90,145,50,310
41,63,22,0,-100,145,60,310
41,64,15,1,-100,150,60,310
41,65,46,0,-110,150,60,325
41,66,44,0,-110,150,70,335
41,67,30,0,-110,150,60,360
41,68,9,1,-105,150,60,360
41,69,26,1,-95,150,55,360
41,70,4,0,-110,165,55,360
41,71,24,1,-105,165,55,360
41,72,18,1,-95,165,55,360
41,73,42,0,-110,165,55,375
41,74,37,0,-125,185,55,375
41,75,17,0,-145,205,55,375
41,76,4,1,-135,205,55,375
41,77,26,1,-125,205,50,375
41,78,44,1,-120,205,50,375
41,79,24,0,-125,205,50,375
41,80,26,0,-135,205,50,385
41,81,29,1,-135,225,30,385
41,82,27,0,-125,215,30,385
41,83,25,0,-125,210,30,385
41,84,9,0,-135,210,30,390
41,85,44,0,-135,210,40,400
41,86,23,0,-145,210,40,410
41,87,4,1,-135,210,40,410
41,88,15,0,-120,205,40,410
41,89,19,0,-120,205,40,410
41,90,37,1,-110,205,40,410
41,91,10,1,-95,205,30,410
41,92,38,0,-105,215,30,410
41,93,10,1,-90,215,20,410
41,94,30,1,-90,215,30,410
41,95,17,1,-120,215,45,410
41,96,5,0,-130,215,50,410
41,97,29,1,-130,235,30,410
41,98,22,1,-130,240,20,410
41,99,15,1,-130,245,20,410
42,0,12,1,55,50,50,50
42,1,27,0,65,40,50,50
42,2,14,0,65,40,50,60
42,3,42,1,65,45,50,60
42,4,40,0,65,55,40,60
42,5,4,0,50,70,40,60
42,6,21,1,55,70,30,60
42,7,42,0,40,70,30,75
42,8,17,0,20,90,30,75
42,9,26,1,30,90,25,75
42,10,22,1,30,95,15,75
42,11,8,1,15,95,15,85
42,12,23,1,15,100,10,85
42,13,27,1,15,115,5,85
42,14,14,1,15,125,5,85
42,15,8,0,15,130,-5,85
42,16,11,1,20,130,-5,85
42,17,39,1,25,130,-5,85
42,18,45,0,25,130,-5,100
42,19,29,1,25,150,-25,100
42,20,2,0,15,150,-5,100
42,21,36,0,15,145,-5,115
42,22,36,0,15,140,-5,130
42,23,17,0,-5,160,-5,130
42,24,22,0,-15,160,5,130
42,25,24,0,-20,160,5,130
42,26,21,1,-15,160,-5,130
42,27,45,1,-15,170,-5,130
42,28,14,1,-15,180,-5,130
42,29,18,0,-45,180,-5,160
42,30,8,0,-45,185,-15,160
42,31,13,0,-45,185,-15,180
42,32,5,1,-40,185,-25,180
42,33,12,1,-35,185,-25,180
42,34,27,1,-35,200,-30,180
42,35,19,0,-35,200,-30,180
42,36,42,0,-50,200,-30,195
42,37,40,0,-50,210,-40,195
42,38,17,1,-80,210,-25,195
42,39,7,0,-95,220,-25,195
42,40,8,1,-110,220,-25,205
42,41,14,0,-110,220,-25,215
42,42,12,1,-105,220,-25,215
42,43,7,1,-100,220,-25,215
42,44,46,0,-110,220,-25,230
42,45,38,0,-120,230,-25,230
42,46,20,0,-130,230,-10,230
42,47,8,1,-145,230,-10,240
42,48,22,1,-145,235,-20,240
42,49,45,1,-145,245,-20,240
42,50,23,0,-155,245,-20,250
42,51,43,1,-155,245,-15,245
42,52,41,0,-165,260,-15,245
42,53,11,1,-160,260,-15,245
42,54,21,1,-155,260,-25,245
42,55,9,1,-150,260,-25,245
42,56,19,0,-150,260,-25,245
42,57,48,1,-150,260,-25,245
42,58,36,0,-150,255,-25,260
42,59,41,1,-145,245,-25,260
42,60,5,1,-140,245,-35,260
42,61,20,1,-140,255,-50,260
42,62,27,0,-130,245,-50,260
42,63,22,0,-140,245,-40,260
42,64,39,1,-135,245,-40,260
42,65,39,0,-145,260,-40,260
42,66,15,1,-145,265,-40,260
42,67,30,0,-145,265,-50,285
42,68,44,0,-145,265,-40,295
42,69,2,0,-155,265,-20,295
42,70,15,1,-155,270,-20,295
42,71,3,1,-165,270,-20,305
42,72,3,0,-150,270,-25,305
42,73,36,0,-150,265,-25,320
42,74,25,0,-150,260,-25,320
42,75,42,1,-150,265,-25,320
42,76,42,0,-165,265,-25,335
42,77,29,0,-185,265,-20,335
42,78,9,0,-195,265,-20,340
42,79,30,0,-195,265,-30,365
42,80,9,1,-190,265,-30,365
42,81,29,1,-190,285,-50,365
42,82,1,1,-200,285,-50,370
42,83,7,1,-195,285,-50,370
42,84,4,0,-210,300,-50,370
42,85,30,1,-210,300,-40,370
42,86,13,0,-210,300,-40,390
42,87,37,1,-200,300,-40,390
42,88,5,1,-195,300,-50,390
42,89,9,0,-205,300,-50,395
42,90,10,1,-190,300,-60,395
42,91,45,0,-190,300,-60,410
42,92,48,0,-190,300,-60,440
42,93,8,1,-205,300,-60,450
42,94,10,1,-190,300,-70,450
42,95,23,0,-200,300,-70,460
42,96,41,1,-195,290,-70,460
42,97,23,1,-195,295,-75,460
42,98,9,0,-205,295,-75,465
42,99,24,1,-200,295,-75,465
43,0,24,1,55,50,50,50
43,1,12,1,60,50,50,50
43,2,2,1,65,50,40,50
43,3,30,0,65,50,30,75
43,4,38,0,55,60,30,75
43,5,29,1,55,80,10,75
43,6,25,1,55,90,10,75
43,7,8,1,40,90,10,85
43,8,10,0,30,100,10,85
43,9,6,0,40,100,5,85
43,10,28,0,20,100,5,100
43,11,3,1,10,100,5,110
43,12,24,1,15,100,5,110
43,13,43,1,15,100,10,105
43,14,2,1,20,100,0,105
43,15,10,0,10,110,0,105
43,16,1,0,20,110,-10,105
43,17,19,0,20,110,-10,105
43,18,29,1,20,130,-30,105
43,19,19,0,20,130,-30,105
43,20,30,0,20,130,-40,130
43,21,1,0,30,130,-50,130
43,22,40,1,30,120,-40,130
43,23,44,1,35,120,-40,130
43,24,2,1,40,120,-50,130
43,25,6,1,30,120,-50,140
43,26,14,1,30,130,-50,140
43,27,7,1,35,130,-50,140
43,28,2,1,40,130,-60,140
43,29,14,0,40,130,-60,150
43,30,46,0,30,130,-60,165
43,31,8,1,15,130,-60,175
43,32,6,0,25,130,-65,175
43,33,43,0,45,130,-75,175
43,34,22,1,45,135,-85,175
43,35,26,1,55,135,-90,175
43,36,25,0,55,130,-90,175
43,37,40,0,55,140,-100,175
43,38,10,0,45,150,-100,175
43,39,36,1,45,160,-100,175
43,40,42,1,45,165,-100,175
43,41,6,1,35,165,-100,185
43,42,27,0,45,155,-100,185
43,43,46,1,50,155,-100,185
43,44,29,0,30,155,-95,185
43,45,29,1,30,175,-115,185
43,46,2,0,20,175,-95,185
43,47,1,0,30,175,-105,185
43,48,5,0,20,175,-100,185
43,49,30,1,20,175,-90,185
43,50,30,1,20,175,-80,185
43,51,13,1,25,180,-80,185
43,52,47,1,25,180,-80,185
43,53,46,1,30,180,-80,185
43,54,43,0,50,180,-90,185
43,55,37,1,60,180,-90,185
43,56,14,0,60,180,-90,195
43,57,36,1,60,190,-90,195
43,58,9,0,50,190,-90,200
43,59,19,1,50,190,-90,200
43,60,11,1,55,190,-90,200
43,61,20,1,55,200,-105,200
43,62,5,1,60,200,-115,200
43,63,36,1,60,210,-115,200
43,64,48,1,60,210,-115,200
43,65,19,0,60,210,-115,200
43,66,36,1,60,220,-115,200
43,67,1,0,70,220,-125,200
43,68,37,1,80,220,-125,200
43,69,48,0,80,220,-125,230
43,70,27,0,90,210,-125,230
43,71,20,0,80,210,-110,230
43,72,22,0,70,210,-100,230
43,73,46,0,60,210,-100,245
43,74,40,1,60,200,-90,245
43,75,36,0,60,195,-90,260
43,76,11,1,65,195,-90,260
43,77,26,0,55,195,-90,270
43,78,1,1,45,195,-90,275
43,79,39,0,35,210,-90,275
43,80,37,0,20,230,-90,275
43,81,44,0,20,230,-80,285
43,82,3,1,10,230,-80,295
43,83,6,0,20,230,-85,295
43,84,9,1,25,230,-85,295
43,85,48,1,25,230,-85,295
43,86,18,1,35,230,-85,295
43,87,24,1,40,230,-85,295
43,88,21,0,30,230,-65,295
43,89,29,0,10,230,-60,295
43,90,20,1,10,240,-75,295
43,91,26,1,20,240,-80,295
43,92,17,0,0,260,-80,295
43,93,9,1,5,260,-80,295
43,94,4,0,-10,275,-80,295
43,95,1,1,-20,275,-80,300
43,96,41,1,-15,265,-80,300
43,97,6,1,-25,265,-80,310
43,98,47,1,-25,265,-80,310
43,99,2,0,-35,265,-60,310
44,0,12,0,45,60,50,50
44,1,3,1,35,60,50,60
44,2,47,1,35,60,50,60
44,3,11,0,30,60,50,60
44,4,28,0,10,60,50,75
44,5,29,0,-10,60,55,75
44,6,17,1,-40,60,70,75
44,7,7,0,-55,70,70,75
44,8,10,0,-65,80,70,75
44,9,40,0,-65,90,60,75
44,10,30,1,-65,90,70,75
44,11,4,1,-55,90,70,75
44,12,2,0,-65,90,90,75
44,13,16,1,-65,90,80,75
44,14,1,0,-55,90,70,75
44,15,37,0,-70,110,70,75
44,16,7,0,-85,120,70,75
44,17,6,1,-95,120,70,85
44,18,16,0,-110,130,70,85
44,19,28,0,-130,130,70,100
44,20,7,1,-125,130,70,100
44,21,27,0,-115,120,70,100
44,22,41,0,-125,135,70,100
44,23,6,1,-135,135,70,110
44,24,7,0,-150,145,70,110
44,25,12,0,-155,155,70,110
44,26,11,1,-150,155,70,110
44,27,39,1,-145,155,70,110
44,28,14,0,-145,155,70,120
44,29,12,0,-150,165,70,120
44,30,10,1,-135,165,60,120
44,31,39,0,-145,180,60,120
44,32,26,0,-155,180,60,130
44,33,3,1,-165,180,60,140
44,34,13,0,-165,180,60,160
44,35,11,0,-170,180,60,160
44,36,15,1,-170,185,60,160
44,37,47,0,-170,185,60,175
44,38,47,1,-170,185,60,175
44,39,17,1,-200,185,75,175
44,40,15,0,-185,180,75,175
44,41,42,0,-200,180,75,190
44,42,7,0,-215,190,75,190
44,43,29,1,-215,210,55,190
44,44,25,1,-215,220,55,190
44,45,44,0,-215,220,65,200
44,46,4,0,-230,235,65,200
44,47,48,0,-230,235,65,230
44,48,13,0,-230,235,65,250
44,49,13,0,-230,235,65,270
44,50,1,0,-220,235,55,270
44,51,11,0,-225,235,55,270
44,52,26,0,-235,235,55,280
44,53,6,1,-245,235,55,290
44,54,36,1,-245,245,55,290
44,55,44,0,-245,245,65,300
44,56,21,1,-240,245,55,300
44,57,37,0,-255,265,55,300
44,58,20,1,-255,275,40,300
44,59,25,1,-255,285,40,300
44,60,16,1,-255,285,30,300
44,61,5,0,-265,285,35,300
44,62,17,1,-295,285,50,300
44,63,6,0,-285,285,45,300
44,64,5,0,-295,285,50,300
44,65,3,1,-305,285,50,310
44,66,40,0,-305,295,40,310
44,67,3,1,-315,295,40,320
44,68,41,1,-310,285,40,320
44,69,43,1,-310,285,45,315
44,70,8,0,-310,290,35,315
44,71,5,1,-305,290,25,315
44,72,30,0,-305,290,15,340
44,73,42,1,-305,295,15,340
44,74,45,1,-305,305,15,340
44,75,6,0,-295,305,10,340
44,76,21,0,-305,305,30,340
44,77,12,1,-300,305,30,340
44,78,1,1,-310,305,30,345
44,79,19,1,-310,305,30,345
44,80,1,1,-320,305,30,350
44,81,28,0,-340,305,30,365
44,82,15,1,-340,310,30,365
44,83,23,0,-350,310,30,375
44,84,21,1,-345,310,20,375
44,85,18,1,-335,310,20,375
44,86,45,0,-335,310,20,390
44,87,45,1,-335,320,20,390
44,88,26,0,-345,320,20,400
44,89,17,0,-365,340,20,400
44,90,2,1,-360,340,10,400
44,91,43,1,-360,340,15,395
44,92,24,1,-355,340,15,395
44,93,18,0,-385,340,15,425
44,94,39,0,-395,355,15,425
44,95,44,1,-390,355,15,425
44,96,20,0,-400,355,30,425
44,97,25,1,-400,365,30,425
44,98,16,1,-400,365,20,425
44,99,19,0,-400,365,20,425
45,0,40,0,50,60,40,50
45,1,6,0,60,60,35,50
45,2,30,0,60,60,25,75
45,3,11,1,65,60,25,75
45,4,20,1,65,70,10,75
45,5,29,1,65,90,-10,75
45,6,3,0,80,90,-15,75
45,7,30,1,80,90,-5,75
45,8,12,0,75,100,-5,75
45,9,45,1,75,110,-5,75
45,10,21,1,80,110,-15,75
45,11,3,1,70,110,-15,85
45,12,37,1,80,110,-15,85
45,13,1,0,90,110,-25,85
45,14,20,1,90,120,-40,85
45,15,47,1,90,120,-40,85
45,16,26,1,100,120,-45,85
45,17,16,1,100,120,-55,85
45,18,5,1,105,120,-65,85
45,19,44,1,110,120,-65,85
45,20,14,0,110,120,-65,95
45,21,17,0,90,140,-65,95
45,22,28,0,70,140,-65,110
45,23,38,0,60,150,-65,110
45,24,29,0,40,150,-60,110
45,25,9,1,45,150,-60,110
45,26,28,1,55,150,-60,110
45,27,24,1,60,150,-60,110
45,28,29,0,40,150,-55,110
45,29,8,0,40,155,-65,110
45,30,36,0,40,150,-65,125
45,31,40,0,40,160,-75,125
45,32,14,0,40,160,-75,135
45,33,18,0,10,160,-75,165
45,34,15,0,25,155,-75,165
45,35,43,0,45,155,-85,165
45,36,27,0,55,145,-85,165
45,37,24,1,60,145,-85,165
45,38,47,0,60,145,-85,180
45,39,47,1,60,145,-85,180
45,40,17,0,40,165,-85,180
45,41,40,1,40,155,-75,180
45,42,3,1,30,155,-75,190
45,43,16,0,15,165,-75,190
45,44,44,1,20,165,-75,190
45,45,11,0,15,165,-75,190
45,46,3,0,30,165,-80,190
45,47,7,1,35,165,-80,190
45,48,5,1,40,165,-90,190
45,49,46,1,45,165,-90,190
45,50,7,1,50,165,-90,190
45,51,28,0,30,165,-90,205
45,52,44,0,30,165,-80,215
45,53,39,1,35,165,-80,215
45,54,9,0,25,165,-80,220
45,55,42,0,10,165,-80,235
45,56,6,1,0,165,-80,245
45,57,44,1,5,165,-80,245
45,58,7,1,10,165,-80,245
45,59,47,0,10,165,-80,260
45,60,37,1,20,165,-80,260
45,61,36,1,20,175,-80,260
45,62,42,0,5,175,-80,275
45,63,17,0,-15,195,-80,275
45,64,39,0,-25,210,-80,275
45,65,16,1,-25,210,-90,275
45,66,40,0,-25,220,-100,275
45,67,10,1,-10,220,-110,275
45,68,18,1,0,220,-110,275
45,69,39,1,5,220,-110,275
45,70,15,1,5,225,-110,275
45,71,23,1,5,230,-115,275
45,72,16,1,5,230,-125,275
45,73,37,0,-10,250,-125,275
45,74,5,1,-5,250,-135,275
45,75,6,0,5,250,-140,275
45,76,43,1,5,250,-135,270
45,77,26,0,-5,250,-135,280
45,78,30,1,-5,250,-125,280
45,79,5,1,0,250,-135,280
45,80,18,1,10,250,-135,280
45,81,27,1,10,265,-140,280
45,82,24,0,5,265,-140,280
45,83,26,0,-5,265,-140,290
45,84,17,1,-35,265,-125,290
45,85,47,0,-35,265,-125,305
45,86,20,1,-35,275,-140,305
45,87,20,0,-45,275,-125,305
45,88,5,1,-40,275,-135,305
45,89,12,0,-45,285,-135,305
45,90,46,1,-40,285,-135,305
45,91,25,0,-40,280,-135,305
45,92,24,1,-35,280,-135,305
45,93,46,1,-30,280,-135,305
45,94,1,1,-40,280,-135,310
45,95,27,1,-40,295,-140,310
45,96,23,1,-40,300,-145,310
45,97,6,1,-50,300,-145,320
45,98,39,1,-45,300,-145,320
45,99,37,1,-35,300,-145,320
46,0,28,0,30,50,50,65
46,1,41,1,35,40,50,65
46,2,20,1,35,50,35,65
46,3,47,1,35,50,35,65
46,4,16,1,35,50,25,65
46,5,20,1,35,60,10,65
46,6,20,1,35,70,-5,65
46,7,39,1,40,70,-5,65
46,8,11,0,35,70,-5,65
46,9,47,1,35,70,-5,65
46,10,26,1,45,70,-10,65
46,11,25,1,45,80,-10,65
46,12,40,0,45,90,-20,65
46,13,16,0,30,100,-20,65
46,14,4,0,15,115,-20,65
46,15,6,0,25,115,-25,65
46,16,41,1,30,105,-25,65
46,17,10,0,20,115,-25,65
46,18,17,0,0,135,-25,65
46,19,25,1,0,145,-25,65
46,20,16,0,-15,155,-25,65
46,21,44,1,-10,155,-25,65
46,22,4,1,0,155,-25,65
46,23,47,1,0,155,-25,65
46,24,2,1,5,155,-35,65
46,25,28,1,15,155,-35,65
46,26,24,0,10,155,-35,65
46,27,42,0,-5,155,-35,80
46,28,16,1,-5,155,-45,80
46,29,9,0,-15,155,-45,85
46,30,19,1,-15,155,-45,85
46,31,29,1,-15,175,-65,85
46,32,43,1,-15,175,-60,80
46,33,9,1,-10,175,-60,80
46,34,1,0,0,175,-70,80
46,35,28,0,-20,175,-70,95
46,36,15,0,-5,170,-70,95
46,37,44,1,0,170,-70,95
46,38,26,0,-10,170,-70,105
46,39,6,1,-20,170,-70,115
46,40,42,1,-20,175,-70,115
46,41,30,0,-20,175,-80,140
46,42,8,1,-35,175,-80,150
46,43,3,1,-45,175,-80,160
46,44,41,0,-55,190,-80,160
46,45,4,1,-45,190,-80,160
46,46,46,1,-40,190,-80,160
46,47,4,1,-30,190,-80,160
46,48,25,0,-30,185,-80,160
46,49,20,1,-30,195,-95,160
46,50,19,1,-30,195,-95,160
46,51,13,1,-25,200,-95,160
46,52,42,0,-40,200,-95,175
46,53,43,0,-20,200,-105,175
46,54,46,0,-30,200,-105,190
46,55,47,0,-30,200,-105,205
46,56,48,1,-30,200,-105,205
46,57,4,1,-20,200,-105,205
46,58,18,1,-10,200,-105,205
46,59,1,1,-20,200,-105,210
46,60,23,0,-30,200,-105,220
46,61,2,1,-25,200,-115,220
46,62,19,1,-25,200,-115,220
46,63,10,0,-35,210,-115,220
46,64,18,0,-65,210,-115,250
46,65,47,0,-65,210,-115,265
46,66,28,0,-85,210,-115,280
46,67,45,0,-85,210,-115,295
46,68,29,1,-85,230,-135,295
46,69,18,0,-115,230,-135,325
46,70,24,0,-120,230,-135,325
46,71,25,0,-120,225,-135,325
46,72,4,1,-110,225,-135,325
46,73,10,0,-120,235,-135,325
46,74,12,1,-115,235,-135,325
46,75,3,0,-100,235,-140,325
46,76,41,1,-95,225,-140,325
46,77,18,1,-85,225,-140,325
46,78,30,1,-85,225,-130,325
46,79,39,1,-80,225,-130,325
46,80,2,0,-90,225,-110,325
46,81,29,0,-110,225,-105,325
46,82,36,0,-110,220,-105,340
46,83,22,1,-110,225,-115,340
46,84,6,1,-120,225,-115,350
46,85,16,1,-120,225,-125,350
46,86,46,1,-115,225,-125,350
46,87,8,1,-130,225,-125,360
46,88,23,1,-130,230,-130,360
46,89,27,0,-120,220,-130,360
46,90,21,0,-130,220,-110,360
46,91,45,0,-130,220,-110,375
46,92,36,1,-130,230,-110,375
46,93,3,1,-140,230,-110,385
46,94,21,0,-150,230,-90,385
46,95,5,1,-145,230,-100,385
46,96,4,1,-135,230,-100,385
46,97,19,0,-135,230,-100,385
46,98,46,1,-130,230,-100,385
46,99,23,0,-140,230,-100,395
47,0,41,1,55,40,50,50
47,1,13,1,60,45,50,50
47,2,14,1,60,55,50,50
47,3,41,1,65,45,50,50
47,4,13,1,70,50,50,50
47,5,8,1,55,50,50,60
47,6,39,1,60,50,50,60
47,7,24,1,65,50,50,60
47,8,6,0,75,50,45,60
47,9,17,0,55,70,45,60
47,10,25,1,55,80,45,60
47,11,43,0,75,80,35,60
47,12,45,1,75,90,35,60
47,13,14,1,75,100,35,60
47,14,25,1,75,110,35,60
47,15,16,0,60,120,35,60
47,16,38,1,65,120,35,60
47,17,29,1,65,140,15,60
47,18,42,1,65,145,15,60
47,19,8,1,50,145,15,70
47,20,43,0,70,145,5,70
47,21,10,0,60,155,5,70
47,22,48,1,60,155,5,70
47,23,29,0,40,155,10,70
47,24,48,1,40,155,10,70
47,25,27,1,40,170,5,70
47,26,14,1,40,180,5,70
47,27,20,1,40,190,-10,70
47,28,44,0,40,190,0,80
47,29,45,1,40,200,0,80
47,30,13,1,45,205,0,80
47,31,10,0,35,215,0,80
47,32,29,1,35,235,-20,80
47,33,27,0,45,225,-20,80
47,34,44,1,50,225,-20,80
47,35,43,1,50,225,-15,75
47,36,13,1,55,230,-15,75
47,37,3,0,70,230,-20,75
47,38,27,0,80,220,-20,75
47,39,28,0,60,220,-20,90
47,40,6,1,50,220,-20,100
47,41,45,1,50,230,-20,100
47,42,41,1,55,220,-20,100
47,43,10,0,45,230,-20,100
47,44,25,1,45,240,-20,100
47,45,26,0,35,240,-20,110
47,46,42,1,35,245,-20,110
47,47,9,0,25,245,-20,115
47,48,21,0,15,245,0,115
47,49,36,0,15,240,0,130
47,50,42,1,15,245,0,130
47,51,16,1,15,245,-10,130
47,52,16,1,15,245,-20,130
47,53,48,1,15,245,-20,130
47,54,11,0,10,245,-20,130
47,55,15,1,10,250,-20,130
47,56,41,1,15,240,-20,130
47,57,4,0,0,255,-20,130
47,58,41,0,-10,270,-20,130
47,59,41,1,-5,260,-20,130
47,60,8,1,-20,260,-20,140
47,61,47,1,-20,260,-20,140
47,62,10,0,-30,270,-20,140
47,63,46,0,-40,270,-20,155
47,64,6,1,-50,270,-20,165
47,65,23,1,-50,275,-25,165
47,66,24,1,-45,275,-25,165
47,67,8,0,-45,280,-35,165
47,68,21,1,-40,280,-45,165
47,69,36,0,-40,275,-45,180
47,70,38,0,-50,285,-45,180
47,71,4,0,-65,300,-45,180
47,72,14,0,-65,300,-45,190
47,73,25,0,-65,295,-45,190
47,74,8,1,-80,295,-45,200
47,75,13,0,-80,295,-45,220
47,76,12,0,-85,305,-45,220
47,77,10,1,-70,305,-55,220
47,78,40,1,-70,295,-45,220
47,79,12,0,-75,305,-45,220
47,80,43,0,-55,305,-55,220
47,81,48,0,-55,305,-55,250
47,82,25,1,-55,315,-55,250
47,83,7,0,-70,325,-55,250
47,84,47,0,-70,325,-55,265
47,85,16,1,-70,325,-65,265
47,86,3,1,-80,325,-65,275
47,87,45,0,-80,325,-65,290
47,88,14,0,-80,325,-65,300
47,89,11,0,-85,325,-65,300
47,90,46,0,-95,325,-65,315
47,91,7,1,-90,325,-65,315
47,92,3,1,-100,325,-65,325
47,93,5,0,-110,325,-60,325
47,94,44,0,-110,325,-50,335
47,95,1,0,-100,325,-60,335
47,96,5,1,-95,325,-70,335
47,97,8,1,-110,325,-70,345
47,98,8,0,-110,330,-80,345
47,99,13,0,-110,330,-80,365
48,0,38,0,40,60,50,50
48,1,18,1,50,60,50,50
48,2,21,1,55,60,40,50
48,3,23,1,55,65,35,50
48,4,22,0,45,65,45,50
48,5,6,0,55,65,40,50
48,6,12,0,50,75,40,50
48,7,22,1,50,80,30,50
48,8,17,0,30,100,30,50
48,9,28,0,10,100,30,65
48,10,46,0,0,100,30,80
48,11,7,0,-15,110,30,80
48,12,2,1,-10,110,20,80
48,13,24,0,-15,110,20,80
48,14,27,0,-5,100,20,80
48,15,26,0,-15,100,20,90
48,16,25,1,-15,110,20,90
48,17,13,1,-10,115,20,90
48,18,47,1,-10,115,20,90
48,19,38,0,-20,125,20,90
48,20,6,1,-30,125,20,100
48,21,38,1,-25,125,20,100
48,22,27,0,-15,115,20,100
48,23,21,1,-10,115,10,100
48,24,42,0,-25,115,10,115
48,25,6,1,-35,115,10,125
48,26,19,0,-35,115,10,125
48,27,4,1,-25,115,10,125
48,28,43,1,-25,115,15,120
48,29,2,1,-20,115,5,120
48,30,36,0,-20,110,5,135
48,31,36,0,-20,105,5,150
48,32,25,0,-20,100,5,150
48,33,30,1,-20,100,15,150
48,34,48,0,-20,100,15,180
48,35,47,1,-20,100,15,180
48,36,43,1,-20,100,20,175
48,37,44,1,-15,100,20,175
48,38,23,0,-25,100,20,185
48,39,20,1,-25,110,5,185
48,40,3,1,-35,110,5,195
48,41,8,0,-35,115,-5,195
48,42,48,0,-35,115,-5,225
48,43,42,1,-35,120,-5,225
48,44,37,0,-50,140,-5,225
48,45,45,0,-50,140,-5,240
48,46,17,1,-80,140,10,240
48,47,39,1,-75,140,10,240
48,48,16,0,-90,150,10,240
48,49,1,0,-80,150,0,240
48,50,42,1,-80,155,0,240
48,51,5,0,-90,155,5,240
48,52,25,1,-90,165,5,240
48,53,39,0,-100,180,5,240
48,54,23,1,-100,185,0,240
48,55,18,1,-90,185,0,240
48,56,23,0,-100,185,0,250
48,57,26,1,-90,185,-5,250
48,58,30,1,-90,185,5,250
48,59,36,1,-90,195,5,250
48,60,13,1,-85,200,5,250
48,61,28,0,-105,200,5,265
48,62,16,0,-120,210,5,265
48,63,14,0,-120,210,5,275
48,64,37,0,-135,230,5,275
48,65,26,1,-125,230,0,275
48,66,15,0,-110,225,0,275
48,67,23,1,-110,230,-5,275
48,68,16,1,-110,230,-15,275
48,69,28,1,-100,230,-15,275
48,70,37,1,-90,230,-15,275
48,71,15,0,-75,225,-15,275
48,72,47,1,-75,225,-15,275
48,73,47,1,-75,225,-15,275
48,74,14,0,-75,225,-15,285
48,75,22,0,-85,225,-5,285
48,76,47,1,-85,225,-5,285
48,77,48,1,-85,225,-5,285
48,78,27,0,-75,215,-5,285
48,79,48,0,-75,215,-5,315
48,80,17,0,-95,235,-5,315
48,81,21,0,-105,235,15,315
48,82,12,0,-110,245,15,315
48,83,3,1,-120,245,15,325
48,84,14,1,-120,255,15,325
48,85,44,1,-115,255,15,325
48,86,16,0,-130,265,15,325
48,87,36,1,-130,275,15,325
48,88,15,0,-115,270,15,325
48,89,14,0,-115,270,15,335
48,90,26,0,-125,270,15,345
48,91,12,1,-120,270,15,345
48,92,6,0,-110,270,10,345
48,93,46,0,-120,270,10,360
48,94,41,0,-130,285,10,360
48,95,36,1,-130,295,10,360
48,96,43,0,-110,295,0,360
48,97,24,1,-105,295,0,360
48,98,46,1,-100,295,0,360
48,99,37,1,-90,295,0,360
49,0,39,0,40,65,50,50
49,1,21,0,30,65,70,50
49,2,1,1,20,65,70,55
49,3,18,0,-10,65,70,85
49,4,5,1,-5,65,60,85
49,5,5,0,-15,65,65,85
49,6,28,0,-35,65,65,100
49,7,44,1,-30,65,65,100
49,8,36,0,-30,60,65,115
49,9,7,1,-25,60,65,115
49,10,20,0,-35,60,80,115
49,11,21,1,-30,60,70,115
49,12,46,0,-40,60,70,130
49,13,40,1,-40,50,80,130
49,14,45,0,-40,50,80,145
49,15,4,0,-55,65,80,145
49,16,7,1,-50,65,80,145
49,17,14,1,-50,75,80,145
49,18,24,1,-45,75,80,145
49,19,40,1,-45,65,90,145
49,20,14,0,-45,65,90,155
49,21,3,0,-30,65,85,155
49,22,1,1,-40,65,85,160
49,23,15,0,-25,60,85,160
49,24,29,1,-25,80,65,160
49,25,1,0,-15,80,55,160
49,26,39,0,-25,95,55,160
49,27,48,1,-25,95,55,160
49,28,20,0,-35,95,70,160
49,29,29,0,-55,95,75,160
49,30,28,0,-75,95,75,175
49,31,37,1,-65,95,75,175
49,32,5,1,-60,95,65,175
49,33,10,1,-45,95,55,175
49,34,37,0,-60,115,55,175
49,35,3,0,-45,115,50,175
49,36,43,0,-25,115,40,175
49,37,9,1,-20,115,40,175
49,38,17,1,-50,115,55,175
49,39,45,1,-50,125,55,175
49,40,4,0,-65,140,55,175
49,41,9,1,-60,140,55,175
49,42,20,0,-70,140,70,175
49,43,41,1,-65,130,70,175
49,44,10,0,-75,140,70,175
49,45,8,0,-75,145,60,175
49,46,41,1,-70,135,60,175
49,47,48,0,-70,135,60,205
49,48,15,1,-70,140,60,205
49,49,4,0,-85,155,60,205
49,50,43,1,-85,155,65,200
49,51,27,0,-75,145,65,200
49,52,36,0,-75,140,65,215
49,53,40,1,-75,130,75,215
49,54,36,1,-75,140,75,215
49,55,25,0,-75,135,75,215
49,56,20,1,-75,145,60,215
49,57,29,0,-95,145,65,215
49,58,42,0,-110,145,65,230
49,59,23,1,-110,150,60,230
49,60,18,0,-140,150,60,260
49,61,21,0,-150,150,80,260
49,62,41,0,-160,165,80,260
49,63,1,1,-170,165,80,265
49,64,39,0,-180,180,80,265
49,65,40,0,-180,190,70,265
49,66,16,1,-180,190,60,265
49,67,8,0,-180,195,50,265
49,68,1,1,-190,195,50,270
49,69,48,0,-190,195,50,300
49,70,5,1,-185,195,40,300
49,71,8,1,-200,195,40,310
49,72,28,0,-220,195,40,325
49,73,22,0,-230,195,50,325
49,74,18,0,-260,195,50,355
49,75,27,1,-260,210,45,355
49,76,37,1,-250,210,45,355
49,77,48,1,-250,210,45,355
49,78,30,1,-250,210,55,355
49,79,37,0,-265,230,55,355
49,80,8,1,-280,230,55,365
49,81,13,1,-275,235,55,365
49,82,38,0,-285,245,55,365
49,83,18,1,-275,245,55,365
49,84,29,0,-295,245,60,365
49,85,7,1,-290,245,60,365
49,86,38,0,-300,255,60,365
49,87,10,0,-310,265,60,365
49,88,21,0,-320,265,80,365
49,89,25,1,-320,275,80,365
49,90,12,1,-315,275,80,365
49,91,4,0,-330,290,80,365
49,92,8,0,-330,295,70,365
49,93,19,0,-330,295,70,365
49,94,24,0,-335,295,70,365
49,95,47,0,-335,295,70,380
49,96,22,0,-345,295,80,380
49,97,28,0,-365,295,80,395
49,98,10,1,-350,295,70,395
49,99,39,0,-360,310,70,395
50,0,37,1,60,50,50,50
50,1,14,1,60,60,50,50
50,2,18,0,30,60,50,80
50,3,22,1,30,65,40,80
50,4,42,1,30,70,40,80
50,5,21,0,20,70,60,80
50,6,22,0,10,70,70,80
50,7,5,0,0,70,75,80
50,8,39,1,5,70,75,80
50,9,6,0,15,70,70,80
50,10,28,1,25,70,70,80
50,11,39,0,15,85,70,80
50,12,40,0,15,95,60,80
50,13,12,1,20,95,60,80
50,14,1,0,30,95,50,80
50,15,20,1,30,105,35,80
50,16,36,0,30,100,35,95
50,17,23,0,20,100,35,105
50,18,41,1,25,90,35,105
50,19,45,1,25,100,35,105
50,20,2,0,15,100,55,105
50,21,27,0,25,90,55,105
50,22,44,0,25,90,65,115
50,23,38,0,15,100,65,115
50,24,48,0,15,100,65,145
50,25,48,1,15,100,65,145
50,26,8,1,0,100,65,155
50,27,24,1,5,100,65,155
50,28,7,1,10,100,65,155
50,29,9,1,15,100,65,155
50,30,26,0,5,100,65,165
50,31,1,0,15,100,55,165
50,32,37,1,25,100,55,165
50,33,15,0,40,95,55,165
50,34,43,0,60,95,45,165
50,35,12,1,65,95,45,165
50,36,7,1,70,95,45,165
50,37,24,1,75,95,45,165
50,38,16,0,60,105,45,165
50,39,13,0,60,105,45,185
50,40,16,1,60,105,35,185
50,41,41,0,50,120,35,185
50,42,24,0,45,120,35,185
50,43,39,0,35,135,35,185
50,44,23,0,25,135,35,195
50,45,47,0,25,135,35,210
50,46,12,1,30,135,35,210
50,47,4,0,15,150,35,210
50,48,43,0,35,150,25,210
50,49,37,1,45,150,25,210
50,50,11,0,40,150,25,210
50,51,17,1,10,150,40,210
50,52,27,1,10,165,35,210
50,53,41,1,15,155,35,210
50,54,29,0,-5,155,40,210
50,55,48,0,-5,155,40,240
50,56,12,1,0,155,40,240
50,57,11,1,5,155,40,240
50,58,44,0,5,155,50,250
50,59,6,1,-5,155,50,260
50,60,46,0,-15,155,50,275
50,61,16,1,-15,155,40,275
50,62,13,1,-10,160,40,275
50,63,4,0,-25,175,40,275
50,64,30,0,-25,175,30,300
50,65,2,1,-20,175,20,300
50,66,41,0,-30,190,20,300
50,67,46,1,-25,190,20,300
50,68,11,0,-30,190,20,300
50,69,27,0,-20,180,20,300
50,70,27,0,-10,170,20,300
50,71,47,0,-10,170,20,315
50,72,9,0,-20,170,20,320
50,73,1,1,-30,170,20,325
50,74,40,0,-30,180,10,325
50,75,40,1,-30,170,20,325
50,76,30,1,-30,170,30,325
50,77,5,1,-25,170,20,325
50,78,3,0,-10,170,15,325
50,79,27,1,-10,185,10,325
50,80,39,0,-20,200,10,325
50,81,3,0,-5,200,5,325
50,82,3,0,10,200,0,325
50,83,24,0,5,200,0,325
50,84,7,0,-10,210,0,325
50,85,2,1,-5,210,-10,325
50,86,42,0,-20,210,-10,340
50,87,47,1,-20,210,-10,340
50,88,3,1,-30,210,-10,350
50,89,40,0,-30,220,-20,350
50,90,18,0,-60,220,-20,380
50,91,18,0,-90,220,-20,410
50,92,16,1,-90,220,-30,410
50,93,28,0,-110,220,-30,425
50,94,12,0,-115,230,-30,425
50,95,5,1,-110,230,-40,425
50,96,20,1,-110,240,-55,425
50,97,25,1,-110,250,-55,425
50,98,24,0,-115,250,-55,425
50,99,43,0,-95,250,-65,425
51,0,3,0,65,50,45,50
51,1,42,0,50,50,45,65
51,2,45,1,50,60,45,65
51,3,18,1,60,60,45,65
51,4,4,1,70,60,45,65
51,5,43,0,90,60,35,65
51,6,29,0,70,60,40,65
51,7,48,0,70,60,40,95
51,8,28,1,80,60,40,95
51,9,17,0,60,80,40,95
51,10,28,0,40,80,40,110
51,11,20,1,40,90,25,110
51,12,42,0,25,90,25,125
51,13,25,1,25,100,25,125
51,14,11,1,30,100,25,125
51,15,18,0,0,100,25,155
51,16,45,1,0,110,25,155
51,17,1,1,-10,110,25,160
51,18,43,1,-10,110,30,155
51,19,9,0,-20,110,30,160
51,20,47,0,-20,110,30,175
51,21,29,0,-40,110,35,175
51,22,7,1,-35,110,35,175
51,23,28,0,-55,110,35,190
51,24,13,1,-50,115,35,190
51,25,42,0,-65,115,35,205
51,26,13,0,-65,115,35,225
51,27,30,0,-65,115,25,250
51,28,16,0,-80,125,25,250
51,29,27,0,-70,115,25,250
51,30,16,1,-70,115,15,250
51,31,3,1,-80,115,15,260
51,32,1,1,-90,115,15,265
51,33,1,0,-80,115,5,265
51,34,29,1,-80,135,-15,265
51,35,23,1,-80,140,-20,265
51,36,42,1,-80,145,-20,265
51,37,18,1,-70,145,-20,265
51,38,7,0,-85,155,-20,265
51,39,11,1,-80,155,-20,265
51,40,15,1,-80,160,-20,265
51,41,6,1,-90,160,-20,275
51,42,14,1,-90,170,-20,275
51,43,17,1,-120,170,-5,275
51,44,19,0,-120,170,-5,275
51,45,15,0,-105,165,-5,275
51,46,15,0,-90,160,-5,275
51,47,2,0,-100,160,15,275
51,48,26,1,-90,160,10,275
51,49,26,1,-80,160,5,275
51,50,22,1,-80,165,-5,275
51,51,46,1,-75,165,-5,275
51,52,1,0,-65,165,-15,275
51,53,11,1,-60,165,-15,275
51,54,2,1,-55,165,-25,275
51,55,36,0,-55,160,-25,290
51,56,7,1,-50,160,-25,290
51,57,11,0,-55,160,-25,290
51,58,13,1,-50,165,-25,290
51,59,45,0,-50,165,-25,305
51,60,15,1,-50,170,-25,305
51,61,47,1,-50,170,-25,305
51,62,9,0,-60,170,-25,310
51,63,20,0,-70,170,-10,310
51,64,44,0,-70,170,0,320
51,65,10,1,-55,170,-10,320
51,66,5,0,-65,170,-5,320
51,67,41,0,-75,185,-5,320
51,68,4,0,-90,200,-5,320
51,69,19,0,-90,200,-5,320
51,70,22,0,-100,200,5,320
51,71,26,1,-90,200,0,320
51,72,37,0,-105,220,0,320
51,73,25,1,-105,230,0,320
51,74,46,0,-115,230,0,335
51,75,30,1,-115,230,10,335
51,76,25,1,-115,240,10,335
51,77,14,1,-115,250,10,335
51,78,19,1,-115,250,10,335
51,79,12,1,-110,250,10,335
51,80,39,0,-120,265,10,335
51,81,47,1,-120,265,10,335
51,82,37,1,-110,265,10,335
51,83,12,0,-115,275,10,335
51,84,19,1,-115,275,10,335
51,85,48,1,-115,275,10,335
51,86,13,1,-110,280,10,335
51,87,48,1,-110,280,10,335
51,88,46,1,-105,280,10,335
51,89,11,0,-110,280,10,335
51,90,28,0,-130,280,10,350
51,91,5,1,-125,280,0,350
51,92,24,1,-120,280,0,350
51,93,30,0,-120,280,-10,375
51,94,23,1,-120,285,-15,375
51,95,5,1,-115,285,-25,375
51,96,42,1,-115,290,-25,375
51,97,21,0,-125,290,-5,375
51,98,22,0,-135,290,5,375
51,99,20,0,-145,290,20,375
52,0,38,1,55,50,50,50
52,1,43,1,55,50,55,45
52,2,4,0,40,65,55,45
52,3,23,0,30,65,55,55
52,4,39,0,20,80,55,55
52,5,16,0,5,90,55,55
52,6,8,1,-10,90,55,65
52,7,4,1,0,90,55,65
52,8,3,0,15,90,50,65
52,9,36,1,15,100,50,65
52,10,25,0,15,95,50,65
52,11,6,1,5,95,50,75
52,12,5,0,-5,95,55,75
52,13,27,1,-5,110,50,75
52,14,48,1,-5,110,50,75
52,15,47,1,-5,110,50,75
52,16,44,1,0,110,50,75
52,17,29,1,0,130,30,75
52,18,5,1,5,130,20,75
52,19,40,0,5,140,10,75
52,20,18,1,15,140,10,75
52,21,43,1,15,140,15,70
52,22,46,0,5,140,15,85
52,23,16,1,5,140,5,85
52,24,40,0,5,150,-5,85
52,25,40,0,5,160,-15,85
52,26,7,0,-10,170,-15,85
52,27,6,0,0,170,-20,85
52,28,22,1,0,175,-30,85
52,29,12,1,5,175,-30,85
52,30,48,1,5,175,-30,85
52,31,8,1,-10,175,-30,95
52,32,7,1,-5,175,-30,95
52,33,30,0,-5,175,-40,120
52,34,29,1,-5,195,-60,120
52,35,12,0,-10,205,-60,120
52,36,29,1,-10,225,-80,120
52,37,5,1,-5,225,-90,120
52,38,27,1,-5,240,-95,120
52,39,23,0,-15,240,-95,130
52,40,11,0,-20,240,-95,130
52,41,27,0,-10,230,-95,130
52,42,48,1,-10,230,-95,130
52,43,29,0,-30,230,-90,130
52,44,11,1,-25,230,-90,130
52,45,23,1,-25,235,-95,130
52,46,13,1,-20,240,-95,130
52,47,2,0,-30,240,-75,130
52,48,25,1,-30,250,-75,130
52,49,40,0,-30,260,-85,130
52,50,12,0,-35,270,-85,130
52,51,10,0,-45,280,-85,130
52,52,21,0,-55,280,-65,130
52,53,42,0,-70,280,-65,145
52,54,8,1,-85,280,-65,155
52,55,26,0,-95,280,-65,165
52,56,10,0,-105,290,-65,165
52,57,22,0,-115,290,-55,165
52,58,29,0,-135,290,-50,165
52,59,38,1,-130,290,-50,165
52,60,2,0,-140,290,-30,165
52,61,14,0,-140,290,-30,175
52,62,39,1,-135,290,-30,175
52,63,12,1,-130,290,-30,175
52,64,36,1,-130,300,-30,175
52,65,44,0,-130,300,-20,185
52,66,37,0,-145,320,-20,185
52,67,11,0,-150,320,-20,185
52,68,12,1,-145,320,-20,185
52,69,40,0,-145,330,-30,185
52,70,26,0,-155,330,-30,195
52,71,1,0,-145,330,-40,195
52,72,46,1,-140,330,-40,195
52,73,1,0,-130,330,-50,195
52,74,6,1,-140,330,-50,205
52,75,17,0,-160,350,-50,205
52,76,42,1,-160,355,-50,205
52,77,14,1,-160,365,-50,205
52,78,6,0,-150,365,-55,205
52,79,30,1,-150,365,-45,205
52,80,1,1,-160,365,-45,210
52,81,1,1,-170,365,-45,215
52,82,3,0,-155,365,-50,215
52,83,24,1,-150,365,-50,215
52,84,14,1,-150,375,-50,215
52,85,27,0,-140,365,-50,215
52,86,22,1,-140,370,-60,215
52,87,25,1,-140,380,-60,215
52,88,26,1,-130,380,-65,215
52,89,9,1,-125,380,-65,215
52,90,16,0,-140,390,-65,215
52,91,44,1,-135,390,-65,215
52,92,37,1,-125,390,-65,215
52,93,6,1,-135,390,-65,225
52,94,7,0,-150,400,-65,225
52,95,43,0,-130,400,-75,225
52,96,6,1,-140,400,-75,235
52,97,2,1,-135,400,-85,235
52,98,28,0,-155,400,-85,250
52,99,10,0,-165,410,-85,250
53,0,22,1,50,55,40,50
53,1,6,0,60,55,35,50
53,2,38,0,50,65,35,50
53,3,45,1,50,75,35,50
53,4,17,1,20,75,50,50
53,5,21,1,25,75,40,50
53,6,22,0,15,75,50,50
53,7,36,0,15,70,50,65
53,8,44,0,15,70,60,75
53,9,22,0,5,70,70,75
53,10,41,1,10,60,70,75
53,11,43,1,10,60,75,70
53,12,27,0,20,50,75,70
53,13,20,0,10,50,90,70
53,14,10,1,25,50,80,70
53,15,21,1,30,50,70,70
53,16,20,1,30,60,55,70
53,17,36,1,30,70,55,70
53,18,27,1,30,85,50,70
53,19,45,0,30,85,50,85
53,20,21,0,20,85,70,85
53,21,7,0,5,95,70,85
53,22,3,1,-5,95,70,95
53,23,9,1,0,95,70,95
53,24,16,0,-15,105,70,95
53,25,13,0,-15,105,70,115
53,26,44,0,-15,105,80,125
53,27,4,1,-5,105,80,125
53,28,37,0,-20,125,80,125
53,29,10,0,-30,135,80,125
53,30,12,1,-25,135,80,125
53,31,24,0,-30,135,80,125
53,32,5,1,-25,135,70,125
53,33,23,0,-35,135,70,135
53,34,7,1,-30,135,70,135
53,35,14,0,-30,135,70,145
53,36,18,1,-20,135,70,145
53,37,23,1,-20,140,65,145
53,38,18,0,-50,140,65,175
53,39,10,0,-60,150,65,175
53,40,29,1,-60,170,45,175
53,41,39,0,-70,185,45,175
53,42,21,1,-65,185,35,175
53,43,43,0,-45,185,25,175
53,44,47,1,-45,185,25,175
53,45,17,1,-75,185,40,175
53,46,40,0,-75,195,30,175
53,47,39,1,-70,195,30,175
53,48,37,0,-85,215,30,175
53,49,1,1,-95,215,30,180
53,50,43,1,-95,215,35,175
53,51,8,0,-95,220,25,175
53,52,25,1,-95,230,25,175
53,53,1,1,-105,230,25,180
53,54,16,0,-120,240,25,180
53,55,7,0,-135,250,25,180
53,56,7,1,-130,250,25,180
53,57,26,0,-140,250,25,190
53,58,27,1,-140,265,20,190
53,59,5,1,-135,265,10,190
53,60,6,0,-125,265,5,190
53,61,12,0,-130,275,5,190
53,62,28,0,-150,275,5,205
53,63,48,1,-150,275,5,205
53,64,46,0,-160,275,5,220
53,65,10,0,-170,285,5,220
53,66,6,1,-180,285,5,230
53,67,6,0,-170,285,0,230
53,68,27,1,-170,300,-5,230
53,69,46,1,-165,300,-5,230
53,70,29,1,-165,320,-25,230
53,71,24,0,-170,320,-25,230
53,72,48,0,-170,320,-25,260
53,73,7,1,-165,320,-25,260
53,74,36,1,-165,330,-25,260
53,75,29,0,-185,330,-20,260
53,76,30,0,-185,330,-30,285
53,77,1,0,-175,330,-40,285
53,78,23,1,-175,335,-45,285
53,79,19,1,-175,335,-45,285
53,80,39,1,-170,335,-45,285
53,81,16,1,-170,335,-55,285
53,82,46,0,-180,335,-55,300
53,83,15,0,-165,330,-55,300
53,84,1,0,-155,330,-65,300
53,85,14,0,-155,330,-65,310
53,86,17,0,-175,350,-65,310
53,87,27,0,-165,340,-65,310
53,88,43,0,-145,340,-75,310
53,89,43,0,-125,340,-85,310
53,90,20,1,-125,350,-100,310
53,91,5,1,-120,350,-110,310
53,92,38,0,-130,360,-110,310
53,93,26,1,-120,360,-115,310
53,94,38,0,-130,370,-115,310
53,95,37,1,-120,370,-115,310
53,96,15,0,-105,365,-115,310
53,97,25,0,-105,360,-115,310
53,98,6,0,-95,360,-120,310
53,99,43,1,-95,360,-115,305
54,0,42,0,35,50,50,65
54,1,13,1,40,55,50,65
54,2,9,1,45,55,50,65
54,3,36,0,45,50,50,80
54,4,30,0,45,50,40,105
54,5,29,0,25,50,45,105
54,6,5,1,30,50,35,105
54,7,28,0,10,50,35,120
54,8,10,0,0,60,35,120
54,9,2,0,-10,60,55,120
54,10,6,1,-20,60,55,130
54,11,13,0,-20,60,55,150
54,12,41,1,-15,50,55,150
54,13,36,1,-15,60,55,150
54,14,30,1,-15,60,65,150
54,15,46,1,-10,60,65,150
54,16,22,0,-20,60,75,150
54,17,5,1,-15,60,65,150
54,18,2,1,-10,60,55,150
54,19,45,0,-10,60,55,165
54,20,3,1,-20,60,55,175
54,21,7,0,-35,70,55,175
54,22,41,0,-45,85,55,175
54,23,39,0,-55,100,55,175
54,24,3,0,-40,100,50,175
54,25,30,1,-40,100,60,175
54,26,13,0,-40,100,60,195
54,27,15,1,-40,105,60,195
54,28,17,1,-70,105,75,195
54,29,17,0,-90,125,75,195
54,30,6,1,-100,125,75,205
54,31,22,0,-110,125,85,205
54,32,25,0,-110,120,85,205
54,33,22,0,-120,120,95,205
54,34,37,1,-110,120,95,205
54,35,38,0,-120,130,95,205
54,36,2,0,-130,130,115,205
54,37,2,1,-125,130,105,205
54,38,43,1,-125,130,110,200
54,39,12,1,-120,130,110,200
54,40,7,0,-135,140,110,200
54,41,14,0,-135,140,110,210
54,42,21,1,-130,140,100,210
54,43,23,1,-130,145,95,210
54,44,44,0,-130,145,105,220
54,45,47,1,-130,145,105,220
54,46,10,1,-115,145,95,220
54,47,42,0,-130,145,95,235
54,48,41,0,-140,160,95,235
54,49,23,1,-140,165,90,235
54,50,17,1,-170,165,105,235
54,51,8,1,-185,165,105,245
54,52,27,0,-175,155,105,245
54,53,18,1,-165,155,105,245
54,54,43,0,-145,155,95,245
54,55,7,0,-160,165,95,245
54,56,38,0,-170,175,95,245
54,57,22,0,-180,175,105,245
54,58,15,0,-165,170,105,245
54,59,12,0,-170,180,105,245
54,60,29,1,-170,200,85,245
54,61,43,1,-170,200,90,240
54,62,42,1,-170,205,90,240
54,63,22,1,-170,210,80,240
54,64,1,0,-160,210,70,240
54,65,41,0,-170,225,70,240
54,66,12,0,-175,235,70,240
54,67,24,1,-170,235,70,240
54,68,14,1,-170,245,70,240
54,69,12,0,-175,255,70,240
54,70,21,0,-185,255,90,240
54,71,26,1,-175,255,85,240
54,72,23,0,-185,255,85,250
54,73,36,1,-185,265,85,250
54,74,3,1,-195,265,85,260
54,75,21,0,-205,265,105,260
54,76,44,1,-200,265,105,260
54,77,27,0,-190,255,105,260
54,78,12,0,-195,265,105,260
54,79,45,0,-195,265,105,275
54,80,39,0,-205,280,105,275
54,81,6,0,-195,280,100,275
54,82,21,0,-205,280,120,275
54,83,7,1,-200,280,120,275
54,84,23,0,-210,280,120,285
54,85,19,1,-210,280,120,285
54,86,48,1,-210,280,120,285
54,87,21,0,-220,280,140,285
54,88,47,1,-220,280,140,285
54,89,36,1,-220,290,140,285
54,90,5,1,-215,290,130,285
54,91,14,0,-215,290,130,295
54,92,25,1,-215,300,130,295
54,93,37,0,-230,320,130,295
54,94,4,0,-245,335,130,295
54,95,30,1,-245,335,140,295
54,96,18,1,-235,335,140,295
54,97,15,0,-220,330,140,295
54,98,4,0,-235,345,140,295
54,99,7,1,-230,345,140,295
55,0,18,1,60,50,50,50
55,1,15,1,60,55,50,50
55,2,29,0,40,55,55,50
55,3,4,0,25,70,55,50
55,4,14,1,25,80,55,50
55,5,4,1,35,80,55,50
55,6,30,0,35,80,45,75
55,7,5,0,25,80,50,75
55,8,1,0,35,80,40,75
55,9,8,0,35,85,30,75
55,10,28,1,45,85,30,75
55,11,27,1,45,100,25,75
55,12,7,1,50,100,25,75
55,13,9,0,40,100,25,80
55,14,47,1,40,100,25,80
55,15,6,1,30,100,25,90
55,16,47,0,30,100,25,105
55,17,13,0,30,100,25,125
55,18,2,1,35,100,15,125
55,19,8,1,20,100,15,135
55,20,9,0,10,100,15,140
55,21,30,1,10,100,25,140
55,22,36,0,10,95,25,155
55,23,46,0,0,95,25,170
55,24,1,1,-10,95,25,175
55,25,28,0,-30,95,25,190
55,26,42,1,-30,100,25,190
55,27,13,0,-30,100,25,210
55,28,19,0,-30,100,25,210
55,29,21,0,-40,100,45,210
55,30,2,0,-50,100,65,210
55,31,12,0,-55,110,65,210
55,32,28,1,-45,110,65,210
55,33,21,1,-40,110,55,210
55,34,40,0,-40,120,45,210
55,35,21,1,-35,120,35,210
55,36,26,1,-25,120,30,210
55,37,1,0,-15,120,20,210
55,38,45,1,-15,130,20,210
55,39,11,0,-20,130,20,210
55,40,9,0,-30,130,20,215
55,41,13,1,-25,135,20,215
55,42,2,1,-20,135,10,215
55,43,29,1,-20,155,-10,215
55,44,26,0,-30,155,-10,225
55,45,16,0,-45,165,-10,225
55,46,14,0,-45,165,-10,235
55,47,28,0,-65,165,-10,250
55,48,9,0,-75,165,-10,255
55,49,10,0,-85,175,-10,255
55,50,48,0,-85,175,-10,285
55,51,38,0,-95,185,-10,285
55,52,7,1,-90,185,-10,285
55,53,28,0,-110,185,-10,300
55,54,23,1,-110,190,-15,300
55,55,6,1,-120,190,-15,310
55,56,36,0,-120,185,-15,325
55,57,36,1,-120,195,-15,325
55,58,46,1,-115,195,-15,325
55,59,6,0,-105,195,-20,325
55,60,8,1,-120,195,-20,335
55,61,28,1,-110,195,-20,335
55,62,44,0,-110,195,-10,345
55,63,47,0,-110,195,-10,360
55,64,14,1,-110,205,-10,360
55,65,5,0,-120,205,-5,360
55,66,24,1,-115,205,-5,360
55,67,21,0,-125,205,15,360
55,68,7,1,-120,205,15,360
55,69,27,0,-110,195,15,360
55,70,9,0,-120,195,15,365
55,71,15,1,-120,200,15,365
55,72,40,0,-120,210,5,365
55,73,22,0,-130,210,15,365
55,74,30,0,-130,210,5,390
55,75,29,1,-130,230,-15,390
55,76,44,1,-125,230,-15,390
55,77,13,0,-125,230,-15,410
55,78,23,0,-135,230,-15,420
55,79,41,0,-145,245,-15,420
55,80,8,1,-160,245,-15,430
55,81,15,0,-145,240,-15,430
55,82,39,0,-155,255,-15,430
55,83,46,0,-165,255,-15,445
55,84,30,1,-165,255,-5,445
55,85,19,1,-165,255,-5,445
55,86,46,0,-175,255,-5,460
55,87,20,0,-185,255,10,460
55,88,37,1,-175,255,10,460
55,89,43,1,-175,255,15,455
55,90,26,0,-185,255,15,465
55,91,5,0,-195,255,20,465
55,92,21,0,-205,255,40,465
55,93,30,0,-205,255,30,490
55,94,46,0,-215,255,30,505
55,95,27,1,-215,270,25,505
55,96,17,0,-235,290,25,505
55,97,1,1,-245,290,25,510
55,98,7,0,-260,300,25,510
55,99,7,0,-275,310,25,510
56,0,36,0,50,45,50,65
56,1,40,1,50,35,60,65
56,2,13,0,50,35,60,85
56,3,4,1,60,35,60,85
56,4,29,0,40,35,65,85
56,5,13,1,45,40,65,85
56,6,29,1,45,60,45,85
56,7,17,0,25,80,45,85
56,8,28,1,35,80,45,85
56,9,16,1,35,80,35,85
56,10,47,1,35,80,35,85
56,11,23,1,35,85,30,85
56,12,18,0,5,85,30,115
56,13,23,0,-5,85,30,125
56,14,7,1,0,85,30,125
56,15,21,0,-10,85,50,125
56,16,17,1,-40,85,65,125
56,17,47,0,-40,85,65,140
56,18,24,0,-45,85,65,140
56,19,29,1,-45,105,45,140
56,20,7,1,-40,105,45,140
56,21,46,1,-35,105,45,140
56,22,9,1,-30,105,45,140
56,23,9,1,-25,105,45,140
56,24,5,1,-20,105,35,140
56,25,47,0,-20,105,35,155
56,26,40,0,-20,115,25,155
56,27,16,1,-20,115,15,155
56,28,14,1,-20,125,15,155
56,29,36,1,-20,135,15,155
56,30,37,1,-10,135,15,155
56,31,5,0,-20,135,20,155
56,32,16,0,-35,145,20,155
56,33,24,0,-40,145,20,155
56,34,43,1,-40,145,25,150
56,35,11,1,-35,145,25,150
56,36,15,0,-20,140,25,150
56,37,22,1,-20,145,15,150
56,38,21,1,-15,145,5,150
56,39,9,0,-25,145,5,155
56,40,8,0,-25,150,-5,155
56,41,30,0,-25,150,-15,180
56,42,16,0,-40,160,-15,180
56,43,6,1,-50,160,-15,190
56,44,19,1,-50,160,-15,190
56,45,27,0,-40,150,-15,190
56,46,1,1,-50,150,-15,195
56,47,20,0,-60,150,0,195
56,48,17,1,-90,150,15,195
56,49,6,0,-80,150,10,195
56,50,12,1,-75,150,10,195
56,51,48,0,-75,150,10,225
56,52,45,0,-75,150,10,240
56,53,25,1,-75,160,10,240
56,54,2,0,-85,160,30,240
56,55,41,1,-80,150,30,240
56,56,23,1,-80,155,25,240
56,57,48,0,-80,155,25,270
56,58,23,0,-90,155,25,280
56,59,48,1,-90,155,25,280
56,60,20,1,-90,165,10,280
56,61,29,0,-110,165,15,280
56,62,5,0,-120,165,20,280
56,63,27,0,-110,155,20,280
56,64,41,0,-120,170,20,280
56,65,13,0,-120,170,20,300
56,66,47,0,-120,170,20,315
56,67,10,0,-130,180,20,315
56,68,7,1,-125,180,20,315
56,69,18,1,-115,180,20,315
56,70,29,1,-115,200,0,315
56,71,9,0,-125,200,0,320
56,72,12,1,-120,200,0,320
56,73,1,1,-130,200,0,325
56,74,3,0,-115,200,-5,325
56,75,43,1,-115,200,0,320
56,76,26,0,-125,200,0,330
56,77,17,0,-145,220,0,330
56,78,23,1,-145,225,-5,330
56,79,41,0,-155,240,-5,330
56,80,4,1,-145,240,-5,330
56,81,15,1,-145,245,-5,330
56,82,37,1,-135,245,-5,330
56,83,19,0,-135,245,-5,330
56,84,47,1,-135,245,-5,330
56,85,42,0,-150,245,-5,345
56,86,9,1,-145,245,-5,345
56,87,14,0,-145,245,-5,355
56,88,36,0,-145,240,-5,370
56,89,22,1,-145,245,-15,370
56,90,48,1,-145,245,-15,370
56,91,12,1,-140,245,-15,370
56,92,30,1,-140,245,-5,370
56,93,27,0,-130,235,-5,370
56,94,5,1,-125,235,-15,370
56,95,18,1,-115,235,-15,370
56,96,42,0,-130,235,-15,385
56,97,8,0,-130,240,-25,385
56,98,12,0,-135,250,-25,385
56,99,38,0,-145,260,-25,385
57,0,24,1,55,50,50,50
57,1,40,0,55,60,40,50
57,2,2,0,45,60,60,50
57,3,20,0,35,60,75,50
57,4,28,0,15,60,75,65
57,5,24,1,20,60,75,65
57,6,39,1,25,60,75,65
57,7,14,0,25,60,75,75
57,8,24,0,20,60,75,75
57,9,23,1,20,65,70,75
57,10,2,0,10,65,90,75
57,11,37,1,20,65,90,75
57,12,9,1,25,65,90,75
57,13,2,0,15,65,110,75
57,14,19,1,15,65,110,75
57,15,6,0,25,65,105,75
57,16,9,0,15,65,105,80
57,17,25,0,15,60,105,80
57,18,16,0,0,70,105,80
57,19,6,0,10,70,100,80
57,20,17,1,-20,70,115,80
57,21,17,1,-50,70,130,80
57,22,5,1,-45,70,120,80
57,23,8,1,-60,70,120,90
57,24,14,0,-60,70,120,100
57,25,39,0,-70,85,120,100
57,26,20,1,-70,95,105,100
57,27,28,1,-60,95,105,100
57,28,26,1,-50,95,100,100
57,29,28,0,-70,95,100,115
57,30,14,1,-70,105,100,115
57,31,23,0,-80,105,100,125
57,32,7,1,-75,105,100,125
57,33,15,0,-60,100,100,125
57,34,1,0,-50,100,90,125
57,35,21,1,-45,100,80,125
57,36,29,1,-45,120,60,125
57,37,14,0,-45,120,60,135
57,38,5,0,-55,120,65,135
57,39,7,0,-70,130,65,135
57,40,43,0,-50,130,55,135
57,41,19,1,-50,130,55,135
57,42,43,1,-50,130,60,130
57,43,27,0,-40,120,60,130
57,44,48,0,-40,120,60,160
57,45,43,0,-20,120,50,160
57,46,22,0,-30,120,60,160
57,47,6,1,-40,120,60,170
57,48,37,1,-30,120,60,170
57,49,40,1,-30,110,70,170
57,50,46,0,-40,110,70,185
57,51,6,1,-50,110,70,195
57,52,30,1,-50,110,80,195
57,53,42,1,-50,115,80,195
57,54,47,0,-50,115,80,210
57,55,16,1,-50,115,70,210
57,56,36,0,-50,110,70,225
57,57,17,0,-70,130,70,225
57,58,22,0,-80,130,80,225
57,59,29,1,-80,150,60,225
57,60,47,0,-80,150,60,240
57,61,29,1,-80,170,40,240
57,62,21,0,-90,170,60,240
57,63,21,1,-85,170,50,240
57,64,43,0,-65,170,40,240
57,65,24,0,-70,170,40,240
57,66,46,0,-80,170,40,255
57,67,12,0,-85,180,40,255
57,68,11,1,-80,180,40,255
57,69,45,1,-80,190,40,255
57,70,41,1,-75,180,40,255
57,71,25,0,-75,175,40,255
57,72,12,1,-70,175,40,255
57,73,48,0,-70,175,40,285
57,74,47,1,-70,175,40,285
57,75,36,1,-70,185,40,285
57,76,1,0,-60,185,30,285
57,77,24,0,-65,185,30,285
57,78,20,0,-75,185,45,285
57,79,42,1,-75,190,45,285
57,80,21,1,-70,190,35,285
57,81,8,0,-70,195,25,285
57,82,24,1,-65,195,25,285
57,83,30,0,-65,195,15,310
57,84,13,1,-60,200,15,310
57,85,9,0,-70,200,15,315
57,86,6,0,-60,200,10,315
57,87,12,1,-55,200,10,315
57,88,7,0,-70,210,10,315
57,89,36,0,-70,205,10,330
57,90,21,1,-65,205,0,330
57,91,38,1,-60,205,0,330
57,92,43,1,-60,205,5,325
57,93,22,0,-70,205,15,325
57,94,13,0,-70,205,15,345
57,95,26,1,-60,205,10,345
57,96,48,0,-60,205,10,375
57,97,44,0,-60,205,20,385
57,98,41,1,-55,195,20,385
57,99,16,1,-55,195,10,385
58,0,13,1,55,55,50,50
58,1,42,1,55,60,50,50
58,2,43,1,55,60,55,45
58,3,7,1,60,60,55,45
58,4,29,1,60,80,35,45
58,5,43,1,60,80,40,40
58,6,41,0,50,95,40,40
58,7,40,0,50,105,30,40
58,8,4,1,60,105,30,40
58,9,39,0,50,120,30,40
58,10,36,0,50,115,30,55
58,11,44,1,55,115,30,55
58,12,24,0,50,115,30,55
58,13,29,1,50,135,10,55
58,14,15,1,50,140,10,55
58,15,1,1,40,140,10,60
58,16,47,0,40,140,10,75
58,17,47,0,40,140,10,90
58,18,9,0,30,140,10,95
58,19,28,0,10,140,10,110
58,20,20,1,10,150,-5,110
58,21,7,0,-5,160,-5,110
58,22,19,1,-5,160,-5,110
58,23,38,0,-15,170,-5,110
58,24,29,1,-15,190,-25,110
58,25,22,0,-25,190,-15,110
58,26,42,0,-40,190,-15,125
58,27,17,0,-60,210,-15,125
58,28,8,0,-60,215,-25,125
58,29,9,1,-55,215,-25,125
58,30,27,0,-45,205,-25,125
58,31,44,1,-40,205,-25,125
58,32,28,1,-30,205,-25,125
58,33,2,0,-40,205,-5,125
58,34,16,1,-40,205,-15,125
58,35,1,1,-50,205,-15,130
58,36,6,1,-60,205,-15,140
58,37,20,1,-60,215,-30,140
58,38,43,1,-60,215,-25,135
58,39,25,1,-60,225,-25,135
58,40,18,1,-50,225,-25,135
58,41,25,1,-50,235,-25,135
58,42,27,1,-50,250,-30,135
58,43,2,0,-60,250,-10,135
58,44,2,1,-55,250,-20,135
58,45,1,1,-65,250,-20,140
58,46,15,1,-65,255,-20,140
58,47,19,0,-65,255,-20,140
58,48,20,1,-65,265,-35,140
58,49,25,0,-65,260,-35,140
58,50,23,1,-65,265,-40,140
58,51,21,1,-60,265,-50,140
58,52,40,1,-60,255,-40,140
58,53,45,0,-60,255,-40,155
58,54,24,1,-55,255,-40,155
58,55,21,0,-65,255,-20,155
58,56,14,1,-65,265,-20,155
58,57,1,0,-55,265,-30,155
58,58,43,1,-55,265,-25,150
58,59,14,0,-55,265,-25,160
58,60,47,1,-55,265,-25,160
58,61,25,1,-55,275,-25,160
58,62,42,0,-70,275,-25,175
58,63,8,0,-70,280,-35,175
58,64,43,1,-70,280,-30,170
58,65,17,1,-100,280,-15,170
58,66,5,0,-110,280,-10,170
58,67,9,1,-105,280,-10,170
58,68,26,0,-115,280,-10,180
58,69,18,1,-105,280,-10,180
58,70,30,1,-105,280,0,180
58,71,4,1,-95,280,0,180
58,72,41,1,-90,270,0,180
58,73,30,0,-90,270,-10,205
58,74,25,0,-90,265,-10,205
58,75,36,1,-90,275,-10,205
58,76,24,0,-95,275,-10,205
58,77,27,1,-95,290,-15,205
58,78,15,1,-95,295,-15,205
58,79,10,0,-105,305,-15,205
58,80,8,0,-105,310,-25,205
58,81,22,1,-105,315,-35,205
58,82,37,1,-95,315,-35,205
58,83,47,0,-95,315,-35,220
58,84,11,1,-90,315,-35,220
58,85,28,1,-80,315,-35,220
58,86,12,1,-75,315,-35,220
58,87,3,0,-60,315,-40,220
58,88,4,1,-50,315,-40,220
58,89,36,0,-50,310,-40,235
58,90,23,1,-50,315,-45,235
58,91,23,1,-50,320,-50,235
58,92,8,1,-65,320,-50,245
58,93,30,0,-65,320,-60,270
58,94,37,1,-55,320,-60,270
58,95,44,1,-50,320,-60,270
58,96,5,1,-45,320,-70,270
58,97,17,1,-75,320,-55,270
58,98,4,0,-90,335,-55,270
58,99,13,0,-90,335,-55,290
59,0,42,0,35,50,50,65
59,1,2,1,40,50,40,65
59,2,21,0,30,50,60,65
59,3,30,0,30,50,50,90
59,4,12,1,35,50,50,90
59,5,5,0,25,50,55,90
59,6,7,0,10,60,55,90
59,7,36,0,10,55,55,105
59,8,36,1,10,65,55,105
59,9,48,1,10,65,55,105
59,10,27,0,20,55,55,105
59,11,15,0,35,50,55,105
59,12,37,0,20,70,55,105
59,13,24,0,15,70,55,105
59,14,14,0,15,70,55,115
59,15,23,1,15,75,50,115
59,16,11,1,20,75,50,115
59,17,27,1,20,90,45,115
59,18,13,0,20,90,45,135
59,19,2,0,10,90,65,135
59,20,42,0,-5,90,65,150
59,21,11,0,-10,90,65,150
59,22,22,1,-10,95,55,150
59,23,13,0,-10,95,55,170
59,24,23,1,-10,100,50,170
59,25,19,0,-10,100,50,170
59,26,2,1,-5,100,40,170
59,27,26,1,5,100,35,170
59,28,25,1,5,110,35,170
59,29,19,0,5,110,35,170
59,30,19,0,5,110,35,170
59,31,42,1,5,115,35,170
59,32,14,1,5,125,35,170
59,33,10,1,20,125,25,170
59,34,14,1,20,135,25,170
59,35,48,1,20,135,25,170
59,36,36,0,20,130,25,185
59,37,44,0,20,130,35,195
59,38,19,0,20,130,35,195
59,39,3,0,35,130,30,195
59,40,15,0,50,125,30,195
59,41,40,0,50,135,20,195
59,42,17,0,30,155,20,195
59,43,9,1,35,155,20,195
59,44,29,0,15,155,25,195
59,45,8,1,0,155,25,205
59,46,43,1,0,155,30,200
59,47,46,0,-10,155,30,215
59,48,11,0,-15,155,30,215
59,49,14,0,-15,155,30,225
59,50,18,1,-5,155,30,225
59,51,48,1,-5,155,30,225
59,52,6,0,5,155,25,225
59,53,6,0,15,155,20,225
59,54,14,1,15,165,20,225
59,55,28,0,-5,165,20,240
59,56,36,0,-5,160,20,255
59,57,10,1,10,160,10,255
59,58,16,1,10,160,0,255
59,59,46,0,0,160,0,270
59,60,22,1,0,165,-10,270
59,61,43,1,0,165,-5,265
59,62,24,0,-5,165,-5,265
59,63,45,0,-5,165,-5,280
59,64,6,0,5,165,-10,280
59,65,2,1,10,165,-20,280
59,66,1,1,0,165,-20,285
59,67,43,1,0,165,-15,280
59,68,26,0,-10,165,-15,290
59,69,22,1,-10,170,-25,290
59,70,30,1,-10,170,-15,290
59,71,22,1,-10,175,-25,290
59,72,15,1,-10,180,-25,290
59,73,10,1,5,180,-35,290
59,74,3,1,-5,180,-35,300
59,75,40,0,-5,190,-45,300
59,76,38,1,0,190,-45,300
59,77,25,0,0,185,-45,300
59,78,45,0,0,185,-45,315
59,79,21,1,5,185,-55,315
59,80,5,0,-5,185,-50,315
59,81,27,0,5,175,-50,315
59,82,39,0,-5,190,-50,315
59,83,22,1,-5,195,-60,315
59,84,29,0,-25,195,-55,315
59,85,18,0,-55,195,-55,345
59,86,8,0,-55,200,-65,345
59,87,45,0,-55,200,-65,360
59,88,13,1,-50,205,-65,360
59,89,9,1,-45,205,-65,360
59,90,14,1,-45,215,-65,360
59,91,19,1,-45,215,-65,360
59,92,16,0,-60,225,-65,360
59,93,11,0,-65,225,-65,360
59,94,39,0,-75,240,-65,360
59,95,18,0,-105,240,-65,390
59,96,1,0,-95,240,-75,390
59,97,28,1,-85,240,-75,390
59,98,46,1,-80,240,-75,390
59,99,2,0,-90,240,-55,390
60,0,39,0,40,65,50,50
60,1,18,0,10,65,50,80
60,2,41,1,15,55,50,80
60,3,28,0,-5,55,50,95
60,4,20,0,-15,55,65,95
60,5,38,0,-25,65,65,95
60,6,27,0,-15,55,65,95
60,7,21,0,-25,55,85,95
60,8,16,1,-25,55,75,95
60,9,18,0,-55,55,75,125
60,10,48,1,-55,55,75,125
60,11,4,0,-70,70,75,125
60,12,14,1,-70,80,75,125
60,13,15,1,-70,85,75,125
60,14,37,0,-85,105,75,125
60,15,30,0,-85,105,65,150
60,16,27,1,-85,120,60,150
60,17,37,1,-75,120,60,150
60,18,10,0,-85,130,60,150
60,19,12,1,-80,130,60,150
60,20,12,0,-85,140,60,150
60,21,4,1,-75,140,60,150
60,22,13,0,-75,140,60,170
60,23,13,0,-75,140,60,190
60,24,48,1,-75,140,60,190
60,25,41,0,-85,155,60,190
60,26,42,1,-85,160,60,190
60,27,11,1,-80,160,60,190
60,28,41,0,-90,175,60,190
60,29,44,1,-85,175,60,190
60,30,30,1,-85,175,70,190
60,31,3,0,-70,175,65,190
60,32,44,0,-70,175,75,200
60,33,46,0,-80,175,75,215
60,34,39,1,-75,175,75,215
60,35,6,1,-85,175,75,225
60,36,46,0,-95,175,75,240
60,37,41,1,-90,165,75,240
60,38,27,1,-90,180,70,240
60,39,30,1,-90,180,80,240
60,40,9,0,-100,180,80,245
60,41,7,1,-95,180,80,245
60,42,8,0,-95,185,70,245
60,43,15,1,-95,190,70,245
60,44,37,0,-110,210,70,245
60,45,15,0,-95,205,70,245
60,46,21,0,-105,205,90,245
60,47,20,0,-115,205,105,245
60,48,44,0,-115,205,115,255
60,49,13,1,-110,210,115,255
60,50,4,0,-125,225,115,255
60,51,10,1,-110,225,105,255
60,52,13,1,-105,230,105,255
60,53,14,0,-105,230,105,265
60,54,24,1,-100,230,105,265
60,55,4,0,-115,245,105,265
60,56,10,0,-125,255,105,265
60,57,43,0,-105,255,95,265
60,58,43,1,-105,255,100,260
60,59,41,1,-100,245,100,260
60,60,25,0,-100,240,100,260
60,61,39,0,-110,255,100,260
60,62,1,1,-120,255,100,265
60,63,22,0,-130,255,110,265
60,64,38,1,-125,255,110,265
60,65,14,0,-125,255,110,275
60,66,38,0,-135,265,110,275
60,67,39,0,-145,280,110,275
60,68,22,0,-155,280,120,275
60,69,14,1,-155,290,120,275
60,70,24,1,-150,290,120,275
60,71,17,1,-180,290,135,275
60,72,14,0,-180,290,135,285
60,73,23,0,-190,290,135,295
60,74,18,0,-220,290,135,325
60,75,37,0,-235,310,135,325
60,76,19,1,-235,310,135,325
60,77,23,1,-235,315,130,325
60,78,21,1,-230,315,120,325
60,79,6,0,-220,315,115,325
60,80,46,1,-215,315,115,325
60,81,24,1,-210,315,115,325
60,82,19,0,-210,315,115,325
60,83,39,0,-220,330,115,325
60,84,44,1,-215,330,115,325
60,85,12,1,-210,330,115,325
60,86,8,1,-225,330,115,335
60,87,9,0,-235,330,115,340
60,88,43,1,-235,330,120,335
60,89,16,0,-250,340,120,335
60,90,48,1,-250,340,120,335
60,91,22,0,-260,340,130,335
60,92,2,1,-255,340,120,335
60,93,42,0,-270,340,120,350
60,94,3,1,-280,340,120,360
60,95,12,0,-285,350,120,360
60,96,1,0,-275,350,110,360
60,97,17,1,-305,350,125,360
60,98,20,0,-315,350,140,360
60,99,28,0,-335,350,140,375
61,0,47,1,50,50,50,50
61,1,13,0,50,50,50,70
61,2,40,0,50,60,40,70
61,3,46,1,55,60,40,70
61,4,24,0,50,60,40,70
61,5,18,0,20,60,40,100
61,6,37,1,30,60,40,100
61,7,30,1,30,60,50,100
61,8,23,0,20,60,50,110
61,9,21,1,25,60,40,110
61,10,40,1,25,50,50,110
61,11,18,1,35,50,50,110
61,12,37,0,20,70,50,110
61,13,27,1,20,85,45,110
61,14,37,0,5,105,45,110
61,15,41,1,10,95,45,110
61,16,36,1,10,105,45,110
61,17,24,1,15,105,45,110
61,18,44,0,15,105,55,120
61,19,26,1,25,105,50,120
61,20,13,0,25,105,50,140
61,21,17,0,5,125,50,140
61,22,5,0,-5,125,55,140
61,23,27,1,-5,140,50,140
61,24,17,0,-25,160,50,140
61,25,40,1,-25,150,60,140
61,26,11,0,-30,150,60,140
61,27,28,1,-20,150,60,140
61,28,14,0,-20,150,60,150
61,29,10,1,-5,150,50,150
61,30,23,1,-5,155,45,150
61,31,23,1,-5,160,40,150
61,32,22,1,-5,165,30,150
61,33,8,0,-5,170,20,150
61,34,16,0,-20,180,20,150
61,35,27,0,-10,170,20,150
61,36,30,1,-10,170,30,150
61,37,15,0,5,165,30,150
61,38,15,0,20,160,30,150
61,39,30,0,20,160,20,175
61,40,18,0,-10,160,20,205
61,41,6,1,-20,160,20,215
61,42,38,0,-30,170,20,215
61,43,17,1,-60,170,35,215
61,44,15,1,-60,175,35,215
61,45,24,0,-65,175,35,215
61,46,1,1,-75,175,35,220
61,47,6,1,-85,175,35,230
61,48,19,0,-85,175,35,230
61,49,37,0,-100,195,35,230
61,50,2,1,-95,195,25,230
61,51,28,1,-85,195,25,230
61,52,9,1,-80,195,25,230
61,53,28,0,-100,195,25,245
61,54,30,1,-100,195,35,245
61,55,14,0,-100,195,35,255
61,56,36,1,-100,205,35,255
61,57,3,1,-110,205,35,265
61,58,5,0,-120,205,40,265
61,59,39,1,-115,205,40,265
61,60,19,0,-115,205,40,265
61,61,24,1,-110,205,40,265
61,62,27,0,-100,195,40,265
61,63,41,0,-110,210,40,265
61,64,44,0,-110,210,50,275
61,65,22,0,-120,210,60,275
61,66,18,1,-110,210,60,275
61,67,45,1,-110,220,60,275
61,68,45,1,-110,230,60,275
61,69,13,1,-105,235,60,275
61,70,26,0,-115,235,60,285
61,71,23,1,-115,240,55,285
61,72,21,0,-125,240,75,285
61,73,24,1,-120,240,75,285
61,74,39,1,-115,240,75,285
61,75,45,1,-115,250,75,285
61,76,12,1,-110,250,75,285
61,77,10,1,-95,250,65,285
61,78,22,1,-95,255,55,285
61,79,41,0,-105,270,55,285
61,80,41,1,-100,260,55,285
61,81,7,0,-115,270,55,285
61,82,39,0,-125,285,55,285
61,83,48,1,-125,285,55,285
61,84,27,0,-115,275,55,285
61,85,45,0,-115,275,55,300
61,86,47,1,-115,275,55,300
61,87,30,0,-115,275,45,325
61,88,44,0,-115,275,55,335
61,89,19,0,-115,275,55,335
61,90,22,1,-115,280,45,335
61,91,16,1,-115,280,35,335
61,92,36,0,-115,275,35,350
61,93,42,0,-130,275,35,365
61,94,38,1,-125,275,35,365
61,95,9,1,-120,275,35,365
61,96,5,0,-130,275,40,365
61,97,41,1,-125,265,40,365
61,98,23,1,-125,270,35,365
61,99,3,0,-110,270,30,365
62,0,41,0,40,65,50,50
62,1,48,0,40,65,50,80
62,2,27,0,50,55,50,80
62,3,23,0,40,55,50,90
62,4,15,1,40,60,50,90
62,5,42,1,40,65,50,90
62,6,48,0,40,65,50,120
62,7,6,1,30,65,50,130
62,8,46,1,35,65,50,130
62,9,10,1,50,65,40,130
62,10,45,0,50,65,40,145
62,11,44,1,55,65,40,145
62,12,20,1,55,75,25,145
62,13,23,0,45,75,25,155
62,14,27,0,55,65,25,155
62,15,23,0,45,65,25,165
62,16,21,0,35,65,45,165
62,17,18,0,5,65,45,195
62,18,11,1,10,65,45,195
62,19,40,0,10,75,35,195
62,20,38,0,0,85,35,195
62,21,4,0,-15,100,35,195
62,22,13,0,-15,100,35,215
62,23,28,0,-35,100,35,230
62,24,5,1,-30,100,25,230
62,25,48,1,-30,100,25,230
62,26,1,1,-40,100,25,235
62,27,23,0,-50,100,25,245
62,28,20,1,-50,110,10,245
62,29,6,0,-40,110,5,245
62,30,37,1,-30,110,5,245
62,31,7,0,-45,120,5,245
62,32,14,1,-45,130,5,245
62,33,20,1,-45,140,-10,245
62,34,30,1,-45,140,0,245
62,35,17,1,-75,140,15,245
62,36,42,0,-90,140,15,260
62,37,21,0,-100,140,35,260
62,38,21,1,-95,140,25,260
62,39,41,1,-90,130,25,260
62,40,18,0,-120,130,25,290
62,41,12,1,-115,130,25,290
62,42,48,1,-115,130,25,290
62,43,8,0,-115,135,15,290
62,44,36,1,-115,145,15,290
62,45,47,1,-115,145,15,290
62,46,42,0,-130,145,15,305
62,47,22,1,-130,150,5,305
62,48,47,0,-130,150,5,320
62,49,12,0,-135,160,5,320
62,50,8,0,-135,165,-5,320
62,51,19,1,-135,165,-5,320
62,52,22,1,-135,170,-15,320
62,53,20,0,-145,170,0,320
62,54,40,1,-145,160,10,320
62,55,24,1,-140,160,10,320
62,56,3,0,-125,160,5,320
62,57,5,0,-135,160,10,320
62,58,22,0,-145,160,20,320
62,59,21,1,-140,160,10,320
62,60,24,0,-145,160,10,320
62,61,19,0,-145,160,10,320
62,62,13,1,-140,165,10,320
62,63,45,1,-140,175,10,320
62,64,46,0,-150,175,10,335
62,65,23,0,-160,175,10,345
62,66,11,0,-165,175,10,345
62,67,37,1,-155,175,10,345
62,68,40,0,-155,185,0,345
62,69,25,0,-155,180,0,345
62,70,1,0,-145,180,-10,345
62,71,29,1,-145,200,-30,345
62,72,20,1,-145,210,-45,345
62,73,47,0,-145,210,-45,360
62,74,19,0,-145,210,-45,360
62,75,45,1,-145,220,-45,360
62,76,6,0,-135,220,-50,360
62,77,16,0,-150,230,-50,360
62,78,7,1,-145,230,-50,360
62,79,5,1,-140,230,-60,360
62,80,41,0,-150,245,-60,360
62,81,43,0,-130,245,-70,360
62,82,39,0,-140,260,-70,360
62,83,39,0,-150,275,-70,360
62,84,42,0,-165,275,-70,375
62,85,44,1,-160,275,-70,375
62,86,26,0,-170,275,-70,385
62,87,1,0,-160,275,-80,385
62,88,29,0,-180,275,-75,385
62,89,39,0,-190,290,-75,385
62,90,36,1,-190,300,-75,385
62,91,47,0,-190,300,-75,400
62,92,8,1,-205,300,-75,410
62,93,7,1,-200,300,-75,410
62,94,26,1,-190,300,-80,410
62,95,2,1,-185,300,-90,410
62,96,15,1,-185,305,-90,410
62,97,5,1,-180,305,-100,410
62,98,3,0,-165,305,-105,410
62,99,3,1,-175,305,-105,420
63,0,12,1,55,50,50,50
63,1,47,0,55,50,50,65
63,2,21,1,60,50,40,65
63,3,47,0,60,50,40,80
63,4,30,1,60,50,50,80
63,5,45,1,60,60,50,80
63,6,46,1,65,60,50,80
63,7,9,1,70,60,50,80
63,8,27,0,80,50,50,80
63,9,7,1,85,50,50,80
63,10,37,0,70,70,50,80
63,11,38,0,60,80,50,80
63,12,5,0,50,80,55,80
63,13,47,0,50,80,55,95
63,14,43,1,50,80,60,90
63,15,23,0,40,80,60,100
63,16,6,0,50,80,55,100
63,17,1,1,40,80,55,105
63,18,16,0,25,90,55,105
63,19,8,0,25,95,45,105
63,20,18,0,-5,95,45,135
63,21,5,0,-15,95,50,135
63,22,17,1,-45,95,65,135
63,23,10,0,-55,105,65,135
63,24,39,1,-50,105,65,135
63,25,15,0,-35,100,65,135
63,26,22,1,-35,105,55,135
63,27,45,0,-35,105,55,150
63,28,44,0,-35,105,65,160
63,29,9,1,-30,105,65,160
63,30,36,1,-30,115,65,160
63,31,3,1,-40,115,65,170
63,32,45,0,-40,115,65,185
63,33,38,1,-35,115,65,185
63,34,18,0,-65,115,65,215
63,35,21,1,-60,115,55,215
63,36,8,1,-75,115,55,225
63,37,9,1,-70,115,55,225
63,38,40,1,-70,105,65,225
63,39,12,1,-65,105,65,225
63,40,44,1,-60,105,65,225
63,41,42,0,-75,105,65,240
63,42,17,1,-105,105,80,240
63,43,36,0,-105,100,80,255
63,44,24,0,-110,100,80,255
63,45,23,0,-120,100,80,265
63,46,41,0,-130,115,80,265
63,47,19,1,-130,115,80,265
63,48,29,0,-150,115,85,265
63,49,48,0,-150,115,85,295
63,50,24,0,-155,115,85,295
63,51,19,1,-155,115,85,295
63,52,23,1,-155,120,80,295
63,53,1,1,-165,120,80,300
63,54,48,0,-165,120,80,330
63,55,11,0,-170,120,80,330
63,56,22,1,-170,125,70,330
63,57,47,1,-170,125,70,330
63,58,13,1,-165,130,70,330
63,59,1,1,-175,130,70,335
63,60,4,0,-190,145,70,335
63,61,46,1,-185,145,70,335
63,62,21,1,-180,145,60,335
63,63,23,1,-180,150,55,335
63,64,29,1,-180,170,35,335
63,65,43,0,-160,170,25,335
63,66,38,0,-170,180,25,335
63,67,44,0,-170,180,35,345
63,68,16,0,-185,190,35,345
63,69,3,0,-170,190,30,345
63,70,1,1,-180,190,30,350
63,71,18,0,-210,190,30,380
63,72,25,1,-210,200,30,380
63,73,20,1,-210,210,15,380
63,74,43,1,-210,210,20,375
63,75,6,1,-220,210,20,385
63,76,13,1,-215,215,20,385
63,77,13,1,-210,220,20,385
63,78,44,0,-210,220,30,395
63,79,44,1,-205,220,30,395
63,80,19,0,-205,220,30,395
63,81,27,0,-195,210,30,395
63,82,15,1,-195,215,30,395
63,83,20,1,-195,225,15,395
63,84,25,0,-195,220,15,395
63,85,20,0,-205,220,30,395
63,86,14,0,-205,220,30,405
63,87,12,0,-210,230,30,405
63,88,21,0,-220,230,50,405
63,89,46,1,-215,230,50,405
63,90,37,0,-230,250,50,405
63,91,28,1,-220,250,50,405
63,92,14,1,-220,260,50,405
63,93,42,0,-235,260,50,420
63,94,38,0,-245,270,50,420
63,95,21,1,-240,270,40,420
63,96,8,0,-240,275,30,420
63,97,42,1,-240,280,30,420
63,98,40,0,-240,290,20,420
63,99,21,0,-250,290,40,420
64,0,15,1,50,55,50,50
64,1,15,0,65,50,50,50
64,2,29,0,45,50,55,50
64,3,4,1,55,50,55,50
64,4,7,1,60,50,55,50
64,5,42,1,60,55,55,50
64,6,8,0,60,60,45,50
64,7,19,0,60,60,45,50
64,8,41,0,50,75,45,50
64,9,20,1,50,85,30,50
64,10,48,0,50,85,30,80
64,11,2,0,40,85,50,80
64,12,44,1,45,85,50,80
64,13,14,0,45,85,50,90
64,14,38,0,35,95,50,90
64,15,22,1,35,100,40,90
64,16,28,0,15,100,40,105
64,17,13,0,15,100,40,125
64,18,7,1,20,100,40,125
64,19,14,0,20,100,40,135
64,20,36,0,20,95,40,150
64,21,20,1,20,105,25,150
64,22,42,0,5,105,25,165
64,23,6,0,15,105,20,165
64,24,40,0,15,115,10,165
64,25,9,0,5,115,10,170
64,26,24,0,0,115,10,170
64,27,11,1,5,115,10,170
64,28,7,1,10,115,10,170
64,29,40,1,10,105,20,170
64,30,29,1,10,125,0,170
64,31,14,0,10,125,0,180
64,32,19,0,10,125,0,180
64,33,19,1,10,125,0,180
64,34,12,0,5,135,0,180
64,35,37,1,15,135,0,180
64,36,4,1,25,135,0,180
64,37,4,1,35,135,0,180
64,38,43,1,35,135,5,175
64,39,11,0,30,135,5,175
64,40,15,1,30,140,5,175
64,41,48,0,30,140,5,205
64,42,24,1,35,140,5,205
64,43,37,1,45,140,5,205
64,44,10,1,60,140,-5,205
64,45,39,0,50,155,-5,205
64,46,3,1,40,155,-5,215
64,47,30,0,40,155,-15,240
64,48,19,0,40,155,-15,240
64,49,12,1,45,155,-15,240
64,50,17,0,25,175,-15,240
64,51,16,0,10,185,-15,240
64,52,37,0,-5,205,-15,240
64,53,19,0,-5,205,-15,240
64,54,27,0,5,195,-15,240
64,55,24,1,10,195,-15,240
64,56,24,1,15,195,-15,240
64,57,25,0,15,190,-15,240
64,58,12,1,20,190,-15,240
64,59,29,0,0,190,-10,240
64,60,14,0,0,190,-10,250
64,61,29,0,-20,190,-5,250
64,62,46,1,-15,190,-5,250
64,63,44,1,-10,190,-5,250
64,64,46,0,-20,190,-5,265
64,65,10,0,-30,200,-5,265
64,66,44,1,-25,200,-5,265
64,67,40,0,-25,210,-15,265
64,68,28,0,-45,210,-15,280
64,69,24,0,-50,210,-15,280
64,70,12,1,-45,210,-15,280
64,71,14,1,-45,220,-15,280
64,72,39,0,-55,235,-15,280
64,73,27,1,-55,250,-20,280
64,74,30,0,-55,250,-30,305
64,75,10,0,-65,260,-30,305
64,76,12,1,-60,260,-30,305
64,77,41,1,-55,250,-30,305
64,78,48,1,-55,250,-30,305
64,79,30,1,-55,250,-20,305
64,80,46,1,-50,250,-20,305
64,81,43,1,-50,250,-15,300
64,82,28,0,-70,250,-15,315
64,83,4,0,-85,265,-15,315
64,84,28,0,-105,265,-15,330
64,85,1,0,-95,265,-25,330
64,86,15,0,-80,260,-25,330
64,87,20,0,-90,260,-10,330
64,88,43,1,-90,260,-5,325
64,89,15,0,-75,255,-5,325
64,90,17,1,-105,255,10,325
64,91,47,0,-105,255,10,340
64,92,41,1,-100,245,10,340
64,93,9,1,-95,245,10,340
64,94,9,1,-90,245,10,340
64,95,13,1,-85,250,10,340
64,96,16,1,-85,250,0,340
64,97,23,0,-95,250,0,350
64,98,45,1,-95,260,0,350
64,99,14,1,-95,270,0,350
65,0,21,1,55,50,40,50
65,1,36,0,55,45,40,65
65,2,43,1,55,45,45,60
65,3,21,0,45,45,65,60
65,4,28,0,25,45,65,75
65,5,23,0,15,45,65,85
65,6,14,1,15,55,65,85
65,7,10,0,5,65,65,85
65,8,12,0,0,75,65,85
65,9,30,0,0,75,55,110
65,10,12,0,-5,85,55,110
65,11,4,0,-20,100,55,110
65,12,9,0,-30,100,55,115
65,13,29,0,-50,100,60,115
65,14,23,1,-50,105,55,115
65,15,28,0,-70,105,55,130
65,16,23,1,-70,110,50,130
65,17,16,1,-70,110,40,130
65,18,20,0,-80,110,55,130
65,19,39,1,-75,110,55,130
65,20,19,1,-75,110,55,130
65,21,14,1,-75,120,55,130
65,22,14,0,-75,120,55,140
65,23,28,0,-95,120,55,155
65,24,47,0,-95,120,55,170
65,25,18,1,-85,120,55,170
65,26,13,1,-80,125,55,170
65,27,8,0,-80,130,45,170
65,28,8,0,-80,135,35,170
65,29,29,0,-100,135,40,170
65,30,14,0,-100,135,40,180
65,31,37,1,-90,135,40,180
65,32,4,1,-80,135,40,180
65,33,9,0,-90,135,40,185
65,34,27,1,-90,150,35,185
65,35,19,0,-90,150,35,185
65,36,21,0,-100,150,55,185
65,37,27,1,-100,165,50,185
65,38,37,0,-115,185,50,185
65,39,27,1,-115,200,45,185
65,40,36,1,-115,210,45,185
65,41,19,0,-115,210,45,185
65,42,40,1,-115,200,55,185
65,43,4,0,-130,215,55,185
65,44,21,1,-125,215,45,185
65,45,4,0,-140,230,45,185
65,46,48,0,-140,230,45,215
65,47,41,1,-135,220,45,215
65,48,17,0,-155,240,45,215
65,49,39,0,-165,255,45,215
65,50,20,0,-175,255,60,215
65,51,43,1,-175,255,65,210
65,52,2,1,-170,255,55,210
65,53,16,0,-185,265,55,210
65,54,18,1,-175,265,55,210
65,55,36,0,-175,260,55,225
65,56,28,1,-165,260,55,225
65,57,37,0,-180,280,55,225
65,58,45,0,-180,280,55,240
65,59,4,0,-195,295,55,240
65,60,46,0,-205,295,55,255
65,61,6,0,-195,295,50,255
65,62,26,0,-205,295,50,265
65,63,10,0,-215,305,50,265
65,64,14,0,-215,305,50,275
65,65,46,0,-225,305,50,290
65,66,21,1,-220,305,40,290
65,67,6,1,-230,305,40,300
65,68,15,0,-215,300,40,300
65,69,24,0,-220,300,40,300
65,70,20,0,-230,300,55,300
65,71,22,0,-240,300,65,300
65,72,8,0,-240,305,55,300
65,73,5,0,-250,305,60,300
65,74,46,1,-245,305,60,300
65,75,1,0,-235,305,50,300
65,76,43,0,-215,305,40,300
65,77,36,0,-215,300,40,315
65,78,26,1,-205,300,35,315
65,79,9,0,-215,300,35,320
65,80,24,0,-220,300,35,320
65,81,21,1,-215,300,25,320
65,82,3,1,-225,300,25,330
65,83,6,1,-235,300,25,340
65,84,38,0,-245,310,25,340
65,85,29,0,-265,310,30,340
65,86,41,0,-275,325,30,340
65,87,26,1,-265,325,25,340
65,88,17,0,-285,345,25,340
65,89,27,1,-285,360,20,340
65,90,5,0,-295,360,25,340
65,91,28,0,-315,360,25,355
65,92,41,0,-325,375,25,355
65,93,17,1,-355,375,40,355
65,94,36,0,-355,370,40,370
65,95,42,1,-355,375,40,370
65,96,4,1,-345,375,40,370
65,97,1,0,-335,375,30,370
65,98,13,0,-335,375,30,390
65,99,14,0,-335,375,30,400
66,0,21,0,40,50,70,50
66,1,21,0,30,50,90,50
66,2,23,0,20,50,90,60
66,3,40,0,20,60,80,60
66,4,23,1,20,65,75,60
66,5,38,1,25,65,75,60
66,6,44,0,25,65,85,70
66,7,44,0,25,65,95,80
66,8,40,1,25,55,105,80
66,9,5,1,30,55,95,80
66,10,17,0,10,75,95,80
66,11,21,1,15,75,85,80
66,12,4,1,25,75,85,80
66,13,18,0,-5,75,85,110
66,14,6,0,5,75,80,110
66,15,36,0,5,70,80,125
66,16,42,0,-10,70,80,140
66,17,7,0,-25,80,80,140
66,18,7,0,-40,90,80,140
66,19,17,1,-70,90,95,140
66,20,44,1,-65,90,95,140
66,21,11,0,-70,90,95,140
66,22,22,1,-70,95,85,140
66,23,21,0,-80,95,105,140
66,24,22,1,-80,100,95,140
66,25,42,1,-80,105,95,140
66,26,26,1,-70,105,90,140
66,27,43,1,-70,105,95,135
66,28,19,1,-70,105,95,135
66,29,37,1,-60,105,95,135
66,30,29,1,-60,125,75,135
66,31,48,0,-60,125,75,165
66,32,5,0,-70,125,80,165
66,33,7,0,-85,135,80,165
66,34,29,1,-85,155,60,165
66,35,30,0,-85,155,50,190
66,36,14,0,-85,155,50,200
66,37,41,0,-95,170,50,200
66,38,19,1,-95,170,50,200
66,39,22,0,-105,170,60,200
66,40,21,1,-100,170,50,200
66,41,6,1,-110,170,50,210
66,42,4,1,-100,170,50,210
66,43,8,0,-100,175,40,210
66,44,11,1,-95,175,40,210
66,45,2,1,-90,175,30,210
66,46,8,1,-105,175,30,220
66,47,30,1,-105,175,40,220
66,48,5,1,-100,175,30,220
66,49,13,1,-95,180,30,220
66,50,46,1,-90,180,30,220
66,51,24,1,-85,180,30,220
66,52,22,0,-95,180,40,220
66,53,25,1,-95,190,40,220
66,54,45,1,-95,200,40,220
66,55,8,0,-95,205,30,220
66,56,21,1,-90,205,20,220
66,57,21,1,-85,205,10,220
66,58,14,0,-85,205,10,230
66,59,22,1,-85,210,0,230
66,60,24,1,-80,210,0,230
66,61,8,0,-80,215,-10,230
66,62,21,1,-75,215,-20,230
66,63,6,1,-85,215,-20,240
66,64,48,0,-85,215,-20,270
66,65,13,1,-80,220,-20,270
66,66,30,0,-80,220,-30,295
66,67,45,0,-80,220,-30,310
66,68,1,1,-90,220,-30,315
66,69,5,0,-100,220,-25,315
66,70,17,1,-130,220,-10,315
66,71,20,1,-130,230,-25,315
66,72,19,0,-130,230,-25,315
66,73,44,1,-125,230,-25,315
66,74,22,1,-125,235,-35,315
66,75,26,0,-135,235,-35,325
66,76,44,0,-135,235,-25,335
66,77,42,1,-135,240,-25,335
66,78,29,1,-135,260,-45,335
66,79,6,1,-145,260,-45,345
66,80,42,0,-160,260,-45,360
66,81,38,0,-170,270,-45,360
66,82,25,1,-170,280,-45,360
66,83,13,0,-170,280,-45,380
66,84,17,0,-190,300,-45,380
66,85,42,1,-190,305,-45,380
66,86,14,0,-190,305,-45,390
66,87,22,0,-200,305,-35,390
66,88,11,0,-205,305,-35,390
66,89,1,0,-195,305,-45,390
66,90,43,1,-195,305,-40,385
66,91,3,0,-180,305,-45,385
66,92,30,1,-180,305,-35,385
66,93,7,1,-175,305,-35,385
66,94,42,0,-190,305,-35,400
66,95,48,0,-190,305,-35,430
66,96,46,1,-185,305,-35,430
66,97,15,0,-170,300,-35,430
66,98,38,0,-180,310,-35,430
66,99,43,0,-160,310,-45,430
67,0,4,1,60,50,50,50
67,1,21,1,65,50,40,50
67,2,6,1,55,50,40,60
67,3,4,1,65,50,40,60
67,4,7,1,70,50,40,60
67,5,20,0,60,50,55,60
67,6,3,1,50,50,55,70
67,7,18,1,60,50,55,70
67,8,22,1,60,55,45,70
67,9,16,1,60,55,35,70
67,10,30,1,60,55,45,70
67,11,22,0,50,55,55,70
67,12,20,0,40,55,70,70
67,13,17,0,20,75,70,70
67,14,16,1,20,75,60,70
67,15,19,1,20,75,60,70
67,16,37,1,30,75,60,70
67,17,41,0,20,90,60,70
67,18,37,1,30,90,60,70
67,19,42,1,30,95,60,70
67,20,15,1,30,100,60,70
67,21,45,1,30,110,60,70
67,22,45,1,30,120,60,70
67,23,48,0,30,120,60,100
67,24,9,0,20,120,60,105
67,25,43,0,40,120,50,105
67,26,12,0,35,130,50,105
67,27,24,0,30,130,50,105
67,28,10,1,45,130,40,105
67,29,48,0,45,130,40,135
67,30,15,1,45,135,40,135
67,31,30,1,45,135,50,135
67,32,3,1,35,135,50,145
67,33,14,1,35,145,50,145
67,34,42,1,35,150,50,145
67,35,13,1,40,155,50,145
67,36,46,0,30,155,50,160
67,37,47,0,30,155,50,175
67,38,10,0,20,165,50,175
67,39,5,0,10,165,55,175
67,40,12,1,15,165,55,175
67,41,5,0,5,165,60,175
67,42,1,0,15,165,50,175
67,43,37,0,0,185,50,175
67,44,42,0,-15,185,50,190
67,45,2,1,-10,185,40,190
67,46,8,1,-25,185,40,200
67,47,6,0,-15,185,35,200
67,48,20,1,-15,195,20,200
67,49,39,0,-25,210,20,200
67,50,27,1,-25,225,15,200
67,51,2,0,-35,225,35,200
67,52,30,1,-35,225,45,200
67,53,13,1,-30,230,45,200
67,54,29,0,-50,230,50,200
67,55,10,0,-60,240,50,200
67,56,48,1,-60,240,50,200
67,57,41,1,-55,230,50,200
67,58,10,1,-40,230,40,200
67,59,20,1,-40,240,25,200
67,60,15,0,-25,235,25,200
67,61,46,1,-20,235,25,200
67,62,42,0,-35,235,25,215
67,63,26,0,-45,235,25,225
67,64,9,1,-40,235,25,225
67,65,4,1,-30,235,25,225
67,66,26,0,-40,235,25,235
67,67,29,0,-60,235,30,235
67,68,6,0,-50,235,25,235
67,69,40,0,-50,245,15,235
67,70,1,1,-60,245,15,240
67,71,1,1,-70,245,15,245
67,72,39,0,-80,260,15,245
67,73,19,1,-80,260,15,245
67,74,14,0,-80,260,15,255
67,75,25,1,-80,270,15,255
67,76,40,0,-80,280,5,255
67,77,38,1,-75,280,5,255
67,78,13,1,-70,285,5,255
67,79,37,1,-60,285,5,255
67,80,1,0,-50,285,-5,255
67,81,47,1,-50,285,-5,255
67,82,20,1,-50,295,-20,255
67,83,40,1,-50,285,-10,255
67,84,40,0,-50,295,-20,255
67,85,6,1,-60,295,-20,265
67,86,8,1,-75,295,-20,275
67,87,5,0,-85,295,-15,275
67,88,39,1,-80,295,-15,275
67,89,43,0,-60,295,-25,275
67,90,14,0,-60,295,-25,285
67,91,19,0,-60,295,-25,285
67,92,16,1,-60,295,-35,285
67,93,6,0,-50,295,-40,285
67,94,16,1,-50,295,-50,285
67,95,11,0,-55,295,-50,285
67,96,10,1,-40,295,-60,285
67,97,42,1,-40,300,-60,285
67,98,10,1,-25,300,-70,285
67,99,37,0,-40,320,-70,285
68,0,1,1,40,50,50,55
68,1,37,0,25,70,50,55
68,2,12,0,20,80,50,55
68,3,15,1,20,85,50,55
68,4,25,1,20,95,50,55
68,5,24,1,25,95,50,55
68,6,4,0,10,110,50,55
68,7,15,1,10,115,50,55
68,8,48,1,10,115,50,55
68,9,38,0,0,125,50,55
68,10,29,0,-20,125,55,55
68,11,8,0,-20,130,45,55
68,12,46,0,-30,130,45,70
68,13,45,1,-30,140,45,70
68,14,7,0,-45,150,45,70
68,15,7,1,-40,150,45,70
68,16,9,1,-35,150,45,70
68,17,48,0,-35,150,45,100
68,18,28,1,-25,150,45,100
68,19,18,1,-15,150,45,100
68,20,22,1,-15,155,35,100
68,21,10,0,-25,165,35,100
68,22,11,1,-20,165,35,100
68,23,26,1,-10,165,30,100
68,24,48,0,-10,165,30,130
68,25,7,1,-5,165,30,130
68,26,42,1,-5,170,30,130
68,27,38,0,-15,180,30,130
68,28,48,0,-15,180,30,160
68,29,21,1,-10,180,20,160
68,30,14,1,-10,190,20,160
68,31,13,0,-10,190,20,180
68,32,40,0,-10,200,10,180
68,33,46,0,-20,200,10,195
68,34,5,1,-15,200,0,195
68,35,26,1,-5,200,-5,195
68,36,43,0,15,200,-15,195
68,37,46,1,20,200,-15,195
68,38,39,0,10,215,-15,195
68,39,2,0,0,215,5,195
68,40,4,0,-15,230,5,195
68,41,5,1,-10,230,-5,195
68,42,8,0,-10,235,-15,195
68,43,38,1,-5,235,-15,195
68,44,45,1,-5,245,-15,195
68,45,18,0,-35,245,-15,225
68,46,8,0,-35,250,-25,225
68,47,22,0,-45,250,-15,225
68,48,27,1,-45,265,-20,225
68,49,20,1,-45,275,-35,225
68,50,16,0,-60,285,-35,225
68,51,46,1,-55,285,-35,225
68,52,39,1,-50,285,-35,225
68,53,27,1,-50,300,-40,225
68,54,24,0,-55,300,-40,225
68,55,8,1,-70,300,-40,235
68,56,9,1,-65,300,-40,235
68,57,23,0,-75,300,-40,245
68,58,11,0,-80,300,-40,245
68,59,30,1,-80,300,-30,245
68,60,7,1,-75,300,-30,245
68,61,48,1,-75,300,-30,245
68,62,6,0,-65,300,-35,245
68,63,36,1,-65,310,-35,245
68,64,7,1,-60,310,-35,245
68,65,42,1,-60,315,-35,245
68,66,3,0,-45,315,-40,245
68,67,22,1,-45,320,-50,245
68,68,36,0,-45,315,-50,260
68,69,48,1,-45,315,-50,260
68,70,27,1,-45,330,-55,260
68,71,16,0,-60,340,-55,260
68,72,47,0,-60,340,-55,275
68,73,19,0,-60,340,-55,275
68,74,47,0,-60,340,-55,290
68,75,22,1,-60,345,-65,290
68,76,9,0,-70,345,-65,295
68,77,12,0,-75,355,-65,295
68,78,45,0,-75,355,-65,310
68,79,44,1,-70,355,-65,310
68,80,43,1,-70,355,-60,305
68,81,24,1,-65,355,-60,305
68,82,16,1,-65,355,-70,305
68,83,40,1,-65,345,-60,305
68,84,6,0,-55,345,-65,305
68,85,22,1,-55,350,-75,305
68,86,43,1,-55,350,-70,300
68,87,46,0,-65,350,-70,315
68,88,2,1,-60,350,-80,315
68,89,37,1,-50,350,-80,315
68,90,10,1,-35,350,-90,315
68,91,22,1,-35,355,-100,315
68,92,48,0,-35,355,-100,345
68,93,1,0,-25,355,-110,345
68,94,44,1,-20,355,-110,345
68,95,9,1,-15,355,-110,345
68,96,39,1,-10,355,-110,345
68,97,48,0,-10,355,-110,375
68,98,44,1,-5,355,-110,375
68,99,7,1,0,355,-110,375
69,0,19,0,50,50,50,50
69,1,40,0,50,60,40,50
69,2,12,1,55,60,40,50
69,3,43,0,75,60,30,50
69,4,47,1,75,60,30,50
69,5,41,0,65,75,30,50
69,6,26,1,75,75,25,50
69,7,46,1,80,75,25,50
69,8,43,1,80,75,30,45
69,9,10,0,70,85,30,45
69,10,7,0,55,95,30,45
69,11,44,1,60,95,30,45
69,12,13,0,60,95,30,65
69,13,18,0,30,95,30,95
69,14,44,0,30,95,40,105
69,15,1,1,20,95,40,110
69,16,41,0,10,110,40,110
69,17,30,1,10,110,50,110
69,18,29,0,-10,110,55,110
69,19,8,1,-25,110,55,120
69,20,22,1,-25,115,45,120
69,21,20,0,-35,115,60,120
69,22,20,1,-35,125,45,120
69,23,22,1,-35,130,35,120
69,24,19,1,-35,130,35,120
69,25,6,1,-45,130,35,130
69,26,15,1,-45,135,35,130
69,27,9,1,-40,135,35,130
69,28,18,1,-30,135,35,130
69,29,46,0,-40,135,35,145
69,30,46,0,-50,135,35,160
69,31,21,0,-60,135,55,160
69,32,45,1,-60,145,55,160
69,33,3,1,-70,145,55,170
69,34,46,0,-80,145,55,185
69,35,17,1,-110,145,70,185
69,36,24,1,-105,145,70,185
69,37,15,1,-105,150,70,185
69,38,12,0,-110,160,70,185
69,39,11,1,-105,160,70,185
69,40,7,0,-120,170,70,185
69,41,38,0,-130,180,70,185
69,42,23,0,-140,180,70,195
69,43,20,0,-150,180,85,195
69,44,27,0,-140,170,85,195
69,45,48,1,-140,170,85,195
69,46,21,1,-135,170,75,195
69,47,25,0,-135,165,75,195
69,48,27,1,-135,180,70,195
69,49,29,0,-155,180,75,195
69,50,7,1,-150,180,75,195
69,51,20,1,-150,190,60,195
69,52,13,1,-145,195,60,195
69,53,9,1,-140,195,60,195
69,54,45,1,-140,205,60,195
69,55,26,0,-150,205,60,205
69,56,11,1,-145,205,60,205
69,57,25,1,-145,215,60,205
69,58,29,0,-165,215,65,205
69,59,1,1,-175,215,65,210
69,60,8,1,-190,215,65,220
69,61,3,0,-175,215,60,220
69,62,29,0,-195,215,65,220
69,63,16,0,-210,225,65,220
69,64,13,1,-205,230,65,220
69,65,43,0,-185,230,55,220
69,66,23,1,-185,235,50,220
69,67,9,1,-180,235,50,220
69,68,43,0,-160,235,40,220
69,69,4,1,-150,235,40,220
69,70,12,1,-145,235,40,220
69,71,13,1,-140,240,40,220
69,72,6,1,-150,240,40,230
69,73,14,1,-150,250,40,230
69,74,29,1,-150,270,20,230
69,75,2,0,-160,270,40,230
69,76,6,1,-170,270,40,240
69,77,47,1,-170,270,40,240
69,78,20,1,-170,280,25,240
69,79,16,1,-170,280,15,240
69,80,10,0,-180,290,15,240
69,81,18,0,-210,290,15,270
69,82,4,0,-225,305,15,270
69,83,38,1,-220,305,15,270
69,84,14,1,-220,315,15,270
69,85,40,1,-220,305,25,270
69,86,25,1,-220,315,25,270
69,87,38,1,-215,315,25,270
69,88,47,1,-215,315,25,270
69,89,9,0,-225,315,25,275
69,90,42,1,-225,320,25,275
69,91,1,0,-215,320,15,275
69,92,4,0,-230,335,15,275
69,93,15,1,-230,340,15,275
69,94,10,0,-240,350,15,275
69,95,18,0,-270,350,15,305
69,96,30,1,-270,350,25,305
69,97,29,0,-290,350,30,305
69,98,12,1,-285,350,30,305
69,99,16,1,-285,350,20,305
70,0,18,1,60,50,50,50
70,1,10,0,50,60,50,50
70,2,8,0,50,65,40,50
70,3,23,0,40,65,40,60
70,4,15,0,55,60,40,60
70,5,41,1,60,50,40,60
70,6,14,1,60,60,40,60
70,7,43,0,80,60,30,60
70,8,30,0,80,60,20,85
70,9,26,1,90,60,15,85
70,10,7,1,95,60,15,85
70,11,14,1,95,70,15,85
70,12,25,1,95,80,15,85
70,13,7,0,80,90,15,85
70,14,37,1,90,90,15,85
70,15,23,0,80,90,15,95
70,16,42,0,65,90,15,110
70,17,44,1,70,90,15,110
70,18,4,0,55,105,15,110
70,19,22,1,55,110,5,110
70,20,38,1,60,110,5,110
70,21,27,1,60,125,0,110
70,22,19,1,60,125,0,110
70,23,42,0,45,125,0,125
70,24,7,1,50,125,0,125
70,25,40,0,50,135,-10,125
70,26,1,1,40,135,-10,130
70,27,29,0,20,135,-5,130
70,28,5,0,10,135,0,130
70,29,27,0,20,125,0,130
70,30,44,0,20,125,10,140
70,31,36,1,20,135,10,140
70,32,25,1,20,145,10,140
70,33,15,0,35,140,10,140
70,34,36,0,35,135,10,155
70,35,27,0,45,125,10,155
70,36,45,0,45,125,10,170
70,37,40,1,45,115,20,170
70,38,12,1,50,115,20,170
70,39,48,0,50,115,20,200
70,40,42,0,35,115,20,215
70,41,21,1,40,115,10,215
70,42,21,1,45,115,0,215
70,43,17,1,15,115,15,215
70,44,1,1,5,115,15,220
70,45,2,1,10,115,5,220
70,46,43,0,30,115,-5,220
70,47,13,1,35,120,-5,220
70,48,46,1,40,120,-5,220
70,49,17,0,20,140,-5,220
70,50,7,0,5,150,-5,220
70,51,21,0,-5,150,15,220
70,52,38,0,-15,160,15,220
70,53,22,0,-25,160,25,220
70,54,40,1,-25,150,35,220
70,55,36,1,-25,160,35,220
70,56,48,0,-25,160,35,250
70,57,20,0,-35,160,50,250
70,58,16,0,-50,170,50,250
70,59,36,1,-50,180,50,250
70,60,36,1,-50,190,50,250
70,61,9,0,-60,190,50,255
70,62,36,0,-60,185,50,270
70,63,37,1,-50,185,50,270
70,64,13,0,-50,185,50,290
70,65,22,1,-50,190,40,290
70,66,46,0,-60,190,40,305
70,67,38,1,-55,190,40,305
70,68,8,0,-55,195,30,305
70,69,23,1,-55,200,25,305
70,70,8,1,-70,200,25,315
70,71,11,0,-75,200,25,315
70,72,19,1,-75,200,25,315
70,73,40,1,-75,190,35,315
70,74,12,0,-80,200,35,315
70,75,19,0,-80,200,35,315
70,76,30,0,-80,200,25,340
70,77,38,0,-90,210,25,340
70,78,19,1,-90,210,25,340
70,79,3,1,-100,210,25,350
70,80,15,0,-85,205,25,350
70,81,44,0,-85,205,35,360
70,82,30,0,-85,205,25,385
70,83,45,0,-85,205,25,400
70,84,40,1,-85,195,35,400
70,85,2,0,-95,195,55,400
70,86,28,1,-85,195,55,400
70,87,1,0,-75,195,45,400
70,88,22,1,-75,200,35,400
70,89,1,1,-85,200,35,405
70,90,37,0,-100,220,35,405
70,91,15,1,-100,225,35,405
70,92,17,1,-130,225,50,405
70,93,41,0,-140,240,50,405
70,94,41,1,-135,230,50,405
70,95,36,1,-135,240,50,405
70,96,18,1,-125,240,50,405
70,97,17,0,-145,260,50,405
70,98,37,0,-160,280,50,405
70,99,46,0,-170,280,50,420
71,0,13,1,55,55,50,50
71,1,27,0,65,45,50,50
71,2,26,1,75,45,45,50
71,3,19,1,75,45,45,50
71,4,37,0,60,65,45,50
71,5,8,1,45,65,45,60
71,6,39,1,50,65,45,60
71,7,42,1,50,70,45,60
71,8,40,1,50,60,55,60
71,9,37,1,60,60,55,60
71,10,12,1,65,60,55,60
71,11,26,0,55,60,55,70
71,12,43,0,75,60,45,70
71,13,10,1,90,60,35,70
71,14,6,1,80,60,35,80
71,15,23,0,70,60,35,90
71,16,46,0,60,60,35,105
71,17,26,1,70,60,30,105
71,18,16,0,55,70,30,105
71,19,7,0,40,80,30,105
71,20,1,0,50,80,20,105
71,21,45,1,50,90,20,105
71,22,28,1,60,90,20,105
71,23,46,0,50,90,20,120
71,24,28,0,30,90,20,135
71,25,43,1,30,90,25,130
71,26,17,0,10,110,25,130
71,27,40,1,10,100,35,130
71,28,5,1,15,100,25,130
71,29,9,1,20,100,25,130
71,30,41,1,25,90,25,130
71,31,11,0,20,90,25,130
71,32,44,1,25,90,25,130
71,33,3,0,40,90,20,130
71,34,22,1,40,95,10,130
71,35,1,0,50,95,0,130
71,36,18,1,60,95,0,130
71,37,14,0,60,95,0,140
71,38,19,1,60,95,0,140
71,39,12,1,65,95,0,140
71,40,15,0,80,90,0,140
71,41,43,1,80,90,5,135
71,42,16,1,80,90,-5,135
71,43,45,0,80,90,-5,150
71,44,29,0,60,90,0,150
71,45,20,1,60,100,-15,150
71,46,17,0,40,120,-15,150
71,47,39,1,45,120,-15,150
71,48,11,1,50,120,-15,150
71,49,4,1,60,120,-15,150
71,50,27,1,60,135,-20,150
71,51,27,0,70,125,-20,150
71,52,18,1,80,125,-20,150
71,53,7,1,85,125,-20,150
71,54,5,0,75,125,-15,150
71,55,47,0,75,125,-15,165
71,56,1,0,85,125,-25,165
71,57,47,1,85,125,-25,165
71,58,11,1,90,125,-25,165
71,59,38,1,95,125,-25,165
71,60,43,1,95,125,-20,160
71,61,48,0,95,125,-20,190
71,62,11,1,100,125,-20,190
71,63,29,1,100,145,-40,190
71,64,26,1,110,145,-45,190
71,65,46,1,115,145,-45,190
71,66,47,0,115,145,-45,205
71,67,21,1,120,145,-55,205
71,68,15,0,135,140,-55,205
71,69,15,1,135,145,-55,205
71,70,4,0,120,160,-55,205
71,71,48,0,120,160,-55,235
71,72,19,0,120,160,-55,235
71,73,42,1,120,165,-55,235
71,74,12,1,125,165,-55,235
71,75,4,0,110,180,-55,235
71,76,22,0,100,180,-45,235
71,77,21,1,105,180,-55,235
71,78,16,1,105,180,-65,235
71,79,39,1,110,180,-65,235
71,80,39,0,100,195,-65,235
71,81,17,1,70,195,-50,235
71,82,45,0,70,195,-50,250
71,83,10,1,85,195,-60,250
71,84,44,1,90,195,-60,250
71,85,10,0,80,205,-60,250
71,86,23,1,80,210,-65,250
71,87,41,0,70,225,-65,250
71,88,28,0,50,225,-65,265
71,89,38,1,55,225,-65,265
71,90,7,0,40,235,-65,265
71,91,41,0,30,250,-65,265
71,92,42,1,30,255,-65,265
71,93,44,0,30,255,-55,275
71,94,10,1,45,255,-65,275
71,95,19,0,45,255,-65,275
71,96,1,0,55,255,-75,275
71,97,38,0,45,265,-75,275
71,98,44,1,50,265,-75,275
71,99,12,0,45,275,-75,275
72,0,36,1,50,60,50,50
72,1,13,1,55,65,50,50
72,2,21,1,60,65,40,50
72,3,29,1,60,85,20,50
72,4,13,1,65,90,20,50
72,5,1,0,75,90,10,50
72,6,41,0,65,105,10,50
72,7,17,0,45,125,10,50
72,8,4,1,55,125,10,50
72,9,48,1,55,125,10,50
72,10,42,0,40,125,10,65
72,11,3,0,55,125,5,65
72,12,17,1,25,125,20,65
72,13,7,0,10,135,20,65
72,14,10,0,0,145,20,65
72,15,37,0,-15,165,20,65
72,16,43,1,-15,165,25,60
72,17,43,0,5,165,15,60
72,18,13,0,5,165,15,80
72,19,42,0,-10,165,15,95
72,20,18,0,-40,165,15,125
72,21,40,1,-40,155,25,125
72,22,4,0,-55,170,25,125
72,23,48,1,-55,170,25,125
72,24,39,0,-65,185,25,125
72,25,11,0,-70,185,25,125
72,26,5,1,-65,185,15,125
72,27,43,0,-45,185,5,125
72,28,30,0,-45,185,-5,150
72,29,12,1,-40,185,-5,150
72,30,5,0,-50,185,0,150
72,31,24,1,-45,185,0,150
72,32,2,1,-40,185,-10,150
72,33,39,0,-50,200,-10,150
72,34,21,0,-60,200,10,150
72,35,28,0,-80,200,10,165
72,36,46,0,-90,200,10,180
72,37,41,1,-85,190,10,180
72,38,15,1,-85,195,10,180
72,39,23,1,-85,200,5,180
72,40,41,0,-95,215,5,180
72,41,48,1,-95,215,5,180
72,42,1,1,-105,215,5,185
72,43,47,0,-105,215,5,200
72,44,18,1,-95,215,5,200
72,45,11,0,-100,215,5,200
72,46,12,0,-105,225,5,200
72,47,24,1,-100,225,5,200
72,48,18,1,-90,225,5,200
72,49,29,0,-110,225,10,200
72,50,36,0,-110,220,10,215
72,51,3,1,-120,220,10,225
72,52,37,0,-135,240,10,225
72,53,10,0,-145,250,10,225
72,54,1,1,-155,250,10,230
72,55,14,1,-155,260,10,230
72,56,25,1,-155,270,10,230
72,57,38,0,-165,280,10,230
72,58,4,1,-155,280,10,230
72,59,27,0,-145,270,10,230
72,60,48,0,-145,270,10,260
72,61,43,0,-125,270,0,260
72,62,6,0,-115,270,-5,260
72,63,40,0,-115,280,-15,260
72,64,48,0,-115,280,-15,290
72,65,22,0,-125,280,-5,290
72,66,44,0,-125,280,5,300
72,67,41,1,-120,270,5,300
72,68,30,0,-120,270,-5,325
72,69,24,1,-115,270,-5,325
72,70,3,1,-125,270,-5,335
72,71,23,0,-135,270,-5,345
72,72,24,1,-130,270,-5,345
72,73,22,0,-140,270,5,345
72,74,36,1,-140,280,5,345
72,75,25,1,-140,290,5,345
72,76,11,0,-145,290,5,345
72,77,45,0,-145,290,5,360
72,78,15,1,-145,295,5,360
72,79,17,1,-175,295,20,360
72,80,1,1,-185,295,20,365
72,81,2,1,-180,295,10,365
72,82,13,1,-175,300,10,365
72,83,41,0,-185,315,10,365
72,84,23,0,-195,315,10,375
72,85,40,1,-195,305,20,375
72,86,3,1,-205,305,20,385
72,87,42,1,-205,310,20,385
72,88,26,1,-195,310,15,385
72,89,14,1,-195,320,15,385
72,90,29,1,-195,340,-5,385
72,91,25,0,-195,335,-5,385
72,92,29,1,-195,355,-25,385
72,93,29,0,-215,355,-20,385
72,94,30,1,-215,355,-10,385
72,95,27,0,-205,345,-10,385
72,96,19,1,-205,345,-10,385
72,97,42,0,-220,345,-10,400
72,98,6,1,-230,345,-10,410
72,99,22,1,-230,350,-20,410
73,0,16,1,50,50,40,50
73,1,45,0,50,50,40,65
73,2,43,0,70,50,30,65
73,3,48,1,70,50,30,65
73,4,3,0,85,50,25,65
73,5,30,0,85,50,15,90
73,6,7,0,70,60,15,90
73,7,21,0,60,60,35,90
73,8,6,1,50,60,35,100
73,9,1,1,40,60,35,105
73,10,12,1,45,60,35,105
73,11,19,0,45,60,35,105
73,12,11,1,50,60,35,105
73,13,21,0,40,60,55,105
73,14,4,0,25,75,55,105
73,15,21,1,30,75,45,105
73,16,3,0,45,75,40,105
73,17,36,1,45,85,40,105
73,18,45,1,45,95,40,105
73,19,44,1,50,95,40,105
73,20,27,1,50,110,35,105
73,21,7,1,55,110,35,105
73,22,30,0,55,110,25,130
73,23,2,0,45,110,45,130
73,24,27,0,55,100,45,130
73,25,13,1,60,105,45,130
73,26,14,1,60,115,45,130
73,27,42,0,45,115,45,145
73,28,18,1,55,115,45,145
73,29,12,1,60,115,45,145
73,30,30,0,60,115,35,170
73,31,11,0,55,115,35,170
73,32,41,0,45,130,35,170
73,33,41,0,35,145,35,170
73,34,11,1,40,145,35,170
73,35,23,1,40,150,30,170
73,36,15,1,40,155,30,170
73,37,44,0,40,155,40,180
73,38,14,0,40,155,40,190
73,39,45,1,40,165,40,190
73,40,29,1,40,185,20,190
73,41,19,0,40,185,20,190
73,42,20,0,30,185,35,190
73,43,44,0,30,185,45,200
73,44,7,0,15,195,45,200
73,45,21,1,20,195,35,200
73,46,7,1,25,195,35,200
73,47,29,0,5,195,40,200
73,48,21,1,10,195,30,200
73,49,4,0,-5,210,30,200
73,50,46,1,0,210,30,200
73,51,38,1,5,210,30,200
73,52,26,1,15,210,25,200
73,53,37,0,0,230,25,200
73,54,12,1,5,230,25,200
73,55,46,0,-5,230,25,215
73,56,42,0,-20,230,25,230
73,57,43,0,0,230,15,230
73,58,17,1,-30,230,30,230
73,59,11,1,-25,230,30,230
73,60,6,1,-35,230,30,240
73,61,16,0,-50,240,30,240
73,62,15,0,-35,235,30,240
73,63,36,0,-35,230,30,255
73,64,13,0,-35,230,30,275
73,65,9,0,-45,230,30,280
73,66,12,0,-50,240,30,280
73,67,44,0,-50,240,40,290
73,68,27,1,-50,255,35,290
73,69,29,1,-50,275,15,290
73,70,43,0,-30,275,5,290
73,71,38,1,-25,275,5,290
73,72,41,0,-35,290,5,290
73,73,44,1,-30,290,5,290
73,74,10,0,-40,300,5,290
73,75,11,0,-45,300,5,290
73,76,2,0,-55,300,25,290
73,77,30,1,-55,300,35,290
73,78,41,1,-50,290,35,290
73,79,42,0,-65,290,35,305
73,80,39,0,-75,305,35,305
73,81,17,0,-95,325,35,305
73,82,42,0,-110,325,35,320
73,83,46,1,-105,325,35,320
73,84,15,1,-105,330,35,320
73,85,43,0,-85,330,25,320
73,86,7,1,-80,330,25,320
73,87,9,0,-90,330,25,325
73,88,7,1,-85,330,25,325
73,89,24,1,-80,330,25,325
73,90,4,0,-95,345,25,325
73,91,10,1,-80,345,15,325
73,92,13,0,-80,345,15,345
73,93,5,1,-75,345,5,345
73,94,26,1,-65,345,0,345
73,95,25,0,-65,340,0,345
73,96,11,1,-60,340,0,345
73,97,38,0,-70,350,0,345
73,98,3,0,-55,350,-5,345
73,99,21,1,-50,350,-15,345
74,0,1,0,60,50,40,50
74,1,44,1,65,50,40,50
74,2,44,1,70,50,40,50
74,3,10,1,85,50,30,50
74,4,25,0,85,45,30,50
74,5,42,1,85,50,30,50
74,6,11,0,80,50,30,50
74,7,28,0,60,50,30,65
74,8,21,1,65,50,20,65
74,9,40,0,65,60,10,65
74,10,30,0,65,60,0,90
74,11,10,0,55,70,0,90
74,12,37,1,65,70,0,90
74,13,21,1,70,70,-10,90
74,14,18,0,40,70,-10,120
74,15,8,0,40,75,-20,120
74,16,29,1,40,95,-40,120
74,17,16,0,25,105,-40,120
74,18,30,0,25,105,-50,145
74,19,11,1,30,105,-50,145
74,20,15,0,45,100,-50,145
74,21,1,0,55,100,-60,145
74,22,10,0,45,110,-60,145
74,23,26,1,55,110,-65,145
74,24,1,0,65,110,-75,145
74,25,6,0,75,110,-80,145
74,26,17,1,45,110,-65,145
74,27,25,1,45,120,-65,145
74,28,24,0,40,120,-65,145
74,29,5,1,45,120,-75,145
74,30,13,1,50,125,-75,145
74,31,16,1,50,125,-85,145
74,32,48,1,50,125,-85,145
74,33,45,0,50,125,-85,160
74,34,19,0,50,125,-85,160
74,35,42,1,50,130,-85,160
74,36,44,0,50,130,-75,170
74,37,21,0,40,130,-55,170
74,38,5,1,45,130,-65,170
74,39,17,1,15,130,-50,170
74,40,22,0,5,130,-40,170
74,41,14,0,5,130,-40,180
74,42,14,1,5,140,-40,180
74,43,41,0,-5,155,-40,180
74,44,1,1,-15,155,-40,185
74,45,6,0,-5,155,-45,185
74,46,36,1,-5,165,-45,185
74,47,6,1,-15,165,-45,195
74,48,26,1,-5,165,-50,195
74,49,2,1,0,165,-60,195
74,50,9,0,-10,165,-60,200
74,51,8,0,-10,170,-70,200
74,52,8,0,-10,175,-80,200
74,53,21,0,-20,175,-60,200
74,54,37,1,-10,175,-60,200
74,55,14,0,-10,175,-60,210
74,56,43,1,-10,175,-55,205
74,57,30,0,-10,175,-65,230
74,58,38,1,-5,175,-65,230
74,59,44,1,0,175,-65,230
74,60,27,0,10,165,-65,230
74,61,7,0,-5,175,-65,230
74,62,19,1,-5,175,-65,230
74,63,12,0,-10,185,-65,230
74,64,25,1,-10,195,-65,230
74,65,20,1,-10,205,-80,230
74,66,39,0,-20,220,-80,230
74,67,5,1,-15,220,-90,230
74,68,10,0,-25,230,-90,230
74,69,46,0,-35,230,-90,245
74,70,27,0,-25,220,-90,245
74,71,46,1,-20,220,-90,245
74,72,19,0,-20,220,-90,245
74,73,19,0,-20,220,-90,245
74,74,45,1,-20,230,-90,245
74,75,21,1,-15,230,-100,245
74,76,45,1,-15,240,-100,245
74,77,36,0,-15,235,-100,260
74,78,45,1,-15,245,-100,260
74,79,7,0,-30,255,-100,260
74,80,40,1,-30,245,-90,260
74,81,11,0,-35,245,-90,260
74,82,43,1,-35,245,-85,255
74,83,23,0,-45,245,-85,265
74,84,40,1,-45,235,-75,265
74,85,26,1,-35,235,-80,265
74,86,47,1,-35,235,-80,265
74,87,36,1,-35,245,-80,265
74,88,37,1,-25,245,-80,265
74,89,3,1,-35,245,-80,275
74,90,9,0,-45,245,-80,280
74,91,13,0,-45,245,-80,300
74,92,25,0,-45,240,-80,300
74,93,41,0,-55,255,-80,300
74,94,18,0,-85,255,-80,330
74,95,1,0,-75,255,-90,330
74,96,41,0,-85,270,-90,330
74,97,21,0,-95,270,-70,330
74,98,40,1,-95,260,-60,330
74,99,26,1,-85,260,-65,330
75,0,3,1,40,50,50,60
75,1,30,1,40,50,60,60
75,2,19,1,40,50,60,60
75,3,11,1,45,50,60,60
75,4,13,1,50,55,60,60
75,5,6,1,40,55,60,70
75,6,11,1,45,55,60,70
75,7,17,0,25,75,60,70
75,8,8,1,10,75,60,80
75,9,27,0,20,65,60,80
75,10,47,0,20,65,60,95
75,11,44,0,20,65,70,105
75,12,39,0,10,80,70,105
75,13,14,1,10,90,70,105
75,14,48,0,10,90,70,135
75,15,11,0,5,90,70,135
75,16,15,0,20,85,70,135
75,17,3,1,10,85,70,145
75,18,44,0,10,85,80,155
75,19,42,0,-5,85,80,170
75,20,2,1,0,85,70,170
75,21,24,0,-5,85,70,170
75,22,46,0,-15,85,70,185
75,23,9,1,-10,85,70,185
75,24,8,0,-10,90,60,185
75,25,43,0,10,90,50,185
75,26,4,1,20,90,50,185
75,27,5,1,25,90,40,185
75,28,19,0,25,90,40,185
75,29,47,1,25,90,40,185
75,30,4,1,35,90,40,185
75,31,13,1,40,95,40,185
75,32,36,0,40,90,40,200
75,33,40,1,40,80,50,200
75,34,19,1,40,80,50,200
75,35,7,0,25,90,50,200
75,36,8,0,25,95,40,200
75,37,11,1,30,95,40,200
75,38,9,0,20,95,40,205
75,39,17,0,0,115,40,205
75,40,4,1,10,115,40,205
75,41,28,0,-10,115,40,220
75,42,13,1,-5,120,40,220
75,43,40,1,-5,110,50,220
75,44,4,0,-20,125,50,220
75,45,23,1,-20,130,45,220
75,46,47,1,-20,130,45,220
75,47,6,1,-30,130,45,230
75,48,24,0,-35,130,45,230
75,49,25,0,-35,125,45,230
75,50,17,0,-55,145,45,230
75,51,46,0,-65,145,45,245
75,52,38,0,-75,155,45,245
75,53,48,0,-75,155,45,275
75,54,29,0,-95,155,50,275
75,55,15,1,-95,160,50,275
75,56,16,1,-95,160,40,275
75,57,22,0,-105,160,50,275
75,58,9,1,-100,160,50,275
75,59,9,1,-95,160,50,275
75,60,19,0,-95,160,50,275
75,61,37,1,-85,160,50,275
75,62,22,1,-85,165,40,275
75,63,48,0,-85,165,40,305
75,64,45,0,-85,165,40,320
75,65,6,1,-95,165,40,330
75,66,4,0,-110,180,40,330
75,67,8,0,-110,185,30,330
75,68,48,0,-110,185,30,360
75,69,11,0,-115,185,30,360
75,70,3,0,-100,185,25,360
75,71,47,1,-100,185,25,360
75,72,18,0,-130,185,25,390
75,73,37,1,-120,185,25,390
75,74,6,0,-110,185,20,390
75,75,40,0,-110,195,10,390
75,76,46,0,-120,195,10,405
75,77,25,1,-120,205,10,405
75,78,25,1,-120,215,10,405
75,79,38,1,-115,215,10,405
75,80,42,1,-115,220,10,405
75,81,23,1,-115,225,5,405
75,82,16,1,-115,225,-5,405
75,83,40,1,-115,215,5,405
75,84,5,1,-110,215,-5,405
75,85,36,0,-110,210,-5,420
75,86,42,1,-110,215,-5,420
75,87,6,1,-120,215,-5,430
75,88,8,0,-120,220,-15,430
75,89,16,0,-135,230,-15,430
75,90,30,1,-135,230,-5,430
75,91,1,0,-125,230,-15,430
75,92,13,0,-125,230,-15,450
75,93,40,1,-125,220,-5,450
75,94,13,1,-120,225,-5,450
75,95,40,0,-120,235,-15,450
75,96,27,0,-110,225,-15,450
75,97,30,1,-110,225,-5,450
75,98,14,1,-110,235,-5,450
75,99,16,0,-125,245,-5,450
76,0,41,0,40,65,50,50
76,1,14,1,40,75,50,50
76,2,11,0,35,75,50,50
76,3,37,1,45,75,50,50
76,4,1,1,35,75,50,55
76,5,14,0,35,75,50,65
76,6,12,1,40,75,50,65
76,7,11,0,35,75,50,65
76,8,20,1,35,85,35,65
76,9,41,0,25,100,35,65
76,10,13,1,30,105,35,65
76,11,16,1,30,105,25,65
76,12,10,1,45,105,15,65
76,13,7,1,50,105,15,65
76,14,20,1,50,115,0,65
76,15,1,1,40,115,0,70
76,16,40,1,40,105,10,70
76,17,12,1,45,105,10,70
76,18,4,1,55,105,10,70
76,19,8,0,55,110,0,70
76,20,36,1,55,120,0,70
76,21,4,0,40,135,0,70
76,22,4,1,50,135,0,70
76,23,14,1,50,145,0,70
76,24,8,0,50,150,-10,70
76,25,9,1,55,150,-10,70
76,26,44,1,60,150,-10,70
76,27,46,0,50,150,-10,85
76,28,17,1,20,150,5,85
76,29,5,1,25,150,-5,85
76,30,47,0,25,150,-5,100
76,31,15,1,25,155,-5,100
76,32,48,1,25,155,-5,100
76,33,20,0,15,155,10,100
76,34,47,0,15,155,10,115
76,35,30,1,15,155,20,115
76,36,45,0,15,155,20,130
76,37,3,1,5,155,20,140
76,38,21,0,-5,155,40,140
76,39,23,0,-15,155,40,150
76,40,40,0,-15,165,30,150
76,41,23,0,-25,165,30,160
76,42,11,1,-20,165,30,160
76,43,15,0,-5,160,30,160
76,44,38,0,-15,170,30,160
76,45,2,0,-25,170,50,160
76,46,5,1,-20,170,40,160
76,47,3,0,-5,170,35,160
76,48,15,1,-5,175,35,160
76,49,1,0,5,175,25,160
76,50,42,1,5,180,25,160
76,51,19,0,5,180,25,160
76,52,39,1,10,180,25,160
76,53,2,0,0,180,45,160
76,54,30,1,0,180,55,160
76,55,9,0,-10,180,55,165
76,56,9,0,-20,180,55,170
76,57,16,1,-20,180,45,170
76,58,19,0,-20,180,45,170
76,59,25,0,-20,175,45,170
76,60,42,0,-35,175,45,185
76,61,26,1,-25,175,40,185
76,62,25,0,-25,170,40,185
76,63,11,0,-30,170,40,185
76,64,36,0,-30,165,40,200
76,65,21,0,-40,165,60,200
76,66,44,1,-35,165,60,200
76,67,43,1,-35,165,65,195
76,68,18,0,-65,165,65,225
76,69,42,1,-65,170,65,225
76,70,26,0,-75,170,65,235
76,71,16,0,-90,180,65,235
76,72,25,1,-90,190,65,235
76,73,9,0,-100,190,65,240
76,74,29,0,-120,190,70,240
76,75,19,1,-120,190,70,240
76,76,18,1,-110,190,70,240
76,77,30,0,-110,190,60,265
76,78,14,0,-110,190,60,275
76,79,45,0,-110,190,60,290
76,80,7,0,-125,200,60,290
76,81,26,0,-135,200,60,300
76,82,2,0,-145,200,80,300
76,83,38,0,-155,210,80,300
76,84,7,1,-150,210,80,300
76,85,23,1,-150,215,75,300
76,86,23,0,-160,215,75,310
76,87,18,1,-150,215,75,310
76,88,30,1,-150,215,85,310
76,89,10,0,-160,225,85,310
76,90,2,1,-155,225,75,310
76,91,47,0,-155,225,75,325
76,92,23,1,-155,230,70,325
76,93,40,0,-155,240,60,325
76,94,7,0,-170,250,60,325
76,95,19,0,-170,250,60,325
76,96,24,1,-165,250,60,325
76,97,2,1,-160,250,50,325
76,98,1,1,-170,250,50,330
76,99,46,0,-180,250,50,345
77,0,11,1,55,50,50,50
77,1,12,1,60,50,50,50
77,2,6,0,70,50,45,50
77,3,48,1,70,50,45,50
77,4,47,0,70,50,45,65
77,5,4,0,55,65,45,65
77,6,10,0,45,75,45,65
77,7,19,0,45,75,45,65
77,8,40,0,45,85,35,65
77,9,41,0,35,100,35,65
77,10,42,1,35,105,35,65
77,11,28,0,15,105,35,80
77,12,3,0,30,105,30,80
77,13,10,0,20,115,30,80
77,14,23,1,20,120,25,80
77,15,14,1,20,130,25,80
77,16,22,1,20,135,15,80
77,17,20,0,10,135,30,80
77,18,2,1,15,135,20,80
77,19,12,0,10,145,20,80
77,20,28,1,20,145,20,80
77,21,41,1,25,135,20,80
77,22,14,1,25,145,20,80
77,23,12,0,20,155,20,80
77,24,14,0,20,155,20,90
77,25,11,1,25,155,20,90
77,26,23,0,15,155,20,100
77,27,23,1,15,160,15,100
77,28,40,0,15,170,5,100
77,29,18,1,25,170,5,100
77,30,26,1,35,170,0,100
77,31,1,0,45,170,-10,100
77,32,19,1,45,170,-10,100
77,33,38,1,50,170,-10,100
77,34,2,0,40,170,10,100
77,35,29,1,40,190,-10,100
77,36,42,0,25,190,-10,115
77,37,29,1,25,210,-30,115
77,38,26,0,15,210,-30,125
77,39,42,1,15,215,-30,125
77,40,11,1,20,215,-30,125
77,41,17,1,-10,215,-15,125
77,42,39,1,-5,215,-15,125
77,43,40,0,-5,225,-25,125
77,44,40,1,-5,215,-15,125
77,45,8,0,-5,220,-25,125
77,46,44,0,-5,220,-15,135
77,47,24,0,-10,220,-15,135
77,48,46,1,-5,220,-15,135
77,49,10,1,10,220,-25,135
77,50,43,1,10,220,-20,130
77,51,18,1,20,220,-20,130
77,52,13,1,25,225,-20,130
77,53,17,1,-5,225,-5,130
77,54,36,1,-5,235,-5,130
77,55,19,0,-5,235,-5,130
77,56,42,0,-20,235,-5,145
77,57,25,0,-20,230,-5,145
77,58,41,1,-15,220,-5,145
77,59,11,0,-20,220,-5,145
77,60,36,0,-20,215,-5,160
77,61,22,0,-30,215,5,160
77,62,41,1,-25,205,5,160
77,63,13,1,-20,210,5,160
77,64,27,0,-10,200,5,160
77,65,48,0,-10,200,5,190
77,66,27,0,0,190,5,190
77,67,9,1,5,190,5,190
77,68,12,0,0,200,5,190
77,69,12,0,-5,210,5,190
77,70,25,1,-5,220,5,190
77,71,48,1,-5,220,5,190
77,72,4,1,5,220,5,190
77,73,39,0,-5,235,5,190
77,74,25,0,-5,230,5,190
77,75,5,1,0,230,-5,190
77,76,28,0,-20,230,-5,205
77,77,22,1,-20,235,-15,205
77,78,40,1,-20,225,-5,205
77,79,7,0,-35,235,-5,205
77,80,29,1,-35,255,-25,205
77,81,39,0,-45,270,-25,205
77,82,13,0,-45,270,-25,225
77,83,29,0,-65,270,-20,225
77,84,2,0,-75,270,0,225
77,85,25,1,-75,280,0,225
77,86,38,0,-85,290,0,225
77,87,8,0,-85,295,-10,225
77,88,40,0,-85,305,-20,225
77,89,14,0,-85,305,-20,235
77,90,26,1,-75,305,-25,235
77,91,9,0,-85,305,-25,240
77,92,8,1,-100,305,-25,250
77,93,3,1,-110,305,-25,260
77,94,26,1,-100,305,-30,260
77,95,15,0,-85,300,-30,260
77,96,27,1,-85,315,-35,260
77,97,45,0,-85,315,-35,275
77,98,29,0,-105,315,-30,275
77,99,13,1,-100,320,-30,275
78,0,45,1,50,60,50,50
78,1,16,1,50,60,40,50
78,2,29,0,30,60,45,50
78,3,43,1,30,60,50,45
78,4,27,0,40,50,50,45
78,5,29,0,20,50,55,45
78,6,6,1,10,50,55,55
78,7,10,1,25,50,45,55
78,8,47,0,25,50,45,70
78,9,38,0,15,60,45,70
78,10,12,1,20,60,45,70
78,11,28,1,30,60,45,70
78,12,4,0,15,75,45,70
78,13,11,0,10,75,45,70
78,14,24,1,15,75,45,70
78,15,20,0,5,75,60,70
78,16,21,0,-5,75,80,70
78,17,48,1,-5,75,80,70
78,18,26,1,5,75,75,70
78,19,19,1,5,75,75,70
78,20,13,0,5,75,75,90
78,21,8,1,-10,75,75,100
78,22,16,1,-10,75,65,100
78,23,29,0,-30,75,70,100
78,24,18,1,-20,75,70,100
78,25,36,0,-20,70,70,115
78,26,41,0,-30,85,70,115
78,27,20,1,-30,95,55,115
78,28,14,1,-30,105,55,115
78,29,6,1,-40,105,55,125
78,30,43,0,-20,105,45,125
78,31,41,0,-30,120,45,125
78,32,24,1,-25,120,45,125
78,33,14,1,-25,130,45,125
78,34,19,0,-25,130,45,125
78,35,7,1,-20,130,45,125
78,36,7,0,-35,140,45,125
78,37,38,0,-45,150,45,125
78,38,43,1,-45,150,50,120
78,39,39,1,-40,150,50,120
78,40,39,1,-35,150,50,120
78,41,4,1,-25,150,50,120
78,42,48,0,-25,150,50,150
78,43,25,0,-25,145,50,150
78,44,24,1,-20,145,50,150
78,45,21,0,-30,145,70,150
78,46,42,1,-30,150,70,150
78,47,29,1,-30,170,50,150
78,48,3,0,-15,170,45,150
78,49,26,1,-5,170,40,150
78,50,43,1,-5,170,45,145
78,51,21,0,-15,170,65,145
78,52,30,0,-15,170,55,170
78,53,2,1,-10,170,45,170
78,54,47,0,-10,170,45,185
78,55,25,1,-10,180,45,185
78,56,24,1,-5,180,45,185
78,57,27,0,5,170,45,185
78,58,38,1,10,170,45,185
78,59,8,1,-5,170,45,195
78,60,41,1,0,160,45,195
78,61,30,0,0,160,35,220
78,62,17,0,-20,180,35,220
78,63,16,0,-35,190,35,220
78,64,26,1,-25,190,30,220
78,65,37,1,-15,190,30,220
78,66,30,1,-15,190,40,220
78,67,24,0,-20,190,40,220
78,68,14,1,-20,200,40,220
78,69,37,1,-10,200,40,220
78,70,44,1,-5,200,40,220
78,71,2,1,0,200,30,220
78,72,5,1,5,200,20,220
78,73,30,0,5,200,10,245
78,74,48,1,5,200,10,245
78,75,25,0,5,195,10,245
78,76,4,0,-10,210,10,245
78,77,43,0,10,210,0,245
78,78,4,1,20,210,0,245
78,79,18,1,30,210,0,245
78,80,42,0,15,210,0,260
78,81,38,1,20,210,0,260
78,82,27,0,30,200,0,260
78,83,24,0,25,200,0,260
78,84,12,1,30,200,0,260
78,85,10,1,45,200,-10,260
78,86,7,0,30,210,-10,260
78,87,44,0,30,210,0,270
78,88,39,1,35,210,0,270
78,89,28,0,15,210,0,285
78,90,17,1,-15,210,15,285
78,91,23,0,-25,210,15,295
78,92,44,1,-20,210,15,295
78,93,46,0,-30,210,15,310
78,94,7,1,-25,210,15,310
78,95,9,1,-20,210,15,310
78,96,42,1,-20,215,15,310
78,97,25,1,-20,225,15,310
78,98,4,1,-10,225,15,310
78,99,14,0,-10,225,15,320
79,0,14,1,50,60,50,50
79,1,14,0,50,60,50,60
79,2,28,0,30,60,50,75
79,3,12,0,25,70,50,75
79,4,40,1,25,60,60,75
79,5,23,1,25,65,55,75
79,6,13,0,25,65,55,95
79,7,46,1,30,65,55,95
79,8,5,0,20,65,60,95
79,9,28,1,30,65,60,95
79,10,30,0,30,65,50,120
79,11,13,0,30,65,50,140
79,12,17,1,0,65,65,140
79,13,39,1,5,65,65,140
79,14,12,0,0,75,65,140
79,15,36,0,0,70,65,155
79,16,10,0,-10,80,65,155
79,17,28,1,0,80,65,155
79,18,1,1,-10,80,65,160
79,19,38,0,-20,90,65,160
79,20,17,1,-50,90,80,160
79,21,47,0,-50,90,80,175
79,22,18,0,-80,90,80,205
79,23,43,0,-60,90,70,205
79,24,16,1,-60,90,60,205
79,25,12,0,-65,100,60,205
79,26,27,0,-55,90,60,205
79,27,15,0,-40,85,60,205
79,28,23,0,-50,85,60,215
79,29,48,0,-50,85,60,245
79,30,8,0,-50,90,50,245
79,31,9,0,-60,90,50,250
79,32,28,1,-50,90,50,250
79,33,47,1,-50,90,50,250
79,34,16,1,-50,90,40,250
79,35,44,1,-45,90,40,250
79,36,25,1,-45,100,40,250
79,37,19,0,-45,100,40,250
79,38,30,0,-45,100,30,275
79,39,3,0,-30,100,25,275
79,40,22,0,-40,100,35,275
79,41,5,1,-35,100,25,275
79,42,46,0,-45,100,25,290
79,43,14,0,-45,100,25,300
79,44,19,0,-45,100,25,300
79,45,17,1,-75,100,40,300
79,46,17,0,-95,120,40,300
79,47,11,1,-90,120,40,300
79,48,42,0,-105,120,40,315
79,49,8,0,-105,125,30,315
79,50,24,1,-100,125,30,315
79,51,30,0,-100,125,20,340
79,52,16,0,-115,135,20,340
79,53,29,1,-115,155,0,340
79,54,46,0,-125,155,0,355
79,55,16,0,-140,165,0,355
79,56,25,0,-140,160,0,355
79,57,46,0,-150,160,0,370
79,58,19,1,-150,160,0,370
79,59,42,0,-165,160,0,385
79,60,9,0,-175,160,0,390
79,61,19,1,-175,160,0,390
79,62,7,0,-190,170,0,390
79,63,17,1,-220,170,15,390
79,64,5,1,-215,170,5,390
79,65,17,0,-235,190,5,390
79,66,41,0,-245,205,5,390
79,67,42,1,-245,210,5,390
79,68,36,1,-245,220,5,390
79,69,37,1,-235,220,5,390
79,70,48,1,-235,220,5,390
79,71,28,0,-255,220,5,405
79,72,30,1,-255,220,15,405
79,73,15,0,-240,215,15,405
79,74,37,0,-255,235,15,405
79,75,25,1,-255,245,15,405
79,76,45,1,-255,255,15,405
79,77,15,0,-240,250,15,405
79,78,10,0,-250,260,15,405
79,79,7,0,-265,270,15,405
79,80,41,1,-260,260,15,405
79,81,24,1,-255,260,15,405
79,82,36,1,-255,270,15,405
79,83,48,0,-255,270,15,435
79,84,30,0,-255,270,5,460
79,85,5,1,-250,270,-5,460
79,86,46,1,-245,270,-5,460
79,87,19,1,-245,270,-5,460
79,88,24,1,-240,270,-5,460
79,89,30,0,-240,270,-15,485
79,90,7,0,-255,280,-15,485
79,91,40,1,-255,270,-5,485
79,92,44,0,-255,270,5,495
79,93,40,0,-255,280,-5,495
79,94,21,1,-250,280,-15,495
79,95,6,1,-260,280,-15,505
79,96,19,0,-260,280,-15,505
79,97,37,0,-275,300,-15,505
79,98,1,0,-265,300,-25,505
79,99,25,1,-265,310,-25,505
80,0,38,1,55,50,50,50
80,1,4,0,40,65,50,50
80,2,23,0,30,65,50,60
80,3,23,0,20,65,50,70
80,4,10,1,35,65,40,70
80,5,46,0,25,65,40,85
80,6,37,0,10,85,40,85
80,7,1,1,0,85,40,90
80,8,43,1,0,85,45,85
80,9,44,0,0,85,55,95
80,10,13,0,0,85,55,115
80,11,17,1,-30,85,70,115
80,12,30,1,-30,85,80,115
80,13,41,0,-40,100,80,115
80,14,12,0,-45,110,80,115
80,15,40,0,-45,120,70,115
80,16,24,0,-50,120,70,115
80,17,40,0,-50,130,60,115
80,18,3,1,-60,130,60,125
80,19,26,0,-70,130,60,135
80,20,27,1,-70,145,55,135
80,21,12,1,-65,145,55,135
80,22,40,0,-65,155,45,135
80,23,15,0,-50,150,45,135
80,24,22,0,-60,150,55,135
80,25,25,0,-60,145,55,135
80,26,47,1,-60,145,55,135
80,27,37,0,-75,165,55,135
80,28,18,1,-65,165,55,135
80,29,18,1,-55,165,55,135
80,30,39,0,-65,180,55,135
80,31,7,0,-80,190,55,135
80,32,23,0,-90,190,55,145
80,33,2,1,-85,190,45,145
80,34,16,1,-85,190,35,145
80,35,16,0,-100,200,35,145
80,36,8,1,-115,200,35,155
80,37,3,0,-100,200,30,155
80,38,23,0,-110,200,30,165
80,39,28,0,-130,200,30,180
80,40,10,0,-140,210,30,180
80,41,14,0,-140,210,30,190
80,42,14,1,-140,220,30,190
80,43,22,0,-150,220,40,190
80,44,27,1,-150,235,35,190
80,45,28,1,-140,235,35,190
80,46,1,0,-130,235,25,190
80,47,26,1,-120,235,20,190
80,48,9,0,-130,235,20,195
80,49,41,0,-140,250,20,195
80,50,9,0,-150,250,20,200
80,51,42,1,-150,255,20,200
80,52,16,1,-150,255,10,200
80,53,9,0,-160,255,10,205
80,54,14,0,-160,255,10,215
80,55,14,0,-160,255,10,225
80,56,16,1,-160,255,0,225
80,57,27,1,-160,270,-5,225
80,58,6,1,-170,270,-5,235
80,59,1,1,-180,270,-5,240
80,60,28,1,-170,270,-5,240
80,61,3,1,-180,270,-5,250
80,62,19,0,-180,270,-5,250
80,63,45,1,-180,280,-5,250
80,64,1,0,-170,280,-15,250
80,65,42,0,-185,280,-15,265
80,66,40,0,-185,290,-25,265
80,67,48,0,-185,290,-25,295
80,68,2,1,-180,290,-35,295
80,69,45,1,-180,300,-35,295
80,70,6,1,-190,300,-35,305
80,71,19,1,-190,300,-35,305
80,72,12,1,-185,300,-35,305
80,73,27,0,-175,290,-35,305
80,74,17,0,-195,310,-35,305
80,75,30,0,-195,310,-45,330
80,76,14,0,-195,310,-45,340
80,77,48,0,-195,310,-45,370
80,78,44,0,-195,310,-35,380
80,79,36,0,-195,305,-35,395
80,80,11,1,-190,305,-35,395
80,81,39,1,-185,305,-35,395
80,82,5,1,-180,305,-45,395
80,83,48,1,-180,305,-45,395
80,84,44,1,-175,305,-45,395
80,85,41,1,-170,295,-45,395
80,86,45,1,-170,305,-45,395
80,87,20,1,-170,315,-60,395
80,88,44,0,-170,315,-50,405
80,89,40,1,-170,305,-40,405
80,90,3,0,-155,305,-45,405
80,91,4,0,-170,320,-45,405
80,92,19,0,-170,320,-45,405
80,93,13,1,-165,325,-45,405
80,94,10,0,-175,335,-45,405
80,95,26,1,-165,335,-50,405
80,96,46,0,-175,335,-50,420
80,97,46,0,-185,335,-50,435
80,98,28,0,-205,335,-50,450
80,99,47,0,-205,335,-50,465
81,0,36,1,50,60,50,50
81,1,15,1,50,65,50,50
81,2,48,1,50,65,50,50
81,3,17,1,20,65,65,50
81,4,12,0,15,75,65,50
81,5,23,1,15,80,60,50
81,6,13,1,20,85,60,50
81,7,13,0,20,85,60,70
81,8,10,0,10,95,60,70
81,9,28,0,-10,95,60,85
81,10,5,1,-5,95,50,85
81,11,9,1,0,95,50,85
81,12,13,0,0,95,50,105
81,13,42,0,-15,95,50,120
81,14,18,1,-5,95,50,120
81,15,38,1,0,95,50,120
81,16,45,0,0,95,50,135
81,17,36,1,0,105,50,135
81,18,48,0,0,105,50,165
81,19,13,1,5,110,50,165
81,20,39,1,10,110,50,165
81,21,20,1,10,120,35,165
81,22,28,1,20,120,35,165
81,23,26,1,30,120,30,165
81,24,48,1,30,120,30,165
81,25,45,0,30,120,30,180
81,26,40,1,30,110,40,180
81,27,16,1,30,110,30,180
81,28,46,1,35,110,30,180
81,29,4,0,20,125,30,180
81,30,9,1,25,125,30,180
81,31,19,1,25,125,30,180
81,32,36,0,25,120,30,195
81,33,39,0,15,135,30,195
81,34,44,1,20,135,30,195
81,35,9,0,10,135,30,200
81,36,42,0,-5,135,30,215
81,37,11,0,-10,135,30,215
81,38,17,0,-30,155,30,215
81,39,13,1,-25,160,30,215
81,40,14,1,-25,170,30,215
81,41,38,1,-20,170,30,215
81,42,27,0,-10,160,30,215
81,43,6,1,-20,160,30,225
81,44,22,1,-20,165,20,225
81,45,48,0,-20,165,20,255
81,46,44,1,-15,165,20,255
81,47,21,1,-10,165,10,255
81,48,1,0,0,165,0,255
81,49,22,1,0,170,-10,255
81,50,2,0,-10,170,10,255
81,51,44,1,-5,170,10,255
81,52,22,0,-15,170,20,255
81,53,10,1,0,170,10,255
81,54,37,0,-15,190,10,255
81,55,4,0,-30,205,10,255
81,56,17,1,-60,205,25,255
81,57,22,0,-70,205,35,255
81,58,40,0,-70,215,25,255
81,59,16,0,-85,225,25,255
81,60,11,0,-90,225,25,255
81,61,24,0,-95,225,25,255
81,62,43,0,-75,225,15,255
81,63,41,1,-70,215,15,255
81,64,45,0,-70,215,15,270
81,65,7,1,-65,215,15,270
81,66,40,1,-65,205,25,270
81,67,13,1,-60,210,25,270
81,68,47,0,-60,210,25,285
81,69,36,1,-60,220,25,285
81,70,29,0,-80,220,30,285
81,71,4,1,-70,220,30,285
81,72,19,0,-70,220,30,285
81,73,22,1,-70,225,20,285
81,74,17,1,-100,225,35,285
81,75,42,0,-115,225,35,300
81,76,36,1,-115,235,35,300
81,77,18,1,-105,235,35,300
81,78,7,1,-100,235,35,300
81,79,43,0,-80,235,25,300
81,80,26,1,-70,235,20,300
81,81,38,1,-65,235,20,300
81,82,3,0,-50,235,15,300
81,83,29,0,-70,235,20,300
81,84,15,0,-55,230,20,300
81,85,27,0,-45,220,20,300
81,86,10,1,-30,220,10,300
81,87,18,0,-60,220,10,330
81,88,11,0,-65,220,10,330
81,89,29,0,-85,220,15,330
81,90,26,0,-95,220,15,340
81,91,27,1,-95,235,10,340
81,92,10,1,-80,235,0,340
81,93,20,0,-90,235,15,340
81,94,29,0,-110,235,20,340
81,95,41,1,-105,225,20,340
81,96,23,1,-105,230,15,340
81,97,22,1,-105,235,5,340
81,98,3,0,-90,235,0,340
81,99,15,1,-90,240,0,340
82,0,41,1,55,40,50,50
82,1,29,1,55,60,30,50
82,2,14,1,55,70,30,50
82,3,23,1,55,75,25,50
82,4,44,1,60,75,25,50
82,5,41,1,65,65,25,50
82,6,11,1,70,65,25,50
82,7,5,1,75,65,15,50
82,8,9,0,65,65,15,55
82,9,3,0,80,65,10,55
82,10,7,1,85,65,10,55
82,11,18,1,95,65,10,55
82,12,17,0,75,85,10,55
82,13,41,1,80,75,10,55
82,14,37,0,65,95,10,55
82,15,26,0,55,95,10,65
82,16,22,0,45,95,20,65
82,17,2,1,50,95,10,65
82,18,47,1,50,95,10,65
82,19,17,0,30,115,10,65
82,20,43,0,50,115,0,65
82,21,30,0,50,115,-10,90
82,22,24,0,45,115,-10,90
82,23,36,0,45,110,-10,105
82,24,20,1,45,120,-25,105
82,25,14,0,45,120,-25,115
82,26,25,0,45,115,-25,115
82,27,22,1,45,120,-35,115
82,28,28,0,25,120,-35,130
82,29,39,1,30,120,-35,130
82,30,11,0,25,120,-35,130
82,31,41,1,30,110,-35,130
82,32,24,1,35,110,-35,130
82,33,36,1,35,120,-35,130
82,34,26,0,25,120,-35,140
82,35,46,0,15,120,-35,155
82,36,43,0,35,120,-45,155
82,37,26,1,45,120,-50,155
82,38,4,0,30,135,-50,155
82,39,12,0,25,145,-50,155
82,40,21,0,15,145,-30,155
82,41,12,0,10,155,-30,155
82,42,9,0,0,155,-30,160
82,43,15,0,15,150,-30,160
82,44,15,0,30,145,-30,160
82,45,10,1,45,145,-40,160
82,46,2,0,35,145,-20,160
82,47,47,0,35,145,-20,175
82,48,29,0,15,145,-15,175
82,49,7,0,0,155,-15,175
82,50,5,1,5,155,-25,175
82,51,44,1,10,155,-25,175
82,52,14,0,10,155,-25,185
82,53,41,1,15,145,-25,185
82,54,28,1,25,145,-25,185
82,55,11,0,20,145,-25,185
82,56,27,1,20,160,-30,185
82,57,9,0,10,160,-30,190
82,58,10,0,0,170,-30,190
82,59,1,1,-10,170,-30,195
82,60,29,1,-10,190,-50,195
82,61,16,1,-10,190,-60,195
82,62,13,0,-10,190,-60,215
82,63,25,1,-10,200,-60,215
82,64,37,1,0,200,-60,215
82,65,13,0,0,200,-60,235
82,66,18,1,10,200,-60,235
82,67,47,1,10,200,-60,235
82,68,29,0,-10,200,-55,235
82,69,12,0,-15,210,-55,235
82,70,16,1,-15,210,-65,235
82,71,29,0,-35,210,-60,235
82,72,21,0,-45,210,-40,235
82,73,11,0,-50,210,-40,235
82,74,4,1,-40,210,-40,235
82,75,41,0,-50,225,-40,235
82,76,44,0,-50,225,-30,245
82,77,14,1,-50,235,-30,245
82,78,36,1,-50,245,-30,245
82,79,41,1,-45,235,-30,245
82,80,11,0,-50,235,-30,245
82,81,28,1,-40,235,-30,245
82,82,16,0,-55,245,-30,245
82,83,7,0,-70,255,-30,245
82,84,1,1,-80,255,-30,250
82,85,17,1,-110,255,-15,250
82,86,39,1,-105,255,-15,250
82,87,41,0,-115,270,-15,250
82,88,1,0,-105,270,-25,250
82,89,45,1,-105,280,-25,250
82,90,24,0,-110,280,-25,250
82,91,19,1,-110,280,-25,250
82,92,2,0,-120,280,-5,250
82,93,29,1,-120,300,-25,250
82,94,6,1,-130,300,-25,260
82,95,3,1,-140,300,-25,270
82,96,22,1,-140,305,-35,270
82,97,44,0,-140,305,-25,280
82,98,10,0,-150,315,-25,280
82,99,4,0,-165,330,-25,280
83,0,25,0,50,45,50,50
83,1,41,1,55,35,50,50
83,2,36,1,55,45,50,50
83,3,14,0,55,45,50,60
83,4,23,1,55,50,45,60
83,5,21,0,45,50,65,60
83,6,40,1,45,40,75,60
83,7,30,0,45,40,65,85
83,8,11,1,50,40,65,85
83,9,47,0,50,40,65,100
83,10,23,0,40,40,65,110
83,11,17,0,20,60,65,110
83,12,25,1,20,70,65,110
83,13,26,0,10,70,65,120
83,14,10,0,0,80,65,120
83,15,23,0,-10,80,65,130
83,16,9,1,-5,80,65,130
83,17,13,0,-5,80,65,150
83,18,3,1,-15,80,65,160
83,19,17,1,-45,80,80,160
83,20,41,0,-55,95,80,160
83,21,24,0,-60,95,80,160
83,22,2,1,-55,95,70,160
83,23,10,1,-40,95,60,160
83,24,8,1,-55,95,60,170
83,25,28,0,-75,95,60,185
83,26,16,0,-90,105,60,185
83,27,12,0,-95,115,60,185
83,28,16,1,-95,115,50,185
83,29,9,0,-105,115,50,190
83,30,38,1,-100,115,50,190
83,31,22,1,-100,120,40,190
83,32,45,1,-100,130,40,190
83,33,12,0,-105,140,40,190
83,34,24,0,-110,140,40,190
83,35,29,1,-110,160,20,190
83,36,45,1,-110,170,20,190
83,37,44,0,-110,170,30,200
83,38,42,1,-110,175,30,200
83,39,10,0,-120,185,30,200
83,40,46,0,-130,185,30,215
83,41,45,1,-130,195,30,215
83,42,24,1,-125,195,30,215
83,43,20,0,-135,195,45,215
83,44,40,1,-135,185,55,215
83,45,28,0,-155,185,55,230
83,46,25,1,-155,195,55,230
83,47,14,0,-155,195,55,240
83,48,25,0,-155,190,55,240
83,49,38,1,-150,190,55,240
83,50,5,0,-160,190,60,240
83,51,2,0,-170,190,80,240
83,52,38,1,-165,190,80,240
83,53,13,1,-160,195,80,240
83,54,6,1,-170,195,80,250
83,55,11,0,-175,195,80,250
83,56,7,0,-190,205,80,250
83,57,44,1,-185,205,80,250
83,58,22,1,-185,210,70,250
83,59,28,0,-205,210,70,265
83,60,46,1,-200,210,70,265
83,61,13,1,-195,215,70,265
83,62,23,1,-195,220,65,265
83,63,17,0,-215,240,65,265
83,64,28,1,-205,240,65,265
83,65,7,0,-220,250,65,265
83,66,3,0,-205,250,60,265
83,67,13,1,-200,255,60,265
83,68,14,1,-200,265,60,265
83,69,2,0,-210,265,80,265
83,70,15,1,-210,270,80,265
83,71,38,1,-205,270,80,265
83,72,19,1,-205,270,80,265
83,73,10,1,-190,270,70,265
83,74,22,0,-200,270,80,265
83,75,11,1,-195,270,80,265
83,76,24,1,-190,270,80,265
83,77,28,0,-210,270,80,280
83,78,4,0,-225,285,80,280
83,79,17,0,-245,305,80,280
83,80,11,1,-240,305,80,280
83,81,7,0,-255,315,80,280
83,82,27,0,-245,305,80,280
83,83,10,0,-255,315,80,280
83,84,41,0,-265,330,80,280
83,85,19,0,-265,330,80,280
83,86,16,0,-280,340,80,280
83,87,20,1,-280,350,65,280
83,88,20,0,-290,350,80,280
83,89,25,0,-290,345,80,280
83,90,36,1,-290,355,80,280
83,91,36,1,-290,365,80,280
83,92,26,1,-280,365,75,280
83,93,14,1,-280,375,75,280
83,94,13,1,-275,380,75,280
83,95,29,1,-275,400,55,280
83,96,21,0,-285,400,75,280
83,97,25,1,-285,410,75,280
83,98,20,1,-285,420,60,280
83,99,39,1,-280,420,60,280
84,0,8,1,35,50,50,60
84,1,22,1,35,55,40,60
84,2,15,1,35,60,40,60
84,3,45,1,35,70,40,60
84,4,36,0,35,65,40,75
84,5,6,0,45,65,35,75
84,6,26,1,55,65,30,75
84,7,13,1,60,70,30,75
84,8,17,1,30,70,45,75
84,9,15,1,30,75,45,75
84,10,36,1,30,85,45,75
84,11,25,0,30,80,45,75
84,12,9,1,35,80,45,75
84,13,48,1,35,80,45,75
84,14,5,0,25,80,50,75
84,15,2,1,30,80,40,75
84,16,10,1,45,80,30,75
84,17,24,0,40,80,30,75
84,18,27,1,40,95,25,75
84,19,23,1,40,100,20,75
84,20,48,0,40,100,20,105
84,21,45,0,40,100,20,120
84,22,9,1,45,100,20,120
84,23,17,1,15,100,35,120
84,24,14,1,15,110,35,120
84,25,3,1,5,110,35,130
84,26,25,1,5,120,35,130
84,27,20,0,-5,120,50,130
84,28,6,0,5,120,45,130
84,29,4,0,-10,135,45,130
84,30,13,0,-10,135,45,150
84,31,43,1,-10,135,50,145
84,32,40,1,-10,125,60,145
84,33,28,1,0,125,60,145
84,34,18,1,10,125,60,145
84,35,15,0,25,120,60,145
84,36,13,1,30,125,60,145
84,37,48,1,30,125,60,145
84,38,48,0,30,125,60,175
84,39,8,0,30,130,50,175
84,40,11,0,25,130,50,175
84,41,48,1,25,130,50,175
84,42,19,0,25,130,50,175
84,43,10,1,40,130,40,175
84,44,44,1,45,130,40,175
84,45,47,1,45,130,40,175
84,46,23,0,35,130,40,185
84,47,46,0,25,130,40,200
84,48,30,0,25,130,30,225
84,49,28,1,35,130,30,225
84,50,45,0,35,130,30,240
84,51,22,0,25,130,40,240
84,52,22,1,25,135,30,240
84,53,22,1,25,140,20,240
84,54,15,1,25,145,20,240
84,55,42,1,25,150,20,240
84,56,1,1,15,150,20,245
84,57,17,0,-5,170,20,245
84,58,26,0,-15,170,20,255
84,59,9,1,-10,170,20,255
84,60,21,1,-5,170,10,255
84,61,1,0,5,170,0,255
84,62,47,0,5,170,0,270
84,63,10,0,-5,180,0,270
84,64,17,1,-35,180,15,270
84,65,8,1,-50,180,15,280
84,66,17,1,-80,180,30,280
84,67,38,1,-75,180,30,280
84,68,45,1,-75,190,30,280
84,69,9,0,-85,190,30,285
84,70,14,0,-85,190,30,295
84,71,2,0,-95,190,50,295
84,72,1,0,-85,190,40,295
84,73,44,0,-85,190,50,305
84,74,22,0,-95,190,60,305
84,75,23,0,-105,190,60,315
84,76,8,0,-105,195,50,315
84,77,44,1,-100,195,50,315
84,78,3,1,-110,195,50,325
84,79,21,1,-105,195,40,325
84,80,15,0,-90,190,40,325
84,81,38,0,-100,200,40,325
84,82,15,1,-100,205,40,325
84,83,30,0,-100,205,30,350
84,84,7,0,-115,215,30,350
84,85,22,1,-115,220,20,350
84,86,8,0,-115,225,10,350
84,87,24,0,-120,225,10,350
84,88,23,1,-120,230,5,350
84,89,1,1,-130,230,5,355
84,90,4,1,-120,230,5,355
84,91,4,0,-135,245,5,355
84,92,4,0,-150,260,5,355
84,93,7,0,-165,270,5,355
84,94,17,1,-195,270,20,355
84,95,40,1,-195,260,30,355
84,96,1,0,-185,260,20,355
84,97,7,0,-200,270,20,355
84,98,16,1,-200,270,10,355
84,99,18,0,-230,270,10,385
85,0,47,1,50,50,50,50
85,1,23,0,40,50,50,60
85,2,11,0,35,50,50,60
85,3,46,0,25,50,50,75
85,4,25,1,25,60,50,75
85,5,48,0,25,60,50,105
85,6,37,0,10,80,50,105
85,7,46,1,15,80,50,105
85,8,23,0,5,80,50,115
85,9,44,0,5,80,60,125
85,10,2,0,-5,80,80,125
85,11,12,1,0,80,80,125
85,12,12,1,5,80,80,125
85,13,44,0,5,80,90,135
85,14,39,0,-5,95,90,135
85,15,39,1,0,95,90,135
85,16,16,1,0,95,80,135
85,17,20,1,0,105,65,135
85,18,7,0,-15,115,65,135
85,19,42,1,-15,120,65,135
85,20,29,1,-15,140,45,135
85,21,24,0,-20,140,45,135
85,22,1,1,-30,140,45,140
85,23,9,1,-25,140,45,140
85,24,37,1,-15,140,45,140
85,25,5,1,-10,140,35,140
85,26,25,1,-10,150,35,140
85,27,42,1,-10,155,35,140
85,28,4,1,0,155,35,140
85,29,42,0,-15,155,35,155
85,30,36,0,-15,150,35,170
85,31,9,0,-25,150,35,175
85,32,46,0,-35,150,35,190
85,33,37,0,-50,170,35,190
85,34,12,0,-55,180,35,190
85,35,5,1,-50,180,25,190
85,36,8,1,-65,180,25,200
85,37,43,1,-65,180,30,195
85,38,6,1,-75,180,30,205
85,39,6,0,-65,180,25,205
85,40,7,0,-80,190,25,205
85,41,14,1,-80,200,25,205
85,42,23,0,-90,200,25,215
85,43,27,0,-80,190,25,215
85,44,11,0,-85,190,25,215
85,45,7,0,-100,200,25,215
85,46,8,0,-100,205,15,215
85,47,21,0,-110,205,35,215
85,48,28,0,-130,205,35,230
85,49,23,1,-130,210,30,230
85,50,8,0,-130,215,20,230
85,51,47,1,-130,215,20,230
85,52,14,1,-130,225,20,230
85,53,46,0,-140,225,20,245
85,54,22,1,-140,230,10,245
85,55,11,1,-135,230,10,245
85,56,39,1,-130,230,10,245
85,57,48,0,-130,230,10,275
85,58,15,1,-130,235,10,275
85,59,6,0,-120,235,5,275
85,60,40,0,-120,245,-5,275
85,61,3,0,-105,245,-10,275
85,62,48,1,-105,245,-10,275
85,63,39,1,-100,245,-10,275
85,64,27,0,-90,235,-10,275
85,65,30,0,-90,235,-20,300
85,66,7,1,-85,235,-20,300
85,67,27,1,-85,250,-25,300
85,68,4,0,-100,265,-25,300
85,69,22,1,-100,270,-35,300
85,70,2,0,-110,270,-15,300
85,71,44,0,-110,270,-5,310
85,72,30,0,-110,270,-15,335
85,73,6,1,-120,270,-15,345
85,74,16,1,-120,270,-25,345
85,75,6,0,-110,270,-30,345
85,76,41,0,-120,285,-30,345
85,77,36,1,-120,295,-30,345
85,78,3,1,-130,295,-30,355
85,79,30,0,-130,295,-40,380
85,80,3,0,-115,295,-45,380
85,81,29,1,-115,315,-65,380
85,82,16,1,-115,315,-75,380
85,83,19,0,-115,315,-75,380
85,84,26,0,-125,315,-75,390
85,85,47,0,-125,315,-75,405
85,86,19,0,-125,315,-75,405
85,87,12,1,-120,315,-75,405
85,88,10,0,-130,325,-75,405
85,89,48,1,-130,325,-75,405
85,90,1,1,-140,325,-75,410
85,91,40,0,-140,335,-85,410
85,92,9,1,-135,335,-85,410
85,93,40,0,-135,345,-95,410
85,94,30,1,-135,345,-85,410
85,95,38,1,-130,345,-85,410
85,96,18,1,-120,345,-85,410
85,97,41,0,-130,360,-85,410
85,98,8,1,-145,360,-85,420
85,99,26,0,-155,360,-85,430
86,0,20,0,40,50,65,50
86,1,38,1,45,50,65,50
86,2,8,0,45,55,55,50
86,3,7,1,50,55,55,50
86,4,1,0,60,55,45,50
86,5,40,1,60,45,55,50
86,6,19,0,60,45,55,50
86,7,20,0,50,45,70,50
86,8,23,0,40,45,70,60
86,9,11,1,45,45,70,60
86,10,26,1,55,45,65,60
86,11,17,0,35,65,65,60
86,12,10,1,50,65,55,60
86,13,39,1,55,65,55,60
86,14,20,1,55,75,40,60
86,15,27,0,65,65,40,60
86,16,1,1,55,65,40,65
86,17,42,1,55,70,40,65
86,18,27,0,65,60,40,65
86,19,6,1,55,60,40,75
86,20,13,0,55,60,40,95
86,21,6,1,45,60,40,105
86,22,17,0,25,80,40,105
86,23,2,1,30,80,30,105
86,24,47,0,30,80,30,120
86,25,25,1,30,90,30,120
86,26,37,1,40,90,30,120
86,27,8,0,40,95,20,120
86,28,22,0,30,95,30,120
86,29,21,0,20,95,50,120
86,30,40,1,20,85,60,120
86,31,25,1,20,95,60,120
86,32,18,1,30,95,60,120
86,33,39,0,20,110,60,120
86,34,16,1,20,110,50,120
86,35,22,0,10,110,60,120
86,36,16,0,-5,120,60,120
86,37,40,1,-5,110,70,120
86,38,46,0,-15,110,70,135
86,39,18,1,-5,110,70,135
86,40,38,0,-15,120,70,135
86,41,5,1,-10,120,60,135
86,42,21,1,-5,120,50,135
86,43,15,1,-5,125,50,135
86,44,8,0,-5,130,40,135
86,45,18,1,5,130,40,135
86,46,5,0,-5,130,45,135
86,47,48,0,-5,130,45,165
86,48,47,1,-5,130,45,165
86,49,29,1,-5,150,25,165
86,50,6,1,-15,150,25,175
86,51,19,0,-15,150,25,175
86,52,8,0,-15,155,15,175
86,53,17,1,-45,155,30,175
86,54,19,0,-45,155,30,175
86,55,3,1,-55,155,30,185
86,56,6,1,-65,155,30,195
86,57,22,0,-75,155,40,195
86,58,28,0,-95,155,40,210
86,59,2,0,-105,155,60,210
86,60,4,1,-95,155,60,210
86,61,37,0,-110,175,60,210
86,62,36,0,-110,170,60,225
86,63,37,1,-100,170,60,225
86,64,46,1,-95,170,60,225
86,65,17,0,-115,190,60,225
86,66,29,1,-115,210,40,225
86,67,26,1,-105,210,35,225
86,68,14,1,-105,220,35,225
86,69,20,0,-115,220,50,225
86,70,20,0,-125,220,65,225
86,71,1,0,-115,220,55,225
86,72,22,1,-115,225,45,225
86,73,30,0,-115,225,35,250
86,74,29,0,-135,225,40,250
86,75,41,0,-145,240,40,250
86,76,42,0,-160,240,40,265
86,77,14,1,-160,250,40,265
86,78,41,1,-155,240,40,265
86,79,16,1,-155,240,30,265
86,80,26,0,-165,240,30,275
86,81,43,0,-145,240,20,275
86,82,43,1,-145,240,25,270
86,83,6,1,-155,240,25,280
86,84,26,0,-165,240,25,290
86,85,5,1,-160,240,15,290
86,86,6,0,-150,240,10,290
86,87,4,1,-140,240,10,290
86,88,20,1,-140,250,-5,290
86,89,5,1,-135,250,-15,290
86,90,45,1,-135,260,-15,290
86,91,6,1,-145,260,-15,300
86,92,19,1,-145,260,-15,300
86,93,6,1,-155,260,-15,310
86,94,10,0,-165,270,-15,310
86,95,15,0,-150,265,-15,310
86,96,1,0,-140,265,-25,310
86,97,28,1,-130,265,-25,310
86,98,20,1,-130,275,-40,310
86,99,11,0,-135,275,-40,310
87,0,36,1,50,60,50,50
87,1,25,1,50,70,50,50
87,2,38,1,55,70,50,50
87,3,36,0,55,65,50,65
87,4,45,0,55,65,50,80
87,5,29,1,55,85,30,80
87,6,30,1,55,85,40,80
87,7,37,0,40,105,40,80
87,8,6,1,30,105,40,90
87,9,8,0,30,110,30,90
87,10,22,1,30,115,20,90
87,11,18,1,40,115,20,90
87,12,42,1,40,120,20,90
87,13,14,0,40,120,20,100
87,14,30,0,40,120,10,125
87,15,37,0,25,140,10,125
87,16,7,0,10,150,10,125
87,17,8,1,-5,150,10,135
87,18,1,1,-15,150,10,140
87,19,26,0,-25,150,10,150
87,20,43,1,-25,150,15,145
87,21,12,0,-30,160,15,145
87,22,38,0,-40,170,15,145
87,23,16,0,-55,180,15,145
87,24,26,0,-65,180,15,155
87,25,44,0,-65,180,25,165
87,26,1,0,-55,180,15,165
87,27,46,0,-65,180,15,180
87,28,38,1,-60,180,15,180
87,29,46,1,-55,180,15,180
87,30,23,1,-55,185,10,180
87,31,29,1,-55,205,-10,180
87,32,16,0,-70,215,-10,180
87,33,37,0,-85,235,-10,180
87,34,12,1,-80,235,-10,180
87,35,48,0,-80,235,-10,210
87,36,20,1,-80,245,-25,210
87,37,9,1,-75,245,-25,210
87,38,5,1,-70,245,-35,210
87,39,23,1,-70,250,-40,210
87,40,36,1,-70,260,-40,210
87,41,5,0,-80,260,-35,210
87,42,22,0,-90,260,-25,210
87,43,37,1,-80,260,-25,210
87,44,38,0,-90,270,-25,210
87,45,43,1,-90,270,-20,205
87,46,41,0,-100,285,-20,205
87,47,37,1,-90,285,-20,205
87,48,20,1,-90,295,-35,205
87,49,48,0,-90,295,-35,235
87,50,9,1,-85,295,-35,235
87,51,12,0,-90,305,-35,235
87,52,19,0,-90,305,-35,235
87,53,26,0,-100,305,-35,245
87,54,26,0,-110,305,-35,255
87,55,5,0,-120,305,-30,255
87,56,6,1,-130,305,-30,265
87,57,13,0,-130,305,-30,285
87,58,1,0,-120,305,-40,285
87,59,22,0,-130,305,-30,285
87,60,46,1,-125,305,-30,285
87,61,24,1,-120,305,-30,285
87,62,36,1,-120,315,-30,285
87,63,4,0,-135,330,-30,285
87,64,47,0,-135,330,-30,300
87,65,9,1,-130,330,-30,300
87,66,15,1,-130,335,-30,300
87,67,26,1,-120,335,-35,300
87,68,40,0,-120,345,-45,300
87,69,1,1,-130,345,-45,305
87,70,13,0,-130,345,-45,325
87,71,42,0,-145,345,-45,340
87,72,22,0,-155,345,-35,340
87,73,28,0,-175,345,-35,355
87,74,28,1,-165,345,-35,355
87,75,46,1,-160,345,-35,355
87,76,47,1,-160,345,-35,355
87,77,25,1,-160,355,-35,355
87,78,41,1,-155,345,-35,355
87,79,3,0,-140,345,-40,355
87,80,39,1,-135,345,-40,355
87,81,16,0,-150,355,-40,355
87,82,42,0,-165,355,-40,370
87,83,37,0,-180,375,-40,370
87,84,45,0,-180,375,-40,385
87,85,22,1,-180,380,-50,385
87,86,10,0,-190,390,-50,385
87,87,30,0,-190,390,-60,410
87,88,22,1,-190,395,-70,410
87,89,21,0,-200,395,-50,410
87,90,2,0,-210,395,-30,410
87,91,16,0,-225,405,-30,410
87,92,24,1,-220,405,-30,410
87,93,13,0,-220,405,-30,430
87,94,13,0,-220,405,-30,450
87,95,4,0,-235,420,-30,450
87,96,28,0,-255,420,-30,465
87,97,11,0,-260,420,-30,465
87,98,29,0,-280,420,-25,465
87,99,10,1,-265,420,-35,465
88,0,24,0,45,50,50,50
88,1,29,0,25,50,55,50
88,2,8,1,10,50,55,60
88,3,42,1,10,55,55,60
88,4,47,0,10,55,55,75
88,5,2,1,15,55,45,75
88,6,36,1,15,65,45,75
88,7,47,0,15,65,45,90
88,8,28,1,25,65,45,90
88,9,45,1,25,75,45,90
88,10,1,0,35,75,35,90
88,11,37,0,20,95,35,90
88,12,6,0,30,95,30,90
88,13,10,0,20,105,30,90
88,14,28,0,0,105,30,105
88,15,43,1,0,105,35,100
88,16,23,0,-10,105,35,110
88,17,3,1,-20,105,35,120
88,18,7,0,-35,115,35,120
88,19,17,1,-65,115,50,120
88,20,1,1,-75,115,50,125
88,21,18,0,-105,115,50,155
88,22,1,0,-95,115,40,155
88,23,2,1,-90,115,30,155
88,24,24,0,-95,115,30,155
88,25,48,0,-95,115,30,185
88,26,47,1,-95,115,30,185
88,27,27,0,-85,105,30,185
88,28,7,0,-100,115,30,185
88,29,21,1,-95,115,20,185
88,30,4,1,-85,115,20,185
88,31,27,1,-85,130,15,185
88,32,39,0,-95,145,15,185
88,33,48,0,-95,145,15,215
88,34,11,1,-90,145,15,215
88,35,4,1,-80,145,15,215
88,36,45,1,-80,155,15,215
88,37,28,1,-70,155,15,215
88,38,46,1,-65,155,15,215
88,39,22,1,-65,160,5,215
88,40,8,1,-80,160,5,225
88,41,18,1,-70,160,5,225
88,42,17,1,-100,160,20,225
88,43,1,1,-110,160,20,230
88,44,39,0,-120,175,20,230
88,45,22,0,-130,175,30,230
88,46,38,0,-140,185,30,230
88,47,11,1,-135,185,30,230
88,48,45,0,-135,185,30,245
88,49,44,0,-135,185,40,255
88,50,27,0,-125,175,40,255
88,51,21,1,-120,175,30,255
88,52,36,1,-120,185,30,255
88,53,45,0,-120,185,30,270
88,54,30,0,-120,185,20,295
88,55,15,0,-105,180,20,295
88,56,11,1,-100,180,20,295
88,57,16,1,-100,180,10,295
88,58,27,1,-100,195,5,295
88,59,18,0,-130,195,5,325
88,60,46,1,-125,195,5,325
88,61,28,1,-115,195,5,325
88,62,46,1,-110,195,5,325
88,63,41,1,-105,185,5,325
88,64,30,0,-105,185,-5,350
88,65,43,1,-105,185,0,345
88,66,30,0,-105,185,-10,370
88,67,27,1,-105,200,-15,370
88,68,36,0,-105,195,-15,385
88,69,48,0,-105,195,-15,415
88,70,18,0,-135,195,-15,445
88,71,43,1,-135,195,-10,440
88,72,45,0,-135,195,-10,455
88,73,39,0,-145,210,-10,455
88,74,14,0,-145,210,-10,465
88,75,21,1,-140,210,-20,465
88,76,30,0,-140,210,-30,490
88,77,10,0,-150,220,-30,490
88,78,11,1,-145,220,-30,490
88,79,13,0,-145,220,-30,510
88,80,9,1,-140,220,-30,510
88,81,45,1,-140,230,-30,510
88,82,11,0,-145,230,-30,510
88,83,2,1,-140,230,-40,510
88,84,44,1,-135,230,-40,510
88,85,14,0,-135,230,-40,520
88,86,4,0,-150,245,-40,520
88,87,29,0,-170,245,-35,520
88,88,18,1,-160,245,-35,520
88,89,8,1,-175,245,-35,530
88,90,15,0,-160,240,-35,530
88,91,13,0,-160,240,-35,550
88,92,27,0,-150,230,-35,550
88,93,40,1,-150,220,-25,550
88,94,11,1,-145,220,-25,550
88,95,42,0,-160,220,-25,565
88,96,2,0,-170,220,-5,565
88,97,37,1,-160,220,-5,565
88,98,47,1,-160,220,-5,565
88,99,2,0,-170,220,15,565
89,0,45,0,50,50,50,65
89,1,2,1,55,50,40,65
89,2,37,0,40,70,40,65
89,3,1,1,30,70,40,70
89,4,5,0,20,70,45,70
89,5,40,0,20,80,35,70
89,6,28,1,30,80,35,70
89,7,24,1,35,80,35,70
89,8,29,0,15,80,40,70
89,9,11,1,20,80,40,70
89,10,43,1,20,80,45,65
89,11,5,0,10,80,50,65
89,12,7,0,-5,90,50,65
89,13,11,1,0,90,50,65
89,14,20,0,-10,90,65,65
89,15,8,1,-25,90,65,75
89,16,36,1,-25,100,65,75
89,17,39,0,-35,115,65,75
89,18,22,0,-45,115,75,75
89,19,25,0,-45,110,75,75
89,20,47,0,-45,110,75,90
89,21,40,0,-45,120,65,90
89,22,8,0,-45,125,55,90
89,23,2,0,-55,125,75,90
89,24,15,0,-40,120,75,90
89,25,41,0,-50,135,75,90
89,26,8,0,-50,140,65,90
89,27,36,1,-50,150,65,90
89,28,39,1,-45,150,65,90
89,29,27,1,-45,165,60,90
89,30,39,0,-55,180,60,90
89,31,30,1,-55,180,70,90
89,32,37,1,-45,180,70,90
89,33,5,0,-55,180,75,90
89,34,40,0,-55,190,65,90
89,35,24,0,-60,190,65,90
89,36,20,0,-70,190,80,90
89,37,38,1,-65,190,80,90
89,38,43,0,-45,190,70,90
89,39,8,0,-45,195,60,90
89,40,2,1,-40,195,50,90
89,41,21,1,-35,195,40,90
89,42,27,1,-35,210,35,90
89,43,21,0,-45,210,55,90
89,44,43,1,-45,210,60,85
89,45,14,1,-45,220,60,85
89,46,41,0,-55,235,60,85
89,47,4,0,-70,250,60,85
89,48,9,1,-65,250,60,85
89,49,3,1,-75,250,60,95
89,50,13,1,-70,255,60,95
89,51,43,0,-50,255,50,95
89,52,12,0,-55,265,50,95
89,53,5,0,-65,265,55,95
89,54,21,0,-75,265,75,95
89,55,39,0,-85,280,75,95
89,56,21,0,-95,280,95,95
89,57,44,0,-95,280,105,105
89,58,10,0,-105,290,105,105
89,59,41,0,-115,305,105,105
89,60,23,0,-125,305,105,115
89,61,43,0,-105,305,95,115
89,62,41,0,-115,320,95,115
89,63,36,0,-115,315,95,130
89,64,27,0,-105,305,95,130
89,65,16,0,-120,315,95,130
89,66,23,0,-130,315,95,140
89,67,29,1,-130,335,75,140
89,68,25,1,-130,345,75,140
89,69,8,1,-145,345,75,150
89,70,43,0,-125,345,65,150
89,71,24,1,-120,345,65,150
89,72,22,0,-130,345,75,150
89,73,18,0,-160,345,75,180
89,74,17,1,-190,345,90,180
89,75,25,0,-190,340,90,180
89,76,48,1,-190,340,90,180
89,77,22,0,-200,340,100,180
89,78,29,0,-220,340,105,180
89,79,23,1,-220,345,100,180
89,80,45,0,-220,345,100,195
89,81,17,0,-240,365,100,195
89,82,10,1,-225,365,90,195
89,83,46,0,-235,365,90,210
89,84,38,0,-245,375,90,210
89,85,41,0,-255,390,90,210
89,86,41,0,-265,405,90,210
89,87,36,0,-265,400,90,225
89,88,43,1,-265,400,95,220
89,89,21,0,-275,400,115,220
89,90,4,0,-290,415,115,220
89,91,17,0,-310,435,115,220
89,92,4,0,-325,450,115,220
89,93,19,0,-325,450,115,220
89,94,16,1,-325,450,105,220
89,95,14,1,-325,460,105,220
89,96,42,0,-340,460,105,235
89,97,41,0,-350,475,105,235
89,98,43,1,-350,475,110,230
89,99,1,1,-360,475,110,235
90,0,36,0,50,45,50,65
90,1,19,1,50,45,50,65
90,2,12,1,55,45,50,65
90,3,48,0,55,45,50,95
90,4,48,1,55,45,50,95
90,5,22,1,55,50,40,95
90,6,36,0,55,45,40,110
90,7,13,0,55,45,40,130
90,8,38,0,45,55,40,130
90,9,5,0,35,55,45,130
90,10,16,0,20,65,45,130
90,11,46,1,25,65,45,130
90,12,19,0,25,65,45,130
90,13,14,0,25,65,45,140
90,14,2,1,30,65,35,140
90,15,45,0,30,65,35,155
90,16,43,1,30,65,40,150
90,17,23,0,20,65,40,160
90,18,10,1,35,65,30,160
90,19,20,1,35,75,15,160
90,20,45,0,35,75,15,175
90,21,13,0,35,75,15,195
90,22,21,1,40,75,5,195
90,23,9,1,45,75,5,195
90,24,47,0,45,75,5,210
90,25,11,1,50,75,5,210
90,26,45,1,50,85,5,210
90,27,38,0,40,95,5,210
90,28,24,0,35,95,5,210
90,29,26,1,45,95,0,210
90,30,17,0,25,115,0,210
90,31,24,1,30,115,0,210
90,32,14,0,30,115,0,220
90,33,36,0,30,110,0,235
90,34,10,1,45,110,-10,235
90,35,36,0,45,105,-10,250
90,36,13,1,50,110,-10,250
90,37,29,0,30,110,-5,250
90,38,39,0,20,125,-5,250
90,39,1,0,30,125,-15,250
90,40,37,0,15,145,-15,250
90,41,48,1,15,145,-15,250
90,42,2,1,20,145,-25,250
90,43,17,0,0,165,-25,250
90,44,38,1,5,165,-25,250
90,45,37,1,15,165,-25,250
90,46,26,0,5,165,-25,260
90,47,4,0,-10,180,-25,260
90,48,44,1,-5,180,-25,260
90,49,8,1,-20,180,-25,270
90,50,19,1,-20,180,-25,270
90,51,37,0,-35,200,-25,270
90,52,8,1,-50,200,-25,280
90,53,45,1,-50,210,-25,280
90,54,38,0,-60,220,-25,280
90,55,19,1,-60,220,-25,280
90,56,19,0,-60,220,-25,280
90,57,15,0,-45,215,-25,280
90,58,38,1,-40,215,-25,280
90,59,16,0,-55,225,-25,280
90,60,25,0,-55,220,-25,280
90,61,22,0,-65,220,-15,280
90,62,41,0,-75,235,-15,280
90,63,2,0,-85,235,5,280
90,64,25,0,-85,230,5,280
90,65,19,1,-85,230,5,280
90,66,25,1,-85,240,5,280
90,67,46,1,-80,240,5,280
90,68,47,1,-80,240,5,280
90,69,7,0,-95,250,5,280
90,70,39,0,-105,265,5,280
90,71,8,0,-105,270,-5,280
90,72,13,1,-100,275,-5,280
90,73,39,0,-110,290,-5,280
90,74,23,0,-120,290,-5,290
90,75,41,0,-130,305,-5,290
90,76,21,1,-125,305,-15,290
90,77,8,0,-125,310,-25,290
90,78,44,0,-125,310,-15,300
90,79,36,1,-125,320,-15,300
90,80,4,1,-115,320,-15,300
90,81,30,1,-115,320,-5,300
90,82,23,1,-115,325,-10,300
90,83,30,0,-115,325,-20,325
90,84,22,1,-115,330,-30,325
90,85,30,1,-115,330,-20,325
90,86,11,1,-110,330,-20,325
90,87,40,1,-110,320,-10,325
90,88,28,0,-130,320,-10,340
90,89,7,0,-145,330,-10,340
90,90,7,0,-160,340,-10,340
90,91,13,1,-155,345,-10,340
90,92,16,0,-170,355,-10,340
90,93,22,1,-170,360,-20,340
90,94,15,0,-155,355,-20,340
90,95,26,0,-165,355,-20,350
90,96,10,1,-150,355,-30,350
90,97,39,1,-145,355,-30,350
90,98,13,0,-145,355,-30,370
90,99,24,1,-140,355,-30,370
91,0,29,1,50,70,30,50
91,1,29,1,50,90,10,50
91,2,7,1,55,90,10,50
91,3,1,0,65,90,0,50
91,4,24,0,60,90,0,50
91,5,17,1,30,90,15,50
91,6,46,0,20,90,15,65
91,7,48,0,20,90,15,95
91,8,18,0,-10,90,15,125
91,9,41,0,-20,105,15,125
91,10,43,0,0,105,5,125
91,11,25,1,0,115,5,125
91,12,30,1,0,115,15,125
91,13,45,0,0,115,15,140
91,14,18,1,10,115,15,140
91,15,8,1,-5,115,15,150
91,16,27,0,5,105,15,150
91,17,12,0,0,115,15,150
91,18,44,0,0,115,25,160
91,19,28,1,10,115,25,160
91,20,39,1,15,115,25,160
91,21,39,0,5,130,25,160
91,22,20,0,-5,130,40,160
91,23,19,1,-5,130,40,160
91,24,4,0,-20,145,40,160
91,25,37,1,-10,145,40,160
91,26,1,1,-20,145,40,165
91,27,9,0,-30,145,40,170
91,28,13,1,-25,150,40,170
91,29,15,0,-10,145,40,170
91,30,15,1,-10,150,40,170
91,31,26,0,-20,150,40,180
91,32,2,0,-30,150,60,180
91,33,47,0,-30,150,60,195
91,34,3,1,-40,150,60,205
91,35,13,1,-35,155,60,205
91,36,11,1,-30,155,60,205
91,37,39,1,-25,155,60,205
91,38,15,1,-25,160,60,205
91,39,39,1,-20,160,60,205
91,40,46,1,-15,160,60,205
91,41,5,1,-10,160,50,205
91,42,14,0,-10,160,50,215
91,43,15,1,-10,165,50,215
91,44,48,1,-10,165,50,215
91,45,15,1,-10,170,50,215
91,46,38,0,-20,180,50,215
91,47,48,0,-20,180,50,245
91,48,20,0,-30,180,65,245
91,49,22,0,-40,180,75,245
91,50,9,0,-50,180,75,250
91,51,47,0,-50,180,75,265
91,52,18,0,-80,180,75,295
91,53,48,1,-80,180,75,295
91,54,9,1,-75,180,75,295
91,55,46,0,-85,180,75,310
91,56,7,1,-80,180,75,310
91,57,22,1,-80,185,65,310
91,58,8,0,-80,190,55,310
91,59,20,0,-90,190,70,310
91,60,23,1,-90,195,65,310
91,61,7,0,-105,205,65,310
91,62,3,0,-90,205,60,310
91,63,18,0,-120,205,60,340
91,64,18,1,-110,205,60,340
91,65,23,1,-110,210,55,340
91,66,41,1,-105,200,55,340
91,67,8,0,-105,205,45,340
91,68,26,1,-95,205,40,340
91,69,18,1,-85,205,40,340
91,70,16,1,-85,205,30,340
91,71,3,1,-95,205,30,350
91,72,12,0,-100,215,30,350
91,73,21,1,-95,215,20,350
91,74,46,1,-90,215,20,350
91,75,5,0,-100,215,25,350
91,76,39,1,-95,215,25,350
91,77,19,1,-95,215,25,350
91,78,14,1,-95,225,25,350
91,79,10,0,-105,235,25,350
91,80,38,1,-100,235,25,350
91,81,47,1,-100,235,25,350
91,82,44,0,-100,235,35,360
91,83,46,1,-95,235,35,360
91,84,48,0,-95,235,35,390
91,85,37,1,-85,235,35,390
91,86,2,0,-95,235,55,390
91,87,24,1,-90,235,55,390
91,88,3,0,-75,235,50,390
91,89,26,1,-65,235,45,390
91,90,37,0,-80,255,45,390
91,91,4,0,-95,270,45,390
91,92,17,0,-115,290,45,390
91,93,10,1,-100,290,35,390
91,94,42,1,-100,295,35,390
91,95,14,1,-100,305,35,390
91,96,12,1,-95,305,35,390
91,97,15,1,-95,310,35,390
91,98,43,1,-95,310,40,385
91,99,36,0,-95,305,40,400
92,0,4,0,35,65,50,50
92,1,14,0,35,65,50,60
92,2,25,0,35,60,50,60
92,3,48,1,35,60,50,60
92,4,8,0,35,65,40,60
92,5,5,1,40,65,30,60
92,6,37,1,50,65,30,60
92,7,10,0,40,75,30,60
92,8,26,1,50,75,25,60
92,9,36,1,50,85,25,60
92,10,27,1,50,100,20,60
92,11,11,0,45,100,20,60
92,12,3,0,60,100,15,60
92,13,27,0,70,90,15,60
92,14,48,1,70,90,15,60
92,15,7,1,75,90,15,60
92,16,48,1,75,90,15,60
92,17,6,0,85,90,10,60
92,18,19,1,85,90,10,60
92,19,26,1,95,90,5,60
92,20,7,0,80,100,5,60
92,21,48,1,80,100,5,60
92,22,20,1,80,110,-10,60
92,23,12,0,75,120,-10,60
92,24,27,0,85,110,-10,60
92,25,9,1,90,110,-10,60
92,26,38,0,80,120,-10,60
92,27,20,0,70,120,5,60
92,28,41,0,60,135,5,60
92,29,41,0,50,150,5,60
92,30,30,0,50,150,-5,85
92,31,22,0,40,150,5,85
92,32,38,1,45,150,5,85
92,33,23,0,35,150,5,95
92,34,3,1,25,150,5,105
92,35,46,1,30,150,5,105
92,36,4,1,40,150,5,105
92,37,23,1,40,155,0,105
92,38,28,0,20,155,0,120
92,39,13,0,20,155,0,140
92,40,23,1,20,160,-5,140
92,41,4,1,30,160,-5,140
92,42,27,0,40,150,-5,140
92,43,21,0,30,150,15,140
92,44,30,0,30,150,5,165
92,45,16,1,30,150,-5,165
92,46,1,0,40,150,-15,165
92,47,13,0,40,150,-15,185
92,48,22,0,30,150,-5,185
92,49,19,0,30,150,-5,185
92,50,22,0,20,150,5,185
92,51,24,1,25,150,5,185
92,52,23,1,25,155,0,185
92,53,17,0,5,175,0,185
92,54,23,1,5,180,-5,185
92,55,17,1,-25,180,10,185
92,56,9,0,-35,180,10,190
92,57,11,0,-40,180,10,190
92,58,2,1,-35,180,0,190
92,59,24,1,-30,180,0,190
92,60,17,0,-50,200,0,190
92,61,17,0,-70,220,0,190
92,62,10,1,-55,220,-10,190
92,63,8,0,-55,225,-20,190
92,64,20,1,-55,235,-35,190
92,65,44,0,-55,235,-25,200
92,66,9,1,-50,235,-25,200
92,67,42,1,-50,240,-25,200
92,68,21,1,-45,240,-35,200
92,69,36,0,-45,235,-35,215
92,70,42,0,-60,235,-35,230
92,71,17,1,-90,235,-20,230
92,72,20,1,-90,245,-35,230
92,73,3,0,-75,245,-40,230
92,74,11,0,-80,245,-40,230
92,75,23,0,-90,245,-40,240
92,76,26,1,-80,245,-45,240
92,77,4,0,-95,260,-45,240
92,78,45,0,-95,260,-45,255
92,79,45,1,-95,270,-45,255
92,80,8,1,-110,270,-45,265
92,81,11,1,-105,270,-45,265
92,82,40,1,-105,260,-35,265
92,83,10,0,-115,270,-35,265
92,84,20,0,-125,270,-20,265
92,85,45,1,-125,280,-20,265
92,86,24,1,-120,280,-20,265
92,87,22,0,-130,280,-10,265
92,88,22,1,-130,285,-20,265
92,89,4,1,-120,285,-20,265
92,90,2,1,-115,285,-30,265
92,91,42,0,-130,285,-30,280
92,92,42,0,-145,285,-30,295
92,93,43,0,-125,285,-40,295
92,94,19,0,-125,285,-40,295
92,95,24,0,-130,285,-40,295
92,96,39,0,-140,300,-40,295
92,97,18,1,-130,300,-40,295
92,98,5,0,-140,300,-35,295
92,99,20,1,-140,310,-50,295
93,0,14,0,50,50,50,60
93,1,43,1,50,50,55,55
93,2,44,0,50,50,65,65
93,3,43,1,50,50,70,60
93,4,27,1,50,65,65,60
93,5,25,0,50,60,65,60
93,6,13,1,55,65,65,60
93,7,29,1,55,85,45,60
93,8,41,1,60,75,45,60
93,9,13,0,60,75,45,80
93,10,11,0,55,75,45,80
93,11,4,1,65,75,45,80
93,12,24,1,70,75,45,80
93,13,17,1,40,75,60,80
93,14,37,0,25,95,60,80
93,15,38,1,30,95,60,80
93,16,29,0,10,95,65,80
93,17,1,1,0,95,65,85
93,18,47,1,0,95,65,85
93,19,39,0,-10,110,65,85
93,20,19,0,-10,110,65,85
93,21,5,1,-5,110,55,85
93,22,22,1,-5,115,45,85
93,23,10,0,-15,125,45,85
93,24,39,1,-10,125,45,85
93,25,25,0,-10,120,45,85
93,26,46,1,-5,120,45,85
93,27,45,0,-5,120,45,100
93,28,24,1,0,120,45,100
93,29,43,0,20,120,35,100
93,30,11,0,15,120,35,100
93,31,17,0,-5,140,35,100
93,32,19,0,-5,140,35,100
93,33,26,0,-15,140,35,110
93,34,6,0,-5,140,30,110
93,35,23,1,-5,145,25,110
93,36,2,1,0,145,15,110
93,37,48,0,0,145,15,140
93,38,47,1,0,145,15,140
93,39,37,1,10,145,15,140
93,40,18,0,-20,145,15,170
93,41,46,0,-30,145,15,185
93,42,6,1,-40,145,15,195
93,43,15,0,-25,140,15,195
93,44,25,1,-25,150,15,195
93,45,11,0,-30,150,15,195
93,46,11,1,-25,150,15,195
93,47,44,1,-20,150,15,195
93,48,1,1,-30,150,15,200
93,49,37,1,-20,150,15,200
93,50,46,1,-15,150,15,200
93,51,30,1,-15,150,25,200
93,52,6,1,-25,150,25,210
93,53,8,0,-25,155,15,210
93,54,30,0,-25,155,5,235
93,55,15,1,-25,160,5,235
93,56,17,0,-45,180,5,235
93,57,48,1,-45,180,5,235
93,58,45,0,-45,180,5,250
93,59,47,0,-45,180,5,265
93,60,9,0,-55,180,5,270
93,61,29,0,-75,180,10,270
93,62,43,0,-55,180,0,270
93,63,21,0,-65,180,20,270
93,64,25,1,-65,190,20,270
93,65,47,0,-65,190,20,285
93,66,4,1,-55,190,20,285
93,67,40,1,-55,180,30,285
93,68,40,0,-55,190,20,285
93,69,30,1,-55,190,30,285
93,70,21,0,-65,190,50,285
93,71,36,1,-65,200,50,285
93,72,20,0,-75,200,65,285
93,73,25,0,-75,195,65,285
93,74,38,1,-70,195,65,285
93,75,38,0,-80,205,65,285
93,76,14,1,-80,215,65,285
93,77,8,0,-80,220,55,285
93,78,26,0,-90,220,55,295
93,79,8,0,-90,225,45,295
93,80,26,0,-100,225,45,305
93,81,40,1,-100,215,55,305
93,82,6,1,-110,215,55,315
93,83,20,1,-110,225,40,315
93,84,11,0,-115,225,40,315
93,85,38,1,-110,225,40,315
93,86,18,1,-100,225,40,315
93,87,3,1,-110,225,40,325
93,88,43,1,-110,225,45,320
93,89,41,1,-105,215,45,320
93,90,42,1,-105,220,45,320
93,91,22,1,-105,225,35,320
93,92,36,0,-105,220,35,335
93,93,1,0,-95,220,25,335
93,94,24,0,-100,220,25,335
93,95,17,1,-130,220,40,335
93,96,21,1,-125,220,30,335
93,97,47,0,-125,220,30,350
93,98,16,0,-140,230,30,350
93,99,47,0,-140,230,30,365
94,0,4,0,35,65,50,50
94,1,19,0,35,65,50,50
94,2,26,0,25,65,50,60
94,3,26,1,35,65,45,60
94,4,22,0,25,65,55,60
94,5,39,0,15,80,55,60
94,6,18,1,25,80,55,60
94,7,2,0,15,80,75,60
94,8,30,0,15,80,65,85
94,9,24,0,10,80,65,85
94,10,25,0,10,75,65,85
94,11,9,0,0,75,65,90
94,12,3,0,15,75,60,90
94,13,8,1,0,75,60,100
94,14,43,0,20,75,50,100
94,15,23,0,10,75,50,110
94,16,7,1,15,75,50,110
94,17,46,1,20,75,50,110
94,18,45,1,20,85,50,110
94,19,25,0,20,80,50,110
94,20,17,1,-10,80,65,110
94,21,24,0,-15,80,65,110
94,22,37,1,-5,80,65,110
94,23,25,0,-5,75,65,110
94,24,7,0,-20,85,65,110
94,25,24,0,-25,85,65,110
94,26,6,1,-35,85,65,120
94,27,16,0,-50,95,65,120
94,28,25,1,-50,105,65,120
94,29,24,0,-55,105,65,120
94,30,43,1,-55,105,70,115
94,31,4,0,-70,120,70,115
94,32,16,1,-70,120,60,115
94,33,28,0,-90,120,60,130
94,34,13,1,-85,125,60,130
94,35,45,0,-85,125,60,145
94,36,24,1,-80,125,60,145
94,37,12,0,-85,135,60,145
94,38,46,0,-95,135,60,160
94,39,9,1,-90,135,60,160
94,40,29,1,-90,155,40,160
94,41,6,0,-80,155,35,160
94,42,36,0,-80,150,35,175
94,43,13,1,-75,155,35,175
94,44,45,1,-75,165,35,175
94,45,37,0,-90,185,35,175
94,46,47,1,-90,185,35,175
94,47,43,0,-70,185,25,175
94,48,45,0,-70,185,25,190
94,49,36,0,-70,180,25,205
94,50,48,0,-70,180,25,235
94,51,6,0,-60,180,20,235
94,52,19,1,-60,180,20,235
94,53,20,0,-70,180,35,235
94,54,30,0,-70,180,25,260
94,55,26,1,-60,180,20,260
94,56,11,0,-65,180,20,260
94,57,27,1,-65,195,15,260
94,58,43,1,-65,195,20,255
94,59,48,0,-65,195,20,285
94,60,29,1,-65,215,0,285
94,61,18,1,-55,215,0,285
94,62,30,1,-55,215,10,285
94,63,19,0,-55,215,10,285
94,64,48,0,-55,215,10,315
94,65,7,1,-50,215,10,315
94,66,30,0,-50,215,0,340
94,67,8,0,-50,220,-10,340
94,68,19,0,-50,220,-10,340
94,69,16,1,-50,220,-20,340
94,70,27,0,-40,210,-20,340
94,71,36,0,-40,205,-20,355
94,72,10,0,-50,215,-20,355
94,73,47,0,-50,215,-20,370
94,74,44,1,-45,215,-20,370
94,75,9,1,-40,215,-20,370
94,76,3,1,-50,215,-20,380
94,77,46,0,-60,215,-20,395
94,78,11,0,-65,215,-20,395
94,79,23,0,-75,215,-20,405
94,80,8,0,-75,220,-30,405
94,81,47,1,-75,220,-30,405
94,82,38,0,-85,230,-30,405
94,83,15,0,-70,225,-30,405
94,84,7,0,-85,235,-30,405
94,85,44,0,-85,235,-20,415
94,86,48,0,-85,235,-20,445
94,87,40,0,-85,245,-30,445
94,88,41,0,-95,260,-30,445
94,89,41,0,-105,275,-30,445
94,90,24,1,-100,275,-30,445
94,91,30,1,-100,275,-20,445
94,92,42,1,-100,280,-20,445
94,93,39,1,-95,280,-20,445
94,94,5,1,-90,280,-30,445
94,95,18,1,-80,280,-30,445
94,96,28,0,-100,280,-30,460
94,97,10,0,-110,290,-30,460
94,98,23,0,-120,290,-30,470
94,99,5,1,-115,290,-40,470
95,0,47,1,50,50,50,50
95,1,13,1,55,55,50,50
95,2,18,1,65,55,50,50
95,3,10,1,80,55,40,50
95,4,47,1,80,55,40,50
95,5,1,1,70,55,40,55
95,6,13,1,75,60,40,55
95,7,3,0,90,60,35,55
95,8,39,1,95,60,35,55
95,9,9,0,85,60,35,60
95,10,16,1,85,60,25,60
95,11,9,0,75,60,25,65
95,12,46,0,65,60,25,80
95,13,26,0,55,60,25,90
95,14,8,0,55,65,15,90
95,15,9,1,60,65,15,90
95,16,23,1,60,70,10,90
95,17,47,1,60,70,10,90
95,18,15,1,60,75,10,90
95,19,17,1,30,75,25,90
95,20,39,1,35,75,25,90
95,21,5,1,40,75,15,90
95,22,22,1,40,80,5,90
95,23,17,0,20,100,5,90
95,24,30,1,20,100,15,90
95,25,25,0,20,95,15,90
95,26,41,0,10,110,15,90
95,27,6,1,0,110,15,100
95,28,37,1,10,110,15,100
95,29,27,0,20,100,15,100
95,30,47,1,20,100,15,100
95,31,16,0,5,110,15,100
95,32,22,0,-5,110,25,100
95,33,3,1,-15,110,25,110
95,34,36,0,-15,105,25,125
95,35,36,1,-15,115,25,125
95,36,4,0,-30,130,25,125
95,37,6,0,-20,130,20,125
95,38,4,0,-35,145,20,125
95,39,43,1,-35,145,25,120
95,40,21,0,-45,145,45,120
95,41,40,0,-45,155,35,120
95,42,13,0,-45,155,35,140
95,43,37,1,-35,155,35,140
95,44,39,0,-45,170,35,140
95,45,3,0,-30,170,30,140
95,46,23,0,-40,170,30,150
95,47,38,1,-35,170,30,150
95,48,41,1,-30,160,30,150
95,49,19,1,-30,160,30,150
95,50,10,1,-15,160,20,150
95,51,19,0,-15,160,20,150
95,52,12,0,-20,170,20,150
95,53,14,0,-20,170,20,160
95,54,47,0,-20,170,20,175
95,55,21,1,-15,170,10,175
95,56,15,1,-15,175,10,175
95,57,38,1,-10,175,10,175
95,58,23,0,-20,175,10,185
95,59,11,1,-15,175,10,185
95,60,25,1,-15,185,10,185
95,61,36,1,-15,195,10,185
95,62,7,1,-10,195,10,185
95,63,16,1,-10,195,0,185
95,64,29,0,-30,195,5,185
95,65,16,0,-45,205,5,185
95,66,23,1,-45,210,0,185
95,67,23,1,-45,215,-5,185
95,68,10,0,-55,225,-5,185
95,69,27,1,-55,240,-10,185
95,70,28,0,-75,240,-10,200
95,71,18,0,-105,240,-10,230
95,72,17,1,-135,240,5,230
95,73,13,1,-130,245,5,230
95,74,2,0,-140,245,25,230
95,75,39,1,-135,245,25,230
95,76,41,1,-130,235,25,230
95,77,43,1,-130,235,30,225
95,78,4,0,-145,250,30,225
95,79,46,0,-155,250,30,240
95,80,44,1,-150,250,30,240
95,81,25,1,-150,260,30,240
95,82,26,1,-140,260,25,240
95,83,43,0,-120,260,15,240
95,84,29,0,-140,260,20,240
95,85,46,1,-135,260,20,240
95,86,27,0,-125,250,20,240
95,87,40,0,-125,260,10,240
95,88,48,0,-125,260,10,270
95,89,8,1,-140,260,10,280
95,90,7,1,-135,260,10,280
95,91,19,0,-135,260,10,280
95,92,27,0,-125,250,10,280
95,93,10,0,-135,260,10,280
95,94,21,0,-145,260,30,280
95,95,6,0,-135,260,25,280
95,96,18,1,-125,260,25,280
95,97,6,1,-135,260,25,290
95,98,41,1,-130,250,25,290
95,99,43,0,-110,250,15,290
96,0,6,1,40,50,50,60
96,1,17,0,20,70,50,60
96,2,45,0,20,70,50,75
96,3,28,1,30,70,50,75
96,4,19,0,30,70,50,75
96,5,43,1,30,70,55,70
96,6,5,1,35,70,45,70
96,7,45,1,35,80,45,70
96,8,11,1,40,80,45,70
96,9,41,1,45,70,45,70
96,10,12,0,40,80,45,70
96,11,15,1,40,85,45,70
96,12,18,0,10,85,45,100
96,13,3,1,0,85,45,110
96,14,41,1,5,75,45,110
96,15,44,1,10,75,45,110
96,16,13,0,10,75,45,130
96,17,26,0,0,75,45,140
96,18,8,0,0,80,35,140
96,19,45,1,0,90,35,140
96,20,14,0,0,90,35,150
96,21,39,0,-10,105,35,150
96,22,41,1,-5,95,35,150
96,23,47,0,-5,95,35,165
96,24,11,1,0,95,35,165
96,25,1,1,-10,95,35,170
96,26,13,1,-5,100,35,170
96,27,37,0,-20,120,35,170
96,28,30,0,-20,120,25,195
96,29,48,1,-20,120,25,195
96,30,13,1,-15,125,25,195
96,31,44,0,-15,125,35,205
96,32,23,1,-15,130,30,205
96,33,2,0,-25,130,50,205
96,34,47,0,-25,130,50,220
96,35,45,1,-25,140,50,220
96,36,11,0,-30,140,50,220
96,37,19,1,-30,140,50,220
96,38,42,1,-30,145,50,220
96,39,43,1,-30,145,55,215
96,40,12,1,-25,145,55,215
96,41,26,1,-15,145,50,215
96,42,25,0,-15,140,50,215
96,43,6,0,-5,140,45,215
96,44,18,0,-35,140,45,245
96,45,7,0,-50,150,45,245
96,46,47,1,-50,150,45,245
96,47,1,1,-60,150,45,250
96,48,25,0,-60,145,45,250
96,49,19,0,-60,145,45,250
96,50,12,1,-55,145,45,250
96,51,47,1,-55,145,45,250
96,52,37,0,-70,165,45,250
96,53,21,0,-80,165,65,250
96,54,41,1,-75,155,65,250
96,55,21,0,-85,155,85,250
96,56,39,1,-80,155,85,250
96,57,47,1,-80,155,85,250
96,58,18,0,-110,155,85,280
96,59,40,0,-110,165,75,280
96,60,43,1,-110,165,80,275
96,61,37,0,-125,185,80,275
96,62,21,1,-120,185,70,275
96,63,43,0,-100,185,60,275
96,64,30,0,-100,185,50,300
96,65,41,0,-110,200,50,300
96,66,18,1,-100,200,50,300
96,67,48,1,-100,200,50,300
96,68,39,1,-95,200,50,300
96,69,27,1,-95,215,45,300
96,70,11,0,-100,215,45,300
96,71,13,0,-100,215,45,320
96,72,21,1,-95,215,35,320
96,73,48,1,-95,215,35,320
96,74,10,1,-80,215,25,320
96,75,40,1,-80,205,35,320
96,76,14,1,-80,215,35,320
96,77,47,0,-80,215,35,335
96,78,6,0,-70,215,30,335
96,79,9,0,-80,215,30,340
96,80,9,1,-75,215,30,340
96,81,24,1,-70,215,30,340
96,82,20,0,-80,215,45,340
96,83,23,1,-80,220,40,340
96,84,13,1,-75,225,40,340
96,85,17,0,-95,245,40,340
96,86,36,1,-95,255,40,340
96,87,29,0,-115,255,45,340
96,88,27,0,-105,245,45,340
96,89,22,1,-105,250,35,340
96,90,25,0,-105,245,35,340
96,91,8,1,-120,245,35,350
96,92,17,0,-140,265,35,350
96,93,19,0,-140,265,35,350
96,94,1,0,-130,265,25,350
96,95,15,1,-130,270,25,350
96,96,18,1,-120,270,25,350
96,97,28,0,-140,270,25,365
96,98,14,0,-140,270,25,375
96,99,27,1,-140,285,20,375
97,0,16,1,50,50,40,50
97,1,7,1,55,50,40,50
97,2,15,0,70,45,40,50
97,3,21,1,75,45,30,50
97,4,1,1,65,45,30,55
97,5,27,1,65,60,25,55
97,6,3,0,80,60,20,55
97,7,15,1,80,65,20,55
97,8,1,1,70,65,20,60
97,9,11,1,75,65,20,60
97,10,17,0,55,85,20,60
97,11,11,1,60,85,20,60
97,12,8,1,45,85,20,70
97,13,6,1,35,85,20,80
97,14,11,0,30,85,20,80
97,15,1,0,40,85,10,80
97,16,38,0,30,95,10,80
97,17,30,1,30,95,20,80
97,18,15,1,30,100,20,80
97,19,9,0,20,100,20,85
97,20,40,0,20,110,10,85
97,21,7,0,5,120,10,85
97,22,43,1,5,120,15,80
97,23,19,0,5,120,15,80
97,24,40,1,5,110,25,80
97,25,47,1,5,110,25,80
97,26,22,0,-5,110,35,80
97,27,16,1,-5,110,25,80
97,28,45,0,-5,110,25,95
97,29,27,1,-5,125,20,95
97,30,14,1,-5,135,20,95
97,31,25,0,-5,130,20,95
97,32,23,0,-15,130,20,105
97,33,29,0,-35,130,25,105
97,34,38,0,-45,140,25,105
97,35,48,0,-45,140,25,135
97,36,9,0,-55,140,25,140
97,37,8,1,-70,140,25,150
97,38,42,0,-85,140,25,165
97,39,48,1,-85,140,25,165
97,40,28,1,-75,140,25,165
97,41,45,1,-75,150,25,165
97,42,40,0,-75,160,15,165
97,43,40,1,-75,150,25,165
97,44,36,1,-75,160,25,165
97,45,22,0,-85,160,35,165
97,46,48,0,-85,160,35,195
97,47,23,0,-95,160,35,205
97,48,39,1,-90,160,35,205
97,49,47,0,-90,160,35,220
97,50,26,0,-100,160,35,230
97,51,23,1,-100,165,30,230
97,52,6,0,-90,165,25,230
97,53,21,0,-100,165,45,230
97,54,12,1,-95,165,45,230
97,55,23,0,-105,165,45,240
97,56,5,1,-100,165,35,240
97,57,13,0,-100,165,35,260
97,58,19,1,-100,165,35,260
97,59,26,0,-110,165,35,270
97,60,47,0,-110,165,35,285
97,61,22,1,-110,170,25,285
97,62,21,0,-120,170,45,285
97,63,10,0,-130,180,45,285
97,64,7,0,-145,190,45,285
97,65,11,0,-150,190,45,285
97,66,15,1,-150,195,45,285
97,67,24,0,-155,195,45,285
97,68,3,1,-165,195,45,295
97,69,21,1,-160,195,35,295
97,70,30,1,-160,195,45,295
97,71,18,1,-150,195,45,295
97,72,16,1,-150,195,35,295
97,73,24,0,-155,195,35,295
97,74,44,1,-150,195,35,295
97,75,38,1,-145,195,35,295
97,76,44,0,-145,195,45,305
97,77,28,1,-135,195,45,305
97,78,10,1,-120,195,35,305
97,79,18,0,-150,195,35,335
97,80,17,1,-180,195,50,335
97,81,13,1,-175,200,50,335
97,82,28,0,-195,200,50,350
97,83,19,0,-195,200,50,350
97,84,25,1,-195,210,50,350
97,85,47,0,-195,210,50,365
97,86,41,1,-190,200,50,365
97,87,48,1,-190,200,50,365
97,88,26,0,-200,200,50,375
97,89,18,1,-190,200,50,375
97,90,36,1,-190,210,50,375
97,91,24,1,-185,210,50,375
97,92,12,1,-180,210,50,375
97,93,7,1,-175,210,50,375
97,94,36,1,-175,220,50,375
97,95,18,0,-205,220,50,405
97,96,20,0,-215,220,65,405
97,97,9,0,-225,220,65,410
97,98,19,0,-225,220,65,410
97,99,36,1,-225,230,65,410
98,0,9,1,55,50,50,50
98,1,39,0,45,65,50,50
98,2,45,0,45,65,50,65
98,3,7,1,50,65,50,65
98,4,40,0,50,75,40,65
98,5,30,0,50,75,30,90
98,6,41,0,40,90,30,90
98,7,41,1,45,80,30,90
98,8,4,1,55,80,30,90
98,9,38,1,60,80,30,90
98,10,47,1,60,80,30,90
98,11,8,0,60,85,20,90
98,12,22,1,60,90,10,90
98,13,38,0,50,100,10,90
98,14,2,1,55,100,0,90
98,15,25,0,55,95,0,90
98,16,2,0,45,95,20,90
98,17,28,1,55,95,20,90
98,18,16,1,55,95,10,90
98,19,48,1,55,95,10,90
98,20,18,0,25,95,10,120
98,21,19,0,25,95,10,120
98,22,42,0,10,95,10,135
98,23,15,0,25,90,10,135
98,24,4,0,10,105,10,135
98,25,15,1,10,110,10,135
98,26,8,0,10,115,0,135
98,27,46,1,15,115,0,135
98,28,47,1,15,115,0,135
98,29,21,1,20,115,-10,135
98,30,38,1,25,115,-10,135
98,31,40,0,25,125,-20,135
98,32,15,1,25,130,-20,135
98,33,3,0,40,130,-25,135
98,34,48,1,40,130,-25,135
98,35,40,1,40,120,-15,135
98,36,9,0,30,120,-15,140
98,37,11,0,25,120,-15,140
98,38,12,0,20,130,-15,140
98,39,13,0,20,130,-15,160
98,40,36,0,20,125,-15,175
98,41,17,0,0,145,-15,175
98,42,3,0,15,145,-20,175
98,43,38,1,20,145,-20,175
98,44,20,0,10,145,-5,175
98,45,11,1,15,145,-5,175
98,46,41,0,5,160,-5,175
98,47,42,0,-10,160,-5,190
98,48,20,0,-20,160,10,190
98,49,22,0,-30,160,20,190
98,50,8,0,-30,165,10,190
98,51,45,0,-30,165,10,205
98,52,30,0,-30,165,0,230
98,53,26,1,-20,165,-5,230
98,54,40,1,-20,155,5,230
98,55,15,0,-5,150,5,230
98,56,24,1,0,150,5,230
98,57,4,1,10,150,5,230
98,58,28,1,20,150,5,230
98,59,8,1,5,150,5,240
98,60,25,1,5,160,5,240
98,61,27,0,15,150,5,240
98,62,15,0,30,145,5,240
98,63,44,0,30,145,15,250
98,64,48,1,30,145,15,250
98,65,5,0,20,145,20,250
98,66,13,1,25,150,20,250
98,67,3,1,15,150,20,260
98,68,37,1,25,150,20,260
98,69,23,1,25,155,15,260
98,70,7,0,10,165,15,260
98,71,18,0,-20,165,15,290
98,72,10,1,-5,165,5,290
98,73,25,1,-5,175,5,290
98,74,39,1,0,175,5,290
98,75,19,1,0,175,5,290
98,76,41,1,5,165,5,290
98,77,27,1,5,180,0,290
98,78,14,0,5,180,0,300
98,79,42,0,-10,180,0,315
98,80,44,1,-5,180,0,315
98,81,40,0,-5,190,-10,315
98,82,15,0,10,185,-10,315
98,83,13,1,15,190,-10,315
98,84,43,0,35,190,-20,315
98,85,1,1,25,190,-20,320
98,86,46,0,15,190,-20,335
98,87,12,0,10,200,-20,335
98,88,24,1,15,200,-20,335
98,89,6,1,5,200,-20,345
98,90,30,1,5,200,-10,345
98,91,8,0,5,205,-20,345
98,92,46,0,-5,205,-20,360
98,93,16,0,-20,215,-20,360
98,94,30,0,-20,215,-30,385
98,95,17,1,-50,215,-15,385
98,96,19,0,-50,215,-15,385
98,97,2,0,-60,215,5,385
98,98,36,1,-60,225,5,385
98,99,3,0,-45,225,0,385
99,0,3,0,65,50,45,50
99,1,38,1,70,50,45,50
99,2,48,1,70,50,45,50
99,3,42,1,70,55,45,50
99,4,18,0,40,55,45,80
99,5,2,0,30,55,65,80
99,6,21,0,20,55,85,80
99,7,19,1,20,55,85,80
99,8,26,1,30,55,80,80
99,9,9,0,20,55,80,85
99,10,26,1,30,55,75,85
99,11,20,1,30,65,60,85
99,12,44,0,30,65,70,95
99,13,6,1,20,65,70,105
99,14,18,1,30,65,70,105
99,15,2,1,35,65,60,105
99,16,22,1,35,70,50,105
99,17,19,1,35,70,50,105
99,18,5,1,40,70,40,105
99,19,28,1,50,70,40,105
99,20,5,1,55,70,30,105
99,21,23,1,55,75,25,105
99,22,23,1,55,80,20,105
99,23,39,0,45,95,20,105
99,24,24,1,50,95,20,105
99,25,45,1,50,105,20,105
99,26,5,1,55,105,10,105
99,27,23,1,55,110,5,105
99,28,9,1,60,110,5,105
99,29,10,1,75,110,-5,105
99,30,11,1,80,110,-5,105
99,31,28,1,90,110,-5,105
99,32,45,0,90,110,-5,120
99,33,6,0,100,110,-10,120
99,34,40,1,100,100,0,120
99,35,12,1,105,100,0,120
99,36,7,1,110,100,0,120
99,37,28,1,120,100,0,120
99,38,30,0,120,100,-10,145
99,39,5,0,110,100,-5,145
99,40,45,0,110,100,-5,160
99,41,24,0,105,100,-5,160
99,42,40,0,105,110,-15,160
99,43,36,1,105,120,-15,160
99,44,23,0,95,120,-15,170
99,45,6,1,85,120,-15,180
99,46,7,1,90,120,-15,180
99,47,3,0,105,120,-20,180
99,48,36,1,105,130,-20,180
99,49,21,1,110,130,-30,180
99,50,22,0,100,130,-20,180
99,51,37,1,110,130,-20,180
99,52,42,1,110,135,-20,180
99,53,48,0,110,135,-20,210
99,54,44,0,110,135,-10,220
99,55,18,1,120,135,-10,220
99,56,16,0,105,145,-10,220
99,57,14,1,105,155,-10,220
99,58,5,1,110,155,-20,220
99,59,12,0,105,165,-20,220
99,60,40,1,105,155,-10,220
99,61,14,1,105,165,-10,220
99,62,8,0,105,170,-20,220
99,63,10,1,120,170,-30,220
99,64,27,0,130,160,-30,220
99,65,8,0,130,165,-40,220
99,66,11,1,135,165,-40,220
99,67,44,1,140,165,-40,220
99,68,10,0,130,175,-40,220
99,69,46,0,120,175,-40,235
99,70,18,1,130,175,-40,235
99,71,14,0,130,175,-40,245
99,72,2,0,120,175,-20,245
99,73,5,0,110,175,-15,245
99,74,18,0,80,175,-15,275
99,75,39,1,85,175,-15,275
99,76,29,1,85,195,-35,275
99,77,6,1,75,195,-35,285
99,78,38,1,80,195,-35,285
99,79,2,0,70,195,-15,285
99,80,7,1,75,195,-15,285
99,81,39,0,65,210,-15,285
99,82,8,0,65,215,-25,285
99,83,16,0,50,225,-25,285
99,84,12,1,55,225,-25,285
99,85,37,0,40,245,-25,285
99,86,48,1,40,245,-25,285
99,87,37,0,25,265,-25,285
99,88,9,1,30,265,-25,285
99,89,27,1,30,280,-30,285
99,90,21,0,20,280,-10,285
99,91,4,0,5,295,-10,285
99,92,42,0,-10,295,-10,300
99,93,23,0,-20,295,-10,310
99,94,24,0,-25,295,-10,310
99,95,25,1,-25,305,-10,310
99,96,3,1,-35,305,-10,320
99,97,16,0,-50,315,-10,320
99,98,16,0,-65,325,-10,320
99,99,44,1,-60,325,-10,320
