run,turn,card_id,choice,wealth,morale,stability,progress
0,0,4,0,35,65,50,50
0,1,48,1,35,65,50,50
0,2,3,0,50,65,45,50
0,3,41,0,40,80,45,50
0,4,43,0,60,80,35,50
0,5,28,1,70,80,35,50
0,6,29,1,70,100,15,50
0,7,39,0,60,115,15,50
0,8,37,1,70,115,15,50
0,9,6,0,80,115,10,50
0,10,28,0,60,115,10,65
0,11,45,1,60,125,10,65
0,12,4,1,70,125,10,65
0,13,5,1,75,125,0,65
0,14,13,1,80,130,0,65
0,15,1,1,70,130,0,70
0,16,14,0,70,130,0,80
0,17,8,1,55,130,0,90
0,18,28,0,35,130,0,105
0,19,46,0,25,130,0,120
0,20,36,1,25,140,0,120
0,21,45,0,25,140,0,135
0,22,41,1,30,130,0,135
0,23,1,0,40,130,-10,135
0,24,9,1,45,130,-10,135
0,25,16,1,45,130,-20,135
0,26,15,1,45,135,-20,135
0,27,18,0,15,135,-20,165
0,28,4,0,0,150,-20,165
0,29,42,0,-15,150,-20,180
0,30,36,0,-15,145,-20,195
0,31,44,0,-15,145,-10,205
0,32,48,0,-15,145,-10,235
0,33,45,0,-15,145,-10,250
0,34,22,0,-25,145,0,250
0,35,25,0,-25,140,0,250
0,36,40,0,-25,150,-10,250
0,37,44,0,-25,150,0,260
0,38,28,1,-15,150,0,260
0,39,29,0,-35,150,5,260
0,40,41,0,-45,165,5,260
0,41,38,1,-40,165,5,260
0,42,5,0,-50,165,10,260
0,43,24,1,-45,165,10,260
0,44,30,1,-45,165,20,260
0,45,27,0,-35,155,20,260
0,46,46,0,-45,155,20,275
0,47,8,1,-60,155,20,285
0,48,13,1,-55,160,20,285
0,49,42,1,-55,165,20,285
0,50,4,0,-70,180,20,285
0,51,26,0,-80,180,20,295
0,52,27,1,-80,195,15,295
0,53,28,1,-70,195,15,295
0,54,3,0,-55,195,10,295
0,55,41,0,-65,210,10,295
0,56,22,0,-75,210,20,295
0,57,39,1,-70,210,20,295
0,58,37,0,-85,230,20,295
0,59,24,0,-90,230,20,295
0,60,28,0,-110,230,20,310
0,61,31,0,-110,240,10,310
0,62,48,0,-110,240,10,340
0,63,6,1,-120,240,10,350
0,64,41,1,-115,230,10,350
0,65,4,0,-130,245,10,350
0,66,40,1,-130,235,20,350
0,67,23,1,-130,240,15,350
0,68,9,0,-140,240,15,355
0,69,25,0,-140,235,15,355
0,70,48,0,-140,235,15,385
0,71,20,0,-150,235,30,385
0,72,23,1,-150,240,25,385
0,73,1,1,-160,240,25,390
0,74,30,0,-160,240,15,415
0,75,11,1,-155,240,15,415
0,76,32,1,-155,230,30,415
0,77,47,1,-155,230,30,415
0,78,25,1,-155,240,30,415
0,79,22,0,-165,240,40,415
0,80,21,1,-160,240,30,415
0,81,27,0,-150,230,30,415
0,82,8,0,-150,235,20,415
0,83,28,0,-170,235,20,430
0,84,2,1,-165,235,10,430
0,85,57,0,-165,235,10,455
0,86,30,0,-165,235,0,480
0,87,29,0,-185,235,5,480
0,88,17,1,-215,235,20,480
0,89,27,0,-205,225,20,480
0,90,13,0,-205,225,20,500
0,91,25,0,-205,220,20,500
0,92,7,1,-200,220,20,500
0,93,24,0,-205,220,20,500
0,94,23,1,-205,225,15,500
0,95,22,0,-215,225,25,500
0,96,4,1,-205,225,25,500
0,97,36,1,-205,235,25,500
0,98,18,1,-195,235,25,500
0,99,11,0,-200,235,25,500
1,0,29,0,30,50,55,50
1,1,18,0,0,50,55,80
1,2,41,1,5,40,55,80
1,3,22,0,-5,40,65,80
1,4,36,1,-5,50,65,80
1,5,25,1,-5,60,65,80
1,6,18,1,5,60,65,80
1,7,16,1,5,60,55,80
1,8,3,1,-5,60,55,90
1,9,43,0,15,60,45,90
1,10,10,0,5,70,45,90
1,11,4,0,-10,85,45,90
1,12,16,0,-25,95,45,90
1,13,25,0,-25,90,45,90
1,14,43,1,-25,90,50,85
1,15,7,1,-20,90,50,85
1,16,44,1,-15,90,50,85
1,17,14,0,-15,90,50,95
1,18,26,1,-5,90,45,95
1,19,41,0,-15,105,45,95
1,20,39,0,-25,120,45,95
1,21,7,0,-40,130,45,95
1,22,9,1,-35,130,45,95
1,23,26,0,-45,130,45,105
1,24,25,1,-45,140,45,105
1,25,1,0,-35,140,35,105
1,26,3,1,-45,140,35,115
1,27,31,0,-45,150,25,115
1,28,43,1,-45,150,30,110
1,29,4,1,-35,150,30,110
1,30,45,1,-35,160,30,110
1,31,14,1,-35,170,30,110
1,32,11,0,-40,170,30,110
1,33,25,0,-40,165,30,110
1,34,4,0,-55,180,30,110
1,35,28,1,-45,180,30,110
1,36,38,0,-55,190,30,110
1,37,7,1,-50,190,30,110
1,38,57,0,-50,190,30,135
1,39,10,0,-60,200,30,135
1,40,39,0,-70,215,30,135
1,41,29,1,-70,235,10,135
1,42,19,0,-70,235,10,135
1,43,24,1,-65,235,10,135
1,44,16,0,-80,245,10,135
1,45,4,0,-95,260,10,135
1,46,47,1,-95,260,10,135
1,47,26,1,-85,260,5,135
1,48,3,0,-70,260,0,135
1,49,2,0,-80,260,20,135
1,50,46,0,-90,260,20,150
1,51,39,1,-85,260,20,150
1,52,42,0,-100,260,20,165
1,53,48,0,-100,260,20,195
1,54,15,1,-100,265,20,195
1,55,18,1,-90,265,20,195
1,56,17,0,-110,285,20,195
1,57,14,1,-110,295,20,195
1,58,58,0,-110,285,20,195
1,59,15,0,-95,280,20,195
1,60,21,1,-90,280,10,195
1,61,47,0,-90,280,10,210
1,62,32,1,-90,270,25,210
1,63,13,0,-90,270,25,230
1,64,27,1,-90,285,20,230
1,65,45,1,-90,295,20,230
1,66,24,0,-95,295,20,230
1,67,36,0,-95,290,20,245
1,68,8,1,-110,290,20,255
1,69,20,0,-120,290,35,255
1,70,38,0,-130,300,35,255
1,71,28,1,-120,300,35,255
1,72,9,0,-130,300,35,260
1,73,3,1,-140,300,35,270
1,74,36,1,-140,310,35,270
1,75,45,0,-140,310,35,285
1,76,24,0,-145,310,35,285
1,77,11,1,-140,310,35,285
1,78,37,1,-130,310,35,285
1,79,20,1,-130,320,20,285
1,80,25,0,-130,315,20,285
1,81,18,0,-160,315,20,315
1,82,43,1,-160,315,25,310
1,83,23,1,-160,320,20,310
1,84,33,1,-160,335,20,310
1,85,10,0,-170,345,20,310
1,86,45,0,-170,345,20,325
1,87,7,0,-185,355,20,325
1,88,6,1,-195,355,20,335
1,89,24,1,-190,355,20,335
1,90,27,0,-180,345,20,335
1,91,5,0,-190,345,25,335
1,92,23,1,-190,350,20,335
1,93,21,1,-185,350,10,335
1,94,8,0,-185,355,0,335
1,95,26,0,-195,355,0,345
1,96,41,0,-205,370,0,345
1,97,2,1,-200,370,-10,345
1,98,40,1,-200,360,0,345
1,99,36,1,-200,370,0,345
2,0,48,1,50,50,50,50
2,1,16,0,35,60,50,50
2,2,46,1,40,60,50,50
2,3,13,1,45,65,50,50
2,4,38,0,35,75,50,50
2,5,30,0,35,75,40,75
2,6,29,0,15,75,45,75
2,7,36,0,15,70,45,90
2,8,48,0,15,70,45,120
2,9,18,0,-15,70,45,150
2,10,41,1,-10,60,45,150
2,11,30,0,-10,60,35,175
2,12,40,0,-10,70,25,175
2,13,25,1,-10,80,25,175
2,14,15,0,5,75,25,175
2,15,44,1,10,75,25,175
2,16,31,1,10,75,35,175
2,17,48,0,10,75,35,205
2,18,40,0,10,85,25,205
2,19,45,0,10,85,25,220
2,20,39,0,0,100,25,220
2,21,20,0,-10,100,40,220
2,22,27,0,0,90,40,220
2,23,24,0,-5,90,40,220
2,24,13,1,0,95,40,220
2,25,8,0,0,100,30,220
2,26,17,1,-30,100,45,220
2,27,25,1,-30,110,45,220
2,28,37,0,-45,130,45,220
2,29,28,1,-35,130,45,220
2,30,19,0,-35,130,45,220
2,31,11,0,-40,130,45,220
2,32,1,0,-30,130,35,220
2,33,49,0,-30,125,35,235
2,34,40,1,-30,115,45,235
2,35,44,0,-30,115,55,245
2,36,6,1,-40,115,55,255
2,37,15,0,-25,110,55,255
2,38,32,0,-25,130,40,255
2,39,3,1,-35,130,40,265
2,40,24,0,-40,130,40,265
2,41,8,0,-40,135,30,265
2,42,17,0,-60,155,30,265
2,43,1,0,-50,155,20,265
2,44,42,1,-50,160,20,265
2,45,33,0,-20,160,20,265
2,46,9,1,-15,160,20,265
2,47,41,0,-25,175,20,265
2,48,37,1,-15,175,20,265
2,49,10,0,-25,185,20,265
2,50,2,0,-35,185,40,265
2,51,1,0,-25,185,30,265
2,52,4,1,-15,185,30,265
2,53,14,1,-15,195,30,265
2,54,42,1,-15,200,30,265
2,55,8,1,-30,200,30,275
2,56,6,1,-40,200,30,285
2,57,50,1,-40,210,30,285
2,58,4,0,-55,225,30,285
2,59,2,0,-65,225,50,285
2,60,48,0,-65,225,50,315
2,61,22,0,-75,225,60,315
2,62,5,1,-70,225,50,315
2,63,20,0,-80,225,65,315
2,64,15,0,-65,220,65,315
2,65,37,1,-55,220,65,315
2,66,22,1,-55,225,55,315
2,67,12,0,-60,235,55,315
2,68,47,0,-60,235,55,330
2,69,23,1,-60,240,50,330
2,70,51,1,-60,250,50,330
2,71,8,1,-75,250,50,340
2,72,16,0,-90,260,50,340
2,73,18,1,-80,260,50,340
2,74,20,0,-90,260,65,340
2,75,46,0,-100,260,65,355
2,76,39,1,-95,260,65,355
2,77,6,0,-85,260,60,355
2,78,13,1,-80,265,60,355
2,79,48,1,-80,265,60,355
2,80,34,1,-65,265,60,355
2,81,45,1,-65,275,60,355
2,82,47,1,-65,275,60,355
2,83,18,1,-55,275,60,355
2,84,19,1,-55,275,60,355
2,85,29,1,-55,295,40,355
2,86,26,0,-65,295,40,365
2,87,47,0,-65,295,40,380
2,88,42,0,-80,295,40,395
2,89,12,0,-85,305,40,395
2,90,13,0,-85,305,40,415
2,91,9,1,-80,305,40,415
2,92,45,0,-80,305,40,430
2,93,19,0,-80,305,40,430
2,94,2,1,-75,305,30,430
2,95,39,1,-70,305,30,430
2,96,13,0,-70,305,30,450
2,97,10,1,-55,305,20,450
2,98,44,0,-55,305,30,460
2,99,19,1,-55,305,30,460
3,0,21,0,40,50,70,50
3,1,28,0,20,50,70,65
3,2,7,1,25,50,70,65
3,3,24,1,30,50,70,65
3,4,5,1,35,50,60,65
3,5,43,1,35,50,65,60
3,6,49,0,35,45,65,75
3,7,9,1,40,45,65,75
3,8,57,1,40,55,65,75
3,9,46,0,30,55,65,90
3,10,10,0,20,65,65,90
3,11,38,1,25,65,65,90
3,12,4,1,35,65,65,90
3,13,20,0,25,65,80,90
3,14,3,1,15,65,80,100
3,15,25,1,15,75,80,100
3,16,43,0,35,75,70,100
3,17,13,1,40,80,70,100
3,18,14,0,40,80,70,110
3,19,50,1,40,90,70,110
3,20,46,1,45,90,70,110
3,21,40,0,45,100,60,110
3,22,36,0,45,95,60,125
3,23,8,1,30,95,60,135
3,24,21,1,35,95,50,135
3,25,29,1,35,115,30,135
3,26,42,1,35,120,30,135
3,27,47,0,35,120,30,150
3,28,24,1,40,120,30,150
3,29,28,0,20,120,30,165
3,30,43,0,40,120,20,165
3,31,46,0,30,120,20,180
3,32,11,0,25,120,20,180
3,33,17,1,-5,120,35,180
3,34,51,1,-5,130,35,180
3,35,47,0,-5,130,35,195
3,36,9,0,-15,130,35,200
3,37,41,1,-10,120,35,200
3,38,43,0,10,120,25,200
3,39,7,1,15,120,25,200
3,40,4,1,25,120,25,200
3,41,40,0,25,130,15,200
3,42,11,0,20,130,15,200
3,43,58,1,20,140,15,200
3,44,59,1,20,155,15,200
3,45,26,0,10,155,15,210
3,46,46,0,0,155,15,225
3,47,6,0,10,155,10,225
3,48,19,0,10,155,10,225
3,49,29,1,10,175,-10,225
3,50,2,1,15,175,-20,225
3,51,41,0,5,190,-20,225
3,52,20,0,-5,190,-5,225
3,53,17,1,-35,190,10,225
3,54,43,0,-15,190,0,225
3,55,15,0,0,185,0,225
3,56,25,0,0,180,0,225
3,57,27,0,10,170,0,225
3,58,18,1,20,170,0,225
3,59,1,0,30,170,-10,225
3,60,36,0,30,165,-10,240
3,61,44,1,35,165,-10,240
3,62,16,1,35,165,-20,240
3,63,2,0,25,165,0,240
3,64,27,0,35,155,0,240
3,65,37,0,20,175,0,240
3,66,14,1,20,185,0,240
3,67,52,0,40,175,0,240
3,68,26,0,30,175,0,250
3,69,25,0,30,170,0,250
3,70,24,0,25,170,0,250
3,71,10,1,40,170,-10,250
3,72,60,1,40,180,-10,250
3,73,46,1,45,180,-10,250
3,74,15,0,60,175,-10,250
3,75,14,0,60,175,-10,260
3,76,40,0,60,185,-20,260
3,77,4,1,70,185,-20,260
3,78,6,1,60,185,-20,270
3,79,29,1,60,205,-40,270
3,80,44,0,60,205,-30,280
3,81,21,0,50,205,-10,280
3,82,7,1,55,205,-10,280
3,83,37,0,40,225,-10,280
3,84,47,1,40,225,-10,280
3,85,42,1,40,230,-10,280
3,86,43,0,60,230,-20,280
3,87,7,0,45,240,-20,280
3,88,46,1,50,240,-20,280
3,89,19,1,50,240,-20,280
3,90,45,0,50,240,-20,295
3,91,38,1,55,240,-20,295
3,92,42,0,40,240,-20,310
3,93,40,1,40,230,-10,310
3,94,36,1,40,240,-10,310
3,95,15,1,40,245,-10,310
3,96,18,1,50,245,-10,310
3,97,28,0,30,245,-10,325
3,98,12,0,25,255,-10,325
3,99,24,1,30,255,-10,325
4,0,19,1,50,50,50,50
4,1,5,1,55,50,40,50
4,2,11,1,60,50,40,50
4,3,15,1,60,55,40,50
4,4,28,1,70,55,40,50
4,5,48,1,70,55,40,50
4,6,22,0,60,55,50,50
4,7,8,1,45,55,50,60
4,8,9,1,50,55,50,60
4,9,7,1,55,55,50,60
4,10,57,1,55,65,50,60
4,11,47,0,55,65,50,75
4,12,46,1,60,65,50,75
4,13,21,0,50,65,70,75
4,14,13,0,50,65,70,95
4,15,19,1,50,65,70,95
4,16,3,0,65,65,65,95
4,17,38,1,70,65,65,95
4,18,46,0,60,65,65,110
4,19,1,1,50,65,65,115
4,20,43,1,50,65,70,110
4,21,58,1,50,75,70,110
4,22,20,1,50,85,55,110
4,23,59,0,50,85,45,130
4,24,1,0,60,85,35,130
4,25,11,1,65,85,35,130
4,26,26,1,75,85,30,130
4,27,20,1,75,95,15,130
4,28,36,0,75,90,15,145
4,29,28,1,85,90,15,145
4,30,45,0,85,90,15,160
4,31,11,0,80,90,15,160
4,32,48,1,80,90,15,160
4,33,38,1,85,90,15,160
4,34,40,1,85,80,25,160
4,35,23,0,75,80,25,170
4,36,22,1,75,85,15,170
4,37,9,0,65,85,15,175
4,38,27,1,65,100,10,175
4,39,19,1,65,100,10,175
4,40,31,0,65,110,0,175
4,41,13,1,70,115,0,175
4,42,4,0,55,130,0,175
4,43,39,0,45,145,0,175
4,44,45,0,45,145,0,190
4,45,27,0,55,135,0,190
4,46,43,0,75,135,-10,190
4,47,46,0,65,135,-10,205
4,48,29,1,65,155,-30,205
4,49,40,0,65,165,-40,205
4,50,39,1,70,165,-40,205
4,51,26,0,60,165,-40,215
4,52,14,0,60,165,-40,225
4,53,60,1,60,175,-40,225
4,54,38,0,50,185,-40,225
4,55,42,1,50,190,-40,225
4,56,46,0,40,190,-40,240
4,57,22,0,30,190,-30,240
4,58,24,1,35,190,-30,240
4,59,16,1,35,190,-40,240
4,60,41,1,40,180,-40,240
4,61,5,1,45,180,-50,240
4,62,42,1,45,185,-50,240
4,63,9,0,35,185,-50,245
4,64,26,0,25,185,-50,255
4,65,7,0,10,195,-50,255
4,66,14,0,10,195,-50,265
4,67,19,0,10,195,-50,265
4,68,47,1,10,195,-50,265
4,69,42,0,-5,195,-50,280
4,70,1,0,5,195,-60,280
4,71,17,1,-25,195,-45,280
4,72,14,1,-25,205,-45,280
4,73,37,1,-15,205,-45,280
4,74,26,1,-5,205,-50,280
4,75,13,0,-5,205,-50,300
4,76,48,1,-5,205,-50,300
4,77,19,0,-5,205,-50,300
4,78,38,0,-15,215,-50,300
4,79,21,1,-10,215,-60,300
4,80,12,0,-15,225,-60,300
4,81,16,1,-15,225,-70,300
4,82,28,0,-35,225,-70,315
4,83,30,1,-35,225,-60,315
4,84,45,1,-35,235,-60,315
4,85,18,1,-25,235,-60,315
4,86,46,0,-35,235,-60,330
4,87,23,0,-45,235,-60,340
4,88,21,1,-40,235,-70,340
4,89,15,0,-25,230,-70,340
4,90,27,0,-15,220,-70,340
4,91,30,1,-15,220,-60,340
4,92,20,0,-25,220,-45,340
4,93,21,0,-35,220,-25,340
4,94,7,0,-50,230,-25,340
4,95,10,1,-35,230,-35,340
4,96,13,1,-30,235,-35,340
4,97,5,0,-40,235,-30,340
4,98,61,0,-40,235,-10,340
4,99,20,1,-40,245,-25,340
5,0,36,0,50,45,50,65
5,1,19,0,50,45,50,65
5,2,5,0,40,45,55,65
5,3,10,1,55,45,45,65
5,4,17,1,25,45,60,65
5,5,36,0,25,40,60,80
5,6,30,1,25,40,70,80
5,7,39,0,15,55,70,80
5,8,26,1,25,55,65,80
5,9,1,1,15,55,65,85
5,10,42,0,0,55,65,100
5,11,4,1,10,55,65,100
5,12,19,1,10,55,65,100
5,13,43,1,10,55,70,95
5,14,39,0,0,70,70,95
5,15,31,0,0,80,60,95
5,16,24,0,-5,80,60,95
5,17,5,1,0,80,50,95
5,18,23,0,-10,80,50,105
5,19,29,1,-10,100,30,105
5,20,38,1,-5,100,30,105
5,21,25,1,-5,110,30,105
5,22,12,1,0,110,30,105
5,23,41,0,-10,125,30,105
5,24,26,1,0,125,25,105
5,25,44,1,5,125,25,105
5,26,24,1,10,125,25,105
5,27,3,0,25,125,20,105
5,28,4,1,35,125,20,105
5,29,6,0,45,125,15,105
5,30,25,0,45,120,15,105
5,31,11,0,40,120,15,105
5,32,1,0,50,120,5,105
5,33,14,1,50,130,5,105
5,34,23,1,50,135,0,105
5,35,41,0,40,150,0,105
5,36,9,0,30,150,0,110
5,37,2,1,35,150,-10,110
5,38,32,0,35,170,-25,110
5,39,33,1,35,185,-25,110
5,40,27,1,35,200,-30,110
5,41,44,1,40,200,-30,110
5,42,3,0,55,200,-35,110
5,43,38,0,45,210,-35,110
5,44,25,1,45,220,-35,110
5,45,12,1,50,220,-35,110
5,46,20,0,40,220,-20,110
5,47,30,1,40,220,-10,110
5,48,41,1,45,210,-10,110
5,49,29,1,45,230,-30,110
5,50,22,1,45,235,-40,110
5,51,38,1,50,235,-40,110
5,52,46,1,55,235,-40,110
5,53,4,0,40,250,-40,110
5,54,24,0,35,250,-40,110
5,55,10,1,50,250,-50,110
5,56,37,0,35,270,-50,110
5,57,8,1,20,270,-50,120
5,58,11,1,25,270,-50,120
5,59,41,1,30,260,-50,120
5,60,3,0,45,260,-55,120
5,61,7,0,30,270,-55,120
5,62,30,1,30,270,-45,120
5,63,9,1,35,270,-45,120
5,64,5,0,25,270,-40,120
5,65,17,0,5,290,-40,120
5,66,48,1,5,290,-40,120
5,67,21,0,-5,290,-20,120
5,68,22,1,-5,295,-30,120
5,69,27,0,5,285,-30,120
5,70,47,1,5,285,-30,120
5,71,38,1,10,285,-30,120
5,72,12,1,15,285,-30,120
5,73,49,0,15,280,-30,135
5,74,39,0,5,295,-30,135
5,75,18,0,-25,295,-30,165
5,76,50,1,-25,305,-30,165
5,77,34,0,-25,290,-5,165
5,78,25,1,-25,300,-5,165
5,79,35,1,-25,290,5,165
5,80,44,1,-20,290,5,165
5,81,28,1,-10,290,5,165
5,82,20,0,-20,290,20,165
5,83,40,1,-20,280,30,165
5,84,57,1,-20,290,30,165
5,85,48,1,-20,290,30,165
5,86,19,1,-20,290,30,165
5,87,1,0,-10,290,20,165
5,88,25,0,-10,285,20,165
5,89,6,1,-20,285,20,175
5,90,11,1,-15,285,20,175
5,91,43,1,-15,285,25,170
5,92,23,0,-25,285,25,180
5,93,37,1,-15,285,25,180
5,94,27,0,-5,275,25,180
5,95,20,0,-15,275,40,180
5,96,22,1,-15,280,30,180
5,97,23,1,-15,285,25,180
5,98,13,0,-15,285,25,200
5,99,30,1,-15,285,35,200
6,0,21,0,40,50,70,50
6,1,31,0,40,60,60,50
6,2,15,1,40,65,60,50
6,3,24,0,35,65,60,50
6,4,29,0,15,65,65,50
6,5,36,1,15,75,65,50
6,6,4,0,0,90,65,50
6,7,8,1,-15,90,65,60
6,8,19,0,-15,90,65,60
6,9,47,1,-15,90,65,60
6,10,5,0,-25,90,70,60
6,11,18,1,-15,90,70,60
6,12,27,1,-15,105,65,60
6,13,39,1,-10,105,65,60
6,14,46,0,-20,105,65,75
6,15,8,1,-35,105,65,85
6,16,48,0,-35,105,65,115
6,17,38,0,-45,115,65,115
6,18,41,0,-55,130,65,115
6,19,24,1,-50,130,65,115
6,20,3,0,-35,130,60,115
6,21,27,1,-35,145,55,115
6,22,29,1,-35,165,35,115
6,23,6,1,-45,165,35,125
6,24,13,0,-45,165,35,145
6,25,40,1,-45,155,45,145
6,26,10,1,-30,155,35,145
6,27,37,1,-20,155,35,145
6,28,39,0,-30,170,35,145
6,29,38,1,-25,170,35,145
6,30,21,0,-35,170,55,145
6,31,18,0,-65,170,55,175
6,32,5,1,-60,170,45,175
6,33,40,1,-60,160,55,175
6,34,4,1,-50,160,55,175
6,35,37,1,-40,160,55,175
6,36,45,0,-40,160,55,190
6,37,32,0,-40,180,40,190
6,38,11,1,-35,180,40,190
6,39,29,1,-35,200,20,190
6,40,41,1,-30,190,20,190
6,41,20,1,-30,200,5,190
6,42,7,1,-25,200,5,190
6,43,15,1,-25,205,5,190
6,44,12,1,-20,205,5,190
6,45,28,0,-40,205,5,205
6,46,17,0,-60,225,5,205
6,47,40,0,-60,235,-5,205
6,48,29,0,-80,235,0,205
6,49,45,0,-80,235,0,220
6,50,22,1,-80,240,-10,220
6,51,39,0,-90,255,-10,220
6,52,57,1,-90,265,-10,220
6,53,2,0,-100,265,10,220
6,54,9,0,-110,265,10,225
6,55,33,0,-80,265,10,225
6,56,7,0,-95,275,10,225
6,57,46,1,-90,275,10,225
6,58,37,1,-80,275,10,225
6,59,24,1,-75,275,10,225
6,60,44,1,-70,275,10,225
6,61,47,1,-70,275,10,225
6,62,22,0,-80,275,20,225
6,63,27,0,-70,265,20,225
6,64,1,1,-80,265,20,230
6,65,6,1,-90,265,20,240
6,66,30,0,-90,265,10,265
6,67,2,1,-85,265,0,265
6,68,4,0,-100,280,0,265
6,69,36,0,-100,275,0,280
6,70,39,0,-110,290,0,280
6,71,41,0,-120,305,0,280
6,72,43,0,-100,305,-10,280
6,73,46,1,-95,305,-10,280
6,74,11,0,-100,305,-10,280
6,75,25,0,-100,300,-10,280
6,76,40,0,-100,310,-20,280
6,77,9,0,-110,310,-20,285
6,78,43,0,-90,310,-30,285
6,79,36,0,-90,305,-30,300
6,80,23,0,-100,305,-30,310
6,81,6,0,-90,305,-35,310
6,82,46,0,-100,305,-35,325
6,83,5,0,-110,305,-30,325
6,84,2,0,-120,305,-10,325
6,85,39,0,-130,320,-10,325
6,86,36,1,-130,330,-10,325
6,87,3,1,-140,330,-10,335
6,88,5,0,-150,330,-5,335
6,89,11,1,-145,330,-5,335
6,90,38,0,-155,340,-5,335
6,91,36,1,-155,350,-5,335
6,92,15,1,-155,355,-5,335
6,93,20,0,-165,355,10,335
6,94,42,0,-180,355,10,350
6,95,10,0,-190,365,10,350
6,96,4,1,-180,365,10,350
6,97,5,0,-190,365,15,350
6,98,26,0,-200,365,15,360
6,99,30,0,-200,365,5,385
7,0,4,1,60,50,50,50
7,1,3,1,50,50,50,60
7,2,13,1,55,55,50,60
7,3,27,0,65,45,50,60
7,4,14,1,65,55,50,60
7,5,10,1,80,55,40,60
7,6,46,1,85,55,40,60
7,7,13,1,90,60,40,60
7,8,38,1,95,60,40,60
7,9,21,0,85,60,60,60
7,10,31,0,85,70,50,60
7,11,19,0,85,70,50,60
7,12,2,0,75,70,70,60
7,13,29,0,55,70,75,60
7,14,25,0,55,65,75,60
7,15,24,0,50,65,75,60
7,16,20,1,50,75,60,60
7,17,46,1,55,75,60,60
7,18,16,1,55,75,50,60
7,19,38,1,60,75,50,60
7,20,26,0,50,75,50,70
7,21,10,0,40,85,50,70
7,22,29,0,20,85,55,70
7,23,7,0,5,95,55,70
7,24,18,0,-25,95,55,100
7,25,28,1,-15,95,55,100
7,26,19,1,-15,95,55,100
7,27,12,0,-20,105,55,100
7,28,3,0,-5,105,50,100
7,29,24,1,0,105,50,100
7,30,47,1,0,105,50,100
7,31,26,0,-10,105,50,110
7,32,19,0,-10,105,50,110
7,33,38,0,-20,115,50,110
7,34,44,1,-15,115,50,110
7,35,16,0,-30,125,50,110
7,36,18,1,-20,125,50,110
7,37,46,1,-15,125,50,110
7,38,40,1,-15,115,60,110
7,39,19,0,-15,115,60,110
7,40,9,0,-25,115,60,115
7,41,27,0,-15,105,60,115
7,42,43,1,-15,105,65,110
7,43,16,0,-30,115,65,110
7,44,45,1,-30,125,65,110
7,45,30,0,-30,125,55,135
7,46,37,0,-45,145,55,135
7,47,11,0,-50,145,55,135
7,48,39,0,-60,160,55,135
7,49,6,0,-50,160,50,135
7,50,10,1,-35,160,40,135
7,51,7,1,-30,160,40,135
7,52,27,0,-20,150,40,135
7,53,12,1,-15,150,40,135
7,54,24,1,-10,150,40,135
7,55,23,0,-20,150,40,145
7,56,7,1,-15,150,40,145
7,57,1,1,-25,150,40,150
7,58,28,1,-15,150,40,150
7,59,15,1,-15,155,40,150
7,60,17,1,-45,155,55,150
7,61,27,0,-35,145,55,150
7,62,12,1,-30,145,55,150
7,63,5,0,-40,145,60,150
7,64,37,1,-30,145,60,150
7,65,22,1,-30,150,50,150
7,66,1,0,-20,150,40,150
7,67,4,0,-35,165,40,150
7,68,11,1,-30,165,40,150
7,69,2,1,-25,165,30,150
7,70,3,0,-10,165,25,150
7,71,42,1,-10,170,25,150
7,72,29,1,-10,190,5,150
7,73,27,0,0,180,5,150
7,74,38,0,-10,190,5,150
7,75,40,0,-10,200,-5,150
7,76,18,0,-40,200,-5,180
7,77,46,1,-35,200,-5,180
7,78,41,0,-45,215,-5,180
7,79,7,1,-40,215,-5,180
7,80,6,0,-30,215,-10,180
7,81,11,0,-35,215,-10,180
7,82,3,1,-45,215,-10,190
7,83,44,1,-40,215,-10,190
7,84,8,1,-55,215,-10,200
7,85,41,1,-50,205,-10,200
7,86,43,1,-50,205,-5,195
7,87,39,1,-45,205,-5,195
7,88,9,1,-40,205,-5,195
7,89,42,0,-55,205,-5,210
7,90,10,0,-65,215,-5,210
7,91,25,1,-65,225,-5,210
7,92,21,0,-75,225,15,210
7,93,20,0,-85,225,30,210
7,94,15,0,-70,220,30,210
7,95,27,1,-70,235,25,210
7,96,47,1,-70,235,25,210
7,97,42,0,-85,235,25,225
7,98,23,0,-95,235,25,235
7,99,36,1,-95,245,25,235
8,0,57,1,50,60,50,50
8,1,4,0,35,75,50,50
8,2,18,0,5,75,50,80
8,3,24,0,0,75,50,80
8,4,42,1,0,80,50,80
8,5,38,0,-10,90,50,80
8,6,26,1,0,90,45,80
8,7,22,0,-10,90,55,80
8,8,45,1,-10,100,55,80
8,9,3,0,5,100,50,80
8,10,23,0,-5,100,50,90
8,11,21,0,-15,100,70,90
8,12,38,1,-10,100,70,90
8,13,5,0,-20,100,75,90
8,14,6,0,-10,100,70,90
8,15,36,1,-10,110,70,90
8,16,45,1,-10,120,70,90
8,17,44,1,-5,120,70,90
8,18,29,0,-25,120,75,90
8,19,14,1,-25,130,75,90
8,20,1,1,-35,130,75,95
8,21,19,1,-35,130,75,95
8,22,44,0,-35,130,85,105
8,23,42,1,-35,135,85,105
8,24,11,0,-40,135,85,105
8,25,41,0,-50,150,85,105
8,26,27,1,-50,165,80,105
8,27,28,0,-70,165,80,120
8,28,18,0,-100,165,80,150
8,29,4,1,-90,165,80,150
8,30,39,1,-85,165,80,150
8,31,8,1,-100,165,80,160
8,32,40,1,-100,155,90,160
8,33,26,0,-110,155,90,170
8,34,3,1,-120,155,90,180
8,35,13,1,-115,160,90,180
8,36,43,1,-115,160,95,175
8,37,39,0,-125,175,95,175
8,38,10,1,-110,175,85,175
8,39,42,1,-110,180,85,175
8,40,16,0,-125,190,85,175
8,41,14,0,-125,190,85,185
8,42,27,1,-125,205,80,185
8,43,37,0,-140,225,80,185
8,44,10,1,-125,225,70,185
8,45,3,0,-110,225,65,185
8,46,1,1,-120,225,65,190
8,47,40,0,-120,235,55,190
8,48,17,0,-140,255,55,190
8,49,58,1,-140,265,55,190
8,50,4,0,-155,280,55,190
8,51,42,0,-170,280,55,205
8,52,15,1,-170,285,55,205
8,53,23,0,-180,285,55,215
8,54,39,0,-190,300,55,215
8,55,1,1,-200,300,55,220
8,56,9,1,-195,300,55,220
8,57,48,1,-195,300,55,220
8,58,44,0,-195,300,65,230
8,59,13,1,-190,305,65,230
8,60,27,0,-180,295,65,230
8,61,45,1,-180,305,65,230
8,62,11,0,-185,305,65,230
8,63,23,0,-195,305,65,240
8,64,47,0,-195,305,65,255
8,65,30,0,-195,305,55,280
8,66,42,0,-210,305,55,295
8,67,27,1,-210,320,50,295
8,68,10,1,-195,320,40,295
8,69,43,0,-175,320,30,295
8,70,13,1,-170,325,30,295
8,71,17,0,-190,345,30,295
8,72,19,1,-190,345,30,295
8,73,15,1,-190,350,30,295
8,74,25,1,-190,360,30,295
8,75,40,1,-190,350,40,295
8,76,41,0,-200,365,40,295
8,77,2,1,-195,365,30,295
8,78,12,1,-190,365,30,295
8,79,19,1,-190,365,30,295
8,80,17,1,-220,365,45,295
8,81,8,0,-220,370,35,295
8,82,37,0,-235,390,35,295
8,83,43,1,-235,390,40,290
8,84,29,0,-255,390,45,290
8,85,36,0,-255,385,45,305
8,86,39,1,-250,385,45,305
8,87,17,0,-270,405,45,305
8,88,40,1,-270,395,55,305
8,89,3,0,-255,395,50,305
8,90,24,1,-250,395,50,305
8,91,20,0,-260,395,65,305
8,92,2,0,-270,395,85,305
8,93,38,1,-265,395,85,305
8,94,47,1,-265,395,85,305
8,95,24,1,-260,395,85,305
8,96,6,0,-250,395,80,305
8,97,26,0,-260,395,80,315
8,98,9,1,-255,395,80,315
8,99,25,1,-255,405,80,315
9,0,39,1,55,50,50,50
9,1,48,1,55,50,50,50
9,2,27,0,65,40,50,50
9,3,11,1,70,40,50,50
9,4,28,1,80,40,50,50
9,5,38,1,85,40,50,50
9,6,5,0,75,40,55,50
9,7,19,0,75,40,55,50
9,8,37,0,60,60,55,50
9,9,46,0,50,60,55,65
9,10,48,1,50,60,55,65
9,11,25,1,50,70,55,65
9,12,11,0,45,70,55,65
9,13,10,1,60,70,45,65
9,14,29,0,40,70,50,65
9,15,42,1,40,75,50,65
9,16,41,0,30,90,50,65
9,17,37,1,40,90,50,65
9,18,30,1,40,90,60,65
9,19,38,0,30,100,60,65
9,20,2,0,20,100,80,65
9,21,43,1,20,100,85,60
9,22,26,0,10,100,85,70
9,23,3,1,0,100,85,80
9,24,8,1,-15,100,85,90
9,25,37,0,-30,120,85,90
9,26,41,0,-40,135,85,90
9,27,27,0,-30,125,85,90
9,28,21,0,-40,125,105,90
9,29,40,1,-40,115,115,90
9,30,6,0,-30,115,110,90
9,31,18,1,-20,115,110,90
9,32,27,0,-10,105,110,90
9,33,39,0,-20,120,110,90
9,34,15,1,-20,125,110,90
9,35,14,0,-20,125,110,100
9,36,49,0,-20,120,110,115
9,37,19,1,-20,120,110,115
9,38,25,1,-20,130,110,115
9,39,46,1,-15,130,110,115
9,40,42,1,-15,135,110,115
9,41,17,0,-35,155,110,115
9,42,38,1,-30,155,110,115
9,43,25,1,-30,165,110,115
9,44,45,0,-30,165,110,130
9,45,2,0,-40,165,130,130
9,46,43,0,-20,165,120,130
9,47,13,0,-20,165,120,150
9,48,8,0,-20,170,110,150
9,49,36,0,-20,165,110,165
9,50,57,1,-20,175,110,165
9,51,50,0,-20,175,110,180
9,52,45,0,-20,175,110,195
9,53,29,1,-20,195,90,195
9,54,11,0,-25,195,90,195
9,55,51,0,-25,180,90,215
9,56,4,0,-40,195,90,215
9,57,9,0,-50,195,90,220
9,58,5,1,-45,195,80,220
9,59,22,1,-45,200,70,220
9,60,18,0,-75,200,70,250
9,61,44,1,-70,200,70,250
9,62,11,1,-65,200,70,250
9,63,15,1,-65,205,70,250
9,64,36,1,-65,215,70,250
9,65,38,0,-75,225,70,250
9,66,26,1,-65,225,65,250
9,67,24,1,-60,225,65,250
9,68,2,0,-70,225,85,250
9,69,41,1,-65,215,85,250
9,70,18,0,-95,215,85,280
9,71,8,0,-95,220,75,280
9,72,40,1,-95,210,85,280
9,73,28,1,-85,210,85,280
9,74,38,0,-95,220,85,280
9,75,15,1,-95,225,85,280
9,76,19,1,-95,225,85,280
9,77,3,1,-105,225,85,290
9,78,42,1,-105,230,85,290
9,79,58,0,-105,220,85,290
9,80,20,1,-105,230,70,290
9,81,37,0,-120,250,70,290
9,82,30,1,-120,250,80,290
9,83,2,1,-115,250,70,290
9,84,52,1,-115,260,70,285
9,85,23,1,-115,265,65,285
9,86,41,0,-125,280,65,285
9,87,25,0,-125,275,65,285
9,88,44,1,-120,275,65,285
9,89,12,0,-125,285,65,285
9,90,13,0,-125,285,65,305
9,91,59,1,-125,300,65,305
9,92,7,0,-140,310,65,305
9,93,60,1,-140,320,65,305
9,94,5,0,-150,320,70,305
9,95,26,1,-140,320,65,305
9,96,15,0,-125,315,65,305
9,97,22,0,-135,315,75,305
9,98,38,0,-145,325,75,305
9,99,9,0,-155,325,75,310
10,0,19,1,50,50,50,50
10,1,3,0,65,50,45,50
10,2,46,1,70,50,45,50
10,3,17,1,40,50,60,50
10,4,15,1,40,55,60,50
10,5,24,1,45,55,60,50
10,6,31,1,45,55,70,50
10,7,14,1,45,65,70,50
10,8,26,1,55,65,65,50
10,9,16,1,55,65,55,50
10,10,32,1,55,55,70,50
10,11,44,1,60,55,70,50
10,12,10,1,75,55,60,50
10,13,40,0,75,65,50,50
10,14,15,0,90,60,50,50
10,15,9,0,80,60,50,55
10,16,37,0,65,80,50,55
10,17,7,1,70,80,50,55
10,18,24,1,75,80,50,55
10,19,33,0,105,80,50,55
10,20,41,1,110,70,50,55
10,21,2,1,115,70,40,55
10,22,28,1,125,70,40,55
10,23,34,0,125,55,65,55
10,24,1,0,135,55,55,55
10,25,35,0,135,55,55,55
10,26,44,0,135,55,65,65
10,27,25,1,135,65,65,65
10,28,36,0,135,60,65,80
10,29,17,0,115,80,65,80
10,30,57,0,115,80,65,105
10,31,46,1,120,80,65,105
10,32,24,1,125,80,65,105
10,33,2,0,115,80,85,105
10,34,3,1,105,80,85,115
10,35,21,0,95,80,105,115
10,36,22,0,85,80,115,115
10,37,4,0,70,95,115,115
10,38,58,1,70,105,115,115
10,39,28,1,80,105,115,115
10,40,45,0,80,105,115,130
10,41,11,1,85,105,115,130
10,42,1,0,95,105,105,130
10,43,23,1,95,110,100,130
10,44,24,0,90,110,100,130
10,45,3,1,80,110,100,140
10,46,26,0,70,110,100,150
10,47,59,1,70,125,100,150
10,48,12,0,65,135,100,150
10,49,10,0,55,145,100,150
10,50,25,0,55,140,100,150
10,51,41,0,45,155,100,150
10,52,28,0,25,155,100,165
10,53,6,1,15,155,100,175
10,54,8,0,15,160,90,175
10,55,36,1,15,170,90,175
10,56,10,1,30,170,80,175
10,57,17,0,10,190,80,175
10,58,9,0,0,190,80,180
10,59,15,1,0,195,80,180
10,60,25,0,0,190,80,180
10,61,45,0,0,190,80,195
10,62,27,1,0,205,75,195
10,63,38,1,5,205,75,195
10,64,3,1,-5,205,75,205
10,65,5,1,0,205,65,205
10,66,29,1,0,225,45,205
10,67,15,1,0,230,45,205
10,68,9,1,5,230,45,205
10,69,13,0,5,230,45,225
10,70,1,0,15,230,35,225
10,71,3,1,5,230,35,235
10,72,10,0,-5,240,35,235
10,73,9,0,-15,240,35,240
10,74,47,1,-15,240,35,240
10,75,24,0,-20,240,35,240
10,76,19,0,-20,240,35,240
10,77,45,0,-20,240,35,255
10,78,36,0,-20,235,35,270
10,79,7,1,-15,235,35,270
10,80,12,1,-10,235,35,270
10,81,23,1,-10,240,30,270
10,82,1,1,-20,240,30,275
10,83,26,0,-30,240,30,285
10,84,13,0,-30,240,30,305
10,85,8,0,-30,245,20,305
10,86,47,1,-30,245,20,305
10,87,27,1,-30,260,15,305
10,88,16,1,-30,260,5,305
10,89,2,1,-25,260,-5,305
10,90,44,1,-20,260,-5,305
10,91,5,0,-30,260,0,305
10,92,28,1,-20,260,0,305
10,93,16,0,-35,270,0,305
10,94,41,1,-30,260,0,305
10,95,49,1,-30,265,0,305
10,96,60,0,0,265,0,305
10,97,24,1,5,265,0,305
10,98,23,0,-5,265,0,315
10,99,12,0,-10,275,0,315
11,0,41,0,40,65,50,50
11,1,47,0,40,65,50,65
11,2,30,1,40,65,60,65
11,3,42,0,25,65,60,80
11,4,37,0,10,85,60,80
11,5,23,1,10,90,55,80
11,6,20,0,0,90,70,80
11,7,31,0,0,100,60,80
11,8,16,0,-15,110,60,80
11,9,43,1,-15,110,65,75
11,10,2,0,-25,110,85,75
11,11,42,0,-40,110,85,90
11,12,32,0,-40,130,70,90
11,13,37,0,-55,150,70,90
11,14,44,1,-50,150,70,90
11,15,27,1,-50,165,65,90
11,16,25,1,-50,175,65,90
11,17,17,1,-80,175,80,90
11,18,4,1,-70,175,80,90
11,19,28,0,-90,175,80,105
11,20,48,1,-90,175,80,105
11,21,2,1,-85,175,70,105
11,22,45,1,-85,185,70,105
11,23,57,0,-85,185,70,130
11,24,7,0,-100,195,70,130
11,25,11,0,-105,195,70,130
11,26,3,1,-115,195,70,140
11,27,4,1,-105,195,70,140
11,28,58,0,-105,185,70,140
11,29,38,0,-115,195,70,140
11,30,44,0,-115,195,80,150
11,31,16,0,-130,205,80,150
11,32,48,1,-130,205,80,150
11,33,8,0,-130,210,70,150
11,34,4,1,-120,210,70,150
11,35,23,1,-120,215,65,150
11,36,6,1,-130,215,65,160
11,37,27,1,-130,230,60,160
11,38,21,1,-125,230,50,160
11,39,12,0,-130,240,50,160
11,40,17,1,-160,240,65,160
11,41,47,1,-160,240,65,160
11,42,6,0,-150,240,60,160
11,43,10,0,-160,250,60,160
11,44,23,1,-160,255,55,160
11,45,59,1,-160,270,55,160
11,46,5,0,-170,270,60,160
11,47,12,0,-175,280,60,160
11,48,45,0,-175,280,60,175
11,49,40,0,-175,290,50,175
11,50,3,0,-160,290,45,175
11,51,24,0,-165,290,45,175
11,52,36,0,-165,285,45,190
11,53,12,1,-160,285,45,190
11,54,16,1,-160,285,35,190
11,55,45,1,-160,295,35,190
11,56,47,0,-160,295,35,205
11,57,1,1,-170,295,35,210
11,58,44,0,-170,295,45,220
11,59,12,1,-165,295,45,220
11,60,60,0,-135,295,45,220
11,61,61,0,-135,295,65,220
11,62,14,0,-135,295,65,230
11,63,20,0,-145,295,80,230
11,64,2,0,-155,295,100,230
11,65,39,1,-150,295,100,230
11,66,28,0,-170,295,100,245
11,67,44,0,-170,295,110,255
11,68,9,1,-165,295,110,255
11,69,22,0,-175,295,120,255
11,70,48,0,-175,295,120,285
11,71,62,1,-205,325,120,285
11,72,33,1,-205,340,120,285
11,73,44,0,-205,340,130,295
11,74,12,0,-210,350,130,295
11,75,39,1,-205,350,130,295
11,76,1,0,-195,350,120,295
11,77,40,0,-195,360,110,295
11,78,21,1,-190,360,100,295
11,79,24,1,-185,360,100,295
11,80,37,1,-175,360,100,295
11,81,25,0,-175,355,100,295
11,82,6,1,-185,355,100,305
11,83,19,1,-185,355,100,305
11,84,40,0,-185,365,90,305
11,85,29,1,-185,385,70,305
11,86,15,1,-185,390,70,305
11,87,36,1,-185,400,70,305
11,88,24,0,-190,400,70,305
11,89,27,0,-180,390,70,305
11,90,22,1,-180,395,60,305
11,91,30,0,-180,395,50,330
11,92,9,0,-190,395,50,335
11,93,5,0,-200,395,55,335
11,94,1,0,-190,395,45,335
11,95,22,1,-190,400,35,335
11,96,45,1,-190,410,35,335
11,97,28,1,-180,410,35,335
11,98,46,1,-175,410,35,335
11,99,36,0,-175,405,35,350
12,0,25,0,50,45,50,50
12,1,46,0,40,45,50,65
12,2,18,1,50,45,50,65
12,3,21,1,55,45,40,65
12,4,3,0,70,45,35,65
12,5,27,1,70,60,30,65
12,6,40,1,70,50,40,65
12,7,20,1,70,60,25,65
12,8,14,1,70,70,25,65
12,9,30,0,70,70,15,90
12,10,11,1,75,70,15,90
12,11,13,1,80,75,15,90
12,12,43,0,100,75,5,90
12,13,4,0,85,90,5,90
12,14,42,1,85,95,5,90
12,15,11,0,80,95,5,90
12,16,39,1,85,95,5,90
12,17,2,1,90,95,-5,90
12,18,45,1,90,105,-5,90
12,19,4,0,75,120,-5,90
12,20,42,1,75,125,-5,90
12,21,16,0,60,135,-5,90
12,22,17,0,40,155,-5,90
12,23,26,1,50,155,-10,90
12,24,18,0,20,155,-10,120
12,25,4,1,30,155,-10,120
12,26,47,1,30,155,-10,120
12,27,57,0,30,155,-10,145
12,28,36,0,30,150,-10,160
12,29,6,1,20,150,-10,170
12,30,13,1,25,155,-10,170
12,31,11,1,30,155,-10,170
12,32,48,0,30,155,-10,200
12,33,58,1,30,165,-10,200
12,34,36,0,30,160,-10,215
12,35,16,1,30,160,-20,215
12,36,41,0,20,175,-20,215
12,37,12,0,15,185,-20,215
12,38,45,1,15,195,-20,215
12,39,18,1,25,195,-20,215
12,40,30,0,25,195,-30,240
12,41,31,0,25,205,-40,240
12,42,32,0,25,225,-55,240
12,43,29,0,5,225,-50,240
12,44,20,0,-5,225,-35,240
12,45,46,1,0,225,-35,240
12,46,40,0,0,235,-45,240
12,47,4,0,-15,250,-45,240
12,48,15,1,-15,255,-45,240
12,49,24,0,-20,255,-45,240
12,50,18,1,-10,255,-45,240
12,51,22,1,-10,260,-55,240
12,52,59,1,-10,275,-55,240
12,53,12,1,-5,275,-55,240
12,54,20,0,-15,275,-40,240
12,55,19,0,-15,275,-40,240
12,56,38,0,-25,285,-40,240
12,57,8,0,-25,290,-50,240
12,58,3,1,-35,290,-50,250
12,59,27,0,-25,280,-50,250
12,60,18,1,-15,280,-50,250
12,61,43,1,-15,280,-45,245
12,62,36,1,-15,290,-45,245
12,63,33,1,-15,305,-45,245
12,64,29,0,-35,305,-40,245
12,65,26,1,-25,305,-45,245
12,66,4,0,-40,320,-45,245
12,67,13,1,-35,325,-45,245
12,68,2,1,-30,325,-55,245
12,69,46,0,-40,325,-55,260
12,70,21,0,-50,325,-35,260
12,71,9,0,-60,325,-35,265
12,72,8,1,-75,325,-35,275
12,73,27,0,-65,315,-35,275
12,74,3,0,-50,315,-40,275
12,75,6,0,-40,315,-45,275
12,76,21,1,-35,315,-55,275
12,77,17,1,-65,315,-40,275
12,78,4,1,-55,315,-40,275
12,79,8,1,-70,315,-40,285
12,80,41,1,-65,305,-40,285
12,81,20,0,-75,305,-25,285
12,82,45,1,-75,315,-25,285
12,83,26,1,-65,315,-30,285
12,84,2,0,-75,315,-10,285
12,85,39,1,-70,315,-10,285
12,86,22,0,-80,315,0,285
12,87,15,1,-80,320,0,285
12,88,37,0,-95,340,0,285
12,89,40,0,-95,350,-10,285
12,90,11,0,-100,350,-10,285
12,91,39,0,-110,365,-10,285
12,92,1,1,-120,365,-10,290
12,93,19,1,-120,365,-10,290
12,94,27,1,-120,380,-15,290
12,95,3,1,-130,380,-15,300
12,96,17,1,-160,380,0,300
12,97,29,1,-160,400,-20,300
12,98,12,0,-165,410,-20,300
12,99,15,0,-150,405,-20,300
13,0,44,1,55,50,50,50
13,1,37,1,65,50,50,50
13,2,24,0,60,50,50,50
13,3,5,1,65,50,40,50
13,4,25,1,65,60,40,50
13,5,23,0,55,60,40,60
13,6,47,0,55,60,40,75
13,7,57,0,55,60,40,100
13,8,39,1,60,60,40,100
13,9,10,1,75,60,30,100
13,10,41,0,65,75,30,100
13,11,9,1,70,75,30,100
13,12,12,0,65,85,30,100
13,13,4,1,75,85,30,100
13,14,7,1,80,85,30,100
13,15,24,1,85,85,30,100
13,16,2,0,75,85,50,100
13,17,48,0,75,85,50,130
13,18,5,0,65,85,55,130
13,19,9,1,70,85,55,130
13,20,21,0,60,85,75,130
13,21,2,0,50,85,95,130
13,22,46,1,55,85,95,130
13,23,11,1,60,85,95,130
13,24,38,0,50,95,95,130
13,25,5,0,40,95,100,130
13,26,58,1,40,105,100,130
13,27,40,1,40,95,110,130
13,28,24,1,45,95,110,130
13,29,23,0,35,95,110,140
13,30,21,0,25,95,130,140
13,31,30,1,25,95,140,140
13,32,45,0,25,95,140,155
13,33,44,1,30,95,140,155
13,34,28,0,10,95,140,170
13,35,2,0,0,95,160,170
13,36,59,1,0,110,160,170
13,37,6,1,-10,110,160,180
13,38,4,1,0,110,160,180
13,39,37,0,-15,130,160,180
13,40,44,1,-10,130,160,180
13,41,1,1,-20,130,160,185
13,42,45,1,-20,140,160,185
13,43,31,1,-20,140,170,185
13,44,12,1,-15,140,170,185
13,45,22,0,-25,140,180,185
13,46,1,1,-35,140,180,190
13,47,6,1,-45,140,180,200
13,48,47,1,-45,140,180,200
13,49,11,1,-40,140,180,200
13,50,2,1,-35,140,170,200
13,51,24,0,-40,140,170,200
13,52,3,0,-25,140,165,200
13,53,36,0,-25,135,165,215
13,54,43,1,-25,135,170,210
13,55,22,0,-35,135,180,210
13,56,29,1,-35,155,160,210
13,57,5,0,-45,155,165,210
13,58,8,1,-60,155,165,220
13,59,21,1,-55,155,155,220
13,60,37,1,-45,155,155,220
13,61,4,0,-60,170,155,220
13,62,22,1,-60,175,145,220
13,63,20,0,-70,175,160,220
13,64,5,1,-65,175,150,220
13,65,8,0,-65,180,140,220
13,66,60,1,-65,190,140,220
13,67,48,1,-65,190,140,220
13,68,44,1,-60,190,140,220
13,69,46,0,-70,190,140,235
13,70,41,1,-65,180,140,235
13,71,47,0,-65,180,140,250
13,72,13,0,-65,180,140,270
13,73,4,0,-80,195,140,270
13,74,30,0,-80,195,130,295
13,75,48,0,-80,195,130,325
13,76,21,0,-90,195,150,325
13,77,28,0,-110,195,150,340
13,78,8,0,-110,200,140,340
13,79,9,0,-120,200,140,345
13,80,12,0,-125,210,140,345
13,81,39,0,-135,225,140,345
13,82,37,1,-125,225,140,345
13,83,22,1,-125,230,130,345
13,84,13,0,-125,230,130,365
13,85,30,0,-125,230,120,390
13,86,47,0,-125,230,120,405
13,87,43,0,-105,230,110,405
13,88,61,1,-105,245,110,405
13,89,21,0,-115,245,130,405
13,90,9,0,-125,245,130,410
13,91,19,0,-125,245,130,410
13,92,15,0,-110,240,130,410
13,93,62,0,-110,240,130,410
13,94,22,1,-110,245,120,410
13,95,7,1,-105,245,120,410
13,96,47,1,-105,245,120,410
13,97,5,0,-115,245,125,410
13,98,44,1,-110,245,125,410
13,99,40,0,-110,255,115,410
14,0,27,1,50,65,45,50
14,1,13,0,50,65,45,70
14,2,48,1,50,65,45,70
14,3,22,0,40,65,55,70
14,4,20,0,30,65,70,70
14,5,43,0,50,65,60,70
14,6,44,0,50,65,70,80
14,7,14,0,50,65,70,90
14,8,7,0,35,75,70,90
14,9,31,1,35,75,80,90
14,10,20,0,25,75,95,90
14,11,3,1,15,75,95,100
14,12,25,1,15,85,95,100
14,13,26,0,5,85,95,110
14,14,27,1,5,100,90,110
14,15,1,0,15,100,80,110
14,16,29,0,-5,100,85,110
14,17,24,1,0,100,85,110
14,18,32,0,0,120,70,110
14,19,19,1,0,120,70,110
14,20,11,0,-5,120,70,110
14,21,2,0,-15,120,90,110
14,22,37,1,-5,120,90,110
14,23,28,1,5,120,90,110
14,24,9,1,10,120,90,110
14,25,20,0,0,120,105,110
14,26,4,0,-15,135,105,110
14,27,29,0,-35,135,110,110
14,28,6,0,-25,135,105,110
14,29,48,0,-25,135,105,140
14,30,24,1,-20,135,105,140
14,31,38,1,-15,135,105,140
14,32,8,0,-15,140,95,140
14,33,30,1,-15,140,105,140
14,34,23,1,-15,145,100,140
14,35,20,1,-15,155,85,140
14,36,46,1,-10,155,85,140
14,37,7,1,-5,155,85,140
14,38,48,1,-5,155,85,140
14,39,11,0,-10,155,85,140
14,40,33,1,-10,170,85,140
14,41,3,1,-20,170,85,150
14,42,7,0,-35,180,85,150
14,43,47,1,-35,180,85,150
14,44,36,0,-35,175,85,165
14,45,18,1,-25,175,85,165
14,46,49,1,-25,180,85,165
14,47,48,1,-25,180,85,165
14,48,13,0,-25,180,85,185
14,49,23,1,-25,185,80,185
14,50,14,0,-25,185,80,195
14,51,7,1,-20,185,80,195
14,52,1,0,-10,185,70,195
14,53,4,0,-25,200,70,195
14,54,41,0,-35,215,70,195
14,55,17,1,-65,215,85,195
14,56,57,0,-65,215,85,220
14,57,14,0,-65,215,85,230
14,58,20,1,-65,225,70,230
14,59,12,1,-60,225,70,230
14,60,6,0,-50,225,65,230
14,61,30,1,-50,225,75,230
14,62,13,0,-50,225,75,250
14,63,23,0,-60,225,75,260
14,64,10,0,-70,235,75,260
14,65,14,1,-70,245,75,260
14,66,39,0,-80,260,75,260
14,67,9,1,-75,260,75,260
14,68,17,0,-95,280,75,260
14,69,41,0,-105,295,75,260
14,70,29,1,-105,315,55,260
14,71,6,1,-115,315,55,270
14,72,25,0,-115,310,55,270
14,73,7,0,-130,320,55,270
14,74,11,1,-125,320,55,270
14,75,36,0,-125,315,55,285
14,76,40,1,-125,305,65,285
14,77,10,1,-110,305,55,285
14,78,1,0,-100,305,45,285
14,79,25,0,-100,300,45,285
14,80,22,0,-110,300,55,285
14,81,13,0,-110,300,55,305
14,82,19,1,-110,300,55,305
14,83,39,1,-105,300,55,305
14,84,45,1,-105,310,55,305
14,85,30,1,-105,310,65,305
14,86,27,1,-105,325,60,305
14,87,13,0,-105,325,60,325
14,88,48,0,-105,325,60,355
14,89,22,1,-105,330,50,355
14,90,15,0,-90,325,50,355
14,91,21,0,-100,325,70,355
14,92,5,1,-95,325,60,355
14,93,25,1,-95,335,60,355
14,94,42,0,-110,335,60,370
14,95,15,1,-110,340,60,370
14,96,43,1,-110,340,65,365
14,97,37,1,-100,340,65,365
14,98,47,1,-100,340,65,365
14,99,40,1,-100,330,75,365
15,0,19,0,50,50,50,50
15,1,16,1,50,50,40,50
15,2,6,1,40,50,40,60
15,3,22,1,40,55,30,60
15,4,43,0,60,55,20,60
15,5,29,1,60,75,0,60
15,6,17,1,30,75,15,60
15,7,5,1,35,75,5,60
15,8,57,1,35,85,5,60
15,9,39,0,25,100,5,60
15,10,48,0,25,100,5,90
15,11,37,1,35,100,5,90
15,12,40,1,35,90,15,90
15,13,3,1,25,90,15,100
15,14,47,1,25,90,15,100
15,15,23,1,25,95,10,100
15,16,19,0,25,95,10,100
15,17,25,1,25,105,10,100
15,18,28,1,35,105,10,100
15,19,18,1,45,105,10,100
15,20,48,1,45,105,10,100
15,21,14,1,45,115,10,100
15,22,9,1,50,115,10,100
15,23,29,0,30,115,15,100
15,24,7,1,35,115,15,100
15,25,10,1,50,115,5,100
15,26,5,1,55,115,-5,100
15,27,23,0,45,115,-5,110
15,28,39,0,35,130,-5,110
15,29,25,1,35,140,-5,110
15,30,18,1,45,140,-5,110
15,31,19,1,45,140,-5,110
15,32,1,1,35,140,-5,115
15,33,6,1,25,140,-5,125
15,34,48,1,25,140,-5,125
15,35,11,0,20,140,-5,125
15,36,58,1,20,150,-5,125
15,37,8,1,5,150,-5,135
15,38,15,1,5,155,-5,135
15,39,23,0,-5,155,-5,145
15,40,1,0,5,155,-15,145
15,41,21,1,10,155,-25,145
15,42,43,0,30,155,-35,145
15,43,30,0,30,155,-45,170
15,44,15,0,45,150,-45,170
15,45,8,1,30,150,-45,180
15,46,16,1,30,150,-55,180
15,47,26,0,20,150,-55,190
15,48,17,1,-10,150,-40,190
15,49,31,1,-10,150,-30,190
15,50,37,0,-25,170,-30,190
15,51,48,1,-25,170,-30,190
15,52,3,0,-10,170,-35,190
15,53,29,1,-10,190,-55,190
15,54,36,0,-10,185,-55,205
15,55,7,1,-5,185,-55,205
15,56,18,0,-35,185,-55,235
15,57,21,1,-30,185,-65,235
15,58,2,0,-40,185,-45,235
15,59,23,1,-40,190,-50,235
15,60,8,0,-40,195,-60,235
15,61,26,1,-30,195,-65,235
15,62,17,1,-60,195,-50,235
15,63,4,0,-75,210,-50,235
15,64,37,1,-65,210,-50,235
15,65,44,1,-60,210,-50,235
15,66,32,1,-60,200,-35,235
15,67,9,1,-55,200,-35,235
15,68,46,0,-65,200,-35,250
15,69,8,1,-80,200,-35,260
15,70,25,0,-80,195,-35,260
15,71,48,0,-80,195,-35,290
15,72,17,1,-110,195,-20,290
15,73,47,0,-110,195,-20,305
15,74,38,0,-120,205,-20,305
15,75,59,0,-120,205,-30,325
15,76,4,0,-135,220,-30,325
15,77,14,1,-135,230,-30,325
15,78,33,1,-135,245,-30,325
15,79,45,0,-135,245,-30,340
15,80,41,1,-130,235,-30,340
15,81,44,0,-130,235,-20,350
15,82,21,0,-140,235,0,350
15,83,28,1,-130,235,0,350
15,84,19,1,-130,235,0,350
15,85,16,1,-130,235,-10,350
15,86,43,0,-110,235,-20,350
15,87,23,0,-120,235,-20,360
15,88,10,1,-105,235,-30,360
15,89,1,1,-115,235,-30,365
15,90,29,1,-115,255,-50,365
15,91,28,0,-135,255,-50,380
15,92,45,1,-135,265,-50,380
15,93,36,1,-135,275,-50,380
15,94,13,0,-135,275,-50,400
15,95,38,0,-145,285,-50,400
15,96,12,0,-150,295,-50,400
15,97,37,1,-140,295,-50,400
15,98,46,1,-135,295,-50,400
15,99,16,1,-135,295,-60,400
16,0,48,0,50,50,50,80
16,1,24,1,55,50,50,80
16,2,44,0,55,50,60,90
16,3,25,1,55,60,60,90
16,4,17,0,35,80,60,90
16,5,3,0,50,80,55,90
16,6,20,1,50,90,40,90
16,7,18,1,60,90,40,90
16,8,9,0,50,90,40,95
16,9,24,1,55,90,40,95
16,10,21,0,45,90,60,95
16,11,37,1,55,90,60,95
16,12,30,1,55,90,70,95
16,13,26,1,65,90,65,95
16,14,57,1,65,100,65,95
16,15,25,1,65,110,65,95
16,16,40,0,65,120,55,95
16,17,31,1,65,120,65,95
16,18,16,1,65,120,55,95
16,19,45,1,65,130,55,95
16,20,48,1,65,130,55,95
16,21,27,1,65,145,50,95
16,22,24,1,70,145,50,95
16,23,12,1,75,145,50,95
16,24,20,0,65,145,65,95
16,25,19,1,65,145,65,95
16,26,23,0,55,145,65,105
16,27,38,1,60,145,65,105
16,28,11,0,55,145,65,105
16,29,22,0,45,145,75,105
16,30,14,1,45,155,75,105
16,31,47,0,45,155,75,120
16,32,4,0,30,170,75,120
16,33,38,1,35,170,75,120
16,34,13,0,35,170,75,140
16,35,37,1,45,170,75,140
16,36,29,1,45,190,55,140
16,37,39,1,50,190,55,140
16,38,19,1,50,190,55,140
16,39,41,0,40,205,55,140
16,40,21,0,30,205,75,140
16,41,30,0,30,205,65,165
16,42,29,1,30,225,45,165
16,43,27,1,30,240,40,165
16,44,8,1,15,240,40,175
16,45,40,0,15,250,30,175
16,46,21,1,20,250,20,175
16,47,19,1,20,250,20,175
16,48,38,0,10,260,20,175
16,49,3,0,25,260,15,175
16,50,26,1,35,260,10,175
16,51,6,1,25,260,10,185
16,52,39,0,15,275,10,185
16,53,27,0,25,265,10,185
16,54,43,0,45,265,0,185
16,55,19,0,45,265,0,185
16,56,10,0,35,275,0,185
16,57,36,0,35,270,0,200
16,58,37,0,20,290,0,200
16,59,45,1,20,300,0,200
16,60,42,1,20,305,0,200
16,61,10,0,10,315,0,200
16,62,1,0,20,315,-10,200
16,63,14,1,20,325,-10,200
16,64,47,0,20,325,-10,215
16,65,7,0,5,335,-10,215
16,66,23,0,-5,335,-10,225
16,67,41,0,-15,350,-10,225
16,68,14,1,-15,360,-10,225
16,69,8,0,-15,365,-20,225
16,70,21,1,-10,365,-30,225
16,71,47,1,-10,365,-30,225
16,72,19,0,-10,365,-30,225
16,73,45,1,-10,375,-30,225
16,74,8,0,-10,380,-40,225
16,75,22,1,-10,385,-50,225
16,76,2,0,-20,385,-30,225
16,77,1,0,-10,385,-40,225
16,78,29,0,-30,385,-35,225
16,79,45,0,-30,385,-35,240
16,80,6,1,-40,385,-35,250
16,81,24,0,-45,385,-35,250
16,82,30,1,-45,385,-25,250
16,83,26,0,-55,385,-25,260
16,84,43,1,-55,385,-20,255
16,85,17,0,-75,405,-20,255
16,86,44,1,-70,405,-20,255
16,87,21,0,-80,405,0,255
16,88,8,0,-80,410,-10,255
16,89,26,0,-90,410,-10,265
16,90,4,1,-80,410,-10,265
16,91,36,1,-80,420,-10,265
16,92,11,0,-85,420,-10,265
16,93,19,1,-85,420,-10,265
16,94,29,1,-85,440,-30,265
16,95,8,1,-100,440,-30,275
16,96,16,0,-115,450,-30,275
16,97,11,1,-110,450,-30,275
16,98,2,1,-105,450,-40,275
16,99,47,0,-105,450,-40,290
17,0,45,0,50,50,50,65
17,1,24,0,45,50,50,65
17,2,42,1,45,55,50,65
17,3,22,0,35,55,60,65
17,4,57,0,35,55,60,90
17,5,27,1,35,70,55,90
17,6,48,1,35,70,55,90
17,7,20,1,35,80,40,90
17,8,30,1,35,80,50,90
17,9,7,0,20,90,50,90
17,10,26,1,30,90,45,90
17,11,4,0,15,105,45,90
17,12,25,1,15,115,45,90
17,13,43,0,35,115,35,90
17,14,23,1,35,120,30,90
17,15,15,0,50,115,30,90
17,16,41,0,40,130,30,90
17,17,6,1,30,130,30,100
17,18,11,1,35,130,30,100
17,19,21,0,25,130,50,100
17,20,42,1,25,135,50,100
17,21,7,0,10,145,50,100
17,22,28,0,-10,145,50,115
17,23,22,0,-20,145,60,115
17,24,37,0,-35,165,60,115
17,25,38,0,-45,175,60,115
17,26,17,1,-75,175,75,115
17,27,42,0,-90,175,75,130
17,28,8,1,-105,175,75,140
17,29,26,1,-95,175,70,140
17,30,41,1,-90,165,70,140
17,31,10,1,-75,165,60,140
17,32,15,0,-60,160,60,140
17,33,43,1,-60,160,65,135
17,34,6,0,-50,160,60,135
17,35,36,0,-50,155,60,150
17,36,16,1,-50,155,50,150
17,37,58,0,-50,145,50,150
17,38,11,0,-55,145,50,150
17,39,59,0,-55,145,40,170
17,40,24,1,-50,145,40,170
17,41,43,0,-30,145,30,170
17,42,13,1,-25,150,30,170
17,43,21,1,-20,150,20,170
17,44,41,0,-30,165,20,170
17,45,14,0,-30,165,20,180
17,46,28,0,-50,165,20,195
17,47,38,1,-45,165,20,195
17,48,9,0,-55,165,20,200
17,49,45,0,-55,165,20,215
17,50,12,1,-50,165,20,215
17,51,23,1,-50,170,15,215
17,52,38,0,-60,180,15,215
17,53,48,1,-60,180,15,215
17,54,30,0,-60,180,5,240
17,55,17,1,-90,180,20,240
17,56,28,0,-110,180,20,255
17,57,3,1,-120,180,20,265
17,58,2,1,-115,180,10,265
17,59,27,0,-105,170,10,265
17,60,17,0,-125,190,10,265
17,61,28,0,-145,190,10,280
17,62,7,0,-160,200,10,280
17,63,23,1,-160,205,5,280
17,64,13,0,-160,205,5,300
17,65,40,0,-160,215,-5,300
17,66,18,0,-190,215,-5,330
17,67,48,1,-190,215,-5,330
17,68,24,1,-185,215,-5,330
17,69,12,0,-190,225,-5,330
17,70,31,0,-190,235,-15,330
17,71,39,0,-200,250,-15,330
17,72,32,0,-200,270,-30,330
17,73,42,1,-200,275,-30,330
17,74,43,1,-200,275,-25,325
17,75,16,0,-215,285,-25,325
17,76,6,0,-205,285,-30,325
17,77,60,0,-175,285,-30,325
17,78,5,1,-170,285,-40,325
17,79,33,1,-170,300,-40,325
17,80,48,0,-170,300,-40,355
17,81,6,1,-180,300,-40,365
17,82,26,1,-170,300,-45,365
17,83,61,1,-170,315,-45,365
17,84,34,0,-170,300,-20,365
17,85,30,0,-170,300,-30,390
17,86,19,1,-170,300,-30,390
17,87,15,0,-155,295,-30,390
17,88,37,0,-170,315,-30,390
17,89,48,0,-170,315,-30,420
17,90,6,1,-180,315,-30,430
17,91,43,1,-180,315,-25,425
17,92,4,1,-170,315,-25,425
17,93,41,0,-180,330,-25,425
17,94,10,1,-165,330,-35,425
17,95,38,1,-160,330,-35,425
17,96,17,0,-180,350,-35,425
17,97,46,0,-190,350,-35,440
17,98,6,0,-180,350,-40,440
17,99,45,1,-180,360,-40,440
18,0,26,1,60,50,45,50
18,1,6,0,70,50,40,50
18,2,4,1,80,50,40,50
18,3,48,0,80,50,40,80
18,4,31,1,80,50,50,80
18,5,21,1,85,50,40,80
18,6,5,1,90,50,30,80
18,7,43,0,110,50,20,80
18,8,57,1,110,60,20,80
18,9,22,1,110,65,10,80
18,10,15,1,110,70,10,80
18,11,46,1,115,70,10,80
18,12,2,0,105,70,30,80
18,13,12,1,110,70,30,80
18,14,41,1,115,60,30,80
18,15,29,0,95,60,35,80
18,16,44,0,95,60,45,90
18,17,11,1,100,60,45,90
18,18,36,0,100,55,45,105
18,19,8,0,100,60,35,105
18,20,41,1,105,50,35,105
18,21,37,0,90,70,35,105
18,22,19,1,90,70,35,105
18,23,28,0,70,70,35,120
18,24,24,1,75,70,35,120
18,25,29,0,55,70,40,120
18,26,16,0,40,80,40,120
18,27,27,0,50,70,40,120
18,28,48,0,50,70,40,150
18,29,11,1,55,70,40,150
18,30,36,1,55,80,40,150
18,31,40,1,55,70,50,150
18,32,44,1,60,70,50,150
18,33,48,1,60,70,50,150
18,34,24,0,55,70,50,150
18,35,37,1,65,70,50,150
18,36,41,0,55,85,50,150
18,37,40,0,55,95,40,150
18,38,36,0,55,90,40,165
18,39,11,0,50,90,40,165
18,40,58,1,50,100,40,165
18,41,47,0,50,100,40,180
18,42,16,1,50,100,30,180
18,43,22,0,40,100,40,180
18,44,48,1,40,100,40,180
18,45,29,0,20,100,45,180
18,46,4,1,30,100,45,180
18,47,26,1,40,100,40,180
18,48,24,1,45,100,40,180
18,49,41,0,35,115,40,180
18,50,45,0,35,115,40,195
18,51,15,1,35,120,40,195
18,52,13,0,35,120,40,215
18,53,20,0,25,120,55,215
18,54,44,0,25,120,65,225
18,55,14,1,25,130,65,225
18,56,30,1,25,130,75,225
18,57,11,0,20,130,75,225
18,58,12,0,15,140,75,225
18,59,9,0,5,140,75,230
18,60,1,1,-5,140,75,235
18,61,18,1,5,140,75,235
18,62,29,0,-15,140,80,235
18,63,6,0,-5,140,75,235
18,64,14,1,-5,150,75,235
18,65,17,0,-25,170,75,235
18,66,24,0,-30,170,75,235
18,67,38,0,-40,180,75,235
18,68,32,0,-40,200,60,235
18,69,23,0,-50,200,60,245
18,70,43,1,-50,200,65,240
18,71,12,1,-45,200,65,240
18,72,17,0,-65,220,65,240
18,73,30,0,-65,220,55,265
18,74,28,0,-85,220,55,280
18,75,23,0,-95,220,55,290
18,76,3,0,-80,220,50,290
18,77,5,1,-75,220,40,290
18,78,29,0,-95,220,45,290
18,79,33,1,-95,235,45,290
18,80,46,1,-90,235,45,290
18,81,37,1,-80,235,45,290
18,82,40,1,-80,225,55,290
18,83,26,0,-90,225,55,300
18,84,29,1,-90,245,35,300
18,85,43,1,-90,245,40,295
18,86,46,0,-100,245,40,310
18,87,9,0,-110,245,40,315
18,88,42,0,-125,245,40,330
18,89,16,0,-140,255,40,330
18,90,18,0,-170,255,40,360
18,91,48,1,-170,255,40,360
18,92,9,0,-180,255,40,365
18,93,44,1,-175,255,40,365
18,94,20,1,-175,265,25,365
18,95,12,0,-180,275,25,365
18,96,3,1,-190,275,25,375
18,97,29,1,-190,295,5,375
18,98,25,0,-190,290,5,375
18,99,18,1,-180,290,5,375
19,0,28,0,30,50,50,65
19,1,17,1,0,50,65,65
19,2,26,0,-10,50,65,75
19,3,19,1,-10,50,65,75
19,4,42,1,-10,55,65,75
19,5,3,0,5,55,60,75
19,6,41,0,-5,70,60,75
19,7,16,0,-20,80,60,75
19,8,19,1,-20,80,60,75
19,9,2,1,-15,80,50,75
19,10,22,1,-15,85,40,75
19,11,6,1,-25,85,40,85
19,12,15,0,-10,80,40,85
19,13,9,0,-20,80,40,90
19,14,25,1,-20,90,40,90
19,15,23,1,-20,95,35,90
19,16,12,1,-15,95,35,90
19,17,14,1,-15,105,35,90
19,18,19,1,-15,105,35,90
19,19,8,1,-30,105,35,100
19,20,45,1,-30,115,35,100
19,21,39,1,-25,115,35,100
19,22,46,1,-20,115,35,100
19,23,41,1,-15,105,35,100
19,24,36,0,-15,100,35,115
19,25,17,1,-45,100,50,115
19,26,31,0,-45,110,40,115
19,27,19,1,-45,110,40,115
19,28,20,1,-45,120,25,115
19,29,32,1,-45,110,40,115
19,30,5,0,-55,110,45,115
19,31,42,0,-70,110,45,130
19,32,12,0,-75,120,45,130
19,33,48,0,-75,120,45,160
19,34,46,1,-70,120,45,160
19,35,17,1,-100,120,60,160
19,36,23,0,-110,120,60,170
19,37,27,0,-100,110,60,170
19,38,13,0,-100,110,60,190
19,39,42,1,-100,115,60,190
19,40,6,1,-110,115,60,200
19,41,3,0,-95,115,55,200
19,42,9,1,-90,115,55,200
19,43,11,0,-95,115,55,200
19,44,7,1,-90,115,55,200
19,45,36,1,-90,125,55,200
19,46,57,1,-90,135,55,200
19,47,10,1,-75,135,45,200
19,48,26,0,-85,135,45,210
19,49,28,1,-75,135,45,210
19,50,6,0,-65,135,40,210
19,51,25,1,-65,145,40,210
19,52,14,0,-65,145,40,220
19,53,42,1,-65,150,40,220
19,54,15,1,-65,155,40,220
19,55,4,1,-55,155,40,220
19,56,20,0,-65,155,55,220
19,57,26,1,-55,155,50,220
19,58,47,0,-55,155,50,235
19,59,1,0,-45,155,40,235
19,60,18,0,-75,155,40,265
19,61,41,0,-85,170,40,265
19,62,30,1,-85,170,50,265
19,63,17,0,-105,190,50,265
19,64,15,0,-90,185,50,265
19,65,8,0,-90,190,40,265
19,66,1,0,-80,190,30,265
19,67,44,1,-75,190,30,265
19,68,11,0,-80,190,30,265
19,69,25,0,-80,185,30,265
19,70,28,0,-100,185,30,280
19,71,20,1,-100,195,15,280
19,72,48,0,-100,195,15,310
19,73,38,1,-95,195,15,310
19,74,19,1,-95,195,15,310
19,75,22,1,-95,200,5,310
19,76,8,1,-110,200,5,320
19,77,17,1,-140,200,20,320
19,78,45,0,-140,200,20,335
19,79,2,1,-135,200,10,335
19,80,19,0,-135,200,10,335
19,81,13,0,-135,200,10,355
19,82,24,1,-130,200,10,355
19,83,47,1,-130,200,10,355
19,84,38,1,-125,200,10,355
19,85,15,1,-125,205,10,355
19,86,58,0,-125,195,10,355
19,87,44,1,-120,195,10,355
19,88,28,1,-110,195,10,355
19,89,26,1,-100,195,5,355
19,90,48,1,-100,195,5,355
19,91,16,0,-115,205,5,355
19,92,29,0,-135,205,10,355
19,93,19,1,-135,205,10,355
19,94,6,0,-125,205,5,355
19,95,5,0,-135,205,10,355
19,96,47,0,-135,205,10,370
19,97,16,0,-150,215,10,370
19,98,10,0,-160,225,10,370
19,99,6,0,-150,225,5,370
20,0,13,1,55,55,50,50
20,1,30,1,55,55,60,50
20,2,23,0,45,55,60,60
20,3,24,0,40,55,60,60
20,4,8,0,40,60,50,60
20,5,22,1,40,65,40,60
20,6,25,0,40,60,40,60
20,7,17,0,20,80,40,60
20,8,11,0,15,80,40,60
20,9,26,1,25,80,35,60
20,10,16,0,10,90,35,60
20,11,3,1,0,90,35,70
20,12,46,0,-10,90,35,85
20,13,48,1,-10,90,35,85
20,14,4,1,0,90,35,85
20,15,37,0,-15,110,35,85
20,16,1,1,-25,110,35,90
20,17,57,0,-25,110,35,115
20,18,9,0,-35,110,35,120
20,19,38,0,-45,120,35,120
20,20,6,1,-55,120,35,130
20,21,42,0,-70,120,35,145
20,22,13,1,-65,125,35,145
20,23,11,1,-60,125,35,145
20,24,5,0,-70,125,40,145
20,25,40,0,-70,135,30,145
20,26,22,0,-80,135,40,145
20,27,24,0,-85,135,40,145
20,28,38,0,-95,145,40,145
20,29,10,1,-80,145,30,145
20,30,36,1,-80,155,30,145
20,31,3,0,-65,155,25,145
20,32,41,0,-75,170,25,145
20,33,37,1,-65,170,25,145
20,34,14,1,-65,180,25,145
20,35,29,0,-85,180,30,145
20,36,39,1,-80,180,30,145
20,37,2,0,-90,180,50,145
20,38,3,1,-100,180,50,155
20,39,47,1,-100,180,50,155
20,40,38,0,-110,190,50,155
20,41,16,1,-110,190,40,155
20,42,31,1,-110,190,50,155
20,43,12,1,-105,190,50,155
20,44,39,1,-100,190,50,155
20,45,3,0,-85,190,45,155
20,46,46,0,-95,190,45,170
20,47,45,0,-95,190,45,185
20,48,23,0,-105,190,45,195
20,49,4,1,-95,190,45,195
20,50,16,1,-95,190,35,195
20,51,38,1,-90,190,35,195
20,52,45,1,-90,200,35,195
20,53,11,0,-95,200,35,195
20,54,46,1,-90,200,35,195
20,55,7,1,-85,200,35,195
20,56,17,1,-115,200,50,195
20,57,27,1,-115,215,45,195
20,58,45,0,-115,215,45,210
20,59,43,1,-115,215,50,205
20,60,47,1,-115,215,50,205
20,61,26,1,-105,215,45,205
20,62,5,0,-115,215,50,205
20,63,41,1,-110,205,50,205
20,64,21,0,-120,205,70,205
20,65,48,1,-120,205,70,205
20,66,12,0,-125,215,70,205
20,67,30,1,-125,215,80,205
20,68,1,1,-135,215,80,210
20,69,20,1,-135,225,65,210
20,70,10,1,-120,225,55,210
20,71,4,1,-110,225,55,210
20,72,8,0,-110,230,45,210
20,73,28,1,-100,230,45,210
20,74,36,1,-100,240,45,210
20,75,12,0,-105,250,45,210
20,76,17,1,-135,250,60,210
20,77,6,0,-125,250,55,210
20,78,14,1,-125,260,55,210
20,79,13,1,-120,265,55,210
20,80,28,1,-110,265,55,210
20,81,11,0,-115,265,55,210
20,82,30,1,-115,265,65,210
20,83,40,1,-115,255,75,210
20,84,22,1,-115,260,65,210
20,85,17,1,-145,260,80,210
20,86,10,0,-155,270,80,210
20,87,16,0,-170,280,80,210
20,88,29,0,-190,280,85,210
20,89,22,0,-200,280,95,210
20,90,44,1,-195,280,95,210
20,91,47,0,-195,280,95,225
20,92,45,0,-195,280,95,240
20,93,1,0,-185,280,85,240
20,94,41,1,-180,270,85,240
20,95,11,0,-185,270,85,240
20,96,48,0,-185,270,85,270
20,97,4,0,-200,285,85,270
20,98,37,0,-215,305,85,270
20,99,1,0,-205,305,75,270
21,0,18,1,60,50,50,50
21,1,9,1,65,50,50,50
21,2,2,1,70,50,40,50
21,3,10,1,85,50,30,50
21,4,45,1,85,60,30,50
21,5,57,1,85,70,30,50
21,6,38,1,90,70,30,50
21,7,8,0,90,75,20,50
21,8,48,0,90,75,20,80
21,9,22,0,80,75,30,80
21,10,13,0,80,75,30,100
21,11,11,0,75,75,30,100
21,12,19,1,75,75,30,100
21,13,30,1,75,75,40,100
21,14,2,1,80,75,30,100
21,15,10,0,70,85,30,100
21,16,8,1,55,85,30,110
21,17,44,0,55,85,40,120
21,18,9,0,45,85,40,125
21,19,7,1,50,85,40,125
21,20,18,0,20,85,40,155
21,21,27,0,30,75,40,155
21,22,24,1,35,75,40,155
21,23,44,1,40,75,40,155
21,24,48,0,40,75,40,185
21,25,14,1,40,85,40,185
21,26,37,1,50,85,40,185
21,27,10,0,40,95,40,185
21,28,31,0,40,105,30,185
21,29,17,1,10,105,45,185
21,30,9,0,0,105,45,190
21,31,15,1,0,110,45,190
21,32,37,1,10,110,45,190
21,33,16,1,10,110,35,190
21,34,28,1,20,110,35,190
21,35,2,1,25,110,25,190
21,36,45,1,25,120,25,190
21,37,41,0,15,135,25,190
21,38,19,1,15,135,25,190
21,39,58,0,15,125,25,190
21,40,8,1,0,125,25,200
21,41,18,0,-30,125,25,230
21,42,11,1,-25,125,25,230
21,43,5,1,-20,125,15,230
21,44,59,1,-20,140,15,230
21,45,13,1,-15,145,15,230
21,46,39,0,-25,160,15,230
21,47,28,0,-45,160,15,245
21,48,15,1,-45,165,15,245
21,49,25,0,-45,160,15,245
21,50,23,1,-45,165,10,245
21,51,10,1,-30,165,0,245
21,52,60,1,-30,175,0,245
21,53,39,0,-40,190,0,245
21,54,14,0,-40,190,0,255
21,55,1,0,-30,190,-10,255
21,56,44,0,-30,190,0,265
21,57,47,1,-30,190,0,265
21,58,38,1,-25,190,0,265
21,59,22,0,-35,190,10,265
21,60,39,1,-30,190,10,265
21,61,41,0,-40,205,10,265
21,62,18,1,-30,205,10,265
21,63,44,1,-25,205,10,265
21,64,17,0,-45,225,10,265
21,65,25,1,-45,235,10,265
21,66,23,1,-45,240,5,265
21,67,3,0,-30,240,0,265
21,68,26,1,-20,240,-5,265
21,69,40,1,-20,230,5,265
21,70,4,1,-10,230,5,265
21,71,48,1,-10,230,5,265
21,72,36,1,-10,240,5,265
21,73,29,1,-10,260,-15,265
21,74,11,1,-5,260,-15,265
21,75,3,0,10,260,-20,265
21,76,42,1,10,265,-20,265
21,77,61,1,10,280,-20,265
21,78,46,0,0,280,-20,280
21,79,37,1,10,280,-20,280
21,80,44,1,15,280,-20,280
21,81,22,1,15,285,-30,280
21,82,6,1,5,285,-30,290
21,83,30,0,5,285,-40,315
21,84,42,1,5,290,-40,315
21,85,4,0,-10,305,-40,315
21,86,38,1,-5,305,-40,315
21,87,48,1,-5,305,-40,315
21,88,30,0,-5,305,-50,340
21,89,37,1,5,305,-50,340
21,90,39,1,10,305,-50,340
21,91,47,1,10,305,-50,340
21,92,15,1,10,310,-50,340
21,93,25,0,10,305,-50,340
21,94,46,0,0,305,-50,355
21,95,13,1,5,310,-50,355
21,96,42,1,5,315,-50,355
21,97,26,1,15,315,-55,355
21,98,62,0,15,315,-55,355
21,99,9,0,5,315,-55,360
22,0,6,0,60,50,45,50
22,1,8,0,60,55,35,50
22,2,3,0,75,55,30,50
22,3,28,1,85,55,30,50
22,4,16,0,70,65,30,50
22,5,47,1,70,65,30,50
22,6,21,0,60,65,50,50
22,7,43,0,80,65,40,50
22,8,1,0,90,65,30,50
22,9,16,1,90,65,20,50
22,10,49,0,90,60,20,65
22,11,5,0,80,60,25,65
22,12,6,1,70,60,25,75
22,13,10,1,85,60,15,75
22,14,14,1,85,70,15,75
22,15,25,1,85,80,15,75
22,16,1,0,95,80,5,75
22,17,23,0,85,80,5,85
22,18,37,0,70,100,5,85
22,19,28,1,80,100,5,85
22,20,43,0,100,100,-5,85
22,21,17,1,70,100,10,85
22,22,46,1,75,100,10,85
22,23,24,0,70,100,10,85
22,24,42,0,55,100,10,100
22,25,26,1,65,100,5,100
22,26,50,0,65,100,5,115
22,27,3,0,80,100,0,115
22,28,5,1,85,100,-10,115
22,29,42,1,85,105,-10,115
22,30,10,0,75,115,-10,115
22,31,15,1,75,120,-10,115
22,32,6,1,65,120,-10,125
22,33,44,1,70,120,-10,125
22,34,24,0,65,120,-10,125
22,35,43,1,65,120,-5,120
22,36,31,0,65,130,-15,120
22,37,19,1,65,130,-15,120
22,38,40,0,65,140,-25,120
22,39,57,0,65,140,-25,145
22,40,36,1,65,150,-25,145
22,41,21,0,55,150,-5,145
22,42,42,0,40,150,-5,160
22,43,18,1,50,150,-5,160
22,44,19,1,50,150,-5,160
22,45,46,0,40,150,-5,175
22,46,41,1,45,140,-5,175
22,47,2,1,50,140,-15,175
22,48,3,0,65,140,-20,175
22,49,37,1,75,140,-20,175
22,50,23,1,75,145,-25,175
22,51,14,1,75,155,-25,175
22,52,12,1,80,155,-25,175
22,53,22,1,80,160,-35,175
22,54,17,1,50,160,-20,175
22,55,21,0,40,160,0,175
22,56,43,0,60,160,-10,175
22,57,8,0,60,165,-20,175
22,58,3,1,50,165,-20,185
22,59,17,0,30,185,-20,185
22,60,44,1,35,185,-20,185
22,61,37,1,45,185,-20,185
22,62,15,0,60,180,-20,185
22,63,9,1,65,180,-20,185
22,64,26,1,75,180,-25,185
22,65,18,0,45,180,-25,215
22,66,21,1,50,180,-35,215
22,67,46,0,40,180,-35,230
22,68,15,1,40,185,-35,230
22,69,6,0,50,185,-40,230
22,70,5,0,40,185,-35,230
22,71,36,0,40,180,-35,245
22,72,43,1,40,180,-30,240
22,73,15,0,55,175,-30,240
22,74,38,0,45,185,-30,240
22,75,8,0,45,190,-40,240
22,76,18,0,15,190,-40,270
22,77,46,0,5,190,-40,285
22,78,26,0,-5,190,-40,295
22,79,30,0,-5,190,-50,320
22,80,39,1,0,190,-50,320
22,81,1,1,-10,190,-50,325
22,82,43,1,-10,190,-45,320
22,83,17,1,-40,190,-30,320
22,84,21,0,-50,190,-10,320
22,85,22,0,-60,190,0,320
22,86,9,1,-55,190,0,320
22,87,20,0,-65,190,15,320
22,88,4,1,-55,190,15,320
22,89,19,0,-55,190,15,320
22,90,28,0,-75,190,15,335
22,91,39,0,-85,205,15,335
22,92,37,0,-100,225,15,335
22,93,24,1,-95,225,15,335
22,94,11,1,-90,225,15,335
22,95,7,0,-105,235,15,335
22,96,46,1,-100,235,15,335
22,97,4,1,-90,235,15,335
22,98,3,1,-100,235,15,345
22,99,10,0,-110,245,15,345
23,0,17,0,30,70,50,50
23,1,30,0,30,70,40,75
23,2,3,0,45,70,35,75
23,3,7,0,30,80,35,75
23,4,10,0,20,90,35,75
23,5,28,1,30,90,35,75
23,6,30,0,30,90,25,100
23,7,31,1,30,90,35,100
23,8,47,1,30,90,35,100
23,9,44,0,30,90,45,110
23,10,14,1,30,100,45,110
23,11,37,0,15,120,45,110
23,12,5,0,5,120,50,110
23,13,30,1,5,120,60,110
23,14,13,1,10,125,60,110
23,15,12,0,5,135,60,110
23,16,47,1,5,135,60,110
23,17,14,0,5,135,60,120
23,18,23,0,-5,135,60,130
23,19,13,0,-5,135,60,150
23,20,4,0,-20,150,60,150
23,21,43,0,0,150,50,150
23,22,38,1,5,150,50,150
23,23,44,1,10,150,50,150
23,24,10,1,25,150,40,150
23,25,5,1,30,150,30,150
23,26,26,1,40,150,25,150
23,27,11,0,35,150,25,150
23,28,41,1,40,140,25,150
23,29,38,0,30,150,25,150
23,30,24,0,25,150,25,150
23,31,16,0,10,160,25,150
23,32,30,1,10,160,35,150
23,33,41,1,15,150,35,150
23,34,14,0,15,150,35,160
23,35,57,1,15,160,35,160
23,36,45,1,15,170,35,160
23,37,21,1,20,170,25,160
23,38,15,1,20,175,25,160
23,39,46,0,10,175,25,175
23,40,42,1,10,180,25,175
23,41,43,0,30,180,15,175
23,42,2,1,35,180,5,175
23,43,38,0,25,190,5,175
23,44,40,0,25,200,-5,175
23,45,24,1,30,200,-5,175
23,46,41,1,35,190,-5,175
23,47,45,0,35,190,-5,190
23,48,19,1,35,190,-5,190
23,49,4,0,20,205,-5,190
23,50,18,0,-10,205,-5,220
23,51,17,1,-40,205,10,220
23,52,26,1,-30,205,5,220
23,53,19,0,-30,205,5,220
23,54,1,0,-20,205,-5,220
23,55,29,1,-20,225,-25,220
23,56,48,0,-20,225,-25,250
23,57,45,0,-20,225,-25,265
23,58,37,0,-35,245,-25,265
23,59,20,1,-35,255,-40,265
23,60,16,1,-35,255,-50,265
23,61,10,1,-20,255,-60,265
23,62,30,1,-20,255,-50,265
23,63,12,0,-25,265,-50,265
23,64,17,0,-45,285,-50,265
23,65,44,1,-40,285,-50,265
23,66,6,0,-30,285,-55,265
23,67,40,0,-30,295,-65,265
23,68,30,0,-30,295,-75,290
23,69,42,0,-45,295,-75,305
23,70,41,1,-40,285,-75,305
23,71,29,0,-60,285,-70,305
23,72,40,1,-60,275,-60,305
23,73,43,1,-60,275,-55,300
23,74,22,0,-70,275,-45,300
23,75,19,0,-70,275,-45,300
23,76,18,0,-100,275,-45,330
23,77,45,1,-100,285,-45,330
23,78,43,0,-80,285,-55,330
23,79,27,1,-80,300,-60,330
23,80,16,1,-80,300,-70,330
23,81,38,0,-90,310,-70,330
23,82,8,0,-90,315,-80,330
23,83,44,1,-85,315,-80,330
23,84,6,0,-75,315,-85,330
23,85,5,0,-85,315,-80,330
23,86,26,0,-95,315,-80,340
23,87,2,1,-90,315,-90,340
23,88,23,1,-90,320,-95,340
23,89,43,1,-90,320,-90,335
23,90,14,0,-90,320,-90,345
23,91,7,1,-85,320,-90,345
23,92,2,1,-80,320,-100,345
23,93,58,1,-80,330,-100,345
23,94,6,1,-90,330,-100,355
23,95,36,1,-90,340,-100,355
23,96,25,1,-90,350,-100,355
23,97,16,0,-105,360,-100,355
23,98,20,1,-105,370,-115,355
23,99,9,0,-115,370,-115,360
24,0,13,0,50,50,50,70
24,1,48,0,50,50,50,100
24,2,11,0,45,50,50,100
24,3,10,1,60,50,40,100
24,4,12,0,55,60,40,100
24,5,42,1,55,65,40,100
24,6,25,0,55,60,40,100
24,7,17,1,25,60,55,100
24,8,48,1,25,60,55,100
24,9,40,1,25,50,65,100
24,10,14,1,25,60,65,100
24,11,11,0,20,60,65,100
24,12,39,0,10,75,65,100
24,13,25,1,10,85,65,100
24,14,10,1,25,85,55,100
24,15,37,1,35,85,55,100
24,16,13,0,35,85,55,120
24,17,48,1,35,85,55,120
24,18,21,1,40,85,45,120
24,19,23,0,30,85,45,130
24,20,2,1,35,85,35,130
24,21,49,0,35,80,35,145
24,22,12,0,30,90,35,145
24,23,22,1,30,95,25,145
24,24,27,1,30,110,20,145
24,25,23,1,30,115,15,145
24,26,10,1,45,115,5,145
24,27,9,0,35,115,5,150
24,28,42,1,35,120,5,150
24,29,12,0,30,130,5,150
24,30,45,1,30,140,5,150
24,31,39,1,35,140,5,150
24,32,30,0,35,140,-5,175
24,33,46,0,25,140,-5,190
24,34,50,0,25,140,-5,205
24,35,45,0,25,140,-5,220
24,36,2,1,30,140,-15,220
24,37,27,0,40,130,-15,220
24,38,4,0,25,145,-15,220
24,39,42,1,25,150,-15,220
24,40,44,1,30,150,-15,220
24,41,39,1,35,150,-15,220
24,42,23,1,35,155,-20,220
24,43,11,1,40,155,-20,220
24,44,31,1,40,155,-10,220
24,45,3,0,55,155,-15,220
24,46,38,0,45,165,-15,220
24,47,1,0,55,165,-25,220
24,48,51,1,55,175,-25,220
24,49,36,0,55,170,-25,235
24,50,3,0,70,170,-30,235
24,51,42,1,70,175,-30,235
24,52,43,1,70,175,-25,230
24,53,5,0,60,175,-20,230
24,54,28,1,70,175,-20,230
24,55,47,0,70,175,-20,245
24,56,13,1,75,180,-20,245
24,57,1,1,65,180,-20,250
24,58,20,1,65,190,-35,250
24,59,42,0,50,190,-35,265
24,60,43,1,50,190,-30,260
24,61,5,0,40,190,-25,260
24,62,6,0,50,190,-30,260
24,63,7,1,55,190,-30,260
24,64,20,1,55,200,-45,260
24,65,27,1,55,215,-50,260
24,66,10,1,70,215,-60,260
24,67,2,0,60,215,-40,260
24,68,19,1,60,215,-40,260
24,69,41,0,50,230,-40,260
24,70,4,1,60,230,-40,260
24,71,43,1,60,230,-35,255
24,72,12,1,65,230,-35,255
24,73,46,1,70,230,-35,255
24,74,21,0,60,230,-15,255
24,75,19,0,60,230,-15,255
24,76,27,1,60,245,-20,255
24,77,48,1,60,245,-20,255
24,78,22,0,50,245,-10,255
24,79,44,0,50,245,0,265
24,80,42,0,35,245,0,280
24,81,20,0,25,245,15,280
24,82,3,0,40,245,10,280
24,83,38,1,45,245,10,280
24,84,6,1,35,245,10,290
24,85,47,1,35,245,10,290
24,86,25,0,35,240,10,290
24,87,57,0,35,240,10,315
24,88,13,0,35,240,10,335
24,89,10,1,50,240,0,335
24,90,58,0,50,230,0,335
24,91,59,1,50,245,0,335
24,92,41,0,40,260,0,335
24,93,21,1,45,260,-10,335
24,94,39,0,35,275,-10,335
24,95,28,0,15,275,-10,350
24,96,16,0,0,285,-10,350
24,97,20,1,0,295,-25,350
24,98,45,1,0,305,-25,350
24,99,25,1,0,315,-25,350
25,0,40,1,50,40,60,50
25,1,18,0,20,40,60,80
25,2,14,0,20,40,60,90
25,3,57,1,20,50,60,90
25,4,38,0,10,60,60,90
25,5,7,0,-5,70,60,90
25,6,18,1,5,70,60,90
25,7,22,1,5,75,50,90
25,8,1,0,15,75,40,90
25,9,26,0,5,75,40,100
25,10,31,0,5,85,30,100
25,11,4,0,-10,100,30,100
25,12,45,0,-10,100,30,115
25,13,28,0,-30,100,30,130
25,14,32,0,-30,120,15,130
25,15,20,1,-30,130,0,130
25,16,38,0,-40,140,0,130
25,17,29,0,-60,140,5,130
25,18,41,0,-70,155,5,130
25,19,1,0,-60,155,-5,130
25,20,37,1,-50,155,-5,130
25,21,18,1,-40,155,-5,130
25,22,26,1,-30,155,-10,130
25,23,58,1,-30,165,-10,130
25,24,38,0,-40,175,-10,130
25,25,5,1,-35,175,-20,130
25,26,24,1,-30,175,-20,130
25,27,26,1,-20,175,-25,130
25,28,23,1,-20,180,-30,130
25,29,7,0,-35,190,-30,130
25,30,44,1,-30,190,-30,130
25,31,28,0,-50,190,-30,145
25,32,19,0,-50,190,-30,145
25,33,23,1,-50,195,-35,145
25,34,13,0,-50,195,-35,165
25,35,6,0,-40,195,-40,165
25,36,8,1,-55,195,-40,175
25,37,24,1,-50,195,-40,175
25,38,42,0,-65,195,-40,190
25,39,37,0,-80,215,-40,190
25,40,10,1,-65,215,-50,190
25,41,25,0,-65,210,-50,190
25,42,41,0,-75,225,-50,190
25,43,44,0,-75,225,-40,200
25,44,13,0,-75,225,-40,220
25,45,43,1,-75,225,-35,215
25,46,21,1,-70,225,-45,215
25,47,24,1,-65,225,-45,215
25,48,3,0,-50,225,-50,215
25,49,13,0,-50,225,-50,235
25,50,7,1,-45,225,-50,235
25,51,39,1,-40,225,-50,235
25,52,47,1,-40,225,-50,235
25,53,27,0,-30,215,-50,235
25,54,30,1,-30,215,-40,235
25,55,21,1,-25,215,-50,235
25,56,39,1,-20,215,-50,235
25,57,45,0,-20,215,-50,250
25,58,23,1,-20,220,-55,250
25,59,24,0,-25,220,-55,250
25,60,15,0,-10,215,-55,250
25,61,43,1,-10,215,-50,245
25,62,46,0,-20,215,-50,260
25,63,29,1,-20,235,-70,260
25,64,24,1,-15,235,-70,260
25,65,27,1,-15,250,-75,260
25,66,15,0,0,245,-75,260
25,67,36,0,0,240,-75,275
25,68,3,1,-10,240,-75,285
25,69,12,1,-5,240,-75,285
25,70,22,0,-15,240,-65,285
25,71,28,0,-35,240,-65,300
25,72,13,1,-30,245,-65,300
25,73,17,0,-50,265,-65,300
25,74,38,1,-45,265,-65,300
25,75,39,0,-55,280,-65,300
25,76,37,1,-45,280,-65,300
25,77,40,1,-45,270,-55,300
25,78,11,0,-50,270,-55,300
25,79,22,0,-60,270,-45,300
25,80,26,1,-50,270,-50,300
25,81,1,0,-40,270,-60,300
25,82,40,0,-40,280,-70,300
25,83,39,1,-35,280,-70,300
25,84,19,1,-35,280,-70,300
25,85,11,1,-30,280,-70,300
25,86,22,0,-40,280,-60,300
25,87,48,0,-40,280,-60,330
25,88,41,1,-35,270,-60,330
25,89,39,0,-45,285,-60,330
25,90,42,1,-45,290,-60,330
25,91,30,0,-45,290,-70,355
25,92,14,1,-45,300,-70,355
25,93,6,1,-55,300,-70,365
25,94,41,0,-65,315,-70,365
25,95,26,0,-75,315,-70,375
25,96,2,0,-85,315,-50,375
25,97,28,0,-105,315,-50,390
25,98,14,0,-105,315,-50,400
25,99,16,0,-120,325,-50,400
26,0,36,0,50,45,50,65
26,1,27,1,50,60,45,65
26,2,1,1,40,60,45,70
26,3,20,1,40,70,30,70
26,4,40,1,40,60,40,70
26,5,22,1,40,65,30,70
26,6,24,1,45,65,30,70
26,7,12,1,50,65,30,70
26,8,37,0,35,85,30,70
26,9,57,1,35,95,30,70
26,10,58,1,35,105,30,70
26,11,20,0,25,105,45,70
26,12,31,1,25,105,55,70
26,13,37,0,10,125,55,70
26,14,38,0,0,135,55,70
26,15,3,0,15,135,50,70
26,16,10,0,5,145,50,70
26,17,59,0,5,145,40,90
26,18,36,1,5,155,40,90
26,19,44,1,10,155,40,90
26,20,18,0,-20,155,40,120
26,21,32,1,-20,145,55,120
26,22,13,0,-20,145,55,140
26,23,12,0,-25,155,55,140
26,24,26,0,-35,155,55,150
26,25,22,0,-45,155,65,150
26,26,30,0,-45,155,55,175
26,27,46,0,-55,155,55,190
26,28,20,0,-65,155,70,190
26,29,11,0,-70,155,70,190
26,30,5,1,-65,155,60,190
26,31,23,1,-65,160,55,190
26,32,27,1,-65,175,50,190
26,33,19,0,-65,175,50,190
26,34,1,1,-75,175,50,195
26,35,30,1,-75,175,60,195
26,36,45,1,-75,185,60,195
26,37,36,1,-75,195,60,195
26,38,6,0,-65,195,55,195
26,39,25,0,-65,190,55,195
26,40,10,1,-50,190,45,195
26,41,26,1,-40,190,40,195
26,42,37,1,-30,190,40,195
26,43,6,1,-40,190,40,205
26,44,42,0,-55,190,40,220
26,45,7,0,-70,200,40,220
26,46,9,1,-65,200,40,220
26,47,1,0,-55,200,30,220
26,48,13,1,-50,205,30,220
26,49,28,0,-70,205,30,235
26,50,22,1,-70,210,20,235
26,51,43,0,-50,210,10,235
26,52,45,0,-50,210,10,250
26,53,6,0,-40,210,5,250
26,54,3,0,-25,210,0,250
26,55,25,1,-25,220,0,250
26,56,40,1,-25,210,10,250
26,57,23,0,-35,210,10,260
26,58,16,0,-50,220,10,260
26,59,17,1,-80,220,25,260
26,60,5,1,-75,220,15,260
26,61,1,1,-85,220,15,265
26,62,13,1,-80,225,15,265
26,63,38,0,-90,235,15,265
26,64,2,1,-85,235,5,265
26,65,18,0,-115,235,5,295
26,66,11,1,-110,235,5,295
26,67,10,1,-95,235,-5,295
26,68,29,1,-95,255,-25,295
26,69,47,0,-95,255,-25,310
26,70,25,1,-95,265,-25,310
26,71,43,1,-95,265,-20,305
26,72,15,1,-95,270,-20,305
26,73,27,1,-95,285,-25,305
26,74,22,0,-105,285,-15,305
26,75,8,1,-120,285,-15,315
26,76,9,0,-130,285,-15,320
26,77,15,0,-115,280,-15,320
26,78,17,0,-135,300,-15,320
26,79,43,0,-115,300,-25,320
26,80,12,1,-110,300,-25,320
26,81,26,1,-100,300,-30,320
26,82,37,0,-115,320,-30,320
26,83,1,0,-105,320,-40,320
26,84,33,1,-105,335,-40,320
26,85,4,1,-95,335,-40,320
26,86,28,0,-115,335,-40,335
26,87,29,1,-115,355,-60,335
26,88,45,1,-115,365,-60,335
26,89,39,1,-110,365,-60,335
26,90,10,0,-120,375,-60,335
26,91,16,1,-120,375,-70,335
26,92,12,0,-125,385,-70,335
26,93,36,1,-125,395,-70,335
26,94,6,0,-115,395,-75,335
26,95,9,0,-125,395,-75,340
26,96,23,0,-135,395,-75,350
26,97,26,0,-145,395,-75,360
26,98,13,1,-140,400,-75,360
26,99,28,0,-160,400,-75,375
27,0,6,1,40,50,50,60
27,1,46,0,30,50,50,75
27,2,27,1,30,65,45,75
27,3,45,0,30,65,45,90
27,4,57,1,30,75,45,90
27,5,38,1,35,75,45,90
27,6,14,0,35,75,45,100
27,7,15,1,35,80,45,100
27,8,8,1,20,80,45,110
27,9,7,0,5,90,45,110
27,10,10,1,20,90,35,110
27,11,22,0,10,90,45,110
27,12,45,1,10,100,45,110
27,13,30,0,10,100,35,135
27,14,20,0,0,100,50,135
27,15,40,0,0,110,40,135
27,16,37,0,-15,130,40,135
27,17,9,1,-10,130,40,135
27,18,28,1,0,130,40,135
27,19,16,0,-15,140,40,135
27,20,31,1,-15,140,50,135
27,21,11,0,-20,140,50,135
27,22,7,1,-15,140,50,135
27,23,15,1,-15,145,50,135
27,24,23,0,-25,145,50,145
27,25,3,0,-10,145,45,145
27,26,46,1,-5,145,45,145
27,27,13,1,0,150,45,145
27,28,36,0,0,145,45,160
27,29,17,1,-30,145,60,160
27,30,24,0,-35,145,60,160
27,31,32,0,-35,165,45,160
27,32,14,1,-35,175,45,160
27,33,19,1,-35,175,45,160
27,34,58,0,-35,165,45,160
27,35,18,0,-65,165,45,190
27,36,12,1,-60,165,45,190
27,37,16,1,-60,165,35,190
27,38,6,1,-70,165,35,200
27,39,47,1,-70,165,35,200
27,40,4,1,-60,165,35,200
27,41,48,0,-60,165,35,230
27,42,33,0,-30,165,35,230
27,43,38,1,-25,165,35,230
27,44,46,1,-20,165,35,230
27,45,15,1,-20,170,35,230
27,46,12,1,-15,170,35,230
27,47,5,0,-25,170,40,230
27,48,16,1,-25,170,30,230
27,49,2,0,-35,170,50,230
27,50,48,0,-35,170,50,260
27,51,41,1,-30,160,50,260
27,52,38,1,-25,160,50,260
27,53,7,0,-40,170,50,260
27,54,3,1,-50,170,50,270
27,55,36,0,-50,165,50,285
27,56,18,0,-80,165,50,315
27,57,19,1,-80,165,50,315
27,58,26,0,-90,165,50,325
27,59,46,1,-85,165,50,325
27,60,1,1,-95,165,50,330
27,61,18,1,-85,165,50,330
27,62,40,1,-85,155,60,330
27,63,27,0,-75,145,60,330
27,64,24,0,-80,145,60,330
27,65,8,1,-95,145,60,340
27,66,1,1,-105,145,60,345
27,67,3,0,-90,145,55,345
27,68,2,0,-100,145,75,345
27,69,25,1,-100,155,75,345
27,70,12,0,-105,165,75,345
27,71,13,0,-105,165,75,365
27,72,46,0,-115,165,75,380
27,73,6,0,-105,165,70,380
27,74,7,1,-100,165,70,380
27,75,16,0,-115,175,70,380
27,76,37,1,-105,175,70,380
27,77,22,1,-105,180,60,380
27,78,28,1,-95,180,60,380
27,79,59,1,-95,195,60,380
27,80,20,1,-95,205,45,380
27,81,21,1,-90,205,35,380
27,82,14,0,-90,205,35,390
27,83,26,1,-80,205,30,390
27,84,47,0,-80,205,30,405
27,85,5,1,-75,205,20,405
27,86,11,0,-80,205,20,405
27,87,14,1,-80,215,20,405
27,88,25,1,-80,225,20,405
27,89,3,1,-90,225,20,415
27,90,15,1,-90,230,20,415
27,91,44,0,-90,230,30,425
27,92,23,1,-90,235,25,425
27,93,25,1,-90,245,25,425
27,94,5,0,-100,245,30,425
27,95,11,1,-95,245,30,425
27,96,19,1,-95,245,30,425
27,97,26,0,-105,245,30,435
27,98,14,0,-105,245,30,445
27,99,4,0,-120,260,30,445
28,0,38,0,40,60,50,50
28,1,44,1,45,60,50,50
28,2,28,0,25,60,50,65
28,3,7,1,30,60,50,65
28,4,27,1,30,75,45,65
28,5,5,1,35,75,35,65
28,6,38,0,25,85,35,65
28,7,46,0,15,85,35,80
28,8,1,1,5,85,35,85
28,9,22,0,-5,85,45,85
28,10,3,1,-15,85,45,95
28,11,9,0,-25,85,45,100
28,12,47,1,-25,85,45,100
28,13,37,1,-15,85,45,100
28,14,31,1,-15,85,55,100
28,15,28,1,-5,85,55,100
28,16,13,0,-5,85,55,120
28,17,18,0,-35,85,55,150
28,18,49,1,-35,90,55,150
28,19,41,1,-30,80,55,150
28,20,10,0,-40,90,55,150
28,21,22,1,-40,95,45,150
28,22,18,0,-70,95,45,180
28,23,27,0,-60,85,45,180
28,24,29,1,-60,105,25,180
28,25,7,0,-75,115,25,180
28,26,28,1,-65,115,25,180
28,27,18,0,-95,115,25,210
28,28,1,0,-85,115,15,210
28,29,25,0,-85,110,15,210
28,30,48,1,-85,110,15,210
28,31,5,1,-80,110,5,210
28,32,29,0,-100,110,10,210
28,33,22,1,-100,115,0,210
28,34,20,0,-110,115,15,210
28,35,19,0,-110,115,15,210
28,36,28,1,-100,115,15,210
28,37,45,1,-100,125,15,210
28,38,16,1,-100,125,5,210
28,39,37,1,-90,125,5,210
28,40,17,0,-110,145,5,210
28,41,43,1,-110,145,10,205
28,42,11,1,-105,145,10,205
28,43,7,1,-100,145,10,205
28,44,41,0,-110,160,10,205
28,45,20,1,-110,170,-5,205
28,46,18,0,-140,170,-5,235
28,47,57,0,-140,170,-5,260
28,48,46,0,-150,170,-5,275
28,49,48,0,-150,170,-5,305
28,50,21,0,-160,170,15,305
28,51,25,0,-160,165,15,305
28,52,4,0,-175,180,15,305
28,53,44,1,-170,180,15,305
28,54,37,1,-160,180,15,305
28,55,19,1,-160,180,15,305
28,56,40,0,-160,190,5,305
28,57,15,0,-145,185,5,305
28,58,8,1,-160,185,5,315
28,59,5,1,-155,185,-5,315
28,60,10,1,-140,185,-15,315
28,61,16,0,-155,195,-15,315
28,62,4,0,-170,210,-15,315
28,63,46,0,-180,210,-15,330
28,64,26,0,-190,210,-15,340
28,65,29,0,-210,210,-10,340
28,66,9,0,-220,210,-10,345
28,67,41,0,-230,225,-10,345
28,68,2,0,-240,225,10,345
28,69,20,0,-250,225,25,345
28,70,29,1,-250,245,5,345
28,71,28,1,-240,245,5,345
28,72,11,0,-245,245,5,345
28,73,22,0,-255,245,15,345
28,74,47,0,-255,245,15,360
28,75,19,0,-255,245,15,360
28,76,44,0,-255,245,25,370
28,77,10,1,-240,245,15,370
28,78,18,0,-270,245,15,400
28,79,17,1,-300,245,30,400
28,80,22,0,-310,245,40,400
28,81,15,1,-310,250,40,400
28,82,1,1,-320,250,40,405
28,83,16,0,-335,260,40,405
28,84,5,0,-345,260,45,405
28,85,46,0,-355,260,45,420
28,86,10,0,-365,270,45,420
28,87,38,1,-360,270,45,420
28,88,40,1,-360,260,55,420
28,89,28,0,-380,260,55,435
28,90,7,1,-375,260,55,435
28,91,45,1,-375,270,55,435
28,92,38,0,-385,280,55,435
28,93,2,1,-380,280,45,435
28,94,36,1,-380,290,45,435
28,95,11,1,-375,290,45,435
28,96,58,0,-375,280,45,435
28,97,17,0,-395,300,45,435
28,98,30,1,-395,300,55,435
28,99,6,1,-405,300,55,445
29,0,9,1,55,50,50,50
29,1,6,1,45,50,50,60
29,2,27,0,55,40,50,60
29,3,47,1,55,40,50,60
29,4,43,1,55,40,55,55
29,5,46,1,60,40,55,55
29,6,18,0,30,40,55,85
29,7,23,1,30,45,50,85
29,8,40,1,30,35,60,85
29,9,9,1,35,35,60,85
29,10,57,0,35,35,60,110
29,11,46,1,40,35,60,110
29,12,16,0,25,45,60,110
29,13,26,1,35,45,55,110
29,14,13,1,40,50,55,110
29,15,7,1,45,50,55,110
29,16,36,0,45,45,55,125
29,17,11,1,50,45,55,125
29,18,25,1,50,55,55,125
29,19,45,0,50,55,55,140
29,20,4,0,35,70,55,140
29,21,58,1,35,80,55,140
29,22,13,1,40,85,55,140
29,23,11,0,35,85,55,140
29,24,28,1,45,85,55,140
29,25,6,1,35,85,55,150
29,26,7,1,40,85,55,150
29,27,31,0,40,95,45,150
29,28,26,0,30,95,45,160
29,29,8,0,30,100,35,160
29,30,21,0,20,100,55,160
29,31,46,1,25,100,55,160
29,32,39,0,15,115,55,160
29,33,16,1,15,115,45,160
29,34,12,1,20,115,45,160
29,35,36,0,20,110,45,175
29,36,7,0,5,120,45,175
29,37,48,1,5,120,45,175
29,38,39,0,-5,135,45,175
29,39,18,1,5,135,45,175
29,40,26,1,15,135,40,175
29,41,12,0,10,145,40,175
29,42,44,1,15,145,40,175
29,43,2,0,5,145,60,175
29,44,14,0,5,145,60,185
29,45,38,0,-5,155,60,185
29,46,8,0,-5,160,50,185
29,47,27,0,5,150,50,185
29,48,48,0,5,150,50,215
29,49,47,0,5,150,50,230
29,50,59,0,5,150,40,250
29,51,40,1,5,140,50,250
29,52,39,0,-5,155,50,250
29,53,23,1,-5,160,45,250
29,54,32,1,-5,150,60,250
29,55,16,1,-5,150,50,250
29,56,43,1,-5,150,55,245
29,57,26,0,-15,150,55,255
29,58,17,1,-45,150,70,255
29,59,20,0,-55,150,85,255
29,60,5,0,-65,150,90,255
29,61,19,1,-65,150,90,255
29,62,8,1,-80,150,90,265
29,63,12,1,-75,150,90,265
29,64,26,1,-65,150,85,265
29,65,25,1,-65,160,85,265
29,66,15,1,-65,165,85,265
29,67,11,0,-70,165,85,265
29,68,60,0,-40,165,85,265
29,69,36,0,-40,160,85,280
29,70,1,0,-30,160,75,280
29,71,14,0,-30,160,75,290
29,72,24,1,-25,160,75,290
29,73,16,0,-40,170,75,290
29,74,39,1,-35,170,75,290
29,75,45,1,-35,180,75,290
29,76,44,1,-30,180,75,290
29,77,30,1,-30,180,85,290
29,78,13,1,-25,185,85,290
29,79,16,0,-40,195,85,290
29,80,22,0,-50,195,95,290
29,81,8,0,-50,200,85,290
29,82,21,0,-60,200,105,290
29,83,29,0,-80,200,110,290
29,84,23,0,-90,200,110,300
29,85,14,0,-90,200,110,310
29,86,9,1,-85,200,110,310
29,87,12,0,-90,210,110,310
29,88,45,0,-90,210,110,325
29,89,36,0,-90,205,110,340
29,90,40,0,-90,215,100,340
29,91,8,0,-90,220,90,340
29,92,37,1,-80,220,90,340
29,93,42,1,-80,225,90,340
29,94,16,1,-80,225,80,340
29,95,25,0,-80,220,80,340
29,96,4,0,-95,235,80,340
29,97,27,0,-85,225,80,340
29,98,3,1,-95,225,80,350
29,99,29,1,-95,245,60,350
30,0,25,0,50,45,50,50
30,1,43,1,50,45,55,45
30,2,47,0,50,45,55,60
30,3,41,1,55,35,55,60
30,4,16,0,40,45,55,60
30,5,13,0,40,45,55,80
30,6,26,0,30,45,55,90
30,7,49,0,30,40,55,105
30,8,27,1,30,55,50,105
30,9,9,1,35,55,50,105
30,10,40,0,35,65,40,105
30,11,4,1,45,65,40,105
30,12,42,0,30,65,40,120
30,13,48,0,30,65,40,150
30,14,25,1,30,75,40,150
30,15,20,0,20,75,55,150
30,16,18,1,30,75,55,150
30,17,29,0,10,75,60,150
30,18,38,1,15,75,60,150
30,19,11,0,10,75,60,150
30,20,22,0,0,75,70,150
30,21,4,1,10,75,70,150
30,22,26,0,0,75,70,160
30,23,1,1,-10,75,70,165
30,24,28,0,-30,75,70,180
30,25,8,1,-45,75,70,190
30,26,48,1,-45,75,70,190
30,27,22,1,-45,80,60,190
30,28,24,0,-50,80,60,190
30,29,47,0,-50,80,60,205
30,30,23,1,-50,85,55,205
30,31,46,0,-60,85,55,220
30,32,7,0,-75,95,55,220
30,33,36,1,-75,105,55,220
30,34,1,1,-85,105,55,225
30,35,41,0,-95,120,55,225
30,36,16,0,-110,130,55,225
30,37,21,0,-120,130,75,225
30,38,23,0,-130,130,75,235
30,39,28,1,-120,130,75,235
30,40,40,0,-120,140,65,235
30,41,15,1,-120,145,65,235
30,42,36,0,-120,140,65,250
30,43,39,0,-130,155,65,250
30,44,4,1,-120,155,65,250
30,45,50,1,-120,165,65,250
30,46,15,1,-120,170,65,250
30,47,16,0,-135,180,65,250
30,48,11,0,-140,180,65,250
30,49,18,1,-130,180,65,250
30,50,25,0,-130,175,65,250
30,51,43,0,-110,175,55,250
30,52,42,1,-110,180,55,250
30,53,9,1,-105,180,55,250
30,54,47,0,-105,180,55,265
30,55,23,0,-115,180,55,275
30,56,29,0,-135,180,60,275
30,57,1,0,-125,180,50,275
30,58,8,0,-125,185,40,275
30,59,57,0,-125,185,40,300
30,60,26,0,-135,185,40,310
30,61,18,1,-125,185,40,310
30,62,43,1,-125,185,45,305
30,63,40,1,-125,175,55,305
30,64,15,1,-125,180,55,305
30,65,1,0,-115,180,45,305
30,66,24,0,-120,180,45,305
30,67,39,1,-115,180,45,305
30,68,8,0,-115,185,35,305
30,69,30,0,-115,185,25,330
30,70,51,1,-115,195,25,330
30,71,52,1,-115,205,25,325
30,72,6,1,-125,205,25,335
30,73,15,1,-125,210,25,335
30,74,39,1,-120,210,25,335
30,75,38,1,-115,210,25,335
30,76,22,1,-115,215,15,335
30,77,5,1,-110,215,5,335
30,78,12,0,-115,225,5,335
30,79,41,0,-125,240,5,335
30,80,13,1,-120,245,5,335
30,81,16,0,-135,255,5,335
30,82,36,1,-135,265,5,335
30,83,31,0,-135,275,-5,335
30,84,8,1,-150,275,-5,345
30,85,42,1,-150,280,-5,345
30,86,15,0,-135,275,-5,345
30,87,21,0,-145,275,15,345
30,88,38,0,-155,285,15,345
30,89,1,0,-145,285,5,345
30,90,22,0,-155,285,15,345
30,91,48,1,-155,285,15,345
30,92,18,0,-185,285,15,375
30,93,47,1,-185,285,15,375
30,94,15,0,-170,280,15,375
30,95,7,0,-185,290,15,375
30,96,41,1,-180,280,15,375
30,97,5,1,-175,280,5,375
30,98,16,0,-190,290,5,375
30,99,43,1,-190,290,10,370
31,0,40,1,50,40,60,50
31,1,44,1,55,40,60,50
31,2,57,0,55,40,60,75
31,3,58,0,55,30,60,75
31,4,27,1,55,45,55,75
31,5,22,0,45,45,65,75
31,6,47,0,45,45,65,90
31,7,8,1,30,45,65,100
31,8,48,0,30,45,65,130
31,9,46,0,20,45,65,145
31,10,17,0,0,65,65,145
31,11,25,0,0,60,65,145
31,12,36,0,0,55,65,160
31,13,22,0,-10,55,75,160
31,14,29,1,-10,75,55,160
31,15,3,1,-20,75,55,170
31,16,30,1,-20,75,65,170
31,17,59,1,-20,90,65,170
31,18,42,1,-20,95,65,170
31,19,49,1,-20,100,65,170
31,20,26,0,-30,100,65,180
31,21,8,0,-30,105,55,180
31,22,5,1,-25,105,45,180
31,23,40,1,-25,95,55,180
31,24,22,0,-35,95,65,180
31,25,17,1,-65,95,80,180
31,26,14,1,-65,105,80,180
31,27,30,0,-65,105,70,205
31,28,23,0,-75,105,70,215
31,29,16,0,-90,115,70,215
31,30,37,1,-80,115,70,215
31,31,44,1,-75,115,70,215
31,32,28,0,-95,115,70,230
31,33,11,0,-100,115,70,230
31,34,5,0,-110,115,75,230
31,35,30,1,-110,115,85,230
31,36,36,1,-110,125,85,230
31,37,14,1,-110,135,85,230
31,38,16,0,-125,145,85,230
31,39,15,1,-125,150,85,230
31,40,30,0,-125,150,75,255
31,41,11,0,-130,150,75,255
31,42,10,1,-115,150,65,255
31,43,28,0,-135,150,65,270
31,44,43,0,-115,150,55,270
31,45,9,0,-125,150,55,275
31,46,20,0,-135,150,70,275
31,47,1,0,-125,150,60,275
31,48,2,0,-135,150,80,275
31,49,30,0,-135,150,70,300
31,50,24,0,-140,150,70,300
31,51,20,1,-140,160,55,300
31,52,29,1,-140,180,35,300
31,53,10,0,-150,190,35,300
31,54,6,0,-140,190,30,300
31,55,45,0,-140,190,30,315
31,56,9,1,-135,190,30,315
31,57,27,0,-125,180,30,315
31,58,24,0,-130,180,30,315
31,59,15,1,-130,185,30,315
31,60,43,1,-130,185,35,310
31,61,40,1,-130,175,45,310
31,62,10,1,-115,175,35,310
31,63,45,0,-115,175,35,325
31,64,36,0,-115,170,35,340
31,65,5,0,-125,170,40,340
31,66,6,0,-115,170,35,340
31,67,7,1,-110,170,35,340
31,68,39,0,-120,185,35,340
31,69,1,1,-130,185,35,345
31,70,21,0,-140,185,55,345
31,71,41,1,-135,175,55,345
31,72,42,0,-150,175,55,360
31,73,25,0,-150,170,55,360
31,74,27,1,-150,185,50,360
31,75,19,1,-150,185,50,360
31,76,8,1,-165,185,50,370
31,77,40,1,-165,175,60,370
31,78,12,1,-160,175,60,370
31,79,2,0,-170,175,80,370
31,80,24,0,-175,175,80,370
31,81,22,0,-185,175,90,370
31,82,47,0,-185,175,90,385
31,83,18,1,-175,175,90,385
31,84,9,0,-185,175,90,390
31,85,12,1,-180,175,90,390
31,86,1,0,-170,175,80,390
31,87,27,1,-170,190,75,390
31,88,3,1,-180,190,75,400
31,89,40,0,-180,200,65,400
31,90,18,1,-170,200,65,400
31,91,16,0,-185,210,65,400
31,92,26,0,-195,210,65,410
31,93,14,1,-195,220,65,410
31,94,4,0,-210,235,65,410
31,95,42,0,-225,235,65,425
31,96,16,1,-225,235,55,425
31,97,28,0,-245,235,55,440
31,98,20,1,-245,245,40,440
31,99,24,1,-240,245,40,440
32,0,23,1,50,55,45,50
32,1,42,0,35,55,45,65
32,2,24,1,40,55,45,65
32,3,40,1,40,45,55,65
32,4,3,0,55,45,50,65
32,5,37,0,40,65,50,65
32,6,27,1,40,80,45,65
32,7,12,0,35,90,45,65
32,8,23,0,25,90,45,75
32,9,44,0,25,90,55,85
32,10,9,0,15,90,55,90
32,11,39,0,5,105,55,90
32,12,48,1,5,105,55,90
32,13,36,1,5,115,55,90
32,14,16,1,5,115,45,90
32,15,26,0,-5,115,45,100
32,16,8,1,-20,115,45,110
32,17,10,0,-30,125,45,110
32,18,37,1,-20,125,45,110
32,19,6,1,-30,125,45,120
32,20,17,0,-50,145,45,120
32,21,2,0,-60,145,65,120
32,22,26,1,-50,145,60,120
32,23,31,1,-50,145,70,120
32,24,11,1,-45,145,70,120
32,25,24,0,-50,145,70,120
32,26,6,1,-60,145,70,130
32,27,2,1,-55,145,60,130
32,28,48,0,-55,145,60,160
32,29,42,1,-55,150,60,160
32,30,22,0,-65,150,70,160
32,31,25,1,-65,160,70,160
32,32,43,1,-65,160,75,155
32,33,1,1,-75,160,75,160
32,34,41,1,-70,150,75,160
32,35,9,0,-80,150,75,165
32,36,29,0,-100,150,80,165
32,37,46,1,-95,150,80,165
32,38,14,0,-95,150,80,175
32,39,19,1,-95,150,80,175
32,40,10,1,-80,150,70,175
32,41,12,0,-85,160,70,175
32,42,37,0,-100,180,70,175
32,43,40,1,-100,170,80,175
32,44,7,0,-115,180,80,175
32,45,5,0,-125,180,85,175
32,46,19,1,-125,180,85,175
32,47,15,0,-110,175,85,175
32,48,6,0,-100,175,80,175
32,49,14,1,-100,185,80,175
32,50,2,0,-110,185,100,175
32,51,20,0,-120,185,115,175
32,52,48,1,-120,185,115,175
32,53,49,1,-120,190,115,175
32,54,44,1,-115,190,115,175
32,55,15,0,-100,185,115,175
32,56,36,1,-100,195,115,175
32,57,14,1,-100,205,115,175
32,58,48,0,-100,205,115,205
32,59,18,1,-90,205,115,205
32,60,43,1,-90,205,120,200
32,61,7,0,-105,215,120,200
32,62,36,1,-105,225,120,200
32,63,15,0,-90,220,120,200
32,64,5,0,-100,220,125,200
32,65,39,0,-110,235,125,200
32,66,8,1,-125,235,125,210
32,67,44,0,-125,235,135,220
32,68,4,0,-140,250,135,220
32,69,41,0,-150,265,135,220
32,70,21,0,-160,265,155,220
32,71,40,0,-160,275,145,220
32,72,20,1,-160,285,130,220
32,73,38,0,-170,295,130,220
32,74,57,0,-170,295,130,245
32,75,41,0,-180,310,130,245
32,76,43,1,-180,310,135,240
32,77,18,0,-210,310,135,270
32,78,3,0,-195,310,130,270
32,79,1,1,-205,310,130,275
32,80,5,1,-200,310,120,275
32,81,4,0,-215,325,120,275
32,82,43,1,-215,325,125,270
32,83,39,0,-225,340,125,270
32,84,26,0,-235,340,125,280
32,85,5,1,-230,340,115,280
32,86,16,1,-230,340,105,280
32,87,8,0,-230,345,95,280
32,88,4,1,-220,345,95,280
32,89,13,0,-220,345,95,300
32,90,18,0,-250,345,95,330
32,91,42,0,-265,345,95,345
32,92,46,1,-260,345,95,345
32,93,3,0,-245,345,90,345
32,94,25,1,-245,355,90,345
32,95,47,0,-245,355,90,360
32,96,30,1,-245,355,100,360
32,97,19,1,-245,355,100,360
32,98,2,0,-255,355,120,360
32,99,29,0,-275,355,125,360
33,0,57,0,50,50,50,75
33,1,14,0,50,50,50,85
33,2,8,1,35,50,50,95
33,3,36,0,35,45,50,110
33,4,6,1,25,45,50,120
33,5,11,0,20,45,50,120
33,6,21,0,10,45,70,120
33,7,28,0,-10,45,70,135
33,8,36,1,-10,55,70,135
33,9,6,1,-20,55,70,145
33,10,16,1,-20,55,60,145
33,11,31,0,-20,65,50,145
33,12,8,1,-35,65,50,155
33,13,26,1,-25,65,45,155
33,14,28,0,-45,65,45,170
33,15,21,1,-40,65,35,170
33,16,30,0,-40,65,25,195
33,17,36,0,-40,60,25,210
33,18,8,1,-55,60,25,220
33,19,15,0,-40,55,25,220
33,20,5,0,-50,55,30,220
33,21,13,1,-45,60,30,220
33,22,3,0,-30,60,25,220
33,23,12,0,-35,70,25,220
33,24,42,1,-35,75,25,220
33,25,43,0,-15,75,15,220
33,26,6,0,-5,75,10,220
33,27,14,0,-5,75,10,230
33,28,26,1,5,75,5,230
33,29,37,0,-10,95,5,230
33,30,24,1,-5,95,5,230
33,31,15,1,-5,100,5,230
33,32,20,1,-5,110,-10,230
33,33,26,0,-15,110,-10,240
33,34,18,1,-5,110,-10,240
33,35,47,0,-5,110,-10,255
33,36,22,1,-5,115,-20,255
33,37,28,0,-25,115,-20,270
33,38,2,0,-35,115,0,270
33,39,38,0,-45,125,0,270
33,40,23,1,-45,130,-5,270
33,41,1,1,-55,130,-5,275
33,42,20,1,-55,140,-20,275
33,43,11,0,-60,140,-20,275
33,44,37,0,-75,160,-20,275
33,45,26,0,-85,160,-20,285
33,46,47,1,-85,160,-20,285
33,47,48,1,-85,160,-20,285
33,48,23,1,-85,165,-25,285
33,49,6,0,-75,165,-30,285
33,50,44,1,-70,165,-30,285
33,51,20,1,-70,175,-45,285
33,52,24,0,-75,175,-45,285
33,53,4,1,-65,175,-45,285
33,54,58,1,-65,185,-45,285
33,55,2,0,-75,185,-25,285
33,56,12,1,-70,185,-25,285
33,57,38,0,-80,195,-25,285
33,58,1,1,-90,195,-25,290
33,59,4,1,-80,195,-25,290
33,60,39,0,-90,210,-25,290
33,61,23,0,-100,210,-25,300
33,62,45,1,-100,220,-25,300
33,63,29,1,-100,240,-45,300
33,64,8,1,-115,240,-45,310
33,65,27,1,-115,255,-50,310
33,66,6,0,-105,255,-55,310
33,67,43,1,-105,255,-50,305
33,68,37,1,-95,255,-50,305
33,69,17,0,-115,275,-50,305
33,70,2,1,-110,275,-60,305
33,71,32,0,-110,295,-75,305
33,72,22,1,-110,300,-85,305
33,73,37,1,-100,300,-85,305
33,74,14,0,-100,300,-85,315
33,75,24,0,-105,300,-85,315
33,76,42,1,-105,305,-85,315
33,77,15,0,-90,300,-85,315
33,78,37,0,-105,320,-85,315
33,79,23,0,-115,320,-85,325
33,80,17,0,-135,340,-85,325
33,81,44,1,-130,340,-85,325
33,82,10,0,-140,350,-85,325
33,83,36,1,-140,360,-85,325
33,84,59,0,-140,360,-95,345
33,85,40,1,-140,350,-85,345
33,86,15,0,-125,345,-85,345
33,87,24,0,-130,345,-85,345
33,88,26,1,-120,345,-90,345
33,89,38,0,-130,355,-90,345
33,90,7,0,-145,365,-90,345
33,91,25,0,-145,360,-90,345
33,92,39,0,-155,375,-90,345
33,93,13,1,-150,380,-90,345
33,94,6,0,-140,380,-95,345
33,95,8,0,-140,385,-105,345
33,96,26,1,-130,385,-110,345
33,97,43,0,-110,385,-120,345
33,98,33,1,-110,400,-120,345
33,99,27,0,-100,390,-120,345
34,0,15,1,50,55,50,50
34,1,3,0,65,55,45,50
34,2,24,1,70,55,45,50
34,3,41,1,75,45,45,50
34,4,11,0,70,45,45,50
34,5,21,0,60,45,65,50
34,6,31,0,60,55,55,50
34,7,2,1,65,55,45,50
34,8,12,0,60,65,45,50
34,9,49,0,60,60,45,65
34,10,40,0,60,70,35,65
34,11,5,1,65,70,25,65
34,12,45,0,65,70,25,80
34,13,28,0,45,70,25,95
34,14,36,0,45,65,25,110
34,15,12,1,50,65,25,110
34,16,5,1,55,65,15,110
34,17,1,1,45,65,15,115
34,18,46,0,35,65,15,130
34,19,22,1,35,70,5,130
34,20,50,1,35,80,5,130
34,21,57,0,35,80,5,155
34,22,14,1,35,90,5,155
34,23,6,1,25,90,5,165
34,24,29,0,5,90,10,165
34,25,12,0,0,100,10,165
34,26,18,0,-30,100,10,195
34,27,23,1,-30,105,5,195
34,28,3,0,-15,105,0,195
34,29,51,0,-15,90,0,215
34,30,26,0,-25,90,0,225
34,31,11,1,-20,90,0,225
34,32,25,0,-20,85,0,225
34,33,47,0,-20,85,0,240
34,34,6,0,-10,85,-5,240
34,35,12,0,-15,95,-5,240
34,36,44,1,-10,95,-5,240
34,37,40,1,-10,85,5,240
34,38,20,1,-10,95,-10,240
34,39,48,1,-10,95,-10,240
34,40,39,0,-20,110,-10,240
34,41,26,1,-10,110,-15,240
34,42,40,0,-10,120,-25,240
34,43,28,0,-30,120,-25,255
34,44,17,0,-50,140,-25,255
34,45,16,0,-65,150,-25,255
34,46,29,0,-85,150,-20,255
34,47,12,0,-90,160,-20,255
34,48,44,1,-85,160,-20,255
34,49,23,0,-95,160,-20,265
34,50,21,1,-90,160,-30,265
34,51,11,0,-95,160,-30,265
34,52,24,0,-100,160,-30,265
34,53,30,1,-100,160,-20,265
34,54,39,1,-95,160,-20,265
34,55,14,1,-95,170,-20,265
34,56,27,1,-95,185,-25,265
34,57,38,1,-90,185,-25,265
34,58,5,0,-100,185,-20,265
34,59,48,1,-100,185,-20,265
34,60,3,0,-85,185,-25,265
34,61,27,0,-75,175,-25,265
34,62,45,1,-75,185,-25,265
34,63,23,0,-85,185,-25,275
34,64,44,0,-85,185,-15,285
34,65,7,1,-80,185,-15,285
34,66,25,0,-80,180,-15,285
34,67,48,0,-80,180,-15,315
34,68,1,0,-70,180,-25,315
34,69,40,0,-70,190,-35,315
34,70,39,1,-65,190,-35,315
34,71,14,0,-65,190,-35,325
34,72,24,1,-60,190,-35,325
34,73,8,0,-60,195,-45,325
34,74,32,0,-60,215,-60,325
34,75,36,1,-60,225,-60,325
34,76,1,0,-50,225,-70,325
34,77,46,0,-60,225,-70,340
34,78,22,0,-70,225,-60,340
34,79,27,1,-70,240,-65,340
34,80,36,0,-70,235,-65,355
34,81,2,1,-65,235,-75,355
34,82,40,1,-65,225,-65,355
34,83,10,0,-75,235,-65,355
34,84,8,1,-90,235,-65,365
34,85,12,0,-95,245,-65,365
34,86,6,1,-105,245,-65,375
34,87,21,0,-115,245,-45,375
34,88,48,0,-115,245,-45,405
34,89,58,0,-115,235,-45,405
34,90,13,0,-115,235,-45,425
34,91,9,1,-110,235,-45,425
34,92,23,1,-110,240,-50,425
34,93,19,1,-110,240,-50,425
34,94,3,0,-95,240,-55,425
34,95,38,0,-105,250,-55,425
34,96,16,0,-120,260,-55,425
34,97,48,1,-120,260,-55,425
34,98,26,0,-130,260,-55,435
34,99,39,0,-140,275,-55,435
35,0,13,0,50,50,50,70
35,1,15,0,65,45,50,70
35,2,46,1,70,45,50,70
35,3,23,0,60,45,50,80
35,4,12,1,65,45,50,80
35,5,30,1,65,45,60,80
35,6,3,1,55,45,60,90
35,7,19,1,55,45,60,90
35,8,41,1,60,35,60,90
35,9,49,1,60,40,60,90
35,10,13,1,65,45,60,90
35,11,12,0,60,55,60,90
35,12,4,0,45,70,60,90
35,13,24,1,50,70,60,90
35,14,9,0,40,70,60,95
35,15,31,0,40,80,50,95
35,16,7,1,45,80,50,95
35,17,26,0,35,80,50,105
35,18,12,1,40,80,50,105
35,19,46,1,45,80,50,105
35,20,22,0,35,80,60,105
35,21,41,1,40,70,60,105
35,22,16,0,25,80,60,105
35,23,44,1,30,80,60,105
35,24,32,0,30,100,45,105
35,25,29,1,30,120,25,105
35,26,11,1,35,120,25,105
35,27,15,0,50,115,25,105
35,28,40,1,50,105,35,105
35,29,12,1,55,105,35,105
35,30,29,1,55,125,15,105
35,31,11,0,50,125,15,105
35,32,37,1,60,125,15,105
35,33,21,1,65,125,5,105
35,34,33,0,95,125,5,105
35,35,19,1,95,125,5,105
35,36,39,1,100,125,5,105
35,37,1,1,90,125,5,110
35,38,6,1,80,125,5,120
35,39,48,1,80,125,5,120
35,40,4,1,90,125,5,120
35,41,24,0,85,125,5,120
35,42,26,0,75,125,5,130
35,43,14,1,75,135,5,130
35,44,19,0,75,135,5,130
35,45,9,0,65,135,5,135
35,46,4,0,50,150,5,135
35,47,17,1,20,150,20,135
35,48,14,1,20,160,20,135
35,49,3,1,10,160,20,145
35,50,42,0,-5,160,20,160
35,51,36,1,-5,170,20,160
35,52,40,1,-5,160,30,160
35,53,13,1,0,165,30,160
35,54,47,1,0,165,30,160
35,55,27,1,0,180,25,160
35,56,42,0,-15,180,25,175
35,57,10,1,0,180,15,175
35,58,2,0,-10,180,35,175
35,59,18,0,-40,180,35,205
35,60,8,1,-55,180,35,215
35,61,28,1,-45,180,35,215
35,62,47,0,-45,180,35,230
35,63,11,1,-40,180,35,230
35,64,44,1,-35,180,35,230
35,65,10,0,-45,190,35,230
35,66,6,1,-55,190,35,240
35,67,12,0,-60,200,35,240
35,68,25,1,-60,210,35,240
35,69,7,0,-75,220,35,240
35,70,42,0,-90,220,35,255
35,71,1,0,-80,220,25,255
35,72,18,0,-110,220,25,285
35,73,25,1,-110,230,25,285
35,74,6,1,-120,230,25,295
35,75,27,1,-120,245,20,295
35,76,44,1,-115,245,20,295
35,77,17,1,-145,245,35,295
35,78,26,0,-155,245,35,305
35,79,21,0,-165,245,55,305
35,80,14,1,-165,255,55,305
35,81,27,0,-155,245,55,305
35,82,15,1,-155,250,55,305
35,83,18,0,-185,250,55,335
35,84,23,0,-195,250,55,345
35,85,43,1,-195,250,60,340
35,86,40,0,-195,260,50,340
35,87,44,1,-190,260,50,340
35,88,46,0,-200,260,50,355
35,89,30,1,-200,260,60,355
35,90,3,0,-185,260,55,355
35,91,27,0,-175,250,55,355
35,92,9,0,-185,250,55,360
35,93,18,0,-215,250,55,390
35,94,8,0,-215,255,45,390
35,95,20,0,-225,255,60,390
35,96,48,1,-225,255,60,390
35,97,11,0,-230,255,60,390
35,98,1,0,-220,255,50,390
35,99,23,0,-230,255,50,400
36,0,38,1,55,50,50,50
36,1,44,0,55,50,60,60
36,2,20,0,45,50,75,60
36,3,14,1,45,60,75,60
36,4,43,0,65,60,65,60
36,5,31,0,65,70,55,60
36,6,39,1,70,70,55,60
36,7,20,0,60,70,70,60
36,8,13,1,65,75,70,60
36,9,24,1,70,75,70,60
36,10,46,0,60,75,70,75
36,11,37,0,45,95,70,75
36,12,3,0,60,95,65,75
36,13,6,0,70,95,60,75
36,14,19,0,70,95,60,75
36,15,1,1,60,95,60,80
36,16,40,0,60,105,50,80
36,17,26,0,50,105,50,90
36,18,30,0,50,105,40,115
36,19,12,0,45,115,40,115
36,20,22,0,35,115,50,115
36,21,57,1,35,125,50,115
36,22,4,0,20,140,50,115
36,23,44,1,25,140,50,115
36,24,36,1,25,150,50,115
36,25,14,0,25,150,50,125
36,26,28,0,5,150,50,140
36,27,9,1,10,150,50,140
36,28,11,0,5,150,50,140
36,29,19,0,5,150,50,140
36,30,47,0,5,150,50,155
36,31,44,1,10,150,50,155
36,32,16,1,10,150,40,155
36,33,41,0,0,165,40,155
36,34,22,0,-10,165,50,155
36,35,45,0,-10,165,50,170
36,36,37,0,-25,185,50,170
36,37,43,1,-25,185,55,165
36,38,36,0,-25,180,55,180
36,39,5,1,-20,180,45,180
36,40,19,0,-20,180,45,180
36,41,22,0,-30,180,55,180
36,42,44,1,-25,180,55,180
36,43,3,0,-10,180,50,180
36,44,6,0,0,180,45,180
36,45,8,1,-15,180,45,190
36,46,5,0,-25,180,50,190
36,47,16,1,-25,180,40,190
36,48,48,0,-25,180,40,220
36,49,9,1,-20,180,40,220
36,50,7,1,-15,180,40,220
36,51,5,1,-10,180,30,220
36,52,25,1,-10,190,30,220
36,53,22,0,-20,190,40,220
36,54,43,0,0,190,30,220
36,55,45,1,0,200,30,220
36,56,32,0,0,220,15,220
36,57,17,1,-30,220,30,220
36,58,11,1,-25,220,30,220
36,59,9,1,-20,220,30,220
36,60,39,0,-30,235,30,220
36,61,46,0,-40,235,30,235
36,62,37,1,-30,235,30,235
36,63,58,1,-30,245,30,235
36,64,27,0,-20,235,30,235
36,65,23,0,-30,235,30,245
36,66,40,0,-30,245,20,245
36,67,13,0,-30,245,20,265
36,68,24,1,-25,245,20,265
36,69,47,1,-25,245,20,265
36,70,33,0,5,245,20,265
36,71,11,0,0,245,20,265
36,72,59,1,0,260,20,265
36,73,19,0,0,260,20,265
36,74,41,1,5,250,20,265
36,75,26,0,-5,250,20,275
36,76,3,1,-15,250,20,285
36,77,11,0,-20,250,20,285
36,78,20,0,-30,250,35,285
36,79,34,1,-15,250,35,285
36,80,24,1,-10,250,35,285
36,81,23,1,-10,255,30,285
36,82,27,1,-10,270,25,285
36,83,22,0,-20,270,35,285
36,84,48,0,-20,270,35,315
36,85,24,0,-25,270,35,315
36,86,29,0,-45,270,40,315
36,87,43,1,-45,270,45,310
36,88,6,1,-55,270,45,320
36,89,11,0,-60,270,45,320
36,90,35,1,-60,260,55,320
36,91,16,1,-60,260,45,320
36,92,40,1,-60,250,55,320
36,93,48,1,-60,250,55,320
36,94,20,1,-60,260,40,320
36,95,14,1,-60,270,40,320
36,96,29,0,-80,270,45,320
36,97,30,0,-80,270,35,345
36,98,36,0,-80,265,35,360
36,99,19,1,-80,265,35,360
37,0,16,1,50,50,40,50
37,1,40,0,50,60,30,50
37,2,8,0,50,65,20,50
37,3,43,0,70,65,10,50
37,4,1,1,60,65,10,55
37,5,5,1,65,65,0,55
37,6,46,0,55,65,0,70
37,7,27,1,55,80,-5,70
37,8,42,0,40,80,-5,85
37,9,20,0,30,80,10,85
37,10,7,1,35,80,10,85
37,11,57,1,35,90,10,85
37,12,58,0,35,80,10,85
37,13,17,0,15,100,10,85
37,14,45,0,15,100,10,100
37,15,41,0,5,115,10,100
37,16,38,1,10,115,10,100
37,17,19,1,10,115,10,100
37,18,6,1,0,115,10,110
37,19,45,1,0,125,10,110
37,20,40,1,0,115,20,110
37,21,8,1,-15,115,20,120
37,22,24,1,-10,115,20,120
37,23,19,1,-10,115,20,120
37,24,5,1,-5,115,10,120
37,25,14,0,-5,115,10,130
37,26,13,1,0,120,10,130
37,27,24,0,-5,120,10,130
37,28,41,0,-15,135,10,130
37,29,11,1,-10,135,10,130
37,30,6,0,0,135,5,130
37,31,31,1,0,135,15,130
37,32,39,1,5,135,15,130
37,33,41,1,10,125,15,130
37,34,10,0,0,135,15,130
37,35,9,1,5,135,15,130
37,36,40,1,5,125,25,130
37,37,37,1,15,125,25,130
37,38,26,0,5,125,25,140
37,39,47,1,5,125,25,140
37,40,32,1,5,115,40,140
37,41,7,0,-10,125,40,140
37,42,12,1,-5,125,40,140
37,43,23,0,-15,125,40,150
37,44,15,0,0,120,40,150
37,45,37,0,-15,140,40,150
37,46,46,0,-25,140,40,165
37,47,18,0,-55,140,40,195
37,48,9,1,-50,140,40,195
37,49,38,1,-45,140,40,195
37,50,3,1,-55,140,40,205
37,51,42,0,-70,140,40,220
37,52,47,1,-70,140,40,220
37,53,27,1,-70,155,35,220
37,54,4,1,-60,155,35,220
37,55,2,0,-70,155,55,220
37,56,9,1,-65,155,55,220
37,57,13,1,-60,160,55,220
37,58,26,1,-50,160,50,220
37,59,7,0,-65,170,50,220
37,60,17,0,-85,190,50,220
37,61,18,0,-115,190,50,250
37,62,45,1,-115,200,50,250
37,63,22,0,-125,200,60,250
37,64,9,0,-135,200,60,255
37,65,47,1,-135,200,60,255
37,66,16,1,-135,200,50,255
37,67,42,0,-150,200,50,270
37,68,48,0,-150,200,50,300
37,69,13,0,-150,200,50,320
37,70,11,1,-145,200,50,320
37,71,37,0,-160,220,50,320
37,72,20,0,-170,220,65,320
37,73,5,0,-180,220,70,320
37,74,59,0,-180,220,60,340
37,75,6,0,-170,220,55,340
37,76,15,0,-155,215,55,340
37,77,7,1,-150,215,55,340
37,78,3,1,-160,215,55,350
37,79,38,1,-155,215,55,350
37,80,30,1,-155,215,65,350
37,81,14,0,-155,215,65,360
37,82,23,0,-165,215,65,370
37,83,21,0,-175,215,85,370
37,84,45,0,-175,215,85,385
37,85,36,1,-175,225,85,385
37,86,30,0,-175,225,75,410
37,87,5,1,-170,225,65,410
37,88,15,1,-170,230,65,410
37,89,14,1,-170,240,65,410
37,90,43,1,-170,240,70,405
37,91,30,1,-170,240,80,405
37,92,47,1,-170,240,80,405
37,93,39,0,-180,255,80,405
37,94,19,1,-180,255,80,405
37,95,33,0,-150,255,80,405
37,96,28,1,-140,255,80,405
37,97,46,1,-135,255,80,405
37,98,1,0,-125,255,70,405
37,99,40,0,-125,265,60,405
38,0,28,0,30,50,50,65
38,1,1,0,40,50,40,65
38,2,3,0,55,50,35,65
38,3,57,1,55,60,35,65
38,4,4,0,40,75,35,65
38,5,14,1,40,85,35,65
38,6,30,0,40,85,25,90
38,7,41,0,30,100,25,90
38,8,12,0,25,110,25,90
38,9,21,0,15,110,45,90
38,10,46,1,20,110,45,90
38,11,31,0,20,120,35,90
38,12,1,1,10,120,35,95
38,13,17,1,-20,120,50,95
38,14,47,0,-20,120,50,110
38,15,37,0,-35,140,50,110
38,16,27,1,-35,155,45,110
38,17,36,1,-35,165,45,110
38,18,28,1,-25,165,45,110
38,19,47,1,-25,165,45,110
38,20,42,0,-40,165,45,125
38,21,48,1,-40,165,45,125
38,22,4,0,-55,180,45,125
38,23,20,1,-55,190,30,125
38,24,9,0,-65,190,30,130
38,25,28,0,-85,190,30,145
38,26,46,0,-95,190,30,160
38,27,7,1,-90,190,30,160
38,28,14,1,-90,200,30,160
38,29,45,0,-90,200,30,175
38,30,21,1,-85,200,20,175
38,31,22,1,-85,205,10,175
38,32,29,1,-85,225,-10,175
38,33,27,0,-75,215,-10,175
38,34,11,1,-70,215,-10,175
38,35,21,0,-80,215,10,175
38,36,43,0,-60,215,0,175
38,37,15,1,-60,220,0,175
38,38,45,0,-60,220,0,190
38,39,11,0,-65,220,0,190
38,40,14,0,-65,220,0,200
38,41,40,0,-65,230,-10,200
38,42,3,0,-50,230,-15,200
38,43,46,0,-60,230,-15,215
38,44,5,0,-70,230,-10,215
38,45,21,0,-80,230,10,215
38,46,44,1,-75,230,10,215
38,47,26,0,-85,230,10,225
38,48,2,0,-95,230,30,225
38,49,8,0,-95,235,20,225
38,50,3,0,-80,235,15,225
38,51,10,0,-90,245,15,225
38,52,5,1,-85,245,5,225
38,53,44,1,-80,245,5,225
38,54,16,0,-95,255,5,225
38,55,32,0,-95,275,-10,225
38,56,1,0,-85,275,-20,225
38,57,2,0,-95,275,0,225
38,58,38,1,-90,275,0,225
38,59,46,0,-100,275,0,240
38,60,48,0,-100,275,0,270
38,61,19,0,-100,275,0,270
38,62,58,0,-100,265,0,270
38,63,27,1,-100,280,-5,270
38,64,28,0,-120,280,-5,285
38,65,40,0,-120,290,-15,285
38,66,18,1,-110,290,-15,285
38,67,14,1,-110,300,-15,285
38,68,7,1,-105,300,-15,285
38,69,47,0,-105,300,-15,300
38,70,21,1,-100,300,-25,300
38,71,5,1,-95,300,-35,300
38,72,36,0,-95,295,-35,315
38,73,39,1,-90,295,-35,315
38,74,38,1,-85,295,-35,315
38,75,6,1,-95,295,-35,325
38,76,3,0,-80,295,-40,325
38,77,28,0,-100,295,-40,340
38,78,7,0,-115,305,-40,340
38,79,5,1,-110,305,-50,340
38,80,46,0,-120,305,-50,355
38,81,21,0,-130,305,-30,355
38,82,11,0,-135,305,-30,355
38,83,36,1,-135,315,-30,355
38,84,18,0,-165,315,-30,385
38,85,47,1,-165,315,-30,385
38,86,6,1,-175,315,-30,395
38,87,42,0,-190,315,-30,410
38,88,2,1,-185,315,-40,410
38,89,19,1,-185,315,-40,410
38,90,21,1,-180,315,-50,410
38,91,9,0,-190,315,-50,415
38,92,43,0,-170,315,-60,415
38,93,18,1,-160,315,-60,415
38,94,8,0,-160,320,-70,415
38,95,48,0,-160,320,-70,445
38,96,23,1,-160,325,-75,445
38,97,1,0,-150,325,-85,445
38,98,38,1,-145,325,-85,445
38,99,43,1,-145,325,-80,440
39,0,21,1,55,50,40,50
39,1,45,1,55,60,40,50
39,2,42,0,40,60,40,65
39,3,29,0,20,60,45,65
39,4,10,1,35,60,35,65
39,5,17,1,5,60,50,65
39,6,3,1,-5,60,50,75
39,7,1,1,-15,60,50,80
39,8,40,1,-15,50,60,80
39,9,9,1,-10,50,60,80
39,10,16,1,-10,50,50,80
39,11,25,0,-10,45,50,80
39,12,41,0,-20,60,50,80
39,13,27,1,-20,75,45,80
39,14,26,1,-10,75,40,80
39,15,39,0,-20,90,40,80
39,16,4,1,-10,90,40,80
39,17,49,0,-10,85,40,95
39,18,24,1,-5,85,40,95
39,19,15,1,-5,90,40,95
39,20,46,0,-15,90,40,110
39,21,21,0,-25,90,60,110
39,22,44,0,-25,90,70,120
39,23,17,1,-55,90,85,120
39,24,38,0,-65,100,85,120
39,25,30,1,-65,100,95,120
39,26,29,1,-65,120,75,120
39,27,27,1,-65,135,70,120
39,28,23,0,-75,135,70,130
39,29,7,1,-70,135,70,130
39,30,6,0,-60,135,65,130
39,31,16,0,-75,145,65,130
39,32,21,0,-85,145,85,130
39,33,15,1,-85,150,85,130
39,34,23,0,-95,150,85,140
39,35,44,0,-95,150,95,150
39,36,45,0,-95,150,95,165
39,37,10,0,-105,160,95,165
39,38,1,1,-115,160,95,170
39,39,43,0,-95,160,85,170
39,40,36,0,-95,155,85,185
39,41,9,0,-105,155,85,190
39,42,10,1,-90,155,75,190
39,43,37,1,-80,155,75,190
39,44,4,0,-95,170,75,190
39,45,1,0,-85,170,65,190
39,46,57,0,-85,170,65,215
39,47,19,1,-85,170,65,215
39,48,20,1,-85,180,50,215
39,49,17,0,-105,200,50,215
39,50,29,0,-125,200,55,215
39,51,4,0,-140,215,55,215
39,52,38,0,-150,225,55,215
39,53,42,1,-150,230,55,215
39,54,41,0,-160,245,55,215
39,55,13,0,-160,245,55,235
39,56,2,0,-170,245,75,235
39,57,18,1,-160,245,75,235
39,58,7,0,-175,255,75,235
39,59,19,0,-175,255,75,235
39,60,43,0,-155,255,65,235
39,61,47,1,-155,255,65,235
39,62,14,0,-155,255,65,245
39,63,26,1,-145,255,60,245
39,64,42,0,-160,255,60,260
39,65,58,1,-160,265,60,260
39,66,36,1,-160,275,60,260
39,67,10,0,-170,285,60,260
39,68,11,1,-165,285,60,260
39,69,44,1,-160,285,60,260
39,70,28,1,-150,285,60,260
39,71,17,1,-180,285,75,260
39,72,7,1,-175,285,75,260
39,73,15,1,-175,290,75,260
39,74,9,0,-185,290,75,265
39,75,14,0,-185,290,75,275
39,76,48,0,-185,290,75,305
39,77,59,0,-185,290,65,325
39,78,20,0,-195,290,80,325
39,79,45,0,-195,290,80,340
39,80,40,0,-195,300,70,340
39,81,27,0,-185,290,70,340
39,82,48,1,-185,290,70,340
39,83,25,0,-185,285,70,340
39,84,15,1,-185,290,70,340
39,85,60,1,-185,300,70,340
39,86,21,1,-180,300,60,340
39,87,29,1,-180,320,40,340
39,88,27,1,-180,335,35,340
39,89,10,0,-190,345,35,340
39,90,15,1,-190,350,35,340
39,91,18,0,-220,350,35,370
39,92,23,0,-230,350,35,380
39,93,3,1,-240,350,35,390
39,94,46,0,-250,350,35,405
39,95,2,0,-260,350,55,405
39,96,39,0,-270,365,55,405
39,97,4,0,-285,380,55,405
39,98,44,1,-280,380,55,405
39,99,18,1,-270,380,55,405
40,0,28,0,30,50,50,65
40,1,6,1,20,50,50,75
40,2,24,0,15,50,50,75
40,3,11,1,20,50,50,75
40,4,30,0,20,50,40,100
40,5,14,0,20,50,40,110
40,6,17,0,0,70,40,110
40,7,15,1,0,75,40,110
40,8,22,1,0,80,30,110
40,9,9,1,5,80,30,110
40,10,39,0,-5,95,30,110
40,11,17,0,-25,115,30,110
40,12,29,1,-25,135,10,110
40,13,41,0,-35,150,10,110
40,14,19,1,-35,150,10,110
40,15,6,1,-45,150,10,120
40,16,12,0,-50,160,10,120
40,17,27,0,-40,150,10,120
40,18,30,0,-40,150,0,145
40,19,26,0,-50,150,0,155
40,20,40,0,-50,160,-10,155
40,21,47,0,-50,160,-10,170
40,22,49,1,-50,165,-10,170
40,23,23,1,-50,170,-15,170
40,24,20,1,-50,180,-30,170
40,25,26,1,-40,180,-35,170
40,26,5,0,-50,180,-30,170
40,27,1,1,-60,180,-30,175
40,28,22,0,-70,180,-20,175
40,29,57,0,-70,180,-20,200
40,30,21,0,-80,180,0,200
40,31,10,1,-65,180,-10,200
40,32,17,0,-85,200,-10,200
40,33,20,0,-95,200,5,200
40,34,36,1,-95,210,5,200
40,35,11,1,-90,210,5,200
40,36,25,1,-90,220,5,200
40,37,4,1,-80,220,5,200
40,38,31,1,-80,220,15,200
40,39,42,1,-80,225,15,200
40,40,44,0,-80,225,25,210
40,41,43,1,-80,225,30,205
40,42,19,0,-80,225,30,205
40,43,22,0,-90,225,40,205
40,44,14,0,-90,225,40,215
40,45,41,0,-100,240,40,215
40,46,37,1,-90,240,40,215
40,47,12,1,-85,240,40,215
40,48,18,1,-75,240,40,215
40,49,10,0,-85,250,40,215
40,50,5,1,-80,250,30,215
40,51,17,0,-100,270,30,215
40,52,23,1,-100,275,25,215
40,53,9,1,-95,275,25,215
40,54,19,1,-95,275,25,215
40,55,32,1,-95,265,40,215
40,56,21,0,-105,265,60,215
40,57,47,0,-105,265,60,230
40,58,3,0,-90,265,55,230
40,59,48,1,-90,265,55,230
40,60,40,1,-90,255,65,230
40,61,1,0,-80,255,55,230
40,62,45,1,-80,265,55,230
40,63,46,1,-75,265,55,230
40,64,38,1,-70,265,55,230
40,65,43,1,-70,265,60,225
40,66,5,1,-65,265,50,225
40,67,47,0,-65,265,50,240
40,68,46,0,-75,265,50,255
40,69,22,0,-85,265,60,255
40,70,44,0,-85,265,70,265
40,71,12,0,-90,275,70,265
40,72,6,0,-80,275,65,265
40,73,15,1,-80,280,65,265
40,74,33,1,-80,295,65,265
40,75,37,1,-70,295,65,265
40,76,34,0,-70,280,90,265
40,77,40,0,-70,290,80,265
40,78,29,1,-70,310,60,265
40,79,41,0,-80,325,60,265
40,80,4,0,-95,340,60,265
40,81,44,0,-95,340,70,275
40,82,9,1,-90,340,70,275
40,83,46,1,-85,340,70,275
40,84,8,0,-85,345,60,275
40,85,47,1,-85,345,60,275
40,86,13,0,-85,345,60,295
40,87,36,1,-85,355,60,295
40,88,30,0,-85,355,50,320
40,89,23,1,-85,360,45,320
40,90,43,1,-85,360,50,315
40,91,2,0,-95,360,70,315
40,92,27,1,-95,375,65,315
40,93,13,1,-90,380,65,315
40,94,38,1,-85,380,65,315
40,95,47,1,-85,380,65,315
40,96,42,1,-85,385,65,315
40,97,2,0,-95,385,85,315
40,98,21,0,-105,385,105,315
40,99,9,0,-115,385,105,320
41,0,22,0,40,50,60,50
41,1,4,0,25,65,60,50
41,2,26,1,35,65,55,50
41,3,11,1,40,65,55,50
41,4,37,0,25,85,55,50
41,5,7,0,10,95,55,50
41,6,5,1,15,95,45,50
41,7,20,0,5,95,60,50
41,8,22,1,5,100,50,50
41,9,8,1,-10,100,50,60
41,10,41,0,-20,115,50,60
41,11,23,1,-20,120,45,60
41,12,19,0,-20,120,45,60
41,13,18,1,-10,120,45,60
41,14,44,1,-5,120,45,60
41,15,5,1,0,120,35,60
41,16,20,1,0,130,20,60
41,17,15,1,0,135,20,60
41,18,14,0,0,135,20,70
41,19,11,0,-5,135,20,70
41,20,48,1,-5,135,20,70
41,21,12,0,-10,145,20,70
41,22,47,1,-10,145,20,70
41,23,20,0,-20,145,35,70
41,24,6,1,-30,145,35,80
41,25,28,1,-20,145,35,80
41,26,30,0,-20,145,25,105
41,27,5,1,-15,145,15,105
41,28,41,0,-25,160,15,105
41,29,36,0,-25,155,15,120
41,30,38,1,-20,155,15,120
41,31,43,0,0,155,5,120
41,32,8,0,0,160,-5,120
41,33,37,0,-15,180,-5,120
41,34,11,0,-20,180,-5,120
41,35,40,1,-20,170,5,120
41,36,42,0,-35,170,5,135
41,37,25,0,-35,165,5,135
41,38,29,0,-55,165,10,135
41,39,45,1,-55,175,10,135
41,40,11,0,-60,175,10,135
41,41,1,0,-50,175,0,135
41,42,26,1,-40,175,-5,135
41,43,38,0,-50,185,-5,135
41,44,7,1,-45,185,-5,135
41,45,48,1,-45,185,-5,135
41,46,31,1,-45,185,5,135
41,47,15,1,-45,190,5,135
41,48,6,0,-35,190,0,135
41,49,20,0,-45,190,15,135
41,50,5,0,-55,190,20,135
41,51,43,1,-55,190,25,130
41,52,7,0,-70,200,25,130
41,53,21,1,-65,200,15,130
41,54,11,1,-60,200,15,130
41,55,47,1,-60,200,15,130
41,56,44,1,-55,200,15,130
41,57,30,1,-55,200,25,130
41,58,18,1,-45,200,25,130
41,59,8,0,-45,205,15,130
41,60,27,1,-45,220,10,130
41,61,40,0,-45,230,0,130
41,62,5,1,-40,230,-10,130
41,63,42,0,-55,230,-10,145
41,64,24,1,-50,230,-10,145
41,65,10,0,-60,240,-10,145
41,66,46,1,-55,240,-10,145
41,67,23,1,-55,245,-15,145
41,68,28,1,-45,245,-15,145
41,69,19,1,-45,245,-15,145
41,70,22,0,-55,245,-5,145
41,71,1,1,-65,245,-5,150
41,72,45,1,-65,255,-5,150
41,73,27,0,-55,245,-5,150
41,74,25,0,-55,240,-5,150
41,75,2,0,-65,240,15,150
41,76,30,1,-65,240,25,150
41,77,10,0,-75,250,25,150
41,78,26,0,-85,250,25,160
41,79,57,0,-85,250,25,185
41,80,29,1,-85,270,5,185
41,81,2,1,-80,270,-5,185
41,82,4,1,-70,270,-5,185
41,83,45,1,-70,280,-5,185
41,84,22,0,-80,280,5,185
41,85,8,1,-95,280,5,195
41,86,18,0,-125,280,5,225
41,87,14,1,-125,290,5,225
41,88,10,0,-135,300,5,225
41,89,1,1,-145,300,5,230
41,90,5,1,-140,300,-5,230
41,91,3,0,-125,300,-10,230
41,92,8,1,-140,300,-10,240
41,93,14,0,-140,300,-10,250
41,94,23,0,-150,300,-10,260
41,95,38,1,-145,300,-10,260
41,96,7,0,-160,310,-10,260
41,97,44,1,-155,310,-10,260
41,98,4,0,-170,325,-10,260
41,99,20,0,-180,325,5,260
42,0,18,0,20,50,50,80
42,1,9,0,10,50,50,85
42,2,36,0,10,45,50,100
42,3,31,1,10,45,60,100
42,4,7,0,-5,55,60,100
42,5,49,0,-5,50,60,115
42,6,26,0,-15,50,60,125
42,7,42,1,-15,55,60,125
42,8,25,0,-15,50,60,125
42,9,48,1,-15,50,60,125
42,10,29,0,-35,50,65,125
42,11,2,0,-45,50,85,125
42,12,27,1,-45,65,80,125
42,13,39,0,-55,80,80,125
42,14,21,0,-65,80,100,125
42,15,38,1,-60,80,100,125
42,16,1,0,-50,80,90,125
42,17,3,1,-60,80,90,135
42,18,39,0,-70,95,90,135
42,19,11,0,-75,95,90,135
42,20,48,0,-75,95,90,165
42,21,20,1,-75,105,75,165
42,22,26,0,-85,105,75,175
42,23,40,0,-85,115,65,175
42,24,47,0,-85,115,65,190
42,25,17,0,-105,135,65,190
42,26,30,0,-105,135,55,215
42,27,9,1,-100,135,55,215
42,28,16,1,-100,135,45,215
42,29,2,1,-95,135,35,215
42,30,14,1,-95,145,35,215
42,31,19,1,-95,145,35,215
42,32,7,0,-110,155,35,215
42,33,13,0,-110,155,35,235
42,34,41,0,-120,170,35,235
42,35,30,1,-120,170,45,235
42,36,32,0,-120,190,30,235
42,37,24,1,-115,190,30,235
42,38,19,0,-115,190,30,235
42,39,9,1,-110,190,30,235
42,40,5,0,-120,190,35,235
42,41,7,0,-135,200,35,235
42,42,20,1,-135,210,20,235
42,43,25,1,-135,220,20,235
42,44,43,0,-115,220,10,235
42,45,17,1,-145,220,25,235
42,46,42,0,-160,220,25,250
42,47,23,0,-170,220,25,260
42,48,8,0,-170,225,15,260
42,49,1,1,-180,225,15,265
42,50,6,1,-190,225,15,275
42,51,16,1,-190,225,5,275
42,52,36,1,-190,235,5,275
42,53,14,0,-190,235,5,285
42,54,20,1,-190,245,-10,285
42,55,39,0,-200,260,-10,285
42,56,4,0,-215,275,-10,285
42,57,15,0,-200,270,-10,285
42,58,19,0,-200,270,-10,285
42,59,50,0,-200,270,-10,300
42,60,3,1,-210,270,-10,310
42,61,27,1,-210,285,-15,310
42,62,37,0,-225,305,-15,310
42,63,9,0,-235,305,-15,315
42,64,17,0,-255,325,-15,315
42,65,8,0,-255,330,-25,315
42,66,27,0,-245,320,-25,315
42,67,6,0,-235,320,-30,315
42,68,26,0,-245,320,-30,325
42,69,29,0,-265,320,-25,325
42,70,18,1,-255,320,-25,325
42,71,24,1,-250,320,-25,325
42,72,36,0,-250,315,-25,340
42,73,41,1,-245,305,-25,340
42,74,4,0,-260,320,-25,340
42,75,38,0,-270,330,-25,340
42,76,16,0,-285,340,-25,340
42,77,18,1,-275,340,-25,340
42,78,3,0,-260,340,-30,340
42,79,39,0,-270,355,-30,340
42,80,4,1,-260,355,-30,340
42,81,48,1,-260,355,-30,340
42,82,8,0,-260,360,-40,340
42,83,20,1,-260,370,-55,340
42,84,13,0,-260,370,-55,360
42,85,46,0,-270,370,-55,375
42,86,51,1,-270,380,-55,375
42,87,26,1,-260,380,-60,375
42,88,27,1,-260,395,-65,375
42,89,20,0,-270,395,-50,375
42,90,37,0,-285,415,-50,375
42,91,38,1,-280,415,-50,375
42,92,25,1,-280,425,-50,375
42,93,24,1,-275,425,-50,375
42,94,52,0,-255,415,-50,375
42,95,3,0,-240,415,-55,375
42,96,26,1,-230,415,-60,375
42,97,6,1,-240,415,-60,385
42,98,1,1,-250,415,-60,390
42,99,27,1,-250,430,-65,390
43,0,31,1,50,50,60,50
43,1,39,0,40,65,60,50
43,2,26,1,50,65,55,50
43,3,49,0,50,60,55,65
43,4,38,0,40,70,55,65
43,5,6,1,30,70,55,75
43,6,1,0,40,70,45,75
43,7,22,1,40,75,35,75
43,8,5,0,30,75,40,75
43,9,36,1,30,85,40,75
43,10,43,0,50,85,30,75
43,11,15,1,50,90,30,75
43,12,44,1,55,90,30,75
43,13,23,0,45,90,30,85
43,14,37,1,55,90,30,85
43,15,40,1,55,80,40,85
43,16,20,1,55,90,25,85
43,17,29,1,55,110,5,85
43,18,8,1,40,110,5,95
43,19,14,1,40,120,5,95
43,20,10,1,55,120,-5,95
43,21,24,1,60,120,-5,95
43,22,6,1,50,120,-5,105
43,23,43,1,50,120,0,100
43,24,18,0,20,120,0,130
43,25,46,1,25,120,0,130
43,26,40,1,25,110,10,130
43,27,42,1,25,115,10,130
43,28,9,0,15,115,10,135
43,29,5,1,20,115,0,135
43,30,36,1,20,125,0,135
43,31,37,0,5,145,0,135
43,32,39,0,-5,160,0,135
43,33,9,0,-15,160,0,140
43,34,47,1,-15,160,0,140
43,35,43,0,5,160,-10,140
43,36,15,0,20,155,-10,140
43,37,26,1,30,155,-15,140
43,38,12,1,35,155,-15,140
43,39,5,0,25,155,-10,140
43,40,4,0,10,170,-10,140
43,41,50,1,10,180,-10,140
43,42,8,1,-5,180,-10,150
43,43,12,1,0,180,-10,150
43,44,44,1,5,180,-10,150
43,45,22,0,-5,180,0,150
43,46,40,0,-5,190,-10,150
43,47,29,1,-5,210,-30,150
43,48,15,1,-5,215,-30,150
43,49,51,1,-5,225,-30,150
43,50,23,0,-15,225,-30,160
43,51,44,0,-15,225,-20,170
43,52,14,1,-15,235,-20,170
43,53,25,1,-15,245,-20,170
43,54,47,1,-15,245,-20,170
43,55,38,1,-10,245,-20,170
43,56,44,0,-10,245,-10,180
43,57,6,1,-20,245,-10,190
43,58,3,0,-5,245,-15,190
43,59,20,0,-15,245,0,190
43,60,37,0,-30,265,0,190
43,61,41,1,-25,255,0,190
43,62,42,1,-25,260,0,190
43,63,30,1,-25,260,10,190
43,64,20,1,-25,270,-5,190
43,65,45,1,-25,280,-5,190
43,66,48,0,-25,280,-5,220
43,67,16,0,-40,290,-5,220
43,68,6,1,-50,290,-5,230
43,69,7,0,-65,300,-5,230
43,70,42,1,-65,305,-5,230
43,71,23,1,-65,310,-10,230
43,72,15,1,-65,315,-10,230
43,73,40,1,-65,305,0,230
43,74,38,1,-60,305,0,230
43,75,13,1,-55,310,0,230
43,76,10,0,-65,320,0,230
43,77,17,1,-95,320,15,230
43,78,41,1,-90,310,15,230
43,79,24,0,-95,310,15,230
43,80,38,0,-105,320,15,230
43,81,9,1,-100,320,15,230
43,82,6,0,-90,320,10,230
43,83,13,0,-90,320,10,250
43,84,7,0,-105,330,10,250
43,85,3,0,-90,330,5,250
43,86,41,1,-85,320,5,250
43,87,42,1,-85,325,5,250
43,88,52,0,-65,315,5,250
43,89,4,0,-80,330,5,250
43,90,3,1,-90,330,5,260
43,91,45,0,-90,330,5,275
43,92,44,0,-90,330,15,285
43,93,18,1,-80,330,15,285
43,94,16,1,-80,330,5,285
43,95,41,1,-75,320,5,285
43,96,22,0,-85,320,15,285
43,97,47,1,-85,320,15,285
43,98,8,1,-100,320,15,295
43,99,23,1,-100,325,10,295
44,0,48,1,50,50,50,50
44,1,3,1,40,50,50,60
44,2,31,1,40,50,60,60
44,3,41,0,30,65,60,60
44,4,23,0,20,65,60,70
44,5,44,1,25,65,60,70
44,6,21,0,15,65,80,70
44,7,10,1,30,65,70,70
44,8,4,1,40,65,70,70
44,9,2,1,45,65,60,70
44,10,14,0,45,65,60,80
44,11,30,0,45,65,50,105
44,12,36,0,45,60,50,120
44,13,46,1,50,60,50,120
44,14,22,1,50,65,40,120
44,15,16,0,35,75,40,120
44,16,14,0,35,75,40,130
44,17,45,0,35,75,40,145
44,18,23,1,35,80,35,145
44,19,42,0,20,80,35,160
44,20,21,0,10,80,55,160
44,21,11,1,15,80,55,160
44,22,5,0,5,80,60,160
44,23,9,0,-5,80,60,165
44,24,27,1,-5,95,55,165
44,25,12,1,0,95,55,165
44,26,15,0,15,90,55,165
44,27,48,1,15,90,55,165
44,28,21,1,20,90,45,165
44,29,17,0,0,110,45,165
44,30,41,0,-10,125,45,165
44,31,26,0,-20,125,45,175
44,32,38,1,-15,125,45,175
44,33,4,1,-5,125,45,175
44,34,7,1,0,125,45,175
44,35,15,1,0,130,45,175
44,36,30,1,0,130,55,175
44,37,22,0,-10,130,65,175
44,38,21,1,-5,130,55,175
44,39,49,1,-5,135,55,175
44,40,25,1,-5,145,55,175
44,41,11,0,-10,145,55,175
44,42,32,1,-10,135,70,175
44,43,21,0,-20,135,90,175
44,44,1,1,-30,135,90,180
44,45,9,1,-25,135,90,180
44,46,27,1,-25,150,85,180
44,47,33,1,-25,165,85,180
44,48,39,1,-20,165,85,180
44,49,1,1,-30,165,85,185
44,50,47,1,-30,165,85,185
44,51,34,0,-30,150,110,185
44,52,13,0,-30,150,110,205
44,53,21,0,-40,150,130,205
44,54,29,0,-60,150,135,205
44,55,25,0,-60,145,135,205
44,56,27,1,-60,160,130,205
44,57,2,0,-70,160,150,205
44,58,22,1,-70,165,140,205
44,59,23,0,-80,165,140,215
44,60,36,1,-80,175,140,215
44,61,48,0,-80,175,140,245
44,62,47,1,-80,175,140,245
44,63,16,0,-95,185,140,245
44,64,19,1,-95,185,140,245
44,65,45,0,-95,185,140,260
44,66,28,0,-115,185,140,275
44,67,21,1,-110,185,130,275
44,68,4,1,-100,185,130,275
44,69,9,0,-110,185,130,280
44,70,19,1,-110,185,130,280
44,71,48,1,-110,185,130,280
44,72,22,1,-110,190,120,280
44,73,44,1,-105,190,120,280
44,74,8,0,-105,195,110,280
44,75,4,0,-120,210,110,280
44,76,38,1,-115,210,110,280
44,77,25,1,-115,220,110,280
44,78,7,0,-130,230,110,280
44,79,13,0,-130,230,110,300
44,80,42,0,-145,230,110,315
44,81,19,0,-145,230,110,315
44,82,2,1,-140,230,100,315
44,83,26,0,-150,230,100,325
44,84,35,0,-150,230,100,325
44,85,41,0,-160,245,100,325
44,86,9,0,-170,245,100,330
44,87,30,1,-170,245,110,330
44,88,37,1,-160,245,110,330
44,89,20,1,-160,255,95,330
44,90,18,1,-150,255,95,330
44,91,42,1,-150,260,95,330
44,92,28,1,-140,260,95,330
44,93,11,0,-145,260,95,330
44,94,10,1,-130,260,85,330
44,95,38,0,-140,270,85,330
44,96,18,0,-170,270,85,360
44,97,25,1,-170,280,85,360
44,98,14,1,-170,290,85,360
44,99,9,0,-180,290,85,365
45,0,42,1,50,55,50,50
45,1,14,1,50,65,50,50
45,2,31,1,50,65,60,50
45,3,5,1,55,65,50,50
45,4,36,1,55,75,50,50
45,5,47,0,55,75,50,65
45,6,11,0,50,75,50,65
45,7,41,1,55,65,50,65
45,8,27,0,65,55,50,65
45,9,28,1,75,55,50,65
45,10,38,1,80,55,50,65
45,11,40,1,80,45,60,65
45,12,25,1,80,55,60,65
45,13,44,1,85,55,60,65
45,14,20,0,75,55,75,65
45,15,14,1,75,65,75,65
45,16,26,1,85,65,70,65
45,17,15,1,85,70,70,65
45,18,37,0,70,90,70,65
45,19,17,0,50,110,70,65
45,20,39,0,40,125,70,65
45,21,40,1,40,115,80,65
45,22,24,1,45,115,80,65
45,23,57,0,45,115,80,90
45,24,10,0,35,125,80,90
45,25,13,0,35,125,80,110
45,26,29,0,15,125,85,110
45,27,17,0,-5,145,85,110
45,28,46,0,-15,145,85,125
45,29,45,1,-15,155,85,125
45,30,25,1,-15,165,85,125
45,31,16,1,-15,165,75,125
45,32,19,0,-15,165,75,125
45,33,21,1,-10,165,65,125
45,34,36,0,-10,160,65,140
45,35,15,1,-10,165,65,140
45,36,14,0,-10,165,65,150
45,37,1,1,-20,165,65,155
45,38,19,0,-20,165,65,155
45,39,17,1,-50,165,80,155
45,40,2,1,-45,165,70,155
45,41,10,0,-55,175,70,155
45,42,23,0,-65,175,70,165
45,43,1,1,-75,175,70,170
45,44,14,1,-75,185,70,170
45,45,24,1,-70,185,70,170
45,46,21,0,-80,185,90,170
45,47,40,1,-80,175,100,170
45,48,13,0,-80,175,100,190
45,49,32,0,-80,195,85,190
45,50,41,0,-90,210,85,190
45,51,18,0,-120,210,85,220
45,52,12,0,-125,220,85,220
45,53,7,0,-140,230,85,220
45,54,58,0,-140,220,85,220
45,55,17,0,-160,240,85,220
45,56,46,0,-170,240,85,235
45,57,13,1,-165,245,85,235
45,58,38,0,-175,255,85,235
45,59,24,0,-180,255,85,235
45,60,20,1,-180,265,70,235
45,61,28,1,-170,265,70,235
45,62,11,0,-175,265,70,235
45,63,18,0,-205,265,70,265
45,64,27,0,-195,255,70,265
45,65,30,1,-195,255,80,265
45,66,10,1,-180,255,70,265
45,67,2,0,-190,255,90,265
45,68,24,0,-195,255,90,265
45,69,19,0,-195,255,90,265
45,70,26,1,-185,255,85,265
45,71,27,1,-185,270,80,265
45,72,47,0,-185,270,80,280
45,73,14,1,-185,280,80,280
45,74,28,1,-175,280,80,280
45,75,2,0,-185,280,100,280
45,76,8,1,-200,280,100,290
45,77,47,1,-200,280,100,290
45,78,18,0,-230,280,100,320
45,79,29,1,-230,300,80,320
45,80,4,1,-220,300,80,320
45,81,40,0,-220,310,70,320
45,82,48,0,-220,310,70,350
45,83,18,0,-250,310,70,380
45,84,28,1,-240,310,70,380
45,85,9,1,-235,310,70,380
45,86,13,0,-235,310,70,400
45,87,42,1,-235,315,70,400
45,88,10,0,-245,325,70,400
45,89,14,1,-245,335,70,400
45,90,48,1,-245,335,70,400
45,91,16,1,-245,335,60,400
45,92,39,0,-255,350,60,400
45,93,1,1,-265,350,60,405
45,94,12,1,-260,350,60,405
45,95,11,1,-255,350,60,405
45,96,16,0,-270,360,60,405
45,97,29,0,-290,360,65,405
45,98,40,1,-290,350,75,405
45,99,47,0,-290,350,75,420
46,0,42,1,50,55,50,50
46,1,7,1,55,55,50,50
46,2,23,0,45,55,50,60
46,3,2,1,50,55,40,60
46,4,3,1,40,55,40,70
46,5,4,0,25,70,40,70
46,6,8,1,10,70,40,80
46,7,29,0,-10,70,45,80
46,8,17,1,-40,70,60,80
46,9,49,0,-40,65,60,95
46,10,25,0,-40,60,60,95
46,11,26,1,-30,60,55,95
46,12,27,1,-30,75,50,95
46,13,31,1,-30,75,60,95
46,14,19,0,-30,75,60,95
46,15,28,1,-20,75,60,95
46,16,46,1,-15,75,60,95
46,17,6,1,-25,75,60,105
46,18,44,0,-25,75,70,115
46,19,25,0,-25,70,70,115
46,20,13,1,-20,75,70,115
46,21,24,1,-15,75,70,115
46,22,37,1,-5,75,70,115
46,23,32,1,-5,65,85,115
46,24,47,0,-5,65,85,130
46,25,29,1,-5,85,65,130
46,26,27,1,-5,100,60,130
46,27,46,1,0,100,60,130
46,28,37,0,-15,120,60,130
46,29,15,1,-15,125,60,130
46,30,25,1,-15,135,60,130
46,31,7,0,-30,145,60,130
46,32,47,0,-30,145,60,145
46,33,16,0,-45,155,60,145
46,34,24,1,-40,155,60,145
46,35,21,1,-35,155,50,145
46,36,29,0,-55,155,55,145
46,37,6,1,-65,155,55,155
46,38,27,1,-65,170,50,155
46,39,25,1,-65,180,50,155
46,40,7,1,-60,180,50,155
46,41,41,0,-70,195,50,155
46,42,38,1,-65,195,50,155
46,43,23,1,-65,200,45,155
46,44,1,0,-55,200,35,155
46,45,14,0,-55,200,35,165
46,46,8,0,-55,205,25,165
46,47,11,1,-50,205,25,165
46,48,40,1,-50,195,35,165
46,49,44,1,-45,195,35,165
46,50,25,0,-45,190,35,165
46,51,38,0,-55,200,35,165
46,52,4,1,-45,200,35,165
46,53,16,0,-60,210,35,165
46,54,8,1,-75,210,35,175
46,55,25,0,-75,205,35,175
46,56,6,0,-65,205,30,175
46,57,10,0,-75,215,30,175
46,58,27,0,-65,205,30,175
46,59,4,1,-55,205,30,175
46,60,14,1,-55,215,30,175
46,61,16,1,-55,215,20,175
46,62,25,0,-55,210,20,175
46,63,1,0,-45,210,10,175
46,64,43,0,-25,210,0,175
46,65,24,1,-20,210,0,175
46,66,21,0,-30,210,20,175
46,67,46,0,-40,210,20,190
46,68,29,1,-40,230,0,190
46,69,7,1,-35,230,0,190
46,70,5,0,-45,230,5,190
46,71,37,1,-35,230,5,190
46,72,30,1,-35,230,15,190
46,73,1,1,-45,230,15,195
46,74,22,1,-45,235,5,195
46,75,20,1,-45,245,-10,195
46,76,37,0,-60,265,-10,195
46,77,18,1,-50,265,-10,195
46,78,43,1,-50,265,-5,190
46,79,27,0,-40,255,-5,190
46,80,9,1,-35,255,-5,190
46,81,10,1,-20,255,-15,190
46,82,16,0,-35,265,-15,190
46,83,43,0,-15,265,-25,190
46,84,30,1,-15,265,-15,190
46,85,25,0,-15,260,-15,190
46,86,44,0,-15,260,-5,200
46,87,48,1,-15,260,-5,200
46,88,40,0,-15,270,-15,200
46,89,16,0,-30,280,-15,200
46,90,50,1,-30,290,-15,200
46,91,19,1,-30,290,-15,200
46,92,33,0,0,290,-15,200
46,93,12,0,-5,300,-15,200
46,94,22,1,-5,305,-25,200
46,95,14,0,-5,305,-25,210
46,96,13,0,-5,305,-25,230
46,97,24,1,0,305,-25,230
46,98,36,0,0,300,-25,245
46,99,38,0,-10,310,-25,245
47,0,27,1,50,65,45,50
47,1,25,1,50,75,45,50
47,2,26,0,40,75,45,60
47,3,8,1,25,75,45,70
47,4,4,1,35,75,45,70
47,5,41,1,40,65,45,70
47,6,40,1,40,55,55,70
47,7,46,0,30,55,55,85
47,8,28,0,10,55,55,100
47,9,29,1,10,75,35,100
47,10,7,0,-5,85,35,100
47,11,31,0,-5,95,25,100
47,12,14,1,-5,105,25,100
47,13,1,0,5,105,15,100
47,14,36,0,5,100,15,115
47,15,6,0,15,100,10,115
47,16,45,0,15,100,10,130
47,17,2,1,20,100,0,130
47,18,19,0,20,100,0,130
47,19,32,1,20,90,15,130
47,20,57,0,20,90,15,155
47,21,40,1,20,80,25,155
47,22,22,0,10,80,35,155
47,23,45,0,10,80,35,170
47,24,17,0,-10,100,35,170
47,25,38,0,-20,110,35,170
47,26,44,0,-20,110,45,180
47,27,11,0,-25,110,45,180
47,28,9,1,-20,110,45,180
47,29,45,0,-20,110,45,195
47,30,13,0,-20,110,45,215
47,31,30,1,-20,110,55,215
47,32,26,1,-10,110,50,215
47,33,25,1,-10,120,50,215
47,34,16,1,-10,120,40,215
47,35,7,0,-25,130,40,215
47,36,24,1,-20,130,40,215
47,37,11,1,-15,130,40,215
47,38,10,1,0,130,30,215
47,39,44,0,0,130,40,225
47,40,48,0,0,130,40,255
47,41,3,1,-10,130,40,265
47,42,42,1,-10,135,40,265
47,43,26,1,0,135,35,265
47,44,12,1,5,135,35,265
47,45,2,0,-5,135,55,265
47,46,17,0,-25,155,55,265
47,47,24,0,-30,155,55,265
47,48,6,1,-40,155,55,275
47,49,28,1,-30,155,55,275
47,50,12,0,-35,165,55,275
47,51,9,1,-30,165,55,275
47,52,48,0,-30,165,55,305
47,53,4,1,-20,165,55,305
47,54,29,1,-20,185,35,305
47,55,1,1,-30,185,35,310
47,56,6,1,-40,185,35,320
47,57,2,1,-35,185,25,320
47,58,45,0,-35,185,25,335
47,59,37,0,-50,205,25,335
47,60,9,1,-45,205,25,335
47,61,11,1,-40,205,25,335
47,62,6,1,-50,205,25,345
47,63,5,0,-60,205,30,345
47,64,26,0,-70,205,30,355
47,65,13,1,-65,210,30,355
47,66,9,0,-75,210,30,360
47,67,45,1,-75,220,30,360
47,68,10,0,-85,230,30,360
47,69,40,1,-85,220,40,360
47,70,29,1,-85,240,20,360
47,71,22,1,-85,245,10,360
47,72,14,0,-85,245,10,370
47,73,45,1,-85,255,10,370
47,74,21,1,-80,255,0,370
47,75,6,0,-70,255,-5,370
47,76,42,1,-70,260,-5,370
47,77,33,1,-70,275,-5,370
47,78,36,1,-70,285,-5,370
47,79,5,0,-80,285,0,370
47,80,6,1,-90,285,0,380
47,81,39,1,-85,285,0,380
47,82,21,0,-95,285,20,380
47,83,15,1,-95,290,20,380
47,84,3,1,-105,290,20,390
47,85,8,1,-120,290,20,400
47,86,9,1,-115,290,20,400
47,87,39,1,-110,290,20,400
47,88,40,1,-110,280,30,400
47,89,46,0,-120,280,30,415
47,90,28,0,-140,280,30,430
47,91,9,0,-150,280,30,435
47,92,38,0,-160,290,30,435
47,93,18,1,-150,290,30,435
47,94,46,0,-160,290,30,450
47,95,1,0,-150,290,20,450
47,96,16,0,-165,300,20,450
47,97,7,0,-180,310,20,450
47,98,6,0,-170,310,15,450
47,99,48,0,-170,310,15,480
48,0,5,0,40,50,55,50
48,1,48,1,40,50,55,50
48,2,38,0,30,60,55,50
48,3,40,0,30,70,45,50
48,4,22,1,30,75,35,50
48,5,5,0,20,75,40,50
48,6,19,1,20,75,40,50
48,7,24,0,15,75,40,50
48,8,1,0,25,75,30,50
48,9,49,0,25,70,30,65
48,10,40,1,25,60,40,65
48,11,21,1,30,60,30,65
48,12,31,1,30,60,40,65
48,13,25,1,30,70,40,65
48,14,19,1,30,70,40,65
48,15,40,1,30,60,50,65
48,16,43,0,50,60,40,65
48,17,26,0,40,60,40,75
48,18,7,0,25,70,40,75
48,19,17,1,-5,70,55,75
48,20,15,0,10,65,55,75
48,21,8,0,10,70,45,75
48,22,42,1,10,75,45,75
48,23,3,0,25,75,40,75
48,24,30,0,25,75,30,100
48,25,21,0,15,75,50,100
48,26,8,0,15,80,40,100
48,27,10,0,5,90,40,100
48,28,22,1,5,95,30,100
48,29,30,0,5,95,20,125
48,30,40,1,5,85,30,125
48,31,37,1,15,85,30,125
48,32,44,1,20,85,30,125
48,33,26,1,30,85,25,125
48,34,14,0,30,85,25,135
48,35,47,0,30,85,25,150
48,36,6,0,40,85,20,150
48,37,44,0,40,85,30,160
48,38,27,1,40,100,25,160
48,39,13,0,40,100,25,180
48,40,41,1,45,90,25,180
48,41,18,1,55,90,25,180
48,42,39,1,60,90,25,180
48,43,42,0,45,90,25,195
48,44,3,1,35,90,25,205
48,45,2,0,25,90,45,205
48,46,4,1,35,90,45,205
48,47,16,1,35,90,35,205
48,48,9,0,25,90,35,210
48,49,7,0,10,100,35,210
48,50,40,1,10,90,45,210
48,51,2,0,0,90,65,210
48,52,22,1,0,95,55,210
48,53,44,0,0,95,65,220
48,54,4,1,10,95,65,220
48,55,24,1,15,95,65,220
48,56,11,1,20,95,65,220
48,57,10,1,35,95,55,220
48,58,21,1,40,95,45,220
48,59,15,1,40,100,45,220
48,60,27,0,50,90,45,220
48,61,37,1,60,90,45,220
48,62,43,1,60,90,50,215
48,63,36,1,60,100,50,215
48,64,25,1,60,110,50,215
48,65,30,1,60,110,60,215
48,66,28,1,70,110,60,215
48,67,19,0,70,110,60,215
48,68,42,1,70,115,60,215
48,69,43,0,90,115,50,215
48,70,30,1,90,115,60,215
48,71,5,1,95,115,50,215
48,72,29,0,75,115,55,215
48,73,19,0,75,115,55,215
48,74,50,1,75,125,55,215
48,75,9,0,65,125,55,220
48,76,5,1,70,125,45,220
48,77,10,0,60,135,45,220
48,78,29,0,40,135,50,220
48,79,24,1,45,135,50,220
48,80,27,1,45,150,45,220
48,81,25,0,45,145,45,220
48,82,2,0,35,145,65,220
48,83,13,1,40,150,65,220
48,84,40,1,40,140,75,220
48,85,14,0,40,140,75,230
48,86,10,0,30,150,75,230
48,87,41,1,35,140,75,230
48,88,18,1,45,140,75,230
48,89,45,0,45,140,75,245
48,90,57,1,45,150,75,245
48,91,24,0,40,150,75,245
48,92,3,0,55,150,70,245
48,93,47,0,55,150,70,260
48,94,14,1,55,160,70,260
48,95,18,0,25,160,70,290
48,96,7,1,30,160,70,290
48,97,44,0,30,160,80,300
48,98,12,0,25,170,80,300
48,99,5,0,15,170,85,300
49,0,17,1,20,50,65,50
49,1,46,0,10,50,65,65
49,2,41,0,0,65,65,65
49,3,27,0,10,55,65,65
49,4,15,1,10,60,65,65
49,5,29,1,10,80,45,65
49,6,1,0,20,80,35,65
49,7,19,1,20,80,35,65
49,8,27,1,20,95,30,65
49,9,5,0,10,95,35,65
49,10,38,0,0,105,35,65
49,11,45,0,0,105,35,80
49,12,14,0,0,105,35,90
49,13,25,0,0,100,35,90
49,14,49,1,0,105,35,90
49,15,10,1,15,105,25,90
49,16,7,1,20,105,25,90
49,17,8,1,5,105,25,100
49,18,15,1,5,110,25,100
49,19,42,0,-10,110,25,115
49,20,21,0,-20,110,45,115
49,21,26,0,-30,110,45,125
49,22,30,0,-30,110,35,150
49,23,23,1,-30,115,30,150
49,24,20,1,-30,125,15,150
49,25,29,1,-30,145,-5,150
49,26,16,1,-30,145,-15,150
49,27,18,0,-60,145,-15,180
49,28,37,1,-50,145,-15,180
49,29,22,0,-60,145,-5,180
49,30,25,1,-60,155,-5,180
49,31,47,1,-60,155,-5,180
49,32,3,1,-70,155,-5,190
49,33,7,0,-85,165,-5,190
49,34,42,0,-100,165,-5,205
49,35,31,0,-100,175,-15,205
49,36,16,0,-115,185,-15,205
49,37,48,0,-115,185,-15,235
49,38,7,0,-130,195,-15,235
49,39,10,1,-115,195,-25,235
49,40,36,0,-115,190,-25,250
49,41,13,0,-115,190,-25,270
49,42,24,0,-120,190,-25,270
49,43,45,1,-120,200,-25,270
49,44,40,0,-120,210,-35,270
49,45,43,1,-120,210,-30,265
49,46,19,1,-120,210,-30,265
49,47,57,0,-120,210,-30,290
49,48,36,0,-120,205,-30,305
49,49,18,0,-150,205,-30,335
49,50,8,1,-165,205,-30,345
49,51,15,1,-165,210,-30,345
49,52,46,0,-175,210,-30,360
49,53,4,1,-165,210,-30,360
49,54,20,0,-175,210,-15,360
49,55,18,1,-165,210,-15,360
49,56,26,0,-175,210,-15,370
49,57,9,0,-185,210,-15,375
49,58,1,1,-195,210,-15,380
49,59,44,0,-195,210,-5,390
49,60,10,1,-180,210,-15,390
49,61,27,1,-180,225,-20,390
49,62,23,0,-190,225,-20,400
49,63,3,1,-200,225,-20,410
49,64,29,0,-220,225,-15,410
49,65,58,1,-220,235,-15,410
49,66,59,0,-220,235,-25,430
49,67,23,1,-220,240,-30,430
49,68,60,0,-190,240,-30,430
49,69,26,1,-180,240,-35,430
49,70,5,0,-190,240,-30,430
49,71,38,1,-185,240,-30,430
49,72,29,0,-205,240,-25,430
49,73,43,0,-185,240,-35,430
49,74,30,1,-185,240,-25,430
49,75,1,1,-195,240,-25,435
49,76,13,1,-190,245,-25,435
49,77,14,0,-190,245,-25,445
49,78,32,0,-190,265,-40,445
49,79,30,0,-190,265,-50,470
49,80,25,0,-190,260,-50,470
49,81,26,1,-180,260,-55,470
49,82,19,0,-180,260,-55,470
49,83,24,0,-185,260,-55,470
49,84,39,0,-195,275,-55,470
49,85,1,0,-185,275,-65,470
49,86,37,0,-200,295,-65,470
49,87,45,1,-200,305,-65,470
49,88,16,0,-215,315,-65,470
49,89,40,0,-215,325,-75,470
49,90,30,0,-215,325,-85,495
49,91,36,1,-215,335,-85,495
49,92,38,0,-225,345,-85,495
49,93,26,1,-215,345,-90,495
49,94,22,0,-225,345,-80,495
49,95,10,1,-210,345,-90,495
49,96,40,0,-210,355,-100,495
49,97,1,0,-200,355,-110,495
49,98,45,1,-200,365,-110,495
49,99,39,1,-195,365,-110,495
50,0,4,0,35,65,50,50
50,1,28,1,45,65,50,50
50,2,27,1,45,80,45,50
50,3,24,1,50,80,45,50
50,4,14,0,50,80,45,60
50,5,43,0,70,80,35,60
50,6,47,1,70,80,35,60
50,7,45,1,70,90,35,60
50,8,44,1,75,90,35,60
50,9,28,0,55,90,35,75
50,10,17,0,35,110,35,75
50,11,21,1,40,110,25,75
50,12,1,0,50,110,15,75
50,13,22,1,50,115,5,75
50,14,43,0,70,115,-5,75
50,15,16,0,55,125,-5,75
50,16,48,1,55,125,-5,75
50,17,24,0,50,125,-5,75
50,18,1,1,40,125,-5,80
50,19,12,1,45,125,-5,80
50,20,20,0,35,125,10,80
50,21,42,0,20,125,10,95
50,22,25,1,20,135,10,95
50,23,10,1,35,135,0,95
50,24,57,1,35,145,0,95
50,25,43,1,35,145,5,90
50,26,40,0,35,155,-5,90
50,27,11,0,30,155,-5,90
50,28,58,0,30,145,-5,90
50,29,48,1,30,145,-5,90
50,30,15,0,45,140,-5,90
50,31,45,1,45,150,-5,90
50,32,18,0,15,150,-5,120
50,33,16,0,0,160,-5,120
50,34,28,0,-20,160,-5,135
50,35,11,1,-15,160,-5,135
50,36,44,0,-15,160,5,145
50,37,42,0,-30,160,5,160
50,38,43,0,-10,160,-5,160
50,39,24,0,-15,160,-5,160
50,40,30,0,-15,160,-15,185
50,41,6,0,-5,160,-20,185
50,42,27,0,5,150,-20,185
50,43,5,0,-5,150,-15,185
50,44,59,1,-5,165,-15,185
50,45,40,0,-5,175,-25,185
50,46,23,0,-15,175,-25,195
50,47,4,0,-30,190,-25,195
50,48,25,1,-30,200,-25,195
50,49,14,0,-30,200,-25,205
50,50,10,1,-15,200,-35,205
50,51,48,1,-15,200,-35,205
50,52,41,1,-10,190,-35,205
50,53,30,1,-10,190,-25,205
50,54,14,0,-10,190,-25,215
50,55,8,1,-25,190,-25,225
50,56,11,0,-30,190,-25,225
50,57,25,1,-30,200,-25,225
50,58,28,0,-50,200,-25,240
50,59,20,1,-50,210,-40,240
50,60,4,0,-65,225,-40,240
50,61,18,0,-95,225,-40,270
50,62,23,1,-95,230,-45,270
50,63,44,0,-95,230,-35,280
50,64,5,0,-105,230,-30,280
50,65,3,0,-90,230,-35,280
50,66,1,1,-100,230,-35,285
50,67,26,1,-90,230,-40,285
50,68,43,0,-70,230,-50,285
50,69,44,0,-70,230,-40,295
50,70,42,1,-70,235,-40,295
50,71,10,1,-55,235,-50,295
50,72,47,1,-55,235,-50,295
50,73,5,1,-50,235,-60,295
50,74,60,0,-20,235,-60,295
50,75,36,0,-20,230,-60,310
50,76,42,1,-20,235,-60,310
50,77,40,0,-20,245,-70,310
50,78,10,0,-30,255,-70,310
50,79,29,0,-50,255,-65,310
50,80,7,1,-45,255,-65,310
50,81,9,1,-40,255,-65,310
50,82,38,0,-50,265,-65,310
50,83,10,0,-60,275,-65,310
50,84,1,0,-50,275,-75,310
50,85,4,0,-65,290,-75,310
50,86,45,0,-65,290,-75,325
50,87,31,0,-65,300,-85,325
50,88,26,1,-55,300,-90,325
50,89,12,0,-60,310,-90,325
50,90,40,1,-60,300,-80,325
50,91,47,1,-60,300,-80,325
50,92,8,0,-60,305,-90,325
50,93,2,0,-70,305,-70,325
50,94,10,1,-55,305,-80,325
50,95,11,1,-50,305,-80,325
50,96,12,1,-45,305,-80,325
50,97,27,1,-45,320,-85,325
50,98,61,0,-45,320,-65,325
50,99,43,0,-25,320,-75,325
51,0,40,1,50,40,60,50
51,1,13,0,50,40,60,70
51,2,48,1,50,40,60,70
51,3,23,1,50,45,55,70
51,4,20,1,50,55,40,70
51,5,14,0,50,55,40,80
51,6,10,0,40,65,40,80
51,7,17,0,20,85,40,80
51,8,46,0,10,85,40,95
51,9,25,1,10,95,40,95
51,10,39,0,0,110,40,95
51,11,2,1,5,110,30,95
51,12,44,1,10,110,30,95
51,13,18,0,-20,110,30,125
51,14,31,1,-20,110,40,125
51,15,32,1,-20,100,55,125
51,16,2,0,-30,100,75,125
51,17,6,0,-20,100,70,125
51,18,17,1,-50,100,85,125
51,19,42,1,-50,105,85,125
51,20,12,1,-45,105,85,125
51,21,22,0,-55,105,95,125
51,22,46,0,-65,105,95,140
51,23,28,1,-55,105,95,140
51,24,37,0,-70,125,95,140
51,25,39,1,-65,125,95,140
51,26,38,1,-60,125,95,140
51,27,9,1,-55,125,95,140
51,28,12,1,-50,125,95,140
51,29,17,1,-80,125,110,140
51,30,2,1,-75,125,100,140
51,31,39,0,-85,140,100,140
51,32,45,1,-85,150,100,140
51,33,49,0,-85,145,100,155
51,34,4,1,-75,145,100,155
51,35,1,1,-85,145,100,160
51,36,14,0,-85,145,100,170
51,37,15,0,-70,140,100,170
51,38,41,1,-65,130,100,170
51,39,25,1,-65,140,100,170
51,40,16,0,-80,150,100,170
51,41,7,1,-75,150,100,170
51,42,13,0,-75,150,100,190
51,43,2,0,-85,150,120,190
51,44,19,1,-85,150,120,190
51,45,17,0,-105,170,120,190
51,46,12,0,-110,180,120,190
51,47,42,0,-125,180,120,205
51,48,46,0,-135,180,120,220
51,49,25,1,-135,190,120,220
51,50,2,0,-145,190,140,220
51,51,6,0,-135,190,135,220
51,52,18,0,-165,190,135,250
51,53,28,0,-185,190,135,265
51,54,3,0,-170,190,130,265
51,55,24,1,-165,190,130,265
51,56,20,1,-165,200,115,265
51,57,27,0,-155,190,115,265
51,58,13,1,-150,195,115,265
51,59,37,1,-140,195,115,265
51,60,38,1,-135,195,115,265
51,61,14,0,-135,195,115,275
51,62,20,1,-135,205,100,275
51,63,28,0,-155,205,100,290
51,64,37,0,-170,225,100,290
51,65,27,0,-160,215,100,290
51,66,9,0,-170,215,100,295
51,67,47,0,-170,215,100,310
51,68,1,1,-180,215,100,315
51,69,3,1,-190,215,100,325
51,70,37,0,-205,235,100,325
51,71,2,1,-200,235,90,325
51,72,42,0,-215,235,90,340
51,73,4,0,-230,250,90,340
51,74,18,0,-260,250,90,370
51,75,43,0,-240,250,80,370
51,76,2,0,-250,250,100,370
51,77,33,1,-250,265,100,370
51,78,48,1,-250,265,100,370
51,79,20,1,-250,275,85,370
51,80,30,1,-250,275,95,370
51,81,13,0,-250,275,95,390
51,82,7,1,-245,275,95,390
51,83,16,1,-245,275,85,390
51,84,43,0,-225,275,75,390
51,85,40,1,-225,265,85,390
51,86,8,1,-240,265,85,400
51,87,45,0,-240,265,85,415
51,88,25,0,-240,260,85,415
51,89,47,0,-240,260,85,430
51,90,36,0,-240,255,85,445
51,91,20,1,-240,265,70,445
51,92,27,0,-230,255,70,445
51,93,41,0,-240,270,70,445
51,94,22,0,-250,270,80,445
51,95,18,0,-280,270,80,475
51,96,13,0,-280,270,80,495
51,97,26,0,-290,270,80,505
51,98,9,0,-300,270,80,510
51,99,34,0,-300,255,105,510
52,0,13,0,50,50,50,70
52,1,29,0,30,50,55,70
52,2,8,1,15,50,55,80
52,3,6,0,25,50,50,80
52,4,38,1,30,50,50,80
52,5,16,0,15,60,50,80
52,6,42,1,15,65,50,80
52,7,1,1,5,65,50,85
52,8,26,0,-5,65,50,95
52,9,3,1,-15,65,50,105
52,10,46,1,-10,65,50,105
52,11,37,0,-25,85,50,105
52,12,39,1,-20,85,50,105
52,13,36,0,-20,80,50,120
52,14,4,1,-10,80,50,120
52,15,43,1,-10,80,55,115
52,16,22,1,-10,85,45,115
52,17,48,1,-10,85,45,115
52,18,1,0,0,85,35,115
52,19,15,1,0,90,35,115
52,20,11,1,5,90,35,115
52,21,38,0,-5,100,35,115
52,22,25,1,-5,110,35,115
52,23,57,1,-5,120,35,115
52,24,26,0,-15,120,35,125
52,25,29,0,-35,120,40,125
52,26,45,0,-35,120,40,140
52,27,8,1,-50,120,40,150
52,28,28,1,-40,120,40,150
52,29,15,1,-40,125,40,150
52,30,31,0,-40,135,30,150
52,31,1,0,-30,135,20,150
52,32,2,1,-25,135,10,150
52,33,48,0,-25,135,10,180
52,34,10,1,-10,135,0,180
52,35,26,0,-20,135,0,190
52,36,8,1,-35,135,0,200
52,37,21,0,-45,135,20,200
52,38,44,1,-40,135,20,200
52,39,10,0,-50,145,20,200
52,40,48,0,-50,145,20,230
52,41,46,1,-45,145,20,230
52,42,43,0,-25,145,10,230
52,43,20,0,-35,145,25,230
52,44,6,1,-45,145,25,240
52,45,13,1,-40,150,25,240
52,46,1,0,-30,150,15,240
52,47,47,0,-30,150,15,255
52,48,36,0,-30,145,15,270
52,49,5,0,-40,145,20,270
52,50,4,0,-55,160,20,270
52,51,40,0,-55,170,10,270
52,52,16,1,-55,170,0,270
52,53,25,1,-55,180,0,270
52,54,13,1,-50,185,0,270
52,55,36,0,-50,180,0,285
52,56,40,0,-50,190,-10,285
52,57,32,1,-50,180,5,285
52,58,22,1,-50,185,-5,285
52,59,5,1,-45,185,-15,285
52,60,39,1,-40,185,-15,285
52,61,2,1,-35,185,-25,285
52,62,19,1,-35,185,-25,285
52,63,46,1,-30,185,-25,285
52,64,33,0,0,185,-25,285
52,65,10,0,-10,195,-25,285
52,66,48,0,-10,195,-25,315
52,67,1,0,0,195,-35,315
52,68,25,0,0,190,-35,315
52,69,46,1,5,190,-35,315
52,70,16,0,-10,200,-35,315
52,71,37,1,0,200,-35,315
52,72,9,0,-10,200,-35,320
52,73,17,1,-40,200,-20,320
52,74,4,0,-55,215,-20,320
52,75,44,0,-55,215,-10,330
52,76,10,1,-40,215,-20,330
52,77,25,1,-40,225,-20,330
52,78,23,0,-50,225,-20,340
52,79,26,1,-40,225,-25,340
52,80,22,0,-50,225,-15,340
52,81,14,0,-50,225,-15,350
52,82,7,1,-45,225,-15,350
52,83,29,1,-45,245,-35,350
52,84,8,1,-60,245,-35,360
52,85,44,1,-55,245,-35,360
52,86,6,0,-45,245,-40,360
52,87,26,0,-55,245,-40,370
52,88,9,0,-65,245,-40,375
52,89,7,1,-60,245,-40,375
52,90,58,0,-60,235,-40,375
52,91,17,1,-90,235,-25,375
52,92,22,1,-90,240,-35,375
52,93,20,0,-100,240,-20,375
52,94,6,0,-90,240,-25,375
52,95,47,1,-90,240,-25,375
52,96,43,0,-70,240,-35,375
52,97,4,1,-60,240,-35,375
52,98,59,1,-60,255,-35,375
52,99,2,1,-55,255,-45,375
53,0,24,1,55,50,50,50
53,1,2,1,60,50,40,50
53,2,13,0,60,50,40,70
53,3,30,0,60,50,30,95
53,4,25,0,60,45,30,95
53,5,39,1,65,45,30,95
53,6,23,1,65,50,25,95
53,7,21,1,70,50,15,95
53,8,1,1,60,50,15,100
53,9,26,0,50,50,15,110
53,10,25,0,50,45,15,110
53,11,28,0,30,45,15,125
53,12,7,0,15,55,15,125
53,13,41,0,5,70,15,125
53,14,16,1,5,70,5,125
53,15,39,1,10,70,5,125
53,16,28,1,20,70,5,125
53,17,11,0,15,70,5,125
53,18,3,1,5,70,5,135
53,19,15,1,5,75,5,135
53,20,18,0,-25,75,5,165
53,21,36,1,-25,85,5,165
53,22,57,1,-25,95,5,165
53,23,48,0,-25,95,5,195
53,24,1,0,-15,95,-5,195
53,25,39,0,-25,110,-5,195
53,26,10,0,-35,120,-5,195
53,27,11,1,-30,120,-5,195
53,28,45,1,-30,130,-5,195
53,29,20,0,-40,130,10,195
53,30,18,0,-70,130,10,225
53,31,16,1,-70,130,0,225
53,32,41,0,-80,145,0,225
53,33,46,1,-75,145,0,225
53,34,4,0,-90,160,0,225
53,35,11,1,-85,160,0,225
53,36,25,1,-85,170,0,225
53,37,58,1,-85,180,0,225
53,38,10,1,-70,180,-10,225
53,39,39,0,-80,195,-10,225
53,40,41,0,-90,210,-10,225
53,41,9,0,-100,210,-10,230
53,42,25,0,-100,205,-10,230
53,43,12,1,-95,205,-10,230
53,44,19,0,-95,205,-10,230
53,45,44,0,-95,205,0,240
53,46,42,1,-95,210,0,240
53,47,18,1,-85,210,0,240
53,48,3,0,-70,210,-5,240
53,49,16,0,-85,220,-5,240
53,50,25,1,-85,230,-5,240
53,51,13,1,-80,235,-5,240
53,52,14,1,-80,245,-5,240
53,53,41,1,-75,235,-5,240
53,54,38,1,-70,235,-5,240
53,55,36,0,-70,230,-5,255
53,56,15,0,-55,225,-5,255
53,57,12,1,-50,225,-5,255
53,58,3,1,-60,225,-5,265
53,59,7,0,-75,235,-5,265
53,60,8,1,-90,235,-5,275
53,61,41,0,-100,250,-5,275
53,62,44,1,-95,250,-5,275
53,63,39,1,-90,250,-5,275
53,64,11,1,-85,250,-5,275
53,65,47,0,-85,250,-5,290
53,66,38,1,-80,250,-5,290
53,67,18,0,-110,250,-5,320
53,68,44,0,-110,250,5,330
53,69,2,1,-105,250,-5,330
53,70,28,1,-95,250,-5,330
53,71,8,1,-110,250,-5,340
53,72,9,1,-105,250,-5,340
53,73,40,1,-105,240,5,340
53,74,5,0,-115,240,10,340
53,75,17,0,-135,260,10,340
53,76,31,0,-135,270,0,340
53,77,38,1,-130,270,0,340
53,78,10,1,-115,270,-10,340
53,79,6,1,-125,270,-10,350
53,80,43,1,-125,270,-5,345
53,81,25,0,-125,265,-5,345
53,82,36,1,-125,275,-5,345
53,83,18,0,-155,275,-5,375
53,84,19,0,-155,275,-5,375
53,85,1,1,-165,275,-5,380
53,86,40,1,-165,265,5,380
53,87,10,1,-150,265,-5,380
53,88,26,1,-140,265,-10,380
53,89,23,1,-140,270,-15,380
53,90,48,1,-140,270,-15,380
53,91,3,0,-125,270,-20,380
53,92,9,0,-135,270,-20,385
53,93,18,0,-165,270,-20,415
53,94,29,1,-165,290,-40,415
53,95,39,1,-160,290,-40,415
53,96,45,1,-160,300,-40,415
53,97,21,1,-155,300,-50,415
53,98,40,0,-155,310,-60,415
53,99,16,0,-170,320,-60,415
54,0,15,0,65,45,50,50
54,1,5,1,70,45,40,50
54,2,24,0,65,45,40,50
54,3,27,0,75,35,40,50
54,4,12,1,80,35,40,50
54,5,42,0,65,35,40,65
54,6,9,1,70,35,40,65
54,7,41,1,75,25,40,65
54,8,38,1,80,25,40,65
54,9,36,1,80,35,40,65
54,10,21,0,70,35,60,65
54,11,16,1,70,35,50,65
54,12,47,0,70,35,50,80
54,13,9,1,75,35,50,80
54,14,1,1,65,35,50,85
54,15,28,1,75,35,50,85
54,16,17,0,55,55,50,85
54,17,6,0,65,55,45,85
54,18,29,1,65,75,25,85
54,19,12,0,60,85,25,85
54,20,30,0,60,85,15,110
54,21,5,0,50,85,20,110
54,22,48,0,50,85,20,140
54,23,21,0,40,85,40,140
54,24,20,1,40,95,25,140
54,25,6,0,50,95,20,140
54,26,47,0,50,95,20,155
54,27,46,1,55,95,20,155
54,28,40,1,55,85,30,155
54,29,16,1,55,85,20,155
54,30,25,0,55,80,20,155
54,31,57,0,55,80,20,180
54,32,41,0,45,95,20,180
54,33,1,0,55,95,10,180
54,34,22,1,55,100,0,180
54,35,7,0,40,110,0,180
54,36,26,0,30,110,0,190
54,37,19,1,30,110,0,190
54,38,38,0,20,120,0,190
54,39,41,1,25,110,0,190
54,40,22,1,25,115,-10,190
54,41,23,1,25,120,-15,190
54,42,30,1,25,120,-5,190
54,43,38,1,30,120,-5,190
54,44,27,0,40,110,-5,190
54,45,16,1,40,110,-15,190
54,46,22,0,30,110,-5,190
54,47,12,1,35,110,-5,190
54,48,5,0,25,110,0,190
54,49,21,1,30,110,-10,190
54,50,48,0,30,110,-10,220
54,51,9,0,20,110,-10,225
54,52,47,0,20,110,-10,240
54,53,45,0,20,110,-10,255
54,54,20,0,10,110,5,255
54,55,19,1,10,110,5,255
54,56,1,0,20,110,-5,255
54,57,6,0,30,110,-10,255
54,58,31,0,30,120,-20,255
54,59,13,1,35,125,-20,255
54,60,28,0,15,125,-20,270
54,61,48,1,15,125,-20,270
54,62,23,1,15,130,-25,270
54,63,26,0,5,130,-25,280
54,64,8,1,-10,130,-25,290
54,65,11,1,-5,130,-25,290
54,66,32,0,-5,150,-40,290
54,67,25,0,-5,145,-40,290
54,68,1,1,-15,145,-40,295
54,69,9,0,-25,145,-40,300
54,70,30,1,-25,145,-30,300
54,71,26,0,-35,145,-30,310
54,72,6,1,-45,145,-30,320
54,73,28,1,-35,145,-30,320
54,74,22,1,-35,150,-40,320
54,75,13,0,-35,150,-40,340
54,76,18,1,-25,150,-40,340
54,77,38,0,-35,160,-40,340
54,78,47,1,-35,160,-40,340
54,79,26,1,-25,160,-45,340
54,80,17,0,-45,180,-45,340
54,81,36,1,-45,190,-45,340
54,82,46,0,-55,190,-45,355
54,83,13,1,-50,195,-45,355
54,84,22,0,-60,195,-35,355
54,85,58,0,-60,185,-35,355
54,86,14,1,-60,195,-35,355
54,87,19,1,-60,195,-35,355
54,88,1,0,-50,195,-45,355
54,89,46,0,-60,195,-45,370
54,90,17,1,-90,195,-30,370
54,91,10,1,-75,195,-40,370
54,92,12,1,-70,195,-40,370
54,93,11,1,-65,195,-40,370
54,94,36,0,-65,190,-40,385
54,95,25,1,-65,200,-40,385
54,96,3,0,-50,200,-45,385
54,97,59,0,-50,200,-55,405
54,98,16,1,-50,200,-65,405
54,99,8,0,-50,205,-75,405
55,0,44,0,50,50,60,60
55,1,26,0,40,50,60,70
55,2,13,0,40,50,60,90
55,3,48,1,40,50,60,90
55,4,24,0,35,50,60,90
55,5,44,1,40,50,60,90
55,6,39,1,45,50,60,90
55,7,17,1,15,50,75,90
55,8,3,0,30,50,70,90
55,9,31,0,30,60,60,90
55,10,32,0,30,80,45,90
55,11,22,0,20,80,55,90
55,12,8,1,5,80,55,100
55,13,19,1,5,80,55,100
55,14,38,1,10,80,55,100
55,15,48,0,10,80,55,130
55,16,46,0,0,80,55,145
55,17,1,1,-10,80,55,150
55,18,16,0,-25,90,55,150
55,19,57,0,-25,90,55,175
55,20,15,0,-10,85,55,175
55,21,58,0,-10,75,55,175
55,22,13,1,-5,80,55,175
55,23,3,0,10,80,50,175
55,24,30,0,10,80,40,200
55,25,45,1,10,90,40,200
55,26,42,0,-5,90,40,215
55,27,44,0,-5,90,50,225
55,28,27,1,-5,105,45,225
55,29,41,0,-15,120,45,225
55,30,39,1,-10,120,45,225
55,31,2,0,-20,120,65,225
55,32,20,0,-30,120,80,225
55,33,45,1,-30,130,80,225
55,34,29,1,-30,150,60,225
55,35,27,0,-20,140,60,225
55,36,30,1,-20,140,70,225
55,37,26,1,-10,140,65,225
55,38,14,1,-10,150,65,225
55,39,6,1,-20,150,65,235
55,40,41,1,-15,140,65,235
55,41,20,0,-25,140,80,235
55,42,42,1,-25,145,80,235
55,43,29,0,-45,145,85,235
55,44,16,1,-45,145,75,235
55,45,6,0,-35,145,70,235
55,46,12,0,-40,155,70,235
55,47,22,0,-50,155,80,235
55,48,23,0,-60,155,80,245
55,49,33,0,-30,155,80,245
55,50,18,1,-20,155,80,245
55,51,29,1,-20,175,60,245
55,52,25,0,-20,170,60,245
55,53,26,1,-10,170,55,245
55,54,4,0,-25,185,55,245
55,55,19,0,-25,185,55,245
55,56,12,1,-20,185,55,245
55,57,46,1,-15,185,55,245
55,58,47,1,-15,185,55,245
55,59,29,0,-35,185,60,245
55,60,34,0,-35,170,85,245
55,61,30,1,-35,170,95,245
55,62,41,1,-30,160,95,245
55,63,10,1,-15,160,85,245
55,64,12,0,-20,170,85,245
55,65,37,1,-10,170,85,245
55,66,24,1,-5,170,85,245
55,67,48,0,-5,170,85,275
55,68,29,0,-25,170,90,275
55,69,40,0,-25,180,80,275
55,70,36,1,-25,190,80,275
55,71,10,0,-35,200,80,275
55,72,6,1,-45,200,80,285
55,73,41,1,-40,190,80,285
55,74,25,0,-40,185,80,285
55,75,16,0,-55,195,80,285
55,76,40,0,-55,205,70,285
55,77,14,1,-55,215,70,285
55,78,19,1,-55,215,70,285
55,79,10,1,-40,215,60,285
55,80,29,0,-60,215,65,285
55,81,35,1,-60,205,75,285
55,82,20,0,-70,205,90,285
55,83,9,0,-80,205,90,290
55,84,49,1,-80,210,90,290
55,85,8,1,-95,210,90,300
55,86,10,1,-80,210,80,300
55,87,7,0,-95,220,80,300
55,88,3,1,-105,220,80,310
55,89,26,0,-115,220,80,320
55,90,27,1,-115,235,75,320
55,91,1,0,-105,235,65,320
55,92,11,0,-110,235,65,320
55,93,36,0,-110,230,65,335
55,94,45,0,-110,230,65,350
55,95,20,0,-120,230,80,350
55,96,5,1,-115,230,70,350
55,97,44,0,-115,230,80,360
55,98,36,0,-115,225,80,375
55,99,1,1,-125,225,80,380
56,0,42,1,50,55,50,50
56,1,13,0,50,55,50,70
56,2,12,0,45,65,50,70
56,3,44,1,50,65,50,70
56,4,6,1,40,65,50,80
56,5,8,0,40,70,40,80
56,6,24,1,45,70,40,80
56,7,21,0,35,70,60,80
56,8,7,1,40,70,60,80
56,9,27,1,40,85,55,80
56,10,20,1,40,95,40,80
56,11,48,1,40,95,40,80
56,12,11,0,35,95,40,80
56,13,9,1,40,95,40,80
56,14,1,1,30,95,40,85
56,15,8,0,30,100,30,85
56,16,42,0,15,100,30,100
56,17,21,1,20,100,20,100
56,18,22,1,20,105,10,100
56,19,38,0,10,115,10,100
56,20,10,0,0,125,10,100
56,21,15,1,0,130,10,100
56,22,18,1,10,130,10,100
56,23,21,1,15,130,0,100
56,24,27,0,25,120,0,100
56,25,24,1,30,120,0,100
56,26,22,1,30,125,-10,100
56,27,7,0,15,135,-10,100
56,28,16,0,0,145,-10,100
56,29,38,1,5,145,-10,100
56,30,42,0,-10,145,-10,115
56,31,1,1,-20,145,-10,120
56,32,25,0,-20,140,-10,120
56,33,30,1,-20,140,0,120
56,34,48,1,-20,140,0,120
56,35,19,1,-20,140,0,120
56,36,3,1,-30,140,0,130
56,37,43,1,-30,140,5,125
56,38,25,0,-30,135,5,125
56,39,5,0,-40,135,10,125
56,40,30,1,-40,135,20,125
56,41,13,1,-35,140,20,125
56,42,38,1,-30,140,20,125
56,43,6,0,-20,140,15,125
56,44,25,1,-20,150,15,125
56,45,20,1,-20,160,0,125
56,46,29,0,-40,160,5,125
56,47,22,0,-50,160,15,125
56,48,39,0,-60,175,15,125
56,49,2,0,-70,175,35,125
56,50,8,0,-70,180,25,125
56,51,17,0,-90,200,25,125
56,52,36,0,-90,195,25,140
56,53,29,1,-90,215,5,140
56,54,46,1,-85,215,5,140
56,55,43,1,-85,215,10,135
56,56,38,1,-80,215,10,135
56,57,1,1,-90,215,10,140
56,58,45,0,-90,215,10,155
56,59,14,0,-90,215,10,165
56,60,22,1,-90,220,0,165
56,61,12,1,-85,220,0,165
56,62,5,0,-95,220,5,165
56,63,13,1,-90,225,5,165
56,64,28,0,-110,225,5,180
56,65,11,1,-105,225,5,180
56,66,17,0,-125,245,5,180
56,67,2,0,-135,245,25,180
56,68,23,0,-145,245,25,190
56,69,6,1,-155,245,25,200
56,70,20,0,-165,245,40,200
56,71,57,0,-165,245,40,225
56,72,44,1,-160,245,40,225
56,73,21,1,-155,245,30,225
56,74,2,0,-165,245,50,225
56,75,23,1,-165,250,45,225
56,76,3,0,-150,250,40,225
56,77,28,0,-170,250,40,240
56,78,15,0,-155,245,40,240
56,79,13,1,-150,250,40,240
56,80,20,1,-150,260,25,240
56,81,14,1,-150,270,25,240
56,82,12,1,-145,270,25,240
56,83,5,0,-155,270,30,240
56,84,44,1,-150,270,30,240
56,85,13,1,-145,275,30,240
56,86,8,0,-145,280,20,240
56,87,15,1,-145,285,20,240
56,88,16,1,-145,285,10,240
56,89,6,0,-135,285,5,240
56,90,37,0,-150,305,5,240
56,91,28,1,-140,305,5,240
56,92,39,0,-150,320,5,240
56,93,27,0,-140,310,5,240
56,94,25,1,-140,320,5,240
56,95,23,1,-140,325,0,240
56,96,38,1,-135,325,0,240
56,97,7,0,-150,335,0,240
56,98,44,1,-145,335,0,240
56,99,26,0,-155,335,0,250
57,0,9,1,55,50,50,50
57,1,40,1,55,40,60,50
57,2,57,1,55,50,60,50
57,3,25,1,55,60,60,50
57,4,27,1,55,75,55,50
57,5,49,0,55,70,55,65
57,6,36,1,55,80,55,65
57,7,30,0,55,80,45,90
57,8,14,1,55,90,45,90
57,9,10,0,45,100,45,90
57,10,20,0,35,100,60,90
57,11,50,1,35,110,60,90
57,12,30,0,35,110,50,115
57,13,8,0,35,115,40,115
57,14,58,1,35,125,40,115
57,15,48,0,35,125,40,145
57,16,38,0,25,135,40,145
57,17,11,1,30,135,40,145
57,18,44,1,35,135,40,145
57,19,29,0,15,135,45,145
57,20,14,0,15,135,45,155
57,21,24,0,10,135,45,155
57,22,45,1,10,145,45,155
57,23,25,0,10,140,45,155
57,24,4,0,-5,155,45,155
57,25,13,1,0,160,45,155
57,26,51,0,0,145,45,175
57,27,45,1,0,155,45,175
57,28,7,1,5,155,45,175
57,29,15,1,5,160,45,175
57,30,30,0,5,160,35,200
57,31,3,1,-5,160,35,210
57,32,25,0,-5,155,35,210
57,33,36,0,-5,150,35,225
57,34,13,0,-5,150,35,245
57,35,43,0,15,150,25,245
57,36,19,0,15,150,25,245
57,37,45,0,15,150,25,260
57,38,9,1,20,150,25,260
57,39,15,1,20,155,25,260
57,40,13,1,25,160,25,260
57,41,44,1,30,160,25,260
57,42,7,0,15,170,25,260
57,43,18,0,-15,170,25,290
57,44,27,0,-5,160,25,290
57,45,17,0,-25,180,25,290
57,46,52,0,-5,170,25,290
57,47,26,1,5,170,20,290
57,48,20,0,-5,170,35,290
57,49,44,1,0,170,35,290
57,50,22,1,0,175,25,290
57,51,15,0,15,170,25,290
57,52,41,1,20,160,25,290
57,53,30,0,20,160,15,315
57,54,8,0,20,165,5,315
57,55,7,0,5,175,5,315
57,56,42,1,5,180,5,315
57,57,37,1,15,180,5,315
57,58,38,0,5,190,5,315
57,59,21,0,-5,190,25,315
57,60,11,0,-10,190,25,315
57,61,12,1,-5,190,25,315
57,62,6,0,5,190,20,315
57,63,30,0,5,190,10,340
57,64,8,0,5,195,0,340
57,65,22,0,-5,195,10,340
57,66,53,1,-5,195,-5,340
57,67,21,1,0,195,-15,340
57,68,42,1,0,200,-15,340
57,69,18,1,10,200,-15,340
57,70,2,1,15,200,-25,340
57,71,44,1,20,200,-25,340
57,72,10,0,10,210,-25,340
57,73,30,1,10,210,-15,340
57,74,39,0,0,225,-15,340
57,75,45,0,0,225,-15,355
57,76,43,0,20,225,-25,355
57,77,54,1,20,235,-25,345
57,78,23,0,10,235,-25,355
57,79,20,0,0,235,-10,355
57,80,46,1,5,235,-10,355
57,81,11,1,10,235,-10,355
57,82,10,0,0,245,-10,355
57,83,44,0,0,245,0,365
57,84,25,1,0,255,0,365
57,85,2,1,5,255,-10,365
57,86,45,0,5,255,-10,380
57,87,12,1,10,255,-10,380
57,88,16,1,10,255,-20,380
57,89,25,0,10,250,-20,380
57,90,46,1,15,250,-20,380
57,91,44,1,20,250,-20,380
57,92,36,0,20,245,-20,395
57,93,7,1,25,245,-20,395
57,94,26,0,15,245,-20,405
57,95,1,0,25,245,-30,405
57,96,11,0,20,245,-30,405
57,97,13,1,25,250,-30,405
57,98,48,0,25,250,-30,435
57,99,30,0,25,250,-40,460
58,0,36,1,50,60,50,50
58,1,10,0,40,70,50,50
58,2,28,1,50,70,50,50
58,3,9,1,55,70,50,50
58,4,42,0,40,70,50,65
58,5,21,1,45,70,40,65
58,6,30,0,45,70,30,90
58,7,43,0,65,70,20,90
58,8,11,0,60,70,20,90
58,9,1,1,50,70,20,95
58,10,36,0,50,65,20,110
58,11,21,1,55,65,10,110
58,12,48,0,55,65,10,140
58,13,16,0,40,75,10,140
58,14,43,1,40,75,15,135
58,15,11,1,45,75,15,135
58,16,25,1,45,85,15,135
58,17,57,0,45,85,15,160
58,18,17,1,15,85,30,160
58,19,39,1,20,85,30,160
58,20,22,1,20,90,20,160
58,21,27,1,20,105,15,160
58,22,28,0,0,105,15,175
58,23,5,1,5,105,5,175
58,24,24,1,10,105,5,175
58,25,29,0,-10,105,10,175
58,26,21,1,-5,105,0,175
58,27,42,1,-5,110,0,175
58,28,16,0,-20,120,0,175
58,29,47,0,-20,120,0,190
58,30,25,0,-20,115,0,190
58,31,23,0,-30,115,0,200
58,32,18,1,-20,115,0,200
58,33,26,1,-10,115,-5,200
58,34,42,0,-25,115,-5,215
58,35,38,0,-35,125,-5,215
58,36,16,0,-50,135,-5,215
58,37,11,0,-55,135,-5,215
58,38,1,0,-45,135,-15,215
58,39,40,0,-45,145,-25,215
58,40,24,0,-50,145,-25,215
58,41,21,1,-45,145,-35,215
58,42,12,1,-40,145,-35,215
58,43,27,0,-30,135,-35,215
58,44,48,0,-30,135,-35,245
58,45,10,1,-15,135,-45,245
58,46,13,1,-10,140,-45,245
58,47,38,0,-20,150,-45,245
58,48,17,1,-50,150,-30,245
58,49,48,0,-50,150,-30,275
58,50,9,0,-60,150,-30,280
58,51,6,1,-70,150,-30,290
58,52,19,1,-70,150,-30,290
58,53,37,1,-60,150,-30,290
58,54,4,1,-50,150,-30,290
58,55,3,0,-35,150,-35,290
58,56,12,1,-30,150,-35,290
58,57,45,1,-30,160,-35,290
58,58,8,1,-45,160,-35,300
58,59,30,1,-45,160,-25,300
58,60,24,0,-50,160,-25,300
58,61,44,1,-45,160,-25,300
58,62,16,0,-60,170,-25,300
58,63,41,0,-70,185,-25,300
58,64,14,1,-70,195,-25,300
58,65,31,1,-70,195,-15,300
58,66,43,0,-50,195,-25,300
58,67,47,0,-50,195,-25,315
58,68,7,1,-45,195,-25,315
58,69,38,0,-55,205,-25,315
58,70,21,1,-50,205,-35,315
58,71,24,1,-45,205,-35,315
58,72,58,0,-45,195,-35,315
58,73,28,0,-65,195,-35,330
58,74,59,1,-65,210,-35,330
58,75,42,1,-65,215,-35,330
58,76,60,0,-35,215,-35,330
58,77,30,0,-35,215,-45,355
58,78,11,0,-40,215,-45,355
58,79,10,0,-50,225,-45,355
58,80,5,1,-45,225,-55,355
58,81,16,0,-60,235,-55,355
58,82,7,1,-55,235,-55,355
58,83,37,0,-70,255,-55,355
58,84,48,0,-70,255,-55,385
58,85,20,1,-70,265,-70,385
58,86,46,0,-80,265,-70,400
58,87,19,1,-80,265,-70,400
58,88,4,0,-95,280,-70,400
58,89,26,1,-85,280,-75,400
58,90,45,1,-85,290,-75,400
58,91,5,0,-95,290,-70,400
58,92,1,0,-85,290,-80,400
58,93,3,0,-70,290,-85,400
58,94,20,0,-80,290,-70,400
58,95,25,0,-80,285,-70,400
58,96,18,0,-110,285,-70,430
58,97,2,1,-105,285,-80,430
58,98,9,1,-100,285,-80,430
58,99,45,1,-100,295,-80,430
59,0,29,0,30,50,55,50
59,1,13,1,35,55,55,50
59,2,46,1,40,55,55,50
59,3,4,0,25,70,55,50
59,4,31,1,25,70,65,50
59,5,14,0,25,70,65,60
59,6,29,1,25,90,45,60
59,7,2,1,30,90,35,60
59,8,30,1,30,90,45,60
59,9,13,1,35,95,45,60
59,10,26,0,25,95,45,70
59,11,15,1,25,100,45,70
59,12,42,1,25,105,45,70
59,13,21,0,15,105,65,70
59,14,57,1,15,115,65,70
59,15,27,0,25,105,65,70
59,16,3,1,15,105,65,80
59,17,22,1,15,110,55,80
59,18,4,0,0,125,55,80
59,19,28,1,10,125,55,80
59,20,12,1,15,125,55,80
59,21,18,0,-15,125,55,110
59,22,39,0,-25,140,55,110
59,23,26,1,-15,140,50,110
59,24,45,1,-15,150,50,110
59,25,48,1,-15,150,50,110
59,26,6,1,-25,150,50,120
59,27,14,1,-25,160,50,120
59,28,12,0,-30,170,50,120
59,29,47,1,-30,170,50,120
59,30,45,1,-30,180,50,120
59,31,46,0,-40,180,50,135
59,32,41,1,-35,170,50,135
59,33,22,1,-35,175,40,135
59,34,38,1,-30,175,40,135
59,35,45,1,-30,185,40,135
59,36,39,1,-25,185,40,135
59,37,36,0,-25,180,40,150
59,38,30,0,-25,180,30,175
59,39,12,0,-30,190,30,175
59,40,4,1,-20,190,30,175
59,41,26,0,-30,190,30,185
59,42,16,1,-30,190,20,185
59,43,29,1,-30,210,0,185
59,44,42,0,-45,210,0,200
59,45,46,0,-55,210,0,215
59,46,44,0,-55,210,10,225
59,47,24,1,-50,210,10,225
59,48,23,1,-50,215,5,225
59,49,19,0,-50,215,5,225
59,50,38,1,-45,215,5,225
59,51,22,0,-55,215,15,225
59,52,25,1,-55,225,15,225
59,53,42,0,-70,225,15,240
59,54,12,0,-75,235,15,240
59,55,37,1,-65,235,15,240
59,56,43,1,-65,235,20,235
59,57,58,1,-65,245,20,235
59,58,44,0,-65,245,30,245
59,59,6,1,-75,245,30,255
59,60,39,0,-85,260,30,255
59,61,59,0,-85,260,20,275
59,62,17,0,-105,280,20,275
59,63,13,1,-100,285,20,275
59,64,14,0,-100,285,20,285
59,65,46,1,-95,285,20,285
59,66,6,0,-85,285,15,285
59,67,11,0,-90,285,15,285
59,68,48,0,-90,285,15,315
59,69,13,1,-85,290,15,315
59,70,27,0,-75,280,15,315
59,71,38,1,-70,280,15,315
59,72,46,1,-65,280,15,315
59,73,9,1,-60,280,15,315
59,74,4,0,-75,295,15,315
59,75,15,0,-60,290,15,315
59,76,8,1,-75,290,15,325
59,77,10,0,-85,300,15,325
59,78,21,1,-80,300,5,325
59,79,36,0,-80,295,5,340
59,80,28,0,-100,295,5,355
59,81,47,0,-100,295,5,370
59,82,38,0,-110,305,5,370
59,83,19,1,-110,305,5,370
59,84,6,1,-120,305,5,380
59,85,24,1,-115,305,5,380
59,86,11,0,-120,305,5,380
59,87,42,1,-120,310,5,380
59,88,21,1,-115,310,-5,380
59,89,12,1,-110,310,-5,380
59,90,32,0,-110,330,-20,380
59,91,6,0,-100,330,-25,380
59,92,3,1,-110,330,-25,390
59,93,60,0,-80,330,-25,390
59,94,16,0,-95,340,-25,390
59,95,27,1,-95,355,-30,390
59,96,26,0,-105,355,-30,400
59,97,22,1,-105,360,-40,400
59,98,29,1,-105,380,-60,400
59,99,48,0,-105,380,-60,430
60,0,38,1,55,50,50,50
60,1,49,1,55,55,50,50
60,2,14,1,55,65,50,50
60,3,57,1,55,75,50,50
60,4,40,1,55,65,60,50
60,5,43,1,55,65,65,45
60,6,58,0,55,55,65,45
60,7,38,1,60,55,65,45
60,8,46,1,65,55,65,45
60,9,48,0,65,55,65,75
60,10,12,1,70,55,65,75
60,11,59,1,70,70,65,75
60,12,18,0,40,70,65,105
60,13,37,1,50,70,65,105
60,14,11,1,55,70,65,105
60,15,3,1,45,70,65,115
60,16,31,0,45,80,55,115
60,17,19,0,45,80,55,115
60,18,23,1,45,85,50,115
60,19,27,1,45,100,45,115
60,20,46,1,50,100,45,115
60,21,39,1,55,100,45,115
60,22,8,1,40,100,45,125
60,23,45,1,40,110,45,125
60,24,27,0,50,100,45,125
60,25,11,0,45,100,45,125
60,26,21,0,35,100,65,125
60,27,15,0,50,95,65,125
60,28,1,0,60,95,55,125
60,29,38,1,65,95,55,125
60,30,5,1,70,95,45,125
60,31,24,0,65,95,45,125
60,32,7,0,50,105,45,125
60,33,46,0,40,105,45,140
60,34,44,1,45,105,45,140
60,35,6,1,35,105,45,150
60,36,24,1,40,105,45,150
60,37,32,1,40,95,60,150
60,38,25,1,40,105,60,150
60,39,10,1,55,105,50,150
60,40,7,0,40,115,50,150
60,41,19,0,40,115,50,150
60,42,33,1,40,130,50,150
60,43,24,1,45,130,50,150
60,44,15,1,45,135,50,150
60,45,14,0,45,135,50,160
60,46,13,1,50,140,50,160
60,47,38,0,40,150,50,160
60,48,11,1,45,150,50,160
60,49,47,1,45,150,50,160
60,50,39,0,35,165,50,160
60,51,19,0,35,165,50,160
60,52,22,0,25,165,60,160
60,53,5,0,15,165,65,160
60,54,20,0,5,165,80,160
60,55,48,1,5,165,80,160
60,56,34,1,20,165,80,160
60,57,10,1,35,165,70,160
60,58,47,1,35,165,70,160
60,59,36,1,35,175,70,160
60,60,13,1,40,180,70,160
60,61,60,0,70,180,70,160
60,62,21,0,60,180,90,160
60,63,40,0,60,190,80,160
60,64,29,0,40,190,85,160
60,65,12,0,35,200,85,160
60,66,48,0,35,200,85,190
60,67,11,1,40,200,85,190
60,68,26,1,50,200,80,190
60,69,40,1,50,190,90,190
60,70,30,0,50,190,80,215
60,71,8,0,50,195,70,215
60,72,45,0,50,195,70,230
60,73,14,1,50,205,70,230
60,74,61,0,50,205,90,230
60,75,35,0,50,205,90,230
60,76,19,0,50,205,90,230
60,77,43,1,50,205,95,225
60,78,21,1,55,205,85,225
60,79,22,0,45,205,95,225
60,80,1,1,35,205,95,230
60,81,16,0,20,215,95,230
60,82,44,1,25,215,95,230
60,83,5,1,30,215,85,230
60,84,15,1,30,220,85,230
60,85,41,1,35,210,85,230
60,86,14,1,35,220,85,230
60,87,3,1,25,220,85,240
60,88,21,0,15,220,105,240
60,89,47,1,15,220,105,240
60,90,37,1,25,220,105,240
60,91,9,1,30,220,105,240
60,92,38,0,20,230,105,240
60,93,28,0,0,230,105,255
60,94,30,1,0,230,115,255
60,95,23,0,-10,230,115,265
60,96,62,1,-40,260,115,265
60,97,47,1,-40,260,115,265
60,98,40,0,-40,270,105,265
60,99,7,1,-35,270,105,265
61,0,18,0,20,50,50,80
61,1,31,0,20,60,40,80
61,2,12,0,15,70,40,80
61,3,13,1,20,75,40,80
61,4,48,0,20,75,40,110
61,5,27,0,30,65,40,110
61,6,24,1,35,65,40,110
61,7,12,1,40,65,40,110
61,8,29,0,20,65,45,110
61,9,15,1,20,70,45,110
61,10,18,0,-10,70,45,140
61,11,27,0,0,60,45,140
61,12,57,0,0,60,45,165
61,13,41,1,5,50,45,165
61,14,42,1,5,55,45,165
61,15,48,0,5,55,45,195
61,16,7,0,-10,65,45,195
61,17,21,0,-20,65,65,195
61,18,36,0,-20,60,65,210
61,19,43,1,-20,60,70,205
61,20,32,0,-20,80,55,205
61,21,48,0,-20,80,55,235
61,22,10,0,-30,90,55,235
61,23,45,0,-30,90,55,250
61,24,19,0,-30,90,55,250
61,25,6,0,-20,90,50,250
61,26,46,1,-15,90,50,250
61,27,37,1,-5,90,50,250
61,28,20,0,-15,90,65,250
61,29,25,0,-15,85,65,250
61,30,18,0,-45,85,65,280
61,31,44,0,-45,85,75,290
61,32,39,1,-40,85,75,290
61,33,13,0,-40,85,75,310
61,34,9,0,-50,85,75,315
61,35,10,0,-60,95,75,315
61,36,37,0,-75,115,75,315
61,37,19,1,-75,115,75,315
61,38,41,0,-85,130,75,315
61,39,38,1,-80,130,75,315
61,40,21,0,-90,130,95,315
61,41,24,0,-95,130,95,315
61,42,45,1,-95,140,95,315
61,43,33,0,-65,140,95,315
61,44,28,1,-55,140,95,315
61,45,34,0,-55,125,120,315
61,46,8,0,-55,130,110,315
61,47,12,1,-50,130,110,315
61,48,42,1,-50,135,110,315
61,49,10,0,-60,145,110,315
61,50,15,1,-60,150,110,315
61,51,40,0,-60,160,100,315
61,52,47,0,-60,160,100,330
61,53,46,0,-70,160,100,345
61,54,38,0,-80,170,100,345
61,55,22,0,-90,170,110,345
61,56,24,1,-85,170,110,345
61,57,47,1,-85,170,110,345
61,58,58,1,-85,180,110,345
61,59,39,1,-80,180,110,345
61,60,9,0,-90,180,110,350
61,61,12,1,-85,180,110,350
61,62,10,1,-70,180,100,350
61,63,7,1,-65,180,100,350
61,64,43,0,-45,180,90,350
61,65,46,1,-40,180,90,350
61,66,36,0,-40,175,90,365
61,67,37,1,-30,175,90,365
61,68,20,1,-30,185,75,365
61,69,10,1,-15,185,65,365
61,70,42,1,-15,190,65,365
61,71,2,0,-25,190,85,365
61,72,5,0,-35,190,90,365
61,73,30,0,-35,190,80,390
61,74,19,1,-35,190,80,390
61,75,6,0,-25,190,75,390
61,76,42,1,-25,195,75,390
61,77,45,0,-25,195,75,405
61,78,13,1,-20,200,75,405
61,79,8,1,-35,200,75,415
61,80,48,0,-35,200,75,445
61,81,3,1,-45,200,75,455
61,82,26,1,-35,200,70,455
61,83,38,0,-45,210,70,455
61,84,25,0,-45,205,70,455
61,85,9,1,-40,205,70,455
61,86,28,0,-60,205,70,470
61,87,41,1,-55,195,70,470
61,88,59,1,-55,210,70,470
61,89,38,0,-65,220,70,470
61,90,10,0,-75,230,70,470
61,91,12,0,-80,240,70,470
61,92,23,1,-80,245,65,470
61,93,48,0,-80,245,65,500
61,94,28,0,-100,245,65,515
61,95,40,0,-100,255,55,515
61,96,18,0,-130,255,55,545
61,97,37,1,-120,255,55,545
61,98,42,1,-120,260,55,545
61,99,11,1,-115,260,55,545
62,0,41,1,55,40,50,50
62,1,57,1,55,50,50,50
62,2,31,1,55,50,60,50
62,3,38,1,60,50,60,50
62,4,47,1,60,50,60,50
62,5,12,1,65,50,60,50
62,6,23,0,55,50,60,60
62,7,14,1,55,60,60,60
62,8,19,0,55,60,60,60
62,9,48,1,55,60,60,60
62,10,17,0,35,80,60,60
62,11,16,0,20,90,60,60
62,12,40,0,20,100,50,60
62,13,11,1,25,100,50,60
62,14,23,0,15,100,50,70
62,15,37,0,0,120,50,70
62,16,48,1,0,120,50,70
62,17,17,0,-20,140,50,70
62,18,30,0,-20,140,40,95
62,19,19,1,-20,140,40,95
62,20,28,1,-10,140,40,95
62,21,26,1,0,140,35,95
62,22,13,1,5,145,35,95
62,23,14,1,5,155,35,95
62,24,42,0,-10,155,35,110
62,25,29,1,-10,175,15,110
62,26,9,0,-20,175,15,115
62,27,38,0,-30,185,15,115
62,28,41,1,-25,175,15,115
62,29,7,0,-40,185,15,115
62,30,25,1,-40,195,15,115
62,31,21,0,-50,195,35,115
62,32,45,0,-50,195,35,130
62,33,28,0,-70,195,35,145
62,34,7,1,-65,195,35,145
62,35,41,0,-75,210,35,145
62,36,11,0,-80,210,35,145
62,37,47,1,-80,210,35,145
62,38,13,0,-80,210,35,165
62,39,44,1,-75,210,35,165
62,40,48,1,-75,210,35,165
62,41,36,1,-75,220,35,165
62,42,45,1,-75,230,35,165
62,43,14,0,-75,230,35,175
62,44,46,0,-85,230,35,190
62,45,11,0,-90,230,35,190
62,46,5,1,-85,230,25,190
62,47,6,1,-95,230,25,200
62,48,16,0,-110,240,25,200
62,49,12,0,-115,250,25,200
62,50,17,1,-145,250,40,200
62,51,15,1,-145,255,40,200
62,52,47,0,-145,255,40,215
62,53,25,0,-145,250,40,215
62,54,11,0,-150,250,40,215
62,55,37,1,-140,250,40,215
62,56,29,1,-140,270,20,215
62,57,20,1,-140,280,5,215
62,58,7,0,-155,290,5,215
62,59,18,1,-145,290,5,215
62,60,46,1,-140,290,5,215
62,61,11,0,-145,290,5,215
62,62,32,0,-145,310,-10,215
62,63,16,0,-160,320,-10,215
62,64,33,1,-160,335,-10,215
62,65,30,0,-160,335,-20,240
62,66,21,1,-155,335,-30,240
62,67,46,0,-165,335,-30,255
62,68,7,1,-160,335,-30,255
62,69,4,0,-175,350,-30,255
62,70,24,1,-170,350,-30,255
62,71,34,0,-170,335,-5,255
62,72,40,0,-170,345,-15,255
62,73,22,0,-180,345,-5,255
62,74,21,1,-175,345,-15,255
62,75,41,0,-185,360,-15,255
62,76,14,0,-185,360,-15,265
62,77,19,1,-185,360,-15,265
62,78,58,1,-185,370,-15,265
62,79,7,0,-200,380,-15,265
62,80,17,1,-230,380,0,265
62,81,24,1,-225,380,0,265
62,82,26,0,-235,380,0,275
62,83,45,0,-235,380,0,290
62,84,28,1,-225,380,0,290
62,85,10,0,-235,390,0,290
62,86,38,0,-245,400,0,290
62,87,21,1,-240,400,-10,290
62,88,45,1,-240,410,-10,290
62,89,6,0,-230,410,-15,290
62,90,4,1,-220,410,-15,290
62,91,30,0,-220,410,-25,315
62,92,13,0,-220,410,-25,335
62,93,5,0,-230,410,-20,335
62,94,35,0,-230,410,-20,335
62,95,29,0,-250,410,-15,335
62,96,11,1,-245,410,-15,335
62,97,38,0,-255,420,-15,335
62,98,43,0,-235,420,-25,335
62,99,39,0,-245,435,-25,335
63,0,45,1,50,60,50,50
63,1,28,1,60,60,50,50
63,2,4,1,70,60,50,50
63,3,10,1,85,60,40,50
63,4,36,1,85,70,40,50
63,5,38,0,75,80,40,50
63,6,3,1,65,80,40,60
63,7,45,1,65,90,40,60
63,8,57,1,65,100,40,60
63,9,5,0,55,100,45,60
63,10,25,0,55,95,45,60
63,11,31,0,55,105,35,60
63,12,40,1,55,95,45,60
63,13,39,0,45,110,45,60
63,14,16,1,45,110,35,60
63,15,19,1,45,110,35,60
63,16,1,1,35,110,35,65
63,17,6,0,45,110,30,65
63,18,3,1,35,110,30,75
63,19,40,1,35,100,40,75
63,20,23,0,25,100,40,85
63,21,30,1,25,100,50,85
63,22,42,1,25,105,50,85
63,23,29,1,25,125,30,85
63,24,38,0,15,135,30,85
63,25,28,1,25,135,30,85
63,26,47,1,25,135,30,85
63,27,15,0,40,130,30,85
63,28,43,1,40,130,35,80
63,29,38,1,45,130,35,80
63,30,48,0,45,130,35,110
63,31,58,0,45,120,35,110
63,32,25,0,45,115,35,110
63,33,39,1,50,115,35,110
63,34,7,1,55,115,35,110
63,35,22,1,55,120,25,110
63,36,12,0,50,130,25,110
63,37,32,0,50,150,10,110
63,38,4,1,60,150,10,110
63,39,11,1,65,150,10,110
63,40,42,1,65,155,10,110
63,41,17,1,35,155,25,110
63,42,7,0,20,165,25,110
63,43,29,0,0,165,30,110
63,44,8,1,-15,165,30,120
63,45,38,0,-25,175,30,120
63,46,1,1,-35,175,30,125
63,47,21,0,-45,175,50,125
63,48,10,1,-30,175,40,125
63,49,47,0,-30,175,40,140
63,50,15,1,-30,180,40,140
63,51,7,0,-45,190,40,140
63,52,22,1,-45,195,30,140
63,53,29,0,-65,195,35,140
63,54,13,0,-65,195,35,160
63,55,46,0,-75,195,35,175
63,56,43,1,-75,195,40,170
63,57,25,0,-75,190,40,170
63,58,48,0,-75,190,40,200
63,59,38,0,-85,200,40,200
63,60,6,1,-95,200,40,210
63,61,8,1,-110,200,40,220
63,62,41,0,-120,215,40,220
63,63,37,0,-135,235,40,220
63,64,33,0,-105,235,40,220
63,65,15,0,-90,230,40,220
63,66,43,1,-90,230,45,215
63,67,9,0,-100,230,45,220
63,68,37,1,-90,230,45,220
63,69,4,0,-105,245,45,220
63,70,13,1,-100,250,45,220
63,71,5,1,-95,250,35,220
63,72,29,1,-95,270,15,220
63,73,19,1,-95,270,15,220
63,74,1,1,-105,270,15,225
63,75,36,0,-105,265,15,240
63,76,7,1,-100,265,15,240
63,77,21,1,-95,265,5,240
63,78,4,0,-110,280,5,240
63,79,59,1,-110,295,5,240
63,80,36,1,-110,305,5,240
63,81,42,1,-110,310,5,240
63,82,39,0,-120,325,5,240
63,83,47,1,-120,325,5,240
63,84,41,1,-115,315,5,240
63,85,19,0,-115,315,5,240
63,86,2,0,-125,315,25,240
63,87,38,1,-120,315,25,240
63,88,60,0,-90,315,25,240
63,89,5,0,-100,315,30,240
63,90,45,0,-100,315,30,255
63,91,17,0,-120,335,30,255
63,92,4,0,-135,350,30,255
63,93,9,1,-130,350,30,255
63,94,61,1,-130,365,30,255
63,95,18,1,-120,365,30,255
63,96,23,1,-120,370,25,255
63,97,20,0,-130,370,40,255
63,98,39,0,-140,385,40,255
63,99,4,1,-130,385,40,255
64,0,48,1,50,50,50,50
64,1,5,0,40,50,55,50
64,2,12,1,45,50,55,50
64,3,42,1,45,55,55,50
64,4,2,1,50,55,45,50
64,5,38,1,55,55,45,50
64,6,29,0,35,55,50,50
64,7,41,0,25,70,50,50
64,8,3,1,15,70,50,60
64,9,37,1,25,70,50,60
64,10,36,1,25,80,50,60
64,11,48,1,25,80,50,60
64,12,17,1,-5,80,65,60
64,13,42,1,-5,85,65,60
64,14,41,0,-15,100,65,60
64,15,10,1,0,100,55,60
64,16,48,0,0,100,55,90
64,17,40,1,0,90,65,90
64,18,3,0,15,90,60,90
64,19,4,0,0,105,60,90
64,20,10,0,-10,115,60,90
64,21,29,0,-30,115,65,90
64,22,26,0,-40,115,65,100
64,23,21,0,-50,115,85,100
64,24,28,1,-40,115,85,100
64,25,48,1,-40,115,85,100
64,26,41,1,-35,105,85,100
64,27,44,0,-35,105,95,110
64,28,24,1,-30,105,95,110
64,29,7,0,-45,115,95,110
64,30,10,0,-55,125,95,110
64,31,20,0,-65,125,110,110
64,32,12,0,-70,135,110,110
64,33,36,1,-70,145,110,110
64,34,5,0,-80,145,115,110
64,35,16,1,-80,145,105,110
64,36,13,1,-75,150,105,110
64,37,57,1,-75,160,105,110
64,38,20,1,-75,170,90,110
64,39,4,1,-65,170,90,110
64,40,14,0,-65,170,90,120
64,41,39,0,-75,185,90,120
64,42,6,1,-85,185,90,130
64,43,42,1,-85,190,90,130
64,44,19,1,-85,190,90,130
64,45,2,1,-80,190,80,130
64,46,48,0,-80,190,80,160
64,47,9,1,-75,190,80,160
64,48,8,1,-90,190,80,170
64,49,41,0,-100,205,80,170
64,50,38,0,-110,215,80,170
64,51,24,1,-105,215,80,170
64,52,5,0,-115,215,85,170
64,53,31,0,-115,225,75,170
64,54,46,0,-125,225,75,185
64,55,16,0,-140,235,75,185
64,56,12,1,-135,235,75,185
64,57,44,1,-130,235,75,185
64,58,4,1,-120,235,75,185
64,59,5,1,-115,235,65,185
64,60,24,1,-110,235,65,185
64,61,47,1,-110,235,65,185
64,62,46,1,-105,235,65,185
64,63,29,0,-125,235,70,185
64,64,3,1,-135,235,70,195
64,65,38,0,-145,245,70,195
64,66,45,1,-145,255,70,195
64,67,10,1,-130,255,60,195
64,68,1,1,-140,255,60,200
64,69,15,1,-140,260,60,200
64,70,18,0,-170,260,60,230
64,71,47,0,-170,260,60,245
64,72,41,1,-165,250,60,245
64,73,26,1,-155,250,55,245
64,74,48,0,-155,250,55,275
64,75,3,1,-165,250,55,285
64,76,15,1,-165,255,55,285
64,77,8,1,-180,255,55,295
64,78,24,1,-175,255,55,295
64,79,45,0,-175,255,55,310
64,80,41,0,-185,270,55,310
64,81,22,0,-195,270,65,310
64,82,43,0,-175,270,55,310
64,83,29,0,-195,270,60,310
64,84,7,1,-190,270,60,310
64,85,12,0,-195,280,60,310
64,86,22,0,-205,280,70,310
64,87,10,1,-190,280,60,310
64,88,25,1,-190,290,60,310
64,89,36,1,-190,300,60,310
64,90,37,0,-205,320,60,310
64,91,12,0,-210,330,60,310
64,92,48,0,-210,330,60,340
64,93,46,0,-220,330,60,355
64,94,25,0,-220,325,60,355
64,95,17,0,-240,345,60,355
64,96,3,1,-250,345,60,365
64,97,11,1,-245,345,60,365
64,98,30,1,-245,345,70,365
64,99,24,1,-240,345,70,365
65,0,19,1,50,50,50,50
65,1,25,1,50,60,50,50
65,2,30,1,50,60,60,50
65,3,49,0,50,55,60,65
65,4,50,0,50,55,60,80
65,5,37,1,60,55,60,80
65,6,38,1,65,55,60,80
65,7,29,1,65,75,40,80
65,8,40,0,65,85,30,80
65,9,47,0,65,85,30,95
65,10,23,1,65,90,25,95
65,11,22,0,55,90,35,95
65,12,2,0,45,90,55,95
65,13,17,0,25,110,55,95
65,14,4,0,10,125,55,95
65,15,8,1,-5,125,55,105
65,16,13,1,0,130,55,105
65,17,47,0,0,130,55,120
65,18,39,0,-10,145,55,120
65,19,6,0,0,145,50,120
65,20,19,0,0,145,50,120
65,21,22,1,0,150,40,120
65,22,11,1,5,150,40,120
65,23,23,1,5,155,35,120
65,24,13,0,5,155,35,140
65,25,41,1,10,145,35,140
65,26,48,1,10,145,35,140
65,27,8,1,-5,145,35,150
65,28,5,0,-15,145,40,150
65,29,16,0,-30,155,40,150
65,30,39,1,-25,155,40,150
65,31,41,1,-20,145,40,150
65,32,25,0,-20,140,40,150
65,33,20,0,-30,140,55,150
65,34,17,1,-60,140,70,150
65,35,13,0,-60,140,70,170
65,36,5,0,-70,140,75,170
65,37,51,0,-70,125,75,190
65,38,57,0,-70,125,75,215
65,39,21,1,-65,125,65,215
65,40,17,0,-85,145,65,215
65,41,37,1,-75,145,65,215
65,42,11,1,-70,145,65,215
65,43,44,1,-65,145,65,215
65,44,13,1,-60,150,65,215
65,45,26,1,-50,150,60,215
65,46,15,1,-50,155,60,215
65,47,45,0,-50,155,60,230
65,48,19,0,-50,155,60,230
65,49,28,1,-40,155,60,230
65,50,2,1,-35,155,50,230
65,51,6,0,-25,155,45,230
65,52,9,1,-20,155,45,230
65,53,41,1,-15,145,45,230
65,54,36,0,-15,140,45,245
65,55,44,1,-10,140,45,245
65,56,2,1,-5,140,35,245
65,57,19,0,-5,140,35,245
65,58,47,0,-5,140,35,260
65,59,4,0,-20,155,35,260
65,60,8,1,-35,155,35,270
65,61,29,1,-35,175,15,270
65,62,12,1,-30,175,15,270
65,63,21,0,-40,175,35,270
65,64,36,1,-40,185,35,270
65,65,47,1,-40,185,35,270
65,66,39,0,-50,200,35,270
65,67,16,1,-50,200,25,270
65,68,22,1,-50,205,15,270
65,69,13,1,-45,210,15,270
65,70,31,1,-45,210,25,270
65,71,44,1,-40,210,25,270
65,72,19,0,-40,210,25,270
65,73,7,0,-55,220,25,270
65,74,4,1,-45,220,25,270
65,75,29,0,-65,220,30,270
65,76,21,0,-75,220,50,270
65,77,23,1,-75,225,45,270
65,78,36,0,-75,220,45,285
65,79,13,0,-75,220,45,305
65,80,26,1,-65,220,40,305
65,81,40,0,-65,230,30,305
65,82,42,0,-80,230,30,320
65,83,58,0,-80,220,30,320
65,84,32,0,-80,240,15,320
65,85,43,0,-60,240,5,320
65,86,38,1,-55,240,5,320
65,87,4,0,-70,255,5,320
65,88,52,1,-70,265,5,315
65,89,17,0,-90,285,5,315
65,90,29,0,-110,285,10,315
65,91,26,1,-100,285,5,315
65,92,7,0,-115,295,5,315
65,93,16,0,-130,305,5,315
65,94,48,0,-130,305,5,345
65,95,53,1,-130,305,-10,345
65,96,21,1,-125,305,-20,345
65,97,45,0,-125,305,-20,360
65,98,1,0,-115,305,-30,360
65,99,33,1,-115,320,-30,360
66,0,4,1,60,50,50,50
66,1,14,1,60,60,50,50
66,2,11,1,65,60,50,50
66,3,44,0,65,60,60,60
66,4,21,0,55,60,80,60
66,5,28,0,35,60,80,75
66,6,17,0,15,80,80,75
66,7,47,1,15,80,80,75
66,8,5,1,20,80,70,75
66,9,30,0,20,80,60,100
66,10,57,1,20,90,60,100
66,11,3,1,10,90,60,110
66,12,8,1,-5,90,60,120
66,13,36,0,-5,85,60,135
66,14,14,1,-5,95,60,135
66,15,15,1,-5,100,60,135
66,16,41,1,0,90,60,135
66,17,5,0,-10,90,65,135
66,18,45,0,-10,90,65,150
66,19,20,1,-10,100,50,150
66,20,8,1,-25,100,50,160
66,21,48,0,-25,100,50,190
66,22,49,1,-25,105,50,190
66,23,37,1,-15,105,50,190
66,24,9,1,-10,105,50,190
66,25,3,1,-20,105,50,200
66,26,23,1,-20,110,45,200
66,27,13,1,-15,115,45,200
66,28,48,0,-15,115,45,230
66,29,15,1,-15,120,45,230
66,30,12,1,-10,120,45,230
66,31,3,1,-20,120,45,240
66,32,31,0,-20,130,35,240
66,33,1,0,-10,130,25,240
66,34,21,0,-20,130,45,240
66,35,45,1,-20,140,45,240
66,36,42,1,-20,145,45,240
66,37,5,1,-15,145,35,240
66,38,8,0,-15,150,25,240
66,39,39,1,-10,150,25,240
66,40,9,1,-5,150,25,240
66,41,58,1,-5,160,25,240
66,42,5,1,0,160,15,240
66,43,18,0,-30,160,15,270
66,44,24,1,-25,160,15,270
66,45,13,0,-25,160,15,290
66,46,46,1,-20,160,15,290
66,47,28,0,-40,160,15,305
66,48,5,0,-50,160,20,305
66,49,18,1,-40,160,20,305
66,50,11,1,-35,160,20,305
66,51,17,1,-65,160,35,305
66,52,41,1,-60,150,35,305
66,53,43,0,-40,150,25,305
66,54,5,1,-35,150,15,305
66,55,30,0,-35,150,5,330
66,56,13,0,-35,150,5,350
66,57,3,1,-45,150,5,360
66,58,39,0,-55,165,5,360
66,59,20,1,-55,175,-10,360
66,60,46,1,-50,175,-10,360
66,61,12,0,-55,185,-10,360
66,62,41,0,-65,200,-10,360
66,63,9,1,-60,200,-10,360
66,64,30,0,-60,200,-20,385
66,65,36,1,-60,210,-20,385
66,66,19,1,-60,210,-20,385
66,67,26,1,-50,210,-25,385
66,68,38,1,-45,210,-25,385
66,69,59,0,-45,210,-35,405
66,70,47,0,-45,210,-35,420
66,71,6,1,-55,210,-35,430
66,72,32,0,-55,230,-50,430
66,73,29,1,-55,250,-70,430
66,74,1,1,-65,250,-70,435
66,75,39,1,-60,250,-70,435
66,76,43,1,-60,250,-65,430
66,77,10,1,-45,250,-75,430
66,78,2,1,-40,250,-85,430
66,79,20,0,-50,250,-70,430
66,80,4,0,-65,265,-70,430
66,81,13,1,-60,270,-70,430
66,82,48,1,-60,270,-70,430
66,83,47,1,-60,270,-70,430
66,84,12,0,-65,280,-70,430
66,85,9,1,-60,280,-70,430
66,86,13,1,-55,285,-70,430
66,87,42,0,-70,285,-70,445
66,88,2,0,-80,285,-50,445
66,89,18,1,-70,285,-50,445
66,90,46,0,-80,285,-50,460
66,91,12,0,-85,295,-50,460
66,92,41,0,-95,310,-50,460
66,93,22,1,-95,315,-60,460
66,94,25,1,-95,325,-60,460
66,95,5,0,-105,325,-55,460
66,96,43,0,-85,325,-65,460
66,97,36,0,-85,320,-65,475
66,98,9,1,-80,320,-65,475
66,99,7,1,-75,320,-65,475
67,0,18,1,60,50,50,50
67,1,10,0,50,60,50,50
67,2,21,1,55,60,40,50
67,3,28,0,35,60,40,65
67,4,12,0,30,70,40,65
67,5,42,0,15,70,40,80
67,6,41,1,20,60,40,80
67,7,25,0,20,55,40,80
67,8,22,1,20,60,30,80
67,9,44,1,25,60,30,80
67,10,21,1,30,60,20,80
67,11,6,1,20,60,20,90
67,12,9,0,10,60,20,95
67,13,31,0,10,70,10,95
67,14,38,1,15,70,10,95
67,15,23,0,5,70,10,105
67,16,28,0,-15,70,10,120
67,17,13,0,-15,70,10,140
67,18,30,0,-15,70,0,165
67,19,36,0,-15,65,0,180
67,20,9,1,-10,65,0,180
67,21,42,1,-10,70,0,180
67,22,44,1,-5,70,0,180
67,23,37,1,5,70,0,180
67,24,28,1,15,70,0,180
67,25,26,1,25,70,-5,180
67,26,10,1,40,70,-15,180
67,27,43,1,40,70,-10,175
67,28,4,1,50,70,-10,175
67,29,11,1,55,70,-10,175
67,30,25,0,55,65,-10,175
67,31,29,1,55,85,-30,175
67,32,23,0,45,85,-30,185
67,33,12,1,50,85,-30,185
67,34,28,1,60,85,-30,185
67,35,45,0,60,85,-30,200
67,36,47,1,60,85,-30,200
67,37,26,0,50,85,-30,210
67,38,21,1,55,85,-40,210
67,39,48,0,55,85,-40,240
67,40,30,1,55,85,-30,240
67,41,46,1,60,85,-30,240
67,42,29,0,40,85,-25,240
67,43,11,1,45,85,-25,240
67,44,26,1,55,85,-30,240
67,45,38,1,60,85,-30,240
67,46,40,0,60,95,-40,240
67,47,14,1,60,105,-40,240
67,48,5,0,50,105,-35,240
67,49,26,1,60,105,-40,240
67,50,25,0,60,100,-40,240
67,51,44,0,60,100,-30,250
67,52,27,0,70,90,-30,250
67,53,47,0,70,90,-30,265
67,54,10,1,85,90,-40,265
67,55,23,1,85,95,-45,265
67,56,9,0,75,95,-45,270
67,57,39,1,80,95,-45,270
67,58,47,1,80,95,-45,270
67,59,3,0,95,95,-50,270
67,60,15,1,95,100,-50,270
67,61,21,0,85,100,-30,270
67,62,10,0,75,110,-30,270
67,63,16,1,75,110,-40,270
67,64,44,0,75,110,-30,280
67,65,22,1,75,115,-40,280
67,66,13,0,75,115,-40,300
67,67,38,0,65,125,-40,300
67,68,15,1,65,130,-40,300
67,69,5,0,55,130,-35,300
67,70,47,0,55,130,-35,315
67,71,3,0,70,130,-40,315
67,72,27,1,70,145,-45,315
67,73,16,1,70,145,-55,315
67,74,41,1,75,135,-55,315
67,75,40,1,75,125,-45,315
67,76,42,1,75,130,-45,315
67,77,23,0,65,130,-45,325
67,78,43,0,85,130,-55,325
67,79,44,0,85,130,-45,335
67,80,25,1,85,140,-45,335
67,81,11,1,90,140,-45,335
67,82,41,0,80,155,-45,335
67,83,47,1,80,155,-45,335
67,84,23,0,70,155,-45,345
67,85,28,1,80,155,-45,345
67,86,40,0,80,165,-55,345
67,87,20,0,70,165,-40,345
67,88,43,0,90,165,-50,345
67,89,8,1,75,165,-50,355
67,90,13,1,80,170,-50,355
67,91,12,1,85,170,-50,355
67,92,27,1,85,185,-55,355
67,93,2,0,75,185,-35,355
67,94,1,1,65,185,-35,360
67,95,4,1,75,185,-35,360
67,96,46,0,65,185,-35,375
67,97,6,0,75,185,-40,375
67,98,44,1,80,185,-40,375
67,99,21,0,70,185,-20,375
68,0,14,0,50,50,50,60
68,1,41,1,55,40,50,60
68,2,47,1,55,40,50,60
68,3,11,0,50,40,50,60
68,4,15,1,50,45,50,60
68,5,22,1,50,50,40,60
68,6,20,1,50,60,25,60
68,7,30,1,50,60,35,60
68,8,12,1,55,60,35,60
68,9,40,0,55,70,25,60
68,10,9,1,60,70,25,60
68,11,16,0,45,80,25,60
68,12,26,0,35,80,25,70
68,13,20,0,25,80,40,70
68,14,4,0,10,95,40,70
68,15,24,0,5,95,40,70
68,16,9,1,10,95,40,70
68,17,49,1,10,100,40,70
68,18,43,1,10,100,45,65
68,19,18,1,20,100,45,65
68,20,25,1,20,110,45,65
68,21,9,0,10,110,45,70
68,22,12,1,15,110,45,70
68,23,20,1,15,120,30,70
68,24,15,0,30,115,30,70
68,25,24,1,35,115,30,70
68,26,1,1,25,115,30,75
68,27,41,0,15,130,30,75
68,28,22,1,15,135,20,75
68,29,15,1,15,140,20,75
68,30,38,0,5,150,20,75
68,31,12,0,0,160,20,75
68,32,48,0,0,160,20,105
68,33,8,0,0,165,10,105
68,34,40,0,0,175,0,105
68,35,21,1,5,175,-10,105
68,36,5,1,10,175,-20,105
68,37,10,0,0,185,-20,105
68,38,8,1,-15,185,-20,115
68,39,7,0,-30,195,-20,115
68,40,18,0,-60,195,-20,145
68,41,11,1,-55,195,-20,145
68,42,29,1,-55,215,-40,145
68,43,12,1,-50,215,-40,145
68,44,57,1,-50,225,-40,145
68,45,47,1,-50,225,-40,145
68,46,11,0,-55,225,-40,145
68,47,3,0,-40,225,-45,145
68,48,30,1,-40,225,-35,145
68,49,20,1,-40,235,-50,145
68,50,37,0,-55,255,-50,145
68,51,8,1,-70,255,-50,155
68,52,47,1,-70,255,-50,155
68,53,58,1,-70,265,-50,155
68,54,30,0,-70,265,-60,180
68,55,28,1,-60,265,-60,180
68,56,23,1,-60,270,-65,180
68,57,8,1,-75,270,-65,190
68,58,27,0,-65,260,-65,190
68,59,6,1,-75,260,-65,200
68,60,3,1,-85,260,-65,210
68,61,11,0,-90,260,-65,210
68,62,48,1,-90,260,-65,210
68,63,15,0,-75,255,-65,210
68,64,19,0,-75,255,-65,210
68,65,23,1,-75,260,-70,210
68,66,45,0,-75,260,-70,225
68,67,41,1,-70,250,-70,225
68,68,40,0,-70,260,-80,225
68,69,36,0,-70,255,-80,240
68,70,20,1,-70,265,-95,240
68,71,13,0,-70,265,-95,260
68,72,7,0,-85,275,-95,260
68,73,3,0,-70,275,-100,260
68,74,28,0,-90,275,-100,275
68,75,38,1,-85,275,-100,275
68,76,11,1,-80,275,-100,275
68,77,59,1,-80,290,-100,275
68,78,27,0,-70,280,-100,275
68,79,30,1,-70,280,-90,275
68,80,36,0,-70,275,-90,290
68,81,22,0,-80,275,-80,290
68,82,41,0,-90,290,-80,290
68,83,26,0,-100,290,-80,300
68,84,30,0,-100,290,-90,325
68,85,21,1,-95,290,-100,325
68,86,10,1,-80,290,-110,325
68,87,15,1,-80,295,-110,325
68,88,11,0,-85,295,-110,325
68,89,4,1,-75,295,-110,325
68,90,31,0,-75,305,-120,325
68,91,14,0,-75,305,-120,335
68,92,42,0,-90,305,-120,350
68,93,32,1,-90,295,-105,350
68,94,45,1,-90,305,-105,350
68,95,19,0,-90,305,-105,350
68,96,18,0,-120,305,-105,380
68,97,44,0,-120,305,-95,390
68,98,8,1,-135,305,-95,400
68,99,3,0,-120,305,-100,400
69,0,9,1,55,50,50,50
69,1,25,1,55,60,50,50
69,2,2,0,45,60,70,50
69,3,18,0,15,60,70,80
69,4,29,1,15,80,50,80
69,5,5,1,20,80,40,80
69,6,19,0,20,80,40,80
69,7,17,1,-10,80,55,80
69,8,23,0,-20,80,55,90
69,9,12,1,-15,80,55,90
69,10,20,0,-25,80,70,90
69,11,6,0,-15,80,65,90
69,12,19,1,-15,80,65,90
69,13,3,1,-25,80,65,100
69,14,7,0,-40,90,65,100
69,15,44,1,-35,90,65,100
69,16,25,1,-35,100,65,100
69,17,24,1,-30,100,65,100
69,18,30,0,-30,100,55,125
69,19,1,0,-20,100,45,125
69,20,29,1,-20,120,25,125
69,21,13,1,-15,125,25,125
69,22,40,1,-15,115,35,125
69,23,23,0,-25,115,35,135
69,24,14,0,-25,115,35,145
69,25,38,1,-20,115,35,145
69,26,3,1,-30,115,35,155
69,27,30,0,-30,115,25,180
69,28,28,0,-50,115,25,195
69,29,8,0,-50,120,15,195
69,30,40,1,-50,110,25,195
69,31,11,1,-45,110,25,195
69,32,24,1,-40,110,25,195
69,33,45,1,-40,120,25,195
69,34,30,1,-40,120,35,195
69,35,10,1,-25,120,25,195
69,36,9,0,-35,120,25,200
69,37,13,0,-35,120,25,220
69,38,16,0,-50,130,25,220
69,39,27,1,-50,145,20,220
69,40,47,0,-50,145,20,235
69,41,4,0,-65,160,20,235
69,42,26,1,-55,160,15,235
69,43,22,0,-65,160,25,235
69,44,27,0,-55,150,25,235
69,45,38,1,-50,150,25,235
69,46,37,1,-40,150,25,235
69,47,47,0,-40,150,25,250
69,48,16,1,-40,150,15,250
69,49,19,0,-40,150,15,250
69,50,21,0,-50,150,35,250
69,51,15,0,-35,145,35,250
69,52,9,1,-30,145,35,250
69,53,37,0,-45,165,35,250
69,54,42,0,-60,165,35,265
69,55,6,0,-50,165,30,265
69,56,30,1,-50,165,40,265
69,57,14,1,-50,175,40,265
69,58,37,1,-40,175,40,265
69,59,5,1,-35,175,30,265
69,60,25,0,-35,170,30,265
69,61,23,0,-45,170,30,275
69,62,9,1,-40,170,30,275
69,63,37,0,-55,190,30,275
69,64,1,0,-45,190,20,275
69,65,28,1,-35,190,20,275
69,66,29,0,-55,190,25,275
69,67,19,0,-55,190,25,275
69,68,13,1,-50,195,25,275
69,69,8,1,-65,195,25,285
69,70,9,0,-75,195,25,290
69,71,11,0,-80,195,25,290
69,72,57,1,-80,205,25,290
69,73,42,1,-80,210,25,290
69,74,16,1,-80,210,15,290
69,75,7,1,-75,210,15,290
69,76,44,0,-75,210,25,300
69,77,17,0,-95,230,25,300
69,78,20,1,-95,240,10,300
69,79,45,0,-95,240,10,315
69,80,31,1,-95,240,20,315
69,81,7,0,-110,250,20,315
69,82,29,0,-130,250,25,315
69,83,21,1,-125,250,15,315
69,84,6,0,-115,250,10,315
69,85,9,0,-125,250,10,320
69,86,3,1,-135,250,10,330
69,87,29,0,-155,250,15,330
69,88,21,1,-150,250,5,330
69,89,45,1,-150,260,5,330
69,90,36,0,-150,255,5,345
69,91,17,1,-180,255,20,345
69,92,3,1,-190,255,20,355
69,93,32,1,-190,245,35,355
69,94,43,0,-170,245,25,355
69,95,5,1,-165,245,15,355
69,96,21,1,-160,245,5,355
69,97,42,0,-175,245,5,370
69,98,14,0,-175,245,5,380
69,99,44,0,-175,245,15,390
70,0,8,1,35,50,50,60
70,1,10,0,25,60,50,60
70,2,48,1,25,60,50,60
70,3,23,0,15,60,50,70
70,4,25,0,15,55,50,70
70,5,12,0,10,65,50,70
70,6,7,1,15,65,50,70
70,7,10,0,5,75,50,70
70,8,42,1,5,80,50,70
70,9,4,0,-10,95,50,70
70,10,3,1,-20,95,50,80
70,11,43,0,0,95,40,80
70,12,36,1,0,105,40,80
70,13,12,0,-5,115,40,80
70,14,14,0,-5,115,40,90
70,15,41,1,0,105,40,90
70,16,46,1,5,105,40,90
70,17,49,1,5,110,40,90
70,18,38,0,-5,120,40,90
70,19,25,1,-5,130,40,90
70,20,10,1,10,130,30,90
70,21,57,1,10,140,30,90
70,22,26,0,0,140,30,100
70,23,45,1,0,150,30,100
70,24,46,0,-10,150,30,115
70,25,16,1,-10,150,20,115
70,26,39,0,-20,165,20,115
70,27,11,1,-15,165,20,115
70,28,3,0,0,165,15,115
70,29,37,0,-15,185,15,115
70,30,28,0,-35,185,15,130
70,31,15,1,-35,190,15,130
70,32,9,0,-45,190,15,135
70,33,27,1,-45,205,10,135
70,34,24,0,-50,205,10,135
70,35,28,1,-40,205,10,135
70,36,45,0,-40,205,10,150
70,37,25,0,-40,200,10,150
70,38,27,0,-30,190,10,150
70,39,17,1,-60,190,25,150
70,40,3,1,-70,190,25,160
70,41,19,0,-70,190,25,160
70,42,7,1,-65,190,25,160
70,43,6,1,-75,190,25,170
70,44,46,0,-85,190,25,185
70,45,29,1,-85,210,5,185
70,46,3,0,-70,210,0,185
70,47,42,1,-70,215,0,185
70,48,2,1,-65,215,-10,185
70,49,58,0,-65,205,-10,185
70,50,7,0,-80,215,-10,185
70,51,13,1,-75,220,-10,185
70,52,27,0,-65,210,-10,185
70,53,47,0,-65,210,-10,200
70,54,9,1,-60,210,-10,200
70,55,20,1,-60,220,-25,200
70,56,41,1,-55,210,-25,200
70,57,43,0,-35,210,-35,200
70,58,39,0,-45,225,-35,200
70,59,46,1,-40,225,-35,200
70,60,11,0,-45,225,-35,200
70,61,29,1,-45,245,-55,200
70,62,41,0,-55,260,-55,200
70,63,43,1,-55,260,-50,195
70,64,24,0,-60,260,-50,195
70,65,23,0,-70,260,-50,205
70,66,11,0,-75,260,-50,205
70,67,39,0,-85,275,-50,205
70,68,25,0,-85,270,-50,205
70,69,26,1,-75,270,-55,205
70,70,59,0,-75,270,-65,225
70,71,11,1,-70,270,-65,225
70,72,40,0,-70,280,-75,225
70,73,42,1,-70,285,-75,225
70,74,28,1,-60,285,-75,225
70,75,26,1,-50,285,-80,225
70,76,45,1,-50,295,-80,225
70,77,10,1,-35,295,-90,225
70,78,44,0,-35,295,-80,235
70,79,22,1,-35,300,-90,235
70,80,18,0,-65,300,-90,265
70,81,6,0,-55,300,-95,265
70,82,48,1,-55,300,-95,265
70,83,11,0,-60,300,-95,265
70,84,17,0,-80,320,-95,265
70,85,22,0,-90,320,-85,265
70,86,31,0,-90,330,-95,265
70,87,24,0,-95,330,-95,265
70,88,15,1,-95,335,-95,265
70,89,41,0,-105,350,-95,265
70,90,32,1,-105,340,-80,265
70,91,26,1,-95,340,-85,265
70,92,21,1,-90,340,-95,265
70,93,42,0,-105,340,-95,280
70,94,22,0,-115,340,-85,280
70,95,38,1,-110,340,-85,280
70,96,11,0,-115,340,-85,280
70,97,20,1,-115,350,-100,280
70,98,6,0,-105,350,-105,280
70,99,7,1,-100,350,-105,280
71,0,12,0,45,60,50,50
71,1,11,1,50,60,50,50
71,2,36,1,50,70,50,50
71,3,7,0,35,80,50,50
71,4,24,0,30,80,50,50
71,5,2,1,35,80,40,50
71,6,18,0,5,80,40,80
71,7,8,0,5,85,30,80
71,8,44,0,5,85,40,90
71,9,47,1,5,85,40,90
71,10,31,0,5,95,30,90
71,11,26,1,15,95,25,90
71,12,57,1,15,105,25,90
71,13,41,0,5,120,25,90
71,14,27,1,5,135,20,90
71,15,13,0,5,135,20,110
71,16,22,1,5,140,10,110
71,17,1,1,-5,140,10,115
71,18,44,0,-5,140,20,125
71,19,43,0,15,140,10,125
71,20,45,1,15,150,10,125
71,21,32,1,15,140,25,125
71,22,16,1,15,140,15,125
71,23,21,1,20,140,5,125
71,24,38,1,25,140,5,125
71,25,18,1,35,140,5,125
71,26,25,0,35,135,5,125
71,27,2,0,25,135,25,125
71,28,27,0,35,125,25,125
71,29,15,0,50,120,25,125
71,30,33,0,80,120,25,125
71,31,14,0,80,120,25,135
71,32,17,1,50,120,40,135
71,33,29,0,30,120,45,135
71,34,18,0,0,120,45,165
71,35,40,1,0,110,55,165
71,36,5,1,5,110,45,165
71,37,8,1,-10,110,45,175
71,38,23,1,-10,115,40,175
71,39,1,1,-20,115,40,180
71,40,34,1,-5,115,40,180
71,41,15,1,-5,120,40,180
71,42,47,1,-5,120,40,180
71,43,25,0,-5,115,40,180
71,44,27,0,5,105,40,180
71,45,45,0,5,105,40,195
71,46,6,0,15,105,35,195
71,47,18,0,-15,105,35,225
71,48,20,1,-15,115,20,225
71,49,27,0,-5,105,20,225
71,50,15,0,10,100,20,225
71,51,5,0,0,100,25,225
71,52,24,1,5,100,25,225
71,53,23,1,5,105,20,225
71,54,30,0,5,105,10,250
71,55,44,0,5,105,20,260
71,56,40,1,5,95,30,260
71,57,24,1,10,95,30,260
71,58,7,1,15,95,30,260
71,59,38,1,20,95,30,260
71,60,42,1,20,100,30,260
71,61,58,0,20,90,30,260
71,62,21,1,25,90,20,260
71,63,44,0,25,90,30,270
71,64,26,1,35,90,25,270
71,65,46,0,25,90,25,285
71,66,37,0,10,110,25,285
71,67,2,1,15,110,15,285
71,68,21,0,5,110,35,285
71,69,29,0,-15,110,40,285
71,70,14,1,-15,120,40,285
71,71,1,0,-5,120,30,285
71,72,7,0,-20,130,30,285
71,73,47,1,-20,130,30,285
71,74,44,0,-20,130,40,295
71,75,23,0,-30,130,40,305
71,76,16,0,-45,140,40,305
71,77,12,1,-40,140,40,305
71,78,59,0,-40,140,30,325
71,79,13,1,-35,145,30,325
71,80,15,1,-35,150,30,325
71,81,35,0,-35,150,30,325
71,82,10,1,-20,150,20,325
71,83,9,1,-15,150,20,325
71,84,18,0,-45,150,20,355
71,85,19,0,-45,150,20,355
71,86,43,1,-45,150,25,350
71,87,41,0,-55,165,25,350
71,88,36,0,-55,160,25,365
71,89,20,1,-55,170,10,365
71,90,21,1,-50,170,0,365
71,91,43,0,-30,170,-10,365
71,92,48,1,-30,170,-10,365
71,93,27,0,-20,160,-10,365
71,94,7,0,-35,170,-10,365
71,95,22,0,-45,170,0,365
71,96,4,0,-60,185,0,365
71,97,23,1,-60,190,-5,365
71,98,14,1,-60,200,-5,365
71,99,10,1,-45,200,-15,365
72,0,4,0,35,65,50,50
72,1,14,0,35,65,50,60
72,2,46,0,25,65,50,75
72,3,25,1,25,75,50,75
72,4,21,1,30,75,40,75
72,5,23,0,20,75,40,85
72,6,31,0,20,85,30,85
72,7,28,1,30,85,30,85
72,8,15,0,45,80,30,85
72,9,5,1,50,80,20,85
72,10,21,1,55,80,10,85
72,11,29,1,55,100,-10,85
72,12,32,0,55,120,-25,85
72,13,48,0,55,120,-25,115
72,14,30,0,55,120,-35,140
72,15,4,0,40,135,-35,140
72,16,14,0,40,135,-35,150
72,17,29,1,40,155,-55,150
72,18,19,1,40,155,-55,150
72,19,40,0,40,165,-65,150
72,20,7,1,45,165,-65,150
72,21,41,1,50,155,-65,150
72,22,43,0,70,155,-75,150
72,23,27,0,80,145,-75,150
72,24,17,1,50,145,-60,150
72,25,28,1,60,145,-60,150
72,26,9,0,50,145,-60,155
72,27,57,0,50,145,-60,180
72,28,11,0,45,145,-60,180
72,29,46,0,35,145,-60,195
72,30,44,1,40,145,-60,195
72,31,45,1,40,155,-60,195
72,32,41,0,30,170,-60,195
72,33,9,1,35,170,-60,195
72,34,4,1,45,170,-60,195
72,35,14,0,45,170,-60,205
72,36,46,1,50,170,-60,205
72,37,17,1,20,170,-45,205
72,38,41,0,10,185,-45,205
72,39,24,0,5,185,-45,205
72,40,13,0,5,185,-45,225
72,41,22,1,5,190,-55,225
72,42,12,1,10,190,-55,225
72,43,23,1,10,195,-60,225
72,44,27,0,20,185,-60,225
72,45,7,0,5,195,-60,225
72,46,8,0,5,200,-70,225
72,47,14,1,5,210,-70,225
72,48,19,1,5,210,-70,225
72,49,36,1,5,220,-70,225
72,50,13,0,5,220,-70,245
72,51,41,0,-5,235,-70,245
72,52,9,0,-15,235,-70,250
72,53,22,0,-25,235,-60,250
72,54,58,1,-25,245,-60,250
72,55,6,0,-15,245,-65,250
72,56,47,0,-15,245,-65,265
72,57,30,0,-15,245,-75,290
72,58,10,1,0,245,-85,290
72,59,33,0,30,245,-85,290
72,60,8,1,15,245,-85,300
72,61,16,0,0,255,-85,300
72,62,17,0,-20,275,-85,300
72,63,15,1,-20,280,-85,300
72,64,21,1,-15,280,-95,300
72,65,11,1,-10,280,-95,300
72,66,37,0,-25,300,-95,300
72,67,44,0,-25,300,-85,310
72,68,8,0,-25,305,-95,310
72,69,48,0,-25,305,-95,340
72,70,40,0,-25,315,-105,340
72,71,30,0,-25,315,-115,365
72,72,44,1,-20,315,-115,365
72,73,41,0,-30,330,-115,365
72,74,25,0,-30,325,-115,365
72,75,18,0,-60,325,-115,395
72,76,38,0,-70,335,-115,395
72,77,16,1,-70,335,-125,395
72,78,4,0,-85,350,-125,395
72,79,20,0,-95,350,-110,395
72,80,19,0,-95,350,-110,395
72,81,46,1,-90,350,-110,395
72,82,47,0,-90,350,-110,410
72,83,2,0,-100,350,-90,410
72,84,15,0,-85,345,-90,410
72,85,34,1,-70,345,-90,410
72,86,9,0,-80,345,-90,415
72,87,30,1,-80,345,-80,415
72,88,42,0,-95,345,-80,430
72,89,6,0,-85,345,-85,430
72,90,16,1,-85,345,-95,430
72,91,47,0,-85,345,-95,445
72,92,11,0,-90,345,-95,445
72,93,20,0,-100,345,-80,445
72,94,37,1,-90,345,-80,445
72,95,40,0,-90,355,-90,445
72,96,4,0,-105,370,-90,445
72,97,38,1,-100,370,-90,445
72,98,23,1,-100,375,-95,445
72,99,10,0,-110,385,-95,445
73,0,7,1,55,50,50,50
73,1,8,0,55,55,40,50
73,2,18,0,25,55,40,80
73,3,22,1,25,60,30,80
73,4,13,0,25,60,30,100
73,5,7,1,30,60,30,100
73,6,40,1,30,50,40,100
73,7,8,1,15,50,40,110
73,8,2,0,5,50,60,110
73,9,46,0,-5,50,60,125
73,10,12,1,0,50,60,125
73,11,38,0,-10,60,60,125
73,12,18,0,-40,60,60,155
73,13,11,0,-45,60,60,155
73,14,45,1,-45,70,60,155
73,15,7,0,-60,80,60,155
73,16,12,0,-65,90,60,155
73,17,37,0,-80,110,60,155
73,18,48,0,-80,110,60,185
73,19,20,0,-90,110,75,185
73,20,38,0,-100,120,75,185
73,21,2,1,-95,120,65,185
73,22,28,1,-85,120,65,185
73,23,4,1,-75,120,65,185
73,24,5,0,-85,120,70,185
73,25,45,0,-85,120,70,200
73,26,49,1,-85,125,70,200
73,27,12,0,-90,135,70,200
73,28,22,1,-90,140,60,200
73,29,47,0,-90,140,60,215
73,30,21,0,-100,140,80,215
73,31,27,1,-100,155,75,215
73,32,30,1,-100,155,85,215
73,33,45,1,-100,165,85,215
73,34,11,0,-105,165,85,215
73,35,26,1,-95,165,80,215
73,36,31,1,-95,165,90,215
73,37,57,1,-95,175,90,215
73,38,47,1,-95,175,90,215
73,39,27,0,-85,165,90,215
73,40,6,1,-95,165,90,225
73,41,28,1,-85,165,90,225
73,42,7,0,-100,175,90,225
73,43,18,1,-90,175,90,225
73,44,11,1,-85,175,90,225
73,45,58,1,-85,185,90,225
73,46,39,1,-80,185,90,225
73,47,27,1,-80,200,85,225
73,48,30,1,-80,200,95,225
73,49,42,1,-80,205,95,225
73,50,44,0,-80,205,105,235
73,51,9,1,-75,205,105,235
73,52,10,1,-60,205,95,235
73,53,2,1,-55,205,85,235
73,54,3,1,-65,205,85,245
73,55,44,0,-65,205,95,255
73,56,18,1,-55,205,95,255
73,57,47,0,-55,205,95,270
73,58,45,0,-55,205,95,285
73,59,29,0,-75,205,100,285
73,60,12,0,-80,215,100,285
73,61,4,0,-95,230,100,285
73,62,42,1,-95,235,100,285
73,63,45,0,-95,235,100,300
73,64,22,1,-95,240,90,300
73,65,26,0,-105,240,90,310
73,66,6,1,-115,240,90,320
73,67,13,1,-110,245,90,320
73,68,30,0,-110,245,80,345
73,69,40,0,-110,255,70,345
73,70,43,0,-90,255,60,345
73,71,38,1,-85,255,60,345
73,72,48,1,-85,255,60,345
73,73,10,0,-95,265,60,345
73,74,12,0,-100,275,60,345
73,75,43,0,-80,275,50,345
73,76,1,0,-70,275,40,345
73,77,46,1,-65,275,40,345
73,78,39,1,-60,275,40,345
73,79,42,1,-60,280,40,345
73,80,15,0,-45,275,40,345
73,81,13,1,-40,280,40,345
73,82,17,1,-70,280,55,345
73,83,40,1,-70,270,65,345
73,84,22,1,-70,275,55,345
73,85,42,0,-85,275,55,360
73,86,2,0,-95,275,75,360
73,87,26,1,-85,275,70,360
73,88,25,0,-85,270,70,360
73,89,16,1,-85,270,60,360
73,90,17,1,-115,270,75,360
73,91,10,1,-100,270,65,360
73,92,12,1,-95,270,65,360
73,93,59,1,-95,285,65,360
73,94,32,0,-95,305,50,360
73,95,43,1,-95,305,55,355
73,96,4,1,-85,305,55,355
73,97,42,1,-85,310,55,355
73,98,40,0,-85,320,45,355
73,99,16,1,-85,320,35,355
74,0,44,1,55,50,50,50
74,1,29,0,35,50,55,50
74,2,22,1,35,55,45,50
74,3,38,1,40,55,45,50
74,4,16,0,25,65,45,50
74,5,31,1,25,65,55,50
74,6,46,0,15,65,55,65
74,7,40,1,15,55,65,65
74,8,48,0,15,55,65,95
74,9,25,0,15,50,65,95
74,10,16,1,15,50,55,95
74,11,1,0,25,50,45,95
74,12,27,1,25,65,40,95
74,13,48,1,25,65,40,95
74,14,49,0,25,60,40,110
74,15,47,0,25,60,40,125
74,16,38,0,15,70,40,125
74,17,43,0,35,70,30,125
74,18,24,1,40,70,30,125
74,19,37,1,50,70,30,125
74,20,27,1,50,85,25,125
74,21,42,1,50,90,25,125
74,22,2,0,40,90,45,125
74,23,40,1,40,80,55,125
74,24,11,1,45,80,55,125
74,25,13,1,50,85,55,125
74,26,14,0,50,85,55,135
74,27,50,1,50,95,55,135
74,28,43,1,50,95,60,130
74,29,44,1,55,95,60,130
74,30,2,1,60,95,50,130
74,31,11,0,55,95,50,130
74,32,47,0,55,95,50,145
74,33,27,0,65,85,50,145
74,34,1,0,75,85,40,145
74,35,24,1,80,85,40,145
74,36,22,1,80,90,30,145
74,37,29,0,60,90,35,145
74,38,46,1,65,90,35,145
74,39,43,1,65,90,40,140
74,40,23,1,65,95,35,140
74,41,38,1,70,95,35,140
74,42,25,0,70,90,35,140
74,43,22,0,60,90,45,140
74,44,36,1,60,100,45,140
74,45,4,0,45,115,45,140
74,46,12,0,40,125,45,140
74,47,1,1,30,125,45,145
74,48,17,0,10,145,45,145
74,49,16,1,10,145,35,145
74,50,5,1,15,145,25,145
74,51,3,0,30,145,20,145
74,52,11,0,25,145,20,145
74,53,47,0,25,145,20,160
74,54,22,1,25,150,10,160
74,55,25,1,25,160,10,160
74,56,12,1,30,160,10,160
74,57,2,0,20,160,30,160
74,58,42,1,20,165,30,160
74,59,41,0,10,180,30,160
74,60,28,1,20,180,30,160
74,61,11,1,25,180,30,160
74,62,21,1,30,180,20,160
74,63,32,1,30,170,35,160
74,64,25,1,30,180,35,160
74,65,7,0,15,190,35,160
74,66,2,0,5,190,55,160
74,67,33,1,5,205,55,160
74,68,30,0,5,205,45,185
74,69,24,0,0,205,45,185
74,70,21,0,-10,205,65,185
74,71,14,0,-10,205,65,195
74,72,18,0,-40,205,65,225
74,73,5,0,-50,205,70,225
74,74,20,1,-50,215,55,225
74,75,37,0,-65,235,55,225
74,76,44,1,-60,235,55,225
74,77,30,1,-60,235,65,225
74,78,11,0,-65,235,65,225
74,79,1,1,-75,235,65,230
74,80,43,1,-75,235,70,225
74,81,34,1,-60,235,70,225
74,82,16,0,-75,245,70,225
74,83,15,1,-75,250,70,225
74,84,13,1,-70,255,70,225
74,85,23,0,-80,255,70,235
74,86,18,1,-70,255,70,235
74,87,44,1,-65,255,70,235
74,88,12,1,-60,255,70,235
74,89,3,0,-45,255,65,235
74,90,48,0,-45,255,65,265
74,91,10,1,-30,255,55,265
74,92,47,1,-30,255,55,265
74,93,35,0,-30,255,55,265
74,94,6,0,-20,255,50,265
74,95,30,0,-20,255,40,290
74,96,43,0,0,255,30,290
74,97,9,1,5,255,30,290
74,98,28,1,15,255,30,290
74,99,36,0,15,250,30,305
75,0,40,1,50,40,60,50
75,1,49,0,50,35,60,65
75,2,45,1,50,45,60,65
75,3,1,1,40,45,60,70
75,4,57,1,40,55,60,70
75,5,10,0,30,65,60,70
75,6,15,1,30,70,60,70
75,7,24,0,25,70,60,70
75,8,46,0,15,70,60,85
75,9,6,1,5,70,60,95
75,10,17,1,-25,70,75,95
75,11,28,1,-15,70,75,95
75,12,15,1,-15,75,75,95
75,13,18,1,-5,75,75,95
75,14,30,1,-5,75,85,95
75,15,36,1,-5,85,85,95
75,16,14,1,-5,95,85,95
75,17,6,0,5,95,80,95
75,18,16,0,-10,105,80,95
75,19,13,1,-5,110,80,95
75,20,46,1,0,110,80,95
75,21,7,0,-15,120,80,95
75,22,6,1,-25,120,80,105
75,23,50,0,-25,120,80,120
75,24,26,1,-15,120,75,120
75,25,40,0,-15,130,65,120
75,26,36,0,-15,125,65,135
75,27,45,0,-15,125,65,150
75,28,8,1,-30,125,65,160
75,29,58,1,-30,135,65,160
75,30,2,1,-25,135,55,160
75,31,12,0,-30,145,55,160
75,32,25,0,-30,140,55,160
75,33,37,0,-45,160,55,160
75,34,41,0,-55,175,55,160
75,35,7,1,-50,175,55,160
75,36,2,0,-60,175,75,160
75,37,26,0,-70,175,75,170
75,38,11,0,-75,175,75,170
75,39,44,1,-70,175,75,170
75,40,30,0,-70,175,65,195
75,41,41,0,-80,190,65,195
75,42,36,1,-80,200,65,195
75,43,51,1,-80,210,65,195
75,44,48,1,-80,210,65,195
75,45,38,0,-90,220,65,195
75,46,40,0,-90,230,55,195
75,47,22,1,-90,235,45,195
75,48,44,0,-90,235,55,205
75,49,1,1,-100,235,55,210
75,50,8,0,-100,240,45,210
75,51,30,0,-100,240,35,235
75,52,6,1,-110,240,35,245
75,53,28,0,-130,240,35,260
75,54,11,1,-125,240,35,260
75,55,12,1,-120,240,35,260
75,56,30,1,-120,240,45,260
75,57,21,0,-130,240,65,260
75,58,48,1,-130,240,65,260
75,59,39,1,-125,240,65,260
75,60,4,1,-115,240,65,260
75,61,17,0,-135,260,65,260
75,62,44,1,-130,260,65,260
75,63,46,1,-125,260,65,260
75,64,8,1,-140,260,65,270
75,65,18,0,-170,260,65,300
75,66,10,0,-180,270,65,300
75,67,5,1,-175,270,55,300
75,68,20,1,-175,280,40,300
75,69,6,1,-185,280,40,310
75,70,41,0,-195,295,40,310
75,71,7,1,-190,295,40,310
75,72,21,1,-185,295,30,310
75,73,42,1,-185,300,30,310
75,74,20,1,-185,310,15,310
75,75,36,0,-185,305,15,325
75,76,43,1,-185,305,20,320
75,77,52,0,-165,295,20,320
75,78,7,1,-160,295,20,320
75,79,16,1,-160,295,10,320
75,80,1,1,-170,295,10,325
75,81,14,1,-170,305,10,325
75,82,41,1,-165,295,10,325
75,83,46,0,-175,295,10,340
75,84,12,1,-170,295,10,340
75,85,38,0,-180,305,10,340
75,86,11,0,-185,305,10,340
75,87,30,1,-185,305,20,340
75,88,45,1,-185,315,20,340
75,89,44,0,-185,315,30,350
75,90,6,0,-175,315,25,350
75,91,40,1,-175,305,35,350
75,92,30,1,-175,305,45,350
75,93,23,1,-175,310,40,350
75,94,20,0,-185,310,55,350
75,95,25,0,-185,305,55,350
75,96,5,0,-195,305,60,350
75,97,4,1,-185,305,60,350
75,98,47,1,-185,305,60,350
75,99,22,1,-185,310,50,350
76,0,25,1,50,60,50,50
76,1,26,1,60,60,45,50
76,2,40,0,60,70,35,50
76,3,30,1,60,70,45,50
76,4,42,0,45,70,45,65
76,5,47,0,45,70,45,80
76,6,9,0,35,70,45,85
76,7,27,0,45,60,45,85
76,8,3,1,35,60,45,95
76,9,30,0,35,60,35,120
76,10,49,1,35,65,35,120
76,11,41,0,25,80,35,120
76,12,36,1,25,90,35,120
76,13,6,1,15,90,35,130
76,14,1,1,5,90,35,135
76,15,15,1,5,95,35,135
76,16,47,0,5,95,35,150
76,17,9,1,10,95,35,150
76,18,14,1,10,105,35,150
76,19,26,0,0,105,35,160
76,20,3,0,15,105,30,160
76,21,13,0,15,105,30,180
76,22,40,0,15,115,20,180
76,23,18,0,-15,115,20,210
76,24,30,0,-15,115,10,235
76,25,24,1,-10,115,10,235
76,26,22,0,-20,115,20,235
76,27,5,1,-15,115,10,235
76,28,15,1,-15,120,10,235
76,29,3,0,0,120,5,235
76,30,57,0,0,120,5,260
76,31,16,0,-15,130,5,260
76,32,48,0,-15,130,5,290
76,33,12,1,-10,130,5,290
76,34,17,1,-40,130,20,290
76,35,27,1,-40,145,15,290
76,36,29,0,-60,145,20,290
76,37,40,1,-60,135,30,290
76,38,43,0,-40,135,20,290
76,39,45,1,-40,145,20,290
76,40,7,0,-55,155,20,290
76,41,5,0,-65,155,25,290
76,42,31,0,-65,165,15,290
76,43,11,1,-60,165,15,290
76,44,41,0,-70,180,15,290
76,45,36,1,-70,190,15,290
76,46,37,1,-60,190,15,290
76,47,14,1,-60,200,15,290
76,48,16,1,-60,200,5,290
76,49,58,1,-60,210,5,290
76,50,18,0,-90,210,5,320
76,51,23,0,-100,210,5,330
76,52,11,1,-95,210,5,330
76,53,21,0,-105,210,25,330
76,54,45,1,-105,220,25,330
76,55,42,1,-105,225,25,330
76,56,30,0,-105,225,15,355
76,57,12,0,-110,235,15,355
76,58,43,1,-110,235,20,350
76,59,7,1,-105,235,20,350
76,60,20,1,-105,245,5,350
76,61,10,0,-115,255,5,350
76,62,23,0,-125,255,5,360
76,63,29,0,-145,255,10,360
76,64,9,0,-155,255,10,365
76,65,43,1,-155,255,15,360
76,66,11,1,-150,255,15,360
76,67,17,0,-170,275,15,360
76,68,28,1,-160,275,15,360
76,69,48,1,-160,275,15,360
76,70,8,1,-175,275,15,370
76,71,11,0,-180,275,15,370
76,72,24,1,-175,275,15,370
76,73,19,0,-175,275,15,370
76,74,9,0,-185,275,15,375
76,75,36,1,-185,285,15,375
76,76,3,0,-170,285,10,375
76,77,4,1,-160,285,10,375
76,78,42,0,-175,285,10,390
76,79,20,0,-185,285,25,390
76,80,16,0,-200,295,25,390
76,81,32,0,-200,315,10,390
76,82,4,0,-215,330,10,390
76,83,44,0,-215,330,20,400
76,84,13,0,-215,330,20,420
76,85,24,0,-220,330,20,420
76,86,38,0,-230,340,20,420
76,87,21,1,-225,340,10,420
76,88,41,0,-235,355,10,420
76,89,45,0,-235,355,10,435
76,90,1,0,-225,355,0,435
76,91,25,0,-225,350,0,435
76,92,46,0,-235,350,0,450
76,93,12,0,-240,360,0,450
76,94,15,1,-240,365,0,450
76,95,20,0,-250,365,15,450
76,96,24,1,-245,365,15,450
76,97,27,1,-245,380,10,450
76,98,17,1,-275,380,25,450
76,99,6,1,-285,380,25,460
77,0,9,1,55,50,50,50
77,1,37,1,65,50,50,50
77,2,45,1,65,60,50,50
77,3,12,1,70,60,50,50
77,4,49,0,70,55,50,65
77,5,13,0,70,55,50,85
77,6,2,0,60,55,70,85
77,7,57,0,60,55,70,110
77,8,44,1,65,55,70,110
77,9,14,0,65,55,70,120
77,10,26,1,75,55,65,120
77,11,45,1,75,65,65,120
77,12,18,0,45,65,65,150
77,13,5,1,50,65,55,150
77,14,48,0,50,65,55,180
77,15,42,0,35,65,55,195
77,16,14,1,35,75,55,195
77,17,16,0,20,85,55,195
77,18,8,1,5,85,55,205
77,19,5,1,10,85,45,205
77,20,45,1,10,95,45,205
77,21,37,1,20,95,45,205
77,22,42,1,20,100,45,205
77,23,40,1,20,90,55,205
77,24,28,1,30,90,55,205
77,25,30,0,30,90,45,230
77,26,3,1,20,90,45,240
77,27,11,0,15,90,45,240
77,28,20,0,5,90,60,240
77,29,17,1,-25,90,75,240
77,30,38,0,-35,100,75,240
77,31,44,1,-30,100,75,240
77,32,39,0,-40,115,75,240
77,33,25,1,-40,125,75,240
77,34,50,0,-40,125,75,255
77,35,48,0,-40,125,75,285
77,36,40,0,-40,135,65,285
77,37,22,1,-40,140,55,285
77,38,24,1,-35,140,55,285
77,39,41,0,-45,155,55,285
77,40,9,0,-55,155,55,290
77,41,1,0,-45,155,45,290
77,42,48,1,-45,155,45,290
77,43,21,0,-55,155,65,290
77,44,43,0,-35,155,55,290
77,45,29,1,-35,175,35,290
77,46,58,0,-35,165,35,290
77,47,39,1,-30,165,35,290
77,48,46,0,-40,165,35,305
77,49,7,1,-35,165,35,305
77,50,42,0,-50,165,35,320
77,51,16,0,-65,175,35,320
77,52,23,0,-75,175,35,330
77,53,47,1,-75,175,35,330
77,54,25,0,-75,170,35,330
77,55,26,1,-65,170,30,330
77,56,51,0,-65,155,30,350
77,57,3,0,-50,155,25,350
77,58,9,0,-60,155,25,355
77,59,48,1,-60,155,25,355
77,60,1,0,-50,155,15,355
77,61,19,1,-50,155,15,355
77,62,43,1,-50,155,20,350
77,63,7,0,-65,165,20,350
77,64,9,1,-60,165,20,350
77,65,45,0,-60,165,20,365
77,66,8,1,-75,165,20,375
77,67,30,0,-75,165,10,400
77,68,13,0,-75,165,10,420
77,69,15,1,-75,170,10,420
77,70,6,0,-65,170,5,420
77,71,18,1,-55,170,5,420
77,72,20,1,-55,180,-10,420
77,73,9,0,-65,180,-10,425
77,74,37,0,-80,200,-10,425
77,75,39,0,-90,215,-10,425
77,76,27,0,-80,205,-10,425
77,77,26,0,-90,205,-10,435
77,78,5,0,-100,205,-5,435
77,79,15,0,-85,200,-5,435
77,80,46,0,-95,200,-5,450
77,81,8,0,-95,205,-15,450
77,82,25,0,-95,200,-15,450
77,83,37,1,-85,200,-15,450
77,84,6,1,-95,200,-15,460
77,85,28,0,-115,200,-15,475
77,86,52,1,-115,210,-15,470
77,87,25,0,-115,205,-15,470
77,88,15,1,-115,210,-15,470
77,89,4,0,-130,225,-15,470
77,90,42,0,-145,225,-15,485
77,91,19,0,-145,225,-15,485
77,92,53,0,-145,245,-15,485
77,93,39,1,-140,245,-15,485
77,94,46,0,-150,245,-15,500
77,95,8,0,-150,250,-25,500
77,96,13,0,-150,250,-25,520
77,97,24,0,-155,250,-25,520
77,98,21,1,-150,250,-35,520
77,99,11,0,-155,250,-35,520
78,0,41,1,55,40,50,50
78,1,15,1,55,45,50,50
78,2,20,0,45,45,65,50
78,3,30,1,45,45,75,50
78,4,37,1,55,45,75,50
78,5,36,1,55,55,75,50
78,6,21,0,45,55,95,50
78,7,29,0,25,55,100,50
78,8,4,1,35,55,100,50
78,9,30,1,35,55,110,50
78,10,1,1,25,55,110,55
78,11,17,1,-5,55,125,55
78,12,26,0,-15,55,125,65
78,13,12,0,-20,65,125,65
78,14,30,0,-20,65,115,90
78,15,1,0,-10,65,105,90
78,16,5,0,-20,65,110,90
78,17,4,1,-10,65,110,90
78,18,13,1,-5,70,110,90
78,19,17,1,-35,70,125,90
78,20,21,1,-30,70,115,90
78,21,47,0,-30,70,115,105
78,22,26,1,-20,70,110,105
78,23,41,0,-30,85,110,105
78,24,19,0,-30,85,110,105
78,25,49,0,-30,80,110,120
78,26,23,1,-30,85,105,120
78,27,4,0,-45,100,105,120
78,28,46,0,-55,100,105,135
78,29,15,1,-55,105,105,135
78,30,13,0,-55,105,105,155
78,31,47,0,-55,105,105,170
78,32,10,1,-40,105,95,170
78,33,26,0,-50,105,95,180
78,34,45,1,-50,115,95,180
78,35,57,1,-50,125,95,180
78,36,40,1,-50,115,105,180
78,37,58,0,-50,105,105,180
78,38,13,0,-50,105,105,200
78,39,36,1,-50,115,105,200
78,40,15,0,-35,110,105,200
78,41,30,1,-35,110,115,200
78,42,29,0,-55,110,120,200
78,43,20,0,-65,110,135,200
78,44,11,0,-70,110,135,200
78,45,6,1,-80,110,135,210
78,46,19,0,-80,110,135,210
78,47,17,0,-100,130,135,210
78,48,36,1,-100,140,135,210
78,49,26,1,-90,140,130,210
78,50,22,0,-100,140,140,210
78,51,24,0,-105,140,140,210
78,52,23,1,-105,145,135,210
78,53,46,1,-100,145,135,210
78,54,42,0,-115,145,135,225
78,55,43,0,-95,145,125,225
78,56,2,0,-105,145,145,225
78,57,23,1,-105,150,140,225
78,58,7,1,-100,150,140,225
78,59,36,0,-100,145,140,240
78,60,43,1,-100,145,145,235
78,61,45,0,-100,145,145,250
78,62,10,1,-85,145,135,250
78,63,37,0,-100,165,135,250
78,64,8,1,-115,165,135,260
78,65,9,0,-125,165,135,265
78,66,28,1,-115,165,135,265
78,67,25,0,-115,160,135,265
78,68,23,0,-125,160,135,275
78,69,3,1,-135,160,135,285
78,70,6,1,-145,160,135,295
78,71,42,1,-145,165,135,295
78,72,19,0,-145,165,135,295
78,73,10,0,-155,175,135,295
78,74,41,0,-165,190,135,295
78,75,4,0,-180,205,135,295
78,76,20,1,-180,215,120,295
78,77,5,0,-190,215,125,295
78,78,37,0,-205,235,125,295
78,79,15,1,-205,240,125,295
78,80,7,1,-200,240,125,295
78,81,25,1,-200,250,125,295
78,82,22,0,-210,250,135,295
78,83,26,0,-220,250,135,305
78,84,4,0,-235,265,135,305
78,85,42,1,-235,270,135,305
78,86,1,1,-245,270,135,310
78,87,14,1,-245,280,135,310
78,88,20,1,-245,290,120,310
78,89,3,1,-255,290,120,320
78,90,17,0,-275,310,120,320
78,91,50,1,-275,320,120,320
78,92,21,1,-270,320,110,320
78,93,43,0,-250,320,100,320
78,94,1,1,-260,320,100,325
78,95,20,1,-260,330,85,325
78,96,28,0,-280,330,85,340
78,97,36,1,-280,340,85,340
78,98,3,0,-265,340,80,340
78,99,16,1,-265,340,70,340
79,0,25,1,50,60,50,50
79,1,26,1,60,60,45,50
79,2,20,1,60,70,30,50
79,3,42,0,45,70,30,65
79,4,10,1,60,70,20,65
79,5,2,1,65,70,10,65
79,6,43,1,65,70,15,60
79,7,37,0,50,90,15,60
79,8,40,0,50,100,5,60
79,9,36,1,50,110,5,60
79,10,22,0,40,110,15,60
79,11,13,0,40,110,15,80
79,12,6,1,30,110,15,90
79,13,12,1,35,110,15,90
79,14,38,1,40,110,15,90
79,15,40,1,40,100,25,90
79,16,44,0,40,100,35,100
79,17,13,0,40,100,35,120
79,18,48,1,40,100,35,120
79,19,41,0,30,115,35,120
79,20,29,1,30,135,15,120
79,21,11,0,25,135,15,120
79,22,14,0,25,135,15,130
79,23,23,1,25,140,10,130
79,24,46,1,30,140,10,130
79,25,17,0,10,160,10,130
79,26,16,1,10,160,0,130
79,27,28,0,-10,160,0,145
79,28,21,0,-20,160,20,145
79,29,3,1,-30,160,20,155
79,30,31,1,-30,160,30,155
79,31,40,0,-30,170,20,155
79,32,47,0,-30,170,20,170
79,33,46,0,-40,170,20,185
79,34,29,1,-40,190,0,185
79,35,25,0,-40,185,0,185
79,36,2,0,-50,185,20,185
79,37,38,1,-45,185,20,185
79,38,5,1,-40,185,10,185
79,39,20,1,-40,195,-5,185
79,40,24,1,-35,195,-5,185
79,41,36,1,-35,205,-5,185
79,42,29,0,-55,205,0,185
79,43,22,1,-55,210,-10,185
79,44,42,1,-55,215,-10,185
79,45,40,1,-55,205,0,185
79,46,2,1,-50,205,-10,185
79,47,39,0,-60,220,-10,185
79,48,15,1,-60,225,-10,185
79,49,12,0,-65,235,-10,185
79,50,41,0,-75,250,-10,185
79,51,11,0,-80,250,-10,185
79,52,21,1,-75,250,-20,185
79,53,32,1,-75,240,-5,185
79,54,36,0,-75,235,-5,200
79,55,57,0,-75,235,-5,225
79,56,13,1,-70,240,-5,225
79,57,6,1,-80,240,-5,235
79,58,25,1,-80,250,-5,235
79,59,42,0,-95,250,-5,250
79,60,7,0,-110,260,-5,250
79,61,24,0,-115,260,-5,250
79,62,2,1,-110,260,-15,250
79,63,1,1,-120,260,-15,255
79,64,14,1,-120,270,-15,255
79,65,23,0,-130,270,-15,265
79,66,42,1,-130,275,-15,265
79,67,58,0,-130,265,-15,265
79,68,1,1,-140,265,-15,270
79,69,38,0,-150,275,-15,270
79,70,29,0,-170,275,-10,270
79,71,5,1,-165,275,-20,270
79,72,17,0,-185,295,-20,270
79,73,44,0,-185,295,-10,280
79,74,16,1,-185,295,-20,280
79,75,13,0,-185,295,-20,300
79,76,27,0,-175,285,-20,300
79,77,41,1,-170,275,-20,300
79,78,37,0,-185,295,-20,300
79,79,20,0,-195,295,-5,300
79,80,1,1,-205,295,-5,305
79,81,44,1,-200,295,-5,305
79,82,8,0,-200,300,-15,305
79,83,38,1,-195,300,-15,305
79,84,18,0,-225,300,-15,335
79,85,11,1,-220,300,-15,335
79,86,21,0,-230,300,5,335
79,87,1,0,-220,300,-5,335
79,88,41,0,-230,315,-5,335
79,89,5,1,-225,315,-15,335
79,90,17,1,-255,315,0,335
79,91,26,1,-245,315,-5,335
79,92,24,1,-240,315,-5,335
79,93,4,0,-255,330,-5,335
79,94,1,1,-265,330,-5,340
79,95,2,0,-275,330,15,340
79,96,19,0,-275,330,15,340
79,97,5,0,-285,330,20,340
79,98,45,1,-285,340,20,340
79,99,59,1,-285,355,20,340
80,0,17,1,20,50,65,50
80,1,1,0,30,50,55,50
80,2,7,0,15,60,55,50
80,3,18,1,25,60,55,50
80,4,28,0,5,60,55,65
80,5,13,0,5,60,55,85
80,6,44,1,10,60,55,85
80,7,45,1,10,70,55,85
80,8,2,0,0,70,75,85
80,9,39,0,-10,85,75,85
80,10,11,1,-5,85,75,85
80,11,13,1,0,90,75,85
80,12,7,1,5,90,75,85
80,13,48,1,5,90,75,85
80,14,8,1,-10,90,75,95
80,15,11,0,-15,90,75,95
80,16,29,1,-15,110,55,95
80,17,7,1,-10,110,55,95
80,18,26,1,0,110,50,95
80,19,24,1,5,110,50,95
80,20,3,0,20,110,45,95
80,21,6,0,30,110,40,95
80,22,42,1,30,115,40,95
80,23,23,1,30,120,35,95
80,24,29,1,30,140,15,95
80,25,45,1,30,150,15,95
80,26,19,0,30,150,15,95
80,27,46,1,35,150,15,95
80,28,43,1,35,150,20,90
80,29,14,0,35,150,20,100
80,30,25,0,35,145,20,100
80,31,20,0,25,145,35,100
80,32,17,0,5,165,35,100
80,33,36,1,5,175,35,100
80,34,21,0,-5,175,55,100
80,35,43,0,15,175,45,100
80,36,37,1,25,175,45,100
80,37,47,1,25,175,45,100
80,38,44,1,30,175,45,100
80,39,45,0,30,175,45,115
80,40,27,0,40,165,45,115
80,41,49,0,40,160,45,130
80,42,36,1,40,170,45,130
80,43,41,0,30,185,45,130
80,44,1,1,20,185,45,135
80,45,48,0,20,185,45,165
80,46,28,1,30,185,45,165
80,47,45,1,30,195,45,165
80,48,4,0,15,210,45,165
80,49,1,1,5,210,45,170
80,50,8,1,-10,210,45,180
80,51,19,0,-10,210,45,180
80,52,50,1,-10,220,45,180
80,53,9,0,-20,220,45,185
80,54,17,0,-40,240,45,185
80,55,25,1,-40,250,45,185
80,56,26,1,-30,250,40,185
80,57,44,1,-25,250,40,185
80,58,20,1,-25,260,25,185
80,59,17,1,-55,260,40,185
80,60,41,1,-50,250,40,185
80,61,7,0,-65,260,40,185
80,62,24,1,-60,260,40,185
80,63,12,0,-65,270,40,185
80,64,46,0,-75,270,40,200
80,65,2,1,-70,270,30,200
80,66,27,1,-70,285,25,200
80,67,31,1,-70,285,35,200
80,68,42,0,-85,285,35,215
80,69,51,0,-85,270,35,235
80,70,48,1,-85,270,35,235
80,71,39,0,-95,285,35,235
80,72,24,1,-90,285,35,235
80,73,29,1,-90,305,15,235
80,74,8,1,-105,305,15,245
80,75,15,0,-90,300,15,245
80,76,42,0,-105,300,15,260
80,77,19,0,-105,300,15,260
80,78,24,0,-110,300,15,260
80,79,28,0,-130,300,15,275
80,80,20,1,-130,310,0,275
80,81,4,0,-145,325,0,275
80,82,23,1,-145,330,-5,275
80,83,25,1,-145,340,-5,275
80,84,17,1,-175,340,10,275
80,85,28,0,-195,340,10,290
80,86,4,0,-210,355,10,290
80,87,39,0,-220,370,10,290
80,88,45,1,-220,380,10,290
80,89,37,1,-210,380,10,290
80,90,7,0,-225,390,10,290
80,91,30,1,-225,390,20,290
80,92,2,0,-235,390,40,290
80,93,23,1,-235,395,35,290
80,94,16,1,-235,395,25,290
80,95,27,0,-225,385,25,290
80,96,42,1,-225,390,25,290
80,97,7,0,-240,400,25,290
80,98,52,0,-220,390,25,290
80,99,25,1,-220,400,25,290
81,0,43,1,50,50,55,45
81,1,18,1,60,50,55,45
81,2,5,0,50,50,60,45
81,3,27,1,50,65,55,45
81,4,1,1,40,65,55,50
81,5,8,1,25,65,55,60
81,6,40,1,25,55,65,60
81,7,41,0,15,70,65,60
81,8,15,0,30,65,65,60
81,9,37,1,40,65,65,60
81,10,25,1,40,75,65,60
81,11,27,1,40,90,60,60
81,12,49,0,40,85,60,75
81,13,4,1,50,85,60,75
81,14,47,0,50,85,60,90
81,15,9,1,55,85,60,90
81,16,42,1,55,90,60,90
81,17,29,0,35,90,65,90
81,18,18,1,45,90,65,90
81,19,8,1,30,90,65,100
81,20,13,1,35,95,65,100
81,21,2,1,40,95,55,100
81,22,38,0,30,105,55,100
81,23,44,0,30,105,65,110
81,24,39,0,20,120,65,110
81,25,31,1,20,120,75,110
81,26,46,0,10,120,75,125
81,27,2,0,0,120,95,125
81,28,5,1,5,120,85,125
81,29,41,1,10,110,85,125
81,30,3,1,0,110,85,135
81,31,28,1,10,110,85,135
81,32,43,0,30,110,75,135
81,33,40,0,30,120,65,135
81,34,16,0,15,130,65,135
81,35,23,1,15,135,60,135
81,36,8,0,15,140,50,135
81,37,32,1,15,130,65,135
81,38,1,1,5,130,65,140
81,39,16,1,5,130,55,140
81,40,36,1,5,140,55,140
81,41,21,1,10,140,45,140
81,42,26,1,20,140,40,140
81,43,43,1,20,140,45,135
81,44,17,0,0,160,45,135
81,45,44,1,5,160,45,135
81,46,8,1,-10,160,45,145
81,47,41,1,-5,150,45,145
81,48,18,1,5,150,45,145
81,49,7,1,10,150,45,145
81,50,9,1,15,150,45,145
81,51,14,0,15,150,45,155
81,52,4,0,0,165,45,155
81,53,3,0,15,165,40,155
81,54,13,1,20,170,40,155
81,55,5,0,10,170,45,155
81,56,36,1,10,180,45,155
81,57,37,0,-5,200,45,155
81,58,44,1,0,200,45,155
81,59,11,0,-5,200,45,155
81,60,3,0,10,200,40,155
81,61,13,0,10,200,40,175
81,62,10,1,25,200,30,175
81,63,7,0,10,210,30,175
81,64,37,1,20,210,30,175
81,65,11,0,15,210,30,175
81,66,8,0,15,215,20,175
81,67,1,0,25,215,10,175
81,68,36,1,25,225,10,175
81,69,39,0,15,240,10,175
81,70,33,0,45,240,10,175
81,71,46,0,35,240,10,190
81,72,13,1,40,245,10,190
81,73,28,0,20,245,10,205
81,74,4,0,5,260,10,205
81,75,18,0,-25,260,10,235
81,76,11,1,-20,260,10,235
81,77,34,1,-5,260,10,235
81,78,15,1,-5,265,10,235
81,79,25,0,-5,260,10,235
81,80,22,0,-15,260,20,235
81,81,27,1,-15,275,15,235
81,82,36,1,-15,285,15,235
81,83,28,0,-35,285,15,250
81,84,30,1,-35,285,25,250
81,85,8,1,-50,285,25,260
81,86,47,1,-50,285,25,260
81,87,43,1,-50,285,30,255
81,88,11,1,-45,285,30,255
81,89,12,0,-50,295,30,255
81,90,35,0,-50,295,30,255
81,91,10,1,-35,295,20,255
81,92,45,1,-35,305,20,255
81,93,39,0,-45,320,20,255
81,94,14,1,-45,330,20,255
81,95,50,0,-45,330,20,270
81,96,16,0,-60,340,20,270
81,97,38,1,-55,340,20,270
81,98,6,0,-45,340,15,270
81,99,37,1,-35,340,15,270
82,0,4,1,60,50,50,50
82,1,57,1,60,60,50,50
82,2,20,0,50,60,65,50
82,3,3,1,40,60,65,60
82,4,27,0,50,50,65,60
82,5,23,0,40,50,65,70
82,6,19,0,40,50,65,70
82,7,30,1,40,50,75,70
82,8,42,1,40,55,75,70
82,9,18,0,10,55,75,100
82,10,13,0,10,55,75,120
82,11,6,0,20,55,70,120
82,12,20,1,20,65,55,120
82,13,24,0,15,65,55,120
82,14,12,1,20,65,55,120
82,15,45,1,20,75,55,120
82,16,27,0,30,65,55,120
82,17,49,0,30,60,55,135
82,18,37,0,15,80,55,135
82,19,3,0,30,80,50,135
82,20,14,0,30,80,50,145
82,21,23,0,20,80,50,155
82,22,41,1,25,70,50,155
82,23,22,0,15,70,60,155
82,24,40,0,15,80,50,155
82,25,26,1,25,80,45,155
82,26,30,1,25,80,55,155
82,27,25,0,25,75,55,155
82,28,9,1,30,75,55,155
82,29,13,1,35,80,55,155
82,30,48,1,35,80,55,155
82,31,50,0,35,80,55,170
82,32,46,1,40,80,55,170
82,33,47,1,40,80,55,170
82,34,12,1,45,80,55,170
82,35,10,0,35,90,55,170
82,36,6,0,45,90,50,170
82,37,41,0,35,105,50,170
82,38,22,1,35,110,40,170
82,39,3,1,25,110,40,180
82,40,42,0,10,110,40,195
82,41,37,1,20,110,40,195
82,42,6,1,10,110,40,205
82,43,28,0,-10,110,40,220
82,44,12,0,-15,120,40,220
82,45,11,1,-10,120,40,220
82,46,17,1,-40,120,55,220
82,47,7,0,-55,130,55,220
82,48,9,0,-65,130,55,225
82,49,37,1,-55,130,55,225
82,50,25,1,-55,140,55,225
82,51,10,1,-40,140,45,225
82,52,18,1,-30,140,45,225
82,53,22,0,-40,140,55,225
82,54,46,0,-50,140,55,240
82,55,41,0,-60,155,55,240
82,56,47,1,-60,155,55,240
82,57,17,1,-90,155,70,240
82,58,8,1,-105,155,70,250
82,59,36,0,-105,150,70,265
82,60,43,0,-85,150,60,265
82,61,44,1,-80,150,60,265
82,62,11,1,-75,150,60,265
82,63,48,0,-75,150,60,295
82,64,15,0,-60,145,60,295
82,65,7,1,-55,145,60,295
82,66,36,1,-55,155,60,295
82,67,40,0,-55,165,50,295
82,68,24,1,-50,165,50,295
82,69,5,0,-60,165,55,295
82,70,30,0,-60,165,45,320
82,71,13,0,-60,165,45,340
82,72,29,1,-60,185,25,340
82,73,11,1,-55,185,25,340
82,74,38,1,-50,185,25,340
82,75,31,0,-50,195,15,340
82,76,51,0,-50,180,15,360
82,77,46,0,-60,180,15,375
82,78,13,1,-55,185,15,375
82,79,40,0,-55,195,5,375
82,80,25,1,-55,205,5,375
82,81,28,1,-45,205,5,375
82,82,6,1,-55,205,5,385
82,83,8,1,-70,205,5,395
82,84,19,0,-70,205,5,395
82,85,1,0,-60,205,-5,395
82,86,23,1,-60,210,-10,395
82,87,14,0,-60,210,-10,405
82,88,17,1,-90,210,5,405
82,89,2,1,-85,210,-5,405
82,90,52,0,-65,200,-5,405
82,91,48,0,-65,200,-5,435
82,92,40,0,-65,210,-15,435
82,93,47,1,-65,210,-15,435
82,94,19,0,-65,210,-15,435
82,95,22,0,-75,210,-5,435
82,96,17,1,-105,210,10,435
82,97,28,0,-125,210,10,450
82,98,7,0,-140,220,10,450
82,99,21,1,-135,220,0,450
83,0,27,1,50,65,45,50
83,1,6,1,40,65,45,60
83,2,22,1,40,70,35,60
83,3,7,1,45,70,35,60
83,4,23,0,35,70,35,70
83,5,3,0,50,70,30,70
83,6,5,0,40,70,35,70
83,7,19,1,40,70,35,70
83,8,29,1,40,90,15,70
83,9,17,1,10,90,30,70
83,10,18,0,-20,90,30,100
83,11,49,0,-20,85,30,115
83,12,24,1,-15,85,30,115
83,13,26,0,-25,85,30,125
83,14,8,1,-40,85,30,135
83,15,46,0,-50,85,30,150
83,16,27,1,-50,100,25,150
83,17,42,0,-65,100,25,165
83,18,31,1,-65,100,35,165
83,19,16,0,-80,110,35,165
83,20,30,0,-80,110,25,190
83,21,39,0,-90,125,25,190
83,22,42,1,-90,130,25,190
83,23,14,1,-90,140,25,190
83,24,41,0,-100,155,25,190
83,25,48,0,-100,155,25,220
83,26,12,1,-95,155,25,220
83,27,18,0,-125,155,25,250
83,28,37,1,-115,155,25,250
83,29,26,1,-105,155,20,250
83,30,4,1,-95,155,20,250
83,31,3,0,-80,155,15,250
83,32,41,0,-90,170,15,250
83,33,9,1,-85,170,15,250
83,34,8,0,-85,175,5,250
83,35,11,1,-80,175,5,250
83,36,22,0,-90,175,15,250
83,37,18,0,-120,175,15,280
83,38,16,1,-120,175,5,280
83,39,21,0,-130,175,25,280
83,40,39,0,-140,190,25,280
83,41,13,0,-140,190,25,300
83,42,14,0,-140,190,25,310
83,43,38,1,-135,190,25,310
83,44,32,0,-135,210,10,310
83,45,47,1,-135,210,10,310
83,46,48,0,-135,210,10,340
83,47,6,0,-125,210,5,340
83,48,14,1,-125,220,5,340
83,49,10,1,-110,220,-5,340
83,50,1,0,-100,220,-15,340
83,51,3,0,-85,220,-20,340
83,52,25,0,-85,215,-20,340
83,53,13,0,-85,215,-20,360
83,54,37,1,-75,215,-20,360
83,55,30,1,-75,215,-10,360
83,56,5,1,-70,215,-20,360
83,57,48,0,-70,215,-20,390
83,58,15,0,-55,210,-20,390
83,59,43,1,-55,210,-15,385
83,60,13,1,-50,215,-15,385
83,61,3,1,-60,215,-15,395
83,62,2,1,-55,215,-25,395
83,63,14,0,-55,215,-25,405
83,64,10,0,-65,225,-25,405
83,65,40,0,-65,235,-35,405
83,66,38,0,-75,245,-35,405
83,67,7,0,-90,255,-35,405
83,68,41,0,-100,270,-35,405
83,69,27,0,-90,260,-35,405
83,70,8,1,-105,260,-35,415
83,71,12,0,-110,270,-35,415
83,72,11,1,-105,270,-35,415
83,73,25,1,-105,280,-35,415
83,74,41,0,-115,295,-35,415
83,75,47,0,-115,295,-35,430
83,76,18,0,-145,295,-35,460
83,77,26,0,-155,295,-35,470
83,78,46,0,-165,295,-35,485
83,79,23,1,-165,300,-40,485
83,80,9,0,-175,300,-40,490
83,81,4,0,-190,315,-40,490
83,82,16,1,-190,315,-50,490
83,83,7,0,-205,325,-50,490
83,84,26,0,-215,325,-50,500
83,85,28,1,-205,325,-50,500
83,86,33,0,-175,325,-50,500
83,87,8,0,-175,330,-60,500
83,88,17,0,-195,350,-60,500
83,89,2,0,-205,350,-40,500
83,90,6,0,-195,350,-45,500
83,91,46,0,-205,350,-45,515
83,92,13,1,-200,355,-45,515
83,93,50,0,-200,355,-45,530
83,94,43,0,-180,355,-55,530
83,95,44,1,-175,355,-55,530
83,96,46,0,-185,355,-55,545
83,97,9,1,-180,355,-55,545
83,98,24,0,-185,355,-55,545
83,99,14,0,-185,355,-55,555
84,0,19,1,50,50,50,50
84,1,17,1,20,50,65,50
84,2,41,0,10,65,65,50
84,3,23,0,0,65,65,60
84,4,10,0,-10,75,65,60
84,5,31,1,-10,75,75,60
84,6,1,0,0,75,65,60
84,7,57,1,0,85,65,60
84,8,42,1,0,90,65,60
84,9,32,0,0,110,50,60
84,10,36,0,0,105,50,75
84,11,24,1,5,105,50,75
84,12,19,0,5,105,50,75
84,13,14,0,5,105,50,85
84,14,3,0,20,105,45,85
84,15,28,1,30,105,45,85
84,16,42,1,30,110,45,85
84,17,4,1,40,110,45,85
84,18,17,0,20,130,45,85
84,19,21,1,25,130,35,85
84,20,10,0,15,140,35,85
84,21,25,1,15,150,35,85
84,22,5,1,20,150,25,85
84,23,28,0,0,150,25,100
84,24,33,0,30,150,25,100
84,25,21,1,35,150,15,100
84,26,24,0,30,150,15,100
84,27,30,0,30,150,5,125
84,28,37,0,15,170,5,125
84,29,38,1,20,170,5,125
84,30,26,1,30,170,0,125
84,31,3,1,20,170,0,135
84,32,5,0,10,170,5,135
84,33,7,0,-5,180,5,135
84,34,6,1,-15,180,5,145
84,35,26,1,-5,180,0,145
84,36,10,1,10,180,-10,145
84,37,30,1,10,180,0,145
84,38,5,1,15,180,-10,145
84,39,22,0,5,180,0,145
84,40,44,0,5,180,10,155
84,41,58,1,5,190,10,155
84,42,23,1,5,195,5,155
84,43,19,1,5,195,5,155
84,44,10,1,20,195,-5,155
84,45,44,0,20,195,5,165
84,46,38,1,25,195,5,165
84,47,46,1,30,195,5,165
84,48,26,0,20,195,5,175
84,49,23,1,20,200,0,175
84,50,9,1,25,200,0,175
84,51,25,0,25,195,0,175
84,52,40,1,25,185,10,175
84,53,29,1,25,205,-10,175
84,54,6,0,35,205,-15,175
84,55,22,0,25,205,-5,175
84,56,11,1,30,205,-5,175
84,57,14,0,30,205,-5,185
84,58,19,0,30,205,-5,185
84,59,48,0,30,205,-5,215
84,60,26,0,20,205,-5,225
84,61,18,0,-10,205,-5,255
84,62,29,1,-10,225,-25,255
84,63,8,0,-10,230,-35,255
84,64,17,1,-40,230,-20,255
84,65,36,0,-40,225,-20,270
84,66,26,0,-50,225,-20,280
84,67,22,1,-50,230,-30,280
84,68,13,0,-50,230,-30,300
84,69,11,0,-55,230,-30,300
84,70,16,0,-70,240,-30,300
84,71,1,0,-60,240,-40,300
84,72,40,0,-60,250,-50,300
84,73,12,0,-65,260,-50,300
84,74,22,1,-65,265,-60,300
84,75,19,1,-65,265,-60,300
84,76,15,1,-65,270,-60,300
84,77,17,1,-95,270,-45,300
84,78,16,0,-110,280,-45,300
84,79,1,0,-100,280,-55,300
84,80,44,1,-95,280,-55,300
84,81,4,0,-110,295,-55,300
84,82,43,1,-110,295,-50,295
84,83,46,1,-105,295,-50,295
84,84,1,1,-115,295,-50,300
84,85,18,0,-145,295,-50,330
84,86,59,1,-145,310,-50,330
84,87,23,1,-145,315,-55,330
84,88,48,0,-145,315,-55,360
84,89,12,0,-150,325,-55,360
84,90,34,0,-150,310,-30,360
84,91,44,1,-145,310,-30,360
84,92,25,0,-145,305,-30,360
84,93,6,0,-135,305,-35,360
84,94,47,0,-135,305,-35,375
84,95,28,0,-155,305,-35,390
84,96,7,1,-150,305,-35,390
84,97,41,1,-145,295,-35,390
84,98,15,0,-130,290,-35,390
84,99,43,0,-110,290,-45,390
85,0,41,0,40,65,50,50
85,1,13,0,40,65,50,70
85,2,18,0,10,65,50,100
85,3,1,0,20,65,40,100
85,4,28,1,30,65,40,100
85,5,26,1,40,65,35,100
85,6,2,0,30,65,55,100
85,7,13,0,30,65,55,120
85,8,16,0,15,75,55,120
85,9,6,1,5,75,55,130
85,10,48,0,5,75,55,160
85,11,25,0,5,70,55,160
85,12,19,1,5,70,55,160
85,13,7,1,10,70,55,160
85,14,42,0,-5,70,55,175
85,15,18,1,5,70,55,175
85,16,13,1,10,75,55,175
85,17,19,1,10,75,55,175
85,18,39,0,0,90,55,175
85,19,25,1,0,100,55,175
85,20,22,1,0,105,45,175
85,21,14,0,0,105,45,185
85,22,1,0,10,105,35,185
85,23,45,0,10,105,35,200
85,24,21,0,0,105,55,200
85,25,20,1,0,115,40,200
85,26,47,0,0,115,40,215
85,27,46,1,5,115,40,215
85,28,3,0,20,115,35,215
85,29,42,0,5,115,35,230
85,30,44,0,5,115,45,240
85,31,31,1,5,115,55,240
85,32,25,1,5,125,55,240
85,33,23,1,5,130,50,240
85,34,11,0,0,130,50,240
85,35,27,0,10,120,50,240
85,36,17,1,-20,120,65,240
85,37,29,0,-40,120,70,240
85,38,49,1,-40,125,70,240
85,39,21,1,-35,125,60,240
85,40,28,1,-25,125,60,240
85,41,37,1,-15,125,60,240
85,42,43,1,-15,125,65,235
85,43,22,1,-15,130,55,235
85,44,6,1,-25,130,55,245
85,45,47,0,-25,130,55,260
85,46,8,1,-40,130,55,270
85,47,23,0,-50,130,55,280
85,48,3,1,-60,130,55,290
85,49,22,0,-70,130,65,290
85,50,18,0,-100,130,65,320
85,51,46,1,-95,130,65,320
85,52,25,1,-95,140,65,320
85,53,9,0,-105,140,65,325
85,54,14,1,-105,150,65,325
85,55,48,1,-105,150,65,325
85,56,10,0,-115,160,65,325
85,57,39,0,-125,175,65,325
85,58,57,1,-125,185,65,325
85,59,45,0,-125,185,65,340
85,60,37,1,-115,185,65,340
85,61,19,1,-115,185,65,340
85,62,40,1,-115,175,75,340
85,63,14,0,-115,175,75,350
85,64,17,1,-145,175,90,350
85,65,3,0,-130,175,85,350
85,66,30,0,-130,175,75,375
85,67,23,0,-140,175,75,385
85,68,39,1,-135,175,75,385
85,69,58,1,-135,185,75,385
85,70,27,1,-135,200,70,385
85,71,1,0,-125,200,60,385
85,72,6,0,-115,200,55,385
85,73,44,1,-110,200,55,385
85,74,30,1,-110,200,65,385
85,75,12,1,-105,200,65,385
85,76,2,1,-100,200,55,385
85,77,24,0,-105,200,55,385
85,78,37,1,-95,200,55,385
85,79,3,1,-105,200,55,395
85,80,22,1,-105,205,45,395
85,81,13,0,-105,205,45,415
85,82,46,0,-115,205,45,430
85,83,18,1,-105,205,45,430
85,84,43,1,-105,205,50,425
85,85,3,1,-115,205,50,435
85,86,36,1,-115,215,50,435
85,87,40,0,-115,225,40,435
85,88,30,0,-115,225,30,460
85,89,18,0,-145,225,30,490
85,90,17,0,-165,245,30,490
85,91,3,0,-150,245,25,490
85,92,21,0,-160,245,45,490
85,93,22,1,-160,250,35,490
85,94,20,0,-170,250,50,490
85,95,14,1,-170,260,50,490
85,96,18,1,-160,260,50,490
85,97,47,0,-160,260,50,505
85,98,46,0,-170,260,50,520
85,99,59,1,-170,275,50,520
86,0,5,0,40,50,55,50
86,1,4,0,25,65,55,50
86,2,10,1,40,65,45,50
86,3,14,0,40,65,45,60
86,4,7,1,45,65,45,60
86,5,3,1,35,65,45,70
86,6,44,1,40,65,45,70
86,7,38,0,30,75,45,70
86,8,21,0,20,75,65,70
86,9,47,0,20,75,65,85
86,10,29,1,20,95,45,85
86,11,57,0,20,95,45,110
86,12,41,1,25,85,45,110
86,13,24,0,20,85,45,110
86,14,28,1,30,85,45,110
86,15,30,1,30,85,55,110
86,16,48,0,30,85,55,140
86,17,4,1,40,85,55,140
86,18,19,1,40,85,55,140
86,19,16,1,40,85,45,140
86,20,27,0,50,75,45,140
86,21,13,1,55,80,45,140
86,22,18,1,65,80,45,140
86,23,21,0,55,80,65,140
86,24,41,1,60,70,65,140
86,25,36,0,60,65,65,155
86,26,14,0,60,65,65,165
86,27,24,1,65,65,65,165
86,28,7,1,70,65,65,165
86,29,8,0,70,70,55,165
86,30,31,0,70,80,45,165
86,31,32,1,70,70,60,165
86,32,3,0,85,70,55,165
86,33,1,1,75,70,55,170
86,34,18,1,85,70,55,170
86,35,47,0,85,70,55,185
86,36,39,0,75,85,55,185
86,37,29,1,75,105,35,185
86,38,21,0,65,105,55,185
86,39,48,1,65,105,55,185
86,40,44,0,65,105,65,195
86,41,16,0,50,115,65,195
86,42,14,1,50,125,65,195
86,43,28,1,60,125,65,195
86,44,27,0,70,115,65,195
86,45,4,1,80,115,65,195
86,46,47,0,80,115,65,210
86,47,7,0,65,125,65,210
86,48,24,0,60,125,65,210
86,49,44,0,60,125,75,220
86,50,15,0,75,120,75,220
86,51,38,0,65,130,75,220
86,52,3,0,80,130,70,220
86,53,27,1,80,145,65,220
86,54,41,0,70,160,65,220
86,55,43,1,70,160,70,215
86,56,29,1,70,180,50,215
86,57,45,1,70,190,50,215
86,58,39,0,60,205,50,215
86,59,38,0,50,215,50,215
86,60,33,1,50,230,50,215
86,61,23,1,50,235,45,215
86,62,43,1,50,235,50,210
86,63,15,0,65,230,50,210
86,64,36,1,65,240,50,210
86,65,2,1,70,240,40,210
86,66,39,0,60,255,40,210
86,67,3,1,50,255,40,220
86,68,11,1,55,255,40,220
86,69,46,0,45,255,40,235
86,70,1,0,55,255,30,235
86,71,5,0,45,255,35,235
86,72,28,0,25,255,35,250
86,73,4,1,35,255,35,250
86,74,17,0,15,275,35,250
86,75,9,1,20,275,35,250
86,76,10,1,35,275,25,250
86,77,39,1,40,275,25,250
86,78,44,0,40,275,35,260
86,79,8,1,25,275,35,270
86,80,46,0,15,275,35,285
86,81,36,1,15,285,35,285
86,82,37,1,25,285,35,285
86,83,2,0,15,285,55,285
86,84,29,0,-5,285,60,285
86,85,11,0,-10,285,60,285
86,86,48,0,-10,285,60,315
86,87,24,0,-15,285,60,315
86,88,9,1,-10,285,60,315
86,89,14,0,-10,285,60,325
86,90,41,0,-20,300,60,325
86,91,30,0,-20,300,50,350
86,92,48,0,-20,300,50,380
86,93,20,1,-20,310,35,380
86,94,18,0,-50,310,35,410
86,95,9,0,-60,310,35,415
86,96,25,0,-60,305,35,415
86,97,17,0,-80,325,35,415
86,98,10,0,-90,335,35,415
86,99,18,1,-80,335,35,415
87,0,46,1,55,50,50,50
87,1,49,0,55,45,50,65
87,2,42,0,40,45,50,80
87,3,2,1,45,45,40,80
87,4,3,0,60,45,35,80
87,5,8,0,60,50,25,80
87,6,17,1,30,50,40,80
87,7,40,1,30,40,50,80
87,8,5,0,20,40,55,80
87,9,23,1,20,45,50,80
87,10,10,1,35,45,40,80
87,11,39,0,25,60,40,80
87,12,44,0,25,60,50,90
87,13,24,1,30,60,50,90
87,14,48,1,30,60,50,90
87,15,6,0,40,60,45,90
87,16,20,0,30,60,60,90
87,17,17,0,10,80,60,90
87,18,16,1,10,80,50,90
87,19,5,0,0,80,55,90
87,20,50,1,0,90,55,90
87,21,18,1,10,90,55,90
87,22,13,0,10,90,55,110
87,23,16,1,10,90,45,110
87,24,24,0,5,90,45,110
87,25,2,1,10,90,35,110
87,26,11,0,5,90,35,110
87,27,9,0,-5,90,35,115
87,28,4,0,-20,105,35,115
87,29,43,0,0,105,25,115
87,30,1,0,10,105,15,115
87,31,36,0,10,100,15,130
87,32,10,1,25,100,5,130
87,33,41,1,30,90,5,130
87,34,18,0,0,90,5,160
87,35,20,0,-10,90,20,160
87,36,7,1,-5,90,20,160
87,37,31,0,-5,100,10,160
87,38,40,0,-5,110,0,160
87,39,51,0,-5,95,0,180
87,40,10,1,10,95,-10,180
87,41,25,1,10,105,-10,180
87,42,23,1,10,110,-15,180
87,43,7,1,15,110,-15,180
87,44,32,0,15,130,-30,180
87,45,11,1,20,130,-30,180
87,46,28,1,30,130,-30,180
87,47,5,0,20,130,-25,180
87,48,47,0,20,130,-25,195
87,49,12,1,25,130,-25,195
87,50,22,0,15,130,-15,195
87,51,19,1,15,130,-15,195
87,52,6,0,25,130,-20,195
87,53,30,0,25,130,-30,220
87,54,40,1,25,120,-20,220
87,55,11,1,30,120,-20,220
87,56,8,0,30,125,-30,220
87,57,33,0,60,125,-30,220
87,58,16,0,45,135,-30,220
87,59,47,0,45,135,-30,235
87,60,44,1,50,135,-30,235
87,61,38,1,55,135,-30,235
87,62,9,0,45,135,-30,240
87,63,26,0,35,135,-30,250
87,64,20,1,35,145,-45,250
87,65,37,1,45,145,-45,250
87,66,5,0,35,145,-40,250
87,67,3,0,50,145,-45,250
87,68,26,0,40,145,-45,260
87,69,13,0,40,145,-45,280
87,70,48,1,40,145,-45,280
87,71,15,1,40,150,-45,280
87,72,7,0,25,160,-45,280
87,73,40,0,25,170,-55,280
87,74,20,1,25,180,-70,280
87,75,29,0,5,180,-65,280
87,76,24,1,10,180,-65,280
87,77,34,1,25,180,-65,280
87,78,27,0,35,170,-65,280
87,79,10,0,25,180,-65,280
87,80,39,1,30,180,-65,280
87,81,21,0,20,180,-45,280
87,82,25,1,20,190,-45,280
87,83,44,0,20,190,-35,290
87,84,9,1,25,190,-35,290
87,85,40,1,25,180,-25,290
87,86,12,1,30,180,-25,290
87,87,25,0,30,175,-25,290
87,88,7,0,15,185,-25,290
87,89,27,0,25,175,-25,290
87,90,41,0,15,190,-25,290
87,91,38,1,20,190,-25,290
87,92,39,1,25,190,-25,290
87,93,17,1,-5,190,-10,290
87,94,13,1,0,195,-10,290
87,95,19,1,0,195,-10,290
87,96,35,0,0,195,-10,290
87,97,23,0,-10,195,-10,300
87,98,20,1,-10,205,-25,300
87,99,9,1,-5,205,-25,300
88,0,25,0,50,45,50,50
88,1,14,0,50,45,50,60
88,2,3,0,65,45,45,60
88,3,38,1,70,45,45,60
88,4,23,0,60,45,45,70
88,5,47,0,60,45,45,85
88,6,2,1,65,45,35,85
88,7,37,1,75,45,35,85
88,8,42,1,75,50,35,85
88,9,27,0,85,40,35,85
88,10,38,1,90,40,35,85
88,11,16,0,75,50,35,85
88,12,25,0,75,45,35,85
88,13,24,1,80,45,35,85
88,14,26,0,70,45,35,95
88,15,10,0,60,55,35,95
88,16,9,1,65,55,35,95
88,17,11,1,70,55,35,95
88,18,36,1,70,65,35,95
88,19,5,0,60,65,40,95
88,20,7,1,65,65,40,95
88,21,8,1,50,65,40,105
88,22,42,0,35,65,40,120
88,23,57,0,35,65,40,145
88,24,18,1,45,65,40,145
88,25,44,0,45,65,50,155
88,26,9,1,50,65,50,155
88,27,10,1,65,65,40,155
88,28,5,1,70,65,30,155
88,29,42,1,70,70,30,155
88,30,31,0,70,80,20,155
88,31,43,1,70,80,25,150
88,32,20,1,70,90,10,150
88,33,8,1,55,90,10,160
88,34,39,1,60,90,10,160
88,35,13,1,65,95,10,160
88,36,18,0,35,95,10,190
88,37,48,1,35,95,10,190
88,38,15,0,50,90,10,190
88,39,4,0,35,105,10,190
88,40,36,1,35,115,10,190
88,41,30,0,35,115,0,215
88,42,18,1,45,115,0,215
88,43,20,1,45,125,-15,215
88,44,25,1,45,135,-15,215
88,45,1,1,35,135,-15,220
88,46,27,1,35,150,-20,220
88,47,6,1,25,150,-20,230
88,48,15,0,40,145,-20,230
88,49,32,0,40,165,-35,230
88,50,29,0,20,165,-30,230
88,51,44,1,25,165,-30,230
88,52,22,0,15,165,-20,230
88,53,3,0,30,165,-25,230
88,54,45,0,30,165,-25,245
88,55,21,1,35,165,-35,245
88,56,29,1,35,185,-55,245
88,57,47,1,35,185,-55,245
88,58,58,1,35,195,-55,245
88,59,12,0,30,205,-55,245
88,60,20,1,30,215,-70,245
88,61,4,1,40,215,-70,245
88,62,26,0,30,215,-70,255
88,63,41,0,20,230,-70,255
88,64,12,0,15,240,-70,255
88,65,42,1,15,245,-70,255
88,66,27,0,25,235,-70,255
88,67,9,1,30,235,-70,255
88,68,3,0,45,235,-75,255
88,69,39,0,35,250,-75,255
88,70,19,0,35,250,-75,255
88,71,47,1,35,250,-75,255
88,72,41,0,25,265,-75,255
88,73,36,1,25,275,-75,255
88,74,16,1,25,275,-85,255
88,75,24,1,30,275,-85,255
88,76,40,0,30,285,-95,255
88,77,14,0,30,285,-95,265
88,78,30,1,30,285,-85,265
88,79,16,0,15,295,-85,265
88,80,24,0,10,295,-85,265
88,81,8,1,-5,295,-85,275
88,82,37,1,5,295,-85,275
88,83,1,0,15,295,-95,275
88,84,47,0,15,295,-95,290
88,85,30,1,15,295,-85,290
88,86,8,1,0,295,-85,300
88,87,9,1,5,295,-85,300
88,88,18,0,-25,295,-85,330
88,89,40,1,-25,285,-75,330
88,90,39,1,-20,285,-75,330
88,91,29,0,-40,285,-70,330
88,92,6,0,-30,285,-75,330
88,93,48,1,-30,285,-75,330
88,94,30,0,-30,285,-85,355
88,95,9,1,-25,285,-85,355
88,96,23,1,-25,290,-90,355
88,97,33,0,5,290,-90,355
88,98,2,1,10,290,-100,355
88,99,21,0,0,290,-80,355
89,0,37,1,60,50,50,50
89,1,19,1,60,50,50,50
89,2,28,1,70,50,50,50
89,3,18,0,40,50,50,80
89,4,24,0,35,50,50,80
89,5,40,0,35,60,40,80
89,6,44,1,40,60,40,80
89,7,21,1,45,60,30,80
89,8,28,0,25,60,30,95
89,9,7,0,10,70,30,95
89,10,2,1,15,70,20,95
89,11,15,1,15,75,20,95
89,12,37,1,25,75,20,95
89,13,23,1,25,80,15,95
89,14,12,1,30,80,15,95
89,15,4,0,15,95,15,95
89,16,30,1,15,95,25,95
89,17,41,0,5,110,25,95
89,18,42,1,5,115,25,95
89,19,47,0,5,115,25,110
89,20,2,1,10,115,15,110
89,21,36,1,10,125,15,110
89,22,26,1,20,125,10,110
89,23,5,1,25,125,0,110
89,24,19,0,25,125,0,110
89,25,57,0,25,125,0,135
89,26,16,0,10,135,0,135
89,27,31,1,10,135,10,135
89,28,9,1,15,135,10,135
89,29,10,1,30,135,0,135
89,30,38,0,20,145,0,135
89,31,42,1,20,150,0,135
89,32,30,0,20,150,-10,160
89,33,41,0,10,165,-10,160
89,34,48,0,10,165,-10,190
89,35,2,0,0,165,10,190
89,36,47,1,0,165,10,190
89,37,13,0,0,165,10,210
89,38,38,1,5,165,10,210
89,39,30,1,5,165,20,210
89,40,42,1,5,170,20,210
89,41,8,0,5,175,10,210
89,42,25,1,5,185,10,210
89,43,19,1,5,185,10,210
89,44,23,1,5,190,5,210
89,45,5,0,-5,190,10,210
89,46,41,1,0,180,10,210
89,47,1,1,-10,180,10,215
89,48,26,0,-20,180,10,225
89,49,2,0,-30,180,30,225
89,50,20,1,-30,190,15,225
89,51,47,1,-30,190,15,225
89,52,11,1,-25,190,15,225
89,53,9,0,-35,190,15,230
89,54,10,1,-20,190,5,230
89,55,30,0,-20,190,-5,255
89,56,29,0,-40,190,0,255
89,57,4,1,-30,190,0,255
89,58,41,0,-40,205,0,255
89,59,3,1,-50,205,0,265
89,60,46,0,-60,205,0,280
89,61,6,1,-70,205,0,290
89,62,5,1,-65,205,-10,290
89,63,48,1,-65,205,-10,290
89,64,37,0,-80,225,-10,290
89,65,4,0,-95,240,-10,290
89,66,29,0,-115,240,-5,290
89,67,46,1,-110,240,-5,290
89,68,36,0,-110,235,-5,305
89,69,21,0,-120,235,15,305
89,70,40,0,-120,245,5,305
89,71,17,1,-150,245,20,305
89,72,18,1,-140,245,20,305
89,73,47,1,-140,245,20,305
89,74,1,1,-150,245,20,310
89,75,32,0,-150,265,5,310
89,76,58,0,-150,255,5,310
89,77,14,0,-150,255,5,320
89,78,30,0,-150,255,-5,345
89,79,21,0,-160,255,15,345
89,80,17,1,-190,255,30,345
89,81,6,1,-200,255,30,355
89,82,36,1,-200,265,30,355
89,83,38,0,-210,275,30,355
89,84,46,0,-220,275,30,370
89,85,47,1,-220,275,30,370
89,86,15,1,-220,280,30,370
89,87,43,0,-200,280,20,370
89,88,45,1,-200,290,20,370
89,89,30,1,-200,290,30,370
89,90,42,1,-200,295,30,370
89,91,24,1,-195,295,30,370
89,92,37,1,-185,295,30,370
89,93,21,0,-195,295,50,370
89,94,46,0,-205,295,50,385
89,95,12,0,-210,305,50,385
89,96,3,0,-195,305,45,385
89,97,24,0,-200,305,45,385
89,98,11,0,-205,305,45,385
89,99,30,0,-205,305,35,410
90,0,21,1,55,50,40,50
90,1,43,1,55,50,45,45
90,2,47,0,55,50,45,60
90,3,23,1,55,55,40,60
90,4,2,1,60,55,30,60
90,5,3,1,50,55,30,70
90,6,45,0,50,55,30,85
90,7,47,0,50,55,30,100
90,8,39,1,55,55,30,100
90,9,31,1,55,55,40,100
90,10,21,0,45,55,60,100
90,11,29,1,45,75,40,100
90,12,3,0,60,75,35,100
90,13,15,1,60,80,35,100
90,14,38,1,65,80,35,100
90,15,48,1,65,80,35,100
90,16,2,0,55,80,55,100
90,17,43,0,75,80,45,100
90,18,12,1,80,80,45,100
90,19,26,0,70,80,45,110
90,20,44,0,70,80,55,120
90,21,39,0,60,95,55,120
90,22,13,0,60,95,55,140
90,23,10,1,75,95,45,140
90,24,11,0,70,95,45,140
90,25,48,1,70,95,45,140
90,26,42,1,70,100,45,140
90,27,32,0,70,120,30,140
90,28,17,0,50,140,30,140
90,29,23,0,40,140,30,150
90,30,39,0,30,155,30,150
90,31,36,0,30,150,30,165
90,32,1,1,20,150,30,170
90,33,43,0,40,150,20,170
90,34,19,0,40,150,20,170
90,35,14,1,40,160,20,170
90,36,22,1,40,165,10,170
90,37,41,1,45,155,10,170
90,38,7,1,50,155,10,170
90,39,27,1,50,170,5,170
90,40,19,0,50,170,5,170
90,41,14,0,50,170,5,180
90,42,8,0,50,175,-5,180
90,43,28,1,60,175,-5,180
90,44,40,0,60,185,-15,180
90,45,26,1,70,185,-20,180
90,46,15,1,70,190,-20,180
90,47,41,0,60,205,-20,180
90,48,46,1,65,205,-20,180
90,49,20,0,55,205,-5,180
90,50,13,0,55,205,-5,200
90,51,10,1,70,205,-15,200
90,52,36,1,70,215,-15,200
90,53,18,0,40,215,-15,230
90,54,22,1,40,220,-25,230
90,55,8,0,40,225,-35,230
90,56,23,1,40,230,-40,230
90,57,21,0,30,230,-20,230
90,58,28,0,10,230,-20,245
90,59,25,1,10,240,-20,245
90,60,9,1,15,240,-20,245
90,61,14,1,15,250,-20,245
90,62,13,0,15,250,-20,265
90,63,57,1,15,260,-20,265
90,64,46,0,5,260,-20,280
90,65,43,1,5,260,-15,275
90,66,3,1,-5,260,-15,285
90,67,28,1,5,260,-15,285
90,68,4,1,15,260,-15,285
90,69,23,1,15,265,-20,285
90,70,1,1,5,265,-20,290
90,71,58,0,5,255,-20,290
90,72,13,1,10,260,-20,290
90,73,24,1,15,260,-20,290
90,74,5,0,5,260,-15,290
90,75,44,1,10,260,-15,290
90,76,47,1,10,260,-15,290
90,77,28,1,20,260,-15,290
90,78,15,0,35,255,-15,290
90,79,22,0,25,255,-5,290
90,80,59,1,25,270,-5,290
90,81,30,0,25,270,-15,315
90,82,20,0,15,270,0,315
90,83,42,0,0,270,0,330
90,84,48,0,0,270,0,360
90,85,6,1,-10,270,0,370
90,86,39,0,-20,285,0,370
90,87,7,1,-15,285,0,370
90,88,60,0,15,285,0,370
90,89,20,1,15,295,-15,370
90,90,45,0,15,295,-15,385
90,91,19,1,15,295,-15,385
90,92,1,1,5,295,-15,390
90,93,4,1,15,295,-15,390
90,94,9,1,20,295,-15,390
90,95,26,1,30,295,-20,390
90,96,47,1,30,295,-20,390
90,97,20,0,20,295,-5,390
90,98,14,0,20,295,-5,400
90,99,28,1,30,295,-5,400
91,0,6,0,60,50,45,50
91,1,2,0,50,50,65,50
91,2,44,1,55,50,65,50
91,3,45,0,55,50,65,65
91,4,26,1,65,50,60,65
91,5,20,1,65,60,45,65
91,6,39,1,70,60,45,65
91,7,7,0,55,70,45,65
91,8,24,0,50,70,45,65
91,9,22,1,50,75,35,65
91,10,37,1,60,75,35,65
91,11,45,1,60,85,35,65
91,12,39,0,50,100,35,65
91,13,24,0,45,100,35,65
91,14,23,0,35,100,35,75
91,15,40,1,35,90,45,75
91,16,36,1,35,100,45,75
91,17,20,1,35,110,30,75
91,18,1,0,45,110,20,75
91,19,29,0,25,110,25,75
91,20,14,1,25,120,25,75
91,21,41,1,30,110,25,75
91,22,21,1,35,110,15,75
91,23,43,1,35,110,20,70
91,24,4,1,45,110,20,70
91,25,24,1,50,110,20,70
91,26,13,0,50,110,20,90
91,27,2,0,40,110,40,90
91,28,18,0,10,110,40,120
91,29,27,0,20,100,40,120
91,30,47,1,20,100,40,120
91,31,30,0,20,100,30,145
91,32,13,1,25,105,30,145
91,33,29,1,25,125,10,145
91,34,8,1,10,125,10,155
91,35,12,1,15,125,10,155
91,36,40,1,15,115,20,155
91,37,3,1,5,115,20,165
91,38,24,0,0,115,20,165
91,39,23,0,-10,115,20,175
91,40,43,1,-10,115,25,170
91,41,45,1,-10,125,25,170
91,42,39,1,-5,125,25,170
91,43,48,0,-5,125,25,200
91,44,12,1,0,125,25,200
91,45,30,0,0,125,15,225
91,46,37,0,-15,145,15,225
91,47,39,1,-10,145,15,225
91,48,25,1,-10,155,15,225
91,49,40,0,-10,165,5,225
91,50,36,1,-10,175,5,225
91,51,38,1,-5,175,5,225
91,52,39,1,0,175,5,225
91,53,23,0,-10,175,5,235
91,54,31,0,-10,185,-5,235
91,55,2,1,-5,185,-15,235
91,56,37,1,5,185,-15,235
91,57,41,0,-5,200,-15,235
91,58,19,0,-5,200,-15,235
91,59,3,1,-15,200,-15,245
91,60,25,0,-15,195,-15,245
91,61,8,0,-15,200,-25,245
91,62,47,0,-15,200,-25,260
91,63,4,0,-30,215,-25,260
91,64,29,1,-30,235,-45,260
91,65,26,1,-20,235,-50,260
91,66,6,0,-10,235,-55,260
91,67,15,0,5,230,-55,260
91,68,3,1,-5,230,-55,270
91,69,2,0,-15,230,-35,270
91,70,39,0,-25,245,-35,270
91,71,26,1,-15,245,-40,270
91,72,23,0,-25,245,-40,280
91,73,41,1,-20,235,-40,280
91,74,57,0,-20,235,-40,305
91,75,11,1,-15,235,-40,305
91,76,5,0,-25,235,-35,305
91,77,36,1,-25,245,-35,305
91,78,2,1,-20,245,-45,305
91,79,25,1,-20,255,-45,305
91,80,43,1,-20,255,-40,300
91,81,24,1,-15,255,-40,300
91,82,16,1,-15,255,-50,300
91,83,40,0,-15,265,-60,300
91,84,8,0,-15,270,-70,300
91,85,30,1,-15,270,-60,300
91,86,11,1,-10,270,-60,300
91,87,3,0,5,270,-65,300
91,88,2,0,-5,270,-45,300
91,89,10,0,-15,280,-45,300
91,90,43,1,-15,280,-40,295
91,91,17,0,-35,300,-40,295
91,92,12,0,-40,310,-40,295
91,93,40,1,-40,300,-30,295
91,94,27,1,-40,315,-35,295
91,95,9,1,-35,315,-35,295
91,96,14,1,-35,325,-35,295
91,97,4,1,-25,325,-35,295
91,98,42,0,-40,325,-35,310
91,99,15,0,-25,320,-35,310
92,0,30,1,50,50,60,50
92,1,46,1,55,50,60,50
92,2,2,0,45,50,80,50
92,3,38,1,50,50,80,50
92,4,11,0,45,50,80,50
92,5,17,1,15,50,95,50
92,6,41,0,5,65,95,50
92,7,44,1,10,65,95,50
92,8,13,1,15,70,95,50
92,9,45,1,15,80,95,50
92,10,28,1,25,80,95,50
92,11,29,0,5,80,100,50
92,12,1,0,15,80,90,50
92,13,17,0,-5,100,90,50
92,14,18,0,-35,100,90,80
92,15,43,1,-35,100,95,75
92,16,12,0,-40,110,95,75
92,17,28,0,-60,110,95,90
92,18,45,1,-60,120,95,90
92,19,14,1,-60,130,95,90
92,20,21,1,-55,130,85,90
92,21,3,0,-40,130,80,90
92,22,36,1,-40,140,80,90
92,23,15,0,-25,135,80,90
92,24,37,1,-15,135,80,90
92,25,19,0,-15,135,80,90
92,26,44,0,-15,135,90,100
92,27,40,1,-15,125,100,100
92,28,42,1,-15,130,100,100
92,29,20,0,-25,130,115,100
92,30,15,1,-25,135,115,100
92,31,8,1,-40,135,115,110
92,32,19,1,-40,135,115,110
92,33,12,0,-45,145,115,110
92,34,43,0,-25,145,105,110
92,35,25,1,-25,155,105,110
92,36,37,0,-40,175,105,110
92,37,45,1,-40,185,105,110
92,38,2,1,-35,185,95,110
92,39,23,0,-45,185,95,120
92,40,27,0,-35,175,95,120
92,41,30,1,-35,175,105,120
92,42,39,1,-30,175,105,120
92,43,38,0,-40,185,105,120
92,44,41,1,-35,175,105,120
92,45,46,0,-45,175,105,135
92,46,45,0,-45,175,105,150
92,47,18,1,-35,175,105,150
92,48,42,0,-50,175,105,165
92,49,21,1,-45,175,95,165
92,50,25,0,-45,170,95,165
92,51,57,1,-45,180,95,165
92,52,7,1,-40,180,95,165
92,53,45,1,-40,190,95,165
92,54,4,1,-30,190,95,165
92,55,44,1,-25,190,95,165
92,56,18,1,-15,190,95,165
92,57,1,1,-25,190,95,170
92,58,42,0,-40,190,95,185
92,59,30,0,-40,190,85,210
92,60,4,0,-55,205,85,210
92,61,44,0,-55,205,95,220
92,62,45,0,-55,205,95,235
92,63,11,1,-50,205,95,235
92,64,31,1,-50,205,105,235
92,65,13,0,-50,205,105,255
92,66,39,1,-45,205,105,255
92,67,6,0,-35,205,100,255
92,68,7,0,-50,215,100,255
92,69,24,0,-55,215,100,255
92,70,29,0,-75,215,105,255
92,71,40,1,-75,205,115,255
92,72,10,0,-85,215,115,255
92,73,19,0,-85,215,115,255
92,74,30,1,-85,215,125,255
92,75,15,1,-85,220,125,255
92,76,41,1,-80,210,125,255
92,77,18,1,-70,210,125,255
92,78,19,1,-70,210,125,255
92,79,44,0,-70,210,135,265
92,80,17,1,-100,210,150,265
92,81,26,0,-110,210,150,275
92,82,43,0,-90,210,140,275
92,83,58,1,-90,220,140,275
92,84,3,1,-100,220,140,285
92,85,47,1,-100,220,140,285
92,86,48,1,-100,220,140,285
92,87,39,1,-95,220,140,285
92,88,19,0,-95,220,140,285
92,89,27,0,-85,210,140,285
92,90,42,0,-100,210,140,300
92,91,22,0,-110,210,150,300
92,92,41,0,-120,225,150,300
92,93,40,1,-120,215,160,300
92,94,26,1,-110,215,155,300
92,95,10,0,-120,225,155,300
92,96,29,0,-140,225,160,300
92,97,3,1,-150,225,160,310
92,98,6,0,-140,225,155,310
92,99,23,0,-150,225,155,320
93,0,6,0,60,50,45,50
93,1,18,1,70,50,45,50
93,2,8,1,55,50,45,60
93,3,41,1,60,40,45,60
93,4,25,0,60,35,45,60
93,5,22,0,50,35,55,60
93,6,40,1,50,25,65,60
93,7,5,1,55,25,55,60
93,8,49,0,55,20,55,75
93,9,18,0,25,20,55,105
93,10,38,0,15,30,55,105
93,11,44,1,20,30,55,105
93,12,21,0,10,30,75,105
93,13,2,1,15,30,65,105
93,14,3,1,5,30,65,115
93,15,27,0,15,20,65,115
93,16,47,0,15,20,65,130
93,17,13,1,20,25,65,130
93,18,24,0,15,25,65,130
93,19,46,0,5,25,65,145
93,20,43,1,5,25,70,140
93,21,42,0,-10,25,70,155
93,22,12,0,-15,35,70,155
93,23,1,1,-25,35,70,160
93,24,6,1,-35,35,70,170
93,25,41,0,-45,50,70,170
93,26,20,1,-45,60,55,170
93,27,24,0,-50,60,55,170
93,28,17,0,-70,80,55,170
93,29,45,1,-70,90,55,170
93,30,30,1,-70,90,65,170
93,31,29,1,-70,110,45,170
93,32,14,1,-70,120,45,170
93,33,23,1,-70,125,40,170
93,34,31,0,-70,135,30,170
93,35,13,0,-70,135,30,190
93,36,27,0,-60,125,30,190
93,37,14,0,-60,125,30,200
93,38,6,0,-50,125,25,200
93,39,11,0,-55,125,25,200
93,40,18,0,-85,125,25,230
93,41,4,0,-100,140,25,230
93,42,7,1,-95,140,25,230
93,43,15,0,-80,135,25,230
93,44,3,0,-65,135,20,230
93,45,13,0,-65,135,20,250
93,46,2,0,-75,135,40,250
93,47,48,1,-75,135,40,250
93,48,24,1,-70,135,40,250
93,49,12,1,-65,135,40,250
93,50,41,0,-75,150,40,250
93,51,19,1,-75,150,40,250
93,52,17,0,-95,170,40,250
93,53,3,1,-105,170,40,260
93,54,9,0,-115,170,40,265
93,55,44,0,-115,170,50,275
93,56,41,1,-110,160,50,275
93,57,17,0,-130,180,50,275
93,58,24,0,-135,180,50,275
93,59,48,0,-135,180,50,305
93,60,1,0,-125,180,40,305
93,61,10,1,-110,180,30,305
93,62,5,1,-105,180,20,305
93,63,9,0,-115,180,20,310
93,64,40,0,-115,190,10,310
93,65,19,1,-115,190,10,310
93,66,28,1,-105,190,10,310
93,67,41,0,-115,205,10,310
93,68,2,1,-110,205,0,310
93,69,13,0,-110,205,0,330
93,70,50,0,-110,205,0,345
93,71,28,1,-100,205,0,345
93,72,51,0,-100,190,0,365
93,73,43,0,-80,190,-10,365
93,74,15,0,-65,185,-10,365
93,75,7,1,-60,185,-10,365
93,76,5,1,-55,185,-20,365
93,77,22,1,-55,190,-30,365
93,78,41,1,-50,180,-30,365
93,79,43,0,-30,180,-40,365
93,80,42,1,-30,185,-40,365
93,81,7,1,-25,185,-40,365
93,82,45,1,-25,195,-40,365
93,83,28,1,-15,195,-40,365
93,84,52,0,5,185,-40,365
93,85,15,1,5,190,-40,365
93,86,14,1,5,200,-40,365
93,87,45,1,5,210,-40,365
93,88,41,0,-5,225,-40,365
93,89,27,0,5,215,-40,365
93,90,48,1,5,215,-40,365
93,91,8,0,5,220,-50,365
93,92,23,1,5,225,-55,365
93,93,25,1,5,235,-55,365
93,94,18,1,15,235,-55,365
93,95,39,0,5,250,-55,365
93,96,41,0,-5,265,-55,365
93,97,5,1,0,265,-65,365
93,98,38,0,-10,275,-65,365
93,99,13,0,-10,275,-65,385
94,0,4,1,60,50,50,50
94,1,26,0,50,50,50,60
94,2,13,0,50,50,50,80
94,3,36,1,50,60,50,80
94,4,11,1,55,60,50,80
94,5,20,1,55,70,35,80
94,6,23,1,55,75,30,80
94,7,43,0,75,75,20,80
94,8,12,0,70,85,20,80
94,9,37,1,80,85,20,80
94,10,7,0,65,95,20,80
94,11,9,0,55,95,20,85
94,12,29,0,35,95,25,85
94,13,23,0,25,95,25,95
94,14,36,0,25,90,25,110
94,15,48,1,25,90,25,110
94,16,4,1,35,90,25,110
94,17,31,1,35,90,35,110
94,18,12,1,40,90,35,110
94,19,8,1,25,90,35,120
94,20,29,1,25,110,15,120
94,21,17,0,5,130,15,120
94,22,11,1,10,130,15,120
94,23,16,0,-5,140,15,120
94,24,28,0,-25,140,15,135
94,25,32,0,-25,160,0,135
94,26,25,1,-25,170,0,135
94,27,18,1,-15,170,0,135
94,28,9,1,-10,170,0,135
94,29,33,1,-10,185,0,135
94,30,41,0,-20,200,0,135
94,31,2,0,-30,200,20,135
94,32,15,1,-30,205,20,135
94,33,18,1,-20,205,20,135
94,34,20,0,-30,205,35,135
94,35,34,1,-15,205,35,135
94,36,27,0,-5,195,35,135
94,37,28,1,5,195,35,135
94,38,9,0,-5,195,35,140
94,39,36,1,-5,205,35,140
94,40,57,0,-5,205,35,165
94,41,27,1,-5,220,30,165
94,42,37,1,5,220,30,165
94,43,39,0,-5,235,30,165
94,44,22,1,-5,240,20,165
94,45,23,1,-5,245,15,165
94,46,18,0,-35,245,15,195
94,47,21,1,-30,245,5,195
94,48,9,1,-25,245,5,195
94,49,40,0,-25,255,-5,195
94,50,22,0,-35,255,5,195
94,51,13,0,-35,255,5,215
94,52,14,1,-35,265,5,215
94,53,3,1,-45,265,5,225
94,54,36,0,-45,260,5,240
94,55,43,1,-45,260,10,235
94,56,22,1,-45,265,0,235
94,57,6,1,-55,265,0,245
94,58,9,1,-50,265,0,245
94,59,19,0,-50,265,0,245
94,60,48,0,-50,265,0,275
94,61,4,0,-65,280,0,275
94,62,36,1,-65,290,0,275
94,63,18,1,-55,290,0,275
94,64,6,0,-45,290,-5,275
94,65,3,1,-55,290,-5,285
94,66,17,0,-75,310,-5,285
94,67,14,0,-75,310,-5,295
94,68,25,0,-75,305,-5,295
94,69,41,1,-70,295,-5,295
94,70,47,1,-70,295,-5,295
94,71,7,0,-85,305,-5,295
94,72,16,1,-85,305,-15,295
94,73,9,0,-95,305,-15,300
94,74,42,0,-110,305,-15,315
94,75,4,1,-100,305,-15,315
94,76,22,1,-100,310,-25,315
94,77,5,0,-110,310,-20,315
94,78,10,0,-120,320,-20,315
94,79,41,0,-130,335,-20,315
94,80,20,0,-140,335,-5,315
94,81,28,0,-160,335,-5,330
94,82,26,1,-150,335,-10,330
94,83,5,0,-160,335,-5,330
94,84,2,0,-170,335,15,330
94,85,18,1,-160,335,15,330
94,86,45,1,-160,345,15,330
94,87,40,0,-160,355,5,330
94,88,35,0,-160,355,5,330
94,89,12,0,-165,365,5,330
94,90,10,1,-150,365,-5,330
94,91,30,0,-150,365,-15,355
94,92,42,1,-150,370,-15,355
94,93,16,0,-165,380,-15,355
94,94,20,1,-165,390,-30,355
94,95,37,1,-155,390,-30,355
94,96,38,0,-165,400,-30,355
94,97,9,0,-175,400,-30,360
94,98,17,0,-195,420,-30,360
94,99,12,0,-200,430,-30,360
95,0,41,1,55,40,50,50
95,1,49,1,55,45,50,50
95,2,10,1,70,45,40,50
95,3,20,0,60,45,55,50
95,4,14,0,60,45,55,60
95,5,42,1,60,50,55,60
95,6,15,1,60,55,55,60
95,7,6,1,50,55,55,70
95,8,39,1,55,55,55,70
95,9,8,0,55,60,45,70
95,10,20,1,55,70,30,70
95,11,11,1,60,70,30,70
95,12,57,1,60,80,30,70
95,13,45,0,60,80,30,85
95,14,3,1,50,80,30,95
95,15,23,0,40,80,30,105
95,16,16,1,40,80,20,105
95,17,42,0,25,80,20,120
95,18,36,0,25,75,20,135
95,19,44,1,30,75,20,135
95,20,22,0,20,75,30,135
95,21,26,1,30,75,25,135
95,22,38,1,35,75,25,135
95,23,1,1,25,75,25,140
95,24,40,0,25,85,15,140
95,25,25,1,25,95,15,140
95,26,23,1,25,100,10,140
95,27,6,0,35,100,5,140
95,28,39,0,25,115,5,140
95,29,21,0,15,115,25,140
95,30,13,1,20,120,25,140
95,31,43,0,40,120,15,140
95,32,1,1,30,120,15,145
95,33,5,1,35,120,5,145
95,34,18,0,5,120,5,175
95,35,28,0,-15,120,5,190
95,36,3,0,0,120,0,190
95,37,30,1,0,120,10,190
95,38,47,1,0,120,10,190
95,39,38,1,5,120,10,190
95,40,28,0,-15,120,10,205
95,41,29,1,-15,140,-10,205
95,42,46,1,-10,140,-10,205
95,43,14,0,-10,140,-10,215
95,44,20,1,-10,150,-25,215
95,45,42,0,-25,150,-25,230
95,46,43,1,-25,150,-20,225
95,47,21,1,-20,150,-30,225
95,48,24,1,-15,150,-30,225
95,49,46,0,-25,150,-30,240
95,50,42,0,-40,150,-30,255
95,51,1,0,-30,150,-40,255
95,52,10,1,-15,150,-50,255
95,53,27,1,-15,165,-55,255
95,54,43,0,5,165,-65,255
95,55,37,1,15,165,-65,255
95,56,29,1,15,185,-85,255
95,57,17,0,-5,205,-85,255
95,58,20,1,-5,215,-100,255
95,59,1,0,5,215,-110,255
95,60,43,1,5,215,-105,250
95,61,2,0,-5,215,-85,250
95,62,8,1,-20,215,-85,260
95,63,17,0,-40,235,-85,260
95,64,25,1,-40,245,-85,260
95,65,36,0,-40,240,-85,275
95,66,18,1,-30,240,-85,275
95,67,37,0,-45,260,-85,275
95,68,6,0,-35,260,-90,275
95,69,19,1,-35,260,-90,275
95,70,26,0,-45,260,-90,285
95,71,5,1,-40,260,-100,285
95,72,58,1,-40,270,-100,285
95,73,22,0,-50,270,-90,285
95,74,31,1,-50,270,-80,285
95,75,7,1,-45,270,-80,285
95,76,25,1,-45,280,-80,285
95,77,9,1,-40,280,-80,285
95,78,5,1,-35,280,-90,285
95,79,2,1,-30,280,-100,285
95,80,16,1,-30,280,-110,285
95,81,59,0,-30,280,-120,305
95,82,21,1,-25,280,-130,305
95,83,38,1,-20,280,-130,305
95,84,13,1,-15,285,-130,305
95,85,2,0,-25,285,-110,305
95,86,19,1,-25,285,-110,305
95,87,16,1,-25,285,-120,305
95,88,9,1,-20,285,-120,305
95,89,17,0,-40,305,-120,305
95,90,28,0,-60,305,-120,320
95,91,19,0,-60,305,-120,320
95,92,13,1,-55,310,-120,320
95,93,2,1,-50,310,-130,320
95,94,9,0,-60,310,-130,325
95,95,6,1,-70,310,-130,335
95,96,41,1,-65,300,-130,335
95,97,29,1,-65,320,-150,335
95,98,2,0,-75,320,-130,335
95,99,45,1,-75,330,-130,335
96,0,38,0,40,60,50,50
96,1,24,1,45,60,50,50
96,2,30,1,45,60,60,50
96,3,46,0,35,60,60,65
96,4,47,1,35,60,60,65
96,5,48,1,35,60,60,65
96,6,41,0,25,75,60,65
96,7,20,0,15,75,75,65
96,8,1,1,5,75,75,70
96,9,40,1,5,65,85,70
96,10,31,0,5,75,75,70
96,11,4,1,15,75,75,70
96,12,5,1,20,75,65,70
96,13,22,0,10,75,75,70
96,14,48,1,10,75,75,70
96,15,41,0,0,90,75,70
96,16,19,1,0,90,75,70
96,17,37,1,10,90,75,70
96,18,7,1,15,90,75,70
96,19,48,1,15,90,75,70
96,20,27,0,25,80,75,70
96,21,4,0,10,95,75,70
96,22,44,1,15,95,75,70
96,23,5,1,20,95,65,70
96,24,24,0,15,95,65,70
96,25,27,0,25,85,65,70
96,26,9,0,15,85,65,75
96,27,3,0,30,85,60,75
96,28,40,1,30,75,70,75
96,29,45,1,30,85,70,75
96,30,20,0,20,85,85,75
96,31,11,1,25,85,85,75
96,32,43,0,45,85,75,75
96,33,44,1,50,85,75,75
96,34,41,0,40,100,75,75
96,35,42,1,40,105,75,75
96,36,7,0,25,115,75,75
96,37,6,1,15,115,75,85
96,38,22,0,5,115,85,85
96,39,38,0,-5,125,85,85
96,40,21,1,0,125,75,85
96,41,11,1,5,125,75,85
96,42,57,0,5,125,75,110
96,43,8,0,5,130,65,110
96,44,23,0,-5,130,65,120
96,45,24,1,0,130,65,120
96,46,9,1,5,130,65,120
96,47,32,0,5,150,50,120
96,48,41,1,10,140,50,120
96,49,23,0,0,140,50,130
96,50,36,0,0,135,50,145
96,51,48,0,0,135,50,175
96,52,15,0,15,130,50,175
96,53,38,0,5,140,50,175
96,54,37,1,15,140,50,175
96,55,10,0,5,150,50,175
96,56,23,1,5,155,45,175
96,57,8,1,-10,155,45,185
96,58,20,0,-20,155,60,185
96,59,58,1,-20,165,60,185
96,60,9,1,-15,165,60,185
96,61,13,1,-10,170,60,185
96,62,5,1,-5,170,50,185
96,63,6,0,5,170,45,185
96,64,36,1,5,180,45,185
96,65,46,1,10,180,45,185
96,66,12,0,5,190,45,185
96,67,1,0,15,190,35,185
96,68,6,0,25,190,30,185
96,69,43,0,45,190,20,185
96,70,42,1,45,195,20,185
96,71,17,0,25,215,20,185
96,72,45,0,25,215,20,200
96,73,47,0,25,215,20,215
96,74,13,1,30,220,20,215
96,75,33,1,30,235,20,215
96,76,20,1,30,245,5,215
96,77,21,1,35,245,-5,215
96,78,12,0,30,255,-5,215
96,79,6,0,40,255,-10,215
96,80,25,0,40,250,-10,215
96,81,8,0,40,255,-20,215
96,82,15,0,55,250,-20,215
96,83,24,0,50,250,-20,215
96,84,47,0,50,250,-20,230
96,85,43,0,70,250,-30,230
96,86,46,0,60,250,-30,245
96,87,29,1,60,270,-50,245
96,88,4,1,70,270,-50,245
96,89,14,1,70,280,-50,245
96,90,20,1,70,290,-65,245
96,91,17,0,50,310,-65,245
96,92,21,1,55,310,-75,245
96,93,36,1,55,320,-75,245
96,94,6,1,45,320,-75,255
96,95,23,1,45,325,-80,255
96,96,24,1,50,325,-80,255
96,97,37,1,60,325,-80,255
96,98,14,1,60,335,-80,255
96,99,46,0,50,335,-80,270
97,0,45,1,50,60,50,50
97,1,24,1,55,60,50,50
97,2,3,0,70,60,45,50
97,3,29,1,70,80,25,50
97,4,6,0,80,80,20,50
97,5,22,1,80,85,10,50
97,6,30,0,80,85,0,75
97,7,57,0,80,85,0,100
97,8,16,1,80,85,-10,100
97,9,14,1,80,95,-10,100
97,10,8,0,80,100,-20,100
97,11,37,1,90,100,-20,100
97,12,43,1,90,100,-15,95
97,13,9,1,95,100,-15,95
97,14,11,1,100,100,-15,95
97,15,6,0,110,100,-20,95
97,16,4,1,120,100,-20,95
97,17,15,1,120,105,-20,95
97,18,40,1,120,95,-10,95
97,19,5,0,110,95,-5,95
97,20,10,0,100,105,-5,95
97,21,8,0,100,110,-15,95
97,22,41,1,105,100,-15,95
97,23,24,1,110,100,-15,95
97,24,30,0,110,100,-25,120
97,25,42,0,95,100,-25,135
97,26,7,0,80,110,-25,135
97,27,38,0,70,120,-25,135
97,28,46,1,75,120,-25,135
97,29,45,0,75,120,-25,150
97,30,12,1,80,120,-25,150
97,31,16,0,65,130,-25,150
97,32,6,0,75,130,-30,150
97,33,15,1,75,135,-30,150
97,34,38,1,80,135,-30,150
97,35,3,0,95,135,-35,150
97,36,47,0,95,135,-35,165
97,37,25,1,95,145,-35,165
97,38,9,0,85,145,-35,170
97,39,36,0,85,140,-35,185
97,40,8,0,85,145,-45,185
97,41,44,1,90,145,-45,185
97,42,13,0,90,145,-45,205
97,43,7,0,75,155,-45,205
97,44,1,1,65,155,-45,210
97,45,20,1,65,165,-60,210
97,46,15,1,65,170,-60,210
97,47,25,0,65,165,-60,210
97,48,5,1,70,165,-70,210
97,49,36,1,70,175,-70,210
97,50,2,0,60,175,-50,210
97,51,9,0,50,175,-50,215
97,52,22,1,50,180,-60,215
97,53,12,1,55,180,-60,215
97,54,26,1,65,180,-65,215
97,55,29,1,65,200,-85,215
97,56,19,1,65,200,-85,215
97,57,44,1,70,200,-85,215
97,58,42,0,55,200,-85,230
97,59,47,1,55,200,-85,230
97,60,28,1,65,200,-85,230
97,61,8,0,65,205,-95,230
97,62,5,1,70,205,-105,230
97,63,10,0,60,215,-105,230
97,64,14,1,60,225,-105,230
97,65,13,0,60,225,-105,250
97,66,44,1,65,225,-105,250
97,67,25,1,65,235,-105,250
97,68,27,0,75,225,-105,250
97,69,31,0,75,235,-115,250
97,70,2,0,65,235,-95,250
97,71,29,1,65,255,-115,250
97,72,15,0,80,250,-115,250
97,73,25,1,80,260,-115,250
97,74,13,0,80,260,-115,270
97,75,10,1,95,260,-125,270
97,76,36,1,95,270,-125,270
97,77,32,1,95,260,-110,270
97,78,4,0,80,275,-110,270
97,79,5,0,70,275,-105,270
97,80,11,1,75,275,-105,270
97,81,33,0,105,275,-105,270
97,82,15,1,105,280,-105,270
97,83,29,0,85,280,-100,270
97,84,22,0,75,280,-90,270
97,85,43,0,95,280,-100,270
97,86,7,0,80,290,-100,270
97,87,41,1,85,280,-100,270
97,88,5,0,75,280,-95,270
97,89,34,0,75,265,-70,270
97,90,19,1,75,265,-70,270
97,91,46,0,65,265,-70,285
97,92,10,1,80,265,-80,285
97,93,18,0,50,265,-80,315
97,94,45,0,50,265,-80,330
97,95,13,1,55,270,-80,330
97,96,25,1,55,280,-80,330
97,97,6,1,45,280,-80,340
97,98,47,1,45,280,-80,340
97,99,28,0,25,280,-80,355
98,0,10,0,40,60,50,50
98,1,1,1,30,60,50,55
98,2,44,0,30,60,60,65
98,3,6,0,40,60,55,65
98,4,5,0,30,60,60,65
98,5,30,0,30,60,50,90
98,6,20,0,20,60,65,90
98,7,28,1,30,60,65,90
98,8,7,0,15,70,65,90
98,9,46,0,5,70,65,105
98,10,49,0,5,65,65,120
98,11,29,1,5,85,45,120
98,12,10,0,-5,95,45,120
98,13,48,1,-5,95,45,120
98,14,1,0,5,95,35,120
98,15,20,1,5,105,20,120
98,16,14,0,5,105,20,130
98,17,11,1,10,105,20,130
98,18,18,0,-20,105,20,160
98,19,23,1,-20,110,15,160
98,20,26,0,-30,110,15,170
98,21,2,1,-25,110,5,170
98,22,24,0,-30,110,5,170
98,23,28,0,-50,110,5,185
98,24,38,1,-45,110,5,185
98,25,27,0,-35,100,5,185
98,26,20,1,-35,110,-10,185
98,27,31,1,-35,110,0,185
98,28,46,0,-45,110,0,200
98,29,41,1,-40,100,0,200
98,30,39,1,-35,100,0,200
98,31,25,0,-35,95,0,200
98,32,28,1,-25,95,0,200
98,33,27,0,-15,85,0,200
98,34,20,0,-25,85,15,200
98,35,22,1,-25,90,5,200
98,36,10,0,-35,100,5,200
98,37,40,1,-35,90,15,200
98,38,46,0,-45,90,15,215
98,39,17,0,-65,110,15,215
98,40,38,1,-60,110,15,215
98,41,11,1,-55,110,15,215
98,42,37,0,-70,130,15,215
98,43,24,0,-75,130,15,215
98,44,44,0,-75,130,25,225
98,45,25,0,-75,125,25,225
98,46,41,1,-70,115,25,225
98,47,28,1,-60,115,25,225
98,48,40,0,-60,125,15,225
98,49,22,0,-70,125,25,225
98,50,5,1,-65,125,15,225
98,51,30,0,-65,125,5,250
98,52,38,0,-75,135,5,250
98,53,12,0,-80,145,5,250
98,54,14,0,-80,145,5,260
98,55,32,1,-80,135,20,260
98,56,2,1,-75,135,10,260
98,57,28,1,-65,135,10,260
98,58,3,1,-75,135,10,270
98,59,21,0,-85,135,30,270
98,60,7,1,-80,135,30,270
98,61,47,0,-80,135,30,285
98,62,22,0,-90,135,40,285
98,63,45,0,-90,135,40,300
98,64,40,1,-90,125,50,300
98,65,46,1,-85,125,50,300
98,66,1,0,-75,125,40,300
98,67,47,1,-75,125,40,300
98,68,5,1,-70,125,30,300
98,69,14,1,-70,135,30,300
98,70,22,1,-70,140,20,300
98,71,15,0,-55,135,20,300
98,72,8,0,-55,140,10,300
98,73,39,1,-50,140,10,300
98,74,1,1,-60,140,10,305
98,75,43,0,-40,140,0,305
98,76,23,0,-50,140,0,315
98,77,33,0,-20,140,0,315
98,78,6,0,-10,140,-5,315
98,79,8,0,-10,145,-15,315
98,80,42,0,-25,145,-15,330
98,81,43,1,-25,145,-10,325
98,82,29,0,-45,145,-5,325
98,83,13,1,-40,150,-5,325
98,84,50,1,-40,160,-5,325
98,85,39,0,-50,175,-5,325
98,86,16,1,-50,175,-15,325
98,87,26,1,-40,175,-20,325
98,88,29,1,-40,195,-40,325
98,89,34,0,-40,180,-15,325
98,90,30,1,-40,180,-5,325
98,91,48,0,-40,180,-5,355
98,92,24,1,-35,180,-5,355
98,93,1,0,-25,180,-15,355
98,94,2,0,-35,180,5,355
98,95,45,1,-35,190,5,355
98,96,44,0,-35,190,15,365
98,97,46,0,-45,190,15,380
98,98,42,0,-60,190,15,395
98,99,23,0,-70,190,15,405
99,0,3,1,40,50,50,60
99,1,46,0,30,50,50,75
99,2,37,0,15,70,50,75
99,3,17,0,-5,90,50,75
99,4,49,0,-5,85,50,90
99,5,29,1,-5,105,30,90
99,6,43,1,-5,105,35,85
99,7,14,0,-5,105,35,95
99,8,22,1,-5,110,25,95
99,9,4,0,-20,125,25,95
99,10,19,1,-20,125,25,95
99,11,23,1,-20,130,20,95
99,12,11,0,-25,130,20,95
99,13,6,0,-15,130,15,95
99,14,10,0,-25,140,15,95
99,15,48,0,-25,140,15,125
99,16,46,0,-35,140,15,140
99,17,25,1,-35,150,15,140
99,18,28,0,-55,150,15,155
99,19,26,1,-45,150,10,155
99,20,16,1,-45,150,0,155
99,21,47,0,-45,150,0,170
99,22,11,0,-50,150,0,170
99,23,2,1,-45,150,-10,170
99,24,10,1,-30,150,-20,170
99,25,42,1,-30,155,-20,170
99,26,39,0,-40,170,-20,170
99,27,3,0,-25,170,-25,170
99,28,27,1,-25,185,-30,170
99,29,31,1,-25,185,-20,170
99,30,24,0,-30,185,-20,170
99,31,47,0,-30,185,-20,185
99,32,16,0,-45,195,-20,185
99,33,30,1,-45,195,-10,185
99,34,10,1,-30,195,-20,185
99,35,5,0,-40,195,-15,185
99,36,8,1,-55,195,-15,195
99,37,41,0,-65,210,-15,195
99,38,12,1,-60,210,-15,195
99,39,43,0,-40,210,-25,195
99,40,17,1,-70,210,-10,195
99,41,42,1,-70,215,-10,195
99,42,28,1,-60,215,-10,195
99,43,16,0,-75,225,-10,195
99,44,37,0,-90,245,-10,195
99,45,39,0,-100,260,-10,195
99,46,21,0,-110,260,10,195
99,47,28,1,-100,260,10,195
99,48,18,1,-90,260,10,195
99,49,36,0,-90,255,10,210
99,50,14,0,-90,255,10,220
99,51,25,1,-90,265,10,220
99,52,15,0,-75,260,10,220
99,53,44,0,-75,260,20,230
99,54,43,1,-75,260,25,225
99,55,9,1,-70,260,25,225
99,56,28,0,-90,260,25,240
99,57,36,1,-90,270,25,240
99,58,38,1,-85,270,25,240
99,59,13,0,-85,270,25,260
99,60,40,0,-85,280,15,260
99,61,17,1,-115,280,30,260
99,62,48,0,-115,280,30,290
99,63,10,1,-100,280,20,290
99,64,16,0,-115,290,20,290
99,65,40,0,-115,300,10,290
99,66,15,1,-115,305,10,290
99,67,37,0,-130,325,10,290
99,68,20,1,-130,335,-5,290
99,69,27,0,-120,325,-5,290
99,70,29,0,-140,325,0,290
99,71,12,0,-145,335,0,290
99,72,22,1,-145,340,-10,290
99,73,36,1,-145,350,-10,290
99,74,39,1,-140,350,-10,290
99,75,42,1,-140,355,-10,290
99,76,11,1,-135,355,-10,290
99,77,22,1,-135,360,-20,290
99,78,32,1,-135,350,-5,290
99,79,14,1,-135,360,-5,290
99,80,24,0,-140,360,-5,290
99,81,42,0,-155,360,-5,305
99,82,15,0,-140,355,-5,305
99,83,11,1,-135,355,-5,305
99,84,26,0,-145,355,-5,315
99,85,37,0,-160,375,-5,315
99,86,19,0,-160,375,-5,315
99,87,14,0,-160,375,-5,325
99,88,22,0,-170,375,5,325
99,89,26,1,-160,375,0,325
99,90,45,1,-160,385,0,325
99,91,6,1,-170,385,0,335
99,92,50,1,-170,395,0,335
99,93,23,0,-180,395,0,345
99,94,43,1,-180,395,5,340
99,95,40,0,-180,405,-5,340
99,96,27,0,-170,395,-5,340
99,97,4,1,-160,395,-5,340
99,98,30,1,-160,395,5,340
99,99,38,1,-155,395,5,340
