run,turn,card_id,choice,wealth,morale,stability,progress
0,0,25,1,50,60,50,50
0,1,30,1,50,60,60,50
0,2,48,1,50,60,60,50
0,3,19,0,50,60,60,50
0,4,24,1,55,60,60,50
0,5,8,0,55,65,50,50
0,6,11,0,50,65,50,50
0,7,42,0,35,65,50,65
0,8,14,0,35,65,50,75
0,9,1,1,25,65,50,80
0,10,5,1,30,65,40,80
0,11,40,1,30,55,50,80
0,12,7,1,35,55,50,80
0,13,46,0,25,55,50,95
0,14,47,0,25,55,50,110
0,15,48,0,25,55,50,140
0,16,13,0,25,55,50,160
0,17,10,0,15,65,50,160
0,18,57,0,15,65,50,185
0,19,21,0,5,65,70,185
0,20,46,1,10,65,70,185
0,21,49,1,10,70,70,185
0,22,19,1,10,70,70,185
0,23,9,0,0,70,70,190
0,24,30,1,0,70,80,190
0,25,18,1,10,70,80,190
0,26,27,1,10,85,75,190
0,27,24,0,5,85,75,190
0,28,21,1,10,85,65,190
0,29,5,1,15,85,55,190
0,30,48,1,15,85,55,190
0,31,11,0,10,85,55,190
0,32,20,1,10,95,40,190
0,33,18,0,-20,95,40,220
0,34,29,1,-20,115,20,220
0,35,31,1,-20,115,30,220
0,36,26,0,-30,115,30,230
0,37,4,0,-45,130,30,230
0,38,41,1,-40,120,30,230
0,39,42,0,-55,120,30,245
0,40,27,0,-45,110,30,245
0,41,9,1,-40,110,30,245
0,42,58,0,-40,100,30,245
0,43,22,1,-40,105,20,245
0,44,21,0,-50,105,40,245
0,45,45,1,-50,115,40,245
0,46,25,1,-50,125,40,245
0,47,40,0,-50,135,30,245
0,48,17,0,-70,155,30,245
0,49,15,0,-55,150,30,245
0,50,12,0,-60,160,30,245
0,51,22,0,-70,160,40,245
0,52,4,1,-60,160,40,245
0,53,47,1,-60,160,40,245
0,54,40,1,-60,150,50,245
0,55,41,1,-55,140,50,245
0,56,9,0,-65,140,50,250
0,57,48,1,-65,140,50,250
0,58,59,1,-65,155,50,250
0,59,40,0,-65,165,40,250
0,60,37,0,-80,185,40,250
0,61,9,1,-75,185,40,250
0,62,7,0,-90,195,40,250
0,63,45,1,-90,205,40,250
0,64,60,0,-60,205,40,250
0,65,17,0,-80,225,40,250
0,66,24,1,-75,225,40,250
0,67,8,0,-75,230,30,250
0,68,41,1,-70,220,30,250
0,69,45,0,-70,220,30,265
0,70,12,0,-75,230,30,265
0,71,36,0,-75,225,30,280
0,72,18,1,-65,225,30,280
0,73,11,0,-70,225,30,280
0,74,6,0,-60,225,25,280
0,75,30,1,-60,225,35,280
0,76,39,1,-55,225,35,280
0,77,15,1,-55,230,35,280
0,78,3,1,-65,230,35,290
0,79,20,1,-65,240,20,290
0,80,29,0,-85,240,25,290
0,81,19,1,-85,240,25,290
0,82,23,1,-85,245,20,290
0,83,22,0,-95,245,30,290
0,84,1,1,-105,245,30,295
0,85,47,0,-105,245,30,310
0,86,42,0,-120,245,30,325
0,87,61,1,-120,260,30,325
0,88,9,1,-115,260,30,325
0,89,36,1,-115,270,30,325
0,90,20,0,-125,270,45,325
0,91,29,1,-125,290,25,325
0,92,32,1,-125,280,40,325
0,93,47,0,-125,280,40,340
0,94,19,0,-125,280,40,340
0,95,3,0,-110,280,35,340
0,96,36,0,-110,275,35,355
0,97,48,0,-110,275,35,385
0,98,6,1,-120,275,35,395
0,99,47,1,-120,275,35,395
1,0,22,0,40,50,60,50
1,1,2,0,30,50,80,50
1,2,20,0,20,50,95,50
1,3,42,0,5,50,95,65
1,4,1,1,-5,50,95,70
1,5,7,0,-20,60,95,70
1,6,49,0,-20,55,95,85
1,7,27,0,-10,45,95,85
1,8,13,1,-5,50,95,85
1,9,17,0,-25,70,95,85
1,10,8,0,-25,75,85,85
1,11,37,1,-15,75,85,85
1,12,47,0,-15,75,85,100
1,13,16,1,-15,75,75,100
1,14,14,0,-15,75,75,110
1,15,36,1,-15,85,75,110
1,16,5,0,-25,85,80,110
1,17,23,1,-25,90,75,110
1,18,38,1,-20,90,75,110
1,19,3,1,-30,90,75,120
1,20,24,1,-25,90,75,120
1,21,14,1,-25,100,75,120
1,22,31,0,-25,110,65,120
1,23,5,1,-20,110,55,120
1,24,8,1,-35,110,55,130
1,25,50,0,-35,110,55,145
1,26,39,0,-45,125,55,145
1,27,45,1,-45,135,55,145
1,28,46,0,-55,135,55,160
1,29,1,0,-45,135,45,160
1,30,20,0,-55,135,60,160
1,31,18,0,-85,135,60,190
1,32,42,1,-85,140,60,190
1,33,2,0,-95,140,80,190
1,34,14,1,-95,150,80,190
1,35,20,0,-105,150,95,190
1,36,19,0,-105,150,95,190
1,37,7,1,-100,150,95,190
1,38,38,1,-95,150,95,190
1,39,46,0,-105,150,95,205
1,40,25,0,-105,145,95,205
1,41,5,1,-100,145,85,205
1,42,30,1,-100,145,95,205
1,43,2,0,-110,145,115,205
1,44,4,0,-125,160,115,205
1,45,42,1,-125,165,115,205
1,46,48,1,-125,165,115,205
1,47,22,0,-135,165,125,205
1,48,10,0,-145,175,125,205
1,49,15,0,-130,170,125,205
1,50,9,1,-125,170,125,205
1,51,24,1,-120,170,125,205
1,52,1,1,-130,170,125,210
1,53,22,0,-140,170,135,210
1,54,7,1,-135,170,135,210
1,55,13,0,-135,170,135,230
1,56,3,1,-145,170,135,240
1,57,17,0,-165,190,135,240
1,58,6,0,-155,190,130,240
1,59,51,0,-155,175,130,260
1,60,30,1,-155,175,140,260
1,61,16,1,-155,175,130,260
1,62,27,0,-145,165,130,260
1,63,39,0,-155,180,130,260
1,64,8,0,-155,185,120,260
1,65,40,0,-155,195,110,260
1,66,28,0,-175,195,110,275
1,67,52,1,-175,205,110,270
1,68,15,0,-160,200,110,270
1,69,19,1,-160,200,110,270
1,70,11,0,-165,200,110,270
1,71,25,0,-165,195,110,270
1,72,42,0,-180,195,110,285
1,73,38,0,-190,205,110,285
1,74,10,0,-200,215,110,285
1,75,48,1,-200,215,110,285
1,76,45,1,-200,225,110,285
1,77,27,0,-190,215,110,285
1,78,28,0,-210,215,110,300
1,79,3,1,-220,215,110,310
1,80,26,0,-230,215,110,320
1,81,13,0,-230,215,110,340
1,82,11,1,-225,215,110,340
1,83,24,1,-220,215,110,340
1,84,53,0,-220,235,110,340
1,85,37,0,-235,255,110,340
1,86,42,0,-250,255,110,355
1,87,8,0,-250,260,100,355
1,88,36,1,-250,270,100,355
1,89,40,1,-250,260,110,355
1,90,2,0,-260,260,130,355
1,91,11,0,-265,260,130,355
1,92,4,0,-280,275,130,355
1,93,19,0,-280,275,130,355
1,94,44,1,-275,275,130,355
1,95,47,1,-275,275,130,355
1,96,48,0,-275,275,130,385
1,97,39,1,-270,275,130,385
1,98,37,1,-260,275,130,385
1,99,16,0,-275,285,130,385
2,0,21,1,55,50,40,50
2,1,11,0,50,50,40,50
2,2,43,1,50,50,45,45
2,3,41,1,55,40,45,45
2,4,24,1,60,40,45,45
2,5,29,0,40,40,50,45
2,6,31,1,40,40,60,45
2,7,13,1,45,45,60,45
2,8,45,0,45,45,60,60
2,9,40,1,45,35,70,60
2,10,26,0,35,35,70,70
2,11,1,0,45,35,60,70
2,12,5,1,50,35,50,70
2,13,15,0,65,30,50,70
2,14,12,0,60,40,50,70
2,15,11,0,55,40,50,70
2,16,29,0,35,40,55,70
2,17,3,0,50,40,50,70
2,18,27,0,60,30,50,70
2,19,19,1,60,30,50,70
2,20,25,0,60,25,50,70
2,21,26,0,50,25,50,80
2,22,57,0,50,25,50,105
2,23,29,1,50,45,30,105
2,24,7,1,55,45,30,105
2,25,14,1,55,55,30,105
2,26,42,0,40,55,30,120
2,27,13,1,45,60,30,120
2,28,22,1,45,65,20,120
2,29,19,0,45,65,20,120
2,30,15,1,45,70,20,120
2,31,44,0,45,70,30,130
2,32,25,1,45,80,30,130
2,33,10,0,35,90,30,130
2,34,45,1,35,100,30,130
2,35,48,0,35,100,30,160
2,36,47,0,35,100,30,175
2,37,41,1,40,90,30,175
2,38,8,1,25,90,30,185
2,39,29,1,25,110,10,185
2,40,46,0,15,110,10,200
2,41,14,0,15,110,10,210
2,42,6,0,25,110,5,210
2,43,21,0,15,110,25,210
2,44,28,0,-5,110,25,225
2,45,48,0,-5,110,25,255
2,46,20,1,-5,120,10,255
2,47,43,0,15,120,0,255
2,48,24,0,10,120,0,255
2,49,11,1,15,120,0,255
2,50,37,1,25,120,0,255
2,51,30,0,25,120,-10,280
2,52,27,1,25,135,-15,280
2,53,17,1,-5,135,0,280
2,54,18,1,5,135,0,280
2,55,14,1,5,145,0,280
2,56,28,1,15,145,0,280
2,57,58,0,15,135,0,280
2,58,6,1,5,135,0,290
2,59,42,0,-10,135,0,305
2,60,39,0,-20,150,0,305
2,61,5,1,-15,150,-10,305
2,62,8,1,-30,150,-10,315
2,63,7,1,-25,150,-10,315
2,64,26,0,-35,150,-10,325
2,65,43,0,-15,150,-20,325
2,66,38,1,-10,150,-20,325
2,67,20,0,-20,150,-5,325
2,68,48,1,-20,150,-5,325
2,69,10,1,-5,150,-15,325
2,70,27,0,5,140,-15,325
2,71,12,0,0,150,-15,325
2,72,7,0,-15,160,-15,325
2,73,17,0,-35,180,-15,325
2,74,13,1,-30,185,-15,325
2,75,18,0,-60,185,-15,355
2,76,6,1,-70,185,-15,365
2,77,10,0,-80,195,-15,365
2,78,5,1,-75,195,-25,365
2,79,8,1,-90,195,-25,375
2,80,3,0,-75,195,-30,375
2,81,15,0,-60,190,-30,375
2,82,59,1,-60,205,-30,375
2,83,36,0,-60,200,-30,390
2,84,16,1,-60,200,-40,390
2,85,18,0,-90,200,-40,420
2,86,28,1,-80,200,-40,420
2,87,38,0,-90,210,-40,420
2,88,48,0,-90,210,-40,450
2,89,27,0,-80,200,-40,450
2,90,43,0,-60,200,-50,450
2,91,8,0,-60,205,-60,450
2,92,11,1,-55,205,-60,450
2,93,6,1,-65,205,-60,460
2,94,21,1,-60,205,-70,460
2,95,10,1,-45,205,-80,460
2,96,14,1,-45,215,-80,460
2,97,24,0,-50,215,-80,460
2,98,3,1,-60,215,-80,470
2,99,60,0,-30,215,-80,470
3,0,2,1,55,50,40,50
3,1,26,1,65,50,35,50
3,2,36,1,65,60,35,50
3,3,38,0,55,70,35,50
3,4,15,0,70,65,35,50
3,5,4,1,80,65,35,50
3,6,41,0,70,80,35,50
3,7,39,0,60,95,35,50
3,8,9,0,50,95,35,55
3,9,29,1,50,115,15,55
3,10,16,1,50,115,5,55
3,11,3,0,65,115,0,55
3,12,26,0,55,115,0,65
3,13,36,1,55,125,0,65
3,14,9,1,60,125,0,65
3,15,29,0,40,125,5,65
3,16,44,1,45,125,5,65
3,17,40,1,45,115,15,65
3,18,48,0,45,115,15,95
3,19,22,1,45,120,5,95
3,20,31,1,45,120,15,95
3,21,25,0,45,115,15,95
3,22,43,0,65,115,5,95
3,23,24,1,70,115,5,95
3,24,16,0,55,125,5,95
3,25,47,1,55,125,5,95
3,26,9,0,45,125,5,100
3,27,28,1,55,125,5,100
3,28,46,0,45,125,5,115
3,29,32,0,45,145,-10,115
3,30,8,0,45,150,-20,115
3,31,24,0,40,150,-20,115
3,32,4,1,50,150,-20,115
3,33,36,0,50,145,-20,130
3,34,30,0,50,145,-30,155
3,35,33,1,50,160,-30,155
3,36,23,1,50,165,-35,155
3,37,1,0,60,165,-45,155
3,38,41,1,65,155,-45,155
3,39,9,0,55,155,-45,160
3,40,13,1,60,160,-45,160
3,41,25,1,60,170,-45,160
3,42,15,1,60,175,-45,160
3,43,28,0,40,175,-45,175
3,44,36,0,40,170,-45,190
3,45,19,0,40,170,-45,190
3,46,45,0,40,170,-45,205
3,47,57,0,40,170,-45,230
3,48,38,1,45,170,-45,230
3,49,37,0,30,190,-45,230
3,50,19,0,30,190,-45,230
3,51,21,1,35,190,-55,230
3,52,27,0,45,180,-55,230
3,53,3,0,60,180,-60,230
3,54,4,1,70,180,-60,230
3,55,40,1,70,170,-50,230
3,56,1,1,60,170,-50,235
3,57,16,0,45,180,-50,235
3,58,48,1,45,180,-50,235
3,59,18,1,55,180,-50,235
3,60,19,1,55,180,-50,235
3,61,24,0,50,180,-50,235
3,62,22,1,50,185,-60,235
3,63,1,0,60,185,-70,235
3,64,26,0,50,185,-70,245
3,65,46,0,40,185,-70,260
3,66,21,1,45,185,-80,260
3,67,37,0,30,205,-80,260
3,68,1,0,40,205,-90,260
3,69,47,0,40,205,-90,275
3,70,2,0,30,205,-70,275
3,71,28,0,10,205,-70,290
3,72,25,1,10,215,-70,290
3,73,45,0,10,215,-70,305
3,74,16,0,-5,225,-70,305
3,75,24,1,0,225,-70,305
3,76,36,0,0,220,-70,320
3,77,13,0,0,220,-70,340
3,78,34,0,0,205,-45,340
3,79,23,0,-10,205,-45,350
3,80,48,1,-10,205,-45,350
3,81,42,1,-10,210,-45,350
3,82,13,1,-5,215,-45,350
3,83,10,0,-15,225,-45,350
3,84,4,0,-30,240,-45,350
3,85,28,1,-20,240,-45,350
3,86,17,1,-50,240,-30,350
3,87,39,1,-45,240,-30,350
3,88,26,1,-35,240,-35,350
3,89,35,0,-35,240,-35,350
3,90,45,1,-35,250,-35,350
3,91,8,1,-50,250,-35,360
3,92,9,0,-60,250,-35,365
3,93,19,1,-60,250,-35,365
3,94,18,0,-90,250,-35,395
3,95,20,1,-90,260,-50,395
3,96,36,0,-90,255,-50,410
3,97,12,0,-95,265,-50,410
3,98,23,1,-95,270,-55,410
3,99,30,1,-95,270,-45,410
4,0,6,0,60,50,45,50
4,1,17,0,40,70,45,50
4,2,28,0,20,70,45,65
4,3,47,0,20,70,45,80
4,4,49,0,20,65,45,95
4,5,43,1,20,65,50,90
4,6,26,0,10,65,50,100
4,7,41,1,15,55,50,100
4,8,18,1,25,55,50,100
4,9,37,0,10,75,50,100
4,10,23,0,0,75,50,110
4,11,50,1,0,85,50,110
4,12,47,0,0,85,50,125
4,13,12,0,-5,95,50,125
4,14,26,0,-15,95,50,135
4,15,28,0,-35,95,50,150
4,16,27,1,-35,110,45,150
4,17,18,1,-25,110,45,150
4,18,44,0,-25,110,55,160
4,19,10,1,-10,110,45,160
4,20,3,0,5,110,40,160
4,21,46,1,10,110,40,160
4,22,22,1,10,115,30,160
4,23,20,1,10,125,15,160
4,24,9,1,15,125,15,160
4,25,14,0,15,125,15,170
4,26,6,1,5,125,15,180
4,27,19,0,5,125,15,180
4,28,2,0,-5,125,35,180
4,29,23,0,-15,125,35,190
4,30,27,1,-15,140,30,190
4,31,16,0,-30,150,30,190
4,32,29,0,-50,150,35,190
4,33,14,1,-50,160,35,190
4,34,31,0,-50,170,25,190
4,35,38,1,-45,170,25,190
4,36,37,0,-60,190,25,190
4,37,8,1,-75,190,25,200
4,38,22,1,-75,195,15,200
4,39,11,1,-70,195,15,200
4,40,30,1,-70,195,25,200
4,41,13,0,-70,195,25,220
4,42,14,0,-70,195,25,230
4,43,41,1,-65,185,25,230
4,44,47,1,-65,185,25,230
4,45,20,1,-65,195,10,230
4,46,40,1,-65,185,20,230
4,47,38,1,-60,185,20,230
4,48,28,1,-50,185,20,230
4,49,1,0,-40,185,10,230
4,50,48,0,-40,185,10,260
4,51,43,1,-40,185,15,255
4,52,16,1,-40,185,5,255
4,53,44,1,-35,185,5,255
4,54,42,0,-50,185,5,270
4,55,40,0,-50,195,-5,270
4,56,38,0,-60,205,-5,270
4,57,9,0,-70,205,-5,275
4,58,8,1,-85,205,-5,285
4,59,46,1,-80,205,-5,285
4,60,44,1,-75,205,-5,285
4,61,36,1,-75,215,-5,285
4,62,43,1,-75,215,0,280
4,63,1,0,-65,215,-10,280
4,64,5,0,-75,215,-5,280
4,65,19,1,-75,215,-5,280
4,66,18,1,-65,215,-5,280
4,67,6,0,-55,215,-10,280
4,68,27,1,-55,230,-15,280
4,69,5,1,-50,230,-25,280
4,70,47,0,-50,230,-25,295
4,71,13,0,-50,230,-25,315
4,72,12,0,-55,240,-25,315
4,73,4,0,-70,255,-25,315
4,74,27,1,-70,270,-30,315
4,75,24,1,-65,270,-30,315
4,76,3,1,-75,270,-30,325
4,77,23,0,-85,270,-30,335
4,78,45,1,-85,280,-30,335
4,79,32,0,-85,300,-45,335
4,80,4,0,-100,315,-45,335
4,81,26,1,-90,315,-50,335
4,82,22,1,-90,320,-60,335
4,83,8,0,-90,325,-70,335
4,84,41,0,-100,340,-70,335
4,85,38,0,-110,350,-70,335
4,86,25,1,-110,360,-70,335
4,87,17,0,-130,380,-70,335
4,88,12,1,-125,380,-70,335
4,89,14,0,-125,380,-70,345
4,90,11,0,-130,380,-70,345
4,91,29,0,-150,380,-65,345
4,92,10,0,-160,390,-65,345
4,93,21,0,-170,390,-45,345
4,94,44,1,-165,390,-45,345
4,95,11,0,-170,390,-45,345
4,96,7,1,-165,390,-45,345
4,97,19,1,-165,390,-45,345
4,98,8,0,-165,395,-55,345
4,99,26,0,-175,395,-55,355
5,0,39,1,55,50,50,50
5,1,4,1,65,50,50,50
5,2,43,0,85,50,40,50
5,3,19,1,85,50,40,50
5,4,9,0,75,50,40,55
5,5,41,1,80,40,40,55
5,6,31,1,80,40,50,55
5,7,7,0,65,50,50,55
5,8,23,1,65,55,45,55
5,9,6,1,55,55,45,65
5,10,28,1,65,55,45,65
5,11,19,0,65,55,45,65
5,12,22,1,65,60,35,65
5,13,2,0,55,60,55,65
5,14,38,0,45,70,55,65
5,15,14,1,45,80,55,65
5,16,8,0,45,85,45,65
5,17,42,0,30,85,45,80
5,18,17,0,10,105,45,80
5,19,13,0,10,105,45,100
5,20,19,1,10,105,45,100
5,21,3,1,0,105,45,110
5,22,10,1,15,105,35,110
5,23,1,1,5,105,35,115
5,24,29,0,-15,105,40,115
5,25,15,0,0,100,40,115
5,26,37,0,-15,120,40,115
5,27,9,1,-10,120,40,115
5,28,47,1,-10,120,40,115
5,29,23,1,-10,125,35,115
5,30,3,1,-20,125,35,125
5,31,38,1,-15,125,35,125
5,32,6,1,-25,125,35,135
5,33,26,1,-15,125,30,135
5,34,10,0,-25,135,30,135
5,35,21,1,-20,135,20,135
5,36,5,0,-30,135,25,135
5,37,42,0,-45,135,25,150
5,38,3,1,-55,135,25,160
5,39,32,0,-55,155,10,160
5,40,41,0,-65,170,10,160
5,41,25,1,-65,180,10,160
5,42,48,1,-65,180,10,160
5,43,36,0,-65,175,10,175
5,44,12,1,-60,175,10,175
5,45,24,1,-55,175,10,175
5,46,40,1,-55,165,20,175
5,47,23,0,-65,165,20,185
5,48,16,1,-65,165,10,185
5,49,37,1,-55,165,10,185
5,50,25,1,-55,175,10,185
5,51,18,0,-85,175,10,215
5,52,10,0,-95,185,10,215
5,53,22,0,-105,185,20,215
5,54,19,1,-105,185,20,215
5,55,44,1,-100,185,20,215
5,56,25,0,-100,180,20,215
5,57,20,0,-110,180,35,215
5,58,15,1,-110,185,35,215
5,59,39,1,-105,185,35,215
5,60,11,1,-100,185,35,215
5,61,46,0,-110,185,35,230
5,62,7,1,-105,185,35,230
5,63,41,1,-100,175,35,230
5,64,22,0,-110,175,45,230
5,65,5,0,-120,175,50,230
5,66,18,0,-150,175,50,260
5,67,16,1,-150,175,40,260
5,68,43,0,-130,175,30,260
5,69,6,1,-140,175,30,270
5,70,30,0,-140,175,20,295
5,71,48,0,-140,175,20,325
5,72,36,1,-140,185,20,325
5,73,42,1,-140,190,20,325
5,74,41,1,-135,180,20,325
5,75,17,0,-155,200,20,325
5,76,40,0,-155,210,10,325
5,77,12,1,-150,210,10,325
5,78,4,1,-140,210,10,325
5,79,42,1,-140,215,10,325
5,80,3,1,-150,215,10,335
5,81,5,0,-160,215,15,335
5,82,16,1,-160,215,5,335
5,83,37,0,-175,235,5,335
5,84,33,0,-145,235,5,335
5,85,22,0,-155,235,15,335
5,86,46,1,-150,235,15,335
5,87,8,0,-150,240,5,335
5,88,42,0,-165,240,5,350
5,89,6,1,-175,240,5,360
5,90,7,1,-170,240,5,360
5,91,11,1,-165,240,5,360
5,92,13,0,-165,240,5,380
5,93,44,0,-165,240,15,390
5,94,46,1,-160,240,15,390
5,95,12,1,-155,240,15,390
5,96,27,1,-155,255,10,390
5,97,1,0,-145,255,0,390
5,98,45,0,-145,255,0,405
5,99,15,1,-145,260,0,405
6,0,7,0,35,60,50,50
6,1,26,0,25,60,50,60
6,2,46,0,15,60,50,75
6,3,1,1,5,60,50,80
6,4,22,1,5,65,40,80
6,5,23,0,-5,65,40,90
6,6,16,0,-20,75,40,90
6,7,8,1,-35,75,40,100
6,8,31,1,-35,75,50,100
6,9,12,0,-40,85,50,100
6,10,20,0,-50,85,65,100
6,11,30,1,-50,85,75,100
6,12,16,1,-50,85,65,100
6,13,6,0,-40,85,60,100
6,14,10,0,-50,95,60,100
6,15,4,0,-65,110,60,100
6,16,36,0,-65,105,60,115
6,17,18,1,-55,105,60,115
6,18,28,1,-45,105,60,115
6,19,38,0,-55,115,60,115
6,20,43,0,-35,115,50,115
6,21,26,0,-45,115,50,125
6,22,41,1,-40,105,50,125
6,23,45,0,-40,105,50,140
6,24,4,1,-30,105,50,140
6,25,38,1,-25,105,50,140
6,26,37,1,-15,105,50,140
6,27,43,0,5,105,40,140
6,28,5,0,-5,105,45,140
6,29,4,1,5,105,45,140
6,30,1,0,15,105,35,140
6,31,8,1,0,105,35,150
6,32,57,1,0,115,35,150
6,33,17,0,-20,135,35,150
6,34,13,0,-20,135,35,170
6,35,3,1,-30,135,35,180
6,36,7,1,-25,135,35,180
6,37,4,0,-40,150,35,180
6,38,25,0,-40,145,35,180
6,39,17,0,-60,165,35,180
6,40,45,1,-60,175,35,180
6,41,26,1,-50,175,30,180
6,42,44,1,-45,175,30,180
6,43,6,1,-55,175,30,190
6,44,21,0,-65,175,50,190
6,45,43,0,-45,175,40,190
6,46,41,0,-55,190,40,190
6,47,3,1,-65,190,40,200
6,48,20,0,-75,190,55,200
6,49,7,0,-90,200,55,200
6,50,46,1,-85,200,55,200
6,51,11,1,-80,200,55,200
6,52,15,1,-80,205,55,200
6,53,47,1,-80,205,55,200
6,54,40,1,-80,195,65,200
6,55,18,0,-110,195,65,230
6,56,1,0,-100,195,55,230
6,57,29,0,-120,195,60,230
6,58,15,0,-105,190,60,230
6,59,40,1,-105,180,70,230
6,60,58,0,-105,170,70,230
6,61,16,0,-120,180,70,230
6,62,23,0,-130,180,70,240
6,63,10,0,-140,190,70,240
6,64,37,1,-130,190,70,240
6,65,59,1,-130,205,70,240
6,66,60,1,-130,215,70,240
6,67,32,1,-130,205,85,240
6,68,7,1,-125,205,85,240
6,69,44,1,-120,205,85,240
6,70,26,1,-110,205,80,240
6,71,24,0,-115,205,80,240
6,72,39,0,-125,220,80,240
6,73,15,1,-125,225,80,240
6,74,48,0,-125,225,80,270
6,75,14,1,-125,235,80,270
6,76,25,0,-125,230,80,270
6,77,24,0,-130,230,80,270
6,78,15,0,-115,225,80,270
6,79,42,0,-130,225,80,285
6,80,22,1,-130,230,70,285
6,81,28,1,-120,230,70,285
6,82,25,0,-120,225,70,285
6,83,11,1,-115,225,70,285
6,84,7,0,-130,235,70,285
6,85,41,0,-140,250,70,285
6,86,5,1,-135,250,60,285
6,87,3,0,-120,250,55,285
6,88,11,0,-125,250,55,285
6,89,43,0,-105,250,45,285
6,90,39,0,-115,265,45,285
6,91,36,1,-115,275,45,285
6,92,30,0,-115,275,35,310
6,93,16,0,-130,285,35,310
6,94,47,0,-130,285,35,325
6,95,10,1,-115,285,25,325
6,96,9,1,-110,285,25,325
6,97,14,1,-110,295,25,325
6,98,27,1,-110,310,20,325
6,99,48,1,-110,310,20,325
7,0,24,0,45,50,50,50
7,1,36,1,45,60,50,50
7,2,7,1,50,60,50,50
7,3,2,0,40,60,70,50
7,4,4,1,50,60,70,50
7,5,42,1,50,65,70,50
7,6,15,1,50,70,70,50
7,7,26,1,60,70,65,50
7,8,13,0,60,70,65,70
7,9,22,0,50,70,75,70
7,10,28,1,60,70,75,70
7,11,48,1,60,70,75,70
7,12,18,1,70,70,75,70
7,13,14,1,70,80,75,70
7,14,5,1,75,80,65,70
7,15,29,1,75,100,45,70
7,16,7,1,80,100,45,70
7,17,44,1,85,100,45,70
7,18,22,0,75,100,55,70
7,19,20,0,65,100,70,70
7,20,37,0,50,120,70,70
7,21,8,1,35,120,70,80
7,22,25,0,35,115,70,80
7,23,13,0,35,115,70,100
7,24,2,1,40,115,60,100
7,25,45,0,40,115,60,115
7,26,41,0,30,130,60,115
7,27,26,1,40,130,55,115
7,28,8,0,40,135,45,115
7,29,39,0,30,150,45,115
7,30,4,0,15,165,45,115
7,31,36,1,15,175,45,115
7,32,49,0,15,170,45,130
7,33,30,1,15,170,55,130
7,34,15,1,15,175,55,130
7,35,24,0,10,175,55,130
7,36,48,0,10,175,55,160
7,37,39,0,0,190,55,160
7,38,30,0,0,190,45,185
7,39,29,0,-20,190,50,185
7,40,57,0,-20,190,50,210
7,41,3,0,-5,190,45,210
7,42,47,1,-5,190,45,210
7,43,30,0,-5,190,35,235
7,44,48,0,-5,190,35,265
7,45,12,1,0,190,35,265
7,46,5,1,5,190,25,265
7,47,31,0,5,200,15,265
7,48,17,0,-15,220,15,265
7,49,21,0,-25,220,35,265
7,50,14,0,-25,220,35,275
7,51,48,0,-25,220,35,305
7,52,10,1,-10,220,25,305
7,53,18,1,0,220,25,305
7,54,20,0,-10,220,40,305
7,55,21,0,-20,220,60,305
7,56,6,0,-10,220,55,305
7,57,50,0,-10,220,55,320
7,58,45,1,-10,230,55,320
7,59,12,0,-15,240,55,320
7,60,8,0,-15,245,45,320
7,61,4,0,-30,260,45,320
7,62,22,0,-40,260,55,320
7,63,24,0,-45,260,55,320
7,64,25,1,-45,270,55,320
7,65,32,1,-45,260,70,320
7,66,27,1,-45,275,65,320
7,67,15,0,-30,270,65,320
7,68,48,0,-30,270,65,350
7,69,3,1,-40,270,65,360
7,70,28,0,-60,270,65,375
7,71,29,1,-60,290,45,375
7,72,27,0,-50,280,45,375
7,73,9,0,-60,280,45,380
7,74,6,0,-50,280,40,380
7,75,26,0,-60,280,40,390
7,76,4,0,-75,295,40,390
7,77,15,0,-60,290,40,390
7,78,12,1,-55,290,40,390
7,79,51,1,-55,300,40,390
7,80,24,1,-50,300,40,390
7,81,4,0,-65,315,40,390
7,82,38,0,-75,325,40,390
7,83,48,1,-75,325,40,390
7,84,42,1,-75,330,40,390
7,85,39,1,-70,330,40,390
7,86,58,1,-70,340,40,390
7,87,14,1,-70,350,40,390
7,88,16,1,-70,350,30,390
7,89,36,1,-70,360,30,390
7,90,44,1,-65,360,30,390
7,91,38,1,-60,360,30,390
7,92,19,0,-60,360,30,390
7,93,25,1,-60,370,30,390
7,94,6,0,-50,370,25,390
7,95,15,1,-50,375,25,390
7,96,39,1,-45,375,25,390
7,97,22,1,-45,380,15,390
7,98,18,0,-75,380,15,420
7,99,42,0,-90,380,15,435
8,0,37,0,35,70,50,50
8,1,26,0,25,70,50,60
8,2,21,1,30,70,40,60
8,3,14,0,30,70,40,70
8,4,45,0,30,70,40,85
8,5,57,0,30,70,40,110
8,6,9,0,20,70,40,115
8,7,38,0,10,80,40,115
8,8,46,1,15,80,40,115
8,9,25,0,15,75,40,115
8,10,26,1,25,75,35,115
8,11,18,1,35,75,35,115
8,12,16,1,35,75,25,115
8,13,5,0,25,75,30,115
8,14,30,0,25,75,20,140
8,15,29,0,5,75,25,140
8,16,19,0,5,75,25,140
8,17,28,1,15,75,25,140
8,18,47,0,15,75,25,155
8,19,38,0,5,85,25,155
8,20,18,1,15,85,25,155
8,21,8,0,15,90,15,155
8,22,20,0,5,90,30,155
8,23,40,1,5,80,40,155
8,24,7,0,-10,90,40,155
8,25,25,1,-10,100,40,155
8,26,10,0,-20,110,40,155
8,27,48,0,-20,110,40,185
8,28,44,1,-15,110,40,185
8,29,24,1,-10,110,40,185
8,30,42,0,-25,110,40,200
8,31,43,1,-25,110,45,195
8,32,28,1,-15,110,45,195
8,33,2,1,-10,110,35,195
8,34,23,0,-20,110,35,205
8,35,12,1,-15,110,35,205
8,36,20,0,-25,110,50,205
8,37,46,1,-20,110,50,205
8,38,13,1,-15,115,50,205
8,39,39,1,-10,115,50,205
8,40,21,1,-5,115,40,205
8,41,38,1,0,115,40,205
8,42,12,1,5,115,40,205
8,43,30,0,5,115,30,230
8,44,22,0,-5,115,40,230
8,45,42,0,-20,115,40,245
8,46,58,0,-20,105,40,245
8,47,44,1,-15,105,40,245
8,48,3,0,0,105,35,245
8,49,46,0,-10,105,35,260
8,50,45,1,-10,115,35,260
8,51,29,1,-10,135,15,260
8,52,36,0,-10,130,15,275
8,53,42,1,-10,135,15,275
8,54,41,0,-20,150,15,275
8,55,12,0,-25,160,15,275
8,56,19,0,-25,160,15,275
8,57,11,0,-30,160,15,275
8,58,22,0,-40,160,25,275
8,59,13,1,-35,165,25,275
8,60,14,1,-35,175,25,275
8,61,45,1,-35,185,25,275
8,62,23,1,-35,190,20,275
8,63,47,0,-35,190,20,290
8,64,12,1,-30,190,20,290
8,65,21,1,-25,190,10,290
8,66,5,0,-35,190,15,290
8,67,45,0,-35,190,15,305
8,68,43,1,-35,190,20,300
8,69,37,1,-25,190,20,300
8,70,39,1,-20,190,20,300
8,71,44,1,-15,190,20,300
8,72,14,0,-15,190,20,310
8,73,26,1,-5,190,15,310
8,74,4,0,-20,205,15,310
8,75,40,0,-20,215,5,310
8,76,24,0,-25,215,5,310
8,77,47,0,-25,215,5,325
8,78,22,0,-35,215,15,325
8,79,29,1,-35,235,-5,325
8,80,23,1,-35,240,-10,325
8,81,3,0,-20,240,-15,325
8,82,47,0,-20,240,-15,340
8,83,30,1,-20,240,-5,340
8,84,42,1,-20,245,-5,340
8,85,10,0,-30,255,-5,340
8,86,26,1,-20,255,-10,340
8,87,22,1,-20,260,-20,340
8,88,43,1,-20,260,-15,335
8,89,16,0,-35,270,-15,335
8,90,11,0,-40,270,-15,335
8,91,46,0,-50,270,-15,350
8,92,17,1,-80,270,0,350
8,93,19,0,-80,270,0,350
8,94,41,1,-75,260,0,350
8,95,16,0,-90,270,0,350
8,96,38,1,-85,270,0,350
8,97,20,0,-95,270,15,350
8,98,11,1,-90,270,15,350
8,99,46,0,-100,270,15,365
9,0,29,0,30,50,55,50
9,1,31,1,30,50,65,50
9,2,27,0,40,40,65,50
9,3,18,1,50,40,65,50
9,4,41,1,55,30,65,50
9,5,48,0,55,30,65,80
9,6,17,0,35,50,65,80
9,7,43,1,35,50,70,75
9,8,38,1,40,50,70,75
9,9,49,0,40,45,70,90
9,10,23,1,40,50,65,90
9,11,17,1,10,50,80,90
9,12,19,1,10,50,80,90
9,13,37,1,20,50,80,90
9,14,14,1,20,60,80,90
9,15,38,0,10,70,80,90
9,16,11,0,5,70,80,90
9,17,19,1,5,70,80,90
9,18,37,0,-10,90,80,90
9,19,20,0,-20,90,95,90
9,20,32,1,-20,80,110,90
9,21,41,0,-30,95,110,90
9,22,1,0,-20,95,100,90
9,23,39,1,-15,95,100,90
9,24,3,1,-25,95,100,100
9,25,8,1,-40,95,100,110
9,26,4,1,-30,95,100,110
9,27,14,0,-30,95,100,120
9,28,47,1,-30,95,100,120
9,29,46,0,-40,95,100,135
9,30,48,1,-40,95,100,135
9,31,21,0,-50,95,120,135
9,32,41,1,-45,85,120,135
9,33,3,1,-55,85,120,145
9,34,36,1,-55,95,120,145
9,35,45,0,-55,95,120,160
9,36,20,0,-65,95,135,160
9,37,9,0,-75,95,135,165
9,38,42,0,-90,95,135,180
9,39,37,0,-105,115,135,180
9,40,1,0,-95,115,125,180
9,41,25,0,-95,110,125,180
9,42,6,0,-85,110,120,180
9,43,3,1,-95,110,120,190
9,44,44,0,-95,110,130,200
9,45,50,1,-95,120,130,200
9,46,11,1,-90,120,130,200
9,47,13,1,-85,125,130,200
9,48,43,0,-65,125,120,200
9,49,23,1,-65,130,115,200
9,50,22,0,-75,130,125,200
9,51,36,0,-75,125,125,215
9,52,33,1,-75,140,125,215
9,53,19,0,-75,140,125,215
9,54,3,1,-85,140,125,225
9,55,48,1,-85,140,125,225
9,56,37,0,-100,160,125,225
9,57,30,0,-100,160,115,250
9,58,41,1,-95,150,115,250
9,59,29,1,-95,170,95,250
9,60,45,1,-95,180,95,250
9,61,36,1,-95,190,95,250
9,62,11,1,-90,190,95,250
9,63,2,1,-85,190,85,250
9,64,26,1,-75,190,80,250
9,65,37,1,-65,190,80,250
9,66,48,1,-65,190,80,250
9,67,8,0,-65,195,70,250
9,68,15,0,-50,190,70,250
9,69,23,0,-60,190,70,260
9,70,11,0,-65,190,70,260
9,71,13,0,-65,190,70,280
9,72,29,0,-85,190,75,280
9,73,37,1,-75,190,75,280
9,74,51,1,-75,200,75,280
9,75,15,1,-75,205,75,280
9,76,48,0,-75,205,75,310
9,77,27,0,-65,195,75,310
9,78,42,1,-65,200,75,310
9,79,16,0,-80,210,75,310
9,80,18,1,-70,210,75,310
9,81,29,0,-90,210,80,310
9,82,21,1,-85,210,70,310
9,83,52,0,-65,200,70,310
9,84,1,0,-55,200,60,310
9,85,4,0,-70,215,60,310
9,86,10,0,-80,225,60,310
9,87,34,0,-80,210,85,310
9,88,27,1,-80,225,80,310
9,89,11,0,-85,225,80,310
9,90,36,1,-85,235,80,310
9,91,9,1,-80,235,80,310
9,92,6,1,-90,235,80,320
9,93,29,1,-90,255,60,320
9,94,38,0,-100,265,60,320
9,95,41,0,-110,280,60,320
9,96,18,1,-100,280,60,320
9,97,17,1,-130,280,75,320
9,98,15,0,-115,275,75,320
9,99,47,0,-115,275,75,335
10,0,22,1,50,55,40,50
10,1,39,1,55,55,40,50
10,2,49,0,55,50,40,65
10,3,17,1,25,50,55,65
10,4,2,0,15,50,75,65
10,5,27,0,25,40,75,65
10,6,14,0,25,40,75,75
10,7,25,1,25,50,75,75
10,8,28,0,5,50,75,90
10,9,16,0,-10,60,75,90
10,10,10,1,5,60,65,90
10,11,39,1,10,60,65,90
10,12,40,0,10,70,55,90
10,13,1,1,0,70,55,95
10,14,9,1,5,70,55,95
10,15,4,1,15,70,55,95
10,16,11,1,20,70,55,95
10,17,23,0,10,70,55,105
10,18,7,1,15,70,55,105
10,19,6,1,5,70,55,115
10,20,14,1,5,80,55,115
10,21,38,1,10,80,55,115
10,22,26,1,20,80,50,115
10,23,57,1,20,90,50,115
10,24,16,0,5,100,50,115
10,25,19,1,5,100,50,115
10,26,29,0,-15,100,55,115
10,27,44,1,-10,100,55,115
10,28,7,0,-25,110,55,115
10,29,42,0,-40,110,55,130
10,30,4,1,-30,110,55,130
10,31,9,1,-25,110,55,130
10,32,58,1,-25,120,55,130
10,33,11,1,-20,120,55,130
10,34,17,0,-40,140,55,130
10,35,36,1,-40,150,55,130
10,36,1,0,-30,150,45,130
10,37,44,0,-30,150,55,140
10,38,46,1,-25,150,55,140
10,39,3,0,-10,150,50,140
10,40,37,0,-25,170,50,140
10,41,6,1,-35,170,50,150
10,42,14,1,-35,180,50,150
10,43,1,1,-45,180,50,155
10,44,24,0,-50,180,50,155
10,45,50,0,-50,180,50,170
10,46,15,1,-50,185,50,170
10,47,7,0,-65,195,50,170
10,48,8,1,-80,195,50,180
10,49,59,0,-80,195,40,200
10,50,11,0,-85,195,40,200
10,51,45,0,-85,195,40,215
10,52,17,1,-115,195,55,215
10,53,7,1,-110,195,55,215
10,54,60,1,-110,205,55,215
10,55,47,1,-110,205,55,215
10,56,48,1,-110,205,55,215
10,57,40,1,-110,195,65,215
10,58,1,1,-120,195,65,220
10,59,20,1,-120,205,50,220
10,60,46,1,-115,205,50,220
10,61,15,1,-115,210,50,220
10,62,14,1,-115,220,50,220
10,63,26,0,-125,220,50,230
10,64,16,0,-140,230,50,230
10,65,5,0,-150,230,55,230
10,66,47,1,-150,230,55,230
10,67,25,1,-150,240,55,230
10,68,11,0,-155,240,55,230
10,69,17,0,-175,260,55,230
10,70,46,1,-170,260,55,230
10,71,36,1,-170,270,55,230
10,72,14,0,-170,270,55,240
10,73,3,1,-180,270,55,250
10,74,48,1,-180,270,55,250
10,75,7,0,-195,280,55,250
10,76,6,1,-205,280,55,260
10,77,42,1,-205,285,55,260
10,78,43,0,-185,285,45,260
10,79,28,1,-175,285,45,260
10,80,21,1,-170,285,35,260
10,81,5,1,-165,285,25,260
10,82,22,0,-175,285,35,260
10,83,7,1,-170,285,35,260
10,84,20,1,-170,295,20,260
10,85,51,0,-170,280,20,280
10,86,6,0,-160,280,15,280
10,87,18,0,-190,280,15,310
10,88,36,0,-190,275,15,325
10,89,7,0,-205,285,15,325
10,90,40,1,-205,275,25,325
10,91,47,0,-205,275,25,340
10,92,3,1,-215,275,25,350
10,93,36,0,-215,270,25,365
10,94,48,0,-215,270,25,395
10,95,6,0,-205,270,20,395
10,96,22,1,-205,275,10,395
10,97,31,0,-205,285,0,395
10,98,44,0,-205,285,10,405
10,99,29,1,-205,305,-10,405
11,0,16,0,35,60,50,50
11,1,25,1,35,70,50,50
11,2,31,0,35,80,40,50
11,3,44,1,40,80,40,50
11,4,36,0,40,75,40,65
11,5,37,0,25,95,40,65
11,6,45,1,25,105,40,65
11,7,9,1,30,105,40,65
11,8,10,1,45,105,30,65
11,9,28,1,55,105,30,65
11,10,38,0,45,115,30,65
11,11,5,1,50,115,20,65
11,12,17,1,20,115,35,65
11,13,27,0,30,105,35,65
11,14,46,1,35,105,35,65
11,15,26,0,25,105,35,75
11,16,47,0,25,105,35,90
11,17,30,0,25,105,25,115
11,18,41,0,15,120,25,115
11,19,17,1,-15,120,40,115
11,20,1,0,-5,120,30,115
11,21,8,0,-5,125,20,115
11,22,11,1,0,125,20,115
11,23,26,1,10,125,15,115
11,24,43,1,10,125,20,110
11,25,44,0,10,125,30,120
11,26,32,0,10,145,15,120
11,27,47,1,10,145,15,120
11,28,5,0,0,145,20,120
11,29,26,1,10,145,15,120
11,30,18,0,-20,145,15,150
11,31,27,0,-10,135,15,150
11,32,21,0,-20,135,35,150
11,33,24,1,-15,135,35,150
11,34,13,1,-10,140,35,150
11,35,20,0,-20,140,50,150
11,36,25,0,-20,135,50,150
11,37,28,1,-10,135,50,150
11,38,38,0,-20,145,50,150
11,39,48,1,-20,145,50,150
11,40,49,0,-20,140,50,165
11,41,22,1,-20,145,40,165
11,42,50,1,-20,155,40,165
11,43,27,1,-20,170,35,165
11,44,11,1,-15,170,35,165
11,45,23,0,-25,170,35,175
11,46,21,0,-35,170,55,175
11,47,18,1,-25,170,55,175
11,48,2,1,-20,170,45,175
11,49,7,1,-15,170,45,175
11,50,24,0,-20,170,45,175
11,51,16,0,-35,180,45,175
11,52,17,0,-55,200,45,175
11,53,33,0,-25,200,45,175
11,54,47,1,-25,200,45,175
11,55,3,0,-10,200,40,175
11,56,42,1,-10,205,40,175
11,57,7,0,-25,215,40,175
11,58,27,0,-15,205,40,175
11,59,30,0,-15,205,30,200
11,60,13,0,-15,205,30,220
11,61,19,1,-15,205,30,220
11,62,36,0,-15,200,30,235
11,63,20,0,-25,200,45,235
11,64,10,0,-35,210,45,235
11,65,5,1,-30,210,35,235
11,66,45,1,-30,220,35,235
11,67,8,0,-30,225,25,235
11,68,4,0,-45,240,25,235
11,69,9,1,-40,240,25,235
11,70,51,0,-40,225,25,255
11,71,1,1,-50,225,25,260
11,72,27,1,-50,240,20,260
11,73,45,1,-50,250,20,260
11,74,13,1,-45,255,20,260
11,75,9,0,-55,255,20,265
11,76,44,1,-50,255,20,265
11,77,2,1,-45,255,10,265
11,78,24,1,-40,255,10,265
11,79,29,1,-40,275,-10,265
11,80,36,1,-40,285,-10,265
11,81,39,0,-50,300,-10,265
11,82,43,1,-50,300,-5,260
11,83,6,1,-60,300,-5,270
11,84,2,0,-70,300,15,270
11,85,20,0,-80,300,30,270
11,86,15,1,-80,305,30,270
11,87,5,1,-75,305,20,270
11,88,3,0,-60,305,15,270
11,89,28,0,-80,305,15,285
11,90,2,0,-90,305,35,285
11,91,41,0,-100,320,35,285
11,92,15,1,-100,325,35,285
11,93,20,1,-100,335,20,285
11,94,23,1,-100,340,15,285
11,95,52,0,-80,330,15,285
11,96,28,1,-70,330,15,285
11,97,21,1,-65,330,5,285
11,98,4,1,-55,330,5,285
11,99,47,0,-55,330,5,300
12,0,23,0,40,50,50,60
12,1,10,1,55,50,40,60
12,2,1,0,65,50,30,60
12,3,15,0,80,45,30,60
12,4,13,0,80,45,30,80
12,5,42,0,65,45,30,95
12,6,37,0,50,65,30,95
12,7,47,1,50,65,30,95
12,8,18,1,60,65,30,95
12,9,5,0,50,65,35,95
12,10,29,0,30,65,40,95
12,11,9,0,20,65,40,100
12,12,26,0,10,65,40,110
12,13,41,0,0,80,40,110
12,14,46,0,-10,80,40,125
12,15,3,1,-20,80,40,135
12,16,39,0,-30,95,40,135
12,17,37,1,-20,95,40,135
12,18,28,0,-40,95,40,150
12,19,44,0,-40,95,50,160
12,20,21,0,-50,95,70,160
12,21,2,1,-45,95,60,160
12,22,24,0,-50,95,60,160
12,23,14,1,-50,105,60,160
12,24,45,0,-50,105,60,175
12,25,46,1,-45,105,60,175
12,26,2,1,-40,105,50,175
12,27,38,0,-50,115,50,175
12,28,39,0,-60,130,50,175
12,29,21,0,-70,130,70,175
12,30,7,0,-85,140,70,175
12,31,16,1,-85,140,60,175
12,32,28,1,-75,140,60,175
12,33,31,1,-75,140,70,175
12,34,38,0,-85,150,70,175
12,35,48,1,-85,150,70,175
12,36,19,1,-85,150,70,175
12,37,30,1,-85,150,80,175
12,38,17,0,-105,170,80,175
12,39,5,0,-115,170,85,175
12,40,45,1,-115,180,85,175
12,41,7,1,-110,180,85,175
12,42,11,0,-115,180,85,175
12,43,44,1,-110,180,85,175
12,44,41,1,-105,170,85,175
12,45,36,0,-105,165,85,190
12,46,13,1,-100,170,85,190
12,47,16,0,-115,180,85,190
12,48,29,1,-115,200,65,190
12,49,17,1,-145,200,80,190
12,50,5,1,-140,200,70,190
12,51,32,1,-140,190,85,190
12,52,30,1,-140,190,95,190
12,53,3,0,-125,190,90,190
12,54,43,1,-125,190,95,185
12,55,11,0,-130,190,95,185
12,56,47,1,-130,190,95,185
12,57,9,1,-125,190,95,185
12,58,27,0,-115,180,95,185
12,59,42,0,-130,180,95,200
12,60,7,0,-145,190,95,200
12,61,20,0,-155,190,110,200
12,62,48,1,-155,190,110,200
12,63,5,1,-150,190,100,200
12,64,10,1,-135,190,90,200
12,65,2,0,-145,190,110,200
12,66,27,0,-135,180,110,200
12,67,16,1,-135,180,100,200
12,68,13,1,-130,185,100,200
12,69,30,0,-130,185,90,225
12,70,7,1,-125,185,90,225
12,71,41,1,-120,175,90,225
12,72,20,1,-120,185,75,225
12,73,9,0,-130,185,75,230
12,74,26,1,-120,185,70,230
12,75,28,0,-140,185,70,245
12,76,10,0,-150,195,70,245
12,77,19,0,-150,195,70,245
12,78,2,0,-160,195,90,245
12,79,47,1,-160,195,90,245
12,80,9,0,-170,195,90,250
12,81,27,0,-160,185,90,250
12,82,46,1,-155,185,90,250
12,83,48,0,-155,185,90,280
12,84,14,1,-155,195,90,280
12,85,43,0,-135,195,80,280
12,86,15,0,-120,190,80,280
12,87,57,1,-120,200,80,280
12,88,21,1,-115,200,70,280
12,89,33,0,-85,200,70,280
12,90,2,0,-95,200,90,280
12,91,47,0,-95,200,90,295
12,92,11,1,-90,200,90,295
12,93,28,1,-80,200,90,295
12,94,7,0,-95,210,90,295
12,95,20,0,-105,210,105,295
12,96,6,1,-115,210,105,305
12,97,58,1,-115,220,105,305
12,98,9,1,-110,220,105,305
12,99,24,1,-105,220,105,305
13,0,36,0,50,45,50,65
13,1,14,1,50,55,50,65
13,2,18,1,60,55,50,65
13,3,28,0,40,55,50,80
13,4,21,1,45,55,40,80
13,5,41,0,35,70,40,80
13,6,24,0,30,70,40,80
13,7,29,0,10,70,45,80
13,8,7,1,15,70,45,80
13,9,46,1,20,70,45,80
13,10,17,0,0,90,45,80
13,11,25,0,0,85,45,80
13,12,18,1,10,85,45,80
13,13,7,0,-5,95,45,80
13,14,40,0,-5,105,35,80
13,15,11,0,-10,105,35,80
13,16,26,1,0,105,30,80
13,17,18,1,10,105,30,80
13,18,45,1,10,115,30,80
13,19,29,0,-10,115,35,80
13,20,21,0,-20,115,55,80
13,21,48,1,-20,115,55,80
13,22,9,0,-30,115,55,85
13,23,31,1,-30,115,65,85
13,24,6,0,-20,115,60,85
13,25,2,0,-30,115,80,85
13,26,5,1,-25,115,70,85
13,27,40,0,-25,125,60,85
13,28,37,0,-40,145,60,85
13,29,41,0,-50,160,60,85
13,30,1,0,-40,160,50,85
13,31,24,1,-35,160,50,85
13,32,38,0,-45,170,50,85
13,33,25,1,-45,180,50,85
13,34,7,0,-60,190,50,85
13,35,1,1,-70,190,50,90
13,36,10,0,-80,200,50,90
13,37,9,1,-75,200,50,90
13,38,23,0,-85,200,50,100
13,39,32,1,-85,190,65,100
13,40,26,0,-95,190,65,110
13,41,42,0,-110,190,65,125
13,42,45,1,-110,200,65,125
13,43,37,0,-125,220,65,125
13,44,36,0,-125,215,65,140
13,45,11,0,-130,215,65,140
13,46,33,0,-100,215,65,140
13,47,26,0,-110,215,65,150
13,48,9,1,-105,215,65,150
13,49,15,0,-90,210,65,150
13,50,22,0,-100,210,75,150
13,51,16,1,-100,210,65,150
13,52,41,1,-95,200,65,150
13,53,21,1,-90,200,55,150
13,54,8,1,-105,200,55,160
13,55,19,1,-105,200,55,160
13,56,2,1,-100,200,45,160
13,57,20,1,-100,210,30,160
13,58,13,1,-95,215,30,160
13,59,18,1,-85,215,30,160
13,60,12,0,-90,225,30,160
13,61,45,1,-90,235,30,160
13,62,8,0,-90,240,20,160
13,63,39,1,-85,240,20,160
13,64,46,1,-80,240,20,160
13,65,7,1,-75,240,20,160
13,66,49,0,-75,235,20,175
13,67,43,0,-55,235,10,175
13,68,42,1,-55,240,10,175
13,69,22,0,-65,240,20,175
13,70,7,1,-60,240,20,175
13,71,36,1,-60,250,20,175
13,72,39,0,-70,265,20,175
13,73,16,0,-85,275,20,175
13,74,8,0,-85,280,10,175
13,75,14,1,-85,290,10,175
13,76,30,0,-85,290,0,200
13,77,44,1,-80,290,0,200
13,78,23,0,-90,290,0,210
13,79,16,1,-90,290,-10,210
13,80,37,1,-80,290,-10,210
13,81,10,1,-65,290,-20,210
13,82,27,0,-55,280,-20,210
13,83,13,0,-55,280,-20,230
13,84,40,1,-55,270,-10,230
13,85,38,0,-65,280,-10,230
13,86,45,1,-65,290,-10,230
13,87,3,1,-75,290,-10,240
13,88,12,1,-70,290,-10,240
13,89,34,1,-55,290,-10,240
13,90,28,1,-45,290,-10,240
13,91,8,0,-45,295,-20,240
13,92,3,0,-30,295,-25,240
13,93,20,0,-40,295,-10,240
13,94,41,0,-50,310,-10,240
13,95,2,0,-60,310,10,240
13,96,36,1,-60,320,10,240
13,97,19,0,-60,320,10,240
13,98,43,1,-60,320,15,235
13,99,7,1,-55,320,15,235
14,0,22,0,40,50,60,50
14,1,45,1,40,60,60,50
14,2,17,1,10,60,75,50
14,3,57,0,10,60,75,75
14,4,8,0,10,65,65,75
14,5,47,0,10,65,65,90
14,6,9,1,15,65,65,90
14,7,38,0,5,75,65,90
14,8,14,1,5,85,65,90
14,9,20,0,-5,85,80,90
14,10,21,1,0,85,70,90
14,11,31,1,0,85,80,90
14,12,36,1,0,95,80,90
14,13,9,0,-10,95,80,95
14,14,32,1,-10,85,95,95
14,15,47,0,-10,85,95,110
14,16,5,1,-5,85,85,110
14,17,15,1,-5,90,85,110
14,18,39,1,0,90,85,110
14,19,40,1,0,80,95,110
14,20,33,1,0,95,95,110
14,21,48,1,0,95,95,110
14,22,58,0,0,85,95,110
14,23,19,1,0,85,95,110
14,24,38,1,5,85,95,110
14,25,17,0,-15,105,95,110
14,26,24,1,-10,105,95,110
14,27,27,1,-10,120,90,110
14,28,36,0,-10,115,90,125
14,29,44,0,-10,115,100,135
14,30,6,0,0,115,95,135
14,31,15,0,15,110,95,135
14,32,27,1,15,125,90,135
14,33,36,0,15,120,90,150
14,34,28,0,-5,120,90,165
14,35,34,1,10,120,90,165
14,36,8,1,-5,120,90,175
14,37,9,0,-15,120,90,180
14,38,2,0,-25,120,110,180
14,39,28,0,-45,120,110,195
14,40,18,0,-75,120,110,225
14,41,23,0,-85,120,110,235
14,42,45,1,-85,130,110,235
14,43,37,0,-100,150,110,235
14,44,4,1,-90,150,110,235
14,45,26,1,-80,150,105,235
14,46,40,0,-80,160,95,235
14,47,6,0,-70,160,90,235
14,48,17,1,-100,160,105,235
14,49,43,0,-80,160,95,235
14,50,13,0,-80,160,95,255
14,51,40,1,-80,150,105,255
14,52,46,0,-90,150,105,270
14,53,11,0,-95,150,105,270
14,54,19,0,-95,150,105,270
14,55,35,0,-95,150,105,270
14,56,23,0,-105,150,105,280
14,57,12,1,-100,150,105,280
14,58,16,0,-115,160,105,280
14,59,10,1,-100,160,95,280
14,60,14,0,-100,160,95,290
14,61,17,0,-120,180,95,290
14,62,12,0,-125,190,95,290
14,63,26,1,-115,190,90,290
14,64,45,1,-115,200,90,290
14,65,20,0,-125,200,105,290
14,66,48,0,-125,200,105,320
14,67,15,1,-125,205,105,320
14,68,42,1,-125,210,105,320
14,69,2,1,-120,210,95,320
14,70,45,0,-120,210,95,335
14,71,22,0,-130,210,105,335
14,72,36,0,-130,205,105,350
14,73,27,0,-120,195,105,350
14,74,6,0,-110,195,100,350
14,75,41,1,-105,185,100,350
14,76,59,1,-105,200,100,350
14,77,13,0,-105,200,100,370
14,78,23,0,-115,200,100,380
14,79,29,0,-135,200,105,380
14,80,38,0,-145,210,105,380
14,81,19,0,-145,210,105,380
14,82,9,0,-155,210,105,385
14,83,21,0,-165,210,125,385
14,84,36,0,-165,205,125,400
14,85,5,1,-160,205,115,400
14,86,42,0,-175,205,115,415
14,87,9,1,-170,205,115,415
14,88,37,1,-160,205,115,415
14,89,29,1,-160,225,95,415
14,90,23,1,-160,230,90,415
14,91,15,0,-145,225,90,415
14,92,6,0,-135,225,85,415
14,93,8,1,-150,225,85,425
14,94,28,0,-170,225,85,440
14,95,37,1,-160,225,85,440
14,96,47,1,-160,225,85,440
14,97,40,0,-160,235,75,440
14,98,36,1,-160,245,75,440
14,99,7,1,-155,245,75,440
15,0,11,0,45,50,50,50
15,1,21,0,35,50,70,50
15,2,6,1,25,50,70,60
15,3,19,0,25,50,70,60
15,4,20,0,15,50,85,60
15,5,2,0,5,50,105,60
15,6,36,1,5,60,105,60
15,7,12,0,0,70,105,60
15,8,42,0,-15,70,105,75
15,9,43,1,-15,70,110,70
15,10,23,1,-15,75,105,70
15,11,15,1,-15,80,105,70
15,12,12,1,-10,80,105,70
15,13,29,0,-30,80,110,70
15,14,21,1,-25,80,100,70
15,15,42,1,-25,85,100,70
15,16,23,0,-35,85,100,80
15,17,57,1,-35,95,100,80
15,18,43,0,-15,95,90,80
15,19,6,1,-25,95,90,90
15,20,7,1,-20,95,90,90
15,21,46,1,-15,95,90,90
15,22,17,1,-45,95,105,90
15,23,21,1,-40,95,95,90
15,24,39,1,-35,95,95,90
15,25,4,0,-50,110,95,90
15,26,27,1,-50,125,90,90
15,27,58,1,-50,135,90,90
15,28,31,0,-50,145,80,90
15,29,45,1,-50,155,80,90
15,30,14,0,-50,155,80,100
15,31,43,0,-30,155,70,100
15,32,21,0,-40,155,90,100
15,33,27,1,-40,170,85,100
15,34,48,0,-40,170,85,130
15,35,42,0,-55,170,85,145
15,36,45,0,-55,170,85,160
15,37,24,1,-50,170,85,160
15,38,6,1,-60,170,85,170
15,39,44,1,-55,170,85,170
15,40,39,0,-65,185,85,170
15,41,4,0,-80,200,85,170
15,42,14,0,-80,200,85,180
15,43,24,1,-75,200,85,180
15,44,26,1,-65,200,80,180
15,45,1,1,-75,200,80,185
15,46,42,1,-75,205,80,185
15,47,38,1,-70,205,80,185
15,48,59,1,-70,220,80,185
15,49,8,1,-85,220,80,195
15,50,3,0,-70,220,75,195
15,51,21,0,-80,220,95,195
15,52,30,0,-80,220,85,220
15,53,41,0,-90,235,85,220
15,54,6,0,-80,235,80,220
15,55,19,1,-80,235,80,220
15,56,32,0,-80,255,65,220
15,57,2,0,-90,255,85,220
15,58,44,1,-85,255,85,220
15,59,14,0,-85,255,85,230
15,60,39,0,-95,270,85,230
15,61,22,0,-105,270,95,230
15,62,36,1,-105,280,95,230
15,63,23,1,-105,285,90,230
15,64,6,0,-95,285,85,230
15,65,29,0,-115,285,90,230
15,66,46,1,-110,285,90,230
15,67,7,0,-125,295,90,230
15,68,25,1,-125,305,90,230
15,69,40,1,-125,295,100,230
15,70,26,0,-135,295,100,240
15,71,6,0,-125,295,95,240
15,72,44,1,-120,295,95,240
15,73,10,1,-105,295,85,240
15,74,38,1,-100,295,85,240
15,75,60,0,-70,295,85,240
15,76,33,0,-40,295,85,240
15,77,34,0,-40,280,110,240
15,78,41,1,-35,270,110,240
15,79,30,0,-35,270,100,265
15,80,16,1,-35,270,90,265
15,81,61,0,-35,270,110,265
15,82,17,0,-55,290,110,265
15,83,45,0,-55,290,110,280
15,84,23,1,-55,295,105,280
15,85,62,0,-55,295,105,280
15,86,3,1,-65,295,105,290
15,87,42,0,-80,295,105,305
15,88,17,1,-110,295,120,305
15,89,43,1,-110,295,125,300
15,90,30,1,-110,295,135,300
15,91,9,1,-105,295,135,300
15,92,44,1,-100,295,135,300
15,93,27,1,-100,310,130,300
15,94,22,1,-100,315,120,300
15,95,39,1,-95,315,120,300
15,96,17,0,-115,335,120,300
15,97,19,1,-115,335,120,300
15,98,2,1,-110,335,110,300
15,99,13,1,-105,340,110,300
16,0,47,0,50,50,50,65
16,1,41,0,40,65,50,65
16,2,1,0,50,65,40,65
16,3,23,0,40,65,40,75
16,4,48,1,40,65,40,75
16,5,30,1,40,65,50,75
16,6,37,0,25,85,50,75
16,7,17,1,-5,85,65,75
16,8,46,0,-15,85,65,90
16,9,19,0,-15,85,65,90
16,10,21,1,-10,85,55,90
16,11,4,1,0,85,55,90
16,12,49,0,0,80,55,105
16,13,41,1,5,70,55,105
16,14,47,0,5,70,55,120
16,15,42,1,5,75,55,120
16,16,3,1,-5,75,55,130
16,17,48,0,-5,75,55,160
16,18,28,1,5,75,55,160
16,19,57,1,5,85,55,160
16,20,2,0,-5,85,75,160
16,21,14,0,-5,85,75,170
16,22,38,0,-15,95,75,170
16,23,37,0,-30,115,75,170
16,24,27,1,-30,130,70,170
16,25,11,0,-35,130,70,170
16,26,14,1,-35,140,70,170
16,27,8,0,-35,145,60,170
16,28,46,1,-30,145,60,170
16,29,44,1,-25,145,60,170
16,30,45,1,-25,155,60,170
16,31,7,0,-40,165,60,170
16,32,58,0,-40,155,60,170
16,33,22,0,-50,155,70,170
16,34,3,0,-35,155,65,170
16,35,30,1,-35,155,75,170
16,36,4,0,-50,170,75,170
16,37,50,1,-50,180,75,170
16,38,27,1,-50,195,70,170
16,39,14,0,-50,195,70,180
16,40,40,1,-50,185,80,180
16,41,28,0,-70,185,80,195
16,42,41,1,-65,175,80,195
16,43,29,0,-85,175,85,195
16,44,46,1,-80,175,85,195
16,45,10,0,-90,185,85,195
16,46,7,1,-85,185,85,195
16,47,27,1,-85,200,80,195
16,48,47,1,-85,200,80,195
16,49,21,1,-80,200,70,195
16,50,26,1,-70,200,65,195
16,51,42,1,-70,205,65,195
16,52,1,1,-80,205,65,200
16,53,30,0,-80,205,55,225
16,54,24,1,-75,205,55,225
16,55,7,1,-70,205,55,225
16,56,28,1,-60,205,55,225
16,57,27,0,-50,195,55,225
16,58,39,1,-45,195,55,225
16,59,13,0,-45,195,55,245
16,60,29,0,-65,195,60,245
16,61,6,0,-55,195,55,245
16,62,2,1,-50,195,45,245
16,63,17,0,-70,215,45,245
16,64,26,0,-80,215,45,255
16,65,12,0,-85,225,45,255
16,66,43,0,-65,225,35,255
16,67,9,0,-75,225,35,260
16,68,24,1,-70,225,35,260
16,69,20,0,-80,225,50,260
16,70,13,0,-80,225,50,280
16,71,30,0,-80,225,40,305
16,72,17,1,-110,225,55,305
16,73,25,1,-110,235,55,305
16,74,9,1,-105,235,55,305
16,75,4,1,-95,235,55,305
16,76,18,0,-125,235,55,335
16,77,26,0,-135,235,55,345
16,78,17,1,-165,235,70,345
16,79,15,0,-150,230,70,345
16,80,10,0,-160,240,70,345
16,81,27,1,-160,255,65,345
16,82,41,1,-155,245,65,345
16,83,21,1,-150,245,55,345
16,84,42,0,-165,245,55,360
16,85,43,0,-145,245,45,360
16,86,12,1,-140,245,45,360
16,87,27,1,-140,260,40,360
16,88,47,0,-140,260,40,375
16,89,1,1,-150,260,40,380
16,90,28,0,-170,260,40,395
16,91,30,0,-170,260,30,420
16,92,27,1,-170,275,25,420
16,93,31,0,-170,285,15,420
16,94,15,0,-155,280,15,420
16,95,28,1,-145,280,15,420
16,96,25,0,-145,275,15,420
16,97,14,1,-145,285,15,420
16,98,5,1,-140,285,5,420
16,99,19,0,-140,285,5,420
17,0,42,1,50,55,50,50
17,1,18,1,60,55,50,50
17,2,39,1,65,55,50,50
17,3,17,1,35,55,65,50
17,4,40,1,35,45,75,50
17,5,12,0,30,55,75,50
17,6,29,0,10,55,80,50
17,7,5,1,15,55,70,50
17,8,44,1,20,55,70,50
17,9,31,1,20,55,80,50
17,10,4,0,5,70,80,50
17,11,2,0,-5,70,100,50
17,12,11,1,0,70,100,50
17,13,57,0,0,70,100,75
17,14,10,1,15,70,90,75
17,15,23,0,5,70,90,85
17,16,2,0,-5,70,110,85
17,17,25,0,-5,65,110,85
17,18,30,0,-5,65,100,110
17,19,16,1,-5,65,90,110
17,20,39,0,-15,80,90,110
17,21,3,1,-25,80,90,120
17,22,36,1,-25,90,90,120
17,23,38,0,-35,100,90,120
17,24,28,1,-25,100,90,120
17,25,48,0,-25,100,90,150
17,26,16,0,-40,110,90,150
17,27,46,0,-50,110,90,165
17,28,14,0,-50,110,90,175
17,29,43,1,-50,110,95,170
17,30,9,1,-45,110,95,170
17,31,8,1,-60,110,95,180
17,32,11,0,-65,110,95,180
17,33,47,0,-65,110,95,195
17,34,43,0,-45,110,85,195
17,35,38,0,-55,120,85,195
17,36,48,0,-55,120,85,225
17,37,26,0,-65,120,85,235
17,38,12,1,-60,120,85,235
17,39,16,0,-75,130,85,235
17,40,24,0,-80,130,85,235
17,41,29,0,-100,130,90,235
17,42,40,0,-100,140,80,235
17,43,37,1,-90,140,80,235
17,44,19,0,-90,140,80,235
17,45,25,0,-90,135,80,235
17,46,15,0,-75,130,80,235
17,47,5,0,-85,130,85,235
17,48,9,1,-80,130,85,235
17,49,32,1,-80,120,100,235
17,50,47,1,-80,120,100,235
17,51,11,0,-85,120,100,235
17,52,22,0,-95,120,110,235
17,53,5,1,-90,120,100,235
17,54,33,0,-60,120,100,235
17,55,48,1,-60,120,100,235
17,56,13,1,-55,125,100,235
17,57,58,0,-55,115,100,235
17,58,30,0,-55,115,90,260
17,59,40,1,-55,105,100,260
17,60,46,1,-50,105,100,260
17,61,39,0,-60,120,100,260
17,62,8,0,-60,125,90,260
17,63,34,0,-60,110,115,260
17,64,29,0,-80,110,120,260
17,65,19,0,-80,110,120,260
17,66,2,0,-90,110,140,260
17,67,36,1,-90,120,140,260
17,68,23,0,-100,120,140,270
17,69,25,0,-100,115,140,270
17,70,11,1,-95,115,140,270
17,71,18,0,-125,115,140,300
17,72,28,1,-115,115,140,300
17,73,37,1,-105,115,140,300
17,74,9,1,-100,115,140,300
17,75,47,1,-100,115,140,300
17,76,48,0,-100,115,140,330
17,77,39,1,-95,115,140,330
17,78,59,1,-95,130,140,330
17,79,9,0,-105,130,140,335
17,80,36,0,-105,125,140,350
17,81,12,0,-110,135,140,350
17,82,48,1,-110,135,140,350
17,83,11,1,-105,135,140,350
17,84,21,1,-100,135,130,350
17,85,2,0,-110,135,150,350
17,86,7,1,-105,135,150,350
17,87,20,0,-115,135,165,350
17,88,60,1,-115,145,165,350
17,89,40,0,-115,155,155,350
17,90,29,0,-135,155,160,350
17,91,5,1,-130,155,150,350
17,92,46,1,-125,155,150,350
17,93,61,1,-125,170,150,350
17,94,43,0,-105,170,140,350
17,95,35,1,-105,160,150,350
17,96,5,0,-115,160,155,350
17,97,42,1,-115,165,155,350
17,98,23,1,-115,170,150,350
17,99,10,1,-100,170,140,350
18,0,44,0,50,50,60,60
18,1,6,1,40,50,60,70
18,2,19,1,40,50,60,70
18,3,1,0,50,50,50,70
18,4,24,0,45,50,50,70
18,5,22,0,35,50,60,70
18,6,49,1,35,55,60,70
18,7,36,1,35,65,60,70
18,8,28,0,15,65,60,85
18,9,3,1,5,65,60,95
18,10,11,1,10,65,60,95
18,11,41,0,0,80,60,95
18,12,16,0,-15,90,60,95
18,13,2,0,-25,90,80,95
18,14,45,0,-25,90,80,110
18,15,20,0,-35,90,95,110
18,16,39,1,-30,90,95,110
18,17,27,1,-30,105,90,110
18,18,4,0,-45,120,90,110
18,19,24,1,-40,120,90,110
18,20,26,0,-50,120,90,120
18,21,31,0,-50,130,80,120
18,22,30,0,-50,130,70,145
18,23,48,0,-50,130,70,175
18,24,47,1,-50,130,70,175
18,25,39,1,-45,130,70,175
18,26,15,1,-45,135,70,175
18,27,44,0,-45,135,80,185
18,28,41,1,-40,125,80,185
18,29,5,0,-50,125,85,185
18,30,25,0,-50,120,85,185
18,31,46,1,-45,120,85,185
18,32,42,1,-45,125,85,185
18,33,11,1,-40,125,85,185
18,34,39,1,-35,125,85,185
18,35,2,0,-45,125,105,185
18,36,27,0,-35,115,105,185
18,37,12,1,-30,115,105,185
18,38,46,0,-40,115,105,200
18,39,25,0,-40,110,105,200
18,40,18,0,-70,110,105,230
18,41,44,0,-70,110,115,240
18,42,32,0,-70,130,100,240
18,43,24,0,-75,130,100,240
18,44,10,1,-60,130,90,240
18,45,25,0,-60,125,90,240
18,46,11,1,-55,125,90,240
18,47,27,0,-45,115,90,240
18,48,15,1,-45,120,90,240
18,49,38,0,-55,130,90,240
18,50,23,0,-65,130,90,250
18,51,42,0,-80,130,90,265
18,52,18,1,-70,130,90,265
18,53,13,1,-65,135,90,265
18,54,2,1,-60,135,80,265
18,55,29,0,-80,135,85,265
18,56,4,1,-70,135,85,265
18,57,20,0,-80,135,100,265
18,58,23,0,-90,135,100,275
18,59,22,1,-90,140,90,275
18,60,25,1,-90,150,90,275
18,61,37,1,-80,150,90,275
18,62,41,0,-90,165,90,275
18,63,45,0,-90,165,90,290
18,64,16,1,-90,165,80,290
18,65,46,1,-85,165,80,290
18,66,17,1,-115,165,95,290
18,67,4,0,-130,180,95,290
18,68,8,1,-145,180,95,300
18,69,30,0,-145,180,85,325
18,70,57,0,-145,180,85,350
18,71,2,1,-140,180,75,350
18,72,33,0,-110,180,75,350
18,73,3,0,-95,180,70,350
18,74,16,1,-95,180,60,350
18,75,46,0,-105,180,60,365
18,76,13,0,-105,180,60,385
18,77,2,0,-115,180,80,385
18,78,6,0,-105,180,75,385
18,79,14,0,-105,180,75,395
18,80,5,1,-100,180,65,395
18,81,9,0,-110,180,65,400
18,82,7,1,-105,180,65,400
18,83,45,1,-105,190,65,400
18,84,15,1,-105,195,65,400
18,85,6,1,-115,195,65,410
18,86,43,1,-115,195,70,405
18,87,4,0,-130,210,70,405
18,88,28,0,-150,210,70,420
18,89,36,1,-150,220,70,420
18,90,11,0,-155,220,70,420
18,91,38,1,-150,220,70,420
18,92,43,0,-130,220,60,420
18,93,41,0,-140,235,60,420
18,94,48,1,-140,235,60,420
18,95,15,1,-140,240,60,420
18,96,27,1,-140,255,55,420
18,97,1,0,-130,255,45,420
18,98,10,1,-115,255,35,420
18,99,16,0,-130,265,35,420
19,0,49,0,50,45,50,65
19,1,10,1,65,45,40,65
19,2,43,1,65,45,45,60
19,3,42,1,65,50,45,60
19,4,11,1,70,50,45,60
19,5,23,1,70,55,40,60
19,6,50,0,70,55,40,75
19,7,16,0,55,65,40,75
19,8,6,1,45,65,40,85
19,9,43,0,65,65,30,85
19,10,51,1,65,75,30,85
19,11,1,0,75,75,20,85
19,12,45,1,75,85,20,85
19,13,42,0,60,85,20,100
19,14,16,1,60,85,10,100
19,15,10,1,75,85,0,100
19,16,3,1,65,85,0,110
19,17,24,1,70,85,0,110
19,18,21,0,60,85,20,110
19,19,28,0,40,85,20,125
19,20,48,0,40,85,20,155
19,21,43,1,40,85,25,150
19,22,29,0,20,85,30,150
19,23,14,1,20,95,30,150
19,24,10,1,35,95,20,150
19,25,4,1,45,95,20,150
19,26,27,1,45,110,15,150
19,27,12,1,50,110,15,150
19,28,41,1,55,100,15,150
19,29,43,1,55,100,20,145
19,30,15,0,70,95,20,145
19,31,29,0,50,95,25,145
19,32,25,0,50,90,25,145
19,33,14,1,50,100,25,145
19,34,47,1,50,100,25,145
19,35,43,1,50,100,30,140
19,36,10,0,40,110,30,140
19,37,12,1,45,110,30,140
19,38,15,0,60,105,30,140
19,39,6,0,70,105,25,140
19,40,40,0,70,115,15,140
19,41,22,0,60,115,25,140
19,42,8,0,60,120,15,140
19,43,10,0,50,130,15,140
19,44,26,1,60,130,10,140
19,45,36,0,60,125,10,155
19,46,2,0,50,125,30,155
19,47,41,0,40,140,30,155
19,48,8,0,40,145,20,155
19,49,18,0,10,145,20,185
19,50,52,1,10,155,20,180
19,51,37,1,20,155,20,180
19,52,9,1,25,155,20,180
19,53,57,1,25,165,20,180
19,54,2,1,30,165,10,180
19,55,21,1,35,165,0,180
19,56,45,1,35,175,0,180
19,57,3,0,50,175,-5,180
19,58,44,0,50,175,5,190
19,59,38,1,55,175,5,190
19,60,17,0,35,195,5,190
19,61,20,0,25,195,20,190
19,62,53,0,25,215,20,190
19,63,12,1,30,215,20,190
19,64,42,1,30,220,20,190
19,65,38,0,20,230,20,190
19,66,37,0,5,250,20,190
19,67,21,1,10,250,10,190
19,68,45,0,10,250,10,205
19,69,47,0,10,250,10,220
19,70,43,0,30,250,0,220
19,71,25,1,30,260,0,220
19,72,41,1,35,250,0,220
19,73,40,1,35,240,10,220
19,74,23,1,35,245,5,220
19,75,44,1,40,245,5,220
19,76,27,1,40,260,0,220
19,77,30,0,40,260,-10,245
19,78,17,1,10,260,5,245
19,79,20,0,0,260,20,245
19,80,37,0,-15,280,20,245
19,81,21,1,-10,280,10,245
19,82,4,0,-25,295,10,245
19,83,2,0,-35,295,30,245
19,84,7,1,-30,295,30,245
19,85,39,1,-25,295,30,245
19,86,36,1,-25,305,30,245
19,87,45,0,-25,305,30,260
19,88,19,0,-25,305,30,260
19,89,7,0,-40,315,30,260
19,90,41,1,-35,305,30,260
19,91,6,1,-45,305,30,270
19,92,21,1,-40,305,20,270
19,93,13,1,-35,310,20,270
19,94,22,0,-45,310,30,270
19,95,18,0,-75,310,30,300
19,96,48,1,-75,310,30,300
19,97,58,0,-75,300,30,300
19,98,3,0,-60,300,25,300
19,99,38,1,-55,300,25,300
20,0,1,1,40,50,50,55
20,1,49,0,40,45,50,70
20,2,2,0,30,45,70,70
20,3,9,0,20,45,70,75
20,4,20,1,20,55,55,75
20,5,48,0,20,55,55,105
20,6,25,0,20,50,55,105
20,7,37,0,5,70,55,105
20,8,15,0,20,65,55,105
20,9,24,0,15,65,55,105
20,10,8,0,15,70,45,105
20,11,38,0,5,80,45,105
20,12,25,0,5,75,45,105
20,13,28,1,15,75,45,105
20,14,6,0,25,75,40,105
20,15,50,0,25,75,40,120
20,16,41,0,15,90,40,120
20,17,17,0,-5,110,40,120
20,18,8,0,-5,115,30,120
20,19,2,1,0,115,20,120
20,20,21,0,-10,115,40,120
20,21,38,0,-20,125,40,120
20,22,22,1,-20,130,30,120
20,23,51,1,-20,140,30,120
20,24,52,1,-20,150,30,115
20,25,16,0,-35,160,30,115
20,26,25,0,-35,155,30,115
20,27,15,0,-20,150,30,115
20,28,42,1,-20,155,30,115
20,29,13,0,-20,155,30,135
20,30,47,1,-20,155,30,135
20,31,39,0,-30,170,30,135
20,32,36,0,-30,165,30,150
20,33,20,0,-40,165,45,150
20,34,43,0,-20,165,35,150
20,35,21,0,-30,165,55,150
20,36,26,0,-40,165,55,160
20,37,53,0,-40,185,55,160
20,38,3,1,-50,185,55,170
20,39,41,1,-45,175,55,170
20,40,46,0,-55,175,55,185
20,41,31,1,-55,175,65,185
20,42,29,1,-55,195,45,185
20,43,54,0,-55,185,55,185
20,44,38,1,-50,185,55,185
20,45,32,1,-50,175,70,185
20,46,44,0,-50,175,80,195
20,47,22,0,-60,175,90,195
20,48,13,0,-60,175,90,215
20,49,1,1,-70,175,90,220
20,50,15,0,-55,170,90,220
20,51,21,1,-50,170,80,220
20,52,17,0,-70,190,80,220
20,53,5,1,-65,190,70,220
20,54,7,0,-80,200,70,220
20,55,18,1,-70,200,70,220
20,56,48,0,-70,200,70,250
20,57,20,1,-70,210,55,250
20,58,12,1,-65,210,55,250
20,59,38,0,-75,220,55,250
20,60,14,1,-75,230,55,250
20,61,23,0,-85,230,55,260
20,62,39,0,-95,245,55,260
20,63,16,1,-95,245,45,260
20,64,18,1,-85,245,45,260
20,65,30,1,-85,245,55,260
20,66,36,1,-85,255,55,260
20,67,23,0,-95,255,55,270
20,68,7,1,-90,255,55,270
20,69,38,1,-85,255,55,270
20,70,55,0,-70,255,55,270
20,71,43,0,-50,255,45,270
20,72,6,0,-40,255,40,270
20,73,1,1,-50,255,40,275
20,74,40,0,-50,265,30,275
20,75,39,1,-45,265,30,275
20,76,30,0,-45,265,20,300
20,77,15,0,-30,260,20,300
20,78,27,0,-20,250,20,300
20,79,20,1,-20,260,5,300
20,80,3,0,-5,260,0,300
20,81,18,1,5,260,0,300
20,82,23,0,-5,260,0,310
20,83,48,1,-5,260,0,310
20,84,27,0,5,250,0,310
20,85,38,1,10,250,0,310
20,86,21,1,15,250,-10,310
20,87,43,0,35,250,-20,310
20,88,9,1,40,250,-20,310
20,89,45,1,40,260,-20,310
20,90,22,0,30,260,-10,310
20,91,13,0,30,260,-10,330
20,92,8,0,30,265,-20,330
20,93,19,1,30,265,-20,330
20,94,39,0,20,280,-20,330
20,95,23,1,20,285,-25,330
20,96,46,0,10,285,-25,345
20,97,7,1,15,285,-25,345
20,98,26,1,25,285,-30,345
20,99,27,0,35,275,-30,345
21,0,3,1,40,50,50,60
21,1,24,1,45,50,50,60
21,2,18,0,15,50,50,90
21,3,15,1,15,55,50,90
21,4,41,1,20,45,50,90
21,5,19,1,20,45,50,90
21,6,8,0,20,50,40,90
21,7,42,0,5,50,40,105
21,8,40,1,5,40,50,105
21,9,44,0,5,40,60,115
21,10,6,1,-5,40,60,125
21,11,57,0,-5,40,60,150
21,12,19,0,-5,40,60,150
21,13,58,1,-5,50,60,150
21,14,5,0,-15,50,65,150
21,15,3,0,0,50,60,150
21,16,6,0,10,50,55,150
21,17,8,0,10,55,45,150
21,18,18,1,20,55,45,150
21,19,22,0,10,55,55,150
21,20,23,1,10,60,50,150
21,21,48,0,10,60,50,180
21,22,7,0,-5,70,50,180
21,23,24,1,0,70,50,180
21,24,18,0,-30,70,50,210
21,25,13,1,-25,75,50,210
21,26,47,1,-25,75,50,210
21,27,14,1,-25,85,50,210
21,28,19,0,-25,85,50,210
21,29,37,0,-40,105,50,210
21,30,42,1,-40,110,50,210
21,31,29,1,-40,130,30,210
21,32,21,1,-35,130,20,210
21,33,11,0,-40,130,20,210
21,34,27,0,-30,120,20,210
21,35,5,1,-25,120,10,210
21,36,19,0,-25,120,10,210
21,37,42,0,-40,120,10,225
21,38,11,1,-35,120,10,225
21,39,43,1,-35,120,15,220
21,40,8,0,-35,125,5,220
21,41,45,0,-35,125,5,235
21,42,7,1,-30,125,5,235
21,43,42,0,-45,125,5,250
21,44,44,0,-45,125,15,260
21,45,22,0,-55,125,25,260
21,46,18,0,-85,125,25,290
21,47,11,0,-90,125,25,290
21,48,5,0,-100,125,30,290
21,49,37,1,-90,125,30,290
21,50,28,1,-80,125,30,290
21,51,24,1,-75,125,30,290
21,52,44,0,-75,125,40,300
21,53,11,0,-80,125,40,300
21,54,21,1,-75,125,30,300
21,55,27,0,-65,115,30,300
21,56,28,0,-85,115,30,315
21,57,22,0,-95,115,40,315
21,58,7,0,-110,125,40,315
21,59,10,1,-95,125,30,315
21,60,25,0,-95,120,30,315
21,61,23,1,-95,125,25,315
21,62,18,1,-85,125,25,315
21,63,41,1,-80,115,25,315
21,64,22,1,-80,120,15,315
21,65,19,0,-80,120,15,315
21,66,17,1,-110,120,30,315
21,67,10,1,-95,120,20,315
21,68,44,0,-95,120,30,325
21,69,2,0,-105,120,50,325
21,70,12,1,-100,120,50,325
21,71,45,1,-100,130,50,325
21,72,7,0,-115,140,50,325
21,73,21,1,-110,140,40,325
21,74,23,0,-120,140,40,335
21,75,29,1,-120,160,20,335
21,76,43,1,-120,160,25,330
21,77,38,0,-130,170,25,330
21,78,6,1,-140,170,25,340
21,79,37,0,-155,190,25,340
21,80,31,1,-155,190,35,340
21,81,16,1,-155,190,25,340
21,82,18,1,-145,190,25,340
21,83,2,0,-155,190,45,340
21,84,10,1,-140,190,35,340
21,85,43,0,-120,190,25,340
21,86,1,0,-110,190,15,340
21,87,25,0,-110,185,15,340
21,88,18,0,-140,185,15,370
21,89,12,0,-145,195,15,370
21,90,59,1,-145,210,15,370
21,91,1,1,-155,210,15,375
21,92,16,0,-170,220,15,375
21,93,60,0,-140,220,15,375
21,94,38,1,-135,220,15,375
21,95,32,1,-135,210,30,375
21,96,20,1,-135,220,15,375
21,97,27,0,-125,210,15,375
21,98,17,0,-145,230,15,375
21,99,3,0,-130,230,10,375
22,0,37,1,60,50,50,50
22,1,2,0,50,50,70,50
22,2,12,1,55,50,70,50
22,3,40,1,55,40,80,50
22,4,38,0,45,50,80,50
22,5,27,0,55,40,80,50
22,6,10,0,45,50,80,50
22,7,13,0,45,50,80,70
22,8,9,0,35,50,80,75
22,9,19,1,35,50,80,75
22,10,38,1,40,50,80,75
22,11,14,0,40,50,80,85
22,12,4,0,25,65,80,85
22,13,8,0,25,70,70,85
22,14,29,1,25,90,50,85
22,15,10,1,40,90,40,85
22,16,1,1,30,90,40,90
22,17,14,1,30,100,40,90
22,18,41,1,35,90,40,90
22,19,6,0,45,90,35,90
22,20,30,0,45,90,25,115
22,21,12,0,40,100,25,115
22,22,4,0,25,115,25,115
22,23,42,1,25,120,25,115
22,24,47,0,25,120,25,130
22,25,19,1,25,120,25,130
22,26,8,1,10,120,25,140
22,27,12,1,15,120,25,140
22,28,21,0,5,120,45,140
22,29,10,1,20,120,35,140
22,30,27,1,20,135,30,140
22,31,42,1,20,140,30,140
22,32,1,1,10,140,30,145
22,33,26,0,0,140,30,155
22,34,15,1,0,145,30,155
22,35,31,1,0,145,40,155
22,36,16,1,0,145,30,155
22,37,39,1,5,145,30,155
22,38,3,0,20,145,25,155
22,39,21,0,10,145,45,155
22,40,27,1,10,160,40,155
22,41,43,0,30,160,30,155
22,42,37,1,40,160,30,155
22,43,12,1,45,160,30,155
22,44,44,1,50,160,30,155
22,45,46,1,55,160,30,155
22,46,7,0,40,170,30,155
22,47,15,1,40,175,30,155
22,48,10,0,30,185,30,155
22,49,38,0,20,195,30,155
22,50,44,1,25,195,30,155
22,51,20,1,25,205,15,155
22,52,14,1,25,215,15,155
22,53,22,0,15,215,25,155
22,54,57,0,15,215,25,180
22,55,26,1,25,215,20,180
22,56,40,1,25,205,30,180
22,57,3,1,15,205,30,190
22,58,41,0,5,220,30,190
22,59,48,0,5,220,30,220
22,60,27,1,5,235,25,220
22,61,42,0,-10,235,25,235
22,62,6,0,0,235,20,235
22,63,24,0,-5,235,20,235
22,64,4,1,5,235,20,235
22,65,45,1,5,245,20,235
22,66,7,1,10,245,20,235
22,67,6,1,0,245,20,245
22,68,48,1,0,245,20,245
22,69,4,1,10,245,20,245
22,70,17,1,-20,245,35,245
22,71,43,1,-20,245,40,240
22,72,37,1,-10,245,40,240
22,73,36,0,-10,240,40,255
22,74,7,1,-5,240,40,255
22,75,10,0,-15,250,40,255
22,76,39,1,-10,250,40,255
22,77,47,1,-10,250,40,255
22,78,37,0,-25,270,40,255
22,79,3,1,-35,270,40,265
22,80,21,1,-30,270,30,265
22,81,1,1,-40,270,30,270
22,82,6,1,-50,270,30,280
22,83,25,0,-50,265,30,280
22,84,30,0,-50,265,20,305
22,85,42,0,-65,265,20,320
22,86,24,1,-60,265,20,320
22,87,43,0,-40,265,10,320
22,88,23,0,-50,265,10,330
22,89,39,0,-60,280,10,330
22,90,15,1,-60,285,10,330
22,91,45,0,-60,285,10,345
22,92,12,1,-55,285,10,345
22,93,19,1,-55,285,10,345
22,94,32,0,-55,305,-5,345
22,95,37,1,-45,305,-5,345
22,96,17,1,-75,305,10,345
22,97,7,0,-90,315,10,345
22,98,9,0,-100,315,10,350
22,99,27,0,-90,305,10,350
23,0,48,0,50,50,50,80
23,1,23,0,40,50,50,90
23,2,18,1,50,50,50,90
23,3,38,1,55,50,50,90
23,4,17,0,35,70,50,90
23,5,46,0,25,70,50,105
23,6,15,1,25,75,50,105
23,7,8,1,10,75,50,115
23,8,37,0,-5,95,50,115
23,9,5,0,-15,95,55,115
23,10,12,0,-20,105,55,115
23,11,26,1,-10,105,50,115
23,12,17,1,-40,105,65,115
23,13,30,1,-40,105,75,115
23,14,7,1,-35,105,75,115
23,15,24,1,-30,105,75,115
23,16,20,0,-40,105,90,115
23,17,6,1,-50,105,90,125
23,18,21,1,-45,105,80,125
23,19,5,0,-55,105,85,125
23,20,15,1,-55,110,85,125
23,21,12,0,-60,120,85,125
23,22,13,1,-55,125,85,125
23,23,11,0,-60,125,85,125
23,24,30,0,-60,125,75,150
23,25,47,1,-60,125,75,150
23,26,3,1,-70,125,75,160
23,27,23,1,-70,130,70,160
23,28,26,0,-80,130,70,170
23,29,4,0,-95,145,70,170
23,30,41,1,-90,135,70,170
23,31,17,1,-120,135,85,170
23,32,3,0,-105,135,80,170
23,33,57,0,-105,135,80,195
23,34,21,1,-100,135,70,195
23,35,9,0,-110,135,70,200
23,36,12,0,-115,145,70,200
23,37,1,0,-105,145,60,200
23,38,17,1,-135,145,75,200
23,39,3,1,-145,145,75,210
23,40,14,0,-145,145,75,220
23,41,6,0,-135,145,70,220
23,42,42,1,-135,150,70,220
23,43,21,0,-145,150,90,220
23,44,20,0,-155,150,105,220
23,45,58,1,-155,160,105,220
23,46,26,1,-145,160,100,220
23,47,44,1,-140,160,100,220
23,48,25,1,-140,170,100,220
23,49,59,1,-140,185,100,220
23,50,24,1,-135,185,100,220
23,51,41,0,-145,200,100,220
23,52,39,0,-155,215,100,220
23,53,25,0,-155,210,100,220
23,54,5,0,-165,210,105,220
23,55,6,0,-155,210,100,220
23,56,43,1,-155,210,105,215
23,57,36,0,-155,205,105,230
23,58,24,1,-150,205,105,230
23,59,46,0,-160,205,105,245
23,60,10,1,-145,205,95,245
23,61,29,0,-165,205,100,245
23,62,7,1,-160,205,100,245
23,63,37,1,-150,205,100,245
23,64,23,1,-150,210,95,245
23,65,20,0,-160,210,110,245
23,66,14,0,-160,210,110,255
23,67,43,1,-160,210,115,250
23,68,29,1,-160,230,95,250
23,69,16,0,-175,240,95,250
23,70,39,1,-170,240,95,250
23,71,41,0,-180,255,95,250
23,72,20,0,-190,255,110,250
23,73,45,1,-190,265,110,250
23,74,27,0,-180,255,110,250
23,75,12,0,-185,265,110,250
23,76,39,0,-195,280,110,250
23,77,8,0,-195,285,100,250
23,78,46,1,-190,285,100,250
23,79,21,1,-185,285,90,250
23,80,30,1,-185,285,100,250
23,81,9,1,-180,285,100,250
23,82,42,1,-180,290,100,250
23,83,11,1,-175,290,100,250
23,84,29,1,-175,310,80,250
23,85,27,1,-175,325,75,250
23,86,31,1,-175,325,85,250
23,87,41,1,-170,315,85,250
23,88,21,1,-165,315,75,250
23,89,7,0,-180,325,75,250
23,90,8,0,-180,330,65,250
23,91,4,1,-170,330,65,250
23,92,39,0,-180,345,65,250
23,93,24,0,-185,345,65,250
23,94,43,0,-165,345,55,250
23,95,44,0,-165,345,65,260
23,96,47,0,-165,345,65,275
23,97,28,1,-155,345,65,275
23,98,6,1,-165,345,65,285
23,99,14,1,-165,355,65,285
24,0,21,0,40,50,70,50
24,1,47,0,40,50,70,65
24,2,41,1,45,40,70,65
24,3,43,1,45,40,75,60
24,4,38,1,50,40,75,60
24,5,1,1,40,40,75,65
24,6,21,0,30,40,95,65
24,7,4,0,15,55,95,65
24,8,41,0,5,70,95,65
24,9,31,1,5,70,105,65
24,10,19,0,5,70,105,65
24,11,7,0,-10,80,105,65
24,12,25,1,-10,90,105,65
24,13,30,0,-10,90,95,90
24,14,40,1,-10,80,105,90
24,15,13,0,-10,80,105,110
24,16,38,0,-20,90,105,110
24,17,26,0,-30,90,105,120
24,18,6,1,-40,90,105,130
24,19,28,1,-30,90,105,130
24,20,14,1,-30,100,105,130
24,21,43,0,-10,100,95,130
24,22,13,0,-10,100,95,150
24,23,25,1,-10,110,95,150
24,24,4,1,0,110,95,150
24,25,38,1,5,110,95,150
24,26,21,0,-5,110,115,150
24,27,20,0,-15,110,130,150
24,28,43,1,-15,110,135,145
24,29,37,0,-30,130,135,145
24,30,24,1,-25,130,135,145
24,31,42,1,-25,135,135,145
24,32,2,0,-35,135,155,145
24,33,1,1,-45,135,155,150
24,34,45,1,-45,145,155,150
24,35,8,1,-60,145,155,160
24,36,47,1,-60,145,155,160
24,37,5,1,-55,145,145,160
24,38,46,0,-65,145,145,175
24,39,11,1,-60,145,145,175
24,40,25,1,-60,155,145,175
24,41,19,0,-60,155,145,175
24,42,29,0,-80,155,150,175
24,43,42,1,-80,160,150,175
24,44,20,0,-90,160,165,175
24,45,16,0,-105,170,165,175
24,46,48,0,-105,170,165,205
24,47,25,0,-105,165,165,205
24,48,32,0,-105,185,150,205
24,49,42,0,-120,185,150,220
24,50,41,0,-130,200,150,220
24,51,4,1,-120,200,150,220
24,52,44,1,-115,200,150,220
24,53,24,0,-120,200,150,220
24,54,6,1,-130,200,150,230
24,55,27,1,-130,215,145,230
24,56,39,0,-140,230,145,230
24,57,25,1,-140,240,145,230
24,58,14,0,-140,240,145,240
24,59,42,0,-155,240,145,255
24,60,48,1,-155,240,145,255
24,61,6,1,-165,240,145,265
24,62,21,0,-175,240,165,265
24,63,46,1,-170,240,165,265
24,64,11,1,-165,240,165,265
24,65,30,1,-165,240,175,265
24,66,29,1,-165,260,155,265
24,67,17,0,-185,280,155,265
24,68,26,0,-195,280,155,275
24,69,57,1,-195,290,155,275
24,70,6,1,-205,290,155,285
24,71,11,1,-200,290,155,285
24,72,1,1,-210,290,155,290
24,73,58,0,-210,280,155,290
24,74,40,0,-210,290,145,290
24,75,4,1,-200,290,145,290
24,76,2,1,-195,290,135,290
24,77,59,1,-195,305,135,290
24,78,13,0,-195,305,135,310
24,79,30,0,-195,305,125,335
24,80,22,0,-205,305,135,335
24,81,44,1,-200,305,135,335
24,82,28,0,-220,305,135,350
24,83,18,0,-250,305,135,380
24,84,6,1,-260,305,135,390
24,85,60,0,-230,305,135,390
24,86,9,1,-225,305,135,390
24,87,23,1,-225,310,130,390
24,88,27,1,-225,325,125,390
24,89,42,1,-225,330,125,390
24,90,1,1,-235,330,125,395
24,91,17,1,-265,330,140,395
24,92,22,1,-265,335,130,395
24,93,7,1,-260,335,130,395
24,94,26,1,-250,335,125,395
24,95,12,1,-245,335,125,395
24,96,5,0,-255,335,130,395
24,97,40,1,-255,325,140,395
24,98,17,0,-275,345,140,395
24,99,9,0,-285,345,140,400
25,0,41,1,55,40,50,50
25,1,25,0,55,35,50,50
25,2,44,0,55,35,60,60
25,3,16,0,40,45,60,60
25,4,9,0,30,45,60,65
25,5,13,1,35,50,60,65
25,6,29,0,15,50,65,65
25,7,3,0,30,50,60,65
25,8,40,0,30,60,50,65
25,9,45,1,30,70,50,65
25,10,16,1,30,70,40,65
25,11,43,0,50,70,30,65
25,12,21,1,55,70,20,65
25,13,14,1,55,80,20,65
25,14,18,0,25,80,20,95
25,15,23,0,15,80,20,105
25,16,9,1,20,80,20,105
25,17,44,1,25,80,20,105
25,18,31,0,25,90,10,105
25,19,41,0,15,105,10,105
25,20,3,0,30,105,5,105
25,21,49,0,30,100,5,120
25,22,5,0,20,100,10,120
25,23,6,1,10,100,10,130
25,24,1,0,20,100,0,130
25,25,40,1,20,90,10,130
25,26,17,1,-10,90,25,130
25,27,27,1,-10,105,20,130
25,28,28,0,-30,105,20,145
25,29,9,1,-25,105,20,145
25,30,1,1,-35,105,20,150
25,31,32,1,-35,95,35,150
25,32,6,1,-45,95,35,160
25,33,20,1,-45,105,20,160
25,34,33,1,-45,120,20,160
25,35,1,1,-55,120,20,165
25,36,18,1,-45,120,20,165
25,37,25,0,-45,115,20,165
25,38,4,1,-35,115,20,165
25,39,46,1,-30,115,20,165
25,40,8,1,-45,115,20,175
25,41,23,1,-45,120,15,175
25,42,28,1,-35,120,15,175
25,43,26,0,-45,120,15,185
25,44,43,0,-25,120,5,185
25,45,19,1,-25,120,5,185
25,46,34,0,-25,105,30,185
25,47,38,0,-35,115,30,185
25,48,26,1,-25,115,25,185
25,49,28,0,-45,115,25,200
25,50,40,0,-45,125,15,200
25,51,50,0,-45,125,15,215
25,52,17,1,-75,125,30,215
25,53,44,1,-70,125,30,215
25,54,21,1,-65,125,20,215
25,55,38,0,-75,135,20,215
25,56,42,0,-90,135,20,230
25,57,20,1,-90,145,5,230
25,58,23,0,-100,145,5,240
25,59,37,1,-90,145,5,240
25,60,47,1,-90,145,5,240
25,61,19,0,-90,145,5,240
25,62,46,1,-85,145,5,240
25,63,6,1,-95,145,5,250
25,64,2,0,-105,145,25,250
25,65,4,1,-95,145,25,250
25,66,38,1,-90,145,25,250
25,67,11,1,-85,145,25,250
25,68,30,1,-85,145,35,250
25,69,10,0,-95,155,35,250
25,70,46,1,-90,155,35,250
25,71,4,0,-105,170,35,250
25,72,1,0,-95,170,25,250
25,73,25,1,-95,180,25,250
25,74,22,0,-105,180,35,250
25,75,10,1,-90,180,25,250
25,76,2,1,-85,180,15,250
25,77,18,1,-75,180,15,250
25,78,28,1,-65,180,15,250
25,79,39,1,-60,180,15,250
25,80,7,0,-75,190,15,250
25,81,35,0,-75,190,15,250
25,82,22,1,-75,195,5,250
25,83,6,1,-85,195,5,260
25,84,51,0,-85,180,5,280
25,85,4,0,-100,195,5,280
25,86,42,1,-100,200,5,280
25,87,24,0,-105,200,5,280
25,88,12,0,-110,210,5,280
25,89,52,0,-90,200,5,280
25,90,43,0,-70,200,-5,280
25,91,29,1,-70,220,-25,280
25,92,42,0,-85,220,-25,295
25,93,24,0,-90,220,-25,295
25,94,41,1,-85,210,-25,295
25,95,6,0,-75,210,-30,295
25,96,8,0,-75,215,-40,295
25,97,1,0,-65,215,-50,295
25,98,48,1,-65,215,-50,295
25,99,26,0,-75,215,-50,305
26,0,12,0,45,60,50,50
26,1,18,0,15,60,50,80
26,2,19,0,15,60,50,80
26,3,44,1,20,60,50,80
26,4,6,1,10,60,50,90
26,5,8,1,-5,60,50,100
26,6,1,1,-15,60,50,105
26,7,23,0,-25,60,50,115
26,8,39,1,-20,60,50,115
26,9,47,1,-20,60,50,115
26,10,11,0,-25,60,50,115
26,11,48,1,-25,60,50,115
26,12,41,0,-35,75,50,115
26,13,23,1,-35,80,45,115
26,14,24,1,-30,80,45,115
26,15,43,1,-30,80,50,110
26,16,4,1,-20,80,50,110
26,17,3,0,-5,80,45,110
26,18,42,0,-20,80,45,125
26,19,15,0,-5,75,45,125
26,20,30,1,-5,75,55,125
26,21,26,0,-15,75,55,135
26,22,47,1,-15,75,55,135
26,23,19,0,-15,75,55,135
26,24,37,0,-30,95,55,135
26,25,17,0,-50,115,55,135
26,26,39,0,-60,130,55,135
26,27,27,1,-60,145,50,135
26,28,16,0,-75,155,50,135
26,29,26,1,-65,155,45,135
26,30,12,1,-60,155,45,135
26,31,24,1,-55,155,45,135
26,32,43,1,-55,155,50,130
26,33,13,0,-55,155,50,150
26,34,11,1,-50,155,50,150
26,35,22,1,-50,160,40,150
26,36,37,0,-65,180,40,150
26,37,2,0,-75,180,60,150
26,38,41,0,-85,195,60,150
26,39,11,1,-80,195,60,150
26,40,5,1,-75,195,50,150
26,41,28,0,-95,195,50,165
26,42,15,0,-80,190,50,165
26,43,38,0,-90,200,50,165
26,44,23,1,-90,205,45,165
26,45,8,1,-105,205,45,175
26,46,12,0,-110,215,45,175
26,47,15,1,-110,220,45,175
26,48,25,1,-110,230,45,175
26,49,43,1,-110,230,50,170
26,50,45,1,-110,240,50,170
26,51,36,1,-110,250,50,170
26,52,1,1,-120,250,50,175
26,53,15,1,-120,255,50,175
26,54,38,0,-130,265,50,175
26,55,42,1,-130,270,50,175
26,56,7,0,-145,280,50,175
26,57,36,1,-145,290,50,175
26,58,25,0,-145,285,50,175
26,59,26,1,-135,285,45,175
26,60,6,0,-125,285,40,175
26,61,42,0,-140,285,40,190
26,62,30,1,-140,285,50,190
26,63,57,1,-140,295,50,190
26,64,1,1,-150,295,50,195
26,65,3,0,-135,295,45,195
26,66,27,0,-125,285,45,195
26,67,14,1,-125,295,45,195
26,68,36,1,-125,305,45,195
26,69,58,1,-125,315,45,195
26,70,20,1,-125,325,30,195
26,71,22,1,-125,330,20,195
26,72,45,1,-125,340,20,195
26,73,43,0,-105,340,10,195
26,74,25,1,-105,350,10,195
26,75,37,1,-95,350,10,195
26,76,24,1,-90,350,10,195
26,77,31,0,-90,360,0,195
26,78,27,1,-90,375,-5,195
26,79,46,1,-85,375,-5,195
26,80,6,1,-95,375,-5,205
26,81,4,1,-85,375,-5,205
26,82,30,1,-85,375,5,205
26,83,41,0,-95,390,5,205
26,84,14,1,-95,400,5,205
26,85,32,1,-95,390,20,205
26,86,9,1,-90,390,20,205
26,87,13,1,-85,395,20,205
26,88,40,1,-85,385,30,205
26,89,14,1,-85,395,30,205
26,90,16,1,-85,395,20,205
26,91,3,0,-70,395,15,205
26,92,4,0,-85,410,15,205
26,93,42,1,-85,415,15,205
26,94,23,1,-85,420,10,205
26,95,19,0,-85,420,10,205
26,96,22,0,-95,420,20,205
26,97,7,0,-110,430,20,205
26,98,38,1,-105,430,20,205
26,99,24,1,-100,430,20,205
27,0,49,0,50,45,50,65
27,1,8,1,35,45,50,75
27,2,44,1,40,45,50,75
27,3,18,1,50,45,50,75
27,4,42,1,50,50,50,75
27,5,19,0,50,50,50,75
27,6,17,0,30,70,50,75
27,7,44,1,35,70,50,75
27,8,48,1,35,70,50,75
27,9,12,0,30,80,50,75
27,10,5,0,20,80,55,75
27,11,42,0,5,80,55,90
27,12,44,0,5,80,65,100
27,13,46,1,10,80,65,100
27,14,37,0,-5,100,65,100
27,15,14,1,-5,110,65,100
27,16,3,1,-15,110,65,110
27,17,20,0,-25,110,80,110
27,18,21,0,-35,110,100,110
27,19,6,0,-25,110,95,110
27,20,13,1,-20,115,95,110
27,21,29,0,-40,115,100,110
27,22,11,1,-35,115,100,110
27,23,46,0,-45,115,100,125
27,24,12,1,-40,115,100,125
27,25,27,0,-30,105,100,125
27,26,26,1,-20,105,95,125
27,27,29,1,-20,125,75,125
27,28,44,0,-20,125,85,135
27,29,20,1,-20,135,70,135
27,30,11,0,-25,135,70,135
27,31,23,1,-25,140,65,135
27,32,9,1,-20,140,65,135
27,33,37,1,-10,140,65,135
27,34,27,1,-10,155,60,135
27,35,3,1,-20,155,60,145
27,36,5,1,-15,155,50,145
27,37,8,0,-15,160,40,145
27,38,15,0,0,155,40,145
27,39,41,1,5,145,40,145
27,40,37,1,15,145,40,145
27,41,17,0,-5,165,40,145
27,42,22,1,-5,170,30,145
27,43,21,1,0,170,20,145
27,44,39,0,-10,185,20,145
27,45,20,0,-20,185,35,145
27,46,38,1,-15,185,35,145
27,47,25,0,-15,180,35,145
27,48,48,0,-15,180,35,175
27,49,4,0,-30,195,35,175
27,50,13,1,-25,200,35,175
27,51,5,0,-35,200,40,175
27,52,47,1,-35,200,40,175
27,53,42,0,-50,200,40,190
27,54,6,0,-40,200,35,190
27,55,29,0,-60,200,40,190
27,56,24,1,-55,200,40,190
27,57,47,1,-55,200,40,190
27,58,50,0,-55,200,40,205
27,59,9,1,-50,200,40,205
27,60,41,1,-45,190,40,205
27,61,24,0,-50,190,40,205
27,62,22,0,-60,190,50,205
27,63,10,0,-70,200,50,205
27,64,12,1,-65,200,50,205
27,65,16,0,-80,210,50,205
27,66,6,1,-90,210,50,215
27,67,26,0,-100,210,50,225
27,68,41,1,-95,200,50,225
27,69,36,1,-95,210,50,225
27,70,1,0,-85,210,40,225
27,71,44,0,-85,210,50,235
27,72,10,0,-95,220,50,235
27,73,47,1,-95,220,50,235
27,74,8,0,-95,225,40,235
27,75,14,0,-95,225,40,245
27,76,11,1,-90,225,40,245
27,77,37,0,-105,245,40,245
27,78,17,0,-125,265,40,245
27,79,4,0,-140,280,40,245
27,80,7,1,-135,280,40,245
27,81,11,0,-140,280,40,245
27,82,44,0,-140,280,50,255
27,83,25,0,-140,275,50,255
27,84,42,1,-140,280,50,255
27,85,16,1,-140,280,40,255
27,86,43,0,-120,280,30,255
27,87,19,1,-120,280,30,255
27,88,36,0,-120,275,30,270
27,89,39,1,-115,275,30,270
27,90,2,0,-125,275,50,270
27,91,29,1,-125,295,30,270
27,92,13,1,-120,300,30,270
27,93,25,0,-120,295,30,270
27,94,31,1,-120,295,40,270
27,95,48,1,-120,295,40,270
27,96,45,1,-120,305,40,270
27,97,7,0,-135,315,40,270
27,98,23,0,-145,315,40,280
27,99,12,1,-140,315,40,280
28,0,44,0,50,50,60,60
28,1,13,0,50,50,60,80
28,2,22,0,40,50,70,80
28,3,25,0,40,45,70,80
28,4,27,0,50,35,70,80
28,5,29,0,30,35,75,80
28,6,11,0,25,35,75,80
28,7,43,1,25,35,80,75
28,8,14,0,25,35,80,85
28,9,25,1,25,45,80,85
28,10,6,0,35,45,75,85
28,11,57,1,35,55,75,85
28,12,8,0,35,60,65,85
28,13,30,0,35,60,55,110
28,14,49,1,35,65,55,110
28,15,10,1,50,65,45,110
28,16,48,1,50,65,45,110
28,17,44,1,55,65,45,110
28,18,25,1,55,75,45,110
28,19,15,0,70,70,45,110
28,20,20,1,70,80,30,110
28,21,45,0,70,80,30,125
28,22,30,1,70,80,40,125
28,23,48,1,70,80,40,125
28,24,1,0,80,80,30,125
28,25,20,0,70,80,45,125
28,26,9,0,60,80,45,130
28,27,28,0,40,80,45,145
28,28,31,1,40,80,55,145
28,29,37,0,25,100,55,145
28,30,21,1,30,100,45,145
28,31,6,1,20,100,45,155
28,32,28,0,0,100,45,170
28,33,20,1,0,110,30,170
28,34,8,0,0,115,20,170
28,35,9,1,5,115,20,170
28,36,4,1,15,115,20,170
28,37,26,1,25,115,15,170
28,38,19,1,25,115,15,170
28,39,36,1,25,125,15,170
28,40,15,0,40,120,15,170
28,41,38,1,45,120,15,170
28,42,18,1,55,120,15,170
28,43,16,0,40,130,15,170
28,44,42,0,25,130,15,185
28,45,25,0,25,125,15,185
28,46,15,1,25,130,15,185
28,47,23,0,15,130,15,195
28,48,46,1,20,130,15,195
28,49,24,0,15,130,15,195
28,50,30,0,15,130,5,220
28,51,28,1,25,130,5,220
28,52,27,0,35,120,5,220
28,53,18,0,5,120,5,250
28,54,6,0,15,120,0,250
28,55,1,0,25,120,-10,250
28,56,5,0,15,120,-5,250
28,57,26,0,5,120,-5,260
28,58,32,0,5,140,-20,260
28,59,22,0,-5,140,-10,260
28,60,8,1,-20,140,-10,270
28,61,58,0,-20,130,-10,270
28,62,26,1,-10,130,-15,270
28,63,24,0,-15,130,-15,270
28,64,3,0,0,130,-20,270
28,65,46,1,5,130,-20,270
28,66,42,0,-10,130,-20,285
28,67,23,1,-10,135,-25,285
28,68,1,1,-20,135,-25,290
28,69,8,1,-35,135,-25,300
28,70,21,1,-30,135,-35,300
28,71,14,1,-30,145,-35,300
28,72,6,0,-20,145,-40,300
28,73,33,1,-20,160,-40,300
28,74,20,1,-20,170,-55,300
28,75,44,0,-20,170,-45,310
28,76,48,1,-20,170,-45,310
28,77,45,0,-20,170,-45,325
28,78,30,1,-20,170,-35,325
28,79,11,0,-25,170,-35,325
28,80,19,0,-25,170,-35,325
28,81,7,1,-20,170,-35,325
28,82,34,0,-20,155,-10,325
28,83,4,1,-10,155,-10,325
28,84,8,1,-25,155,-10,335
28,85,38,1,-20,155,-10,335
28,86,21,1,-15,155,-20,335
28,87,6,0,-5,155,-25,335
28,88,39,1,0,155,-25,335
28,89,29,0,-20,155,-20,335
28,90,12,1,-15,155,-20,335
28,91,38,0,-25,165,-20,335
28,92,28,0,-45,165,-20,350
28,93,9,1,-40,165,-20,350
28,94,24,0,-45,165,-20,350
28,95,41,1,-40,155,-20,350
28,96,42,0,-55,155,-20,365
28,97,44,0,-55,155,-10,375
28,98,5,1,-50,155,-20,375
28,99,10,0,-60,165,-20,375
29,0,19,1,50,50,50,50
29,1,15,0,65,45,50,50
29,2,16,1,65,45,40,50
29,3,7,0,50,55,40,50
29,4,47,0,50,55,40,65
29,5,21,0,40,55,60,65
29,6,44,1,45,55,60,65
29,7,15,0,60,50,60,65
29,8,11,1,65,50,60,65
29,9,1,1,55,50,60,70
29,10,42,0,40,50,60,85
29,11,45,0,40,50,60,100
29,12,22,0,30,50,70,100
29,13,13,0,30,50,70,120
29,14,40,0,30,60,60,120
29,15,39,0,20,75,60,120
29,16,3,1,10,75,60,130
29,17,7,0,-5,85,60,130
29,18,45,0,-5,85,60,145
29,19,10,1,10,85,50,145
29,20,13,1,15,90,50,145
29,21,30,1,15,90,60,145
29,22,21,0,5,90,80,145
29,23,3,1,-5,90,80,155
29,24,26,0,-15,90,80,165
29,25,13,0,-15,90,80,185
29,26,23,0,-25,90,80,195
29,27,40,0,-25,100,70,195
29,28,6,1,-35,100,70,205
29,29,45,0,-35,100,70,220
29,30,10,1,-20,100,60,220
29,31,39,1,-15,100,60,220
29,32,25,1,-15,110,60,220
29,33,14,1,-15,120,60,220
29,34,5,1,-10,120,50,220
29,35,4,1,0,120,50,220
29,36,17,1,-30,120,65,220
29,37,36,1,-30,130,65,220
29,38,20,0,-40,130,80,220
29,39,41,0,-50,145,80,220
29,40,37,1,-40,145,80,220
29,41,40,1,-40,135,90,220
29,42,2,0,-50,135,110,220
29,43,39,0,-60,150,110,220
29,44,28,0,-80,150,110,235
29,45,12,1,-75,150,110,235
29,46,10,0,-85,160,110,235
29,47,24,1,-80,160,110,235
29,48,44,0,-80,160,120,245
29,49,9,1,-75,160,120,245
29,50,13,1,-70,165,120,245
29,51,45,1,-70,175,120,245
29,52,24,1,-65,175,120,245
29,53,39,1,-60,175,120,245
29,54,4,0,-75,190,120,245
29,55,41,1,-70,180,120,245
29,56,22,1,-70,185,110,245
29,57,30,0,-70,185,100,270
29,58,18,1,-60,185,100,270
29,59,16,1,-60,185,90,270
29,60,45,1,-60,195,90,270
29,61,13,1,-55,200,90,270
29,62,11,0,-60,200,90,270
29,63,29,1,-60,220,70,270
29,64,49,0,-60,215,70,285
29,65,40,1,-60,205,80,285
29,66,37,1,-50,205,80,285
29,67,44,0,-50,205,90,295
29,68,13,1,-45,210,90,295
29,69,48,1,-45,210,90,295
29,70,24,1,-40,210,90,295
29,71,39,0,-50,225,90,295
29,72,23,1,-50,230,85,295
29,73,42,0,-65,230,85,310
29,74,44,1,-60,230,85,310
29,75,57,0,-60,230,85,335
29,76,27,0,-50,220,85,335
29,77,18,1,-40,220,85,335
29,78,20,1,-40,230,70,335
29,79,26,0,-50,230,70,345
29,80,39,1,-45,230,70,345
29,81,6,1,-55,230,70,355
29,82,13,1,-50,235,70,355
29,83,50,0,-50,235,70,370
29,84,11,0,-55,235,70,370
29,85,5,0,-65,235,75,370
29,86,8,0,-65,240,65,370
29,87,39,0,-75,255,65,370
29,88,58,1,-75,265,65,370
29,89,9,0,-85,265,65,375
29,90,28,0,-105,265,65,390
29,91,59,1,-105,280,65,390
29,92,2,1,-100,280,55,390
29,93,13,0,-100,280,55,410
29,94,47,1,-100,280,55,410
29,95,20,1,-100,290,40,410
29,96,16,0,-115,300,40,410
29,97,44,1,-110,300,40,410
29,98,7,0,-125,310,40,410
29,99,19,0,-125,310,40,410
30,0,44,0,50,50,60,60
30,1,28,0,30,50,60,75
30,2,21,1,35,50,50,75
30,3,23,1,35,55,45,75
30,4,22,1,35,60,35,75
30,5,47,1,35,60,35,75
30,6,1,1,25,60,35,80
30,7,16,1,25,60,25,80
30,8,29,1,25,80,5,80
30,9,40,0,25,90,-5,80
30,10,41,0,15,105,-5,80
30,11,27,0,25,95,-5,80
30,12,44,0,25,95,5,90
30,13,1,0,35,95,-5,90
30,14,43,1,35,95,0,85
30,15,9,1,40,95,0,85
30,16,22,0,30,95,10,85
30,17,47,0,30,95,10,100
30,18,31,0,30,105,0,100
30,19,18,1,40,105,0,100
30,20,42,0,25,105,0,115
30,21,15,0,40,100,0,115
30,22,37,1,50,100,0,115
30,23,10,0,40,110,0,115
30,24,57,0,40,110,0,140
30,25,45,0,40,110,0,155
30,26,22,0,30,110,10,155
30,27,14,0,30,110,10,165
30,28,28,1,40,110,10,165
30,29,15,0,55,105,10,165
30,30,37,1,65,105,10,165
30,31,39,1,70,105,10,165
30,32,9,1,75,105,10,165
30,33,12,0,70,115,10,165
30,34,13,0,70,115,10,185
30,35,45,1,70,125,10,185
30,36,36,0,70,120,10,200
30,37,19,1,70,120,10,200
30,38,21,0,60,120,30,200
30,39,16,0,45,130,30,200
30,40,43,1,45,130,35,195
30,41,40,0,45,140,25,195
30,42,14,0,45,140,25,205
30,43,58,1,45,150,25,205
30,44,1,0,55,150,15,205
30,45,2,0,45,150,35,205
30,46,20,0,35,150,50,205
30,47,28,1,45,150,50,205
30,48,5,0,35,150,55,205
30,49,13,0,35,150,55,225
30,50,29,1,35,170,35,225
30,51,38,0,25,180,35,225
30,52,24,0,20,180,35,225
30,53,32,0,20,200,20,225
30,54,21,0,10,200,40,225
30,55,12,1,15,200,40,225
30,56,17,1,-15,200,55,225
30,57,7,0,-30,210,55,225
30,58,3,1,-40,210,55,235
30,59,38,0,-50,220,55,235
30,60,43,0,-30,220,45,235
30,61,37,1,-20,220,45,235
30,62,2,1,-15,220,35,235
30,63,14,0,-15,220,35,245
30,64,24,0,-20,220,35,245
30,65,12,1,-15,220,35,245
30,66,28,0,-35,220,35,260
30,67,6,0,-25,220,30,260
30,68,14,0,-25,220,30,270
30,69,11,0,-30,220,30,270
30,70,22,0,-40,220,40,270
30,71,28,1,-30,220,40,270
30,72,4,0,-45,235,40,270
30,73,24,1,-40,235,40,270
30,74,46,0,-50,235,40,285
30,75,37,1,-40,235,40,285
30,76,11,0,-45,235,40,285
30,77,43,0,-25,235,30,285
30,78,27,0,-15,225,30,285
30,79,16,0,-30,235,30,285
30,80,23,1,-30,240,25,285
30,81,5,1,-25,240,15,285
30,82,17,1,-55,240,30,285
30,83,15,1,-55,245,30,285
30,84,28,0,-75,245,30,300
30,85,46,0,-85,245,30,315
30,86,8,1,-100,245,30,325
30,87,45,0,-100,245,30,340
30,88,23,0,-110,245,30,350
30,89,22,1,-110,250,20,350
30,90,21,1,-105,250,10,350
30,91,36,1,-105,260,10,350
30,92,28,0,-125,260,10,365
30,93,46,0,-135,260,10,380
30,94,48,0,-135,260,10,410
30,95,26,1,-125,260,5,410
30,96,43,0,-105,260,-5,410
30,97,27,1,-105,275,-10,410
30,98,37,1,-95,275,-10,410
30,99,11,1,-90,275,-10,410
31,0,20,0,40,50,65,50
31,1,9,1,45,50,65,50
31,2,15,1,45,55,65,50
31,3,16,1,45,55,55,50
31,4,2,0,35,55,75,50
31,5,6,0,45,55,70,50
31,6,21,1,50,55,60,50
31,7,8,1,35,55,60,60
31,8,5,0,25,55,65,60
31,9,19,0,25,55,65,60
31,10,48,0,25,55,65,90
31,11,1,0,35,55,55,90
31,12,29,0,15,55,60,90
31,13,20,1,15,65,45,90
31,14,27,0,25,55,45,90
31,15,46,1,30,55,45,90
31,16,1,0,40,55,35,90
31,17,40,0,40,65,25,90
31,18,12,1,45,65,25,90
31,19,19,1,45,65,25,90
31,20,20,1,45,75,10,90
31,21,9,1,50,75,10,90
31,22,1,0,60,75,0,90
31,23,4,0,45,90,0,90
31,24,2,0,35,90,20,90
31,25,28,1,45,90,20,90
31,26,37,0,30,110,20,90
31,27,1,1,20,110,20,95
31,28,13,1,25,115,20,95
31,29,45,0,25,115,20,110
31,30,18,1,35,115,20,110
31,31,47,0,35,115,20,125
31,32,27,0,45,105,20,125
31,33,57,0,45,105,20,150
31,34,48,1,45,105,20,150
31,35,24,0,40,105,20,150
31,36,10,0,30,115,20,150
31,37,47,0,30,115,20,165
31,38,12,0,25,125,20,165
31,39,58,0,25,115,20,165
31,40,41,1,30,105,20,165
31,41,8,1,15,105,20,175
31,42,2,1,20,105,10,175
31,43,22,1,20,110,0,175
31,44,13,1,25,115,0,175
31,45,25,1,25,125,0,175
31,46,36,1,25,135,0,175
31,47,10,0,15,145,0,175
31,48,41,0,5,160,0,175
31,49,39,1,10,160,0,175
31,50,25,0,10,155,0,175
31,51,26,1,20,155,-5,175
31,52,20,1,20,165,-20,175
31,53,9,1,25,165,-20,175
31,54,24,1,30,165,-20,175
31,55,30,0,30,165,-30,200
31,56,45,0,30,165,-30,215
31,57,19,0,30,165,-30,215
31,58,41,1,35,155,-30,215
31,59,25,0,35,150,-30,215
31,60,4,0,20,165,-30,215
31,61,31,1,20,165,-20,215
31,62,20,0,10,165,-5,215
31,63,21,0,0,165,15,215
31,64,11,1,5,165,15,215
31,65,47,0,5,165,15,230
31,66,42,1,5,170,15,230
31,67,12,0,0,180,15,230
31,68,8,0,0,185,5,230
31,69,14,0,0,185,5,240
31,70,3,1,-10,185,5,250
31,71,27,1,-10,200,0,250
31,72,5,0,-20,200,5,250
31,73,15,0,-5,195,5,250
31,74,47,0,-5,195,5,265
31,75,36,1,-5,205,5,265
31,76,41,1,0,195,5,265
31,77,2,0,-10,195,25,265
31,78,5,1,-5,195,15,265
31,79,44,1,0,195,15,265
31,80,7,1,5,195,15,265
31,81,38,1,10,195,15,265
31,82,16,1,10,195,5,265
31,83,6,1,0,195,5,275
31,84,45,0,0,195,5,290
31,85,10,1,15,195,-5,290
31,86,19,1,15,195,-5,290
31,87,20,0,5,195,10,290
31,88,41,1,10,185,10,290
31,89,59,1,10,200,10,290
31,90,38,1,15,200,10,290
31,91,42,1,15,205,10,290
31,92,60,1,15,215,10,290
31,93,48,0,15,215,10,320
31,94,15,1,15,220,10,320
31,95,18,0,-15,220,10,350
31,96,27,0,-5,210,10,350
31,97,37,1,5,210,10,350
31,98,28,0,-15,210,10,365
31,99,13,0,-15,210,10,385
32,0,6,0,60,50,45,50
32,1,47,0,60,50,45,65
32,2,16,0,45,60,45,65
32,3,11,0,40,60,45,65
32,4,20,0,30,60,60,65
32,5,15,0,45,55,60,65
32,6,24,0,40,55,60,65
32,7,1,1,30,55,60,70
32,8,41,0,20,70,60,70
32,9,26,1,30,70,55,70
32,10,49,1,30,75,55,70
32,11,22,0,20,75,65,70
32,12,36,0,20,70,65,85
32,13,13,1,25,75,65,85
32,14,9,1,30,75,65,85
32,15,57,0,30,75,65,110
32,16,40,0,30,85,55,110
32,17,4,0,15,100,55,110
32,18,42,0,0,100,55,125
32,19,14,0,0,100,55,135
32,20,38,1,5,100,55,135
32,21,6,1,-5,100,55,145
32,22,17,0,-25,120,55,145
32,23,41,1,-20,110,55,145
32,24,11,0,-25,110,55,145
32,25,10,0,-35,120,55,145
32,26,5,1,-30,120,45,145
32,27,13,1,-25,125,45,145
32,28,37,0,-40,145,45,145
32,29,4,0,-55,160,45,145
32,30,41,0,-65,175,45,145
32,31,31,0,-65,185,35,145
32,32,24,1,-60,185,35,145
32,33,32,1,-60,175,50,145
32,34,29,1,-60,195,30,145
32,35,14,1,-60,205,30,145
32,36,33,0,-30,205,30,145
32,37,3,0,-15,205,25,145
32,38,21,1,-10,205,15,145
32,39,25,0,-10,200,15,145
32,40,40,0,-10,210,5,145
32,41,39,1,-5,210,5,145
32,42,42,1,-5,215,5,145
32,43,47,1,-5,215,5,145
32,44,7,1,0,215,5,145
32,45,18,0,-30,215,5,175
32,46,28,1,-20,215,5,175
32,47,34,0,-20,200,30,175
32,48,10,1,-5,200,20,175
32,49,20,1,-5,210,5,175
32,50,42,1,-5,215,5,175
32,51,3,0,10,215,0,175
32,52,43,1,10,215,5,170
32,53,58,0,10,205,5,170
32,54,7,1,15,205,5,170
32,55,2,1,20,205,-5,170
32,56,22,1,20,210,-15,170
32,57,27,1,20,225,-20,170
32,58,4,1,30,225,-20,170
32,59,42,0,15,225,-20,185
32,60,44,0,15,225,-10,195
32,61,24,0,10,225,-10,195
32,62,17,0,-10,245,-10,195
32,63,9,0,-20,245,-10,200
32,64,13,1,-15,250,-10,200
32,65,39,1,-10,250,-10,200
32,66,10,1,5,250,-20,200
32,67,47,0,5,250,-20,215
32,68,38,1,10,250,-20,215
32,69,8,0,10,255,-30,215
32,70,5,0,0,255,-25,215
32,71,9,0,-10,255,-25,220
32,72,44,1,-5,255,-25,220
32,73,3,1,-15,255,-25,230
32,74,19,0,-15,255,-25,230
32,75,15,0,0,250,-25,230
32,76,27,0,10,240,-25,230
32,77,25,0,10,235,-25,230
32,78,24,1,15,235,-25,230
32,79,37,0,0,255,-25,230
32,80,14,0,0,255,-25,240
32,81,46,0,-10,255,-25,255
32,82,39,0,-20,270,-25,255
32,83,10,0,-30,280,-25,255
32,84,19,1,-30,280,-25,255
32,85,3,0,-15,280,-30,255
32,86,29,1,-15,300,-50,255
32,87,39,1,-10,300,-50,255
32,88,41,0,-20,315,-50,255
32,89,38,1,-15,315,-50,255
32,90,35,1,-15,305,-40,255
32,91,13,1,-10,310,-40,255
32,92,4,1,0,310,-40,255
32,93,23,1,0,315,-45,255
32,94,39,0,-10,330,-45,255
32,95,7,1,-5,330,-45,255
32,96,59,0,-5,330,-55,275
32,97,4,0,-20,345,-55,275
32,98,46,1,-15,345,-55,275
32,99,26,0,-25,345,-55,285
33,0,57,1,50,60,50,50
33,1,7,1,55,60,50,50
33,2,5,1,60,60,40,50
33,3,22,1,60,65,30,50
33,4,16,1,60,65,20,50
33,5,42,0,45,65,20,65
33,6,38,0,35,75,20,65
33,7,18,0,5,75,20,95
33,8,43,1,5,75,25,90
33,9,48,1,5,75,25,90
33,10,25,1,5,85,25,90
33,11,26,0,-5,85,25,100
33,12,41,1,0,75,25,100
33,13,46,1,5,75,25,100
33,14,48,0,5,75,25,130
33,15,44,0,5,75,35,140
33,16,37,0,-10,95,35,140
33,17,24,0,-15,95,35,140
33,18,29,1,-15,115,15,140
33,19,43,0,5,115,5,140
33,20,45,0,5,115,5,155
33,21,21,0,-5,115,25,155
33,22,17,1,-35,115,40,155
33,23,37,1,-25,115,40,155
33,24,26,1,-15,115,35,155
33,25,7,1,-10,115,35,155
33,26,14,0,-10,115,35,165
33,27,4,0,-25,130,35,165
33,28,12,1,-20,130,35,165
33,29,45,0,-20,130,35,180
33,30,41,0,-30,145,35,180
33,31,43,1,-30,145,40,175
33,32,28,1,-20,145,40,175
33,33,17,0,-40,165,40,175
33,34,48,0,-40,165,40,205
33,35,25,1,-40,175,40,205
33,36,46,1,-35,175,40,205
33,37,20,1,-35,185,25,205
33,38,42,1,-35,190,25,205
33,39,12,0,-40,200,25,205
33,40,41,0,-50,215,25,205
33,41,14,1,-50,225,25,205
33,42,24,0,-55,225,25,205
33,43,37,0,-70,245,25,205
33,44,47,1,-70,245,25,205
33,45,28,1,-60,245,25,205
33,46,58,0,-60,235,25,205
33,47,1,1,-70,235,25,210
33,48,36,0,-70,230,25,225
33,49,30,0,-70,230,15,250
33,50,59,0,-70,230,5,270
33,51,37,0,-85,250,5,270
33,52,9,1,-80,250,5,270
33,53,17,0,-100,270,5,270
33,54,16,0,-115,280,5,270
33,55,60,0,-85,280,5,270
33,56,10,0,-95,290,5,270
33,57,47,1,-95,290,5,270
33,58,17,0,-115,310,5,270
33,59,6,1,-125,310,5,280
33,60,7,1,-120,310,5,280
33,61,16,1,-120,310,-5,280
33,62,5,1,-115,310,-15,280
33,63,61,0,-115,310,5,280
33,64,15,0,-100,305,5,280
33,65,26,0,-110,305,5,290
33,66,25,0,-110,300,5,290
33,67,11,1,-105,300,5,290
33,68,24,0,-110,300,5,290
33,69,12,0,-115,310,5,290
33,70,22,1,-115,315,-5,290
33,71,28,0,-135,315,-5,305
33,72,44,1,-130,315,-5,305
33,73,19,0,-130,315,-5,305
33,74,3,1,-140,315,-5,315
33,75,41,0,-150,330,-5,315
33,76,40,1,-150,320,5,315
33,77,25,0,-150,315,5,315
33,78,7,0,-165,325,5,315
33,79,30,1,-165,325,15,315
33,80,24,0,-170,325,15,315
33,81,39,1,-165,325,15,315
33,82,12,1,-160,325,15,315
33,83,2,1,-155,325,5,315
33,84,42,1,-155,330,5,315
33,85,36,0,-155,325,5,330
33,86,3,1,-165,325,5,340
33,87,17,1,-195,325,20,340
33,88,45,1,-195,335,20,340
33,89,39,0,-205,350,20,340
33,90,14,1,-205,360,20,340
33,91,24,0,-210,360,20,340
33,92,48,0,-210,360,20,370
33,93,45,1,-210,370,20,370
33,94,47,0,-210,370,20,385
33,95,9,0,-220,370,20,390
33,96,22,1,-220,375,10,390
33,97,16,0,-235,385,10,390
33,98,10,1,-220,385,0,390
33,99,3,1,-230,385,0,400
34,0,21,0,40,50,70,50
34,1,27,0,50,40,70,50
34,2,8,1,35,40,70,60
34,3,38,0,25,50,70,60
34,4,1,0,35,50,60,60
34,5,7,0,20,60,60,60
34,6,14,1,20,70,60,60
34,7,47,0,20,70,60,75
34,8,8,0,20,75,50,75
34,9,29,1,20,95,30,75
34,10,21,0,10,95,50,75
34,11,46,1,15,95,50,75
34,12,10,1,30,95,40,75
34,13,2,1,35,95,30,75
34,14,16,0,20,105,30,75
34,15,42,1,20,110,30,75
34,16,43,1,20,110,35,70
34,17,10,0,10,120,35,70
34,18,25,1,10,130,35,70
34,19,29,0,-10,130,40,70
34,20,36,1,-10,140,40,70
34,21,31,1,-10,140,50,70
34,22,4,0,-25,155,50,70
34,23,2,0,-35,155,70,70
34,24,44,0,-35,155,80,80
34,25,16,0,-50,165,80,80
34,26,7,0,-65,175,80,80
34,27,41,1,-60,165,80,80
34,28,45,1,-60,175,80,80
34,29,14,1,-60,185,80,80
34,30,5,0,-70,185,85,80
34,31,23,1,-70,190,80,80
34,32,41,1,-65,180,80,80
34,33,43,1,-65,180,85,75
34,34,32,1,-65,170,100,75
34,35,7,0,-80,180,100,75
34,36,38,0,-90,190,100,75
34,37,20,1,-90,200,85,75
34,38,4,1,-80,200,85,75
34,39,40,0,-80,210,75,75
34,40,44,1,-75,210,75,75
34,41,43,1,-75,210,80,70
34,42,29,0,-95,210,85,70
34,43,20,1,-95,220,70,70
34,44,42,1,-95,225,70,70
34,45,17,0,-115,245,70,70
34,46,27,0,-105,235,70,70
34,47,28,1,-95,235,70,70
34,48,30,1,-95,235,80,70
34,49,48,1,-95,235,80,70
34,50,4,1,-85,235,80,70
34,51,21,0,-95,235,100,70
34,52,19,0,-95,235,100,70
34,53,45,0,-95,235,100,85
34,54,8,1,-110,235,100,95
34,55,7,1,-105,235,100,95
34,56,15,0,-90,230,100,95
34,57,1,1,-100,230,100,100
34,58,25,0,-100,225,100,100
34,59,22,0,-110,225,110,100
34,60,36,1,-110,235,110,100
34,61,16,1,-110,235,100,100
34,62,37,1,-100,235,100,100
34,63,25,1,-100,245,100,100
34,64,27,1,-100,260,95,100
34,65,2,0,-110,260,115,100
34,66,29,1,-110,280,95,100
34,67,1,0,-100,280,85,100
34,68,6,1,-110,280,85,110
34,69,41,0,-120,295,85,110
34,70,14,1,-120,305,85,110
34,71,3,0,-105,305,80,110
34,72,49,1,-105,310,80,110
34,73,1,0,-95,310,70,110
34,74,48,0,-95,310,70,140
34,75,47,0,-95,310,70,155
34,76,43,1,-95,310,75,150
34,77,24,1,-90,310,75,150
34,78,30,1,-90,310,85,150
34,79,2,1,-85,310,75,150
34,80,25,1,-85,320,75,150
34,81,1,1,-95,320,75,155
34,82,48,1,-95,320,75,155
34,83,20,1,-95,330,60,155
34,84,5,0,-105,330,65,155
34,85,21,0,-115,330,85,155
34,86,2,1,-110,330,75,155
34,87,44,1,-105,330,75,155
34,88,17,0,-125,350,75,155
34,89,1,1,-135,350,75,160
34,90,48,0,-135,350,75,190
34,91,29,1,-135,370,55,190
34,92,16,1,-135,370,45,190
34,93,41,0,-145,385,45,190
34,94,43,1,-145,385,50,185
34,95,27,1,-145,400,45,185
34,96,17,1,-175,400,60,185
34,97,2,0,-185,400,80,185
34,98,14,1,-185,410,80,185
34,99,8,0,-185,415,70,185
35,0,21,1,55,50,40,50
35,1,12,1,60,50,40,50
35,2,27,1,60,65,35,50
35,3,16,0,45,75,35,50
35,4,20,0,35,75,50,50
35,5,6,1,25,75,50,60
35,6,31,1,25,75,60,60
35,7,7,1,30,75,60,60
35,8,3,1,20,75,60,70
35,9,36,1,20,85,60,70
35,10,57,1,20,95,60,70
35,11,47,0,20,95,60,85
35,12,13,1,25,100,60,85
35,13,20,1,25,110,45,85
35,14,39,1,30,110,45,85
35,15,24,1,35,110,45,85
35,16,48,1,35,110,45,85
35,17,4,0,20,125,45,85
35,18,16,1,20,125,35,85
35,19,9,1,25,125,35,85
35,20,45,0,25,125,35,100
35,21,7,0,10,135,35,100
35,22,14,0,10,135,35,110
35,23,8,1,-5,135,35,120
35,24,16,0,-20,145,35,120
35,25,11,1,-15,145,35,120
35,26,43,1,-15,145,40,115
35,27,29,1,-15,165,20,115
35,28,25,1,-15,175,20,115
35,29,58,1,-15,185,20,115
35,30,27,0,-5,175,20,115
35,31,28,1,5,175,20,115
35,32,7,0,-10,185,20,115
35,33,22,1,-10,190,10,115
35,34,26,0,-20,190,10,125
35,35,5,1,-15,190,0,125
35,36,46,0,-25,190,0,140
35,37,2,0,-35,190,20,140
35,38,23,0,-45,190,20,150
35,39,32,1,-45,180,35,150
35,40,41,0,-55,195,35,150
35,41,14,0,-55,195,35,160
35,42,27,0,-45,185,35,160
35,43,2,0,-55,185,55,160
35,44,42,0,-70,185,55,175
35,45,45,1,-70,195,55,175
35,46,28,1,-60,195,55,175
35,47,8,1,-75,195,55,185
35,48,48,0,-75,195,55,215
35,49,44,1,-70,195,55,215
35,50,12,0,-75,205,55,215
35,51,13,0,-75,205,55,235
35,52,20,0,-85,205,70,235
35,53,14,0,-85,205,70,245
35,54,37,0,-100,225,70,245
35,55,40,0,-100,235,60,245
35,56,30,0,-100,235,50,270
35,57,42,1,-100,240,50,270
35,58,39,0,-110,255,50,270
35,59,24,1,-105,255,50,270
35,60,5,0,-115,255,55,270
35,61,12,1,-110,255,55,270
35,62,16,1,-110,255,45,270
35,63,41,0,-120,270,45,270
35,64,4,1,-110,270,45,270
35,65,30,1,-110,270,55,270
35,66,5,0,-120,270,60,270
35,67,40,0,-120,280,50,270
35,68,6,1,-130,280,50,280
35,69,25,0,-130,275,50,280
35,70,13,0,-130,275,50,300
35,71,23,0,-140,275,50,310
35,72,26,1,-130,275,45,310
35,73,17,0,-150,295,45,310
35,74,5,0,-160,295,50,310
35,75,4,1,-150,295,50,310
35,76,24,0,-155,295,50,310
35,77,42,0,-170,295,50,325
35,78,26,1,-160,295,45,325
35,79,59,1,-160,310,45,325
35,80,45,1,-160,320,45,325
35,81,29,0,-180,320,50,325
35,82,4,1,-170,320,50,325
35,83,21,1,-165,320,40,325
35,84,41,0,-175,335,40,325
35,85,30,1,-175,335,50,325
35,86,28,1,-165,335,50,325
35,87,33,0,-135,335,50,325
35,88,47,0,-135,335,50,340
35,89,9,0,-145,335,50,345
35,90,42,1,-145,340,50,345
35,91,8,1,-160,340,50,355
35,92,21,0,-170,340,70,355
35,93,41,1,-165,330,70,355
35,94,5,0,-175,330,75,355
35,95,16,1,-175,330,65,355
35,96,36,1,-175,340,65,355
35,97,7,1,-170,340,65,355
35,98,37,0,-185,360,65,355
35,99,4,0,-200,375,65,355
36,0,31,0,50,60,40,50
36,1,32,1,50,50,55,50
36,2,48,1,50,50,55,50
36,3,28,0,30,50,55,65
36,4,46,0,20,50,55,80
36,5,20,1,20,60,40,80
36,6,23,0,10,60,40,90
36,7,7,0,-5,70,40,90
36,8,16,1,-5,70,30,90
36,9,57,0,-5,70,30,115
36,10,37,0,-20,90,30,115
36,11,24,1,-15,90,30,115
36,12,20,1,-15,100,15,115
36,13,28,0,-35,100,15,130
36,14,38,0,-45,110,15,130
36,15,27,0,-35,100,15,130
36,16,25,0,-35,95,15,130
36,17,8,0,-35,100,5,130
36,18,41,1,-30,90,5,130
36,19,5,1,-25,90,-5,130
36,20,40,1,-25,80,5,130
36,21,25,0,-25,75,5,130
36,22,42,1,-25,80,5,130
36,23,13,1,-20,85,5,130
36,24,12,0,-25,95,5,130
36,25,45,0,-25,95,5,145
36,26,58,1,-25,105,5,145
36,27,26,0,-35,105,5,155
36,28,59,1,-35,120,5,155
36,29,3,0,-20,120,0,155
36,30,18,0,-50,120,0,185
36,31,13,1,-45,125,0,185
36,32,30,0,-45,125,-10,210
36,33,21,0,-55,125,10,210
36,34,2,0,-65,125,30,210
36,35,24,1,-60,125,30,210
36,36,46,1,-55,125,30,210
36,37,18,0,-85,125,30,240
36,38,33,0,-55,125,30,240
36,39,14,1,-55,135,30,240
36,40,17,1,-85,135,45,240
36,41,47,1,-85,135,45,240
36,42,45,1,-85,145,45,240
36,43,23,0,-95,145,45,250
36,44,9,1,-90,145,45,250
36,45,4,0,-105,160,45,250
36,46,1,0,-95,160,35,250
36,47,11,0,-100,160,35,250
36,48,42,0,-115,160,35,265
36,49,2,0,-125,160,55,265
36,50,22,1,-125,165,45,265
36,51,23,0,-135,165,45,275
36,52,48,0,-135,165,45,305
36,53,30,0,-135,165,35,330
36,54,26,0,-145,165,35,340
36,55,36,0,-145,160,35,355
36,56,39,0,-155,175,35,355
36,57,7,0,-170,185,35,355
36,58,15,0,-155,180,35,355
36,59,46,1,-150,180,35,355
36,60,26,0,-160,180,35,365
36,61,19,0,-160,180,35,365
36,62,43,0,-140,180,25,365
36,63,20,0,-150,180,40,365
36,64,21,1,-145,180,30,365
36,65,11,1,-140,180,30,365
36,66,14,1,-140,190,30,365
36,67,42,1,-140,195,30,365
36,68,23,1,-140,200,25,365
36,69,6,1,-150,200,25,375
36,70,1,1,-160,200,25,380
36,71,34,0,-160,185,50,380
36,72,46,1,-155,185,50,380
36,73,36,0,-155,180,50,395
36,74,8,1,-170,180,50,405
36,75,37,1,-160,180,50,405
36,76,3,0,-145,180,45,405
36,77,27,1,-145,195,40,405
36,78,14,0,-145,195,40,415
36,79,1,1,-155,195,40,420
36,80,5,0,-165,195,45,420
36,81,47,0,-165,195,45,435
36,82,24,1,-160,195,45,435
36,83,7,1,-155,195,45,435
36,84,14,0,-155,195,45,445
36,85,30,0,-155,195,35,470
36,86,9,1,-150,195,35,470
36,87,4,0,-165,210,35,470
36,88,10,1,-150,210,25,470
36,89,24,0,-155,210,25,470
36,90,21,1,-150,210,15,470
36,91,19,0,-150,210,15,470
36,92,26,0,-160,210,15,480
36,93,17,1,-190,210,30,480
36,94,8,0,-190,215,20,480
36,95,24,0,-195,215,20,480
36,96,44,0,-195,215,30,490
36,97,3,1,-205,215,30,500
36,98,29,1,-205,235,10,500
36,99,46,0,-215,235,10,515
37,0,19,1,50,50,50,50
37,1,30,0,50,50,40,75
37,2,13,1,55,55,40,75
37,3,47,1,55,55,40,75
37,4,2,0,45,55,60,75
37,5,24,1,50,55,60,75
37,6,16,1,50,55,50,75
37,7,45,1,50,65,50,75
37,8,15,1,50,70,50,75
37,9,19,1,50,70,50,75
37,10,13,1,55,75,50,75
37,11,29,0,35,75,55,75
37,12,1,0,45,75,45,75
37,13,17,0,25,95,45,75
37,14,47,1,25,95,45,75
37,15,21,0,15,95,65,75
37,16,6,1,5,95,65,85
37,17,9,1,10,95,65,85
37,18,20,1,10,105,50,85
37,19,38,0,0,115,50,85
37,20,43,1,0,115,55,80
37,21,15,0,15,110,55,80
37,22,9,1,20,110,55,80
37,23,2,1,25,110,45,80
37,24,27,0,35,100,45,80
37,25,18,0,5,100,45,110
37,26,31,1,5,100,55,110
37,27,6,1,-5,100,55,120
37,28,28,0,-25,100,55,135
37,29,25,1,-25,110,55,135
37,30,41,0,-35,125,55,135
37,31,9,1,-30,125,55,135
37,32,24,1,-25,125,55,135
37,33,38,1,-20,125,55,135
37,34,8,0,-20,130,45,135
37,35,4,1,-10,130,45,135
37,36,44,0,-10,130,55,145
37,37,42,1,-10,135,55,145
37,38,41,1,-5,125,55,145
37,39,1,1,-15,125,55,150
37,40,5,1,-10,125,45,150
37,41,43,0,10,125,35,150
37,42,29,0,-10,125,40,150
37,43,22,1,-10,130,30,150
37,44,9,0,-20,130,30,155
37,45,1,1,-30,130,30,160
37,46,14,1,-30,140,30,160
37,47,21,0,-40,140,50,160
37,48,19,0,-40,140,50,160
37,49,11,1,-35,140,50,160
37,50,18,0,-65,140,50,190
37,51,48,0,-65,140,50,220
37,52,14,0,-65,140,50,230
37,53,1,0,-55,140,40,230
37,54,4,1,-45,140,40,230
37,55,7,0,-60,150,40,230
37,56,19,1,-60,150,40,230
37,57,45,1,-60,160,40,230
37,58,44,0,-60,160,50,240
37,59,26,0,-70,160,50,250
37,60,27,0,-60,150,50,250
37,61,24,0,-65,150,50,250
37,62,48,0,-65,150,50,280
37,63,29,1,-65,170,30,280
37,64,17,0,-85,190,30,280
37,65,25,0,-85,185,30,280
37,66,23,0,-95,185,30,290
37,67,11,1,-90,185,30,290
37,68,29,1,-90,205,10,290
37,69,4,1,-80,205,10,290
37,70,40,1,-80,195,20,290
37,71,10,1,-65,195,10,290
37,72,26,0,-75,195,10,300
37,73,30,1,-75,195,20,300
37,74,1,1,-85,195,20,305
37,75,57,1,-85,205,20,305
37,76,11,1,-80,205,20,305
37,77,44,0,-80,205,30,315
37,78,29,1,-80,225,10,315
37,79,32,1,-80,215,25,315
37,80,43,0,-60,215,15,315
37,81,11,0,-65,215,15,315
37,82,44,1,-60,215,15,315
37,83,47,0,-60,215,15,330
37,84,19,1,-60,215,15,330
37,85,27,0,-50,205,15,330
37,86,25,0,-50,200,15,330
37,87,22,0,-60,200,25,330
37,88,16,0,-75,210,25,330
37,89,19,0,-75,210,25,330
37,90,46,1,-70,210,25,330
37,91,7,1,-65,210,25,330
37,92,13,0,-65,210,25,350
37,93,28,0,-85,210,25,365
37,94,8,1,-100,210,25,375
37,95,43,0,-80,210,15,375
37,96,15,1,-80,215,15,375
37,97,44,0,-80,215,25,385
37,98,6,0,-70,215,20,385
37,99,20,0,-80,215,35,385
38,0,43,0,70,50,40,50
38,1,24,1,75,50,40,50
38,2,2,1,80,50,30,50
38,3,16,1,80,50,20,50
38,4,27,1,80,65,15,50
38,5,26,0,70,65,15,60
38,6,23,0,60,65,15,70
38,7,48,0,60,65,15,100
38,8,6,1,50,65,15,110
38,9,39,0,40,80,15,110
38,10,14,0,40,80,15,120
38,11,37,0,25,100,15,120
38,12,18,0,-5,100,15,150
38,13,13,1,0,105,15,150
38,14,8,0,0,110,5,150
38,15,23,0,-10,110,5,160
38,16,40,1,-10,100,15,160
38,17,39,0,-20,115,15,160
38,18,4,0,-35,130,15,160
38,19,57,1,-35,140,15,160
38,20,7,0,-50,150,15,160
38,21,41,0,-60,165,15,160
38,22,8,1,-75,165,15,170
38,23,18,1,-65,165,15,170
38,24,25,1,-65,175,15,170
38,25,26,1,-55,175,10,170
38,26,48,1,-55,175,10,170
38,27,30,0,-55,175,0,195
38,28,31,1,-55,175,10,195
38,29,8,0,-55,180,0,195
38,30,58,0,-55,170,0,195
38,31,22,1,-55,175,-10,195
38,32,25,0,-55,170,-10,195
38,33,30,1,-55,170,0,195
38,34,44,1,-50,170,0,195
38,35,23,0,-60,170,0,205
38,36,14,1,-60,180,0,205
38,37,13,0,-60,180,0,225
38,38,9,1,-55,180,0,225
38,39,15,0,-40,175,0,225
38,40,39,0,-50,190,0,225
38,41,42,0,-65,190,0,240
38,42,25,0,-65,185,0,240
38,43,23,1,-65,190,-5,240
38,44,14,0,-65,190,-5,250
38,45,22,0,-75,190,5,250
38,46,17,1,-105,190,20,250
38,47,15,0,-90,185,20,250
38,48,9,0,-100,185,20,255
38,49,30,1,-100,185,30,255
38,50,16,1,-100,185,20,255
38,51,14,0,-100,185,20,265
38,52,5,0,-110,185,25,265
38,53,43,0,-90,185,15,265
38,54,3,0,-75,185,10,265
38,55,38,0,-85,195,10,265
38,56,36,0,-85,190,10,280
38,57,14,0,-85,190,10,290
38,58,23,1,-85,195,5,290
38,59,1,0,-75,195,-5,290
38,60,11,1,-70,195,-5,290
38,61,37,1,-60,195,-5,290
38,62,27,0,-50,185,-5,290
38,63,16,0,-65,195,-5,290
38,64,5,1,-60,195,-15,290
38,65,44,1,-55,195,-15,290
38,66,11,1,-50,195,-15,290
38,67,30,0,-50,195,-25,315
38,68,10,1,-35,195,-35,315
38,69,28,0,-55,195,-35,330
38,70,32,0,-55,215,-50,330
38,71,43,1,-55,215,-45,325
38,72,6,0,-45,215,-50,325
38,73,41,0,-55,230,-50,325
38,74,23,1,-55,235,-55,325
38,75,20,1,-55,245,-70,325
38,76,10,0,-65,255,-70,325
38,77,48,0,-65,255,-70,355
38,78,45,0,-65,255,-70,370
38,79,47,0,-65,255,-70,385
38,80,59,1,-65,270,-70,385
38,81,2,1,-60,270,-80,385
38,82,27,1,-60,285,-85,385
38,83,16,1,-60,285,-95,385
38,84,5,1,-55,285,-105,385
38,85,4,1,-45,285,-105,385
38,86,48,0,-45,285,-105,415
38,87,30,1,-45,285,-95,415
38,88,46,1,-40,285,-95,415
38,89,5,1,-35,285,-105,415
38,90,37,0,-50,305,-105,415
38,91,33,1,-50,320,-105,415
38,92,28,1,-40,320,-105,415
38,93,26,0,-50,320,-105,425
38,94,46,0,-60,320,-105,440
38,95,44,1,-55,320,-105,440
38,96,60,1,-55,330,-105,440
38,97,38,0,-65,340,-105,440
38,98,8,0,-65,345,-115,440
38,99,23,1,-65,350,-120,440
39,0,27,1,50,65,45,50
39,1,1,1,40,65,45,55
39,2,13,0,40,65,45,75
39,3,8,1,25,65,45,85
39,4,46,1,30,65,45,85
39,5,12,1,35,65,45,85
39,6,3,1,25,65,45,95
39,7,18,0,-5,65,45,125
39,8,8,1,-20,65,45,135
39,9,25,0,-20,60,45,135
39,10,2,0,-30,60,65,135
39,11,6,0,-20,60,60,135
39,12,15,1,-20,65,60,135
39,13,24,0,-25,65,60,135
39,14,17,1,-55,65,75,135
39,15,27,1,-55,80,70,135
39,16,7,0,-70,90,70,135
39,17,23,0,-80,90,70,145
39,18,13,0,-80,90,70,165
39,19,20,0,-90,90,85,165
39,20,31,1,-90,90,95,165
39,21,1,0,-80,90,85,165
39,22,37,0,-95,110,85,165
39,23,40,0,-95,120,75,165
39,24,43,1,-95,120,80,160
39,25,25,0,-95,115,80,160
39,26,1,1,-105,115,80,165
39,27,28,0,-125,115,80,180
39,28,40,0,-125,125,70,180
39,29,8,0,-125,130,60,180
39,30,37,0,-140,150,60,180
39,31,41,1,-135,140,60,180
39,32,22,1,-135,145,50,180
39,33,2,1,-130,145,40,180
39,34,10,1,-115,145,30,180
39,35,17,1,-145,145,45,180
39,36,29,0,-165,145,50,180
39,37,32,0,-165,165,35,180
39,38,39,0,-175,180,35,180
39,39,11,0,-180,180,35,180
39,40,27,0,-170,170,35,180
39,41,5,0,-180,170,40,180
39,42,45,1,-180,180,40,180
39,43,14,1,-180,190,40,180
39,44,1,1,-190,190,40,185
39,45,29,0,-210,190,45,185
39,46,38,1,-205,190,45,185
39,47,7,0,-220,200,45,185
39,48,18,0,-250,200,45,215
39,49,48,1,-250,200,45,215
39,50,21,0,-260,200,65,215
39,51,16,1,-260,200,55,215
39,52,41,1,-255,190,55,215
39,53,9,0,-265,190,55,220
39,54,5,1,-260,190,45,220
39,55,45,1,-260,200,45,220
39,56,28,1,-250,200,45,220
39,57,19,0,-250,200,45,220
39,58,24,1,-245,200,45,220
39,59,2,1,-240,200,35,220
39,60,10,0,-250,210,35,220
39,61,25,1,-250,220,35,220
39,62,39,0,-260,235,35,220
39,63,45,0,-260,235,35,235
39,64,37,1,-250,235,35,235
39,65,5,0,-260,235,40,235
39,66,14,1,-260,245,40,235
39,67,49,1,-260,250,40,235
39,68,12,1,-255,250,40,235
39,69,21,0,-265,250,60,235
39,70,43,0,-245,250,50,235
39,71,8,0,-245,255,40,235
39,72,24,0,-250,255,40,235
39,73,57,0,-250,255,40,260
39,74,40,0,-250,265,30,260
39,75,48,1,-250,265,30,260
39,76,6,1,-260,265,30,270
39,77,47,0,-260,265,30,285
39,78,28,1,-250,265,30,285
39,79,44,1,-245,265,30,285
39,80,42,0,-260,265,30,300
39,81,20,1,-260,275,15,300
39,82,41,0,-270,290,15,300
39,83,30,0,-270,290,5,325
39,84,26,1,-260,290,0,325
39,85,12,1,-255,290,0,325
39,86,36,0,-255,285,0,340
39,87,19,1,-255,285,0,340
39,88,46,1,-250,285,0,340
39,89,33,0,-220,285,0,340
39,90,29,0,-240,285,5,340
39,91,39,0,-250,300,5,340
39,92,26,1,-240,300,0,340
39,93,3,1,-250,300,0,350
39,94,21,0,-260,300,20,350
39,95,37,1,-250,300,20,350
39,96,19,1,-250,300,20,350
39,97,29,0,-270,300,25,350
39,98,2,0,-280,300,45,350
39,99,20,0,-290,300,60,350
40,0,43,0,70,50,40,50
40,1,10,0,60,60,40,50
40,2,44,0,60,60,50,60
40,3,39,0,50,75,50,60
40,4,17,1,20,75,65,60
40,5,9,1,25,75,65,60
40,6,21,1,30,75,55,60
40,7,8,1,15,75,55,70
40,8,46,1,20,75,55,70
40,9,57,1,20,85,55,70
40,10,16,1,20,85,45,70
40,11,27,1,20,100,40,70
40,12,39,1,25,100,40,70
40,13,49,1,25,105,40,70
40,14,22,0,15,105,50,70
40,15,24,0,10,105,50,70
40,16,30,0,10,105,40,95
40,17,39,1,15,105,40,95
40,18,44,1,20,105,40,95
40,19,1,0,30,105,30,95
40,20,8,1,15,105,30,105
40,21,10,1,30,105,20,105
40,22,23,0,20,105,20,115
40,23,20,0,10,105,35,115
40,24,11,0,5,105,35,115
40,25,37,1,15,105,35,115
40,26,9,1,20,105,35,115
40,27,30,0,20,105,25,140
40,28,58,1,20,115,25,140
40,29,21,0,10,115,45,140
40,30,42,0,-5,115,45,155
40,31,10,0,-15,125,45,155
40,32,15,1,-15,130,45,155
40,33,41,1,-10,120,45,155
40,34,24,1,-5,120,45,155
40,35,37,1,5,120,45,155
40,36,1,1,-5,120,45,160
40,37,25,1,-5,130,45,160
40,38,6,0,5,130,40,160
40,39,47,0,5,130,40,175
40,40,21,1,10,130,30,175
40,41,17,0,-10,150,30,175
40,42,39,0,-20,165,30,175
40,43,40,1,-20,155,40,175
40,44,59,0,-20,155,30,195
40,45,9,1,-15,155,30,195
40,46,36,1,-15,165,30,195
40,47,31,1,-15,165,40,195
40,48,2,0,-25,165,60,195
40,49,4,1,-15,165,60,195
40,50,21,0,-25,165,80,195
40,51,19,1,-25,165,80,195
40,52,48,1,-25,165,80,195
40,53,47,0,-25,165,80,210
40,54,30,1,-25,165,90,210
40,55,46,1,-20,165,90,210
40,56,10,1,-5,165,80,210
40,57,11,0,-10,165,80,210
40,58,26,0,-20,165,80,220
40,59,15,1,-20,170,80,220
40,60,22,1,-20,175,70,220
40,61,7,0,-35,185,70,220
40,62,30,1,-35,185,80,220
40,63,48,0,-35,185,80,250
40,64,5,1,-30,185,70,250
40,65,47,1,-30,185,70,250
40,66,46,0,-40,185,70,265
40,67,42,1,-40,190,70,265
40,68,32,1,-40,180,85,265
40,69,28,0,-60,180,85,280
40,70,19,0,-60,180,85,280
40,71,27,0,-50,170,85,280
40,72,7,1,-45,170,85,280
40,73,33,0,-15,170,85,280
40,74,22,0,-25,170,95,280
40,75,15,0,-10,165,95,280
40,76,3,1,-20,165,95,290
40,77,8,0,-20,170,85,290
40,78,39,0,-30,185,85,290
40,79,1,0,-20,185,75,290
40,80,2,1,-15,185,65,290
40,81,22,1,-15,190,55,290
40,82,28,0,-35,190,55,305
40,83,10,1,-20,190,45,305
40,84,26,0,-30,190,45,315
40,85,21,1,-25,190,35,315
40,86,60,1,-25,200,35,315
40,87,6,0,-15,200,30,315
40,88,38,0,-25,210,30,315
40,89,14,0,-25,210,30,325
40,90,13,1,-20,215,30,325
40,91,27,1,-20,230,25,325
40,92,28,0,-40,230,25,340
40,93,17,1,-70,230,40,340
40,94,20,0,-80,230,55,340
40,95,34,1,-65,230,55,340
40,96,7,0,-80,240,55,340
40,97,11,0,-85,240,55,340
40,98,21,0,-95,240,75,340
40,99,23,1,-95,245,70,340
41,0,27,1,50,65,45,50
41,1,20,0,40,65,60,50
41,2,49,0,40,60,60,65
41,3,29,1,40,80,40,65
41,4,7,0,25,90,40,65
41,5,48,0,25,90,40,95
41,6,26,1,35,90,35,95
41,7,18,1,45,90,35,95
41,8,19,1,45,90,35,95
41,9,9,1,50,90,35,95
41,10,25,1,50,100,35,95
41,11,20,0,40,100,50,95
41,12,26,1,50,100,45,95
41,13,39,1,55,100,45,95
41,14,38,1,60,100,45,95
41,15,12,1,65,100,45,95
41,16,21,1,70,100,35,95
41,17,8,1,55,100,35,105
41,18,44,1,60,100,35,105
41,19,17,1,30,100,50,105
41,20,45,0,30,100,50,120
41,21,15,1,30,105,50,120
41,22,46,0,20,105,50,135
41,23,31,0,20,115,40,135
41,24,2,0,10,115,60,135
41,25,45,0,10,115,60,150
41,26,12,0,5,125,60,150
41,27,47,0,5,125,60,165
41,28,3,0,20,125,55,165
41,29,50,1,20,135,55,165
41,30,37,1,30,135,55,165
41,31,36,0,30,130,55,180
41,32,23,1,30,135,50,180
41,33,45,1,30,145,50,180
41,34,48,1,30,145,50,180
41,35,3,1,20,145,50,190
41,36,5,0,10,145,55,190
41,37,46,1,15,145,55,190
41,38,1,0,25,145,45,190
41,39,45,0,25,145,45,205
41,40,3,1,15,145,45,215
41,41,8,1,0,145,45,225
41,42,24,0,-5,145,45,225
41,43,20,0,-15,145,60,225
41,44,39,0,-25,160,60,225
41,45,38,1,-20,160,60,225
41,46,11,1,-15,160,60,225
41,47,24,0,-20,160,60,225
41,48,26,1,-10,160,55,225
41,49,47,0,-10,160,55,240
41,50,20,1,-10,170,40,240
41,51,1,0,0,170,30,240
41,52,38,0,-10,180,30,240
41,53,5,0,-20,180,35,240
41,54,9,0,-30,180,35,245
41,55,25,1,-30,190,35,245
41,56,17,0,-50,210,35,245
41,57,36,1,-50,220,35,245
41,58,45,0,-50,220,35,260
41,59,12,1,-45,220,35,260
41,60,43,0,-25,220,25,260
41,61,47,1,-25,220,25,260
41,62,25,0,-25,215,25,260
41,63,22,0,-35,215,35,260
41,64,48,1,-35,215,35,260
41,65,26,1,-25,215,30,260
41,66,3,1,-35,215,30,270
41,67,45,1,-35,225,30,270
41,68,11,1,-30,225,30,270
41,69,16,0,-45,235,30,270
41,70,28,0,-65,235,30,285
41,71,44,0,-65,235,40,295
41,72,3,0,-50,235,35,295
41,73,30,0,-50,235,25,320
41,74,23,1,-50,240,20,320
41,75,46,0,-60,240,20,335
41,76,9,0,-70,240,20,340
41,77,24,0,-75,240,20,340
41,78,36,0,-75,235,20,355
41,79,47,0,-75,235,20,370
41,80,38,0,-85,245,20,370
41,81,42,1,-85,250,20,370
41,82,6,0,-75,250,15,370
41,83,40,0,-75,260,5,370
41,84,22,0,-85,260,15,370
41,85,1,1,-95,260,15,375
41,86,26,1,-85,260,10,375
41,87,44,1,-80,260,10,375
41,88,23,1,-80,265,5,375
41,89,27,1,-80,280,0,375
41,90,7,0,-95,290,0,375
41,91,36,0,-95,285,0,390
41,92,26,0,-105,285,0,400
41,93,16,0,-120,295,0,400
41,94,57,0,-120,295,0,425
41,95,37,1,-110,295,0,425
41,96,23,1,-110,300,-5,425
41,97,3,0,-95,300,-10,425
41,98,26,0,-105,300,-10,435
41,99,16,1,-105,300,-20,435
42,0,27,0,60,40,50,50
42,1,20,1,60,50,35,50
42,2,4,1,70,50,35,50
42,3,5,1,75,50,25,50
42,4,41,1,80,40,25,50
42,5,12,0,75,50,25,50
42,6,30,0,75,50,15,75
42,7,37,1,85,50,15,75
42,8,5,0,75,50,20,75
42,9,4,0,60,65,20,75
42,10,22,0,50,65,30,75
42,11,8,0,50,70,20,75
42,12,29,1,50,90,0,75
42,13,20,0,40,90,15,75
42,14,15,0,55,85,15,75
42,15,4,1,65,85,15,75
42,16,24,0,60,85,15,75
42,17,44,1,65,85,15,75
42,18,1,1,55,85,15,80
42,19,40,0,55,95,5,80
42,20,29,0,35,95,10,80
42,21,2,1,40,95,0,80
42,22,26,1,50,95,-5,80
42,23,13,1,55,100,-5,80
42,24,7,1,60,100,-5,80
42,25,44,1,65,100,-5,80
42,26,4,0,50,115,-5,80
42,27,43,1,50,115,0,75
42,28,23,1,50,120,-5,75
42,29,42,1,50,125,-5,75
42,30,15,0,65,120,-5,75
42,31,26,0,55,120,-5,85
42,32,7,0,40,130,-5,85
42,33,24,1,45,130,-5,85
42,34,41,0,35,145,-5,85
42,35,5,0,25,145,0,85
42,36,31,0,25,155,-10,85
42,37,1,0,35,155,-20,85
42,38,38,0,25,165,-20,85
42,39,47,0,25,165,-20,100
42,40,40,0,25,175,-30,100
42,41,6,1,15,175,-30,110
42,42,28,1,25,175,-30,110
42,43,17,1,-5,175,-15,110
42,44,14,1,-5,185,-15,110
42,45,36,0,-5,180,-15,125
42,46,3,1,-15,180,-15,135
42,47,16,0,-30,190,-15,135
42,48,7,0,-45,200,-15,135
42,49,18,0,-75,200,-15,165
42,50,39,1,-70,200,-15,165
42,51,9,0,-80,200,-15,170
42,52,44,0,-80,200,-5,180
42,53,27,0,-70,190,-5,180
42,54,41,1,-65,180,-5,180
42,55,48,1,-65,180,-5,180
42,56,10,1,-50,180,-15,180
42,57,17,0,-70,200,-15,180
42,58,22,0,-80,200,-5,180
42,59,40,0,-80,210,-15,180
42,60,32,1,-80,200,0,180
42,61,23,0,-90,200,0,190
42,62,33,1,-90,215,0,190
42,63,12,0,-95,225,0,190
42,64,37,0,-110,245,0,190
42,65,40,0,-110,255,-10,190
42,66,10,1,-95,255,-20,190
42,67,22,0,-105,255,-10,190
42,68,15,0,-90,250,-10,190
42,69,28,1,-80,250,-10,190
42,70,20,1,-80,260,-25,190
42,71,27,1,-80,275,-30,190
42,72,26,1,-70,275,-35,190
42,73,22,1,-70,280,-45,190
42,74,11,0,-75,280,-45,190
42,75,23,0,-85,280,-45,200
42,76,12,0,-90,290,-45,200
42,77,13,0,-90,290,-45,220
42,78,38,0,-100,300,-45,220
42,79,11,0,-105,300,-45,220
42,80,37,1,-95,300,-45,220
42,81,2,0,-105,300,-25,220
42,82,6,0,-95,300,-30,220
42,83,24,0,-100,300,-30,220
42,84,12,1,-95,300,-30,220
42,85,15,1,-95,305,-30,220
42,86,13,1,-90,310,-30,220
42,87,40,0,-90,320,-40,220
42,88,10,1,-75,320,-50,220
42,89,43,0,-55,320,-60,220
42,90,48,1,-55,320,-60,220
42,91,44,1,-50,320,-60,220
42,92,9,1,-45,320,-60,220
42,93,42,1,-45,325,-60,220
42,94,29,0,-65,325,-55,220
42,95,27,0,-55,315,-55,220
42,96,30,0,-55,315,-65,245
42,97,2,0,-65,315,-45,245
42,98,43,1,-65,315,-40,240
42,99,20,0,-75,315,-25,240
43,0,38,1,55,50,50,50
43,1,47,0,55,50,50,65
43,2,15,1,55,55,50,65
43,3,14,1,55,65,50,65
43,4,9,0,45,65,50,70
43,5,44,1,50,65,50,70
43,6,21,0,40,65,70,70
43,7,23,1,40,70,65,70
43,8,45,1,40,80,65,70
43,9,2,0,30,80,85,70
43,10,26,0,20,80,85,80
43,11,29,0,0,80,90,80
43,12,48,0,0,80,90,110
43,13,43,0,20,80,80,110
43,14,3,1,10,80,80,120
43,15,8,1,-5,80,80,130
43,16,20,0,-15,80,95,130
43,17,57,1,-15,90,95,130
43,18,41,0,-25,105,95,130
43,19,10,1,-10,105,85,130
43,20,8,1,-25,105,85,140
43,21,49,0,-25,100,85,155
43,22,11,1,-20,100,85,155
43,23,47,1,-20,100,85,155
43,24,45,1,-20,110,85,155
43,25,40,1,-20,100,95,155
43,26,16,1,-20,100,85,155
43,27,42,1,-20,105,85,155
43,28,28,0,-40,105,85,170
43,29,46,1,-35,105,85,170
43,30,2,0,-45,105,105,170
43,31,38,0,-55,115,105,170
43,32,27,0,-45,105,105,170
43,33,15,0,-30,100,105,170
43,34,58,0,-30,90,105,170
43,35,45,1,-30,100,105,170
43,36,10,0,-40,110,105,170
43,37,40,1,-40,100,115,170
43,38,22,0,-50,100,125,170
43,39,48,1,-50,100,125,170
43,40,28,0,-70,100,125,185
43,41,12,0,-75,110,125,185
43,42,17,1,-105,110,140,185
43,43,40,0,-105,120,130,185
43,44,11,0,-110,120,130,185
43,45,18,1,-100,120,130,185
43,46,20,1,-100,130,115,185
43,47,45,0,-100,130,115,200
43,48,4,1,-90,130,115,200
43,49,41,0,-100,145,115,200
43,50,15,1,-100,150,115,200
43,51,13,0,-100,150,115,220
43,52,20,1,-100,160,100,220
43,53,29,1,-100,180,80,220
43,54,40,0,-100,190,70,220
43,55,3,0,-85,190,65,220
43,56,38,0,-95,200,65,220
43,57,37,0,-110,220,65,220
43,58,48,0,-110,220,65,250
43,59,10,0,-120,230,65,250
43,60,5,1,-115,230,55,250
43,61,45,1,-115,240,55,250
43,62,38,0,-125,250,55,250
43,63,59,0,-125,250,45,270
43,64,11,1,-120,250,45,270
43,65,26,1,-110,250,40,270
43,66,18,0,-140,250,40,300
43,67,12,0,-145,260,40,300
43,68,38,0,-155,270,40,300
43,69,29,0,-175,270,45,300
43,70,9,0,-185,270,45,305
43,71,13,0,-185,270,45,325
43,72,47,0,-185,270,45,340
43,73,46,0,-195,270,45,355
43,74,11,0,-200,270,45,355
43,75,12,0,-205,280,45,355
43,76,39,0,-215,295,45,355
43,77,40,1,-215,285,55,355
43,78,16,0,-230,295,55,355
43,79,30,0,-230,295,45,380
43,80,44,1,-225,295,45,380
43,81,14,0,-225,295,45,390
43,82,37,0,-240,315,45,390
43,83,28,0,-260,315,45,405
43,84,41,1,-255,305,45,405
43,85,13,1,-250,310,45,405
43,86,23,0,-260,310,45,415
43,87,45,0,-260,310,45,430
43,88,17,1,-290,310,60,430
43,89,42,1,-290,315,60,430
43,90,15,1,-290,320,60,430
43,91,47,1,-290,320,60,430
43,92,24,1,-285,320,60,430
43,93,21,1,-280,320,50,430
43,94,12,0,-285,330,50,430
43,95,37,1,-275,330,50,430
43,96,8,0,-275,335,40,430
43,97,2,0,-285,335,60,430
43,98,5,0,-295,335,65,430
43,99,60,1,-295,345,65,430
44,0,22,1,50,55,40,50
44,1,42,1,50,60,40,50
44,2,28,1,60,60,40,50
44,3,41,1,65,50,40,50
44,4,45,0,65,50,40,65
44,5,7,0,50,60,40,65
44,6,19,0,50,60,40,65
44,7,17,0,30,80,40,65
44,8,26,0,20,80,40,75
44,9,41,0,10,95,40,75
44,10,15,1,10,100,40,75
44,11,24,1,15,100,40,75
44,12,45,1,15,110,40,75
44,13,4,0,0,125,40,75
44,14,8,1,-15,125,40,85
44,15,37,0,-30,145,40,85
44,16,11,1,-25,145,40,85
44,17,45,0,-25,145,40,100
44,18,39,0,-35,160,40,100
44,19,15,0,-20,155,40,100
44,20,49,1,-20,160,40,100
44,21,46,1,-15,160,40,100
44,22,10,1,0,160,30,100
44,23,41,0,-10,175,30,100
44,24,14,0,-10,175,30,110
44,25,1,0,0,175,20,110
44,26,37,1,10,175,20,110
44,27,8,0,10,180,10,110
44,28,42,1,10,185,10,110
44,29,10,0,0,195,10,110
44,30,25,1,0,205,10,110
44,31,46,1,5,205,10,110
44,32,17,0,-15,225,10,110
44,33,22,0,-25,225,20,110
44,34,9,0,-35,225,20,115
44,35,48,1,-35,225,20,115
44,36,37,0,-50,245,20,115
44,37,31,0,-50,255,10,115
44,38,15,1,-50,260,10,115
44,39,19,0,-50,260,10,115
44,40,24,1,-45,260,10,115
44,41,48,0,-45,260,10,145
44,42,28,1,-35,260,10,145
44,43,4,1,-25,260,10,145
44,44,7,1,-20,260,10,145
44,45,19,1,-20,260,10,145
44,46,12,0,-25,270,10,145
44,47,21,1,-20,270,0,145
44,48,3,1,-30,270,0,155
44,49,17,0,-50,290,0,155
44,50,18,1,-40,290,0,155
44,51,32,1,-40,280,15,155
44,52,22,0,-50,280,25,155
44,53,41,1,-45,270,25,155
44,54,36,0,-45,265,25,170
44,55,40,0,-45,275,15,170
44,56,37,0,-60,295,15,170
44,57,15,1,-60,300,15,170
44,58,33,0,-30,300,15,170
44,59,28,0,-50,300,15,185
44,60,17,0,-70,320,15,185
44,61,42,0,-85,320,15,200
44,62,36,1,-85,330,15,200
44,63,23,0,-95,330,15,210
44,64,5,0,-105,330,20,210
44,65,9,0,-115,330,20,215
44,66,42,0,-130,330,20,230
44,67,20,1,-130,340,5,230
44,68,46,1,-125,340,5,230
44,69,17,0,-145,360,5,230
44,70,34,1,-130,360,5,230
44,71,2,1,-125,360,-5,230
44,72,10,0,-135,370,-5,230
44,73,19,0,-135,370,-5,230
44,74,38,0,-145,380,-5,230
44,75,5,0,-155,380,0,230
44,76,24,0,-160,380,0,230
44,77,43,0,-140,380,-10,230
44,78,57,1,-140,390,-10,230
44,79,14,1,-140,400,-10,230
44,80,11,0,-145,400,-10,230
44,81,38,1,-140,400,-10,230
44,82,37,0,-155,420,-10,230
44,83,6,0,-145,420,-15,230
44,84,18,1,-135,420,-15,230
44,85,42,0,-150,420,-15,245
44,86,35,1,-150,410,-5,245
44,87,40,0,-150,420,-15,245
44,88,9,1,-145,420,-15,245
44,89,46,1,-140,420,-15,245
44,90,29,0,-160,420,-10,245
44,91,12,0,-165,430,-10,245
44,92,15,1,-165,435,-10,245
44,93,23,1,-165,440,-15,245
44,94,43,1,-165,440,-10,240
44,95,45,1,-165,450,-10,240
44,96,27,1,-165,465,-15,240
44,97,24,0,-170,465,-15,240
44,98,20,1,-170,475,-30,240
44,99,43,1,-170,475,-25,235
45,0,36,1,50,60,50,50
45,1,38,0,40,70,50,50
45,2,45,1,40,80,50,50
45,3,6,0,50,80,45,50
45,4,4,1,60,80,45,50
45,5,14,1,60,90,45,50
45,6,5,1,65,90,35,50
45,7,57,1,65,100,35,50
45,8,45,0,65,100,35,65
45,9,42,0,50,100,35,80
45,10,28,0,30,100,35,95
45,11,31,1,30,100,45,95
45,12,13,1,35,105,45,95
45,13,15,0,50,100,45,95
45,14,6,0,60,100,40,95
45,15,26,1,70,100,35,95
45,16,3,0,85,100,30,95
45,17,29,1,85,120,10,95
45,18,23,1,85,125,5,95
45,19,38,0,75,135,5,95
45,20,45,0,75,135,5,110
45,21,5,0,65,135,10,110
45,22,18,0,35,135,10,140
45,23,24,1,40,135,10,140
45,24,27,1,40,150,5,140
45,25,12,1,45,150,5,140
45,26,58,0,45,140,5,140
45,27,43,1,45,140,10,135
45,28,39,0,35,155,10,135
45,29,23,0,25,155,10,145
45,30,25,1,25,165,10,145
45,31,26,1,35,165,5,145
45,32,9,0,25,165,5,150
45,33,2,1,30,165,-5,150
45,34,42,1,30,170,-5,150
45,35,5,1,35,170,-15,150
45,36,30,0,35,170,-25,175
45,37,47,1,35,170,-25,175
45,38,36,1,35,180,-25,175
45,39,2,1,40,180,-35,175
45,40,3,1,30,180,-35,185
45,41,42,0,15,180,-35,200
45,42,41,0,5,195,-35,200
45,43,19,0,5,195,-35,200
45,44,12,1,10,195,-35,200
45,45,38,0,0,205,-35,200
45,46,37,1,10,205,-35,200
45,47,9,0,0,205,-35,205
45,48,11,1,5,205,-35,205
45,49,15,0,20,200,-35,205
45,50,24,0,15,200,-35,205
45,51,18,0,-15,200,-35,235
45,52,3,1,-25,200,-35,245
45,53,8,0,-25,205,-45,245
45,54,28,1,-15,205,-45,245
45,55,39,1,-10,205,-45,245
45,56,16,0,-25,215,-45,245
45,57,26,0,-35,215,-45,255
45,58,15,1,-35,220,-45,255
45,59,44,1,-30,220,-45,255
45,60,25,0,-30,215,-45,255
45,61,11,1,-25,215,-45,255
45,62,29,0,-45,215,-40,255
45,63,4,1,-35,215,-40,255
45,64,13,1,-30,220,-40,255
45,65,59,1,-30,235,-40,255
45,66,10,0,-40,245,-40,255
45,67,38,1,-35,245,-40,255
45,68,29,0,-55,245,-35,255
45,69,40,1,-55,235,-25,255
45,70,7,1,-50,235,-25,255
45,71,26,1,-40,235,-30,255
45,72,12,1,-35,235,-30,255
45,73,38,0,-45,245,-30,255
45,74,23,1,-45,250,-35,255
45,75,11,1,-40,250,-35,255
45,76,43,0,-20,250,-45,255
45,77,4,0,-35,265,-45,255
45,78,19,1,-35,265,-45,255
45,79,5,1,-30,265,-55,255
45,80,60,1,-30,275,-55,255
45,81,25,1,-30,285,-55,255
45,82,1,1,-40,285,-55,260
45,83,12,1,-35,285,-55,260
45,84,24,1,-30,285,-55,260
45,85,26,0,-40,285,-55,270
45,86,5,1,-35,285,-65,270
45,87,29,1,-35,305,-85,270
45,88,3,1,-45,305,-85,280
45,89,8,1,-60,305,-85,290
45,90,39,0,-70,320,-85,290
45,91,11,1,-65,320,-85,290
45,92,10,1,-50,320,-95,290
45,93,30,0,-50,320,-105,315
45,94,2,0,-60,320,-85,315
45,95,13,0,-60,320,-85,335
45,96,38,0,-70,330,-85,335
45,97,24,0,-75,330,-85,335
45,98,32,0,-75,350,-100,335
45,99,9,1,-70,350,-100,335
46,0,49,1,50,55,50,50
46,1,15,0,65,50,50,50
46,2,48,0,65,50,50,80
46,3,44,0,65,50,60,90
46,4,42,1,65,55,60,90
46,5,2,1,70,55,50,90
46,6,25,1,70,65,50,90
46,7,19,1,70,65,50,90
46,8,24,1,75,65,50,90
46,9,30,0,75,65,40,115
46,10,22,0,65,65,50,115
46,11,20,0,55,65,65,115
46,12,8,0,55,70,55,115
46,13,21,1,60,70,45,115
46,14,38,0,50,80,45,115
46,15,29,1,50,100,25,115
46,16,16,0,35,110,25,115
46,17,47,1,35,110,25,115
46,18,27,1,35,125,20,115
46,19,12,1,40,125,20,115
46,20,11,1,45,125,20,115
46,21,23,1,45,130,15,115
46,22,47,1,45,130,15,115
46,23,39,1,50,130,15,115
46,24,41,1,55,120,15,115
46,25,11,1,60,120,15,115
46,26,14,1,60,130,15,115
46,27,29,1,60,150,-5,115
46,28,10,1,75,150,-15,115
46,29,24,0,70,150,-15,115
46,30,48,1,70,150,-15,115
46,31,39,1,75,150,-15,115
46,32,41,1,80,140,-15,115
46,33,1,1,70,140,-15,120
46,34,19,1,70,140,-15,120
46,35,31,1,70,140,-5,120
46,36,44,1,75,140,-5,120
46,37,9,0,65,140,-5,125
46,38,39,1,70,140,-5,125
46,39,40,1,70,130,5,125
46,40,37,1,80,130,5,125
46,41,18,0,50,130,5,155
46,42,43,0,70,130,-5,155
46,43,46,1,75,130,-5,155
46,44,10,0,65,140,-5,155
46,45,13,1,70,145,-5,155
46,46,2,0,60,145,15,155
46,47,39,0,50,160,15,155
46,48,57,1,50,170,15,155
46,49,41,0,40,185,15,155
46,50,40,0,40,195,5,155
46,51,4,0,25,210,5,155
46,52,11,1,30,210,5,155
46,53,16,1,30,210,-5,155
46,54,7,1,35,210,-5,155
46,55,5,0,25,210,0,155
46,56,32,0,25,230,-15,155
46,57,23,1,25,235,-20,155
46,58,8,1,10,235,-20,165
46,59,36,1,10,245,-20,165
46,60,14,0,10,245,-20,175
46,61,15,0,25,240,-20,175
46,62,16,1,25,240,-30,175
46,63,28,0,5,240,-30,190
46,64,23,0,-5,240,-30,200
46,65,12,0,-10,250,-30,200
46,66,15,1,-10,255,-30,200
46,67,11,1,-5,255,-30,200
46,68,25,1,-5,265,-30,200
46,69,26,0,-15,265,-30,210
46,70,24,1,-10,265,-30,210
46,71,43,1,-10,265,-25,205
46,72,9,1,-5,265,-25,205
46,73,21,1,0,265,-35,205
46,74,4,1,10,265,-35,205
46,75,26,1,20,265,-40,205
46,76,22,0,10,265,-30,205
46,77,15,1,10,270,-30,205
46,78,9,0,0,270,-30,210
46,79,5,0,-10,270,-25,210
46,80,48,1,-10,270,-25,210
46,81,19,1,-10,270,-25,210
46,82,44,1,-5,270,-25,210
46,83,39,1,0,270,-25,210
46,84,14,0,0,270,-25,220
46,85,11,1,5,270,-25,220
46,86,40,1,5,260,-15,220
46,87,48,1,5,260,-15,220
46,88,43,0,25,260,-25,220
46,89,20,0,15,260,-10,220
46,90,41,1,20,250,-10,220
46,91,42,0,5,250,-10,235
46,92,33,0,35,250,-10,235
46,93,14,0,35,250,-10,245
46,94,28,0,15,250,-10,260
46,95,6,1,5,250,-10,270
46,96,42,1,5,255,-10,270
46,97,40,0,5,265,-20,270
46,98,27,1,5,280,-25,270
46,99,1,1,-5,280,-25,275
47,0,36,1,50,60,50,50
47,1,39,1,55,60,50,50
47,2,47,1,55,60,50,50
47,3,25,0,55,55,50,50
47,4,46,1,60,55,50,50
47,5,45,0,60,55,50,65
47,6,42,0,45,55,50,80
47,7,36,0,45,50,50,95
47,8,39,0,35,65,50,95
47,9,27,0,45,55,50,95
47,10,9,1,50,55,50,95
47,11,1,1,40,55,50,100
47,12,25,1,40,65,50,100
47,13,6,0,50,65,45,100
47,14,8,0,50,70,35,100
47,15,7,1,55,70,35,100
47,16,30,1,55,70,45,100
47,17,57,0,55,70,45,125
47,18,13,0,55,70,45,145
47,19,43,0,75,70,35,145
47,20,58,0,75,60,35,145
47,21,8,0,75,65,25,145
47,22,19,1,75,65,25,145
47,23,48,0,75,65,25,175
47,24,10,0,65,75,25,175
47,25,40,0,65,85,15,175
47,26,9,0,55,85,15,180
47,27,17,0,35,105,15,180
47,28,7,1,40,105,15,180
47,29,36,0,40,100,15,195
47,30,19,1,40,100,15,195
47,31,29,0,20,100,20,195
47,32,12,1,25,100,20,195
47,33,40,0,25,110,10,195
47,34,11,0,20,110,10,195
47,35,45,0,20,110,10,210
47,36,22,0,10,110,20,210
47,37,12,1,15,110,20,210
47,38,30,1,15,110,30,210
47,39,10,1,30,110,20,210
47,40,19,1,30,110,20,210
47,41,14,0,30,110,20,220
47,42,12,0,25,120,20,220
47,43,18,0,-5,120,20,250
47,44,28,0,-25,120,20,265
47,45,4,1,-15,120,20,265
47,46,3,0,0,120,15,265
47,47,17,1,-30,120,30,265
47,48,38,0,-40,130,30,265
47,49,27,0,-30,120,30,265
47,50,13,1,-25,125,30,265
47,51,1,0,-15,125,20,265
47,52,16,0,-30,135,20,265
47,53,45,1,-30,145,20,265
47,54,3,1,-40,145,20,275
47,55,15,1,-40,150,20,275
47,56,40,0,-40,160,10,275
47,57,9,1,-35,160,10,275
47,58,26,0,-45,160,10,285
47,59,1,0,-35,160,0,285
47,60,30,1,-35,160,10,285
47,61,18,1,-25,160,10,285
47,62,39,0,-35,175,10,285
47,63,11,1,-30,175,10,285
47,64,24,0,-35,175,10,285
47,65,13,1,-30,180,10,285
47,66,12,0,-35,190,10,285
47,67,15,1,-35,195,10,285
47,68,36,0,-35,190,10,300
47,69,4,1,-25,190,10,300
47,70,3,1,-35,190,10,310
47,71,1,0,-25,190,0,310
47,72,48,0,-25,190,0,340
47,73,42,0,-40,190,0,355
47,74,14,0,-40,190,0,365
47,75,25,0,-40,185,0,365
47,76,44,1,-35,185,0,365
47,77,1,1,-45,185,0,370
47,78,45,1,-45,195,0,370
47,79,26,1,-35,195,-5,370
47,80,37,0,-50,215,-5,370
47,81,20,0,-60,215,10,370
47,82,36,0,-60,210,10,385
47,83,43,1,-60,210,15,380
47,84,24,0,-65,210,15,380
47,85,5,1,-60,210,5,380
47,86,20,1,-60,220,-10,380
47,87,44,0,-60,220,0,390
47,88,59,1,-60,235,0,390
47,89,47,1,-60,235,0,390
47,90,1,0,-50,235,-10,390
47,91,30,0,-50,235,-20,415
47,92,24,1,-45,235,-20,415
47,93,11,1,-40,235,-20,415
47,94,29,0,-60,235,-15,415
47,95,5,0,-70,235,-10,415
47,96,37,0,-85,255,-10,415
47,97,3,0,-70,255,-15,415
47,98,28,1,-60,255,-15,415
47,99,16,1,-60,255,-25,415
48,0,47,0,50,50,50,65
48,1,36,1,50,60,50,65
48,2,1,0,60,60,40,65
48,3,21,0,50,60,60,65
48,4,31,1,50,60,70,65
48,5,25,1,50,70,70,65
48,6,36,1,50,80,70,65
48,7,40,0,50,90,60,65
48,8,29,0,30,90,65,65
48,9,28,1,40,90,65,65
48,10,41,0,30,105,65,65
48,11,32,0,30,125,50,65
48,12,6,1,20,125,50,75
48,13,44,0,20,125,60,85
48,14,16,1,20,125,50,85
48,15,2,1,25,125,40,85
48,16,17,1,-5,125,55,85
48,17,57,0,-5,125,55,110
48,18,22,0,-15,125,65,110
48,19,25,1,-15,135,65,110
48,20,38,1,-10,135,65,110
48,21,10,0,-20,145,65,110
48,22,4,1,-10,145,65,110
48,23,15,0,5,140,65,110
48,24,30,0,5,140,55,135
48,25,12,0,0,150,55,135
48,26,48,1,0,150,55,135
48,27,27,1,0,165,50,135
48,28,22,1,0,170,40,135
48,29,9,1,5,170,40,135
48,30,36,1,5,180,40,135
48,31,30,0,5,180,30,160
48,32,2,1,10,180,20,160
48,33,17,0,-10,200,20,160
48,34,42,1,-10,205,20,160
48,35,22,1,-10,210,10,160
48,36,3,0,5,210,5,160
48,37,27,1,5,225,0,160
48,38,38,0,-5,235,0,160
48,39,6,0,5,235,-5,160
48,40,19,0,5,235,-5,160
48,41,21,0,-5,235,15,160
48,42,37,1,5,235,15,160
48,43,46,0,-5,235,15,175
48,44,41,1,0,225,15,175
48,45,27,0,10,215,15,175
48,46,23,1,10,220,10,175
48,47,30,1,10,220,20,175
48,48,44,0,10,220,30,185
48,49,22,0,0,220,40,185
48,50,36,0,0,215,40,200
48,51,7,1,5,215,40,200
48,52,5,0,-5,215,45,200
48,53,2,0,-15,215,65,200
48,54,16,0,-30,225,65,200
48,55,41,0,-40,240,65,200
48,56,9,1,-35,240,65,200
48,57,46,0,-45,240,65,215
48,58,5,0,-55,240,70,215
48,59,23,0,-65,240,70,225
48,60,1,1,-75,240,70,230
48,61,28,0,-95,240,70,245
48,62,30,1,-95,240,80,245
48,63,24,0,-100,240,80,245
48,64,6,0,-90,240,75,245
48,65,41,1,-85,230,75,245
48,66,23,0,-95,230,75,255
48,67,17,1,-125,230,90,255
48,68,47,1,-125,230,90,255
48,69,2,0,-135,230,110,255
48,70,36,1,-135,240,110,255
48,71,4,1,-125,240,110,255
48,72,39,1,-120,240,110,255
48,73,33,1,-120,255,110,255
48,74,23,1,-120,260,105,255
48,75,26,0,-130,260,105,265
48,76,47,0,-130,260,105,280
48,77,42,0,-145,260,105,295
48,78,21,0,-155,260,125,295
48,79,38,1,-150,260,125,295
48,80,15,0,-135,255,125,295
48,81,1,0,-125,255,115,295
48,82,7,1,-120,255,115,295
48,83,4,1,-110,255,115,295
48,84,23,0,-120,255,115,305
48,85,6,0,-110,255,110,305
48,86,10,1,-95,255,100,305
48,87,29,1,-95,275,80,305
48,88,44,1,-90,275,80,305
48,89,14,1,-90,285,80,305
48,90,45,1,-90,295,80,305
48,91,20,1,-90,305,65,305
48,92,28,0,-110,305,65,320
48,93,42,1,-110,310,65,320
48,94,16,0,-125,320,65,320
48,95,5,0,-135,320,70,320
48,96,25,0,-135,315,70,320
48,97,46,1,-130,315,70,320
48,98,47,0,-130,315,70,335
48,99,42,0,-145,315,70,350
49,0,46,1,55,50,50,50
49,1,25,1,55,60,50,50
49,2,18,0,25,60,50,80
49,3,29,1,25,80,30,80
49,4,47,1,25,80,30,80
49,5,22,0,15,80,40,80
49,6,5,0,5,80,45,80
49,7,16,0,-10,90,45,80
49,8,13,0,-10,90,45,100
49,9,43,1,-10,90,50,95
49,10,20,0,-20,90,65,95
49,11,40,0,-20,100,55,95
49,12,6,0,-10,100,50,95
49,13,1,1,-20,100,50,100
49,14,26,1,-10,100,45,100
49,15,27,1,-10,115,40,100
49,16,14,1,-10,125,40,100
49,17,20,0,-20,125,55,100
49,18,25,0,-20,120,55,100
49,19,8,1,-35,120,55,110
49,20,47,0,-35,120,55,125
49,21,11,0,-40,120,55,125
49,22,1,1,-50,120,55,130
49,23,38,0,-60,130,55,130
49,24,45,1,-60,140,55,130
49,25,41,0,-70,155,55,130
49,26,16,0,-85,165,55,130
49,27,10,0,-95,175,55,130
49,28,8,0,-95,180,45,130
49,29,24,1,-90,180,45,130
49,30,7,0,-105,190,45,130
49,31,15,1,-105,195,45,130
49,32,26,0,-115,195,45,140
49,33,31,1,-115,195,55,140
49,34,49,0,-115,190,55,155
49,35,5,0,-125,190,60,155
49,36,41,0,-135,205,60,155
49,37,50,1,-135,215,60,155
49,38,8,0,-135,220,50,155
49,39,22,1,-135,225,40,155
49,40,16,0,-150,235,40,155
49,41,32,1,-150,225,55,155
49,42,6,0,-140,225,50,155
49,43,15,1,-140,230,50,155
49,44,21,1,-135,230,40,155
49,45,45,1,-135,240,40,155
49,46,3,0,-120,240,35,155
49,47,17,0,-140,260,35,155
49,48,41,1,-135,250,35,155
49,49,13,0,-135,250,35,175
49,50,25,1,-135,260,35,175
49,51,12,1,-130,260,35,175
49,52,45,0,-130,260,35,190
49,53,26,1,-120,260,30,190
49,54,48,0,-120,260,30,220
49,55,27,1,-120,275,25,220
49,56,19,0,-120,275,25,220
49,57,30,1,-120,275,35,220
49,58,18,0,-150,275,35,250
49,59,22,1,-150,280,25,250
49,60,25,1,-150,290,25,250
49,61,23,0,-160,290,25,260
49,62,13,0,-160,290,25,280
49,63,40,1,-160,280,35,280
49,64,5,1,-155,280,25,280
49,65,26,0,-165,280,25,290
49,66,20,0,-175,280,40,290
49,67,11,0,-180,280,40,290
49,68,3,1,-190,280,40,300
49,69,39,1,-185,280,40,300
49,70,10,1,-170,280,30,300
49,71,14,1,-170,290,30,300
49,72,25,1,-170,300,30,300
49,73,43,0,-150,300,20,300
49,74,6,0,-140,300,15,300
49,75,27,1,-140,315,10,300
49,76,44,0,-140,315,20,310
49,77,19,0,-140,315,20,310
49,78,45,1,-140,325,20,310
49,79,6,1,-150,325,20,320
49,80,21,1,-145,325,10,320
49,81,3,1,-155,325,10,330
49,82,13,0,-155,325,10,350
49,83,41,0,-165,340,10,350
49,84,25,0,-165,335,10,350
49,85,1,1,-175,335,10,355
49,86,19,0,-175,335,10,355
49,87,17,0,-195,355,10,355
49,88,18,0,-225,355,10,385
49,89,11,0,-230,355,10,385
49,90,6,0,-220,355,5,385
49,91,8,0,-220,360,-5,385
49,92,7,0,-235,370,-5,385
49,93,20,1,-235,380,-20,385
49,94,47,1,-235,380,-20,385
49,95,4,1,-225,380,-20,385
49,96,5,1,-220,380,-30,385
49,97,37,1,-210,380,-30,385
49,98,45,0,-210,380,-30,400
49,99,51,0,-210,365,-30,420
50,0,47,1,50,50,50,50
50,1,38,1,55,50,50,50
50,2,9,0,45,50,50,55
50,3,41,1,50,40,50,55
50,4,29,1,50,60,30,55
50,5,43,0,70,60,20,55
50,6,14,1,70,70,20,55
50,7,28,0,50,70,20,70
50,8,2,1,55,70,10,70
50,9,13,1,60,75,10,70
50,10,27,1,60,90,5,70
50,11,15,1,60,95,5,70
50,12,6,0,70,95,0,70
50,13,44,1,75,95,0,70
50,14,7,1,80,95,0,70
50,15,13,0,80,95,0,90
50,16,4,0,65,110,0,90
50,17,23,1,65,115,-5,90
50,18,1,0,75,115,-15,90
50,19,14,1,75,125,-15,90
50,20,31,1,75,125,-5,90
50,21,24,0,70,125,-5,90
50,22,6,0,80,125,-10,90
50,23,5,0,70,125,-5,90
50,24,13,1,75,130,-5,90
50,25,27,1,75,145,-10,90
50,26,40,1,75,135,0,90
50,27,10,1,90,135,-10,90
50,28,37,1,100,135,-10,90
50,29,3,0,115,135,-15,90
50,30,19,0,115,135,-15,90
50,31,40,1,115,125,-5,90
50,32,21,0,105,125,15,90
50,33,47,1,105,125,15,90
50,34,39,0,95,140,15,90
50,35,25,1,95,150,15,90
50,36,16,0,80,160,15,90
50,37,6,1,70,160,15,100
50,38,5,1,75,160,5,100
50,39,36,1,75,170,5,100
50,40,1,1,65,170,5,105
50,41,37,1,75,170,5,105
50,42,57,0,75,170,5,130
50,43,8,1,60,170,5,140
50,44,5,1,65,170,-5,140
50,45,12,0,60,180,-5,140
50,46,38,1,65,180,-5,140
50,47,40,0,65,190,-15,140
50,48,3,0,80,190,-20,140
50,49,13,1,85,195,-20,140
50,50,7,1,90,195,-20,140
50,51,25,1,90,205,-20,140
50,52,2,1,95,205,-30,140
50,53,27,0,105,195,-30,140
50,54,8,1,90,195,-30,150
50,55,4,1,100,195,-30,150
50,56,32,1,100,185,-15,150
50,57,20,1,100,195,-30,150
50,58,9,0,90,195,-30,155
50,59,17,0,70,215,-30,155
50,60,33,0,100,215,-30,155
50,61,43,0,120,215,-40,155
50,62,41,0,110,230,-40,155
50,63,28,0,90,230,-40,170
50,64,42,0,75,230,-40,185
50,65,9,0,65,230,-40,190
50,66,11,0,60,230,-40,190
50,67,37,1,70,230,-40,190
50,68,17,0,50,250,-40,190
50,69,43,0,70,250,-50,190
50,70,38,1,75,250,-50,190
50,71,3,0,90,250,-55,190
50,72,14,1,90,260,-55,190
50,73,10,1,105,260,-65,190
50,74,7,0,90,270,-65,190
50,75,12,1,95,270,-65,190
50,76,11,0,90,270,-65,190
50,77,14,0,90,270,-65,200
50,78,47,0,90,270,-65,215
50,79,5,0,80,270,-60,215
50,80,46,0,70,270,-60,230
50,81,30,1,70,270,-50,230
50,82,25,1,70,280,-50,230
50,83,47,1,70,280,-50,230
50,84,48,0,70,280,-50,260
50,85,2,1,75,280,-60,260
50,86,46,0,65,280,-60,275
50,87,37,1,75,280,-60,275
50,88,13,1,80,285,-60,275
50,89,18,0,50,285,-60,305
50,90,38,0,40,295,-60,305
50,91,34,0,40,280,-35,305
50,92,35,1,40,270,-25,305
50,93,4,0,25,285,-25,305
50,94,13,0,25,285,-25,325
50,95,11,1,30,285,-25,325
50,96,37,1,40,285,-25,325
50,97,38,0,30,295,-25,325
50,98,43,1,30,295,-20,320
50,99,9,0,20,295,-20,325
51,0,13,1,55,55,50,50
51,1,10,0,45,65,50,50
51,2,39,0,35,80,50,50
51,3,49,1,35,85,50,50
51,4,19,0,35,85,50,50
51,5,2,1,40,85,40,50
51,6,45,0,40,85,40,65
51,7,14,0,40,85,40,75
51,8,23,0,30,85,40,85
51,9,1,0,40,85,30,85
51,10,30,1,40,85,40,85
51,11,17,0,20,105,40,85
51,12,38,0,10,115,40,85
51,13,22,1,10,120,30,85
51,14,45,1,10,130,30,85
51,15,9,1,15,130,30,85
51,16,36,1,15,140,30,85
51,17,4,0,0,155,30,85
51,18,14,0,0,155,30,95
51,19,40,0,0,165,20,95
51,20,15,0,15,160,20,95
51,21,37,1,25,160,20,95
51,22,24,0,20,160,20,95
51,23,21,0,10,160,40,95
51,24,10,1,25,160,30,95
51,25,17,0,5,180,30,95
51,26,22,0,-5,180,40,95
51,27,5,1,0,180,30,95
51,28,45,1,0,190,30,95
51,29,31,0,0,200,20,95
51,30,39,1,5,200,20,95
51,31,38,0,-5,210,20,95
51,32,40,0,-5,220,10,95
51,33,45,1,-5,230,10,95
51,34,5,1,0,230,0,95
51,35,48,0,0,230,0,125
51,36,7,1,5,230,0,125
51,37,44,0,5,230,10,135
51,38,10,0,-5,240,10,135
51,39,29,0,-25,240,15,135
51,40,3,1,-35,240,15,145
51,41,18,0,-65,240,15,175
51,42,21,0,-75,240,35,175
51,43,27,0,-65,230,35,175
51,44,7,0,-80,240,35,175
51,45,14,0,-80,240,35,185
51,46,22,1,-80,245,25,185
51,47,9,1,-75,245,25,185
51,48,38,0,-85,255,25,185
51,49,30,1,-85,255,35,185
51,50,11,1,-80,255,35,185
51,51,28,1,-70,255,35,185
51,52,14,0,-70,255,35,195
51,53,44,0,-70,255,45,205
51,54,26,0,-80,255,45,215
51,55,32,0,-80,275,30,215
51,56,42,1,-80,280,30,215
51,57,17,1,-110,280,45,215
51,58,27,0,-100,270,45,215
51,59,57,1,-100,280,45,215
51,60,48,1,-100,280,45,215
51,61,23,0,-110,280,45,225
51,62,25,1,-110,290,45,225
51,63,1,0,-100,290,35,225
51,64,42,0,-115,290,35,240
51,65,41,0,-125,305,35,240
51,66,45,0,-125,305,35,255
51,67,58,1,-125,315,35,255
51,68,38,1,-120,315,35,255
51,69,44,0,-120,315,45,265
51,70,12,1,-115,315,45,265
51,71,18,0,-145,315,45,295
51,72,14,1,-145,325,45,295
51,73,6,0,-135,325,40,295
51,74,47,1,-135,325,40,295
51,75,3,0,-120,325,35,295
51,76,19,0,-120,325,35,295
51,77,17,0,-140,345,35,295
51,78,59,0,-140,345,25,315
51,79,15,1,-140,350,25,315
51,80,48,1,-140,350,25,315
51,81,47,1,-140,350,25,315
51,82,21,1,-135,350,15,315
51,83,7,1,-130,350,15,315
51,84,40,1,-130,340,25,315
51,85,42,1,-130,345,25,315
51,86,44,0,-130,345,35,325
51,87,2,1,-125,345,25,325
51,88,11,0,-130,345,25,325
51,89,40,1,-130,335,35,325
51,90,12,1,-125,335,35,325
51,91,15,0,-110,330,35,325
51,92,45,0,-110,330,35,340
51,93,9,0,-120,330,35,345
51,94,1,1,-130,330,35,350
51,95,27,0,-120,320,35,350
51,96,11,0,-125,320,35,350
51,97,14,1,-125,330,35,350
51,98,26,0,-135,330,35,360
51,99,43,0,-115,330,25,360
52,0,15,1,50,55,50,50
52,1,47,1,50,55,50,50
52,2,27,0,60,45,50,50
52,3,14,0,60,45,50,60
52,4,38,0,50,55,50,60
52,5,5,1,55,55,40,60
52,6,39,0,45,70,40,60
52,7,25,0,45,65,40,60
52,8,14,1,45,75,40,60
52,9,46,1,50,75,40,60
52,10,13,1,55,80,40,60
52,11,6,0,65,80,35,60
52,12,8,0,65,85,25,60
52,13,41,0,55,100,25,60
52,14,28,1,65,100,25,60
52,15,44,0,65,100,35,70
52,16,43,0,85,100,25,70
52,17,57,0,85,100,25,95
52,18,36,1,85,110,25,95
52,19,22,0,75,110,35,95
52,20,47,0,75,110,35,110
52,21,14,0,75,110,35,120
52,22,1,0,85,110,25,120
52,23,13,0,85,110,25,140
52,24,46,1,90,110,25,140
52,25,37,1,100,110,25,140
52,26,19,0,100,110,25,140
52,27,41,1,105,100,25,140
52,28,4,0,90,115,25,140
52,29,3,0,105,115,20,140
52,30,14,0,105,115,20,150
52,31,44,0,105,115,30,160
52,32,7,0,90,125,30,160
52,33,46,0,80,125,30,175
52,34,2,1,85,125,20,175
52,35,12,1,90,125,20,175
52,36,42,1,90,130,20,175
52,37,1,0,100,130,10,175
52,38,16,0,85,140,10,175
52,39,26,1,95,140,5,175
52,40,20,0,85,140,20,175
52,41,27,0,95,130,20,175
52,42,1,0,105,130,10,175
52,43,23,0,95,130,10,185
52,44,37,1,105,130,10,185
52,45,15,1,105,135,10,185
52,46,6,0,115,135,5,185
52,47,5,1,120,135,-5,185
52,48,12,1,125,135,-5,185
52,49,25,0,125,130,-5,185
52,50,19,0,125,130,-5,185
52,51,7,1,130,130,-5,185
52,52,39,0,120,145,-5,185
52,53,43,1,120,145,0,180
52,54,40,0,120,155,-10,180
52,55,44,0,120,155,0,190
52,56,3,0,135,155,-5,190
52,57,5,0,125,155,0,190
52,58,21,1,130,155,-10,190
52,59,30,1,130,155,0,190
52,60,37,0,115,175,0,190
52,61,38,0,105,185,0,190
52,62,4,0,90,200,0,190
52,63,42,0,75,200,0,205
52,64,29,0,55,200,5,205
52,65,21,1,60,200,-5,205
52,66,7,1,65,200,-5,205
52,67,19,1,65,200,-5,205
52,68,45,1,65,210,-5,205
52,69,38,0,55,220,-5,205
52,70,24,1,60,220,-5,205
52,71,1,0,70,220,-15,205
52,72,23,0,60,220,-15,215
52,73,37,1,70,220,-15,215
52,74,46,0,60,220,-15,230
52,75,19,1,60,220,-15,230
52,76,26,0,50,220,-15,240
52,77,31,0,50,230,-25,240
52,78,1,1,40,230,-25,245
52,79,4,1,50,230,-25,245
52,80,22,0,40,230,-15,245
52,81,2,1,45,230,-25,245
52,82,11,1,50,230,-25,245
52,83,36,0,50,225,-25,260
52,84,48,0,50,225,-25,290
52,85,47,0,50,225,-25,305
52,86,1,0,60,225,-35,305
52,87,14,0,60,225,-35,315
52,88,15,0,75,220,-35,315
52,89,46,0,65,220,-35,330
52,90,4,0,50,235,-35,330
52,91,17,1,20,235,-20,330
52,92,40,0,20,245,-30,330
52,93,25,1,20,255,-30,330
52,94,26,0,10,255,-30,340
52,95,5,0,0,255,-25,340
52,96,39,0,-10,270,-25,340
52,97,21,0,-20,270,-5,340
52,98,1,0,-10,270,-15,340
52,99,9,0,-20,270,-15,345
53,0,25,1,50,60,50,50
53,1,23,0,40,60,50,60
53,2,8,1,25,60,50,70
53,3,48,0,25,60,50,100
53,4,42,0,10,60,50,115
53,5,21,0,0,60,70,115
53,6,3,0,15,60,65,115
53,7,23,0,5,60,65,125
53,8,9,1,10,60,65,125
53,9,24,0,5,60,65,125
53,10,5,1,10,60,55,125
53,11,40,0,10,70,45,125
53,12,22,1,10,75,35,125
53,13,57,0,10,75,35,150
53,14,36,0,10,70,35,165
53,15,19,0,10,70,35,165
53,16,6,1,0,70,35,175
53,17,1,1,-10,70,35,180
53,18,16,1,-10,70,25,180
53,19,48,1,-10,70,25,180
53,20,26,1,0,70,20,180
53,21,36,0,0,65,20,195
53,22,30,1,0,65,30,195
53,23,20,0,-10,65,45,195
53,24,21,0,-20,65,65,195
53,25,27,0,-10,55,65,195
53,26,47,1,-10,55,65,195
53,27,14,1,-10,65,65,195
53,28,29,0,-30,65,70,195
53,29,5,0,-40,65,75,195
53,30,36,1,-40,75,75,195
53,31,11,0,-45,75,75,195
53,32,48,0,-45,75,75,225
53,33,16,1,-45,75,65,225
53,34,40,1,-45,65,75,225
53,35,10,1,-30,65,65,225
53,36,2,1,-25,65,55,225
53,37,6,1,-35,65,55,235
53,38,41,0,-45,80,55,235
53,39,30,1,-45,80,65,235
53,40,8,0,-45,85,55,235
53,41,3,1,-55,85,55,245
53,42,19,0,-55,85,55,245
53,43,39,0,-65,100,55,245
53,44,37,1,-55,100,55,245
53,45,36,1,-55,110,55,245
53,46,7,0,-70,120,55,245
53,47,17,1,-100,120,70,245
53,48,8,1,-115,120,70,255
53,49,5,1,-110,120,60,255
53,50,24,0,-115,120,60,255
53,51,4,0,-130,135,60,255
53,52,2,1,-125,135,50,255
53,53,1,1,-135,135,50,260
53,54,19,0,-135,135,50,260
53,55,6,0,-125,135,45,260
53,56,36,0,-125,130,45,275
53,57,37,1,-115,130,45,275
53,58,15,0,-100,125,45,275
53,59,19,0,-100,125,45,275
53,60,58,0,-100,115,45,275
53,61,18,0,-130,115,45,305
53,62,48,1,-130,115,45,305
53,63,12,1,-125,115,45,305
53,64,6,0,-115,115,40,305
53,65,31,1,-115,115,50,305
53,66,23,1,-115,120,45,305
53,67,37,1,-105,120,45,305
53,68,14,1,-105,130,45,305
53,69,39,0,-115,145,45,305
53,70,2,1,-110,145,35,305
53,71,6,0,-100,145,30,305
53,72,59,1,-100,160,30,305
53,73,14,1,-100,170,30,305
53,74,21,0,-110,170,50,305
53,75,10,1,-95,170,40,305
53,76,18,0,-125,170,40,335
53,77,47,0,-125,170,40,350
53,78,5,0,-135,170,45,350
53,79,46,1,-130,170,45,350
53,80,28,0,-150,170,45,365
53,81,30,0,-150,170,35,390
53,82,48,1,-150,170,35,390
53,83,39,1,-145,170,35,390
53,84,42,0,-160,170,35,405
53,85,1,1,-170,170,35,410
53,86,27,1,-170,185,30,410
53,87,7,0,-185,195,30,410
53,88,17,1,-215,195,45,410
53,89,60,0,-185,195,45,410
53,90,40,0,-185,205,35,410
53,91,32,1,-185,195,50,410
53,92,21,1,-180,195,40,410
53,93,26,0,-190,195,40,420
53,94,48,1,-190,195,40,420
53,95,47,0,-190,195,40,435
53,96,36,1,-190,205,40,435
53,97,61,0,-190,205,60,435
53,98,45,1,-190,215,60,435
53,99,42,0,-205,215,60,450
54,0,15,0,65,45,50,50
54,1,45,0,65,45,50,65
54,2,14,1,65,55,50,65
54,3,7,0,50,65,50,65
54,4,12,1,55,65,50,65
54,5,31,0,55,75,40,65
54,6,10,0,45,85,40,65
54,7,26,1,55,85,35,65
54,8,9,0,45,85,35,70
54,9,43,0,65,85,25,70
54,10,8,0,65,90,15,70
54,11,21,0,55,90,35,70
54,12,4,0,40,105,35,70
54,13,36,0,40,100,35,85
54,14,7,1,45,100,35,85
54,15,24,0,40,100,35,85
54,16,17,1,10,100,50,85
54,17,38,0,0,110,50,85
54,18,26,0,-10,110,50,95
54,19,29,0,-30,110,55,95
54,20,27,0,-20,100,55,95
54,21,2,0,-30,100,75,95
54,22,17,0,-50,120,75,95
54,23,26,1,-40,120,70,95
54,24,14,0,-40,120,70,105
54,25,46,0,-50,120,70,120
54,26,38,1,-45,120,70,120
54,27,39,1,-40,120,70,120
54,28,12,0,-45,130,70,120
54,29,40,0,-45,140,60,120
54,30,15,0,-30,135,60,120
54,31,19,0,-30,135,60,120
54,32,10,1,-15,135,50,120
54,33,16,1,-15,135,40,120
54,34,3,1,-25,135,40,130
54,35,45,1,-25,145,40,130
54,36,9,1,-20,145,40,130
54,37,21,0,-30,145,60,130
54,38,5,1,-25,145,50,130
54,39,29,0,-45,145,55,130
54,40,37,0,-60,165,55,130
54,41,38,0,-70,175,55,130
54,42,7,0,-85,185,55,130
54,43,2,0,-95,185,75,130
54,44,6,0,-85,185,70,130
54,45,14,0,-85,185,70,140
54,46,25,0,-85,180,70,140
54,47,9,0,-95,180,70,145
54,48,42,1,-95,185,70,145
54,49,17,0,-115,205,70,145
54,50,2,1,-110,205,60,145
54,51,11,0,-115,205,60,145
54,52,24,0,-120,205,60,145
54,53,3,1,-130,205,60,155
54,54,16,1,-130,205,50,155
54,55,20,1,-130,215,35,155
54,56,30,0,-130,215,25,180
54,57,23,0,-140,215,25,190
54,58,38,1,-135,215,25,190
54,59,2,0,-145,215,45,190
54,60,45,0,-145,215,45,205
54,61,22,1,-145,220,35,205
54,62,21,0,-155,220,55,205
54,63,26,1,-145,220,50,205
54,64,9,0,-155,220,50,210
54,65,19,1,-155,220,50,210
54,66,1,0,-145,220,40,210
54,67,29,1,-145,240,20,210
54,68,4,1,-135,240,20,210
54,69,24,0,-140,240,20,210
54,70,9,1,-135,240,20,210
54,71,44,1,-130,240,20,210
54,72,28,1,-120,240,20,210
54,73,26,1,-110,240,15,210
54,74,29,1,-110,260,-5,210
54,75,17,1,-140,260,10,210
54,76,46,1,-135,260,10,210
54,77,14,0,-135,260,10,220
54,78,38,1,-130,260,10,220
54,79,41,0,-140,275,10,220
54,80,2,1,-135,275,0,220
54,81,16,1,-135,275,-10,220
54,82,37,1,-125,275,-10,220
54,83,45,0,-125,275,-10,235
54,84,15,1,-125,280,-10,235
54,85,42,1,-125,285,-10,235
54,86,48,0,-125,285,-10,265
54,87,9,0,-135,285,-10,270
54,88,12,0,-140,295,-10,270
54,89,38,0,-150,305,-10,270
54,90,5,1,-145,305,-20,270
54,91,25,1,-145,315,-20,270
54,92,26,1,-135,315,-25,270
54,93,14,1,-135,325,-25,270
54,94,46,1,-130,325,-25,270
54,95,36,0,-130,320,-25,285
54,96,18,1,-120,320,-25,285
54,97,25,0,-120,315,-25,285
54,98,44,0,-120,315,-15,295
54,99,28,0,-140,315,-15,310
55,0,43,0,70,50,40,50
55,1,28,0,50,50,40,65
55,2,18,1,60,50,40,65
55,3,26,0,50,50,40,75
55,4,38,1,55,50,40,75
55,5,43,0,75,50,30,75
55,6,44,1,80,50,30,75
55,7,25,1,80,60,30,75
55,8,22,0,70,60,40,75
55,9,14,1,70,70,40,75
55,10,15,1,70,75,40,75
55,11,18,0,40,75,40,105
55,12,38,0,30,85,40,105
55,13,25,0,30,80,40,105
55,14,7,0,15,90,40,105
55,15,26,0,5,90,40,115
55,16,2,0,-5,90,60,115
55,17,28,1,5,90,60,115
55,18,45,0,5,90,60,130
55,19,15,0,20,85,60,130
55,20,6,0,30,85,55,130
55,21,9,0,20,85,55,135
55,22,12,0,15,95,55,135
55,23,43,0,35,95,45,135
55,24,20,0,25,95,60,135
55,25,1,1,15,95,60,140
55,26,25,1,15,105,60,140
55,27,46,1,20,105,60,140
55,28,8,0,20,110,50,140
55,29,29,0,0,110,55,140
55,30,45,0,0,110,55,155
55,31,39,0,-10,125,55,155
55,32,27,0,0,115,55,155
55,33,11,0,-5,115,55,155
55,34,8,1,-20,115,55,165
55,35,13,0,-20,115,55,185
55,36,29,1,-20,135,35,185
55,37,26,0,-30,135,35,195
55,38,2,1,-25,135,25,195
55,39,41,0,-35,150,25,195
55,40,21,1,-30,150,15,195
55,41,27,1,-30,165,10,195
55,42,45,0,-30,165,10,210
55,43,4,0,-45,180,10,210
55,44,43,0,-25,180,0,210
55,45,22,1,-25,185,-10,210
55,46,8,0,-25,190,-20,210
55,47,5,0,-35,190,-15,210
55,48,47,1,-35,190,-15,210
55,49,6,0,-25,190,-20,210
55,50,57,0,-25,190,-20,235
55,51,3,0,-10,190,-25,235
55,52,1,0,0,190,-35,235
55,53,12,0,-5,200,-35,235
55,54,44,1,0,200,-35,235
55,55,36,0,0,195,-35,250
55,56,58,0,0,185,-35,250
55,57,16,1,0,185,-45,250
55,58,20,0,-10,185,-30,250
55,59,44,1,-5,185,-30,250
55,60,11,0,-10,185,-30,250
55,61,47,0,-10,185,-30,265
55,62,15,0,5,180,-30,265
55,63,48,0,5,180,-30,295
55,64,27,1,5,195,-35,295
55,65,18,1,15,195,-35,295
55,66,41,0,5,210,-35,295
55,67,47,1,5,210,-35,295
55,68,10,0,-5,220,-35,295
55,69,30,1,-5,220,-25,295
55,70,18,1,5,220,-25,295
55,71,5,1,10,220,-35,295
55,72,29,1,10,240,-55,295
55,73,28,0,-10,240,-55,310
55,74,43,1,-10,240,-50,305
55,75,36,0,-10,235,-50,320
55,76,31,0,-10,245,-60,320
55,77,13,1,-5,250,-60,320
55,78,4,0,-20,265,-60,320
55,79,59,1,-20,280,-60,320
55,80,24,0,-25,280,-60,320
55,81,20,0,-35,280,-45,320
55,82,22,0,-45,280,-35,320
55,83,23,0,-55,280,-35,330
55,84,2,0,-65,280,-15,330
55,85,27,1,-65,295,-20,330
55,86,44,1,-60,295,-20,330
55,87,29,0,-80,295,-15,330
55,88,38,0,-90,305,-15,330
55,89,11,1,-85,305,-15,330
55,90,48,0,-85,305,-15,360
55,91,25,1,-85,315,-15,360
55,92,43,0,-65,315,-25,360
55,93,46,1,-60,315,-25,360
55,94,20,0,-70,315,-10,360
55,95,2,0,-80,315,10,360
55,96,41,1,-75,305,10,360
55,97,24,0,-80,305,10,360
55,98,42,1,-80,310,10,360
55,99,26,1,-70,310,5,360
56,0,57,1,50,60,50,50
56,1,48,1,50,60,50,50
56,2,36,0,50,55,50,65
56,3,22,0,40,55,60,65
56,4,23,1,40,60,55,65
56,5,38,0,30,70,55,65
56,6,30,0,30,70,45,90
56,7,6,1,20,70,45,100
56,8,29,0,0,70,50,100
56,9,14,0,0,70,50,110
56,10,1,0,10,70,40,110
56,11,19,1,10,70,40,110
56,12,23,0,0,70,40,120
56,13,12,1,5,70,40,120
56,14,3,1,-5,70,40,130
56,15,2,0,-15,70,60,130
56,16,14,1,-15,80,60,130
56,17,11,1,-10,80,60,130
56,18,27,1,-10,95,55,130
56,19,26,0,-20,95,55,140
56,20,7,0,-35,105,55,140
56,21,15,0,-20,100,55,140
56,22,8,1,-35,100,55,150
56,23,30,0,-35,100,45,175
56,24,27,0,-25,90,45,175
56,25,37,1,-15,90,45,175
56,26,2,0,-25,90,65,175
56,27,47,0,-25,90,65,190
56,28,24,1,-20,90,65,190
56,29,49,0,-20,85,65,205
56,30,10,1,-5,85,55,205
56,31,14,0,-5,85,55,215
56,32,58,0,-5,75,55,215
56,33,6,0,5,75,50,215
56,34,25,1,5,85,50,215
56,35,9,0,-5,85,50,220
56,36,11,0,-10,85,50,220
56,37,10,1,5,85,40,220
56,38,1,0,15,85,30,220
56,39,20,1,15,95,15,220
56,40,12,1,20,95,15,220
56,41,23,1,20,100,10,220
56,42,45,1,20,110,10,220
56,43,40,0,20,120,0,220
56,44,21,1,25,120,-10,220
56,45,15,1,25,125,-10,220
56,46,28,0,5,125,-10,235
56,47,2,0,-5,125,10,235
56,48,38,0,-15,135,10,235
56,49,7,1,-10,135,10,235
56,50,36,1,-10,145,10,235
56,51,37,0,-25,165,10,235
56,52,41,1,-20,155,10,235
56,53,28,0,-40,155,10,250
56,54,23,0,-50,155,10,260
56,55,8,1,-65,155,10,270
56,56,3,0,-50,155,5,270
56,57,2,0,-60,155,25,270
56,58,13,0,-60,155,25,290
56,59,17,0,-80,175,25,290
56,60,18,0,-110,175,25,320
56,61,43,0,-90,175,15,320
56,62,37,1,-80,175,15,320
56,63,40,0,-80,185,5,320
56,64,14,1,-80,195,5,320
56,65,19,1,-80,195,5,320
56,66,50,0,-80,195,5,335
56,67,47,0,-80,195,5,350
56,68,4,1,-70,195,5,350
56,69,36,0,-70,190,5,365
56,70,13,1,-65,195,5,365
56,71,14,1,-65,205,5,365
56,72,20,1,-65,215,-10,365
56,73,5,1,-60,215,-20,365
56,74,4,0,-75,230,-20,365
56,75,46,0,-85,230,-20,380
56,76,23,0,-95,230,-20,390
56,77,43,1,-95,230,-15,385
56,78,15,1,-95,235,-15,385
56,79,39,1,-90,235,-15,385
56,80,36,1,-90,245,-15,385
56,81,14,0,-90,245,-15,395
56,82,19,0,-90,245,-15,395
56,83,31,1,-90,245,-5,395
56,84,13,1,-85,250,-5,395
56,85,25,0,-85,245,-5,395
56,86,12,0,-90,255,-5,395
56,87,38,0,-100,265,-5,395
56,88,8,0,-100,270,-15,395
56,89,20,0,-110,270,0,395
56,90,39,1,-105,270,0,395
56,91,59,1,-105,285,0,395
56,92,26,0,-115,285,0,405
56,93,10,0,-125,295,0,405
56,94,18,1,-115,295,0,405
56,95,44,1,-110,295,0,405
56,96,17,0,-130,315,0,405
56,97,15,1,-130,320,0,405
56,98,29,0,-150,320,5,405
56,99,25,0,-150,315,5,405
57,0,28,1,60,50,50,50
57,1,15,0,75,45,50,50
57,2,45,1,75,55,50,50
57,3,16,0,60,65,50,50
57,4,2,1,65,65,40,50
57,5,49,1,65,70,40,50
57,6,20,1,65,80,25,50
57,7,3,0,80,80,20,50
57,8,25,1,80,90,20,50
57,9,22,0,70,90,30,50
57,10,19,1,70,90,30,50
57,11,57,0,70,90,30,75
57,12,21,0,60,90,50,75
57,13,23,1,60,95,45,75
57,14,37,1,70,95,45,75
57,15,5,0,60,95,50,75
57,16,19,1,60,95,50,75
57,17,7,0,45,105,50,75
57,18,40,0,45,115,40,75
57,19,22,0,35,115,50,75
57,20,8,0,35,120,40,75
57,21,44,1,40,120,40,75
57,22,19,0,40,120,40,75
57,23,21,1,45,120,30,75
57,24,24,1,50,120,30,75
57,25,26,1,60,120,25,75
57,26,20,1,60,130,10,75
57,27,37,0,45,150,10,75
57,28,3,0,60,150,5,75
57,29,19,1,60,150,5,75
57,30,10,0,50,160,5,75
57,31,20,1,50,170,-10,75
57,32,41,0,40,185,-10,75
57,33,2,0,30,185,10,75
57,34,3,1,20,185,10,85
57,35,5,1,25,185,0,85
57,36,29,0,5,185,5,85
57,37,1,0,15,185,-5,85
57,38,47,1,15,185,-5,85
57,39,39,0,5,200,-5,85
57,40,17,1,-25,200,10,85
57,41,38,1,-20,200,10,85
57,42,16,1,-20,200,0,85
57,43,4,1,-10,200,0,85
57,44,29,0,-30,200,5,85
57,45,10,1,-15,200,-5,85
57,46,2,1,-10,200,-15,85
57,47,18,1,0,200,-15,85
57,48,47,0,0,200,-15,100
57,49,27,0,10,190,-15,100
57,50,40,0,10,200,-25,100
57,51,19,1,10,200,-25,100
57,52,26,0,0,200,-25,110
57,53,24,0,-5,200,-25,110
57,54,37,1,5,200,-25,110
57,55,3,1,-5,200,-25,120
57,56,4,1,5,200,-25,120
57,57,12,0,0,210,-25,120
57,58,25,0,0,205,-25,120
57,59,43,1,0,205,-20,115
57,60,15,1,0,210,-20,115
57,61,45,0,0,210,-20,130
57,62,22,1,0,215,-30,130
57,63,19,0,0,215,-30,130
57,64,37,0,-15,235,-30,130
57,65,16,1,-15,235,-40,130
57,66,47,1,-15,235,-40,130
57,67,26,1,-5,235,-45,130
57,68,24,0,-10,235,-45,130
57,69,6,0,0,235,-50,130
57,70,7,0,-15,245,-50,130
57,71,27,0,-5,235,-50,130
57,72,42,0,-20,235,-50,145
57,73,5,1,-15,235,-60,145
57,74,8,0,-15,240,-70,145
57,75,36,0,-15,235,-70,160
57,76,30,1,-15,235,-60,160
57,77,38,1,-10,235,-60,160
57,78,10,0,-20,245,-60,160
57,79,44,0,-20,245,-50,170
57,80,17,0,-40,265,-50,170
57,81,9,1,-35,265,-50,170
57,82,25,1,-35,275,-50,170
57,83,11,1,-30,275,-50,170
57,84,29,1,-30,295,-70,170
57,85,13,0,-30,295,-70,190
57,86,9,1,-25,295,-70,190
57,87,3,1,-35,295,-70,200
57,88,41,0,-45,310,-70,200
57,89,1,1,-55,310,-70,205
57,90,24,1,-50,310,-70,205
57,91,13,0,-50,310,-70,225
57,92,25,1,-50,320,-70,225
57,93,3,1,-60,320,-70,235
57,94,36,1,-60,330,-70,235
57,95,19,1,-60,330,-70,235
57,96,26,1,-50,330,-75,235
57,97,58,0,-50,320,-75,235
57,98,45,1,-50,330,-75,235
57,99,11,0,-55,330,-75,235
58,0,17,0,30,70,50,50
58,1,43,1,30,70,55,45
58,2,37,0,15,90,55,45
58,3,15,1,15,95,55,45
58,4,42,1,15,100,55,45
58,5,28,1,25,100,55,45
58,6,48,1,25,100,55,45
58,7,39,1,30,100,55,45
58,8,29,0,10,100,60,45
58,9,8,1,-5,100,60,55
58,10,9,1,0,100,60,55
58,11,22,0,-10,100,70,55
58,12,4,1,0,100,70,55
58,13,39,1,5,100,70,55
58,14,43,0,25,100,60,55
58,15,27,0,35,90,60,55
58,16,21,0,25,90,80,55
58,17,4,0,10,105,80,55
58,18,3,1,0,105,80,65
58,19,42,0,-15,105,80,80
58,20,46,1,-10,105,80,80
58,21,25,0,-10,100,80,80
58,22,47,1,-10,100,80,80
58,23,24,1,-5,100,80,80
58,24,5,0,-15,100,85,80
58,25,19,0,-15,100,85,80
58,26,30,0,-15,100,75,105
58,27,41,1,-10,90,75,105
58,28,49,0,-10,85,75,120
58,29,7,0,-25,95,75,120
58,30,44,0,-25,95,85,130
58,31,17,1,-55,95,100,130
58,32,40,0,-55,105,90,130
58,33,9,1,-50,105,90,130
58,34,15,1,-50,110,90,130
58,35,19,1,-50,110,90,130
58,36,4,0,-65,125,90,130
58,37,36,0,-65,120,90,145
58,38,22,0,-75,120,100,145
58,39,15,1,-75,125,100,145
58,40,38,0,-85,135,100,145
58,41,41,0,-95,150,100,145
58,42,47,0,-95,150,100,160
58,43,21,1,-90,150,90,160
58,44,26,1,-80,150,85,160
58,45,24,1,-75,150,85,160
58,46,57,0,-75,150,85,185
58,47,40,1,-75,140,95,185
58,48,7,0,-90,150,95,185
58,49,8,0,-90,155,85,185
58,50,43,1,-90,155,90,180
58,51,5,0,-100,155,95,180
58,52,23,1,-100,160,90,180
58,53,27,0,-90,150,90,180
58,54,25,0,-90,145,90,180
58,55,12,0,-95,155,90,180
58,56,10,0,-105,165,90,180
58,57,58,1,-105,175,90,180
58,58,50,1,-105,185,90,180
58,59,59,1,-105,200,90,180
58,60,43,1,-105,200,95,175
58,61,8,1,-120,200,95,185
58,62,17,1,-150,200,110,185
58,63,24,1,-145,200,110,185
58,64,7,0,-160,210,110,185
58,65,13,1,-155,215,110,185
58,66,46,1,-150,215,110,185
58,67,6,0,-140,215,105,185
58,68,26,1,-130,215,100,185
58,69,39,1,-125,215,100,185
58,70,43,1,-125,215,105,180
58,71,22,1,-125,220,95,180
58,72,40,0,-125,230,85,180
58,73,7,0,-140,240,85,180
58,74,15,1,-140,245,85,180
58,75,41,0,-150,260,85,180
58,76,39,0,-160,275,85,180
58,77,17,1,-190,275,100,180
58,78,5,1,-185,275,90,180
58,79,30,0,-185,275,80,205
58,80,38,0,-195,285,80,205
58,81,20,1,-195,295,65,205
58,82,15,1,-195,300,65,205
58,83,27,1,-195,315,60,205
58,84,21,1,-190,315,50,205
58,85,51,1,-190,325,50,205
58,86,2,1,-185,325,40,205
58,87,4,0,-200,340,40,205
58,88,13,0,-200,340,40,225
58,89,23,0,-210,340,40,235
58,90,41,0,-220,355,40,235
58,91,11,1,-215,355,40,235
58,92,30,0,-215,355,30,260
58,93,38,0,-225,365,30,260
58,94,19,0,-225,365,30,260
58,95,20,1,-225,375,15,260
58,96,39,0,-235,390,15,260
58,97,3,0,-220,390,10,260
58,98,28,0,-240,390,10,275
58,99,24,0,-245,390,10,275
59,0,12,0,45,60,50,50
59,1,17,1,15,60,65,50
59,2,10,1,30,60,55,50
59,3,4,1,40,60,55,50
59,4,9,0,30,60,55,55
59,5,2,0,20,60,75,55
59,6,8,1,5,60,75,65
59,7,40,0,5,70,65,65
59,8,17,1,-25,70,80,65
59,9,39,0,-35,85,80,65
59,10,41,1,-30,75,80,65
59,11,18,0,-60,75,80,95
59,12,5,1,-55,75,70,95
59,13,16,0,-70,85,70,95
59,14,2,1,-65,85,60,95
59,15,27,0,-55,75,60,95
59,16,42,0,-70,75,60,110
59,17,17,1,-100,75,75,110
59,18,47,1,-100,75,75,110
59,19,5,1,-95,75,65,110
59,20,16,1,-95,75,55,110
59,21,15,1,-95,80,55,110
59,22,49,0,-95,75,55,125
59,23,47,1,-95,75,55,125
59,24,3,0,-80,75,50,125
59,25,45,0,-80,75,50,140
59,26,4,0,-95,90,50,140
59,27,36,0,-95,85,50,155
59,28,6,1,-105,85,50,165
59,29,47,1,-105,85,50,165
59,30,41,1,-100,75,50,165
59,31,28,0,-120,75,50,180
59,32,27,1,-120,90,45,180
59,33,7,1,-115,90,45,180
59,34,2,0,-125,90,65,180
59,35,38,0,-135,100,65,180
59,36,46,1,-130,100,65,180
59,37,45,1,-130,110,65,180
59,38,6,1,-140,110,65,190
59,39,48,1,-140,110,65,190
59,40,8,1,-155,110,65,200
59,41,37,0,-170,130,65,200
59,42,57,1,-170,140,65,200
59,43,30,1,-170,140,75,200
59,44,13,1,-165,145,75,200
59,45,36,1,-165,155,75,200
59,46,43,1,-165,155,80,195
59,47,10,0,-175,165,80,195
59,48,28,1,-165,165,80,195
59,49,29,1,-165,185,60,195
59,50,22,1,-165,190,50,195
59,51,48,0,-165,190,50,225
59,52,20,0,-175,190,65,225
59,53,38,1,-170,190,65,225
59,54,9,1,-165,190,65,225
59,55,17,0,-185,210,65,225
59,56,25,0,-185,205,65,225
59,57,43,1,-185,205,70,220
59,58,5,1,-180,205,60,220
59,59,50,1,-180,215,60,220
59,60,30,1,-180,215,70,220
59,61,28,0,-200,215,70,235
59,62,58,0,-200,205,70,235
59,63,9,1,-195,205,70,235
59,64,47,0,-195,205,70,250
59,65,39,0,-205,220,70,250
59,66,8,0,-205,225,60,250
59,67,23,0,-215,225,60,260
59,68,13,0,-215,225,60,280
59,69,42,0,-230,225,60,295
59,70,36,1,-230,235,60,295
59,71,39,0,-240,250,60,295
59,72,45,1,-240,260,60,295
59,73,14,0,-240,260,60,305
59,74,44,0,-240,260,70,315
59,75,7,1,-235,260,70,315
59,76,47,1,-235,260,70,315
59,77,16,0,-250,270,70,315
59,78,6,1,-260,270,70,325
59,79,19,1,-260,270,70,325
59,80,27,1,-260,285,65,325
59,81,10,0,-270,295,65,325
59,82,11,1,-265,295,65,325
59,83,23,1,-265,300,60,325
59,84,14,0,-265,300,60,335
59,85,37,0,-280,320,60,335
59,86,3,1,-290,320,60,345
59,87,19,0,-290,320,60,345
59,88,43,0,-270,320,50,345
59,89,45,0,-270,320,50,360
59,90,29,0,-290,320,55,360
59,91,26,1,-280,320,50,360
59,92,6,1,-290,320,50,370
59,93,15,0,-275,315,50,370
59,94,59,0,-275,315,40,390
59,95,48,0,-275,315,40,420
59,96,44,0,-275,315,50,430
59,97,23,0,-285,315,50,440
59,98,17,1,-315,315,65,440
59,99,2,0,-325,315,85,440
60,0,28,1,60,50,50,50
60,1,36,0,60,45,50,65
60,2,42,0,45,45,50,80
60,3,19,1,45,45,50,80
60,4,4,0,30,60,50,80
60,5,41,1,35,50,50,80
60,6,3,0,50,50,45,80
60,7,20,0,40,50,60,80
60,8,17,0,20,70,60,80
60,9,49,0,20,65,60,95
60,10,12,0,15,75,60,95
60,11,57,0,15,75,60,120
60,12,24,0,10,75,60,120
60,13,1,1,0,75,60,125
60,14,44,1,5,75,60,125
60,15,25,0,5,70,60,125
60,16,27,0,15,60,60,125
60,17,46,0,5,60,60,140
60,18,18,1,15,60,60,140
60,19,7,0,0,70,60,140
60,20,41,0,-10,85,60,140
60,21,37,1,0,85,60,140
60,22,22,0,-10,85,70,140
60,23,50,0,-10,85,70,155
60,24,36,0,-10,80,70,170
60,25,27,1,-10,95,65,170
60,26,26,1,0,95,60,170
60,27,30,1,0,95,70,170
60,28,22,1,0,100,60,170
60,29,14,0,0,100,60,180
60,30,58,1,0,110,60,180
60,31,20,0,-10,110,75,180
60,32,59,1,-10,125,75,180
60,33,18,1,0,125,75,180
60,34,40,1,0,115,85,180
60,35,10,1,15,115,75,180
60,36,22,1,15,120,65,180
60,37,7,1,20,120,65,180
60,38,1,1,10,120,65,185
60,39,26,0,0,120,65,195
60,40,4,1,10,120,65,195
60,41,45,0,10,120,65,210
60,42,8,0,10,125,55,210
60,43,5,0,0,125,60,210
60,44,1,0,10,125,50,210
60,45,27,0,20,115,50,210
60,46,48,0,20,115,50,240
60,47,6,0,30,115,45,240
60,48,4,1,40,115,45,240
60,49,60,1,40,125,45,240
60,50,27,1,40,140,40,240
60,51,25,1,40,150,40,240
60,52,46,1,45,150,40,240
60,53,18,1,55,150,40,240
60,54,37,0,40,170,40,240
60,55,23,0,30,170,40,250
60,56,38,0,20,180,40,250
60,57,13,1,25,185,40,250
60,58,18,1,35,185,40,250
60,59,45,1,35,195,40,250
60,60,26,0,25,195,40,260
60,61,61,1,25,210,40,260
60,62,4,1,35,210,40,260
60,63,28,0,15,210,40,275
60,64,19,1,15,210,40,275
60,65,13,0,15,210,40,295
60,66,48,0,15,210,40,325
60,67,14,1,15,220,40,325
60,68,17,0,-5,240,40,325
60,69,62,1,-35,270,40,325
60,70,28,1,-25,270,40,325
60,71,2,1,-20,270,30,325
60,72,22,1,-20,275,20,325
60,73,38,1,-15,275,20,325
60,74,31,0,-15,285,10,325
60,75,23,1,-15,290,5,325
60,76,27,1,-15,305,0,325
60,77,48,1,-15,305,0,325
60,78,36,0,-15,300,0,340
60,79,40,0,-15,310,-10,340
60,80,41,1,-10,300,-10,340
60,81,15,0,5,295,-10,340
60,82,44,0,5,295,0,350
60,83,20,0,-5,295,15,350
60,84,9,1,0,295,15,350
60,85,42,0,-15,295,15,365
60,86,48,0,-15,295,15,395
60,87,43,0,5,295,5,395
60,88,12,0,0,305,5,395
60,89,16,0,-15,315,5,395
60,90,26,0,-25,315,5,405
60,91,47,1,-25,315,5,405
60,92,6,0,-15,315,0,405
60,93,42,1,-15,320,0,405
60,94,21,1,-10,320,-10,405
60,95,16,1,-10,320,-20,405
60,96,4,0,-25,335,-20,405
60,97,2,1,-20,335,-30,405
60,98,17,0,-40,355,-30,405
60,99,22,1,-40,360,-40,405
61,0,22,0,40,50,60,50
61,1,45,0,40,50,60,65
61,2,48,0,40,50,60,95
61,3,38,0,30,60,60,95
61,4,12,1,35,60,60,95
61,5,1,0,45,60,50,95
61,6,7,1,50,60,50,95
61,7,43,0,70,60,40,95
61,8,44,0,70,60,50,105
61,9,5,1,75,60,40,105
61,10,37,1,85,60,40,105
61,11,4,1,95,60,40,105
61,12,57,1,95,70,40,105
61,13,25,1,95,80,40,105
61,14,48,0,95,80,40,135
61,15,36,0,95,75,40,150
61,16,30,1,95,75,50,150
61,17,2,0,85,75,70,150
61,18,25,0,85,70,70,150
61,19,13,1,90,75,70,150
61,20,29,1,90,95,50,150
61,21,37,0,75,115,50,150
61,22,7,1,80,115,50,150
61,23,39,0,70,130,50,150
61,24,47,0,70,130,50,165
61,25,45,0,70,130,50,180
61,26,40,0,70,140,40,180
61,27,6,0,80,140,35,180
61,28,41,1,85,130,35,180
61,29,2,0,75,130,55,180
61,30,37,0,60,150,55,180
61,31,19,1,60,150,55,180
61,32,5,1,65,150,45,180
61,33,41,1,70,140,45,180
61,34,10,0,60,150,45,180
61,35,36,0,60,145,45,195
61,36,7,1,65,145,45,195
61,37,16,1,65,145,35,195
61,38,26,1,75,145,30,195
61,39,1,1,65,145,30,200
61,40,8,0,65,150,20,200
61,41,24,0,60,150,20,200
61,42,25,0,60,145,20,200
61,43,6,0,70,145,15,200
61,44,16,1,70,145,5,200
61,45,36,1,70,155,5,200
61,46,37,1,80,155,5,200
61,47,41,1,85,145,5,200
61,48,14,1,85,155,5,200
61,49,2,0,75,155,25,200
61,50,16,1,75,155,15,200
61,51,7,0,60,165,15,200
61,52,38,1,65,165,15,200
61,53,12,1,70,165,15,200
61,54,39,0,60,180,15,200
61,55,44,1,65,180,15,200
61,56,4,0,50,195,15,200
61,57,10,1,65,195,5,200
61,58,11,1,70,195,5,200
61,59,25,0,70,190,5,200
61,60,12,1,75,190,5,200
61,61,26,1,85,190,0,200
61,62,48,0,85,190,0,230
61,63,9,0,75,190,0,235
61,64,58,1,75,200,0,235
61,65,6,1,65,200,0,245
61,66,37,1,75,200,0,245
61,67,19,0,75,200,0,245
61,68,48,0,75,200,0,275
61,69,21,0,65,200,20,275
61,70,26,0,55,200,20,285
61,71,4,1,65,200,20,285
61,72,38,0,55,210,20,285
61,73,37,1,65,210,20,285
61,74,9,0,55,210,20,290
61,75,28,1,65,210,20,290
61,76,13,0,65,210,20,310
61,77,47,1,65,210,20,310
61,78,19,0,65,210,20,310
61,79,27,0,75,200,20,310
61,80,9,1,80,200,20,310
61,81,44,1,85,200,20,310
61,82,13,1,90,205,20,310
61,83,8,0,90,210,10,310
61,84,5,1,95,210,0,310
61,85,7,0,80,220,0,310
61,86,47,1,80,220,0,310
61,87,14,1,80,230,0,310
61,88,46,1,85,230,0,310
61,89,26,1,95,230,-5,310
61,90,18,1,105,230,-5,310
61,91,38,1,110,230,-5,310
61,92,45,1,110,240,-5,310
61,93,3,1,100,240,-5,320
61,94,31,0,100,250,-15,320
61,95,29,0,80,250,-10,320
61,96,59,1,80,265,-10,320
61,97,41,1,85,255,-10,320
61,98,40,1,85,245,0,320
61,99,47,0,85,245,0,335
62,0,18,1,60,50,50,50
62,1,42,0,45,50,50,65
62,2,14,0,45,50,50,75
62,3,41,1,50,40,50,75
62,4,30,0,50,40,40,100
62,5,17,1,20,40,55,100
62,6,44,1,25,40,55,100
62,7,27,1,25,55,50,100
62,8,19,0,25,55,50,100
62,9,28,1,35,55,50,100
62,10,10,1,50,55,40,100
62,11,49,0,50,50,40,115
62,12,37,1,60,50,40,115
62,13,18,1,70,50,40,115
62,14,20,0,60,50,55,115
62,15,2,0,50,50,75,115
62,16,16,0,35,60,75,115
62,17,48,1,35,60,75,115
62,18,36,0,35,55,75,130
62,19,30,1,35,55,85,130
62,20,3,0,50,55,80,130
62,21,20,0,40,55,95,130
62,22,23,0,30,55,95,140
62,23,42,1,30,60,95,140
62,24,37,0,15,80,95,140
62,25,45,1,15,90,95,140
62,26,48,1,15,90,95,140
62,27,28,1,25,90,95,140
62,28,46,0,15,90,95,155
62,29,9,0,5,90,95,160
62,30,43,1,5,90,100,155
62,31,2,1,10,90,90,155
62,32,13,0,10,90,90,175
62,33,19,0,10,90,90,175
62,34,37,1,20,90,90,175
62,35,57,1,20,100,90,175
62,36,20,0,10,100,105,175
62,37,16,1,10,100,95,175
62,38,4,0,-5,115,95,175
62,39,44,1,0,115,95,175
62,40,11,0,-5,115,95,175
62,41,36,1,-5,125,95,175
62,42,42,1,-5,130,95,175
62,43,12,1,0,130,95,175
62,44,15,1,0,135,95,175
62,45,5,1,5,135,85,175
62,46,7,1,10,135,85,175
62,47,24,0,5,135,85,175
62,48,3,1,-5,135,85,185
62,49,45,1,-5,145,85,185
62,50,16,0,-20,155,85,185
62,51,46,1,-15,155,85,185
62,52,40,0,-15,165,75,185
62,53,15,0,0,160,75,185
62,54,8,1,-15,160,75,195
62,55,58,1,-15,170,75,195
62,56,20,0,-25,170,90,195
62,57,1,0,-15,170,80,195
62,58,5,1,-10,170,70,195
62,59,23,0,-20,170,70,205
62,60,17,1,-50,170,85,205
62,61,21,1,-45,170,75,205
62,62,36,1,-45,180,75,205
62,63,43,1,-45,180,80,200
62,64,12,0,-50,190,80,200
62,65,14,0,-50,190,80,210
62,66,25,0,-50,185,80,210
62,67,27,0,-40,175,80,210
62,68,3,0,-25,175,75,210
62,69,22,0,-35,175,85,210
62,70,12,0,-40,185,85,210
62,71,45,1,-40,195,85,210
62,72,8,1,-55,195,85,220
62,73,27,1,-55,210,80,220
62,74,30,0,-55,210,70,245
62,75,59,1,-55,225,70,245
62,76,17,0,-75,245,70,245
62,77,10,0,-85,255,70,245
62,78,36,1,-85,265,70,245
62,79,14,1,-85,275,70,245
62,80,39,1,-80,275,70,245
62,81,42,1,-80,280,70,245
62,82,50,1,-80,290,70,245
62,83,26,0,-90,290,70,255
62,84,41,0,-100,305,70,255
62,85,24,0,-105,305,70,255
62,86,48,1,-105,305,70,255
62,87,10,1,-90,305,60,255
62,88,37,1,-80,305,60,255
62,89,30,0,-80,305,50,280
62,90,18,0,-110,305,50,310
62,91,39,1,-105,305,50,310
62,92,12,0,-110,315,50,310
62,93,3,1,-120,315,50,320
62,94,36,1,-120,325,50,320
62,95,45,0,-120,325,50,335
62,96,29,1,-120,345,30,335
62,97,27,1,-120,360,25,335
62,98,39,1,-115,360,25,335
62,99,6,0,-105,360,20,335
63,0,39,1,55,50,50,50
63,1,42,1,55,55,50,50
63,2,25,1,55,65,50,50
63,3,26,0,45,65,50,60
63,4,30,0,45,65,40,85
63,5,10,0,35,75,40,85
63,6,49,0,35,70,40,100
63,7,4,1,45,70,40,100
63,8,42,1,45,75,40,100
63,9,11,0,40,75,40,100
63,10,48,1,40,75,40,100
63,11,18,1,50,75,40,100
63,12,41,0,40,90,40,100
63,13,6,1,30,90,40,110
63,14,8,0,30,95,30,110
63,15,27,0,40,85,30,110
63,16,9,0,30,85,30,115
63,17,29,0,10,85,35,115
63,18,45,1,10,95,35,115
63,19,8,0,10,100,25,115
63,20,47,1,10,100,25,115
63,21,15,0,25,95,25,115
63,22,43,0,45,95,15,115
63,23,7,0,30,105,15,115
63,24,50,1,30,115,15,115
63,25,21,0,20,115,35,115
63,26,30,1,20,115,45,115
63,27,28,0,0,115,45,130
63,28,42,0,-15,115,45,145
63,29,31,0,-15,125,35,145
63,30,19,1,-15,125,35,145
63,31,44,0,-15,125,45,155
63,32,45,1,-15,135,45,155
63,33,16,1,-15,135,35,155
63,34,11,0,-20,135,35,155
63,35,36,0,-20,130,35,170
63,36,19,1,-20,130,35,170
63,37,14,1,-20,140,35,170
63,38,8,1,-35,140,35,180
63,39,4,1,-25,140,35,180
63,40,12,0,-30,150,35,180
63,41,46,1,-25,150,35,180
63,42,28,0,-45,150,35,195
63,43,26,1,-35,150,30,195
63,44,36,1,-35,160,30,195
63,45,42,0,-50,160,30,210
63,46,46,1,-45,160,30,210
63,47,13,1,-40,165,30,210
63,48,16,1,-40,165,20,210
63,49,40,1,-40,155,30,210
63,50,15,1,-40,160,30,210
63,51,42,1,-40,165,30,210
63,52,20,0,-50,165,45,210
63,53,2,0,-60,165,65,210
63,54,17,1,-90,165,80,210
63,55,28,1,-80,165,80,210
63,56,19,0,-80,165,80,210
63,57,43,0,-60,165,70,210
63,58,15,1,-60,170,70,210
63,59,46,0,-70,170,70,225
63,60,45,1,-70,180,70,225
63,61,5,0,-80,180,75,225
63,62,32,1,-80,170,90,225
63,63,30,1,-80,170,100,225
63,64,20,1,-80,180,85,225
63,65,41,0,-90,195,85,225
63,66,26,1,-80,195,80,225
63,67,17,1,-110,195,95,225
63,68,25,1,-110,205,95,225
63,69,45,1,-110,215,95,225
63,70,30,0,-110,215,85,250
63,71,11,0,-115,215,85,250
63,72,24,1,-110,215,85,250
63,73,46,1,-105,215,85,250
63,74,47,1,-105,215,85,250
63,75,51,0,-105,200,85,270
63,76,20,0,-115,200,100,270
63,77,9,1,-110,200,100,270
63,78,19,1,-110,200,100,270
63,79,46,1,-105,200,100,270
63,80,27,1,-105,215,95,270
63,81,33,0,-75,215,95,270
63,82,30,0,-75,215,85,295
63,83,48,0,-75,215,85,325
63,84,6,1,-85,215,85,335
63,85,17,0,-105,235,85,335
63,86,21,1,-100,235,75,335
63,87,38,0,-110,245,75,335
63,88,41,0,-120,260,75,335
63,89,19,1,-120,260,75,335
63,90,30,0,-120,260,65,360
63,91,13,0,-120,260,65,380
63,92,12,0,-125,270,65,380
63,93,16,0,-140,280,65,380
63,94,17,0,-160,300,65,380
63,95,2,0,-170,300,85,380
63,96,8,0,-170,305,75,380
63,97,29,1,-170,325,55,380
63,98,40,1,-170,315,65,380
63,99,24,0,-175,315,65,380
64,0,18,1,60,50,50,50
64,1,23,1,60,55,45,50
64,2,7,0,45,65,45,50
64,3,57,1,45,75,45,50
64,4,10,1,60,75,35,50
64,5,4,1,70,75,35,50
64,6,5,0,60,75,40,50
64,7,23,1,60,80,35,50
64,8,8,0,60,85,25,50
64,9,26,0,50,85,25,60
64,10,29,0,30,85,30,60
64,11,27,0,40,75,30,60
64,12,41,0,30,90,30,60
64,13,46,1,35,90,30,60
64,14,7,1,40,90,30,60
64,15,39,0,30,105,30,60
64,16,11,1,35,105,30,60
64,17,9,1,40,105,30,60
64,18,29,1,40,125,10,60
64,19,26,1,50,125,5,60
64,20,1,1,40,125,5,65
64,21,39,0,30,140,5,65
64,22,10,1,45,140,-5,65
64,23,27,0,55,130,-5,65
64,24,24,0,50,130,-5,65
64,25,8,1,35,130,-5,75
64,26,31,1,35,130,5,75
64,27,39,0,25,145,5,75
64,28,20,1,25,155,-10,75
64,29,19,0,25,155,-10,75
64,30,41,0,15,170,-10,75
64,31,3,1,5,170,-10,85
64,32,29,0,-15,170,-5,85
64,33,2,0,-25,170,15,85
64,34,10,1,-10,170,5,85
64,35,48,1,-10,170,5,85
64,36,28,0,-30,170,5,100
64,37,46,0,-40,170,5,115
64,38,58,0,-40,160,5,115
64,39,30,0,-40,160,-5,140
64,40,44,0,-40,160,5,150
64,41,9,1,-35,160,5,150
64,42,38,0,-45,170,5,150
64,43,27,0,-35,160,5,150
64,44,14,0,-35,160,5,160
64,45,26,1,-25,160,0,160
64,46,41,1,-20,150,0,160
64,47,38,0,-30,160,0,160
64,48,37,1,-20,160,0,160
64,49,16,0,-35,170,0,160
64,50,9,0,-45,170,0,165
64,51,48,0,-45,170,0,195
64,52,1,1,-55,170,0,200
64,53,59,1,-55,185,0,200
64,54,27,1,-55,200,-5,200
64,55,40,1,-55,190,5,200
64,56,14,0,-55,190,5,210
64,57,12,1,-50,190,5,210
64,58,18,0,-80,190,5,240
64,59,44,1,-75,190,5,240
64,60,8,0,-75,195,-5,240
64,61,16,0,-90,205,-5,240
64,62,41,1,-85,195,-5,240
64,63,4,0,-100,210,-5,240
64,64,7,1,-95,210,-5,240
64,65,15,1,-95,215,-5,240
64,66,43,0,-75,215,-15,240
64,67,1,0,-65,215,-25,240
64,68,48,1,-65,215,-25,240
64,69,46,0,-75,215,-25,255
64,70,14,0,-75,215,-25,265
64,71,20,1,-75,225,-40,265
64,72,1,0,-65,225,-50,265
64,73,28,0,-85,225,-50,280
64,74,7,0,-100,235,-50,280
64,75,6,0,-90,235,-55,280
64,76,32,0,-90,255,-70,280
64,77,37,1,-80,255,-70,280
64,78,22,1,-80,260,-80,280
64,79,17,1,-110,260,-65,280
64,80,5,0,-120,260,-60,280
64,81,23,0,-130,260,-60,290
64,82,19,0,-130,260,-60,290
64,83,46,0,-140,260,-60,305
64,84,12,1,-135,260,-60,305
64,85,4,0,-150,275,-60,305
64,86,37,1,-140,275,-60,305
64,87,43,0,-120,275,-70,305
64,88,23,0,-130,275,-70,315
64,89,47,0,-130,275,-70,330
64,90,33,1,-130,290,-70,330
64,91,9,1,-125,290,-70,330
64,92,10,1,-110,290,-80,330
64,93,24,1,-105,290,-80,330
64,94,5,0,-115,290,-75,330
64,95,47,0,-115,290,-75,345
64,96,21,0,-125,290,-55,345
64,97,42,1,-125,295,-55,345
64,98,48,1,-125,295,-55,345
64,99,36,0,-125,290,-55,360
65,0,14,1,50,60,50,50
65,1,57,0,50,60,50,75
65,2,11,0,45,60,50,75
65,3,5,1,50,60,40,75
65,4,30,1,50,60,50,75
65,5,41,0,40,75,50,75
65,6,31,0,40,85,40,75
65,7,24,1,45,85,40,75
65,8,48,1,45,85,40,75
65,9,5,1,50,85,30,75
65,10,6,1,40,85,30,85
65,11,25,0,40,80,30,85
65,12,10,0,30,90,30,85
65,13,11,1,35,90,30,85
65,14,39,1,40,90,30,85
65,15,9,0,30,90,30,90
65,16,46,0,20,90,30,105
65,17,17,0,0,110,30,105
65,18,36,1,0,120,30,105
65,19,30,1,0,120,40,105
65,20,45,1,0,130,40,105
65,21,5,0,-10,130,45,105
65,22,43,1,-10,130,50,100
65,23,9,1,-5,130,50,100
65,24,18,0,-35,130,50,130
65,25,42,1,-35,135,50,130
65,26,1,1,-45,135,50,135
65,27,2,0,-55,135,70,135
65,28,26,0,-65,135,70,145
65,29,45,0,-65,135,70,160
65,30,4,0,-80,150,70,160
65,31,38,1,-75,150,70,160
65,32,21,0,-85,150,90,160
65,33,37,1,-75,150,90,160
65,34,40,0,-75,160,80,160
65,35,15,0,-60,155,80,160
65,36,3,0,-45,155,75,160
65,37,27,0,-35,145,75,160
65,38,18,1,-25,145,75,160
65,39,40,0,-25,155,65,160
65,40,6,0,-15,155,60,160
65,41,46,1,-10,155,60,160
65,42,32,0,-10,175,45,160
65,43,36,0,-10,170,45,175
65,44,14,1,-10,180,45,175
65,45,5,0,-20,180,50,175
65,46,33,0,10,180,50,175
65,47,18,1,20,180,50,175
65,48,24,1,25,180,50,175
65,49,43,1,25,180,55,170
65,50,22,1,25,185,45,170
65,51,2,0,15,185,65,170
65,52,29,1,15,205,45,170
65,53,18,1,25,205,45,170
65,54,58,1,25,215,45,170
65,55,59,1,25,230,45,170
65,56,43,0,45,230,35,170
65,57,39,0,35,245,35,170
65,58,22,1,35,250,25,170
65,59,16,0,20,260,25,170
65,60,40,0,20,270,15,170
65,61,5,0,10,270,20,170
65,62,47,1,10,270,20,170
65,63,41,1,15,260,20,170
65,64,29,0,-5,260,25,170
65,65,40,1,-5,250,35,170
65,66,46,1,0,250,35,170
65,67,20,0,-10,250,50,170
65,68,27,1,-10,265,45,170
65,69,45,1,-10,275,45,170
65,70,29,1,-10,295,25,170
65,71,19,1,-10,295,25,170
65,72,18,1,0,295,25,170
65,73,41,0,-10,310,25,170
65,74,17,1,-40,310,40,170
65,75,27,1,-40,325,35,170
65,76,24,0,-45,325,35,170
65,77,48,1,-45,325,35,170
65,78,8,1,-60,325,35,180
65,79,29,1,-60,345,15,180
65,80,37,0,-75,365,15,180
65,81,43,0,-55,365,5,180
65,82,24,0,-60,365,5,180
65,83,12,0,-65,375,5,180
65,84,6,1,-75,375,5,190
65,85,11,1,-70,375,5,190
65,86,17,1,-100,375,20,190
65,87,42,0,-115,375,20,205
65,88,28,1,-105,375,20,205
65,89,6,0,-95,375,15,205
65,90,21,1,-90,375,5,205
65,91,5,1,-85,375,-5,205
65,92,1,1,-95,375,-5,210
65,93,25,1,-95,385,-5,210
65,94,4,1,-85,385,-5,210
65,95,19,1,-85,385,-5,210
65,96,37,0,-100,405,-5,210
65,97,8,1,-115,405,-5,220
65,98,39,0,-125,420,-5,220
65,99,16,0,-140,430,-5,220
66,0,2,1,55,50,40,50
66,1,43,0,75,50,30,50
66,2,4,1,85,50,30,50
66,3,6,0,95,50,25,50
66,4,21,0,85,50,45,50
66,5,18,0,55,50,45,80
66,6,39,0,45,65,45,80
66,7,17,1,15,65,60,80
66,8,8,1,0,65,60,90
66,9,47,1,0,65,60,90
66,10,10,0,-10,75,60,90
66,11,48,1,-10,75,60,90
66,12,6,1,-20,75,60,100
66,13,36,0,-20,70,60,115
66,14,16,0,-35,80,60,115
66,15,14,1,-35,90,60,115
66,16,2,0,-45,90,80,115
66,17,41,1,-40,80,80,115
66,18,12,1,-35,80,80,115
66,19,10,1,-20,80,70,115
66,20,43,1,-20,80,75,110
66,21,31,0,-20,90,65,110
66,22,15,0,-5,85,65,110
66,23,21,1,0,85,55,110
66,24,29,1,0,105,35,110
66,25,46,0,-10,105,35,125
66,26,27,0,0,95,35,125
66,27,9,1,5,95,35,125
66,28,38,1,10,95,35,125
66,29,42,1,10,100,35,125
66,30,13,0,10,100,35,145
66,31,5,1,15,100,25,145
66,32,2,1,20,100,15,145
66,33,9,0,10,100,15,150
66,34,17,1,-20,100,30,150
66,35,41,1,-15,90,30,150
66,36,22,0,-25,90,40,150
66,37,37,1,-15,90,40,150
66,38,1,0,-5,90,30,150
66,39,30,1,-5,90,40,150
66,40,20,0,-15,90,55,150
66,41,19,1,-15,90,55,150
66,42,27,1,-15,105,50,150
66,43,22,0,-25,105,60,150
66,44,6,0,-15,105,55,150
66,45,18,1,-5,105,55,150
66,46,32,1,-5,95,70,150
66,47,44,0,-5,95,80,160
66,48,11,0,-10,95,80,160
66,49,1,1,-20,95,80,165
66,50,9,1,-15,95,80,165
66,51,41,1,-10,85,80,165
66,52,21,1,-5,85,70,165
66,53,27,1,-5,100,65,165
66,54,6,1,-15,100,65,175
66,55,40,1,-15,90,75,175
66,56,15,1,-15,95,75,175
66,57,21,0,-25,95,95,175
66,58,12,1,-20,95,95,175
66,59,47,0,-20,95,95,190
66,60,46,0,-30,95,95,205
66,61,40,1,-30,85,105,205
66,62,1,1,-40,85,105,210
66,63,15,0,-25,80,105,210
66,64,38,1,-20,80,105,210
66,65,27,1,-20,95,100,210
66,66,25,0,-20,90,100,210
66,67,5,1,-15,90,90,210
66,68,14,0,-15,90,90,220
66,69,26,1,-5,90,85,220
66,70,41,0,-15,105,85,220
66,71,46,0,-25,105,85,235
66,72,24,0,-30,105,85,235
66,73,3,0,-15,105,80,235
66,74,40,0,-15,115,70,235
66,75,15,1,-15,120,70,235
66,76,21,1,-10,120,60,235
66,77,42,0,-25,120,60,250
66,78,10,1,-10,120,50,250
66,79,16,0,-25,130,50,250
66,80,45,0,-25,130,50,265
66,81,20,0,-35,130,65,265
66,82,48,1,-35,130,65,265
66,83,17,0,-55,150,65,265
66,84,5,0,-65,150,70,265
66,85,12,0,-70,160,70,265
66,86,13,1,-65,165,70,265
66,87,21,0,-75,165,90,265
66,88,15,1,-75,170,90,265
66,89,22,1,-75,175,80,265
66,90,16,1,-75,175,70,265
66,91,45,0,-75,175,70,280
66,92,33,1,-75,190,70,280
66,93,43,0,-55,190,60,280
66,94,11,1,-50,190,60,280
66,95,6,0,-40,190,55,280
66,96,30,1,-40,190,65,280
66,97,49,0,-40,185,65,295
66,98,29,1,-40,205,45,295
66,99,26,1,-30,205,40,295
67,0,26,1,60,50,45,50
67,1,27,0,70,40,45,50
67,2,25,0,70,35,45,50
67,3,5,1,75,35,35,50
67,4,19,0,75,35,35,50
67,5,11,0,70,35,35,50
67,6,26,0,60,35,35,60
67,7,43,0,80,35,25,60
67,8,1,1,70,35,25,65
67,9,2,0,60,35,45,65
67,10,42,1,60,40,45,65
67,11,24,0,55,40,45,65
67,12,8,0,55,45,35,65
67,13,1,0,65,45,25,65
67,14,40,1,65,35,35,65
67,15,9,0,55,35,35,70
67,16,47,1,55,35,35,70
67,17,10,0,45,45,35,70
67,18,1,0,55,45,25,70
67,19,20,1,55,55,10,70
67,20,7,1,60,55,10,70
67,21,3,1,50,55,10,80
67,22,6,0,60,55,5,80
67,23,26,1,70,55,0,80
67,24,40,0,70,65,-10,80
67,25,36,0,70,60,-10,95
67,26,43,1,70,60,-5,90
67,27,17,1,40,60,10,90
67,28,12,0,35,70,10,90
67,29,6,1,25,70,10,100
67,30,3,0,40,70,5,100
67,31,23,0,30,70,5,110
67,32,4,1,40,70,5,110
67,33,43,0,60,70,-5,110
67,34,41,0,50,85,-5,110
67,35,28,0,30,85,-5,125
67,36,17,1,0,85,10,125
67,37,3,0,15,85,5,125
67,38,22,1,15,90,-5,125
67,39,4,1,25,90,-5,125
67,40,31,1,25,90,5,125
67,41,42,1,25,95,5,125
67,42,57,0,25,95,5,150
67,43,15,1,25,100,5,150
67,44,14,0,25,100,5,160
67,45,23,0,15,100,5,170
67,46,45,1,15,110,5,170
67,47,9,0,5,110,5,175
67,48,32,0,5,130,-10,175
67,49,12,0,0,140,-10,175
67,50,17,1,-30,140,5,175
67,51,15,0,-15,135,5,175
67,52,19,1,-15,135,5,175
67,53,25,0,-15,130,5,175
67,54,3,1,-25,130,5,185
67,55,12,1,-20,130,5,185
67,56,11,1,-15,130,5,185
67,57,27,0,-5,120,5,185
67,58,8,1,-20,120,5,195
67,59,25,0,-20,115,5,195
67,60,18,0,-50,115,5,225
67,61,14,1,-50,125,5,225
67,62,39,0,-60,140,5,225
67,63,44,1,-55,140,5,225
67,64,58,0,-55,130,5,225
67,65,43,0,-35,130,-5,225
67,66,24,1,-30,130,-5,225
67,67,21,0,-40,130,15,225
67,68,9,1,-35,130,15,225
67,69,37,0,-50,150,15,225
67,70,23,0,-60,150,15,235
67,71,4,0,-75,165,15,235
67,72,46,1,-70,165,15,235
67,73,59,1,-70,180,15,235
67,74,36,1,-70,190,15,235
67,75,6,1,-80,190,15,245
67,76,41,0,-90,205,15,245
67,77,29,0,-110,205,20,245
67,78,40,0,-110,215,10,245
67,79,39,1,-105,215,10,245
67,80,7,1,-100,215,10,245
67,81,18,0,-130,215,10,275
67,82,4,1,-120,215,10,275
67,83,5,0,-130,215,15,275
67,84,17,1,-160,215,30,275
67,85,46,1,-155,215,30,275
67,86,13,0,-155,215,30,295
67,87,43,1,-155,215,35,290
67,88,26,0,-165,215,35,300
67,89,37,1,-155,215,35,300
67,90,19,0,-155,215,35,300
67,91,8,1,-170,215,35,310
67,92,2,0,-180,215,55,310
67,93,38,1,-175,215,55,310
67,94,26,0,-185,215,55,320
67,95,28,0,-205,215,55,335
67,96,8,0,-205,220,45,335
67,97,16,0,-220,230,45,335
67,98,41,0,-230,245,45,335
67,99,15,0,-215,240,45,335
68,0,27,1,50,65,45,50
68,1,31,1,50,65,55,50
68,2,23,0,40,65,55,60
68,3,12,0,35,75,55,60
68,4,22,0,25,75,65,60
68,5,28,1,35,75,65,60
68,6,38,1,40,75,65,60
68,7,11,1,45,75,65,60
68,8,19,0,45,75,65,60
68,9,1,1,35,75,65,65
68,10,40,0,35,85,55,65
68,11,32,0,35,105,40,65
68,12,22,0,25,105,50,65
68,13,6,1,15,105,50,75
68,14,49,1,15,110,50,75
68,15,36,1,15,120,50,75
68,16,9,1,20,120,50,75
68,17,19,1,20,120,50,75
68,18,46,0,10,120,50,90
68,19,15,1,10,125,50,90
68,20,5,1,15,125,40,90
68,21,38,0,5,135,40,90
68,22,3,0,20,135,35,90
68,23,24,1,25,135,35,90
68,24,14,1,25,145,35,90
68,25,27,1,25,160,30,90
68,26,2,0,15,160,50,90
68,27,12,1,20,160,50,90
68,28,29,1,20,180,30,90
68,29,5,0,10,180,35,90
68,30,11,0,5,180,35,90
68,31,3,0,20,180,30,90
68,32,26,0,10,180,30,100
68,33,9,1,15,180,30,100
68,34,43,0,35,180,20,100
68,35,20,1,35,190,5,100
68,36,37,0,20,210,5,100
68,37,10,0,10,220,5,100
68,38,42,1,10,225,5,100
68,39,3,1,0,225,5,110
68,40,39,1,5,225,5,110
68,41,16,1,5,225,-5,110
68,42,28,0,-15,225,-5,125
68,43,17,0,-35,245,-5,125
68,44,29,1,-35,265,-25,125
68,45,48,1,-35,265,-25,125
68,46,45,1,-35,275,-25,125
68,47,44,0,-35,275,-15,135
68,48,3,0,-20,275,-20,135
68,49,18,1,-10,275,-20,135
68,50,15,1,-10,280,-20,135
68,51,24,1,-5,280,-20,135
68,52,13,1,0,285,-20,135
68,53,57,1,0,295,-20,135
68,54,39,1,5,295,-20,135
68,55,5,1,10,295,-30,135
68,56,46,0,0,295,-30,150
68,57,13,0,0,295,-30,170
68,58,38,1,5,295,-30,170
68,59,10,1,20,295,-40,170
68,60,2,0,10,295,-20,170
68,61,9,0,0,295,-20,175
68,62,45,1,0,305,-20,175
68,63,38,0,-10,315,-20,175
68,64,3,1,-20,315,-20,185
68,65,27,1,-20,330,-25,185
68,66,5,0,-30,330,-20,185
68,67,7,1,-25,330,-20,185
68,68,8,0,-25,335,-30,185
68,69,16,0,-40,345,-30,185
68,70,48,0,-40,345,-30,215
68,71,27,0,-30,335,-30,215
68,72,58,0,-30,325,-30,215
68,73,8,0,-30,330,-40,215
68,74,3,0,-15,330,-45,215
68,75,43,0,5,330,-55,215
68,76,19,1,5,330,-55,215
68,77,9,1,10,330,-55,215
68,78,23,0,0,330,-55,225
68,79,26,1,10,330,-60,225
68,80,18,0,-20,330,-60,255
68,81,22,0,-30,330,-50,255
68,82,13,1,-25,335,-50,255
68,83,4,0,-40,350,-50,255
68,84,59,0,-40,350,-60,275
68,85,36,0,-40,345,-60,290
68,86,22,0,-50,345,-50,290
68,87,21,1,-45,345,-60,290
68,88,37,0,-60,365,-60,290
68,89,40,1,-60,355,-50,290
68,90,15,1,-60,360,-50,290
68,91,23,0,-70,360,-50,300
68,92,30,0,-70,360,-60,325
68,93,7,0,-85,370,-60,325
68,94,9,1,-80,370,-60,325
68,95,6,1,-90,370,-60,335
68,96,18,0,-120,370,-60,365
68,97,45,1,-120,380,-60,365
68,98,40,0,-120,390,-70,365
68,99,47,0,-120,390,-70,380
69,0,15,0,65,45,50,50
69,1,7,0,50,55,50,50
69,2,1,1,40,55,50,55
69,3,16,0,25,65,50,55
69,4,5,1,30,65,40,55
69,5,24,0,25,65,40,55
69,6,27,1,25,80,35,55
69,7,44,0,25,80,45,65
69,8,42,0,10,80,45,80
69,9,29,1,10,100,25,80
69,10,10,0,0,110,25,80
69,11,11,1,5,110,25,80
69,12,9,1,10,110,25,80
69,13,47,0,10,110,25,95
69,14,6,1,0,110,25,105
69,15,57,0,0,110,25,130
69,16,31,0,0,120,15,130
69,17,26,1,10,120,10,130
69,18,8,1,-5,120,10,140
69,19,25,1,-5,130,10,140
69,20,2,1,0,130,0,140
69,21,15,1,0,135,0,140
69,22,22,0,-10,135,10,140
69,23,1,0,0,135,0,140
69,24,58,1,0,145,0,140
69,25,7,0,-15,155,0,140
69,26,18,0,-45,155,0,170
69,27,2,0,-55,155,20,170
69,28,42,0,-70,155,20,185
69,29,43,1,-70,155,25,180
69,30,45,0,-70,155,25,195
69,31,17,0,-90,175,25,195
69,32,41,1,-85,165,25,195
69,33,8,0,-85,170,15,195
69,34,59,0,-85,170,5,215
69,35,27,1,-85,185,0,215
69,36,13,0,-85,185,0,235
69,37,29,1,-85,205,-20,235
69,38,16,0,-100,215,-20,235
69,39,9,1,-95,215,-20,235
69,40,37,0,-110,235,-20,235
69,41,22,1,-110,240,-30,235
69,42,7,1,-105,240,-30,235
69,43,10,0,-115,250,-30,235
69,44,60,0,-85,250,-30,235
69,45,12,0,-90,260,-30,235
69,46,9,0,-100,260,-30,240
69,47,2,0,-110,260,-10,240
69,48,4,0,-125,275,-10,240
69,49,44,1,-120,275,-10,240
69,50,30,0,-120,275,-20,265
69,51,3,0,-105,275,-25,265
69,52,20,1,-105,285,-40,265
69,53,45,1,-105,295,-40,265
69,54,6,0,-95,295,-45,265
69,55,44,0,-95,295,-35,275
69,56,11,1,-90,295,-35,275
69,57,21,1,-85,295,-45,275
69,58,16,0,-100,305,-45,275
69,59,2,0,-110,305,-25,275
69,60,10,1,-95,305,-35,275
69,61,27,1,-95,320,-40,275
69,62,7,0,-110,330,-40,275
69,63,45,0,-110,330,-40,290
69,64,11,0,-115,330,-40,290
69,65,9,1,-110,330,-40,290
69,66,27,1,-110,345,-45,290
69,67,24,1,-105,345,-45,290
69,68,6,1,-115,345,-45,300
69,69,40,1,-115,335,-35,300
69,70,18,1,-105,335,-35,300
69,71,44,1,-100,335,-35,300
69,72,3,1,-110,335,-35,310
69,73,15,1,-110,340,-35,310
69,74,27,0,-100,330,-35,310
69,75,37,0,-115,350,-35,310
69,76,19,1,-115,350,-35,310
69,77,3,1,-125,350,-35,320
69,78,36,0,-125,345,-35,335
69,79,47,1,-125,345,-35,335
69,80,20,1,-125,355,-50,335
69,81,1,0,-115,355,-60,335
69,82,22,0,-125,355,-50,335
69,83,61,1,-125,370,-50,335
69,84,46,0,-135,370,-50,350
69,85,24,0,-140,370,-50,350
69,86,16,1,-140,370,-60,350
69,87,7,0,-155,380,-60,350
69,88,40,0,-155,390,-70,350
69,89,11,0,-160,390,-70,350
69,90,26,1,-150,390,-75,350
69,91,19,1,-150,390,-75,350
69,92,29,0,-170,390,-70,350
69,93,24,0,-175,390,-70,350
69,94,43,0,-155,390,-80,350
69,95,3,1,-165,390,-80,360
69,96,44,1,-160,390,-80,360
69,97,5,1,-155,390,-90,360
69,98,2,0,-165,390,-70,360
69,99,45,0,-165,390,-70,375
70,0,37,0,35,70,50,50
70,1,6,0,45,70,45,50
70,2,14,0,45,70,45,60
70,3,20,1,45,80,30,60
70,4,2,1,50,80,20,60
70,5,49,0,50,75,20,75
70,6,8,1,35,75,20,85
70,7,39,1,40,75,20,85
70,8,41,1,45,65,20,85
70,9,10,0,35,75,20,85
70,10,27,1,35,90,15,85
70,11,38,0,25,100,15,85
70,12,22,1,25,105,5,85
70,13,44,0,25,105,15,95
70,14,21,0,15,105,35,95
70,15,1,1,5,105,35,100
70,16,18,0,-25,105,35,130
70,17,43,1,-25,105,40,125
70,18,24,1,-20,105,40,125
70,19,46,1,-15,105,40,125
70,20,29,0,-35,105,45,125
70,21,27,0,-25,95,45,125
70,22,1,0,-15,95,35,125
70,23,39,0,-25,110,35,125
70,24,31,0,-25,120,25,125
70,25,25,1,-25,130,25,125
70,26,32,0,-25,150,10,125
70,27,11,0,-30,150,10,125
70,28,44,1,-25,150,10,125
70,29,37,1,-15,150,10,125
70,30,4,1,-5,150,10,125
70,31,18,1,5,150,10,125
70,32,22,0,-5,150,20,125
70,33,11,1,0,150,20,125
70,34,3,1,-10,150,20,135
70,35,38,1,-5,150,20,135
70,36,37,1,5,150,20,135
70,37,33,1,5,165,20,135
70,38,12,1,10,165,20,135
70,39,11,1,15,165,20,135
70,40,15,0,30,160,20,135
70,41,1,1,20,160,20,140
70,42,40,0,20,170,10,140
70,43,10,0,10,180,10,140
70,44,37,0,-5,200,10,140
70,45,3,0,10,200,5,140
70,46,8,0,10,205,-5,140
70,47,23,0,0,205,-5,150
70,48,39,1,5,205,-5,150
70,49,29,0,-15,205,0,150
70,50,9,1,-10,205,0,150
70,51,37,1,0,205,0,150
70,52,47,0,0,205,0,165
70,53,21,1,5,205,-10,165
70,54,6,1,-5,205,-10,175
70,55,46,0,-15,205,-10,190
70,56,19,1,-15,205,-10,190
70,57,38,0,-25,215,-10,190
70,58,5,0,-35,215,-5,190
70,59,39,0,-45,230,-5,190
70,60,14,1,-45,240,-5,190
70,61,25,1,-45,250,-5,190
70,62,16,0,-60,260,-5,190
70,63,48,0,-60,260,-5,220
70,64,30,0,-60,260,-15,245
70,65,11,1,-55,260,-15,245
70,66,29,0,-75,260,-10,245
70,67,38,0,-85,270,-10,245
70,68,39,1,-80,270,-10,245
70,69,40,0,-80,280,-20,245
70,70,41,0,-90,295,-20,245
70,71,42,1,-90,300,-20,245
70,72,50,1,-90,310,-20,245
70,73,4,0,-105,325,-20,245
70,74,48,0,-105,325,-20,275
70,75,19,0,-105,325,-20,275
70,76,45,0,-105,325,-20,290
70,77,27,0,-95,315,-20,290
70,78,13,1,-90,320,-20,290
70,79,12,1,-85,320,-20,290
70,80,40,1,-85,310,-10,290
70,81,11,0,-90,310,-10,290
70,82,27,1,-90,325,-15,290
70,83,7,0,-105,335,-15,290
70,84,30,1,-105,335,-5,290
70,85,13,0,-105,335,-5,310
70,86,29,0,-125,335,0,310
70,87,12,1,-120,335,0,310
70,88,47,0,-120,335,0,325
70,89,26,1,-110,335,-5,325
70,90,43,1,-110,335,0,320
70,91,24,0,-115,335,0,320
70,92,18,1,-105,335,0,320
70,93,6,1,-115,335,0,330
70,94,21,1,-110,335,-10,330
70,95,25,0,-110,330,-10,330
70,96,42,0,-125,330,-10,345
70,97,26,1,-115,330,-15,345
70,98,29,1,-115,350,-35,345
70,99,2,1,-110,350,-45,345
71,0,43,1,50,50,55,45
71,1,25,1,50,60,55,45
71,2,7,1,55,60,55,45
71,3,13,0,55,60,55,65
71,4,42,0,40,60,55,80
71,5,41,1,45,50,55,80
71,6,5,1,50,50,45,80
71,7,45,0,50,50,45,95
71,8,2,1,55,50,35,95
71,9,3,1,45,50,35,105
71,10,4,1,55,50,35,105
71,11,36,0,55,45,35,120
71,12,45,1,55,55,35,120
71,13,8,1,40,55,35,130
71,14,40,1,40,45,45,130
71,15,12,1,45,45,45,130
71,16,36,1,45,55,45,130
71,17,44,1,50,55,45,130
71,18,4,1,60,55,45,130
71,19,8,1,45,55,45,140
71,20,45,1,45,65,45,140
71,21,6,0,55,65,40,140
71,22,42,1,55,70,40,140
71,23,43,0,75,70,30,140
71,24,17,0,55,90,30,140
71,25,31,1,55,90,40,140
71,26,15,1,55,95,40,140
71,27,37,0,40,115,40,140
71,28,38,0,30,125,40,140
71,29,43,1,30,125,45,135
71,30,27,0,40,115,45,135
71,31,15,1,40,120,45,135
71,32,48,1,40,120,45,135
71,33,9,1,45,120,45,135
71,34,7,0,30,130,45,135
71,35,40,1,30,120,55,135
71,36,22,1,30,125,45,135
71,37,8,1,15,125,45,145
71,38,16,0,0,135,45,145
71,39,32,1,0,125,60,145
71,40,17,0,-20,145,60,145
71,41,10,1,-5,145,50,145
71,42,9,0,-15,145,50,150
71,43,1,1,-25,145,50,155
71,44,42,1,-25,150,50,155
71,45,39,1,-20,150,50,155
71,46,29,0,-40,150,55,155
71,47,24,0,-45,150,55,155
71,48,18,0,-75,150,55,185
71,49,16,1,-75,150,45,185
71,50,30,1,-75,150,55,185
71,51,7,1,-70,150,55,185
71,52,23,0,-80,150,55,195
71,53,5,1,-75,150,45,195
71,54,39,1,-70,150,45,195
71,55,24,1,-65,150,45,195
71,56,11,0,-70,150,45,195
71,57,8,1,-85,150,45,205
71,58,37,0,-100,170,45,205
71,59,21,1,-95,170,35,205
71,60,44,0,-95,170,45,215
71,61,36,0,-95,165,45,230
71,62,11,0,-100,165,45,230
71,63,30,1,-100,165,55,230
71,64,10,1,-85,165,45,230
71,65,33,0,-55,165,45,230
71,66,23,0,-65,165,45,240
71,67,26,0,-75,165,45,250
71,68,39,0,-85,180,45,250
71,69,21,0,-95,180,65,250
71,70,14,1,-95,190,65,250
71,71,9,0,-105,190,65,255
71,72,7,0,-120,200,65,255
71,73,25,0,-120,195,65,255
71,74,13,0,-120,195,65,275
71,75,22,0,-130,195,75,275
71,76,6,0,-120,195,70,275
71,77,46,1,-115,195,70,275
71,78,1,1,-125,195,70,280
71,79,13,1,-120,200,70,280
71,80,23,0,-130,200,70,290
71,81,12,0,-135,210,70,290
71,82,48,0,-135,210,70,320
71,83,43,1,-135,210,75,315
71,84,45,0,-135,210,75,330
71,85,11,1,-130,210,75,330
71,86,13,0,-130,210,75,350
71,87,14,0,-130,210,75,360
71,88,2,0,-140,210,95,360
71,89,41,1,-135,200,95,360
71,90,42,0,-150,200,95,375
71,91,7,1,-145,200,95,375
71,92,28,0,-165,200,95,390
71,93,9,0,-175,200,95,395
71,94,34,1,-160,200,95,395
71,95,6,0,-150,200,90,395
71,96,1,0,-140,200,80,395
71,97,27,0,-130,190,80,395
71,98,13,1,-125,195,80,395
71,99,47,0,-125,195,80,410
72,0,28,1,60,50,50,50
72,1,48,0,60,50,50,80
72,2,14,0,60,50,50,90
72,3,2,0,50,50,70,90
72,4,25,0,50,45,70,90
72,5,6,0,60,45,65,90
72,6,16,0,45,55,65,90
72,7,39,1,50,55,65,90
72,8,28,0,30,55,65,105
72,9,37,0,15,75,65,105
72,10,42,1,15,80,65,105
72,11,15,1,15,85,65,105
72,12,16,0,0,95,65,105
72,13,43,1,0,95,70,100
72,14,13,1,5,100,70,100
72,15,11,1,10,100,70,100
72,16,29,1,10,120,50,100
72,17,30,1,10,120,60,100
72,18,31,0,10,130,50,100
72,19,2,1,15,130,40,100
72,20,16,0,0,140,40,100
72,21,47,1,0,140,40,100
72,22,13,1,5,145,40,100
72,23,5,1,10,145,30,100
72,24,6,0,20,145,25,100
72,25,45,1,20,155,25,100
72,26,24,1,25,155,25,100
72,27,57,1,25,165,25,100
72,28,27,1,25,180,20,100
72,29,25,0,25,175,20,100
72,30,45,0,25,175,20,115
72,31,48,1,25,175,20,115
72,32,7,1,30,175,20,115
72,33,12,1,35,175,20,115
72,34,23,0,25,175,20,125
72,35,37,1,35,175,20,125
72,36,41,1,40,165,20,125
72,37,45,0,40,165,20,140
72,38,19,1,40,165,20,140
72,39,48,0,40,165,20,170
72,40,58,0,40,155,20,170
72,41,38,0,30,165,20,170
72,42,36,0,30,160,20,185
72,43,6,1,20,160,20,195
72,44,1,0,30,160,10,195
72,45,11,0,25,160,10,195
72,46,5,0,15,160,15,195
72,47,20,1,15,170,0,195
72,48,6,0,25,170,-5,195
72,49,47,1,25,170,-5,195
72,50,4,1,35,170,-5,195
72,51,8,1,20,170,-5,205
72,52,5,1,25,170,-15,205
72,53,22,0,15,170,-5,205
72,54,20,1,15,180,-20,205
72,55,19,1,15,180,-20,205
72,56,4,0,0,195,-20,205
72,57,27,1,0,210,-25,205
72,58,26,1,10,210,-30,205
72,59,5,1,15,210,-40,205
72,60,20,0,5,210,-25,205
72,61,37,1,15,210,-25,205
72,62,40,1,15,200,-15,205
72,63,8,0,15,205,-25,205
72,64,1,1,5,205,-25,210
72,65,38,0,-5,215,-25,210
72,66,28,1,5,215,-25,210
72,67,21,0,-5,215,-5,210
72,68,37,0,-20,235,-5,210
72,69,17,1,-50,235,10,210
72,70,43,0,-30,235,0,210
72,71,26,1,-20,235,-5,210
72,72,45,0,-20,235,-5,225
72,73,42,0,-35,235,-5,240
72,74,28,0,-55,235,-5,255
72,75,46,0,-65,235,-5,270
72,76,39,1,-60,235,-5,270
72,77,30,1,-60,235,5,270
72,78,21,1,-55,235,-5,270
72,79,6,1,-65,235,-5,280
72,80,40,0,-65,245,-15,280
72,81,12,1,-60,245,-15,280
72,82,4,0,-75,260,-15,280
72,83,43,0,-55,260,-25,280
72,84,47,1,-55,260,-25,280
72,85,2,0,-65,260,-5,280
72,86,14,1,-65,270,-5,280
72,87,37,0,-80,290,-5,280
72,88,18,0,-110,290,-5,310
72,89,42,1,-110,295,-5,310
72,90,38,0,-120,305,-5,310
72,91,47,0,-120,305,-5,325
72,92,46,0,-130,305,-5,340
72,93,4,1,-120,305,-5,340
72,94,40,1,-120,295,5,340
72,95,21,0,-130,295,25,340
72,96,19,1,-130,295,25,340
72,97,16,1,-130,295,15,340
72,98,28,1,-120,295,15,340
72,99,12,1,-115,295,15,340
73,0,8,1,35,50,50,60
73,1,7,1,40,50,50,60
73,2,11,1,45,50,50,60
73,3,1,0,55,50,40,60
73,4,9,1,60,50,40,60
73,5,2,1,65,50,30,60
73,6,5,1,70,50,20,60
73,7,16,1,70,50,10,60
73,8,40,1,70,40,20,60
73,9,26,0,60,40,20,70
73,10,43,0,80,40,10,70
73,11,38,0,70,50,10,70
73,12,44,0,70,50,20,80
73,13,19,0,70,50,20,80
73,14,11,1,75,50,20,80
73,15,27,1,75,65,15,80
73,16,29,0,55,65,20,80
73,17,42,1,55,70,20,80
73,18,9,0,45,70,20,85
73,19,44,1,50,70,20,85
73,20,21,1,55,70,10,85
73,21,28,0,35,70,10,100
73,22,42,1,35,75,10,100
73,23,9,1,40,75,10,100
73,24,19,1,40,75,10,100
73,25,23,1,40,80,5,100
73,26,18,0,10,80,5,130
73,27,45,0,10,80,5,145
73,28,15,0,25,75,5,145
73,29,27,1,25,90,0,145
73,30,10,1,40,90,-10,145
73,31,26,0,30,90,-10,155
73,32,17,1,0,90,5,155
73,33,20,0,-10,90,20,155
73,34,40,1,-10,80,30,155
73,35,42,0,-25,80,30,170
73,36,22,1,-25,85,20,170
73,37,43,0,-5,85,10,170
73,38,47,1,-5,85,10,170
73,39,39,1,0,85,10,170
73,40,31,1,0,85,20,170
73,41,5,0,-10,85,25,170
73,42,25,1,-10,95,25,170
73,43,28,1,0,95,25,170
73,44,14,1,0,105,25,170
73,45,29,0,-20,105,30,170
73,46,4,1,-10,105,30,170
73,47,39,1,-5,105,30,170
73,48,42,0,-20,105,30,185
73,49,3,0,-5,105,25,185
73,50,30,0,-5,105,15,210
73,51,17,0,-25,125,15,210
73,52,27,1,-25,140,10,210
73,53,36,0,-25,135,10,225
73,54,12,1,-20,135,10,225
73,55,47,1,-20,135,10,225
73,56,14,1,-20,145,10,225
73,57,16,0,-35,155,10,225
73,58,5,0,-45,155,15,225
73,59,42,0,-60,155,15,240
73,60,47,0,-60,155,15,255
73,61,57,1,-60,165,15,255
73,62,29,1,-60,185,-5,255
73,63,26,0,-70,185,-5,265
73,64,24,0,-75,185,-5,265
73,65,25,1,-75,195,-5,265
73,66,21,0,-85,195,15,265
73,67,38,1,-80,195,15,265
73,68,40,0,-80,205,5,265
73,69,14,0,-80,205,5,275
73,70,47,0,-80,205,5,290
73,71,5,0,-90,205,10,290
73,72,36,1,-90,215,10,290
73,73,8,0,-90,220,0,290
73,74,39,0,-100,235,0,290
73,75,3,1,-110,235,0,300
73,76,7,0,-125,245,0,300
73,77,29,1,-125,265,-20,300
73,78,44,1,-120,265,-20,300
73,79,8,1,-135,265,-20,310
73,80,11,0,-140,265,-20,310
73,81,19,1,-140,265,-20,310
73,82,28,1,-130,265,-20,310
73,83,5,1,-125,265,-30,310
73,84,22,0,-135,265,-20,310
73,85,11,1,-130,265,-20,310
73,86,3,0,-115,265,-25,310
73,87,30,1,-115,265,-15,310
73,88,8,0,-115,270,-25,310
73,89,19,0,-115,270,-25,310
73,90,36,0,-115,265,-25,325
73,91,24,1,-110,265,-25,325
73,92,12,1,-105,265,-25,325
73,93,25,1,-105,275,-25,325
73,94,47,1,-105,275,-25,325
73,95,3,1,-115,275,-25,335
73,96,19,1,-115,275,-25,335
73,97,8,0,-115,280,-35,335
73,98,1,1,-125,280,-35,340
73,99,9,1,-120,280,-35,340
74,0,29,0,30,50,55,50
74,1,4,1,40,50,55,50
74,2,18,0,10,50,55,80
74,3,10,1,25,50,45,80
74,4,17,0,5,70,45,80
74,5,7,1,10,70,45,80
74,6,19,0,10,70,45,80
74,7,6,0,20,70,40,80
74,8,41,0,10,85,40,80
74,9,23,0,0,85,40,90
74,10,27,1,0,100,35,90
74,11,22,1,0,105,25,90
74,12,28,1,10,105,25,90
74,13,40,0,10,115,15,90
74,14,18,0,-20,115,15,120
74,15,4,0,-35,130,15,120
74,16,23,0,-45,130,15,130
74,17,27,0,-35,120,15,130
74,18,47,1,-35,120,15,130
74,19,44,1,-30,120,15,130
74,20,49,1,-30,125,15,130
74,21,5,0,-40,125,20,130
74,22,28,1,-30,125,20,130
74,23,17,0,-50,145,20,130
74,24,25,0,-50,140,20,130
74,25,10,1,-35,140,10,130
74,26,6,1,-45,140,10,140
74,27,14,1,-45,150,10,140
74,28,47,1,-45,150,10,140
74,29,46,0,-55,150,10,155
74,30,1,0,-45,150,0,155
74,31,41,1,-40,140,0,155
74,32,3,1,-50,140,0,165
74,33,21,1,-45,140,-10,165
74,34,29,1,-45,160,-30,165
74,35,19,1,-45,160,-30,165
74,36,11,1,-40,160,-30,165
74,37,26,1,-30,160,-35,165
74,38,21,1,-25,160,-45,165
74,39,12,1,-20,160,-45,165
74,40,19,0,-20,160,-45,165
74,41,2,1,-15,160,-55,165
74,42,5,0,-25,160,-50,165
74,43,29,1,-25,180,-70,165
74,44,28,0,-45,180,-70,180
74,45,26,0,-55,180,-70,190
74,46,38,1,-50,180,-70,190
74,47,7,0,-65,190,-70,190
74,48,45,0,-65,190,-70,205
74,49,20,0,-75,190,-55,205
74,50,42,0,-90,190,-55,220
74,51,43,0,-70,190,-65,220
74,52,39,0,-80,205,-65,220
74,53,4,1,-70,205,-65,220
74,54,26,1,-60,205,-70,220
74,55,21,1,-55,205,-80,220
74,56,17,0,-75,225,-80,220
74,57,41,0,-85,240,-80,220
74,58,6,0,-75,240,-85,220
74,59,19,1,-75,240,-85,220
74,60,15,0,-60,235,-85,220
74,61,1,1,-70,235,-85,225
74,62,48,1,-70,235,-85,225
74,63,6,1,-80,235,-85,235
74,64,43,1,-80,235,-80,230
74,65,39,0,-90,250,-80,230
74,66,5,0,-100,250,-75,230
74,67,16,0,-115,260,-75,230
74,68,4,1,-105,260,-75,230
74,69,23,0,-115,260,-75,240
74,70,15,1,-115,265,-75,240
74,71,3,1,-125,265,-75,250
74,72,21,1,-120,265,-85,250
74,73,36,0,-120,260,-85,265
74,74,5,0,-130,260,-80,265
74,75,29,0,-150,260,-75,265
74,76,20,0,-160,260,-60,265
74,77,14,1,-160,270,-60,265
74,78,39,1,-155,270,-60,265
74,79,1,0,-145,270,-70,265
74,80,26,1,-135,270,-75,265
74,81,25,0,-135,265,-75,265
74,82,22,0,-145,265,-65,265
74,83,20,1,-145,275,-80,265
74,84,2,0,-155,275,-60,265
74,85,23,1,-155,280,-65,265
74,86,43,1,-155,280,-60,260
74,87,1,0,-145,280,-70,260
74,88,48,1,-145,280,-70,260
74,89,46,0,-155,280,-70,275
74,90,41,0,-165,295,-70,275
74,91,24,0,-170,295,-70,275
74,92,21,1,-165,295,-80,275
74,93,43,0,-145,295,-90,275
74,94,10,1,-130,295,-100,275
74,95,45,0,-130,295,-100,290
74,96,25,1,-130,305,-100,290
74,97,31,0,-130,315,-110,290
74,98,15,0,-115,310,-110,290
74,99,14,0,-115,310,-110,300
75,0,7,1,55,50,50,50
75,1,22,0,45,50,60,50
75,2,24,0,40,50,60,50
75,3,11,0,35,50,60,50
75,4,39,1,40,50,60,50
75,5,31,0,40,60,50,50
75,6,12,1,45,60,50,50
75,7,23,0,35,60,50,60
75,8,27,0,45,50,50,60
75,9,17,1,15,50,65,60
75,10,32,0,15,70,50,60
75,11,21,1,20,70,40,60
75,12,10,0,10,80,40,60
75,13,42,0,-5,80,40,75
75,14,47,1,-5,80,40,75
75,15,11,0,-10,80,40,75
75,16,8,0,-10,85,30,75
75,17,10,0,-20,95,30,75
75,18,46,0,-30,95,30,90
75,19,45,1,-30,105,30,90
75,20,22,1,-30,110,20,90
75,21,40,0,-30,120,10,90
75,22,33,0,0,120,10,90
75,23,1,1,-10,120,10,95
75,24,46,1,-5,120,10,95
75,25,11,1,0,120,10,95
75,26,41,0,-10,135,10,95
75,27,14,1,-10,145,10,95
75,28,45,1,-10,155,10,95
75,29,46,1,-5,155,10,95
75,30,12,1,0,155,10,95
75,31,11,0,-5,155,10,95
75,32,23,0,-15,155,10,105
75,33,22,1,-15,160,0,105
75,34,19,0,-15,160,0,105
75,35,45,1,-15,170,0,105
75,36,29,0,-35,170,5,105
75,37,46,1,-30,170,5,105
75,38,44,1,-25,170,5,105
75,39,4,0,-40,185,5,105
75,40,7,0,-55,195,5,105
75,41,29,1,-55,215,-15,105
75,42,18,1,-45,215,-15,105
75,43,27,0,-35,205,-15,105
75,44,16,1,-35,205,-25,105
75,45,47,1,-35,205,-25,105
75,46,2,1,-30,205,-35,105
75,47,8,0,-30,210,-45,105
75,48,10,1,-15,210,-55,105
75,49,36,1,-15,220,-55,105
75,50,5,0,-25,220,-50,105
75,51,29,1,-25,240,-70,105
75,52,57,0,-25,240,-70,130
75,53,18,1,-15,240,-70,130
75,54,27,0,-5,230,-70,130
75,55,38,1,0,230,-70,130
75,56,30,1,0,230,-60,130
75,57,29,1,0,250,-80,130
75,58,7,1,5,250,-80,130
75,59,9,0,-5,250,-80,135
75,60,18,1,5,250,-80,135
75,61,3,1,-5,250,-80,145
75,62,45,1,-5,260,-80,145
75,63,46,1,0,260,-80,145
75,64,4,0,-15,275,-80,145
75,65,5,1,-10,275,-90,145
75,66,58,1,-10,285,-90,145
75,67,43,0,10,285,-100,145
75,68,7,0,-5,295,-100,145
75,69,21,1,0,295,-110,145
75,70,42,0,-15,295,-110,160
75,71,40,1,-15,285,-100,160
75,72,43,0,5,285,-110,160
75,73,22,1,5,290,-120,160
75,74,18,0,-25,290,-120,190
75,75,15,1,-25,295,-120,190
75,76,8,1,-40,295,-120,200
75,77,16,0,-55,305,-120,200
75,78,49,1,-55,310,-120,200
75,79,1,1,-65,310,-120,205
75,80,24,1,-60,310,-120,205
75,81,12,0,-65,320,-120,205
75,82,42,1,-65,325,-120,205
75,83,16,1,-65,325,-130,205
75,84,45,1,-65,335,-130,205
75,85,21,0,-75,335,-110,205
75,86,41,0,-85,350,-110,205
75,87,7,1,-80,350,-110,205
75,88,6,1,-90,350,-110,215
75,89,42,1,-90,355,-110,215
75,90,8,0,-90,360,-120,215
75,91,44,1,-85,360,-120,215
75,92,19,1,-85,360,-120,215
75,93,17,1,-115,360,-105,215
75,94,37,1,-105,360,-105,215
75,95,45,1,-105,370,-105,215
75,96,7,1,-100,370,-105,215
75,97,43,0,-80,370,-115,215
75,98,2,1,-75,370,-125,215
75,99,29,1,-75,390,-145,215
76,0,27,0,60,40,50,50
76,1,7,1,65,40,50,50
76,2,18,1,75,40,50,50
76,3,29,1,75,60,30,50
76,4,20,0,65,60,45,50
76,5,5,1,70,60,35,50
76,6,23,1,70,65,30,50
76,7,16,1,70,65,20,50
76,8,38,0,60,75,20,50
76,9,40,1,60,65,30,50
76,10,18,1,70,65,30,50
76,11,15,1,70,70,30,50
76,12,11,1,75,70,30,50
76,13,25,1,75,80,30,50
76,14,39,0,65,95,30,50
76,15,18,0,35,95,30,80
76,16,37,1,45,95,30,80
76,17,46,0,35,95,30,95
76,18,6,0,45,95,25,95
76,19,12,1,50,95,25,95
76,20,19,1,50,95,25,95
76,21,21,0,40,95,45,95
76,22,43,0,60,95,35,95
76,23,16,1,60,95,25,95
76,24,6,0,70,95,20,95
76,25,11,1,75,95,20,95
76,26,30,0,75,95,10,120
76,27,48,0,75,95,10,150
76,28,12,0,70,105,10,150
76,29,14,0,70,105,10,160
76,30,41,0,60,120,10,160
76,31,44,0,60,120,20,170
76,32,3,0,75,120,15,170
76,33,43,1,75,120,20,165
76,34,25,0,75,115,20,165
76,35,41,0,65,130,20,165
76,36,5,0,55,130,25,165
76,37,8,1,40,130,25,175
76,38,40,0,40,140,15,175
76,39,20,0,30,140,30,175
76,40,7,0,15,150,30,175
76,41,10,1,30,150,20,175
76,42,6,1,20,150,20,185
76,43,47,0,20,150,20,200
76,44,27,1,20,165,15,200
76,45,38,1,25,165,15,200
76,46,43,0,45,165,5,200
76,47,19,1,45,165,5,200
76,48,31,0,45,175,-5,200
76,49,8,1,30,175,-5,210
76,50,25,1,30,185,-5,210
76,51,45,1,30,195,-5,210
76,52,39,1,35,195,-5,210
76,53,38,1,40,195,-5,210
76,54,30,1,40,195,5,210
76,55,41,1,45,185,5,210
76,56,20,0,35,185,20,210
76,57,29,1,35,205,0,210
76,58,42,1,35,210,0,210
76,59,2,1,40,210,-10,210
76,60,7,1,45,210,-10,210
76,61,26,1,55,210,-15,210
76,62,4,0,40,225,-15,210
76,63,27,0,50,215,-15,210
76,64,44,1,55,215,-15,210
76,65,43,1,55,215,-10,205
76,66,6,1,45,215,-10,215
76,67,7,1,50,215,-10,215
76,68,9,0,40,215,-10,220
76,69,42,1,40,220,-10,220
76,70,3,0,55,220,-15,220
76,71,14,0,55,220,-15,230
76,72,8,0,55,225,-25,230
76,73,46,1,60,225,-25,230
76,74,36,1,60,235,-25,230
76,75,1,0,70,235,-35,230
76,76,11,0,65,235,-35,230
76,77,14,1,65,245,-35,230
76,78,2,0,55,245,-15,230
76,79,20,0,45,245,0,230
76,80,40,1,45,235,10,230
76,81,1,0,55,235,0,230
76,82,42,0,40,235,0,245
76,83,45,1,40,245,0,245
76,84,3,0,55,245,-5,245
76,85,47,1,55,245,-5,245
76,86,11,1,60,245,-5,245
76,87,21,1,65,245,-15,245
76,88,36,0,65,240,-15,260
76,89,2,1,70,240,-25,260
76,90,12,0,65,250,-25,260
76,91,9,1,70,250,-25,260
76,92,11,0,65,250,-25,260
76,93,28,0,45,250,-25,275
76,94,30,0,45,250,-35,300
76,95,25,0,45,245,-35,300
76,96,48,1,45,245,-35,300
76,97,24,0,40,245,-35,300
76,98,1,1,30,245,-35,305
76,99,10,0,20,255,-35,305
77,0,18,0,20,50,50,80
77,1,39,1,25,50,50,80
77,2,36,0,25,45,50,95
77,3,29,1,25,65,30,95
77,4,17,1,-5,65,45,95
77,5,13,0,-5,65,45,115
77,6,4,0,-20,80,45,115
77,7,22,1,-20,85,35,115
77,8,30,1,-20,85,45,115
77,9,5,0,-30,85,50,115
77,10,9,1,-25,85,50,115
77,11,40,0,-25,95,40,115
77,12,37,0,-40,115,40,115
77,13,6,1,-50,115,40,125
77,14,31,0,-50,125,30,125
77,15,44,1,-45,125,30,125
77,16,7,0,-60,135,30,125
77,17,39,1,-55,135,30,125
77,18,27,1,-55,150,25,125
77,19,57,0,-55,150,25,150
77,20,24,0,-60,150,25,150
77,21,45,0,-60,150,25,165
77,22,2,1,-55,150,15,165
77,23,3,0,-40,150,10,165
77,24,23,0,-50,150,10,175
77,25,41,1,-45,140,10,175
77,26,47,1,-45,140,10,175
77,27,44,0,-45,140,20,185
77,28,40,1,-45,130,30,185
77,29,20,1,-45,140,15,185
77,30,9,0,-55,140,15,190
77,31,26,1,-45,140,10,190
77,32,21,0,-55,140,30,190
77,33,5,1,-50,140,20,190
77,34,15,0,-35,135,20,190
77,35,3,0,-20,135,15,190
77,36,45,0,-20,135,15,205
77,37,26,0,-30,135,15,215
77,38,46,1,-25,135,15,215
77,39,4,0,-40,150,15,215
77,40,12,1,-35,150,15,215
77,41,45,1,-35,160,15,215
77,42,20,0,-45,160,30,215
77,43,17,0,-65,180,30,215
77,44,4,1,-55,180,30,215
77,45,7,0,-70,190,30,215
77,46,37,0,-85,210,30,215
77,47,20,1,-85,220,15,215
77,48,19,0,-85,220,15,215
77,49,46,1,-80,220,15,215
77,50,26,1,-70,220,10,215
77,51,13,1,-65,225,10,215
77,52,6,0,-55,225,5,215
77,53,1,0,-45,225,-5,215
77,54,39,1,-40,225,-5,215
77,55,22,1,-40,230,-15,215
77,56,4,0,-55,245,-15,215
77,57,2,0,-65,245,5,215
77,58,24,0,-70,245,5,215
77,59,11,1,-65,245,5,215
77,60,38,1,-60,245,5,215
77,61,16,0,-75,255,5,215
77,62,2,1,-70,255,-5,215
77,63,58,1,-70,265,-5,215
77,64,25,1,-70,275,-5,215
77,65,37,0,-85,295,-5,215
77,66,36,0,-85,290,-5,230
77,67,11,0,-90,290,-5,230
77,68,32,1,-90,280,10,230
77,69,17,1,-120,280,25,230
77,70,41,0,-130,295,25,230
77,71,8,1,-145,295,25,240
77,72,46,0,-155,295,25,255
77,73,47,0,-155,295,25,270
77,74,29,1,-155,315,5,270
77,75,33,0,-125,315,5,270
77,76,39,1,-120,315,5,270
77,77,13,0,-120,315,5,290
77,78,40,0,-120,325,-5,290
77,79,10,0,-130,335,-5,290
77,80,27,0,-120,325,-5,290
77,81,5,1,-115,325,-15,290
77,82,38,1,-110,325,-15,290
77,83,26,0,-120,325,-15,300
77,84,34,1,-105,325,-15,300
77,85,30,0,-105,325,-25,325
77,86,7,1,-100,325,-25,325
77,87,42,0,-115,325,-25,340
77,88,9,1,-110,325,-25,340
77,89,38,1,-105,325,-25,340
77,90,59,1,-105,340,-25,340
77,91,45,1,-105,350,-25,340
77,92,12,1,-100,350,-25,340
77,93,18,0,-130,350,-25,370
77,94,8,0,-130,355,-35,370
77,95,23,0,-140,355,-35,380
77,96,39,1,-135,355,-35,380
77,97,12,1,-130,355,-35,380
77,98,35,0,-130,355,-35,380
77,99,42,1,-130,360,-35,380
78,0,11,0,45,50,50,50
78,1,2,1,50,50,40,50
78,2,19,0,50,50,40,50
78,3,9,0,40,50,40,55
78,4,21,0,30,50,60,55
78,5,12,0,25,60,60,55
78,6,10,1,40,60,50,55
78,7,20,1,40,70,35,55
78,8,46,1,45,70,35,55
78,9,47,0,45,70,35,70
78,10,2,1,50,70,25,70
78,11,40,0,50,80,15,70
78,12,5,0,40,80,20,70
78,13,41,1,45,70,20,70
78,14,44,0,45,70,30,80
78,15,26,0,35,70,30,90
78,16,29,1,35,90,10,90
78,17,57,0,35,90,10,115
78,18,22,0,25,90,20,115
78,19,39,0,15,105,20,115
78,20,46,1,20,105,20,115
78,21,23,0,10,105,20,125
78,22,19,0,10,105,20,125
78,23,5,1,15,105,10,125
78,24,3,0,30,105,5,125
78,25,18,1,40,105,5,125
78,26,38,0,30,115,5,125
78,27,15,0,45,110,5,125
78,28,25,1,45,120,5,125
78,29,4,0,30,135,5,125
78,30,17,1,0,135,20,125
78,31,6,1,-10,135,20,135
78,32,31,0,-10,145,10,135
78,33,10,1,5,145,0,135
78,34,41,1,10,135,0,135
78,35,7,1,15,135,0,135
78,36,47,0,15,135,0,150
78,37,38,1,20,135,0,150
78,38,23,1,20,140,-5,150
78,39,40,1,20,130,5,150
78,40,12,0,15,140,5,150
78,41,46,1,20,140,5,150
78,42,7,1,25,140,5,150
78,43,28,0,5,140,5,165
78,44,1,0,15,140,-5,165
78,45,36,1,15,150,-5,165
78,46,27,0,25,140,-5,165
78,47,9,0,15,140,-5,170
78,48,58,0,15,130,-5,170
78,49,20,0,5,130,10,170
78,50,14,1,5,140,10,170
78,51,15,1,5,145,10,170
78,52,40,1,5,135,20,170
78,53,19,0,5,135,20,170
78,54,29,0,-15,135,25,170
78,55,22,1,-15,140,15,170
78,56,3,0,0,140,10,170
78,57,30,0,0,140,0,195
78,58,38,1,5,140,0,195
78,59,1,1,-5,140,0,200
78,60,23,0,-15,140,0,210
78,61,24,1,-10,140,0,210
78,62,42,1,-10,145,0,210
78,63,20,0,-20,145,15,210
78,64,6,0,-10,145,10,210
78,65,11,0,-15,145,10,210
78,66,13,1,-10,150,10,210
78,67,25,0,-10,145,10,210
78,68,41,0,-20,160,10,210
78,69,6,0,-10,160,5,210
78,70,37,0,-25,180,5,210
78,71,5,0,-35,180,10,210
78,72,47,0,-35,180,10,225
78,73,1,1,-45,180,10,230
78,74,3,0,-30,180,5,230
78,75,25,0,-30,175,5,230
78,76,29,1,-30,195,-15,230
78,77,6,0,-20,195,-20,230
78,78,40,0,-20,205,-30,230
78,79,47,0,-20,205,-30,245
78,80,44,0,-20,205,-20,255
78,81,30,1,-20,205,-10,255
78,82,21,1,-15,205,-20,255
78,83,11,0,-20,205,-20,255
78,84,25,0,-20,200,-20,255
78,85,16,0,-35,210,-20,255
78,86,27,1,-35,225,-25,255
78,87,18,0,-65,225,-25,285
78,88,59,1,-65,240,-25,285
78,89,28,1,-55,240,-25,285
78,90,45,0,-55,240,-25,300
78,91,10,1,-40,240,-35,300
78,92,18,0,-70,240,-35,330
78,93,14,1,-70,250,-35,330
78,94,37,0,-85,270,-35,330
78,95,9,0,-95,270,-35,335
78,96,27,1,-95,285,-40,335
78,97,38,0,-105,295,-40,335
78,98,3,1,-115,295,-40,345
78,99,26,0,-125,295,-40,355
79,0,23,1,50,55,45,50
79,1,41,1,55,45,45,50
79,2,6,1,45,45,45,60
79,3,48,1,45,45,45,60
79,4,36,0,45,40,45,75
79,5,12,1,50,40,45,75
79,6,9,0,40,40,45,80
79,7,31,1,40,40,55,80
79,8,1,1,30,40,55,85
79,9,7,1,35,40,55,85
79,10,6,1,25,40,55,95
79,11,4,0,10,55,55,95
79,12,9,0,0,55,55,100
79,13,44,1,5,55,55,100
79,14,57,0,5,55,55,125
79,15,47,0,5,55,55,140
79,16,10,0,-5,65,55,140
79,17,24,1,0,65,55,140
79,18,6,1,-10,65,55,150
79,19,12,0,-15,75,55,150
79,20,27,0,-5,65,55,150
79,21,46,1,0,65,55,150
79,22,32,0,0,85,40,150
79,23,42,1,0,90,40,150
79,24,14,0,0,90,40,160
79,25,19,1,0,90,40,160
79,26,16,0,-15,100,40,160
79,27,24,1,-10,100,40,160
79,28,27,0,0,90,40,160
79,29,41,1,5,80,40,160
79,30,5,1,10,80,30,160
79,31,43,1,10,80,35,155
79,32,23,1,10,85,30,155
79,33,15,0,25,80,30,155
79,34,29,1,25,100,10,155
79,35,39,1,30,100,10,155
79,36,45,0,30,100,10,170
79,37,12,1,35,100,10,170
79,38,8,1,20,100,10,180
79,39,27,1,20,115,5,180
79,40,7,1,25,115,5,180
79,41,39,1,30,115,5,180
79,42,25,1,30,125,5,180
79,43,2,0,20,125,25,180
79,44,8,1,5,125,25,190
79,45,30,1,5,125,35,190
79,46,9,0,-5,125,35,195
79,47,13,1,0,130,35,195
79,48,12,0,-5,140,35,195
79,49,11,0,-10,140,35,195
79,50,48,0,-10,140,35,225
79,51,7,0,-25,150,35,225
79,52,40,0,-25,160,25,225
79,53,2,0,-35,160,45,225
79,54,10,1,-20,160,35,225
79,55,24,0,-25,160,35,225
79,56,43,0,-5,160,25,225
79,57,15,0,10,155,25,225
79,58,13,1,15,160,25,225
79,59,5,1,20,160,15,225
79,60,27,1,20,175,10,225
79,61,19,0,20,175,10,225
79,62,4,0,5,190,10,225
79,63,21,1,10,190,0,225
79,64,22,1,10,195,-10,225
79,65,26,1,20,195,-15,225
79,66,1,0,30,195,-25,225
79,67,17,0,10,215,-25,225
79,68,27,1,10,230,-30,225
79,69,2,1,15,230,-40,225
79,70,33,1,15,245,-40,225
79,71,1,0,25,245,-50,225
79,72,58,0,25,235,-50,225
79,73,41,1,30,225,-50,225
79,74,24,1,35,225,-50,225
79,75,28,0,15,225,-50,240
79,76,19,0,15,225,-50,240
79,77,11,1,20,225,-50,240
79,78,41,0,10,240,-50,240
79,79,59,1,10,255,-50,240
79,80,2,0,0,255,-30,240
79,81,13,1,5,260,-30,240
79,82,47,1,5,260,-30,240
79,83,37,1,15,260,-30,240
79,84,9,0,5,260,-30,245
79,85,27,0,15,250,-30,245
79,86,23,0,5,250,-30,255
79,87,12,1,10,250,-30,255
79,88,7,0,-5,260,-30,255
79,89,20,1,-5,270,-45,255
79,90,1,1,-15,270,-45,260
79,91,29,0,-35,270,-40,260
79,92,48,1,-35,270,-40,260
79,93,13,1,-30,275,-40,260
79,94,6,0,-20,275,-45,260
79,95,19,0,-20,275,-45,260
79,96,41,0,-30,290,-45,260
79,97,45,1,-30,300,-45,260
79,98,16,0,-45,310,-45,260
79,99,17,0,-65,330,-45,260
80,0,19,0,50,50,50,50
80,1,4,1,60,50,50,50
80,2,43,1,60,50,55,45
80,3,57,0,60,50,55,70
80,4,6,1,50,50,55,80
80,5,17,0,30,70,55,80
80,6,11,0,25,70,55,80
80,7,39,0,15,85,55,80
80,8,47,0,15,85,55,95
80,9,15,0,30,80,55,95
80,10,16,1,30,80,45,95
80,11,8,0,30,85,35,95
80,12,44,1,35,85,35,95
80,13,3,0,50,85,30,95
80,14,31,1,50,85,40,95
80,15,1,1,40,85,40,100
80,16,2,1,45,85,30,100
80,17,30,1,45,85,40,100
80,18,16,1,45,85,30,100
80,19,25,0,45,80,30,100
80,20,28,1,55,80,30,100
80,21,10,1,70,80,20,100
80,22,22,0,60,80,30,100
80,23,43,1,60,80,35,95
80,24,24,1,65,80,35,95
80,25,26,0,55,80,35,105
80,26,11,0,50,80,35,105
80,27,1,0,60,80,25,105
80,28,9,1,65,80,25,105
80,29,39,1,70,80,25,105
80,30,46,0,60,80,25,120
80,31,45,1,60,90,25,120
80,32,15,1,60,95,25,120
80,33,6,1,50,95,25,130
80,34,29,1,50,115,5,130
80,35,41,0,40,130,5,130
80,36,43,1,40,130,10,125
80,37,28,0,20,130,10,140
80,38,9,1,25,130,10,140
80,39,6,0,35,130,5,140
80,40,3,0,50,130,0,140
80,41,14,0,50,130,0,150
80,42,15,1,50,135,0,150
80,43,16,1,50,135,-10,150
80,44,17,1,20,135,5,150
80,45,44,1,25,135,5,150
80,46,21,0,15,135,25,150
80,47,41,0,5,150,25,150
80,48,42,0,-10,150,25,165
80,49,13,0,-10,150,25,185
80,50,24,1,-5,150,25,185
80,51,12,0,-10,160,25,185
80,52,25,0,-10,155,25,185
80,53,30,1,-10,155,35,185
80,54,36,1,-10,165,35,185
80,55,22,1,-10,170,25,185
80,56,6,0,0,170,20,185
80,57,18,0,-30,170,20,215
80,58,19,1,-30,170,20,215
80,59,14,1,-30,180,20,215
80,60,17,0,-50,200,20,215
80,61,45,1,-50,210,20,215
80,62,41,0,-60,225,20,215
80,63,37,0,-75,245,20,215
80,64,32,1,-75,235,35,215
80,65,28,1,-65,235,35,215
80,66,36,0,-65,230,35,230
80,67,33,1,-65,245,35,230
80,68,22,1,-65,250,25,230
80,69,46,1,-60,250,25,230
80,70,5,1,-55,250,15,230
80,71,26,1,-45,250,10,230
80,72,45,1,-45,260,10,230
80,73,24,1,-40,260,10,230
80,74,19,1,-40,260,10,230
80,75,43,0,-20,260,0,230
80,76,20,0,-30,260,15,230
80,77,37,0,-45,280,15,230
80,78,13,1,-40,285,15,230
80,79,44,1,-35,285,15,230
80,80,45,0,-35,285,15,245
80,81,20,1,-35,295,0,245
80,82,6,1,-45,295,0,255
80,83,17,1,-75,295,15,255
80,84,38,1,-70,295,15,255
80,85,41,0,-80,310,15,255
80,86,22,1,-80,315,5,255
80,87,26,1,-70,315,0,255
80,88,1,1,-80,315,0,260
80,89,24,1,-75,315,0,260
80,90,41,0,-85,330,0,260
80,91,43,0,-65,330,-10,260
80,92,38,0,-75,340,-10,260
80,93,10,1,-60,340,-20,260
80,94,45,1,-60,350,-20,260
80,95,15,0,-45,345,-20,260
80,96,43,1,-45,345,-15,255
80,97,16,1,-45,345,-25,255
80,98,9,1,-40,345,-25,255
80,99,19,0,-40,345,-25,255
81,0,4,1,60,50,50,50
81,1,43,1,60,50,55,45
81,2,57,0,60,50,55,70
81,3,24,1,65,50,55,70
81,4,9,1,70,50,55,70
81,5,4,1,80,50,55,70
81,6,2,1,85,50,45,70
81,7,38,0,75,60,45,70
81,8,58,0,75,50,45,70
81,9,39,0,65,65,45,70
81,10,21,1,70,65,35,70
81,11,28,1,80,65,35,70
81,12,24,1,85,65,35,70
81,13,40,1,85,55,45,70
81,14,44,0,85,55,55,80
81,15,22,0,75,55,65,80
81,16,20,1,75,65,50,80
81,17,36,0,75,60,50,95
81,18,8,1,60,60,50,105
81,19,39,1,65,60,50,105
81,20,3,0,80,60,45,105
81,21,26,1,90,60,40,105
81,22,9,1,95,60,40,105
81,23,14,0,95,60,40,115
81,24,36,0,95,55,40,130
81,25,24,1,100,55,40,130
81,26,23,0,90,55,40,140
81,27,3,0,105,55,35,140
81,28,12,1,110,55,35,140
81,29,26,1,120,55,30,140
81,30,47,1,120,55,30,140
81,31,39,1,125,55,30,140
81,32,38,1,130,55,30,140
81,33,29,1,130,75,10,140
81,34,8,1,115,75,10,150
81,35,4,0,100,90,10,150
81,36,30,0,100,90,0,175
81,37,13,0,100,90,0,195
81,38,23,0,90,90,0,205
81,39,21,0,80,90,20,205
81,40,17,1,50,90,35,205
81,41,25,1,50,100,35,205
81,42,31,1,50,100,45,205
81,43,6,1,40,100,45,215
81,44,16,1,40,100,35,215
81,45,8,1,25,100,35,225
81,46,26,1,35,100,30,225
81,47,23,0,25,100,30,235
81,48,1,1,15,100,30,240
81,49,37,0,0,120,30,240
81,50,38,1,5,120,30,240
81,51,45,0,5,120,30,255
81,52,5,1,10,120,20,255
81,53,42,0,-5,120,20,270
81,54,46,1,0,120,20,270
81,55,2,0,-10,120,40,270
81,56,27,0,0,110,40,270
81,57,30,0,0,110,30,295
81,58,20,1,0,120,15,295
81,59,15,1,0,125,15,295
81,60,8,0,0,130,5,295
81,61,13,0,0,130,5,315
81,62,14,1,0,140,5,315
81,63,40,0,0,150,-5,315
81,64,41,0,-10,165,-5,315
81,65,16,1,-10,165,-15,315
81,66,30,1,-10,165,-5,315
81,67,46,1,-5,165,-5,315
81,68,36,0,-5,160,-5,330
81,69,15,0,10,155,-5,330
81,70,12,0,5,165,-5,330
81,71,38,1,10,165,-5,330
81,72,6,1,0,165,-5,340
81,73,20,1,0,175,-20,340
81,74,4,1,10,175,-20,340
81,75,30,1,10,175,-10,340
81,76,1,0,20,175,-20,340
81,77,10,1,35,175,-30,340
81,78,41,1,40,165,-30,340
81,79,17,1,10,165,-15,340
81,80,3,1,0,165,-15,350
81,81,9,0,-10,165,-15,355
81,82,24,0,-15,165,-15,355
81,83,47,1,-15,165,-15,355
81,84,11,0,-20,165,-15,355
81,85,30,0,-20,165,-25,380
81,86,16,0,-35,175,-25,380
81,87,10,0,-45,185,-25,380
81,88,21,0,-55,185,-5,380
81,89,36,1,-55,195,-5,380
81,90,41,1,-50,185,-5,380
81,91,14,1,-50,195,-5,380
81,92,3,0,-35,195,-10,380
81,93,22,0,-45,195,0,380
81,94,40,0,-45,205,-10,380
81,95,25,1,-45,215,-10,380
81,96,17,0,-65,235,-10,380
81,97,38,0,-75,245,-10,380
81,98,15,0,-60,240,-10,380
81,99,23,0,-70,240,-10,390
82,0,17,1,20,50,65,50
82,1,30,1,20,50,75,50
82,2,19,1,20,50,75,50
82,3,22,1,20,55,65,50
82,4,12,0,15,65,65,50
82,5,49,0,15,60,65,65
82,6,17,0,-5,80,65,65
82,7,13,1,0,85,65,65
82,8,22,0,-10,85,75,65
82,9,36,0,-10,80,75,80
82,10,27,1,-10,95,70,80
82,11,50,1,-10,105,70,80
82,12,17,0,-30,125,70,80
82,13,40,0,-30,135,60,80
82,14,39,0,-40,150,60,80
82,15,44,1,-35,150,60,80
82,16,46,1,-30,150,60,80
82,17,9,1,-25,150,60,80
82,18,12,0,-30,160,60,80
82,19,8,0,-30,165,50,80
82,20,43,1,-30,165,55,75
82,21,11,0,-35,165,55,75
82,22,51,1,-35,175,55,75
82,23,5,0,-45,175,60,75
82,24,45,1,-45,185,60,75
82,25,9,1,-40,185,60,75
82,26,11,1,-35,185,60,75
82,27,19,1,-35,185,60,75
82,28,40,1,-35,175,70,75
82,29,17,0,-55,195,70,75
82,30,13,0,-55,195,70,95
82,31,3,1,-65,195,70,105
82,32,30,1,-65,195,80,105
82,33,37,0,-80,215,80,105
82,34,26,1,-70,215,75,105
82,35,8,1,-85,215,75,115
82,36,21,1,-80,215,65,115
82,37,22,1,-80,220,55,115
82,38,14,0,-80,220,55,125
82,39,3,0,-65,220,50,125
82,40,42,0,-80,220,50,140
82,41,26,0,-90,220,50,150
82,42,47,0,-90,220,50,165
82,43,18,0,-120,220,50,195
82,44,8,1,-135,220,50,205
82,45,10,0,-145,230,50,205
82,46,1,0,-135,230,40,205
82,47,5,0,-145,230,45,205
82,48,31,1,-145,230,55,205
82,49,13,0,-145,230,55,225
82,50,38,1,-140,230,55,225
82,51,7,0,-155,240,55,225
82,52,17,1,-185,240,70,225
82,53,23,1,-185,245,65,225
82,54,37,1,-175,245,65,225
82,55,9,0,-185,245,65,230
82,56,11,0,-190,245,65,230
82,57,30,1,-190,245,75,230
82,58,23,1,-190,250,70,230
82,59,25,0,-190,245,70,230
82,60,42,0,-205,245,70,245
82,61,13,1,-200,250,70,245
82,62,47,1,-200,250,70,245
82,63,29,0,-220,250,75,245
82,64,41,1,-215,240,75,245
82,65,7,0,-230,250,75,245
82,66,13,0,-230,250,75,265
82,67,1,0,-220,250,65,265
82,68,15,1,-220,255,65,265
82,69,23,0,-230,255,65,275
82,70,21,1,-225,255,55,275
82,71,8,0,-225,260,45,275
82,72,24,1,-220,260,45,275
82,73,10,1,-205,260,35,275
82,74,14,1,-205,270,35,275
82,75,52,0,-185,260,35,275
82,76,16,0,-200,270,35,275
82,77,13,0,-200,270,35,295
82,78,8,0,-200,275,25,295
82,79,17,0,-220,295,25,295
82,80,44,0,-220,295,35,305
82,81,24,1,-215,295,35,305
82,82,26,1,-205,295,30,305
82,83,39,1,-200,295,30,305
82,84,15,0,-185,290,30,305
82,85,41,1,-180,280,30,305
82,86,46,0,-190,280,30,320
82,87,12,1,-185,280,30,320
82,88,32,0,-185,300,15,320
82,89,38,0,-195,310,15,320
82,90,10,1,-180,310,5,320
82,91,40,0,-180,320,-5,320
82,92,15,1,-180,325,-5,320
82,93,29,1,-180,345,-25,320
82,94,45,1,-180,355,-25,320
82,95,6,1,-190,355,-25,330
82,96,8,0,-190,360,-35,330
82,97,12,1,-185,360,-35,330
82,98,48,0,-185,360,-35,360
82,99,5,0,-195,360,-30,360
83,0,25,0,50,45,50,50
83,1,15,0,65,40,50,50
83,2,8,1,50,40,50,60
83,3,27,1,50,55,45,60
83,4,16,0,35,65,45,60
83,5,30,1,35,65,55,60
83,6,14,1,35,75,55,60
83,7,39,0,25,90,55,60
83,8,2,0,15,90,75,60
83,9,26,1,25,90,70,60
83,10,3,1,15,90,70,70
83,11,49,1,15,95,70,70
83,12,27,1,15,110,65,70
83,13,36,0,15,105,65,85
83,14,29,0,-5,105,70,85
83,15,7,1,0,105,70,85
83,16,45,0,0,105,70,100
83,17,21,0,-10,105,90,100
83,18,43,0,10,105,80,100
83,19,46,1,15,105,80,100
83,20,47,1,15,105,80,100
83,21,4,0,0,120,80,100
83,22,30,1,0,120,90,100
83,23,3,1,-10,120,90,110
83,24,8,1,-25,120,90,120
83,25,13,1,-20,125,90,120
83,26,47,0,-20,125,90,135
83,27,36,0,-20,120,90,150
83,28,12,0,-25,130,90,150
83,29,7,1,-20,130,90,150
83,30,11,1,-15,130,90,150
83,31,31,1,-15,130,100,150
83,32,22,0,-25,130,110,150
83,33,28,0,-45,130,110,165
83,34,12,0,-50,140,110,165
83,35,32,0,-50,160,95,165
83,36,57,1,-50,170,95,165
83,37,29,0,-70,170,100,165
83,38,14,0,-70,170,100,175
83,39,18,1,-60,170,100,175
83,40,4,1,-50,170,100,175
83,41,3,1,-60,170,100,185
83,42,47,0,-60,170,100,200
83,43,39,1,-55,170,100,200
83,44,28,1,-45,170,100,200
83,45,12,0,-50,180,100,200
83,46,22,1,-50,185,90,200
83,47,10,0,-60,195,90,200
83,48,11,1,-55,195,90,200
83,49,21,0,-65,195,110,200
83,50,5,1,-60,195,100,200
83,51,33,0,-30,195,100,200
83,52,18,0,-60,195,100,230
83,53,1,0,-50,195,90,230
83,54,12,0,-55,205,90,230
83,55,46,1,-50,205,90,230
83,56,29,0,-70,205,95,230
83,57,47,1,-70,205,95,230
83,58,16,1,-70,205,85,230
83,59,28,0,-90,205,85,245
83,60,48,0,-90,205,85,275
83,61,36,0,-90,200,85,290
83,62,15,1,-90,205,85,290
83,63,14,1,-90,215,85,290
83,64,41,0,-100,230,85,290
83,65,5,1,-95,230,75,290
83,66,19,0,-95,230,75,290
83,67,38,1,-90,230,75,290
83,68,3,0,-75,230,70,290
83,69,45,1,-75,240,70,290
83,70,7,1,-70,240,70,290
83,71,12,0,-75,250,70,290
83,72,44,0,-75,250,80,300
83,73,6,1,-85,250,80,310
83,74,23,1,-85,255,75,310
83,75,40,1,-85,245,85,310
83,76,43,0,-65,245,75,310
83,77,8,0,-65,250,65,310
83,78,27,0,-55,240,65,310
83,79,25,0,-55,235,65,310
83,80,47,0,-55,235,65,325
83,81,36,1,-55,245,65,325
83,82,15,1,-55,250,65,325
83,83,4,0,-70,265,65,325
83,84,11,0,-75,265,65,325
83,85,21,0,-85,265,85,325
83,86,39,1,-80,265,85,325
83,87,30,0,-80,265,75,350
83,88,24,0,-85,265,75,350
83,89,13,1,-80,270,75,350
83,90,2,1,-75,270,65,350
83,91,26,1,-65,270,60,350
83,92,28,1,-55,270,60,350
83,93,58,1,-55,280,60,350
83,94,27,0,-45,270,60,350
83,95,19,1,-45,270,60,350
83,96,46,1,-40,270,60,350
83,97,43,1,-40,270,65,345
83,98,14,1,-40,280,65,345
83,99,40,0,-40,290,55,345
84,0,16,1,50,50,40,50
84,1,25,0,50,45,40,50
84,2,15,1,50,50,40,50
84,3,38,0,40,60,40,50
84,4,36,1,40,70,40,50
84,5,28,1,50,70,40,50
84,6,11,0,45,70,40,50
84,7,43,1,45,70,45,45
84,8,22,0,35,70,55,45
84,9,38,0,25,80,55,45
84,10,36,1,25,90,55,45
84,11,3,0,40,90,50,45
84,12,20,1,40,100,35,45
84,13,39,0,30,115,35,45
84,14,37,0,15,135,35,45
84,15,19,0,15,135,35,45
84,16,25,0,15,130,35,45
84,17,28,1,25,130,35,45
84,18,39,0,15,145,35,45
84,19,30,1,15,145,45,45
84,20,4,0,0,160,45,45
84,21,9,1,5,160,45,45
84,22,31,0,5,170,35,45
84,23,15,0,20,165,35,45
84,24,48,0,20,165,35,75
84,25,14,0,20,165,35,85
84,26,25,1,20,175,35,85
84,27,27,0,30,165,35,85
84,28,57,0,30,165,35,110
84,29,39,0,20,180,35,110
84,30,30,1,20,180,45,110
84,31,37,1,30,180,45,110
84,32,9,1,35,180,45,110
84,33,17,1,5,180,60,110
84,34,3,1,-5,180,60,120
84,35,21,0,-15,180,80,120
84,36,22,1,-15,185,70,120
84,37,8,1,-30,185,70,130
84,38,24,1,-25,185,70,130
84,39,11,0,-30,185,70,130
84,40,14,0,-30,185,70,140
84,41,38,0,-40,195,70,140
84,42,28,0,-60,195,70,155
84,43,20,1,-60,205,55,155
84,44,22,0,-70,205,65,155
84,45,39,1,-65,205,65,155
84,46,2,0,-75,205,85,155
84,47,44,1,-70,205,85,155
84,48,46,1,-65,205,85,155
84,49,5,0,-75,205,90,155
84,50,28,1,-65,205,90,155
84,51,1,1,-75,205,90,160
84,52,24,1,-70,205,90,160
84,53,18,1,-60,205,90,160
84,54,16,0,-75,215,90,160
84,55,26,1,-65,215,85,160
84,56,30,1,-65,215,95,160
84,57,36,0,-65,210,95,175
84,58,25,1,-65,220,95,175
84,59,38,0,-75,230,95,175
84,60,42,0,-90,230,95,190
84,61,26,1,-80,230,90,190
84,62,36,0,-80,225,90,205
84,63,24,1,-75,225,90,205
84,64,30,1,-75,225,100,205
84,65,27,1,-75,240,95,205
84,66,3,0,-60,240,90,205
84,67,29,1,-60,260,70,205
84,68,14,0,-60,260,70,215
84,69,38,0,-70,270,70,215
84,70,27,0,-60,260,70,215
84,71,43,0,-40,260,60,215
84,72,4,1,-30,260,60,215
84,73,23,1,-30,265,55,215
84,74,30,1,-30,265,65,215
84,75,48,0,-30,265,65,245
84,76,41,1,-25,255,65,245
84,77,28,0,-45,255,65,260
84,78,16,0,-60,265,65,260
84,79,6,1,-70,265,65,270
84,80,4,0,-85,280,65,270
84,81,39,0,-95,295,65,270
84,82,26,0,-105,295,65,280
84,83,3,1,-115,295,65,290
84,84,8,0,-115,300,55,290
84,85,38,1,-110,300,55,290
84,86,10,1,-95,300,45,290
84,87,17,1,-125,300,60,290
84,88,25,1,-125,310,60,290
84,89,13,0,-125,310,60,310
84,90,15,0,-110,305,60,310
84,91,21,1,-105,305,50,310
84,92,12,1,-100,305,50,310
84,93,27,1,-100,320,45,310
84,94,26,0,-110,320,45,320
84,95,10,0,-120,330,45,320
84,96,23,1,-120,335,40,320
84,97,22,1,-120,340,30,320
84,98,45,1,-120,350,30,320
84,99,17,0,-140,370,30,320
85,0,41,1,55,40,50,50
85,1,10,0,45,50,50,50
85,2,24,0,40,50,50,50
85,3,14,1,40,60,50,50
85,4,1,1,30,60,50,55
85,5,18,0,0,60,50,85
85,6,25,0,0,55,50,85
85,7,37,1,10,55,50,85
85,8,29,0,-10,55,55,85
85,9,4,0,-25,70,55,85
85,10,45,1,-25,80,55,85
85,11,14,1,-25,90,55,85
85,12,47,0,-25,90,55,100
85,13,13,1,-20,95,55,100
85,14,2,0,-30,95,75,100
85,15,10,1,-15,95,65,100
85,16,39,1,-10,95,65,100
85,17,24,0,-15,95,65,100
85,18,44,1,-10,95,65,100
85,19,26,0,-20,95,65,110
85,20,30,0,-20,95,55,135
85,21,57,0,-20,95,55,160
85,22,36,1,-20,105,55,160
85,23,24,0,-25,105,55,160
85,24,26,0,-35,105,55,170
85,25,48,0,-35,105,55,200
85,26,8,1,-50,105,55,210
85,27,37,0,-65,125,55,210
85,28,40,0,-65,135,45,210
85,29,41,0,-75,150,45,210
85,30,15,0,-60,145,45,210
85,31,39,0,-70,160,45,210
85,32,17,0,-90,180,45,210
85,33,45,1,-90,190,45,210
85,34,37,0,-105,210,45,210
85,35,36,0,-105,205,45,225
85,36,22,1,-105,210,35,225
85,37,11,1,-100,210,35,225
85,38,1,0,-90,210,25,225
85,39,45,1,-90,220,25,225
85,40,26,1,-80,220,20,225
85,41,25,1,-80,230,20,225
85,42,30,1,-80,230,30,225
85,43,8,0,-80,235,20,225
85,44,18,1,-70,235,20,225
85,45,22,1,-70,240,10,225
85,46,5,0,-80,240,15,225
85,47,40,1,-80,230,25,225
85,48,17,1,-110,230,40,225
85,49,58,1,-110,240,40,225
85,50,12,1,-105,240,40,225
85,51,26,1,-95,240,35,225
85,52,18,0,-125,240,35,255
85,53,30,0,-125,240,25,280
85,54,48,1,-125,240,25,280
85,55,41,1,-120,230,25,280
85,56,44,0,-120,230,35,290
85,57,4,0,-135,245,35,290
85,58,10,1,-120,245,25,290
85,59,20,1,-120,255,10,290
85,60,19,0,-120,255,10,290
85,61,28,0,-140,255,10,305
85,62,14,0,-140,255,10,315
85,63,38,0,-150,265,10,315
85,64,40,1,-150,255,20,315
85,65,26,0,-160,255,20,325
85,66,41,1,-155,245,20,325
85,67,46,0,-165,245,20,340
85,68,15,0,-150,240,20,340
85,69,38,0,-160,250,20,340
85,70,7,0,-175,260,20,340
85,71,17,0,-195,280,20,340
85,72,31,0,-195,290,10,340
85,73,24,0,-200,290,10,340
85,74,42,1,-200,295,10,340
85,75,5,1,-195,295,0,340
85,76,30,1,-195,295,10,340
85,77,29,0,-215,295,15,340
85,78,2,0,-225,295,35,340
85,79,17,0,-245,315,35,340
85,80,36,0,-245,310,35,355
85,81,45,0,-245,310,35,370
85,82,46,0,-255,310,35,385
85,83,20,1,-255,320,20,385
85,84,24,1,-250,320,20,385
85,85,32,1,-250,310,35,385
85,86,16,0,-265,320,35,385
85,87,38,0,-275,330,35,385
85,88,37,0,-290,350,35,385
85,89,33,0,-260,350,35,385
85,90,26,0,-270,350,35,395
85,91,15,1,-270,355,35,395
85,92,18,0,-300,355,35,425
85,93,46,0,-310,355,35,440
85,94,47,0,-310,355,35,455
85,95,37,0,-325,375,35,455
85,96,43,0,-305,375,25,455
85,97,2,1,-300,375,15,455
85,98,22,0,-310,375,25,455
85,99,10,1,-295,375,15,455
86,0,21,0,40,50,70,50
86,1,6,1,30,50,70,60
86,2,42,1,30,55,70,60
86,3,11,1,35,55,70,60
86,4,46,0,25,55,70,75
86,5,24,1,30,55,70,75
86,6,44,0,30,55,80,85
86,7,13,1,35,60,80,85
86,8,2,1,40,60,70,85
86,9,12,1,45,60,70,85
86,10,24,1,50,60,70,85
86,11,40,0,50,70,60,85
86,12,46,1,55,70,60,85
86,13,7,1,60,70,60,85
86,14,6,1,50,70,60,95
86,15,5,0,40,70,65,95
86,16,44,0,40,70,75,105
86,17,29,1,40,90,55,105
86,18,17,1,10,90,70,105
86,19,24,1,15,90,70,105
86,20,26,0,5,90,70,115
86,21,23,0,-5,90,70,125
86,22,40,1,-5,80,80,125
86,23,9,1,0,80,80,125
86,24,43,1,0,80,85,120
86,25,4,0,-15,95,85,120
86,26,41,0,-25,110,85,120
86,27,42,0,-40,110,85,135
86,28,11,0,-45,110,85,135
86,29,19,0,-45,110,85,135
86,30,47,1,-45,110,85,135
86,31,23,0,-55,110,85,145
86,32,28,1,-45,110,85,145
86,33,9,0,-55,110,85,150
86,34,20,0,-65,110,100,150
86,35,1,1,-75,110,100,155
86,36,45,0,-75,110,100,170
86,37,24,0,-80,110,100,170
86,38,14,0,-80,110,100,180
86,39,57,1,-80,120,100,180
86,40,48,0,-80,120,100,210
86,41,23,1,-80,125,95,210
86,42,12,0,-85,135,95,210
86,43,30,1,-85,135,105,210
86,44,1,1,-95,135,105,215
86,45,37,0,-110,155,105,215
86,46,22,0,-120,155,115,215
86,47,7,0,-135,165,115,215
86,48,28,0,-155,165,115,230
86,49,6,1,-165,165,115,240
86,50,23,1,-165,170,110,240
86,51,3,1,-175,170,110,250
86,52,29,1,-175,190,90,250
86,53,22,0,-185,190,100,250
86,54,40,1,-185,180,110,250
86,55,43,1,-185,180,115,245
86,56,3,1,-195,180,115,255
86,57,25,0,-195,175,115,255
86,58,49,0,-195,170,115,270
86,59,15,1,-195,175,115,270
86,60,43,0,-175,175,105,270
86,61,18,1,-165,175,105,270
86,62,21,1,-160,175,95,270
86,63,23,1,-160,180,90,270
86,64,3,0,-145,180,85,270
86,65,15,1,-145,185,85,270
86,66,4,0,-160,200,85,270
86,67,20,1,-160,210,70,270
86,68,48,0,-160,210,70,300
86,69,19,0,-160,210,70,300
86,70,2,1,-155,210,60,300
86,71,29,1,-155,230,40,300
86,72,15,0,-140,225,40,300
86,73,25,0,-140,220,40,300
86,74,23,1,-140,225,35,300
86,75,8,0,-140,230,25,300
86,76,46,0,-150,230,25,315
86,77,17,1,-180,230,40,315
86,78,15,1,-180,235,40,315
86,79,24,1,-175,235,40,315
86,80,23,1,-175,240,35,315
86,81,50,0,-175,240,35,330
86,82,36,0,-175,235,35,345
86,83,8,0,-175,240,25,345
86,84,7,1,-170,240,25,345
86,85,28,1,-160,240,25,345
86,86,43,0,-140,240,15,345
86,87,23,0,-150,240,15,355
86,88,20,0,-160,240,30,355
86,89,36,0,-160,235,30,370
86,90,38,1,-155,235,30,370
86,91,30,1,-155,235,40,370
86,92,29,0,-175,235,45,370
86,93,37,0,-190,255,45,370
86,94,28,1,-180,255,45,370
86,95,20,1,-180,265,30,370
86,96,48,1,-180,265,30,370
86,97,5,1,-175,265,20,370
86,98,2,0,-185,265,40,370
86,99,21,1,-180,265,30,370
87,0,13,1,55,55,50,50
87,1,8,0,55,60,40,50
87,2,38,0,45,70,40,50
87,3,23,0,35,70,40,60
87,4,5,1,40,70,30,60
87,5,45,0,40,70,30,75
87,6,41,0,30,85,30,75
87,7,1,1,20,85,30,80
87,8,27,0,30,75,30,80
87,9,6,1,20,75,30,90
87,10,7,1,25,75,30,90
87,11,57,1,25,85,30,90
87,12,4,1,35,85,30,90
87,13,10,1,50,85,20,90
87,14,39,1,55,85,20,90
87,15,41,0,45,100,20,90
87,16,42,0,30,100,20,105
87,17,47,0,30,100,20,120
87,18,8,1,15,100,20,130
87,19,36,1,15,110,20,130
87,20,15,1,15,115,20,130
87,21,12,1,20,115,20,130
87,22,29,0,0,115,25,130
87,23,3,0,15,115,20,130
87,24,36,0,15,110,20,145
87,25,8,0,15,115,10,145
87,26,26,1,25,115,5,145
87,27,1,1,15,115,5,150
87,28,18,0,-15,115,5,180
87,29,7,0,-30,125,5,180
87,30,43,1,-30,125,10,175
87,31,31,0,-30,135,0,175
87,32,41,1,-25,125,0,175
87,33,18,1,-15,125,0,175
87,34,38,0,-25,135,0,175
87,35,58,0,-25,125,0,175
87,36,13,0,-25,125,0,195
87,37,42,0,-40,125,0,210
87,38,43,1,-40,125,5,205
87,39,46,0,-50,125,5,220
87,40,18,0,-80,125,5,250
87,41,30,0,-80,125,-5,275
87,42,23,0,-90,125,-5,285
87,43,32,1,-90,115,10,285
87,44,8,1,-105,115,10,295
87,45,25,0,-105,110,10,295
87,46,40,1,-105,100,20,295
87,47,46,1,-100,100,20,295
87,48,13,0,-100,100,20,315
87,49,9,1,-95,100,20,315
87,50,41,0,-105,115,20,315
87,51,36,0,-105,110,20,330
87,52,26,0,-115,110,20,340
87,53,48,0,-115,110,20,370
87,54,17,0,-135,130,20,370
87,55,37,0,-150,150,20,370
87,56,41,1,-145,140,20,370
87,57,11,1,-140,140,20,370
87,58,23,0,-150,140,20,380
87,59,59,0,-150,140,10,400
87,60,3,1,-160,140,10,410
87,61,48,0,-160,140,10,440
87,62,60,1,-160,150,10,440
87,63,21,0,-170,150,30,440
87,64,2,1,-165,150,20,440
87,65,36,1,-165,160,20,440
87,66,18,1,-155,160,20,440
87,67,27,1,-155,175,15,440
87,68,42,0,-170,175,15,455
87,69,4,0,-185,190,15,455
87,70,23,0,-195,190,15,465
87,71,6,1,-205,190,15,475
87,72,46,0,-215,190,15,490
87,73,42,0,-230,190,15,505
87,74,7,1,-225,190,15,505
87,75,41,0,-235,205,15,505
87,76,40,0,-235,215,5,505
87,77,18,0,-265,215,5,535
87,78,12,0,-270,225,5,535
87,79,11,0,-275,225,5,535
87,80,61,0,-275,225,25,535
87,81,19,1,-275,225,25,535
87,82,21,0,-285,225,45,535
87,83,28,1,-275,225,45,535
87,84,40,0,-275,235,35,535
87,85,26,1,-265,235,30,535
87,86,41,0,-275,250,30,535
87,87,43,1,-275,250,35,530
87,88,11,0,-280,250,35,530
87,89,7,0,-295,260,35,530
87,90,28,1,-285,260,35,530
87,91,48,0,-285,260,35,560
87,92,27,0,-275,250,35,560
87,93,10,0,-285,260,35,560
87,94,47,1,-285,260,35,560
87,95,33,0,-255,260,35,560
87,96,43,1,-255,260,40,555
87,97,30,0,-255,260,30,580
87,98,34,1,-240,260,30,580
87,99,28,0,-260,260,30,595
88,0,3,0,65,50,45,50
88,1,15,1,65,55,45,50
88,2,42,0,50,55,45,65
88,3,20,1,50,65,30,65
88,4,12,1,55,65,30,65
88,5,26,0,45,65,30,75
88,6,44,0,45,65,40,85
88,7,2,0,35,65,60,85
88,8,46,0,25,65,60,100
88,9,4,1,35,65,60,100
88,10,13,1,40,70,60,100
88,11,37,0,25,90,60,100
88,12,22,1,25,95,50,100
88,13,42,0,10,95,50,115
88,14,31,1,10,95,60,115
88,15,3,1,0,95,60,125
88,16,37,0,-15,115,60,125
88,17,44,0,-15,115,70,135
88,18,11,0,-20,115,70,135
88,19,25,1,-20,125,70,135
88,20,9,0,-30,125,70,140
88,21,40,0,-30,135,60,140
88,22,21,0,-40,135,80,140
88,23,57,0,-40,135,80,165
88,24,17,0,-60,155,80,165
88,25,43,0,-40,155,70,165
88,26,27,1,-40,170,65,165
88,27,42,1,-40,175,65,165
88,28,46,0,-50,175,65,180
88,29,29,0,-70,175,70,180
88,30,7,1,-65,175,70,180
88,31,30,0,-65,175,60,205
88,32,5,0,-75,175,65,205
88,33,6,0,-65,175,60,205
88,34,48,0,-65,175,60,235
88,35,1,1,-75,175,60,240
88,36,15,0,-60,170,60,240
88,37,58,0,-60,160,60,240
88,38,19,1,-60,160,60,240
88,39,43,0,-40,160,50,240
88,40,21,0,-50,160,70,240
88,41,27,0,-40,150,70,240
88,42,11,1,-35,150,70,240
88,43,15,0,-20,145,70,240
88,44,47,0,-20,145,70,255
88,45,42,1,-20,150,70,255
88,46,6,0,-10,150,65,255
88,47,41,1,-5,140,65,255
88,48,15,0,10,135,65,255
88,49,4,1,20,135,65,255
88,50,40,0,20,145,55,255
88,51,29,0,0,145,60,255
88,52,46,1,5,145,60,255
88,53,43,0,25,145,50,255
88,54,14,0,25,145,50,265
88,55,28,0,5,145,50,280
88,56,59,1,5,160,50,280
88,57,4,0,-10,175,50,280
88,58,22,0,-20,175,60,280
88,59,30,1,-20,175,70,280
88,60,9,1,-15,175,70,280
88,61,1,0,-5,175,60,280
88,62,40,1,-5,165,70,280
88,63,19,1,-5,165,70,280
88,64,21,1,0,165,60,280
88,65,10,1,15,165,50,280
88,66,5,0,5,165,55,280
88,67,44,0,5,165,65,290
88,68,18,1,15,165,65,290
88,69,20,1,15,175,50,290
88,70,22,0,5,175,60,290
88,71,47,0,5,175,60,305
88,72,10,0,-5,185,60,305
88,73,32,1,-5,175,75,305
88,74,48,1,-5,175,75,305
88,75,12,0,-10,185,75,305
88,76,60,0,20,185,75,305
88,77,38,0,10,195,75,305
88,78,18,0,-20,195,75,335
88,79,23,1,-20,200,70,335
88,80,14,0,-20,200,70,345
88,81,5,1,-15,200,60,345
88,82,28,0,-35,200,60,360
88,83,47,0,-35,200,60,375
88,84,4,0,-50,215,60,375
88,85,12,0,-55,225,60,375
88,86,29,1,-55,245,40,375
88,87,33,1,-55,260,40,375
88,88,26,0,-65,260,40,385
88,89,20,0,-75,260,55,385
88,90,2,1,-70,260,45,385
88,91,7,1,-65,260,45,385
88,92,8,0,-65,265,35,385
88,93,25,0,-65,260,35,385
88,94,11,0,-70,260,35,385
88,95,34,0,-70,245,60,385
88,96,45,0,-70,245,60,400
88,97,21,1,-65,245,50,400
88,98,13,0,-65,245,50,420
88,99,36,0,-65,240,50,435
89,0,47,1,50,50,50,50
89,1,43,1,50,50,55,45
89,2,48,1,50,50,55,45
89,3,14,0,50,50,55,55
89,4,5,1,55,50,45,55
89,5,11,1,60,50,45,55
89,6,10,1,75,50,35,55
89,7,39,0,65,65,35,55
89,8,22,0,55,65,45,55
89,9,13,1,60,70,45,55
89,10,26,1,70,70,40,55
89,11,18,0,40,70,40,85
89,12,45,1,40,80,40,85
89,13,3,0,55,80,35,85
89,14,39,1,60,80,35,85
89,15,14,1,60,90,35,85
89,16,21,1,65,90,25,85
89,17,10,0,55,100,25,85
89,18,31,1,55,100,35,85
89,19,26,1,65,100,30,85
89,20,27,1,65,115,25,85
89,21,6,0,75,115,20,85
89,22,44,0,75,115,30,95
89,23,39,0,65,130,30,95
89,24,28,1,75,130,30,95
89,25,23,1,75,135,25,95
89,26,22,0,65,135,35,95
89,27,5,0,55,135,40,95
89,28,6,1,45,135,40,105
89,29,17,1,15,135,55,105
89,30,39,1,20,135,55,105
89,31,12,0,15,145,55,105
89,32,13,0,15,145,55,125
89,33,27,1,15,160,50,125
89,34,4,1,25,160,50,125
89,35,7,0,10,170,50,125
89,36,36,1,10,180,50,125
89,37,15,1,10,185,50,125
89,38,14,0,10,185,50,135
89,39,5,1,15,185,40,135
89,40,32,1,15,175,55,135
89,41,24,1,20,175,55,135
89,42,3,1,10,175,55,145
89,43,30,1,10,175,65,145
89,44,7,1,15,175,65,145
89,45,19,0,15,175,65,145
89,46,43,1,15,175,70,140
89,47,29,0,-5,175,75,140
89,48,15,0,10,170,75,140
89,49,18,1,20,170,75,140
89,50,7,0,5,180,75,140
89,51,39,1,10,180,75,140
89,52,36,1,10,190,75,140
89,53,24,1,15,190,75,140
89,54,1,0,25,190,65,140
89,55,40,1,25,180,75,140
89,56,12,1,30,180,75,140
89,57,47,0,30,180,75,155
89,58,9,1,35,180,75,155
89,59,57,1,35,190,75,155
89,60,5,1,40,190,65,155
89,61,7,0,25,200,65,155
89,62,6,1,15,200,65,165
89,63,10,1,30,200,55,165
89,64,29,1,30,220,35,165
89,65,1,1,20,220,35,170
89,66,48,1,20,220,35,170
89,67,13,0,20,220,35,190
89,68,6,0,30,220,30,190
89,69,43,0,50,220,20,190
89,70,5,0,40,220,25,190
89,71,16,1,40,220,15,190
89,72,13,1,45,225,15,190
89,73,14,1,45,235,15,190
89,74,19,1,45,235,15,190
89,75,17,1,15,235,30,190
89,76,22,1,15,240,20,190
89,77,7,1,20,240,20,190
89,78,21,0,10,240,40,190
89,79,11,0,5,240,40,190
89,80,38,0,-5,250,40,190
89,81,16,0,-20,260,40,190
89,82,2,0,-30,260,60,190
89,83,36,1,-30,270,60,190
89,84,30,0,-30,270,50,215
89,85,25,0,-30,265,50,215
89,86,48,0,-30,265,50,245
89,87,41,0,-40,280,50,245
89,88,44,0,-40,280,60,255
89,89,15,0,-25,275,60,255
89,90,47,0,-25,275,60,270
89,91,20,1,-25,285,45,270
89,92,13,0,-25,285,45,290
89,93,12,0,-30,295,45,290
89,94,43,1,-30,295,50,285
89,95,15,0,-15,290,50,285
89,96,29,0,-35,290,55,285
89,97,42,0,-50,290,55,300
89,98,46,0,-60,290,55,315
89,99,20,1,-60,300,40,315
90,0,57,1,50,60,50,50
90,1,30,1,50,60,60,50
90,2,27,1,50,75,55,50
90,3,24,1,55,75,55,50
90,4,4,0,40,90,55,50
90,5,47,1,40,90,55,50
90,6,2,1,45,90,45,50
90,7,49,1,45,95,45,50
90,8,28,1,55,95,45,50
90,9,23,1,55,100,40,50
90,10,58,1,55,110,40,50
90,11,45,1,55,120,40,50
90,12,25,1,55,130,40,50
90,13,4,0,40,145,40,50
90,14,8,1,25,145,40,60
90,15,17,0,5,165,40,60
90,16,5,0,-5,165,45,60
90,17,46,0,-15,165,45,75
90,18,22,0,-25,165,55,75
90,19,43,1,-25,165,60,70
90,20,59,1,-25,180,60,70
90,21,31,0,-25,190,50,70
90,22,60,1,-25,200,50,70
90,23,15,0,-10,195,50,70
90,24,9,1,-5,195,50,70
90,25,13,0,-5,195,50,90
90,26,36,0,-5,190,50,105
90,27,48,1,-5,190,50,105
90,28,37,0,-20,210,50,105
90,29,41,0,-30,225,50,105
90,30,43,0,-10,225,40,105
90,31,28,0,-30,225,40,120
90,32,18,1,-20,225,40,120
90,33,42,0,-35,225,40,135
90,34,1,0,-25,225,30,135
90,35,47,1,-25,225,30,135
90,36,19,1,-25,225,30,135
90,37,21,1,-20,225,20,135
90,38,23,1,-20,230,15,135
90,39,61,0,-20,230,35,135
90,40,1,1,-30,230,35,140
90,41,48,0,-30,230,35,170
90,42,32,0,-30,250,20,170
90,43,24,1,-25,250,20,170
90,44,7,1,-20,250,20,170
90,45,36,0,-20,245,20,185
90,46,44,0,-20,245,30,195
90,47,28,0,-40,245,30,210
90,48,14,0,-40,245,30,220
90,49,1,1,-50,245,30,225
90,50,39,0,-60,260,30,225
90,51,62,0,-60,260,30,225
90,52,8,0,-60,265,20,225
90,53,41,1,-55,255,20,225
90,54,42,1,-55,260,20,225
90,55,16,0,-70,270,20,225
90,56,5,0,-80,270,25,225
90,57,37,1,-70,270,25,225
90,58,18,0,-100,270,25,255
90,59,29,1,-100,290,5,255
90,60,45,1,-100,300,5,255
90,61,1,1,-110,300,5,260
90,62,41,0,-120,315,5,260
90,63,28,0,-140,315,5,275
90,64,37,0,-155,335,5,275
90,65,19,0,-155,335,5,275
90,66,9,0,-165,335,5,280
90,67,43,1,-165,335,10,275
90,68,28,0,-185,335,10,290
90,69,1,1,-195,335,10,295
90,70,19,0,-195,335,10,295
90,71,24,1,-190,335,10,295
90,72,7,0,-205,345,10,295
90,73,17,0,-225,365,10,295
90,74,14,0,-225,365,10,305
90,75,3,1,-235,365,10,315
90,76,1,0,-225,365,0,315
90,77,30,1,-225,365,10,315
90,78,9,0,-235,365,10,320
90,79,28,0,-255,365,10,335
90,80,22,1,-255,370,0,335
90,81,39,1,-250,370,0,335
90,82,2,1,-245,370,-10,335
90,83,43,1,-245,370,-5,330
90,84,24,1,-240,370,-5,330
90,85,16,1,-240,370,-15,330
90,86,9,0,-250,370,-15,335
90,87,21,1,-245,370,-25,335
90,88,8,1,-260,370,-25,345
90,89,15,0,-245,365,-25,345
90,90,39,1,-240,365,-25,345
90,91,18,1,-230,365,-25,345
90,92,43,1,-230,365,-20,340
90,93,1,1,-240,365,-20,345
90,94,5,0,-250,365,-15,345
90,95,47,1,-250,365,-15,345
90,96,48,1,-250,365,-15,345
90,97,16,0,-265,375,-15,345
90,98,37,0,-280,395,-15,345
90,99,19,1,-280,395,-15,345
91,0,41,0,40,65,50,50
91,1,22,1,40,70,40,50
91,2,25,1,40,80,40,50
91,3,10,1,55,80,30,50
91,4,3,0,70,80,25,50
91,5,38,0,60,90,25,50
91,6,28,0,40,90,25,65
91,7,44,1,45,90,25,65
91,8,49,0,45,85,25,80
91,9,2,1,50,85,15,80
91,10,47,0,50,85,15,95
91,11,31,0,50,95,5,95
91,12,32,0,50,115,-10,95
91,13,13,1,55,120,-10,95
91,14,40,1,55,110,0,95
91,15,9,0,45,110,0,100
91,16,26,0,35,110,0,110
91,17,12,1,40,110,0,110
91,18,1,0,50,110,-10,110
91,19,10,1,65,110,-20,110
91,20,6,1,55,110,-20,120
91,21,40,0,55,120,-30,120
91,22,12,1,60,120,-30,120
91,23,41,0,50,135,-30,120
91,24,39,1,55,135,-30,120
91,25,44,0,55,135,-20,130
91,26,5,1,60,135,-30,130
91,27,47,0,60,135,-30,145
91,28,11,0,55,135,-30,145
91,29,27,0,65,125,-30,145
91,30,28,0,45,125,-30,160
91,31,42,0,30,125,-30,175
91,32,48,0,30,125,-30,205
91,33,5,1,35,125,-40,205
91,34,18,1,45,125,-40,205
91,35,30,0,45,125,-50,230
91,36,21,0,35,125,-30,230
91,37,29,1,35,145,-50,230
91,38,17,1,5,145,-35,230
91,39,8,1,-10,145,-35,240
91,40,23,0,-20,145,-35,250
91,41,19,0,-20,145,-35,250
91,42,4,0,-35,160,-35,250
91,43,45,0,-35,160,-35,265
91,44,2,1,-30,160,-45,265
91,45,33,1,-30,175,-45,265
91,46,19,1,-30,175,-45,265
91,47,29,0,-50,175,-40,265
91,48,42,1,-50,180,-40,265
91,49,8,0,-50,185,-50,265
91,50,40,0,-50,195,-60,265
91,51,18,0,-80,195,-60,295
91,52,30,1,-80,195,-50,295
91,53,16,1,-80,195,-60,295
91,54,12,1,-75,195,-60,295
91,55,17,0,-95,215,-60,295
91,56,47,1,-95,215,-60,295
91,57,41,0,-105,230,-60,295
91,58,36,0,-105,225,-60,310
91,59,46,1,-100,225,-60,310
91,60,5,0,-110,225,-55,310
91,61,12,1,-105,225,-55,310
91,62,2,0,-115,225,-35,310
91,63,50,1,-115,235,-35,310
91,64,9,0,-125,235,-35,315
91,65,24,1,-120,235,-35,315
91,66,11,0,-125,235,-35,315
91,67,36,1,-125,245,-35,315
91,68,43,1,-125,245,-30,310
91,69,9,1,-120,245,-30,310
91,70,45,0,-120,245,-30,325
91,71,24,1,-115,245,-30,325
91,72,47,1,-115,245,-30,325
91,73,10,0,-125,255,-30,325
91,74,41,1,-120,245,-30,325
91,75,3,1,-130,245,-30,335
91,76,7,1,-125,245,-30,335
91,77,29,1,-125,265,-50,335
91,78,14,0,-125,265,-50,345
91,79,25,1,-125,275,-50,345
91,80,12,1,-120,275,-50,345
91,81,10,0,-130,285,-50,345
91,82,43,1,-130,285,-45,340
91,83,8,0,-130,290,-55,340
91,84,47,0,-130,290,-55,355
91,85,36,1,-130,300,-55,355
91,86,30,0,-130,300,-65,380
91,87,6,1,-140,300,-65,390
91,88,13,1,-135,305,-65,390
91,89,43,1,-135,305,-60,385
91,90,5,0,-145,305,-55,385
91,91,2,1,-140,305,-65,385
91,92,10,0,-150,315,-65,385
91,93,4,0,-165,330,-65,385
91,94,22,0,-175,330,-55,385
91,95,9,1,-170,330,-55,385
91,96,42,0,-185,330,-55,400
91,97,21,0,-195,330,-35,400
91,98,40,1,-195,320,-25,400
91,99,18,1,-185,320,-25,400
92,0,22,1,50,55,40,50
92,1,57,0,50,55,40,75
92,2,40,0,50,65,30,75
92,3,10,1,65,65,20,75
92,4,2,0,55,65,40,75
92,5,26,1,65,65,35,75
92,6,14,1,65,75,35,75
92,7,39,1,70,75,35,75
92,8,28,1,80,75,35,75
92,9,47,1,80,75,35,75
92,10,42,1,80,80,35,75
92,11,48,0,80,80,35,105
92,12,17,1,50,80,50,105
92,13,23,1,50,85,45,105
92,14,5,1,55,85,35,105
92,15,12,0,50,95,35,105
92,16,26,1,60,95,30,105
92,17,6,1,50,95,30,115
92,18,46,1,55,95,30,115
92,19,11,0,50,95,30,115
92,20,4,1,60,95,30,115
92,21,40,0,60,105,20,115
92,22,29,1,60,125,0,115
92,23,18,1,70,125,0,115
92,24,12,1,75,125,0,115
92,25,11,0,70,125,0,115
92,26,14,1,70,135,0,115
92,27,39,1,75,135,0,115
92,28,10,1,90,135,-10,115
92,29,18,0,60,135,-10,145
92,30,2,1,65,135,-20,145
92,31,7,1,70,135,-20,145
92,32,47,1,70,135,-20,145
92,33,23,0,60,135,-20,155
92,34,11,0,55,135,-20,155
92,35,58,0,55,125,-20,155
92,36,17,1,25,125,-5,155
92,37,18,0,-5,125,-5,185
92,38,24,1,0,125,-5,185
92,39,22,1,0,130,-15,185
92,40,45,1,0,140,-15,185
92,41,59,1,0,155,-15,185
92,42,9,0,-10,155,-15,190
92,43,8,0,-10,160,-25,190
92,44,42,1,-10,165,-25,190
92,45,16,0,-25,175,-25,190
92,46,15,1,-25,180,-25,190
92,47,14,0,-25,180,-25,200
92,48,5,1,-20,180,-35,200
92,49,27,1,-20,195,-40,200
92,50,39,1,-15,195,-40,200
92,51,16,0,-30,205,-40,200
92,52,17,0,-50,225,-40,200
92,53,4,1,-40,225,-40,200
92,54,18,1,-30,225,-40,200
92,55,12,1,-25,225,-40,200
92,56,21,1,-20,225,-50,200
92,57,1,0,-10,225,-60,200
92,58,27,0,0,215,-60,200
92,59,11,0,-5,215,-60,200
92,60,12,1,0,215,-60,200
92,61,13,0,0,215,-60,220
92,62,40,0,0,225,-70,220
92,63,43,0,20,225,-80,220
92,64,46,0,10,225,-80,235
92,65,44,1,15,225,-80,235
92,66,7,1,20,225,-80,235
92,67,38,1,25,225,-80,235
92,68,28,1,35,225,-80,235
92,69,31,0,35,235,-90,235
92,70,12,1,40,235,-90,235
92,71,16,1,40,235,-100,235
92,72,18,1,50,235,-100,235
92,73,9,1,55,235,-100,235
92,74,46,0,45,235,-100,250
92,75,1,1,35,235,-100,255
92,76,39,0,25,250,-100,255
92,77,27,0,35,240,-100,255
92,78,20,1,35,250,-115,255
92,79,45,1,35,260,-115,255
92,80,11,0,30,260,-115,255
92,81,46,1,35,260,-115,255
92,82,37,1,45,260,-115,255
92,83,28,0,25,260,-115,270
92,84,38,1,30,260,-115,270
92,85,9,1,35,260,-115,270
92,86,11,1,40,260,-115,270
92,87,44,0,40,260,-105,280
92,88,42,0,25,260,-105,295
92,89,60,0,55,260,-105,295
92,90,48,1,55,260,-105,295
92,91,9,0,45,260,-105,300
92,92,37,1,55,260,-105,300
92,93,26,1,65,260,-110,300
92,94,30,1,65,260,-100,300
92,95,1,1,55,260,-100,305
92,96,45,1,55,270,-100,305
92,97,2,1,60,270,-110,305
92,98,40,0,60,280,-120,305
92,99,22,0,50,280,-110,305
93,0,44,1,55,50,50,50
93,1,36,0,55,45,50,65
93,2,19,0,55,45,50,65
93,3,5,0,45,45,55,65
93,4,39,1,50,45,55,65
93,5,45,0,50,45,55,80
93,6,16,1,50,45,45,80
93,7,24,1,55,45,45,80
93,8,43,1,55,45,50,75
93,9,20,0,45,45,65,75
93,10,31,0,45,55,55,75
93,11,39,1,50,55,55,75
93,12,21,0,40,55,75,75
93,13,42,0,25,55,75,90
93,14,38,1,30,55,75,90
93,15,43,0,50,55,65,90
93,16,18,0,20,55,65,120
93,17,47,1,20,55,65,120
93,18,9,0,10,55,65,125
93,19,46,0,0,55,65,140
93,20,41,1,5,45,65,140
93,21,29,0,-15,45,70,140
93,22,40,1,-15,35,80,140
93,23,45,1,-15,45,80,140
93,24,49,1,-15,50,80,140
93,25,19,0,-15,50,80,140
93,26,29,0,-35,50,85,140
93,27,11,1,-30,50,85,140
93,28,10,0,-40,60,85,140
93,29,30,1,-40,60,95,140
93,30,45,1,-40,70,95,140
93,31,32,0,-40,90,80,140
93,32,44,0,-40,90,90,150
93,33,29,0,-60,90,95,150
93,34,9,0,-70,90,95,155
93,35,46,1,-65,90,95,155
93,36,6,0,-55,90,90,155
93,37,3,0,-40,90,85,155
93,38,2,0,-50,90,105,155
93,39,19,0,-50,90,105,155
93,40,18,1,-40,90,105,155
93,41,33,0,-10,90,105,155
93,42,34,1,5,90,105,155
93,43,7,1,10,90,105,155
93,44,39,1,15,90,105,155
93,45,5,0,5,90,110,155
93,46,30,0,5,90,100,180
93,47,3,1,-5,90,100,190
93,48,44,1,0,90,100,190
93,49,21,0,-10,90,120,190
93,50,6,1,-20,90,120,200
93,51,41,1,-15,80,120,200
93,52,29,0,-35,80,125,200
93,53,17,0,-55,100,125,200
93,54,22,0,-65,100,135,200
93,55,44,1,-60,100,135,200
93,56,45,1,-60,110,135,200
93,57,4,0,-75,125,135,200
93,58,14,0,-75,125,135,210
93,59,29,0,-95,125,140,210
93,60,11,1,-90,125,140,210
93,61,10,0,-100,135,140,210
93,62,38,0,-110,145,140,210
93,63,24,0,-115,145,140,210
93,64,6,0,-105,145,135,210
93,65,14,1,-105,155,135,210
93,66,15,1,-105,160,135,210
93,67,11,1,-100,160,135,210
93,68,29,1,-100,180,115,210
93,69,57,0,-100,180,115,235
93,70,4,1,-90,180,115,235
93,71,16,1,-90,180,105,235
93,72,26,0,-100,180,105,245
93,73,21,1,-95,180,95,245
93,74,58,0,-95,170,95,245
93,75,22,0,-105,170,105,245
93,76,7,1,-100,170,105,245
93,77,44,0,-100,170,115,255
93,78,15,1,-100,175,115,255
93,79,19,0,-100,175,115,255
93,80,8,0,-100,180,105,255
93,81,38,0,-110,190,105,255
93,82,13,0,-110,190,105,275
93,83,2,0,-120,190,125,275
93,84,1,0,-110,190,115,275
93,85,23,0,-120,190,115,285
93,86,47,1,-120,190,115,285
93,87,10,0,-130,200,115,285
93,88,44,0,-130,200,125,295
93,89,45,1,-130,210,125,295
93,90,22,0,-140,210,135,295
93,91,18,0,-170,210,135,325
93,92,38,0,-180,220,135,325
93,93,10,0,-190,230,135,325
93,94,45,0,-190,230,135,340
93,95,59,0,-190,230,125,360
93,96,21,1,-185,230,115,360
93,97,38,1,-180,230,115,360
93,98,28,0,-200,230,115,375
93,99,6,0,-190,230,110,375
94,0,18,1,60,50,50,50
94,1,47,1,60,50,50,50
94,2,6,0,70,50,45,50
94,3,37,0,55,70,45,50
94,4,7,1,60,70,45,50
94,5,18,0,30,70,45,80
94,6,17,1,0,70,60,80
94,7,6,0,10,70,55,80
94,8,2,1,15,70,45,80
94,9,11,1,20,70,45,80
94,10,40,1,20,60,55,80
94,11,43,0,40,60,45,80
94,12,37,0,25,80,45,80
94,13,46,0,15,80,45,95
94,14,17,1,-15,80,60,95
94,15,44,1,-10,80,60,95
94,16,18,0,-40,80,60,125
94,17,47,1,-40,80,60,125
94,18,21,0,-50,80,80,125
94,19,41,1,-45,70,80,125
94,20,24,1,-40,70,80,125
94,21,44,1,-35,70,80,125
94,22,36,1,-35,80,80,125
94,23,47,0,-35,80,80,140
94,24,2,0,-45,80,100,140
94,25,28,0,-65,80,100,155
94,26,1,0,-55,80,90,155
94,27,23,1,-55,85,85,155
94,28,43,1,-55,85,90,150
94,29,10,1,-40,85,80,150
94,30,44,1,-35,85,80,150
94,31,8,1,-50,85,80,160
94,32,13,1,-45,90,80,160
94,33,28,0,-65,90,80,175
94,34,24,0,-70,90,80,175
94,35,30,1,-70,90,90,175
94,36,29,0,-90,90,95,175
94,37,27,0,-80,80,95,175
94,38,9,1,-75,80,95,175
94,39,40,1,-75,70,105,175
94,40,17,0,-95,90,105,175
94,41,8,0,-95,95,95,175
94,42,36,1,-95,105,95,175
94,43,20,1,-95,115,80,175
94,44,57,1,-95,125,80,175
94,45,39,1,-90,125,80,175
94,46,31,1,-90,125,90,175
94,47,10,1,-75,125,80,175
94,48,19,0,-75,125,80,175
94,49,8,1,-90,125,80,185
94,50,23,0,-100,125,80,195
94,51,1,0,-90,125,70,195
94,52,10,0,-100,135,70,195
94,53,16,1,-100,135,60,195
94,54,11,1,-95,135,60,195
94,55,29,1,-95,155,40,195
94,56,5,0,-105,155,45,195
94,57,6,0,-95,155,40,195
94,58,14,1,-95,165,40,195
94,59,8,1,-110,165,40,205
94,60,58,1,-110,175,40,205
94,61,26,0,-120,175,40,215
94,62,24,0,-125,175,40,215
94,63,21,0,-135,175,60,215
94,64,15,0,-120,170,60,215
94,65,39,0,-130,185,60,215
94,66,17,1,-160,185,75,215
94,67,24,1,-155,185,75,215
94,68,40,0,-155,195,65,215
94,69,13,0,-155,195,65,235
94,70,7,0,-170,205,65,235
94,71,18,1,-160,205,65,235
94,72,2,1,-155,205,55,235
94,73,5,0,-165,205,60,235
94,74,15,0,-150,200,60,235
94,75,42,0,-165,200,60,250
94,76,40,0,-165,210,50,250
94,77,39,0,-175,225,50,250
94,78,38,0,-185,235,50,250
94,79,29,1,-185,255,30,250
94,80,30,1,-185,255,40,250
94,81,11,0,-190,255,40,250
94,82,47,1,-190,255,40,250
94,83,6,1,-200,255,40,260
94,84,27,0,-190,245,40,260
94,85,41,1,-185,235,40,260
94,86,13,0,-185,235,40,280
94,87,7,0,-200,245,40,280
94,88,15,0,-185,240,40,280
94,89,30,0,-185,240,30,305
94,90,6,0,-175,240,25,305
94,91,18,0,-205,240,25,335
94,92,22,1,-205,245,15,335
94,93,39,0,-215,260,15,335
94,94,43,1,-215,260,20,330
94,95,28,1,-205,260,20,330
94,96,36,1,-205,270,20,330
94,97,40,1,-205,260,30,330
94,98,38,0,-215,270,30,330
94,99,10,0,-225,280,30,330
95,0,39,1,55,50,50,50
95,1,57,1,55,60,50,50
95,2,5,1,60,60,40,50
95,3,24,0,55,60,40,50
95,4,26,1,65,60,35,50
95,5,44,1,70,60,35,50
95,6,29,1,70,80,15,50
95,7,23,1,70,85,10,50
95,8,40,1,70,75,20,50
95,9,42,0,55,75,20,65
95,10,38,1,60,75,20,65
95,11,46,0,50,75,20,80
95,12,25,0,50,70,20,80
95,13,7,1,55,70,20,80
95,14,8,1,40,70,20,90
95,15,31,1,40,70,30,90
95,16,44,0,40,70,40,100
95,17,20,1,40,80,25,100
95,18,3,0,55,80,20,100
95,19,41,0,45,95,20,100
95,20,16,1,45,95,10,100
95,21,21,0,35,95,30,100
95,22,5,1,40,95,20,100
95,23,17,1,10,95,35,100
95,24,27,0,20,85,35,100
95,25,32,0,20,105,20,100
95,26,10,1,35,105,10,100
95,27,30,1,35,105,20,100
95,28,8,0,35,110,10,100
95,29,29,0,15,110,15,100
95,30,36,1,15,120,15,100
95,31,45,0,15,120,15,115
95,32,44,1,20,120,15,115
95,33,33,0,50,120,15,115
95,34,21,0,40,120,35,115
95,35,47,0,40,120,35,130
95,36,17,1,10,120,50,130
95,37,43,0,30,120,40,130
95,38,30,1,30,120,50,130
95,39,41,0,20,135,50,130
95,40,16,0,5,145,50,130
95,41,36,1,5,155,50,130
95,42,37,1,15,155,50,130
95,43,47,1,15,155,50,130
95,44,44,1,20,155,50,130
95,45,3,1,10,155,50,140
95,46,12,1,15,155,50,140
95,47,8,0,15,160,40,140
95,48,25,1,15,170,40,140
95,49,14,1,15,180,40,140
95,50,41,0,5,195,40,140
95,51,15,1,5,200,40,140
95,52,7,0,-10,210,40,140
95,53,1,1,-20,210,40,145
95,54,16,1,-20,210,30,145
95,55,42,1,-20,215,30,145
95,56,20,1,-20,225,15,145
95,57,46,0,-30,225,15,160
95,58,11,0,-35,225,15,160
95,59,4,0,-50,240,15,160
95,60,22,1,-50,245,5,160
95,61,27,1,-50,260,0,160
95,62,3,0,-35,260,-5,160
95,63,34,1,-20,260,-5,160
95,64,35,0,-20,260,-5,160
95,65,25,0,-20,255,-5,160
95,66,37,0,-35,275,-5,160
95,67,15,1,-35,280,-5,160
95,68,30,1,-35,280,5,160
95,69,42,0,-50,280,5,175
95,70,45,0,-50,280,5,190
95,71,12,0,-55,290,5,190
95,72,19,1,-55,290,5,190
95,73,7,1,-50,290,5,190
95,74,47,1,-50,290,5,190
95,75,6,0,-40,290,0,190
95,76,26,1,-30,290,-5,190
95,77,42,1,-30,295,-5,190
95,78,39,0,-40,310,-5,190
95,79,1,0,-30,310,-15,190
95,80,8,1,-45,310,-15,200
95,81,46,0,-55,310,-15,215
95,82,29,0,-75,310,-10,215
95,83,12,1,-70,310,-10,215
95,84,13,0,-70,310,-10,235
95,85,16,1,-70,310,-20,235
95,86,3,1,-80,310,-20,245
95,87,18,1,-70,310,-20,245
95,88,48,1,-70,310,-20,245
95,89,23,1,-70,315,-25,245
95,90,37,1,-60,315,-25,245
95,91,13,0,-60,315,-25,265
95,92,22,0,-70,315,-15,265
95,93,44,0,-70,315,-5,275
95,94,20,1,-70,325,-20,275
95,95,47,1,-70,325,-20,275
95,96,17,1,-100,325,-5,275
95,97,12,0,-105,335,-5,275
95,98,43,1,-105,335,0,270
95,99,6,0,-95,335,-5,270
96,0,13,1,55,55,50,50
96,1,31,0,55,65,40,50
96,2,49,0,55,60,40,65
96,3,5,1,60,60,30,65
96,4,47,0,60,60,30,80
96,5,19,0,60,60,30,80
96,6,24,1,65,60,30,80
96,7,43,1,65,60,35,75
96,8,22,0,55,60,45,75
96,9,28,1,65,60,45,75
96,10,47,1,65,60,45,75
96,11,37,0,50,80,45,75
96,12,7,1,55,80,45,75
96,13,39,0,45,95,45,75
96,14,26,0,35,95,45,85
96,15,4,0,20,110,45,85
96,16,17,1,-10,110,60,85
96,17,10,1,5,110,50,85
96,18,41,1,10,100,50,85
96,19,39,1,15,100,50,85
96,20,4,1,25,100,50,85
96,21,7,0,10,110,50,85
96,22,26,0,0,110,50,95
96,23,14,0,0,110,50,105
96,24,19,1,0,110,50,105
96,25,22,1,0,115,40,105
96,26,13,1,5,120,40,105
96,27,38,1,10,120,40,105
96,28,8,0,10,125,30,105
96,29,18,0,-20,125,30,135
96,30,5,1,-15,125,20,135
96,31,27,0,-5,115,20,135
96,32,16,1,-5,115,10,135
96,33,10,1,10,115,0,135
96,34,18,1,20,115,0,135
96,35,15,0,35,110,0,135
96,36,29,0,15,110,5,135
96,37,8,1,0,110,5,145
96,38,25,1,0,120,5,145
96,39,32,1,0,110,20,145
96,40,16,0,-15,120,20,145
96,41,12,1,-10,120,20,145
96,42,39,1,-5,120,20,145
96,43,3,1,-15,120,20,155
96,44,6,1,-25,120,20,165
96,45,43,0,-5,120,10,165
96,46,45,0,-5,120,10,180
96,47,9,0,-15,120,10,185
96,48,25,1,-15,130,10,185
96,49,3,0,0,130,5,185
96,50,24,0,-5,130,5,185
96,51,18,1,5,130,5,185
96,52,14,1,5,140,5,185
96,53,57,1,5,150,5,185
96,54,46,0,-5,150,5,200
96,55,9,0,-15,150,5,205
96,56,16,0,-30,160,5,205
96,57,48,0,-30,160,5,235
96,58,37,0,-45,180,5,235
96,59,23,0,-55,180,5,245
96,60,13,0,-55,180,5,265
96,61,14,1,-55,190,5,265
96,62,5,1,-50,190,-5,265
96,63,3,0,-35,190,-10,265
96,64,42,0,-50,190,-10,280
96,65,22,0,-60,190,0,280
96,66,8,1,-75,190,0,290
96,67,5,1,-70,190,-10,290
96,68,10,1,-55,190,-20,290
96,69,38,1,-50,190,-20,290
96,70,41,0,-60,205,-20,290
96,71,14,1,-60,215,-20,290
96,72,27,1,-60,230,-25,290
96,73,1,1,-70,230,-25,295
96,74,2,1,-65,230,-35,295
96,75,33,1,-65,245,-35,295
96,76,29,0,-85,245,-30,295
96,77,11,0,-90,245,-30,295
96,78,1,1,-100,245,-30,300
96,79,27,1,-100,260,-35,300
96,80,17,1,-130,260,-20,300
96,81,10,0,-140,270,-20,300
96,82,47,0,-140,270,-20,315
96,83,40,1,-140,260,-10,315
96,84,34,0,-140,245,15,315
96,85,23,1,-140,250,10,315
96,86,24,1,-135,250,10,315
96,87,17,0,-155,270,10,315
96,88,29,0,-175,270,15,315
96,89,27,1,-175,285,10,315
96,90,19,0,-175,285,10,315
96,91,2,1,-170,285,0,315
96,92,30,1,-170,285,10,315
96,93,46,0,-180,285,10,330
96,94,58,1,-180,295,10,330
96,95,25,0,-180,290,10,330
96,96,9,1,-175,290,10,330
96,97,18,0,-205,290,10,360
96,98,3,0,-190,290,5,360
96,99,22,1,-190,295,-5,360
97,0,7,1,55,50,50,50
97,1,30,1,55,50,60,50
97,2,14,0,55,50,60,60
97,3,23,0,45,50,60,70
97,4,18,0,15,50,60,100
97,5,12,1,20,50,60,100
97,6,39,1,25,50,60,100
97,7,16,1,25,50,50,100
97,8,17,0,5,70,50,100
97,9,18,1,15,70,50,100
97,10,19,0,15,70,50,100
97,11,23,0,5,70,50,110
97,12,4,0,-10,85,50,110
97,13,49,1,-10,90,50,110
97,14,41,0,-20,105,50,110
97,15,15,1,-20,110,50,110
97,16,27,0,-10,100,50,110
97,17,28,0,-30,100,50,125
97,18,40,1,-30,90,60,125
97,19,17,1,-60,90,75,125
97,20,24,0,-65,90,75,125
97,21,36,0,-65,85,75,140
97,22,26,1,-55,85,70,140
97,23,19,0,-55,85,70,140
97,24,30,1,-55,85,80,140
97,25,27,1,-55,100,75,140
97,26,1,0,-45,100,65,140
97,27,46,1,-40,100,65,140
97,28,17,0,-60,120,65,140
97,29,15,0,-45,115,65,140
97,30,5,1,-40,115,55,140
97,31,23,0,-50,115,55,150
97,32,9,1,-45,115,55,150
97,33,29,1,-45,135,35,150
97,34,7,1,-40,135,35,150
97,35,2,1,-35,135,25,150
97,36,14,1,-35,145,25,150
97,37,15,1,-35,150,25,150
97,38,36,1,-35,160,25,150
97,39,37,0,-50,180,25,150
97,40,24,1,-45,180,25,150
97,41,27,1,-45,195,20,150
97,42,44,1,-40,195,20,150
97,43,45,0,-40,195,20,165
97,44,5,0,-50,195,25,165
97,45,26,1,-40,195,20,165
97,46,22,1,-40,200,10,165
97,47,25,1,-40,210,10,165
97,48,1,1,-50,210,10,170
97,49,44,1,-45,210,10,170
97,50,15,0,-30,205,10,170
97,51,31,1,-30,205,20,170
97,52,43,0,-10,205,10,170
97,53,8,0,-10,210,0,170
97,54,17,0,-30,230,0,170
97,55,38,0,-40,240,0,170
97,56,42,1,-40,245,0,170
97,57,19,1,-40,245,0,170
97,58,46,1,-35,245,0,170
97,59,5,1,-30,245,-10,170
97,60,40,0,-30,255,-20,170
97,61,16,1,-30,255,-30,170
97,62,39,0,-40,270,-30,170
97,63,26,1,-30,270,-35,170
97,64,23,1,-30,275,-40,170
97,65,22,0,-40,275,-30,170
97,66,28,0,-60,275,-30,185
97,67,47,0,-60,275,-30,200
97,68,25,1,-60,285,-30,200
97,69,32,0,-60,305,-45,200
97,70,10,1,-45,305,-55,200
97,71,28,0,-65,305,-55,215
97,72,41,0,-75,320,-55,215
97,73,16,1,-75,320,-65,215
97,74,40,0,-75,330,-75,215
97,75,46,0,-85,330,-75,230
97,76,47,0,-85,330,-75,245
97,77,4,1,-75,330,-75,245
97,78,48,1,-75,330,-75,245
97,79,38,1,-70,330,-75,245
97,80,39,0,-80,345,-75,245
97,81,57,1,-80,355,-75,245
97,82,41,1,-75,345,-75,245
97,83,12,1,-70,345,-75,245
97,84,7,0,-85,355,-75,245
97,85,13,0,-85,355,-75,265
97,86,33,1,-85,370,-75,265
97,87,26,1,-75,370,-80,265
97,88,23,0,-85,370,-80,275
97,89,11,0,-90,370,-80,275
97,90,41,0,-100,385,-80,275
97,91,27,1,-100,400,-85,275
97,92,1,0,-90,400,-95,275
97,93,42,1,-90,405,-95,275
97,94,11,1,-85,405,-95,275
97,95,22,1,-85,410,-105,275
97,96,10,1,-70,410,-115,275
97,97,41,0,-80,425,-115,275
97,98,15,1,-80,430,-115,275
97,99,28,1,-70,430,-115,275
98,0,38,1,55,50,50,50
98,1,15,0,70,45,50,50
98,2,7,1,75,45,50,50
98,3,40,1,75,35,60,50
98,4,9,0,65,35,60,55
98,5,39,0,55,50,60,55
98,6,25,1,55,60,60,55
98,7,46,1,60,60,60,55
98,8,45,0,60,60,60,70
98,9,19,0,60,60,60,70
98,10,31,0,60,70,50,70
98,11,11,1,65,70,50,70
98,12,14,1,65,80,50,70
98,13,57,1,65,90,50,70
98,14,7,1,70,90,50,70
98,15,17,1,40,90,65,70
98,16,3,0,55,90,60,70
98,17,5,1,60,90,50,70
98,18,36,0,60,85,50,85
98,19,22,1,60,90,40,85
98,20,16,0,45,100,40,85
98,21,21,0,35,100,60,85
98,22,17,1,5,100,75,85
98,23,20,1,5,110,60,85
98,24,37,0,-10,130,60,85
98,25,30,1,-10,130,70,85
98,26,6,1,-20,130,70,95
98,27,11,0,-25,130,70,95
98,28,27,1,-25,145,65,95
98,29,10,0,-35,155,65,95
98,30,13,0,-35,155,65,115
98,31,42,1,-35,160,65,115
98,32,58,0,-35,150,65,115
98,33,40,0,-35,160,55,115
98,34,48,1,-35,160,55,115
98,35,16,0,-50,170,55,115
98,36,22,1,-50,175,45,115
98,37,21,1,-45,175,35,115
98,38,3,1,-55,175,35,125
98,39,25,1,-55,185,35,125
98,40,14,1,-55,195,35,125
98,41,17,0,-75,215,35,125
98,42,20,0,-85,215,50,125
98,43,46,0,-95,215,50,140
98,44,2,0,-105,215,70,140
98,45,43,1,-105,215,75,135
98,46,59,0,-105,215,65,155
98,47,19,0,-105,215,65,155
98,48,26,1,-95,215,60,155
98,49,10,1,-80,215,50,155
98,50,40,1,-80,205,60,155
98,51,11,1,-75,205,60,155
98,52,47,0,-75,205,60,170
98,53,25,0,-75,200,60,170
98,54,37,1,-65,200,60,170
98,55,48,1,-65,200,60,170
98,56,2,1,-60,200,50,170
98,57,36,0,-60,195,50,185
98,58,20,0,-70,195,65,185
98,59,43,0,-50,195,55,185
98,60,14,1,-50,205,55,185
98,61,60,1,-50,215,55,185
98,62,18,1,-40,215,55,185
98,63,26,0,-50,215,55,195
98,64,8,0,-50,220,45,195
98,65,44,0,-50,220,55,205
98,66,23,1,-50,225,50,205
98,67,39,1,-45,225,50,205
98,68,13,1,-40,230,50,205
98,69,41,1,-35,220,50,205
98,70,11,0,-40,220,50,205
98,71,43,1,-40,220,55,200
98,72,21,0,-50,220,75,200
98,73,28,0,-70,220,75,215
98,74,61,0,-70,220,95,215
98,75,27,1,-70,235,90,215
98,76,46,1,-65,235,90,215
98,77,20,1,-65,245,75,215
98,78,5,0,-75,245,80,215
98,79,44,1,-70,245,80,215
98,80,17,0,-90,265,80,215
98,81,37,0,-105,285,80,215
98,82,3,0,-90,285,75,215
98,83,39,0,-100,300,75,215
98,84,38,0,-110,310,75,215
98,85,6,1,-120,310,75,225
98,86,11,0,-125,310,75,225
98,87,1,1,-135,310,75,230
98,88,9,0,-145,310,75,235
98,89,27,0,-135,300,75,235
98,90,10,1,-120,300,65,235
98,91,4,1,-110,300,65,235
98,92,47,0,-110,300,65,250
98,93,22,1,-110,305,55,250
98,94,1,1,-120,305,55,255
98,95,23,1,-120,310,50,255
98,96,42,1,-120,315,50,255
98,97,9,0,-130,315,50,260
98,98,21,1,-125,315,40,260
98,99,62,0,-125,315,40,260
99,0,13,0,50,50,50,70
99,1,14,1,50,60,50,70
99,2,23,0,40,60,50,80
99,3,25,0,40,55,50,80
99,4,29,1,40,75,30,80
99,5,44,0,40,75,40,90
99,6,18,1,50,75,40,90
99,7,30,1,50,75,50,90
99,8,41,0,40,90,50,90
99,9,36,1,40,100,50,90
99,10,24,1,45,100,50,90
99,11,42,0,30,100,50,105
99,12,46,1,35,100,50,105
99,13,28,1,45,100,50,105
99,14,38,0,35,110,50,105
99,15,16,0,20,120,50,105
99,16,42,1,20,125,50,105
99,17,10,0,10,135,50,105
99,18,46,1,15,135,50,105
99,19,49,0,15,130,50,120
99,20,43,1,15,130,55,115
99,21,27,1,15,145,50,115
99,22,24,1,20,145,50,115
99,23,12,1,25,145,50,115
99,24,42,1,25,150,50,115
99,25,43,1,25,150,55,110
99,26,50,0,25,150,55,125
99,27,13,1,30,155,55,125
99,28,28,0,10,155,55,140
99,29,24,1,15,155,55,140
99,30,18,0,-15,155,55,170
99,31,38,0,-25,165,55,170
99,32,48,1,-25,165,55,170
99,33,30,0,-25,165,45,195
99,34,4,1,-15,165,45,195
99,35,10,0,-25,175,45,195
99,36,47,1,-25,175,45,195
99,37,25,0,-25,170,45,195
99,38,5,1,-20,170,35,195
99,39,8,1,-35,170,35,205
99,40,12,1,-30,170,35,205
99,41,4,0,-45,185,35,205
99,42,24,1,-40,185,35,205
99,43,5,1,-35,185,25,205
99,44,11,0,-40,185,25,205
99,45,43,1,-40,185,30,200
99,46,40,0,-40,195,20,200
99,47,45,0,-40,195,20,215
99,48,42,0,-55,195,20,230
99,49,12,1,-50,195,20,230
99,50,22,1,-50,200,10,230
99,51,1,0,-40,200,0,230
99,52,37,1,-30,200,0,230
99,53,39,0,-40,215,0,230
99,54,11,0,-45,215,0,230
99,55,2,0,-55,215,20,230
99,56,44,1,-50,215,20,230
99,57,13,1,-45,220,20,230
99,58,27,1,-45,235,15,230
99,59,9,1,-40,235,15,230
99,60,37,1,-30,235,15,230
99,61,23,1,-30,240,10,230
99,62,25,0,-30,235,10,230
99,63,7,0,-45,245,10,230
99,64,44,0,-45,245,20,240
99,65,36,0,-45,240,20,255
99,66,1,1,-55,240,20,260
99,67,9,1,-50,240,20,260
99,68,41,1,-45,230,20,260
99,69,47,1,-45,230,20,260
99,70,24,0,-50,230,20,260
99,71,8,1,-65,230,20,270
99,72,43,0,-45,230,10,270
99,73,4,0,-60,245,10,270
99,74,17,1,-90,245,25,270
99,75,24,0,-95,245,25,270
99,76,13,1,-90,250,25,270
99,77,14,1,-90,260,25,270
99,78,2,0,-100,260,45,270
99,79,12,0,-105,270,45,270
99,80,29,1,-105,290,25,270
99,81,3,1,-115,290,25,280
99,82,42,1,-115,295,25,280
99,83,11,1,-110,295,25,280
99,84,15,0,-95,290,25,280
99,85,47,1,-95,290,25,280
99,86,13,0,-95,290,25,300
99,87,10,1,-80,290,15,300
99,88,17,0,-100,310,15,300
99,89,1,1,-110,310,15,305
99,90,45,0,-110,310,15,320
99,91,18,0,-140,310,15,350
99,92,22,0,-150,310,25,350
99,93,11,1,-145,310,25,350
99,94,19,0,-145,310,25,350
99,95,20,0,-155,310,40,350
99,96,10,0,-165,320,40,350
99,97,41,0,-175,335,40,350
99,98,40,1,-175,325,50,350
99,99,22,1,-175,330,40,350
