run,turn,card_id,choice,resources,security,moral,progress
0,0,26,1,60,50,45,50
0,1,10,0,55,55,45,50
0,2,20,0,50,55,60,50
0,3,41,1,55,45,60,50
0,4,14,0,55,45,60,55
0,5,44,1,60,45,60,55
0,6,42,1,60,50,60,55
0,7,22,0,55,50,65,55
0,8,39,0,48,55,65,55
0,9,45,1,48,60,65,55
0,10,23,1,58,60,60,55
0,11,7,0,43,65,60,55
0,12,12,1,48,65,60,55
0,13,26,0,43,65,60,60
0,14,36,1,43,70,60,55
0,15,24,1,48,70,60,55
0,16,6,1,40,70,60,60
0,17,2,0,30,70,65,60
0,18,43,1,30,70,70,45
0,19,28,1,40,70,70,45
0,20,5,1,45,70,60,45
0,21,3,0,60,70,55,45
0,22,11,0,55,70,55,47
0,23,21,1,55,75,40,47
0,24,1,0,65,75,25,47
0,25,27,0,75,60,25,47
0,26,44,0,75,60,35,52
0,27,14,1,75,65,35,52
0,28,25,0,75,60,45,52
0,29,22,0,70,60,50,52
0,30,38,0,65,65,50,52
0,31,41,0,55,75,50,52
0,32,12,0,50,85,50,52
0,33,2,1,55,85,40,52
0,34,30,1,55,85,50,52
0,35,11,1,60,85,50,52
0,36,18,0,35,85,50,62
0,37,3,0,50,85,45,62
0,38,4,1,60,85,45,57
0,39,1,0,70,85,30,57
0,40,17,1,55,85,40,57
0,41,40,1,55,75,50,57
0,42,16,1,55,75,40,57
0,43,44,1,60,75,40,57
0,44,45,1,60,80,40,57
0,45,12,0,55,90,40,57
0,46,13,0,55,90,40,62
0,47,19,0,35,90,50,72
0,48,20,0,30,90,65,72
0,49,14,0,30,90,65,77
0,50,5,0,25,90,70,77
0,51,21,0,20,90,85,77
0,52,16,0,10,95,85,77
0,53,2,0,0,95,90,77
0,54,3,1,-7,95,90,82
0,55,29,0,-17,95,95,82
0,56,36,1,-17,100,95,77
0,57,48,0,-27,100,95,82
0,58,46,0,-34,100,95,87
0,59,44,0,-34,100,105,92
0,60,7,0,-49,105,105,92
0,61,41,1,-44,95,105,92
0,62,23,0,-49,85,105,97
0,63,26,0,-54,85,105,102
0,64,16,1,-54,85,95,102
0,65,10,1,-34,85,85,102
0,66,42,0,-42,85,85,112
0,67,9,0,-47,85,85,117
0,68,25,1,-47,90,75,117
0,69,8,1,-57,90,75,122
0,70,45,1,-57,95,75,122
0,71,2,1,-52,95,65,122
0,72,11,0,-57,95,65,124
0,73,14,1,-57,100,65,124
0,74,18,1,-47,100,65,124
0,75,29,1,-47,115,45,124
0,76,1,0,-37,115,30,124
0,77,20,1,-37,120,15,124
0,78,6,1,-45,120,15,129
0,79,26,1,-35,120,10,129
0,80,43,0,-15,120,0,129
0,81,8,1,-25,120,0,134
0,82,12,0,-30,130,0,134
0,83,22,1,-30,135,-10,134
0,84,5,0,-35,135,-5,134
0,85,44,0,-35,135,5,139
0,86,37,0,-47,145,5,139
0,87,9,1,-42,145,5,139
0,88,4,0,-57,150,5,139
0,89,41,1,-52,140,5,139
0,90,10,1,-32,140,-5,139
0,91,23,1,-22,140,-10,139
0,92,17,1,-37,140,0,139
0,93,1,1,-45,140,5,139
0,94,47,1,-45,140,5,154
0,95,16,1,-45,140,-5,154
0,96,15,0,-25,135,-5,154
0,97,25,1,-25,140,-15,154
0,98,40,0,-25,150,-25,154
0,99,22,1,-25,155,-35,154
1,0,38,0,45,55,50,50
1,1,1,0,55,55,35,50
1,2,20,0,50,55,50,50
1,3,42,0,42,55,50,60
1,4,11,1,47,55,50,60
1,5,2,0,37,55,55,60
1,6,15,0,57,50,55,60
1,7,13,1,62,55,55,60
1,8,14,0,62,55,55,65
1,9,28,1,72,55,55,65
1,10,22,0,67,55,60,65
1,11,39,0,60,60,60,65
1,12,12,1,65,60,60,65
1,13,9,0,60,60,60,70
1,14,4,1,70,60,60,65
1,15,3,0,85,60,55,65
1,16,11,0,80,60,55,67
1,17,41,1,85,50,55,67
1,18,8,0,85,55,45,67
1,19,5,0,80,55,50,67
1,20,37,1,90,55,50,67
1,21,38,1,95,55,50,67
1,22,13,1,100,60,50,67
1,23,2,1,105,60,40,67
1,24,44,1,110,60,40,67
1,25,18,1,120,60,40,67
1,26,1,0,130,60,25,67
1,27,4,1,140,60,25,62
1,28,45,0,140,60,25,67
1,29,25,0,140,55,35,67
1,30,9,1,145,55,35,67
1,31,23,0,140,45,35,72
1,32,41,0,130,55,35,72
1,33,39,0,123,60,35,72
1,34,17,0,103,70,35,72
1,35,10,1,123,70,25,72
1,36,40,1,123,60,35,72
1,37,3,0,138,60,30,72
1,38,36,1,138,65,30,67
1,39,8,0,138,70,20,67
1,40,20,0,133,70,35,67
1,41,24,1,138,70,35,67
1,42,4,0,123,75,35,67
1,43,2,0,113,75,40,67
1,44,5,0,108,75,45,67
1,45,41,1,113,65,45,67
1,46,26,0,108,65,45,72
1,47,10,0,103,70,45,72
1,48,22,0,98,70,50,72
1,49,12,1,103,70,50,72
1,50,14,0,103,70,50,77
1,51,28,1,113,70,50,77
1,52,25,0,113,65,60,77
1,53,42,0,105,65,60,87
1,54,9,0,100,65,60,92
1,55,46,1,105,65,60,87
1,56,16,1,105,65,50,87
1,57,8,1,95,65,50,92
1,58,10,1,115,65,40,92
1,59,5,0,110,65,45,92
1,60,6,1,102,65,45,97
1,61,38,1,107,65,45,97
1,62,26,1,117,65,40,97
1,63,30,1,117,65,50,97
1,64,22,1,117,70,40,97
1,65,18,0,92,70,40,107
1,66,25,0,92,65,50,107
1,67,15,1,92,70,50,107
1,68,12,1,97,70,50,107
1,69,3,1,90,70,50,112
1,70,19,0,70,70,60,122
1,71,23,0,65,60,60,127
1,72,40,0,65,70,50,127
1,73,7,0,50,75,50,127
1,74,9,1,55,75,50,127
1,75,5,1,60,75,40,127
1,76,20,1,60,80,25,127
1,77,39,1,65,80,25,122
1,78,4,1,75,80,25,117
1,79,10,1,95,80,15,117
1,80,24,1,100,80,15,117
1,81,28,0,90,80,25,117
1,82,13,0,90,80,25,122
1,83,43,1,90,80,30,107
1,84,47,1,90,80,30,122
1,85,48,0,80,80,30,127
1,86,42,1,80,85,30,127
1,87,26,1,90,85,25,127
1,88,38,1,95,85,25,127
1,89,5,0,90,85,30,127
1,90,12,0,85,95,30,127
1,91,20,0,80,95,45,127
1,92,2,1,85,95,35,127
1,93,8,0,85,100,25,127
1,94,14,0,85,100,25,132
1,95,37,1,95,100,25,132
1,96,24,0,90,100,30,132
1,97,16,1,90,100,20,132
1,98,41,0,80,110,20,132
1,99,13,1,85,115,20,132
2,0,13,0,50,50,50,55
2,1,18,1,60,50,50,55
2,2,2,0,50,50,55,55
2,3,15,0,70,45,55,55
2,4,19,0,50,45,65,65
2,5,4,1,60,45,65,60
2,6,8,0,60,50,55,60
2,7,27,1,60,55,50,60
2,8,3,0,75,55,45,60
2,9,17,1,60,55,55,60
2,10,24,1,65,55,55,60
2,11,5,0,60,55,60,60
2,12,45,0,60,55,60,65
2,13,39,1,65,55,60,60
2,14,26,1,75,55,55,60
2,15,44,0,75,55,65,65
2,16,48,0,65,55,65,70
2,17,10,0,60,60,65,70
2,18,16,0,50,65,65,70
2,19,36,0,50,60,65,72
2,20,11,1,55,60,65,72
2,21,38,1,60,60,65,72
2,22,42,0,52,60,65,82
2,23,41,0,42,70,65,82
2,24,40,1,42,60,75,82
2,25,9,1,47,60,75,82
2,26,1,0,57,60,60,82
2,27,21,1,57,65,45,82
2,28,7,0,42,70,45,82
2,29,2,1,47,70,35,82
2,30,28,1,57,70,35,82
2,31,10,1,77,70,25,82
2,32,5,1,82,70,15,82
2,33,25,0,82,65,25,82
2,34,3,1,75,65,25,87
2,35,46,0,68,65,25,92
2,36,17,0,48,75,25,92
2,37,48,1,48,80,25,82
2,38,27,0,58,65,25,82
2,39,6,0,68,65,20,82
2,40,13,1,73,70,20,82
2,41,23,1,83,70,15,82
2,42,15,0,103,65,15,82
2,43,4,0,88,70,15,82
2,44,22,0,83,70,20,82
2,45,43,1,83,70,25,67
2,46,14,1,83,75,25,67
2,47,26,1,93,75,20,67
2,48,37,1,103,75,20,67
2,49,39,1,108,75,20,62
2,50,10,1,128,75,10,62
2,51,5,0,123,75,15,62
2,52,9,0,118,75,15,67
2,53,16,1,118,75,5,67
2,54,12,0,113,85,5,67
2,55,24,1,118,85,5,67
2,56,23,0,113,75,5,72
2,57,18,1,123,75,5,72
2,58,29,0,113,75,10,72
2,59,38,1,118,75,10,72
2,60,7,0,103,80,10,72
2,61,42,1,103,85,10,72
2,62,13,1,108,90,10,72
2,63,15,1,108,95,10,72
2,64,4,0,93,100,10,72
2,65,22,1,93,105,0,72
2,66,48,1,93,110,0,62
2,67,5,0,88,110,5,62
2,68,25,1,88,115,-5,62
2,69,43,0,108,115,-15,62
2,70,16,1,108,115,-25,62
2,71,8,1,98,115,-25,67
2,72,3,0,113,115,-30,67
2,73,41,0,103,125,-30,67
2,74,9,0,98,125,-30,72
2,75,26,0,93,125,-30,77
2,76,38,0,88,130,-30,77
2,77,1,1,80,130,-25,77
2,78,10,0,75,135,-25,77
2,79,17,0,55,145,-25,77
2,80,47,0,80,145,-25,77
2,81,20,0,75,145,-10,77
2,82,36,1,75,150,-10,72
2,83,11,0,70,150,-10,74
2,84,39,1,75,150,-10,69
2,85,15,1,75,155,-10,69
2,86,2,0,65,155,-5,69
2,87,7,0,50,160,-5,69
2,88,6,1,42,160,-5,74
2,89,12,1,47,160,-5,74
2,90,4,0,32,165,-5,74
2,91,21,1,32,170,-20,74
2,92,1,0,42,170,-35,74
2,93,14,0,42,170,-35,79
2,94,23,1,52,170,-40,79
2,95,22,0,47,170,-35,79
2,96,43,0,67,170,-45,79
2,97,15,1,67,175,-45,79
2,98,38,0,62,180,-45,79
2,99,5,1,67,180,-55,79
3,0,25,1,50,55,40,50
3,1,14,1,50,60,40,50
3,2,3,0,65,60,35,50
3,3,37,0,53,70,35,50
3,4,21,1,53,75,20,50
3,5,13,1,58,80,20,50
3,6,16,1,58,80,10,50
3,7,18,0,33,80,10,60
3,8,6,0,43,80,5,60
3,9,9,1,48,80,5,60
3,10,30,1,48,80,15,60
3,11,5,0,43,80,20,60
3,12,25,0,43,75,30,60
3,13,41,0,33,85,30,60
3,14,4,0,18,90,30,60
3,15,14,1,18,95,30,60
3,16,10,0,13,100,30,60
3,17,39,0,6,105,30,60
3,18,29,0,-4,105,35,60
3,19,22,0,-9,105,40,60
3,20,26,1,1,105,35,60
3,21,16,1,1,105,25,60
3,22,1,1,-7,105,30,60
3,23,8,1,-17,105,30,65
3,24,2,0,-27,105,35,65
3,25,20,0,-32,105,50,65
3,26,10,1,-12,105,40,65
3,27,12,1,-7,105,40,65
3,28,25,0,-7,100,50,65
3,29,13,1,-2,105,50,65
3,30,7,1,3,105,50,60
3,31,3,1,-4,105,50,65
3,32,37,0,-16,115,50,65
3,33,15,0,4,110,50,65
3,34,44,1,9,110,50,65
3,35,19,1,24,110,50,65
3,36,5,1,29,110,40,65
3,37,36,0,29,105,40,67
3,38,30,1,29,105,50,67
3,39,24,1,34,105,50,67
3,40,26,0,29,105,50,72
3,41,4,0,14,110,50,72
3,42,29,0,4,110,55,72
3,43,39,1,9,110,55,67
3,44,16,1,9,110,45,67
3,45,23,1,19,110,40,67
3,46,41,1,24,100,40,67
3,47,15,0,44,95,40,67
3,48,20,0,39,95,55,67
3,49,8,0,39,100,45,67
3,50,10,1,59,100,35,67
3,51,45,0,59,100,35,72
3,52,42,1,59,105,35,72
3,53,46,1,64,105,35,67
3,54,17,1,49,105,45,67
3,55,26,0,44,105,45,72
3,56,25,0,44,100,55,72
3,57,41,0,34,110,55,72
3,58,23,1,44,110,50,72
3,59,12,1,49,110,50,72
3,60,13,0,49,110,50,77
3,61,16,1,49,110,40,77
3,62,4,0,34,115,40,77
3,63,28,1,44,115,40,77
3,64,36,0,44,110,40,79
3,65,46,0,37,110,40,84
3,66,3,1,30,110,40,89
3,67,10,0,25,115,40,89
3,68,41,1,30,105,40,89
3,69,43,1,30,105,45,74
3,70,5,0,25,105,50,74
3,71,20,0,20,105,65,74
3,72,7,1,25,105,65,69
3,73,14,0,25,105,65,74
3,74,9,0,20,105,65,79
3,75,30,1,20,105,75,79
3,76,4,1,30,105,75,74
3,77,25,0,30,100,85,74
3,78,28,0,20,100,95,74
3,79,26,1,30,100,90,74
3,80,12,0,25,110,90,74
3,81,36,1,25,115,90,69
3,82,2,0,15,115,95,69
3,83,27,0,25,100,95,69
3,84,15,1,25,105,95,69
3,85,3,0,40,105,90,69
3,86,14,0,40,105,90,74
3,87,13,0,40,105,90,79
3,88,6,0,50,105,85,79
3,89,9,1,55,105,85,79
3,90,12,0,50,115,85,79
3,91,10,1,70,115,75,79
3,92,16,0,60,120,75,79
3,93,11,0,55,120,75,81
3,94,24,0,50,120,80,81
3,95,26,0,45,120,80,86
3,96,25,0,45,115,90,86
3,97,44,1,50,115,90,86
3,98,37,1,60,115,90,86
3,99,15,1,60,120,90,86
4,0,15,1,50,55,50,50
4,1,10,0,45,60,50,50
4,2,13,0,45,60,50,55
4,3,3,0,60,60,45,55
4,4,43,1,60,60,50,40
4,5,14,0,60,60,50,45
4,6,23,0,55,50,50,50
4,7,21,0,50,50,65,50
4,8,41,0,40,60,65,50
4,9,22,0,35,60,70,50
4,10,7,0,20,65,70,50
4,11,40,1,20,55,80,50
4,12,16,1,20,55,70,50
4,13,15,0,40,50,70,50
4,14,9,1,45,50,70,50
4,15,20,0,40,50,85,50
4,16,5,1,45,50,75,50
4,17,2,1,50,50,65,50
4,18,13,1,55,55,65,50
4,19,8,1,45,55,65,55
4,20,11,1,50,55,65,55
4,21,38,0,45,60,65,55
4,22,16,1,45,60,55,55
4,23,44,0,45,60,65,60
4,24,6,0,55,60,60,60
4,25,21,1,55,65,45,60
4,26,45,0,55,65,45,65
4,27,26,0,50,65,45,70
4,28,5,1,55,65,35,70
4,29,42,0,47,65,35,80
4,30,11,0,42,65,35,82
4,31,39,0,35,70,35,82
4,32,25,0,35,65,45,82
4,33,47,1,35,65,45,97
4,34,15,0,55,60,45,97
4,35,18,1,65,60,45,97
4,36,1,0,75,60,30,97
4,37,23,0,70,50,30,102
4,38,36,1,70,55,30,97
4,39,3,0,85,55,25,97
4,40,26,0,80,55,25,102
4,41,16,1,80,55,15,102
4,42,38,0,75,60,15,102
4,43,2,0,65,60,20,102
4,44,29,0,55,60,25,102
4,45,37,1,65,60,25,102
4,46,11,1,70,60,25,102
4,47,45,1,70,65,25,102
4,48,14,1,70,70,25,102
4,49,20,1,70,75,10,102
4,50,47,1,70,75,10,117
4,51,4,0,55,80,10,117
4,52,3,0,70,80,5,117
4,53,41,1,75,70,5,117
4,54,16,0,65,75,5,117
4,55,5,1,70,75,-5,117
4,56,17,1,55,75,5,117
4,57,48,0,45,75,5,122
4,58,36,1,45,80,5,117
4,59,40,1,45,70,15,117
4,60,23,0,40,60,15,122
4,61,2,1,45,60,5,122
4,62,9,1,50,60,5,122
4,63,38,1,55,60,5,122
4,64,10,1,75,60,-5,122
4,65,37,0,63,70,-5,122
4,66,13,0,63,70,-5,127
4,67,22,0,58,70,0,127
4,68,25,1,58,75,-10,127
4,69,3,1,51,75,-10,132
4,70,14,1,51,80,-10,132
4,71,12,0,46,90,-10,132
4,72,30,0,46,90,-20,142
4,73,6,0,56,90,-25,142
4,74,39,1,61,90,-25,137
4,75,28,0,51,90,-15,137
4,76,11,1,56,90,-15,137
4,77,46,1,61,90,-15,132
4,78,7,0,46,95,-15,132
4,79,20,1,46,100,-30,132
4,80,43,0,66,100,-40,132
4,81,25,1,66,105,-50,132
4,82,36,0,66,100,-50,134
4,83,5,0,61,100,-45,134
4,84,47,0,86,100,-45,134
4,85,3,1,79,100,-45,139
4,86,37,1,89,100,-45,139
4,87,1,0,99,100,-60,139
4,88,19,0,79,100,-50,149
4,89,15,1,79,105,-50,149
4,90,11,1,84,105,-50,149
4,91,12,1,89,105,-50,149
4,92,45,0,89,105,-50,154
4,93,14,0,89,105,-50,159
4,94,20,0,84,105,-35,159
4,95,26,1,94,105,-40,159
4,96,25,1,94,110,-50,159
4,97,9,0,89,110,-50,164
4,98,16,0,79,115,-50,164
4,99,46,1,84,115,-50,159
5,0,29,0,40,50,55,50
5,1,4,0,25,55,55,50
5,2,12,1,30,55,55,50
5,3,46,1,35,55,55,45
5,4,6,1,27,55,55,50
5,5,8,1,17,55,55,55
5,6,37,1,27,55,55,55
5,7,13,1,32,60,55,55
5,8,5,1,37,60,45,55
5,9,22,1,37,65,35,55
5,10,48,1,37,70,35,45
5,11,11,0,32,70,35,47
5,12,7,1,37,70,35,42
5,13,36,0,37,65,35,44
5,14,10,1,57,65,25,44
5,15,1,0,67,65,10,44
5,16,26,0,62,65,10,49
5,17,3,0,77,65,5,49
5,18,15,0,97,60,5,49
5,19,16,1,97,60,-5,49
5,20,23,0,92,50,-5,54
5,21,24,1,97,50,-5,54
5,22,37,0,85,60,-5,54
5,23,28,0,75,60,5,54
5,24,5,0,70,60,10,54
5,25,22,0,65,60,15,54
5,26,4,0,50,65,15,54
5,27,41,0,40,75,15,54
5,28,14,1,40,80,15,54
5,29,2,0,30,80,20,54
5,30,20,1,30,85,5,54
5,31,43,1,30,85,10,39
5,32,9,1,35,85,10,39
5,33,36,1,35,90,10,34
5,34,25,1,35,95,0,34
5,35,27,0,45,80,0,34
5,36,24,0,40,80,5,34
5,37,41,1,45,70,5,34
5,38,11,0,40,70,5,36
5,39,3,0,55,70,0,36
5,40,39,1,60,70,0,31
5,41,5,0,55,70,5,31
5,42,44,1,60,70,5,31
5,43,22,0,55,70,10,31
5,44,1,1,47,70,15,31
5,45,20,1,47,75,0,31
5,46,4,0,32,80,0,31
5,47,8,1,22,80,0,36
5,48,13,1,27,85,0,36
5,49,11,1,32,85,0,36
5,50,23,0,27,75,0,41
5,51,38,1,32,75,0,41
5,52,14,1,32,80,0,41
5,53,3,1,25,80,0,46
5,54,15,0,45,75,0,46
5,55,41,0,35,85,0,46
5,56,6,1,27,85,0,51
5,57,48,1,27,90,0,41
5,58,46,0,20,90,0,46
5,59,44,0,20,90,10,51
5,60,1,0,30,90,-5,51
5,61,25,0,30,85,5,51
5,62,16,1,30,85,-5,51
5,63,36,0,30,80,-5,53
5,64,13,0,30,80,-5,58
5,65,10,0,25,85,-5,58
5,66,11,0,20,85,-5,60
5,67,12,0,15,95,-5,60
5,68,38,1,20,95,-5,60
5,69,15,0,40,90,-5,60
5,70,41,1,45,80,-5,60
5,71,20,0,40,80,10,60
5,72,23,0,35,70,10,65
5,73,17,1,20,70,20,65
5,74,2,1,25,70,10,65
5,75,27,1,25,75,5,65
5,76,8,0,25,80,-5,65
5,77,9,0,20,80,-5,70
5,78,1,1,12,80,0,70
5,79,24,1,17,80,0,70
5,80,10,1,37,80,-10,70
5,81,48,1,37,85,-10,60
5,82,41,0,27,95,-10,60
5,83,15,1,27,100,-10,60
5,84,5,1,32,100,-20,60
5,85,19,0,12,100,-10,70
5,86,20,1,12,105,-25,70
5,87,45,0,12,105,-25,75
5,88,12,1,17,105,-25,75
5,89,16,0,7,110,-25,75
5,90,2,1,12,110,-35,75
5,91,4,1,22,110,-35,70
5,92,39,0,15,115,-35,70
5,93,46,1,20,115,-35,65
5,94,43,1,20,115,-30,50
5,95,28,1,30,115,-30,50
5,96,7,0,15,120,-30,50
5,97,8,1,5,120,-30,55
5,98,41,0,-5,130,-30,55
5,99,13,0,-5,130,-30,60
6,0,16,1,50,50,40,50
6,1,10,1,70,50,30,50
6,2,23,1,80,50,25,50
6,3,2,0,70,50,30,50
6,4,47,1,70,50,30,65
6,5,42,0,62,50,30,75
6,6,22,1,62,55,20,75
6,7,38,0,57,60,20,75
6,8,13,1,62,65,20,75
6,9,27,1,62,70,15,75
6,10,1,0,72,70,0,75
6,11,40,0,72,80,-10,75
6,12,25,1,72,85,-20,75
6,13,14,0,72,85,-20,80
6,14,16,0,62,90,-20,80
6,15,10,0,57,95,-20,80
6,16,12,1,62,95,-20,80
6,17,4,0,47,100,-20,80
6,18,15,1,47,105,-20,80
6,19,3,1,40,105,-20,85
6,20,21,1,40,110,-35,85
6,21,2,0,30,110,-30,85
6,22,5,1,35,110,-40,85
6,23,24,1,40,110,-40,85
6,24,22,0,35,110,-35,85
6,25,20,0,30,110,-20,85
6,26,17,0,10,120,-20,85
6,27,11,1,15,120,-20,85
6,28,41,0,5,130,-20,85
6,29,29,0,-5,130,-15,85
6,30,25,1,-5,135,-25,85
6,31,39,0,-12,140,-25,85
6,32,26,0,-17,140,-25,90
6,33,40,0,-17,150,-35,90
6,34,8,1,-27,150,-35,95
6,35,27,0,-17,135,-35,95
6,36,16,1,-17,135,-45,95
6,37,45,1,-17,140,-45,95
6,38,1,0,-7,140,-60,95
6,39,24,1,-2,140,-60,95
6,40,5,1,3,140,-70,95
6,41,13,1,8,145,-70,95
6,42,22,1,8,150,-80,95
6,43,28,0,-2,150,-70,95
6,44,25,1,-2,155,-80,95
6,45,15,0,18,150,-80,95
6,46,12,1,23,150,-80,95
6,47,47,0,48,150,-80,95
6,48,16,0,38,155,-80,95
6,49,14,1,38,160,-80,95
6,50,10,1,58,160,-90,95
6,51,20,0,53,160,-75,95
6,52,24,0,48,160,-70,95
6,53,30,0,48,160,-80,105
6,54,36,1,48,165,-80,100
6,55,44,0,48,165,-70,105
6,56,18,0,23,165,-70,115
6,57,22,0,18,165,-65,115
6,58,13,0,18,165,-65,120
6,59,2,0,8,165,-60,120
6,60,9,1,13,165,-60,120
6,61,28,0,3,165,-50,120
6,62,7,1,8,165,-50,115
6,63,25,0,8,160,-40,115
6,64,10,1,28,160,-50,115
6,65,23,0,23,150,-50,120
6,66,24,0,18,150,-45,120
6,67,12,0,13,160,-45,120
6,68,38,1,18,160,-45,120
6,69,39,1,23,160,-45,115
6,70,14,1,23,165,-45,115
6,71,43,0,43,165,-55,115
6,72,8,0,43,170,-65,115
6,73,22,0,38,170,-60,115
6,74,41,1,43,160,-60,115
6,75,37,1,53,160,-60,115
6,76,42,1,53,165,-60,115
6,77,1,1,45,165,-55,115
6,78,47,1,45,165,-55,130
6,79,2,1,50,165,-65,130
6,80,40,1,50,155,-55,130
6,81,16,1,50,155,-65,130
6,82,36,1,50,160,-65,125
6,83,27,1,50,165,-70,125
6,84,12,0,45,175,-70,125
6,85,11,0,40,175,-70,127
6,86,25,1,40,180,-80,127
6,87,39,0,33,185,-80,127
6,88,10,0,28,190,-80,127
6,89,13,1,33,195,-80,127
6,90,43,1,33,195,-75,112
6,91,16,0,23,200,-75,112
6,92,41,1,28,190,-75,112
6,93,5,0,23,190,-70,112
6,94,42,1,23,195,-70,112
6,95,6,0,33,195,-75,112
6,96,18,0,8,195,-75,122
6,97,21,0,3,195,-60,122
6,98,7,0,-12,200,-60,122
6,99,30,1,-12,200,-50,122
7,0,14,1,50,55,50,50
7,1,26,0,45,55,50,55
7,2,12,0,40,65,50,55
7,3,41,0,30,75,50,55
7,4,3,1,23,75,50,60
7,5,24,0,18,75,55,60
7,6,43,1,18,75,60,45
7,7,20,1,18,80,45,45
7,8,40,1,18,70,55,45
7,9,9,1,23,70,55,45
7,10,2,0,13,70,60,45
7,11,11,1,18,70,60,45
7,12,42,1,18,75,60,45
7,13,22,0,13,75,65,45
7,14,12,1,18,75,65,45
7,15,16,0,8,80,65,45
7,16,15,0,28,75,65,45
7,17,45,0,28,75,65,50
7,18,14,1,28,80,65,50
7,19,41,1,33,70,65,50
7,20,1,0,43,70,50,50
7,21,26,0,38,70,50,55
7,22,39,0,31,75,50,55
7,23,37,1,41,75,50,55
7,24,40,0,41,85,40,55
7,25,16,0,31,90,40,55
7,26,36,1,31,95,40,50
7,27,3,1,24,95,40,55
7,28,23,0,19,85,40,60
7,29,18,0,-6,85,40,70
7,30,28,1,4,85,40,70
7,31,8,1,-6,85,40,75
7,32,21,1,-6,90,25,75
7,33,13,0,-6,90,25,80
7,34,4,0,-21,95,25,80
7,35,43,0,-1,95,15,80
7,36,25,0,-1,90,25,80
7,37,10,0,-6,95,25,80
7,38,14,1,-6,100,25,80
7,39,5,1,-1,100,15,80
7,40,11,1,4,100,15,80
7,41,15,0,24,95,15,80
7,42,41,1,29,85,15,80
7,43,8,0,29,90,5,80
7,44,39,1,34,90,5,75
7,45,46,0,27,90,5,80
7,46,3,1,20,90,5,85
7,47,4,0,5,95,5,85
7,48,20,0,0,95,20,85
7,49,45,0,0,95,20,90
7,50,27,0,10,80,20,90
7,51,12,1,15,80,20,90
7,52,38,1,20,80,20,90
7,53,16,1,20,80,10,90
7,54,41,1,25,70,10,90
7,55,21,0,20,70,25,90
7,56,2,1,25,70,15,90
7,57,1,0,35,70,0,90
7,58,22,1,35,75,-10,90
7,59,42,1,35,80,-10,90
7,60,5,1,40,80,-20,90
7,61,43,0,60,80,-30,90
7,62,4,1,70,80,-30,85
7,63,11,1,75,80,-30,85
7,64,39,1,80,80,-30,80
7,65,16,0,70,85,-30,80
7,66,25,1,70,90,-40,80
7,67,40,0,70,100,-50,80
7,68,44,0,70,100,-40,85
7,69,13,0,70,100,-40,90
7,70,21,1,70,105,-55,90
7,71,1,1,62,105,-50,90
7,72,12,0,57,115,-50,90
7,73,7,1,62,115,-50,85
7,74,27,0,72,100,-50,85
7,75,28,1,82,100,-50,85
7,76,6,1,74,100,-50,90
7,77,17,0,54,110,-50,90
7,78,45,0,54,110,-50,95
7,79,4,1,64,110,-50,90
7,80,36,1,64,115,-50,85
7,81,20,1,64,120,-65,85
7,82,8,1,54,120,-65,90
7,83,41,0,44,130,-65,90
7,84,15,0,64,125,-65,90
7,85,14,1,64,130,-65,90
7,86,25,1,64,135,-75,90
7,87,12,1,69,135,-75,90
7,88,26,0,64,135,-75,95
7,89,5,1,69,135,-85,95
7,90,39,0,62,140,-85,95
7,91,37,0,50,150,-85,95
7,92,48,0,40,150,-85,100
7,93,11,0,35,150,-85,102
7,94,28,0,25,150,-75,102
7,95,46,0,18,150,-75,107
7,96,15,0,38,145,-75,107
7,97,22,1,38,150,-85,107
7,98,1,1,30,150,-80,107
7,99,45,0,30,150,-80,112
8,0,26,0,45,50,50,55
8,1,5,0,40,50,55,55
8,2,46,0,33,50,55,60
8,3,3,1,26,50,55,65
8,4,20,1,26,55,40,65
8,5,47,0,51,55,40,65
8,6,43,0,71,55,30,65
8,7,22,0,66,55,35,65
8,8,10,0,61,60,35,65
8,9,23,1,71,60,30,65
8,10,11,0,66,60,30,67
8,11,15,0,86,55,30,67
8,12,48,1,86,60,30,57
8,13,37,1,96,60,30,57
8,14,44,1,101,60,30,57
8,15,21,0,96,60,45,57
8,16,2,1,101,60,35,57
8,17,14,0,101,60,35,62
8,18,12,1,106,60,35,62
8,19,9,0,101,60,35,67
8,20,16,0,91,65,35,67
8,21,18,1,101,65,35,67
8,22,15,1,101,70,35,67
8,23,27,1,101,75,30,67
8,24,1,0,111,75,15,67
8,25,22,1,111,80,5,67
8,26,41,0,101,90,5,67
8,27,21,1,101,95,-10,67
8,28,19,0,81,95,0,77
8,29,12,0,76,105,0,77
8,30,44,1,81,105,0,77
8,31,25,0,81,100,10,77
8,32,23,0,76,90,10,82
8,33,10,1,96,90,0,82
8,34,40,0,96,100,-10,82
8,35,16,1,96,100,-20,82
8,36,7,1,101,100,-20,77
8,37,1,0,111,100,-35,77
8,38,8,1,101,100,-35,82
8,39,37,0,89,110,-35,82
8,40,46,0,82,110,-35,87
8,41,13,1,87,115,-35,87
8,42,9,0,82,115,-35,92
8,43,26,1,92,115,-40,92
8,44,2,0,82,115,-35,92
8,45,16,0,72,120,-35,92
8,46,23,0,67,110,-35,97
8,47,22,1,67,115,-45,97
8,48,25,1,67,120,-55,97
8,49,6,0,77,120,-60,97
8,50,10,0,72,125,-60,97
8,51,1,1,64,125,-55,97
8,52,20,1,64,130,-70,97
8,53,28,1,74,130,-70,97
8,54,5,0,69,130,-65,97
8,55,47,1,69,130,-65,112
8,56,41,0,59,140,-65,112
8,57,27,1,59,145,-70,112
8,58,42,1,59,150,-70,112
8,59,37,1,69,150,-70,112
8,60,13,0,69,150,-70,117
8,61,23,0,64,140,-70,122
8,62,21,1,64,145,-85,122
8,63,9,1,69,145,-85,122
8,64,43,1,69,145,-80,107
8,65,30,0,69,145,-90,117
8,66,10,0,64,150,-90,117
8,67,3,1,57,150,-90,122
8,68,20,1,57,155,-105,122
8,69,4,0,42,160,-105,122
8,70,15,0,62,155,-105,122
8,71,28,0,52,155,-95,122
8,72,5,0,47,155,-90,122
8,73,6,0,57,155,-95,122
8,74,1,1,49,155,-90,122
8,75,25,1,49,160,-100,122
8,76,47,1,49,160,-100,137
8,77,41,0,39,170,-100,137
8,78,14,1,39,175,-100,137
8,79,9,0,34,175,-100,142
8,80,26,0,29,175,-100,147
8,81,13,1,34,180,-100,147
8,82,40,1,34,170,-90,147
8,83,16,1,34,170,-100,147
8,84,27,1,34,175,-105,147
8,85,3,1,27,175,-105,152
8,86,20,1,27,180,-120,152
8,87,28,1,37,180,-120,152
8,88,39,0,30,185,-120,152
8,89,25,0,30,180,-110,152
8,90,21,1,30,185,-125,152
8,91,10,1,50,185,-135,152
8,92,15,0,70,180,-135,152
8,93,46,0,63,180,-135,157
8,94,47,0,88,180,-135,157
8,95,36,0,88,175,-135,159
8,96,27,0,98,160,-135,159
8,97,4,0,83,165,-135,159
8,98,48,0,73,165,-135,164
8,99,23,1,83,165,-140,164
9,0,21,1,50,55,35,50
9,1,10,0,45,60,35,50
9,2,23,1,55,60,30,50
9,3,29,0,45,60,35,50
9,4,14,1,45,65,35,50
9,5,4,0,30,70,35,50
9,6,40,1,30,60,45,50
9,7,12,0,25,70,45,50
9,8,45,0,25,70,45,55
9,9,30,1,25,70,55,55
9,10,15,0,45,65,55,55
9,11,19,0,25,65,65,65
9,12,38,1,30,65,65,65
9,13,10,0,25,70,65,65
9,14,11,0,20,70,65,67
9,15,13,1,25,75,65,67
9,16,1,0,35,75,50,67
9,17,43,1,35,75,55,52
9,18,22,0,30,75,60,52
9,19,2,0,20,75,65,52
9,20,29,0,10,75,70,52
9,21,40,0,10,85,60,52
9,22,25,1,10,90,50,52
9,23,15,1,10,95,50,52
9,24,5,0,5,95,55,52
9,25,11,0,0,95,55,54
9,26,3,0,15,95,50,54
9,27,38,0,10,100,50,54
9,28,39,1,15,100,50,49
9,29,7,1,20,100,50,44
9,30,27,1,20,105,45,44
9,31,1,0,30,105,30,44
9,32,9,0,25,105,30,49
9,33,4,0,10,110,30,49
9,34,36,1,10,115,30,44
9,35,14,0,10,115,30,49
9,36,41,1,15,105,30,49
9,37,22,1,15,110,20,49
9,38,26,0,10,110,20,54
9,39,16,1,10,110,10,54
9,40,20,1,10,115,-5,54
9,41,24,0,5,115,0,54
9,42,28,0,-5,115,10,54
9,43,13,0,-5,115,10,59
9,44,30,0,-5,115,0,69
9,45,23,0,-10,105,0,74
9,46,15,1,-10,110,0,74
9,47,5,0,-15,110,5,74
9,48,41,1,-10,100,5,74
9,49,42,0,-18,100,5,84
9,50,1,1,-26,100,10,84
9,51,3,1,-33,100,10,89
9,52,38,0,-38,105,10,89
9,53,8,0,-38,110,0,89
9,54,2,1,-33,110,-10,89
9,55,25,0,-33,105,0,89
9,56,45,1,-33,110,0,89
9,57,4,0,-48,115,0,89
9,58,29,1,-48,130,-20,89
9,59,16,1,-48,130,-30,89
9,60,17,0,-68,140,-30,89
9,61,5,0,-73,140,-25,89
9,62,13,0,-73,140,-25,94
9,63,20,0,-78,140,-10,94
9,64,10,1,-58,140,-20,94
9,65,12,1,-53,140,-20,94
9,66,36,1,-53,145,-20,89
9,67,22,0,-58,145,-15,89
9,68,9,1,-53,145,-15,89
9,69,27,1,-53,150,-20,89
9,70,4,0,-68,155,-20,89
9,71,25,0,-68,150,-10,89
9,72,24,1,-63,150,-10,89
9,73,29,1,-63,165,-30,89
9,74,44,0,-63,165,-20,94
9,75,37,1,-53,165,-20,94
9,76,10,1,-33,165,-30,94
9,77,39,1,-28,165,-30,89
9,78,17,1,-43,165,-20,89
9,79,12,0,-48,175,-20,89
9,80,8,0,-48,180,-30,89
9,81,15,1,-48,185,-30,89
9,82,20,1,-48,190,-45,89
9,83,9,1,-43,190,-45,89
9,84,25,0,-43,185,-35,89
9,85,11,0,-48,185,-35,91
9,86,30,0,-48,185,-45,101
9,87,41,1,-43,175,-45,101
9,88,6,0,-33,175,-50,101
9,89,14,0,-33,175,-50,106
9,90,1,1,-41,175,-45,106
9,91,3,0,-26,175,-50,106
9,92,22,0,-31,175,-45,106
9,93,45,0,-31,175,-45,111
9,94,37,1,-21,175,-45,111
9,95,8,0,-21,180,-55,111
9,96,17,0,-41,190,-55,111
9,97,41,0,-51,200,-55,111
9,98,13,0,-51,200,-55,116
9,99,27,0,-41,185,-55,116
10,0,25,0,50,45,60,50
10,1,10,0,45,50,60,50
10,2,42,0,37,50,60,60
10,3,30,1,37,50,70,60
10,4,11,0,32,50,70,62
10,5,20,1,32,55,55,62
10,6,22,1,32,60,45,62
10,7,6,1,24,60,45,67
10,8,26,0,19,60,45,72
10,9,29,1,19,75,25,72
10,10,44,1,24,75,25,72
10,11,12,0,19,85,25,72
10,12,41,1,24,75,25,72
10,13,19,0,4,75,35,82
10,14,4,0,-11,80,35,82
10,15,48,0,-21,80,35,87
10,16,3,0,-6,80,30,87
10,17,5,0,-11,80,35,87
10,18,1,1,-19,80,40,87
10,19,16,0,-29,85,40,87
10,20,38,0,-34,90,40,87
10,21,2,1,-29,90,30,87
10,22,20,0,-34,90,45,87
10,23,23,1,-24,90,40,87
10,24,27,0,-14,75,40,87
10,25,43,0,6,75,30,87
10,26,14,0,6,75,30,92
10,27,4,1,16,75,30,87
10,28,12,1,21,75,30,87
10,29,46,0,14,75,30,92
10,30,15,0,34,70,30,92
10,31,5,0,29,70,35,92
10,32,3,1,22,70,35,97
10,33,26,0,17,70,35,102
10,34,10,1,37,70,25,102
10,35,42,0,29,70,25,112
10,36,41,0,19,80,25,112
10,37,17,1,4,80,35,112
10,38,13,0,4,80,35,117
10,39,23,0,-1,70,35,122
10,40,21,1,-1,75,20,122
10,41,9,0,-6,75,20,127
10,42,38,1,-1,75,20,127
10,43,2,1,4,75,10,127
10,44,40,1,4,65,20,127
10,45,22,1,4,70,10,127
10,46,8,0,4,75,0,127
10,47,5,0,-1,75,5,127
10,48,46,0,-8,75,5,132
10,49,36,0,-8,70,5,134
10,50,26,0,-13,70,5,139
10,51,41,1,-8,60,5,139
10,52,10,1,12,60,-5,139
10,53,6,1,4,60,-5,144
10,54,23,0,-1,50,-5,149
10,55,45,0,-1,50,-5,154
10,56,29,1,-1,65,-25,154
10,57,37,0,-13,75,-25,154
10,58,16,1,-13,75,-35,154
10,59,7,1,-8,75,-35,149
10,60,12,1,-3,75,-35,149
10,61,44,0,-3,75,-25,154
10,62,41,1,2,65,-25,154
10,63,1,0,12,65,-40,154
10,64,4,0,-3,70,-40,154
10,65,3,1,-10,70,-40,159
10,66,15,0,10,65,-40,159
10,67,2,1,15,65,-50,159
10,68,22,1,15,70,-60,159
10,69,27,1,15,75,-65,159
10,70,8,0,15,80,-75,159
10,71,20,1,15,85,-90,159
10,72,42,1,15,90,-90,159
10,73,5,1,20,90,-100,159
10,74,38,1,25,90,-100,159
10,75,36,0,25,85,-100,161
10,76,11,0,20,85,-100,163
10,77,1,0,30,85,-115,163
10,78,6,0,40,85,-120,163
10,79,28,1,50,85,-120,163
10,80,26,1,60,85,-125,163
10,81,25,0,60,80,-115,163
10,82,16,1,60,80,-125,163
10,83,19,1,75,80,-125,163
10,84,45,1,75,85,-125,163
10,85,24,0,70,85,-120,163
10,86,4,0,55,90,-120,163
10,87,40,1,55,80,-110,163
10,88,7,0,40,85,-110,163
10,89,41,1,45,75,-110,163
10,90,10,1,65,75,-120,163
10,91,2,0,55,75,-115,163
10,92,9,1,60,75,-115,163
10,93,1,1,52,75,-110,163
10,94,22,0,47,75,-105,163
10,95,3,1,40,75,-105,168
10,96,43,0,60,75,-115,168
10,97,46,0,53,75,-115,173
10,98,16,1,53,75,-125,173
10,99,5,0,48,75,-120,173
11,0,37,0,38,60,50,50
11,1,27,0,48,45,50,50
11,2,41,1,53,35,50,50
11,3,2,1,58,35,40,50
11,4,17,1,43,35,50,50
11,5,23,0,38,25,50,55
11,6,5,1,43,25,40,55
11,7,44,1,48,25,40,55
11,8,43,1,48,25,45,40
11,9,16,1,48,25,35,40
11,10,46,1,53,25,35,35
11,11,18,0,28,25,35,45
11,12,40,0,28,35,25,45
11,13,19,0,8,35,35,55
11,14,39,1,13,35,35,50
11,15,20,1,13,40,20,50
11,16,13,1,18,45,20,50
11,17,8,0,18,50,10,50
11,18,1,0,28,50,-5,50
11,19,12,0,23,60,-5,50
11,20,15,1,23,65,-5,50
11,21,6,0,33,65,-10,50
11,22,2,0,23,65,-5,50
11,23,10,0,18,70,-5,50
11,24,38,1,23,70,-5,50
11,25,21,0,18,70,10,50
11,26,41,1,23,60,10,50
11,27,3,0,38,60,5,50
11,28,42,0,30,60,5,60
11,29,45,1,30,65,5,60
11,30,40,0,30,75,-5,60
11,31,24,1,35,75,-5,60
11,32,5,1,40,75,-15,60
11,33,1,0,50,75,-30,60
11,34,4,1,60,75,-30,55
11,35,27,0,70,60,-30,55
11,36,43,0,90,60,-40,55
11,37,7,1,95,60,-40,50
11,38,12,0,90,70,-40,50
11,39,16,0,80,75,-40,50
11,40,14,1,80,80,-40,50
11,41,26,1,90,80,-45,50
11,42,13,1,95,85,-45,50
11,43,41,1,100,75,-45,50
11,44,44,1,105,75,-45,50
11,45,3,1,98,75,-45,55
11,46,17,1,83,75,-35,55
11,47,40,0,83,85,-45,55
11,48,29,1,83,100,-65,55
11,49,36,1,83,105,-65,50
11,50,11,1,88,105,-65,50
11,51,28,0,78,105,-55,50
11,52,12,0,73,115,-55,50
11,53,39,1,78,115,-55,45
11,54,45,0,78,115,-55,50
11,55,10,0,73,120,-55,50
11,56,1,1,65,120,-50,50
11,57,37,1,75,120,-50,50
11,58,8,0,75,125,-60,50
11,59,44,0,75,125,-50,55
11,60,13,0,75,125,-50,60
11,61,46,1,80,125,-50,55
11,62,29,1,80,140,-70,55
11,63,24,0,75,140,-65,55
11,64,12,0,70,150,-65,55
11,65,22,0,65,150,-60,55
11,66,21,0,60,150,-45,55
11,67,27,1,60,155,-50,55
11,68,14,0,60,155,-50,60
11,69,10,0,55,160,-50,60
11,70,41,1,60,150,-50,60
11,71,20,0,55,150,-35,60
11,72,9,1,60,150,-35,60
11,73,25,0,60,145,-25,60
11,74,5,1,65,145,-35,60
11,75,3,0,80,145,-40,60
11,76,23,1,90,145,-45,60
11,77,36,0,90,140,-45,62
11,78,24,0,85,140,-40,62
11,79,11,1,90,140,-40,62
11,80,38,1,95,140,-40,62
11,81,19,1,110,140,-40,62
11,82,15,0,130,135,-40,62
11,83,10,1,150,135,-50,62
11,84,14,1,150,140,-50,62
11,85,41,0,140,150,-50,62
11,86,7,1,145,150,-50,57
11,87,12,1,150,150,-50,57
11,88,27,1,150,155,-55,57
11,89,6,1,142,155,-55,62
11,90,20,1,142,160,-70,62
11,91,17,1,127,160,-60,62
11,92,18,1,137,160,-60,62
11,93,8,0,137,165,-70,62
11,94,5,1,142,165,-80,62
11,95,42,0,134,165,-80,72
11,96,9,1,139,165,-80,72
11,97,39,0,132,170,-80,72
11,98,15,0,152,165,-80,72
11,99,47,1,152,165,-80,87
12,0,13,1,55,55,50,50
12,1,12,0,50,65,50,50
12,2,40,0,50,75,40,50
12,3,26,1,60,75,35,50
12,4,7,0,45,80,35,50
12,5,16,1,45,80,25,50
12,6,29,0,35,80,30,50
12,7,14,0,35,80,30,55
12,8,27,1,35,85,25,55
12,9,9,0,30,85,25,60
12,10,17,1,15,85,35,60
12,11,1,1,7,85,40,60
12,12,43,1,7,85,45,45
12,13,23,0,2,75,45,50
12,14,41,0,-8,85,45,50
12,15,20,1,-8,90,30,50
12,16,3,1,-15,90,30,55
12,17,13,1,-10,95,30,55
12,18,12,1,-5,95,30,55
12,19,29,1,-5,110,10,55
12,20,22,0,-10,110,15,55
12,21,25,1,-10,115,5,55
12,22,42,1,-10,120,5,55
12,23,38,0,-15,125,5,55
12,24,1,0,-5,125,-10,55
12,25,10,1,15,125,-20,55
12,26,18,1,25,125,-20,55
12,27,44,1,30,125,-20,55
12,28,2,1,35,125,-30,55
12,29,5,0,30,125,-25,55
12,30,26,1,40,125,-30,55
12,31,30,1,40,125,-20,55
12,32,16,0,30,130,-20,55
12,33,15,0,50,125,-20,55
12,34,45,1,50,130,-20,55
12,35,17,1,35,130,-10,55
12,36,46,1,40,130,-10,50
12,37,12,0,35,140,-10,50
12,38,38,1,40,140,-10,50
12,39,23,1,50,140,-15,50
12,40,20,1,50,145,-30,50
12,41,19,1,65,145,-30,50
12,42,29,1,65,160,-50,50
12,43,9,0,60,160,-50,55
12,44,14,1,60,165,-50,55
12,45,1,1,52,165,-45,55
12,46,18,1,62,165,-45,55
12,47,48,0,52,165,-45,60
12,48,16,0,42,170,-45,60
12,49,42,1,42,175,-45,60
12,50,7,0,27,180,-45,60
12,51,15,0,47,175,-45,60
12,52,44,0,47,175,-35,65
12,53,41,1,52,165,-35,65
12,54,40,1,52,155,-25,65
12,55,6,1,44,155,-25,70
12,56,8,0,44,160,-35,70
12,57,45,0,44,160,-35,75
12,58,43,1,44,160,-30,60
12,59,4,1,54,160,-30,55
12,60,24,1,59,160,-30,55
12,61,14,1,59,165,-30,55
12,62,26,1,69,165,-35,55
12,63,16,0,59,170,-35,55
12,64,36,0,59,165,-35,57
12,65,47,0,84,165,-35,57
12,66,29,1,84,180,-55,57
12,67,30,1,84,180,-45,57
12,68,12,0,79,190,-45,57
12,69,23,1,89,190,-50,57
12,70,11,1,94,190,-50,57
12,71,20,0,89,190,-35,57
12,72,13,0,89,190,-35,62
12,73,48,0,79,190,-35,67
12,74,16,1,79,190,-45,67
12,75,7,1,84,190,-45,62
12,76,9,1,89,190,-45,62
12,77,2,1,94,190,-55,62
12,78,10,0,89,195,-55,62
12,79,46,0,82,195,-55,67
12,80,12,0,77,205,-55,67
12,81,1,1,69,205,-50,67
12,82,29,0,59,205,-45,67
12,83,41,1,64,195,-45,67
12,84,47,1,64,195,-45,82
12,85,38,0,59,200,-45,82
12,86,23,1,69,200,-50,82
12,87,6,1,61,200,-50,87
12,88,30,0,61,200,-60,97
12,89,8,0,61,205,-70,97
12,90,39,1,66,205,-70,92
12,91,22,0,61,205,-65,92
12,92,2,1,66,205,-75,92
12,93,17,1,51,205,-65,92
12,94,10,0,46,210,-65,92
12,95,14,0,46,210,-65,97
12,96,16,0,36,215,-65,97
12,97,24,1,41,215,-65,97
12,98,12,0,36,225,-65,97
12,99,48,1,36,230,-65,87
13,0,21,1,50,55,35,50
13,1,27,1,50,60,30,50
13,2,23,1,60,60,25,50
13,3,25,0,60,55,35,50
13,4,13,1,65,60,35,50
13,5,1,1,57,60,40,50
13,6,15,0,77,55,40,50
13,7,14,0,77,55,40,55
13,8,9,1,82,55,40,55
13,9,16,1,82,55,30,55
13,10,17,1,67,55,40,55
13,11,47,1,67,55,40,70
13,12,6,1,59,55,40,75
13,13,26,1,69,55,35,75
13,14,12,1,74,55,35,75
13,15,28,0,64,55,45,75
13,16,2,0,54,55,50,75
13,17,23,0,49,45,50,80
13,18,15,0,69,40,50,80
13,19,5,0,64,40,55,80
13,20,30,0,64,40,45,90
13,21,1,1,56,40,50,90
13,22,3,0,71,40,45,90
13,23,18,0,46,40,45,100
13,24,46,1,51,40,45,95
13,25,12,1,56,40,45,95
13,26,39,1,61,40,45,90
13,27,37,1,71,40,45,90
13,28,7,1,76,40,45,85
13,29,10,0,71,45,45,85
13,30,6,1,63,45,45,90
13,31,13,1,68,50,45,90
13,32,40,0,68,60,35,90
13,33,8,1,58,60,35,95
13,34,17,1,43,60,45,95
13,35,2,1,48,60,35,95
13,36,27,1,48,65,30,95
13,37,41,1,53,55,30,95
13,38,22,0,48,55,35,95
13,39,14,0,48,55,35,100
13,40,23,1,58,55,30,100
13,41,19,1,73,55,30,100
13,42,4,0,58,60,30,100
13,43,37,1,68,60,30,100
13,44,21,0,63,60,45,100
13,45,16,1,63,60,35,100
13,46,7,0,48,65,35,100
13,47,46,0,41,65,35,105
13,48,12,1,46,65,35,105
13,49,41,1,51,55,35,105
13,50,2,0,41,55,40,105
13,51,20,0,36,55,55,105
13,52,24,0,31,55,60,105
13,53,14,0,31,55,60,110
13,54,3,0,46,55,55,110
13,55,16,0,36,60,55,110
13,56,28,0,26,60,65,110
13,57,8,1,16,60,65,115
13,58,13,0,16,60,65,120
13,59,36,0,16,55,65,122
13,60,15,1,16,60,65,122
13,61,42,1,16,65,65,122
13,62,45,1,16,70,65,122
13,63,1,1,8,70,70,122
13,64,41,0,-2,80,70,122
13,65,5,1,3,80,60,122
13,66,12,1,8,80,60,122
13,67,29,1,8,95,40,122
13,68,48,1,8,100,40,112
13,69,11,1,13,100,40,112
13,70,25,1,13,105,30,112
13,71,23,0,8,95,30,117
13,72,26,0,3,95,30,122
13,73,20,1,3,100,15,122
13,74,41,1,8,90,15,122
13,75,28,1,18,90,15,122
13,76,9,1,23,90,15,122
13,77,45,1,23,95,15,122
13,78,46,0,16,95,15,127
13,79,4,0,1,100,15,127
13,80,14,1,1,105,15,127
13,81,2,0,-9,105,20,127
13,82,5,1,-4,105,10,127
13,83,23,0,-9,95,10,132
13,84,39,1,-4,95,10,127
13,85,18,0,-29,95,10,137
13,86,13,0,-29,95,10,142
13,87,26,1,-19,95,5,142
13,88,22,0,-24,95,10,142
13,89,10,0,-29,100,10,142
13,90,43,0,-9,100,0,142
13,91,6,0,1,100,-5,142
13,92,14,1,1,105,-5,142
13,93,7,1,6,105,-5,137
13,94,47,1,6,105,-5,152
13,95,36,0,6,100,-5,154
13,96,16,1,6,100,-15,154
13,97,40,0,6,110,-25,154
13,98,42,1,6,115,-25,154
13,99,10,0,1,120,-25,154
14,0,45,1,50,55,50,50
14,1,23,0,45,45,50,55
14,2,37,0,33,55,50,55
14,3,21,0,28,55,65,55
14,4,10,1,48,55,55,55
14,5,20,1,48,60,40,55
14,6,24,1,53,60,40,55
14,7,2,0,43,60,45,55
14,8,30,1,43,60,55,55
14,9,8,0,43,65,45,55
14,10,41,0,33,75,45,55
14,11,4,1,43,75,45,50
14,12,7,1,48,75,45,45
14,13,12,1,53,75,45,45
14,14,22,1,53,80,35,45
14,15,6,0,63,80,30,45
14,16,26,0,58,80,30,50
14,17,13,0,58,80,30,55
14,18,45,1,58,85,30,55
14,19,3,0,73,85,25,55
14,20,43,0,93,85,15,55
14,21,23,1,103,85,10,55
14,22,11,1,108,85,10,55
14,23,14,1,108,90,10,55
14,24,4,0,93,95,10,55
14,25,48,0,83,95,10,60
14,26,46,0,76,95,10,65
14,27,10,0,71,100,10,65
14,28,1,1,63,100,15,65
14,29,16,0,53,105,15,65
14,30,17,0,33,115,15,65
14,31,39,1,38,115,15,60
14,32,2,1,43,115,5,60
14,33,6,0,53,115,0,60
14,34,8,0,53,120,-10,60
14,35,13,0,53,120,-10,65
14,36,41,1,58,110,-10,65
14,37,23,1,68,110,-15,65
14,38,4,0,53,115,-15,65
14,39,12,1,58,115,-15,65
14,40,18,1,68,115,-15,65
14,41,9,1,73,115,-15,65
14,42,10,1,93,115,-25,65
14,43,46,0,86,115,-25,70
14,44,3,0,101,115,-30,70
14,45,42,0,93,115,-30,80
14,46,39,1,98,115,-30,75
14,47,16,1,98,115,-40,75
14,48,1,1,90,115,-35,75
14,49,28,0,80,115,-25,75
14,50,43,0,100,115,-35,75
14,51,5,0,95,115,-30,75
14,52,22,0,90,115,-25,75
14,53,20,0,85,115,-10,75
14,54,7,0,70,120,-10,75
14,55,10,0,65,125,-10,75
14,56,17,1,50,125,0,75
14,57,40,0,50,135,-10,75
14,58,16,0,40,140,-10,75
14,59,15,0,60,135,-10,75
14,60,45,1,60,140,-10,75
14,61,6,0,70,140,-15,75
14,62,13,0,70,140,-15,80
14,63,5,0,65,140,-10,80
14,64,2,1,70,140,-20,80
14,65,21,1,70,145,-35,80
14,66,25,1,70,150,-45,80
14,67,44,0,70,150,-35,85
14,68,30,1,70,150,-25,85
14,69,43,1,70,150,-20,70
14,70,16,0,60,155,-20,70
14,71,29,0,50,155,-15,70
14,72,14,0,50,155,-15,75
14,73,22,1,50,160,-25,75
14,74,39,1,55,160,-25,70
14,75,41,1,60,150,-25,70
14,76,8,0,60,155,-35,70
14,77,27,0,70,140,-35,70
14,78,5,1,75,140,-45,70
14,79,13,1,80,145,-45,70
14,80,6,1,72,145,-45,75
14,81,4,0,57,150,-45,75
14,82,1,0,67,150,-60,75
14,83,9,0,62,150,-60,80
14,84,14,0,62,150,-60,85
14,85,26,1,72,150,-65,85
14,86,37,0,60,160,-65,85
14,87,40,0,60,170,-75,85
14,88,45,1,60,175,-75,85
14,89,39,0,53,180,-75,85
14,90,12,1,58,180,-75,85
14,91,5,1,63,180,-85,85
14,92,11,0,58,180,-85,87
14,93,21,0,53,180,-70,87
14,94,6,0,63,180,-75,87
14,95,36,1,63,185,-75,82
14,96,25,0,63,180,-65,82
14,97,2,1,68,180,-75,82
14,98,14,1,68,185,-75,82
14,99,41,0,58,195,-75,82
15,0,44,0,50,50,60,55
15,1,43,0,70,50,50,55
15,2,2,0,60,50,55,55
15,3,42,0,52,50,55,65
15,4,9,0,47,50,55,70
15,5,38,0,42,55,55,70
15,6,19,1,57,55,55,70
15,7,7,1,62,55,55,65
15,8,11,1,67,55,55,65
15,9,30,1,67,55,65,65
15,10,29,0,57,55,70,65
15,11,3,1,50,55,70,70
15,12,25,0,50,50,80,70
15,13,12,1,55,50,80,70
15,14,5,0,50,50,85,70
15,15,48,1,50,55,85,60
15,16,23,1,60,55,80,60
15,17,2,0,50,55,85,60
15,18,45,0,50,55,85,65
15,19,26,1,60,55,80,65
15,20,38,0,55,60,80,65
15,21,20,1,55,65,65,65
15,22,37,1,65,65,65,65
15,23,22,0,60,65,70,65
15,24,36,1,60,70,70,60
15,25,41,1,65,60,70,60
15,26,16,1,65,60,60,60
15,27,11,1,70,60,60,60
15,28,27,1,70,65,55,60
15,29,6,1,62,65,55,65
15,30,9,1,67,65,55,65
15,31,1,1,59,65,60,65
15,32,4,0,44,70,60,65
15,33,14,1,44,75,60,65
15,34,3,0,59,75,55,65
15,35,21,1,59,80,40,65
15,36,10,1,79,80,30,65
15,37,25,1,79,85,20,65
15,38,41,0,69,95,20,65
15,39,2,0,59,95,25,65
15,40,45,0,59,95,25,70
15,41,20,0,54,95,40,70
15,42,22,1,54,100,30,70
15,43,1,1,46,100,35,70
15,44,15,0,66,95,35,70
15,45,12,0,61,105,35,70
15,46,10,1,81,105,25,70
15,47,16,1,81,105,15,70
15,48,41,0,71,115,15,70
15,49,26,1,81,115,10,70
15,50,5,0,76,115,15,70
15,51,40,0,76,125,5,70
15,52,3,1,69,125,5,75
15,53,14,0,69,125,5,80
15,54,46,1,74,125,5,75
15,55,25,0,74,120,15,75
15,56,12,1,79,120,15,75
15,57,23,1,89,120,10,75
15,58,43,1,89,120,15,60
15,59,36,1,89,125,15,55
15,60,39,1,94,125,15,50
15,61,9,1,99,125,15,50
15,62,8,0,99,130,5,50
15,63,45,1,99,135,5,50
15,64,41,0,89,145,5,50
15,65,27,1,89,150,0,50
15,66,26,1,99,150,-5,50
15,67,42,1,99,155,-5,50
15,68,30,0,99,155,-15,60
15,69,17,1,84,155,-5,60
15,70,10,1,104,155,-15,60
15,71,12,1,109,155,-15,60
15,72,3,1,102,155,-15,65
15,73,4,1,112,155,-15,60
15,74,15,0,132,150,-15,60
15,75,24,1,137,150,-15,60
15,76,41,0,127,160,-15,60
15,77,48,1,127,165,-15,50
15,78,29,0,117,165,-10,50
15,79,16,0,107,170,-10,50
15,80,40,1,107,160,0,50
15,81,38,1,112,160,0,50
15,82,6,1,104,160,0,55
15,83,47,0,129,160,0,55
15,84,5,1,134,160,-10,55
15,85,10,1,154,160,-20,55
15,86,3,1,147,160,-20,60
15,87,12,0,142,170,-20,60
15,88,21,1,142,175,-35,60
15,89,19,1,157,175,-35,60
15,90,18,1,167,175,-35,60
15,91,8,0,167,180,-45,60
15,92,28,1,177,180,-45,60
15,93,16,0,167,185,-45,60
15,94,30,0,167,185,-55,70
15,95,22,0,162,185,-50,70
15,96,20,1,162,190,-65,70
15,97,2,1,167,190,-75,70
15,98,11,1,172,190,-75,70
15,99,9,0,167,190,-75,75
16,0,2,1,55,50,40,50
16,1,3,1,48,50,40,55
16,2,16,0,38,55,40,55
16,3,25,0,38,50,50,55
16,4,10,0,33,55,50,55
16,5,26,1,43,55,45,55
16,6,20,1,43,60,30,55
16,7,28,1,53,60,30,55
16,8,9,0,48,60,30,60
16,9,24,1,53,60,30,60
16,10,43,0,73,60,20,60
16,11,45,0,73,60,20,65
16,12,4,1,83,60,20,60
16,13,23,0,78,50,20,65
16,14,1,1,70,50,25,65
16,15,22,0,65,50,30,65
16,16,8,1,55,50,30,70
16,17,27,1,55,55,25,70
16,18,14,0,55,55,25,75
16,19,38,0,50,60,25,75
16,20,15,1,50,65,25,75
16,21,26,0,45,65,25,80
16,22,20,0,40,65,40,80
16,23,25,1,40,70,30,80
16,24,11,0,35,70,30,82
16,25,23,1,45,70,25,82
16,26,7,1,50,70,25,77
16,27,30,0,50,70,15,87
16,28,43,1,50,70,20,72
16,29,8,1,40,70,20,77
16,30,41,0,30,80,20,77
16,31,22,0,25,80,25,77
16,32,4,0,10,85,25,77
16,33,1,1,2,85,30,77
16,34,12,1,7,85,30,77
16,35,11,1,12,85,30,77
16,36,2,1,17,85,20,77
16,37,25,1,17,90,10,77
16,38,15,1,17,95,10,77
16,39,13,1,22,100,10,77
16,40,45,1,22,105,10,77
16,41,29,1,22,120,-10,77
16,42,26,1,32,120,-15,77
16,43,5,1,37,120,-25,77
16,44,10,1,57,120,-35,77
16,45,14,0,57,120,-35,82
16,46,1,1,49,120,-30,82
16,47,20,1,49,125,-45,82
16,48,40,1,49,115,-35,82
16,49,44,0,49,115,-25,87
16,50,43,0,69,115,-35,87
16,51,25,0,69,110,-25,87
16,52,4,0,54,115,-25,87
16,53,41,1,59,105,-25,87
16,54,46,0,52,105,-25,92
16,55,45,0,52,105,-25,97
16,56,28,1,62,105,-25,97
16,57,5,1,67,105,-35,97
16,58,24,0,62,105,-30,97
16,59,2,0,52,105,-25,97
16,60,6,1,44,105,-25,102
16,61,26,1,54,105,-30,102
16,62,23,1,64,105,-35,102
16,63,3,0,79,105,-40,102
16,64,39,1,84,105,-40,97
16,65,11,1,89,105,-40,97
16,66,1,0,99,105,-55,97
16,67,22,0,94,105,-50,97
16,68,20,1,94,110,-65,97
16,69,48,0,84,110,-65,102
16,70,13,0,84,110,-65,107
16,71,29,0,74,110,-60,107
16,72,16,0,64,115,-60,107
16,73,15,0,84,110,-60,107
16,74,25,0,84,105,-50,107
16,75,9,0,79,105,-50,112
16,76,14,1,79,110,-50,112
16,77,8,1,69,110,-50,117
16,78,37,0,57,120,-50,117
16,79,6,1,49,120,-50,122
16,80,23,0,44,110,-50,127
16,81,2,0,34,110,-45,127
16,82,46,1,39,110,-45,122
16,83,18,0,14,110,-45,132
16,84,21,0,9,110,-30,132
16,85,39,0,2,115,-30,132
16,86,1,0,12,115,-45,132
16,87,12,0,7,125,-45,132
16,88,28,1,17,125,-45,132
16,89,41,1,22,115,-45,132
16,90,16,0,12,120,-45,132
16,91,26,1,22,120,-50,132
16,92,3,1,15,120,-50,137
16,93,25,0,15,115,-40,137
16,94,20,1,15,120,-55,137
16,95,17,0,-5,130,-55,137
16,96,45,0,-5,130,-55,142
16,97,2,1,0,130,-65,142
16,98,23,0,-5,120,-65,147
16,99,44,0,-5,120,-55,152
17,0,7,1,55,50,50,45
17,1,46,0,48,50,50,50
17,2,4,1,58,50,50,45
17,3,37,0,46,60,50,45
17,4,45,0,46,60,50,50
17,5,47,0,71,60,50,50
17,6,29,1,71,75,30,50
17,7,5,0,66,75,35,50
17,8,41,1,71,65,35,50
17,9,43,0,91,65,25,50
17,10,36,1,91,70,25,45
17,11,1,0,101,70,10,45
17,12,21,1,101,75,-5,45
17,13,46,0,94,75,-5,50
17,14,8,0,94,80,-15,50
17,15,18,1,104,80,-15,50
17,16,23,1,114,80,-20,50
17,17,16,0,104,85,-20,50
17,18,26,1,114,85,-25,50
17,19,9,0,109,85,-25,55
17,20,38,0,104,90,-25,55
17,21,42,0,96,90,-25,65
17,22,19,1,111,90,-25,65
17,23,37,1,121,90,-25,65
17,24,47,0,146,90,-25,65
17,25,45,1,146,95,-25,65
17,26,1,0,156,95,-40,65
17,27,20,1,156,100,-55,65
17,28,16,1,156,100,-65,65
17,29,4,1,166,100,-65,60
17,30,3,0,181,100,-70,60
17,31,11,1,186,100,-70,60
17,32,23,0,181,90,-70,65
17,33,25,1,181,95,-80,65
17,34,8,0,181,100,-90,65
17,35,18,0,156,100,-90,75
17,36,5,0,151,100,-85,75
17,37,27,1,151,105,-90,75
17,38,40,1,151,95,-80,75
17,39,10,0,146,100,-80,75
17,40,7,1,151,100,-80,70
17,41,44,1,156,100,-80,70
17,42,41,1,161,90,-80,70
17,43,6,0,171,90,-85,70
17,44,45,1,171,95,-85,70
17,45,15,0,191,90,-85,70
17,46,36,1,191,95,-85,65
17,47,21,1,191,100,-100,65
17,48,28,1,201,100,-100,65
17,49,1,1,193,100,-95,65
17,50,24,0,188,100,-90,65
17,51,10,1,208,100,-100,65
17,52,41,1,213,90,-100,65
17,53,42,1,213,95,-100,65
17,54,43,0,233,95,-110,65
17,55,14,1,233,100,-110,65
17,56,13,1,238,105,-110,65
17,57,46,0,231,105,-110,70
17,58,22,0,226,105,-105,70
17,59,44,0,226,105,-95,75
17,60,9,0,221,105,-95,80
17,61,23,1,231,105,-100,80
17,62,38,0,226,110,-100,80
17,63,41,1,231,100,-100,80
17,64,3,1,224,100,-100,85
17,65,30,0,224,100,-110,95
17,66,26,0,219,100,-110,100
17,67,40,1,219,90,-100,100
17,68,25,0,219,85,-90,100
17,69,15,0,239,80,-90,100
17,70,10,1,259,80,-100,100
17,71,13,0,259,80,-100,105
17,72,29,1,259,95,-120,105
17,73,6,1,251,95,-120,110
17,74,1,1,243,95,-115,110
17,75,43,1,243,95,-110,95
17,76,22,0,238,95,-105,95
17,77,2,1,243,95,-115,95
17,78,38,0,238,100,-115,95
17,79,41,0,228,110,-115,95
17,80,16,1,228,110,-125,95
17,81,7,0,213,115,-125,95
17,82,12,1,218,115,-125,95
17,83,10,1,238,115,-135,95
17,84,20,0,233,115,-120,95
17,85,11,0,228,115,-120,97
17,86,18,1,238,115,-120,97
17,87,3,0,253,115,-125,97
17,88,8,1,243,115,-125,102
17,89,40,1,243,105,-115,102
17,90,4,1,253,105,-115,97
17,91,48,1,253,110,-115,87
17,92,45,1,253,115,-115,87
17,93,25,1,253,120,-125,87
17,94,10,0,248,125,-125,87
17,95,7,0,233,130,-125,87
17,96,12,0,228,140,-125,87
17,97,11,0,223,140,-125,89
17,98,36,1,223,145,-125,84
17,99,16,0,213,150,-125,84
18,0,39,1,55,50,50,45
18,1,37,1,65,50,50,45
18,2,28,1,75,50,50,45
18,3,6,0,85,50,45,45
18,4,26,1,95,50,40,45
18,5,30,0,95,50,30,55
18,6,8,0,95,55,20,55
18,7,38,1,100,55,20,55
18,8,43,0,120,55,10,55
18,9,24,1,125,55,10,55
18,10,9,1,130,55,10,55
18,11,41,0,120,65,10,55
18,12,40,1,120,55,20,55
18,13,4,1,130,55,20,50
18,14,15,1,130,60,20,50
18,15,2,1,135,60,10,50
18,16,26,0,130,60,10,55
18,17,42,1,130,65,10,55
18,18,20,1,130,70,-5,55
18,19,39,0,123,75,-5,55
18,20,3,1,116,75,-5,60
18,21,44,0,116,75,5,65
18,22,7,0,101,80,5,65
18,23,14,0,101,80,5,70
18,24,45,0,101,80,5,75
18,25,5,0,96,80,10,75
18,26,12,0,91,90,10,75
18,27,16,1,91,90,0,75
18,28,11,1,96,90,0,75
18,29,10,0,91,95,0,75
18,30,25,1,91,100,-10,75
18,31,24,1,96,100,-10,75
18,32,9,0,91,100,-10,80
18,33,15,0,111,95,-10,80
18,34,1,1,103,95,-5,80
18,35,13,1,108,100,-5,80
18,36,14,0,108,100,-5,85
18,37,41,1,113,90,-5,85
18,38,39,0,106,95,-5,85
18,39,10,1,126,95,-15,85
18,40,20,1,126,100,-30,85
18,41,16,0,116,105,-30,85
18,42,18,1,126,105,-30,85
18,43,47,1,126,105,-30,100
18,44,2,0,116,105,-25,100
18,45,22,0,111,105,-20,100
18,46,26,0,106,105,-20,105
18,47,37,0,94,115,-20,105
18,48,5,1,99,115,-30,105
18,49,9,1,104,115,-30,105
18,50,23,1,114,115,-35,105
18,51,29,0,104,115,-30,105
18,52,8,1,94,115,-30,110
18,53,44,0,94,115,-20,115
18,54,14,0,94,115,-20,120
18,55,3,0,109,115,-25,120
18,56,4,1,119,115,-25,115
18,57,41,0,109,125,-25,115
18,58,21,1,109,130,-40,115
18,59,46,1,114,130,-40,110
18,60,22,0,109,130,-35,110
18,61,24,0,104,130,-30,110
18,62,17,1,89,130,-20,110
18,63,1,0,99,130,-35,110
18,64,45,0,99,130,-35,115
18,65,6,0,109,130,-40,115
18,66,38,0,104,135,-40,115
18,67,16,1,104,135,-50,115
18,68,13,1,109,140,-50,115
18,69,25,0,109,135,-40,115
18,70,8,0,109,140,-50,115
18,71,26,0,104,140,-50,120
18,72,2,0,94,140,-45,120
18,73,3,1,87,140,-45,125
18,74,12,0,82,150,-45,125
18,75,39,0,75,155,-45,125
18,76,36,1,75,160,-45,120
18,77,37,0,63,170,-45,120
18,78,16,1,63,170,-55,120
18,79,14,0,63,170,-55,125
18,80,20,1,63,175,-70,125
18,81,27,1,63,180,-75,125
18,82,11,0,58,180,-75,127
18,83,15,0,78,175,-75,127
18,84,41,1,83,165,-75,127
18,85,13,1,88,170,-75,127
18,86,43,0,108,170,-85,127
18,87,45,0,108,170,-85,132
18,88,2,1,113,170,-95,132
18,89,12,1,118,170,-95,132
18,90,4,1,128,170,-95,127
18,91,5,0,123,170,-90,127
18,92,40,0,123,180,-100,127
18,93,25,1,123,185,-110,127
18,94,29,0,113,185,-105,127
18,95,22,0,108,185,-100,127
18,96,23,0,103,175,-100,132
18,97,3,1,96,175,-100,137
18,98,10,1,116,175,-110,137
18,99,24,0,111,175,-105,137
19,0,13,1,55,55,50,50
19,1,1,1,47,55,55,50
19,2,5,0,42,55,60,50
19,3,2,0,32,55,65,50
19,4,9,0,27,55,65,55
19,5,4,0,12,60,65,55
19,6,24,1,17,60,65,55
19,7,15,0,37,55,65,55
19,8,16,1,37,55,55,55
19,9,10,1,57,55,45,55
19,10,39,1,62,55,45,50
19,11,23,0,57,45,45,55
19,12,12,1,62,45,45,55
19,13,30,1,62,45,55,55
19,14,3,0,77,45,50,55
19,15,7,1,82,45,50,50
19,16,44,1,87,45,50,50
19,17,11,0,82,45,50,52
19,18,46,1,87,45,50,47
19,19,16,1,87,45,40,47
19,20,22,0,82,45,45,47
19,21,1,0,92,45,30,47
19,22,36,0,92,40,30,49
19,23,5,0,87,40,35,49
19,24,21,1,87,45,20,49
19,25,27,0,97,30,20,49
19,26,48,0,87,30,20,54
19,27,28,1,97,30,20,54
19,28,42,1,97,35,20,54
19,29,40,1,97,25,30,54
19,30,9,1,102,25,30,54
19,31,26,0,97,25,30,59
19,32,6,0,107,25,25,59
19,33,29,0,97,25,30,59
19,34,38,1,102,25,30,59
19,35,16,1,102,25,20,59
19,36,18,0,77,25,20,69
19,37,14,0,77,25,20,74
19,38,15,1,77,30,20,74
19,39,5,0,72,30,25,74
19,40,23,1,82,30,20,74
19,41,17,1,67,30,30,74
19,42,25,0,67,25,40,74
19,43,21,0,62,25,55,74
19,44,36,1,62,30,55,69
19,45,12,1,67,30,55,69
19,46,13,0,67,30,55,74
19,47,44,1,72,30,55,74
19,48,43,1,72,30,60,59
19,49,11,1,77,30,60,59
19,50,2,1,82,30,50,59
19,51,20,1,82,35,35,59
19,52,41,0,72,45,35,59
19,53,16,1,72,45,25,59
19,54,26,1,82,45,20,59
19,55,28,0,72,45,30,59
19,56,22,1,72,50,20,59
19,57,45,1,72,55,20,59
19,58,23,0,67,45,20,64
19,59,7,0,52,50,20,64
19,60,38,0,47,55,20,64
19,61,8,0,47,60,10,64
19,62,3,1,40,60,10,69
19,63,12,1,45,60,10,69
19,64,1,0,55,60,-5,69
19,65,9,1,60,60,-5,69
19,66,16,1,60,60,-15,69
19,67,14,1,60,65,-15,69
19,68,46,1,65,65,-15,64
19,69,39,1,70,65,-15,59
19,70,26,1,80,65,-20,59
19,71,41,1,85,55,-20,59
19,72,29,1,85,70,-40,59
19,73,10,1,105,70,-50,59
19,74,11,0,100,70,-50,61
19,75,42,1,100,75,-50,61
19,76,16,0,90,80,-50,61
19,77,22,0,85,80,-45,61
19,78,40,1,85,70,-35,61
19,79,36,0,85,65,-35,63
19,80,1,1,77,65,-30,63
19,81,5,0,72,65,-25,63
19,82,44,0,72,65,-15,68
19,83,24,0,67,65,-10,68
19,84,15,1,67,70,-10,68
19,85,21,1,67,75,-25,68
19,86,48,1,67,80,-25,58
19,87,12,0,62,90,-25,58
19,88,2,0,52,90,-20,58
19,89,16,1,52,90,-30,58
19,90,26,1,62,90,-35,58
19,91,41,1,67,80,-35,58
19,92,43,1,67,80,-30,43
19,93,38,0,62,85,-30,43
19,94,30,0,62,85,-40,53
19,95,39,0,55,90,-40,53
19,96,6,0,65,90,-45,53
19,97,15,0,85,85,-45,53
19,98,27,1,85,90,-50,53
19,99,4,1,95,90,-50,48
20,0,4,0,35,55,50,50
20,1,6,1,27,55,50,55
20,2,37,1,37,55,50,55
20,3,2,0,27,55,55,55
20,4,28,0,17,55,65,55
20,5,12,0,12,65,65,55
20,6,14,1,12,70,65,55
20,7,36,1,12,75,65,50
20,8,15,0,32,70,65,50
20,9,38,0,27,75,65,50
20,10,3,1,20,75,65,55
20,11,21,0,15,75,80,55
20,12,11,1,20,75,80,55
20,13,9,1,25,75,80,55
20,14,26,0,20,75,80,60
20,15,23,0,15,65,80,65
20,16,30,1,15,65,90,65
20,17,46,0,8,65,90,70
20,18,45,1,8,70,90,70
20,19,2,0,-2,70,95,70
20,20,13,0,-2,70,95,75
20,21,43,0,18,70,85,75
20,22,20,0,13,70,100,75
20,23,7,0,-2,75,100,75
20,24,22,0,-7,75,105,75
20,25,18,1,3,75,105,75
20,26,14,1,3,80,105,75
20,27,3,0,18,80,100,75
20,28,25,1,18,85,90,75
20,29,39,1,23,85,90,70
20,30,28,1,33,85,90,70
20,31,9,0,28,85,90,75
20,32,11,1,33,85,90,75
20,33,1,1,25,85,95,75
20,34,10,1,45,85,85,75
20,35,19,0,25,85,95,85
20,36,16,0,15,90,95,85
20,37,15,0,35,85,95,85
20,38,38,0,30,90,95,85
20,39,24,1,35,90,95,85
20,40,36,1,35,95,95,80
20,41,25,1,35,100,85,80
20,42,26,0,30,100,85,85
20,43,20,0,25,100,100,85
20,44,42,1,25,105,100,85
20,45,28,1,35,105,100,85
20,46,9,0,30,105,100,90
20,47,4,1,40,105,100,85
20,48,13,1,45,110,100,85
20,49,14,0,45,110,100,90
20,50,10,1,65,110,90,90
20,51,23,1,75,110,85,90
20,52,1,1,67,110,90,90
20,53,8,0,67,115,80,90
20,54,46,1,72,115,80,85
20,55,26,1,82,115,75,85
20,56,21,0,77,115,90,85
20,57,22,1,77,120,80,85
20,58,5,0,72,120,85,85
20,59,24,1,77,120,85,85
20,60,27,1,77,125,80,85
20,61,10,1,97,125,70,85
20,62,29,0,87,125,75,85
20,63,45,1,87,130,75,85
20,64,42,1,87,135,75,85
20,65,11,1,92,135,75,85
20,66,20,0,87,135,90,85
20,67,15,1,87,140,90,85
20,68,1,1,79,140,95,85
20,69,8,0,79,145,85,85
20,70,21,0,74,145,100,85
20,71,13,1,79,150,100,85
20,72,44,1,84,150,100,85
20,73,3,1,77,150,100,90
20,74,30,0,77,150,90,100
20,75,19,0,57,150,100,110
20,76,16,1,57,150,90,110
20,77,12,0,52,160,90,110
20,78,9,1,57,160,90,110
20,79,14,1,57,165,90,110
20,80,25,1,57,170,80,110
20,81,39,1,62,170,80,105
20,82,23,1,72,170,75,105
20,83,20,1,72,175,60,105
20,84,21,1,72,180,45,105
20,85,42,1,72,185,45,105
20,86,11,0,67,185,45,107
20,87,7,1,72,185,45,102
20,88,46,0,65,185,45,107
20,89,44,1,70,185,45,107
20,90,16,0,60,190,45,107
20,91,4,1,70,190,45,102
20,92,8,1,60,190,45,107
20,93,38,0,55,195,45,107
20,94,3,1,48,195,45,112
20,95,43,0,68,195,35,112
20,96,25,0,68,190,45,112
20,97,1,0,78,190,30,112
20,98,12,1,83,190,30,112
20,99,41,0,73,200,30,112
21,0,37,1,60,50,50,50
21,1,5,0,55,50,55,50
21,2,1,0,65,50,40,50
21,3,13,1,70,55,40,50
21,4,4,1,80,55,40,45
21,5,9,0,75,55,40,50
21,6,25,0,75,50,50,50
21,7,38,0,70,55,50,50
21,8,21,0,65,55,65,50
21,9,36,1,65,60,65,45
21,10,20,0,60,60,80,45
21,11,15,1,60,65,80,45
21,12,28,0,50,65,90,45
21,13,22,0,45,65,95,45
21,14,24,0,40,65,100,45
21,15,3,1,33,65,100,50
21,16,5,0,28,65,105,50
21,17,42,1,28,70,105,50
21,18,11,0,23,70,105,52
21,19,43,1,23,70,110,37
21,20,4,0,8,75,110,37
21,21,10,0,3,80,110,37
21,22,38,1,8,80,110,37
21,23,23,0,3,70,110,42
21,24,9,0,-2,70,110,47
21,25,21,1,-2,75,95,47
21,26,36,0,-2,70,95,49
21,27,20,1,-2,75,80,49
21,28,2,0,-12,75,85,49
21,29,46,0,-19,75,85,54
21,30,16,0,-29,80,85,54
21,31,1,1,-37,80,90,54
21,32,4,1,-27,80,90,49
21,33,22,1,-27,85,80,49
21,34,12,1,-22,85,80,49
21,35,15,0,-2,80,80,49
21,36,25,0,-2,75,90,49
21,37,42,0,-10,75,90,59
21,38,26,1,0,75,85,59
21,39,45,0,0,75,85,64
21,40,14,1,0,80,85,64
21,41,24,1,5,80,85,64
21,42,10,0,0,85,85,64
21,43,41,1,5,75,85,64
21,44,19,0,-15,75,95,74
21,45,38,1,-10,75,95,74
21,46,12,1,-5,75,95,74
21,47,39,0,-12,80,95,74
21,48,13,0,-12,80,95,79
21,49,44,1,-7,80,95,79
21,50,36,0,-7,75,95,81
21,51,29,1,-7,90,75,81
21,52,9,1,-2,90,75,81
21,53,47,0,23,90,75,81
21,54,16,1,23,90,65,81
21,55,40,1,23,80,75,81
21,56,5,1,28,80,65,81
21,57,12,0,23,90,65,81
21,58,25,1,23,95,55,81
21,59,4,1,33,95,55,76
21,60,28,1,43,95,55,76
21,61,27,1,43,100,50,76
21,62,48,0,33,100,50,81
21,63,20,0,28,100,65,81
21,64,10,1,48,100,55,81
21,65,15,1,48,105,55,81
21,66,36,0,48,100,55,83
21,67,1,0,58,100,40,83
21,68,7,0,43,105,40,83
21,69,6,1,35,105,40,88
21,70,2,0,25,105,45,88
21,71,44,0,25,105,55,93
21,72,4,0,10,110,55,93
21,73,46,1,15,110,55,88
21,74,17,0,-5,120,55,88
21,75,5,1,0,120,45,88
21,76,21,0,-5,120,60,88
21,77,12,1,0,120,60,88
21,78,11,1,5,120,60,88
21,79,3,0,20,120,55,88
21,80,14,0,20,120,55,93
21,81,9,0,15,120,55,98
21,82,43,0,35,120,45,98
21,83,23,1,45,120,40,98
21,84,15,0,65,115,40,98
21,85,48,0,55,115,40,103
21,86,16,0,45,120,40,103
21,87,39,1,50,120,40,98
21,88,26,0,45,120,40,103
21,89,6,0,55,120,35,103
21,90,44,1,60,120,35,103
21,91,38,0,55,125,35,103
21,92,22,1,55,130,25,103
21,93,20,1,55,135,10,103
21,94,41,1,60,125,10,103
21,95,12,1,65,125,10,103
21,96,3,1,58,125,10,108
21,97,1,1,50,125,15,108
21,98,45,0,50,125,15,113
21,99,25,1,50,130,5,113
22,0,22,0,45,50,55,50
22,1,19,0,25,50,65,60
22,2,20,0,20,50,80,60
22,3,17,0,0,60,80,60
22,4,39,1,5,60,80,55
22,5,11,1,10,60,80,55
22,6,44,0,10,60,90,60
22,7,12,0,5,70,90,60
22,8,14,1,5,75,90,60
22,9,15,0,25,70,90,60
22,10,42,1,25,75,90,60
22,11,45,0,25,75,90,65
22,12,41,0,15,85,90,65
22,13,2,1,20,85,80,65
22,14,48,0,10,85,80,70
22,15,25,0,10,80,90,70
22,16,3,1,3,80,90,75
22,17,1,1,-5,80,95,75
22,18,22,0,-10,80,100,75
22,19,40,0,-10,90,90,75
22,20,5,1,-5,90,80,75
22,21,16,1,-5,90,70,75
22,22,39,1,0,90,70,70
22,23,18,1,10,90,70,70
22,24,46,1,15,90,70,65
22,25,4,1,25,90,70,60
22,26,26,0,20,90,70,65
22,27,37,0,8,100,70,65
22,28,47,1,8,100,70,80
22,29,25,0,8,95,80,80
22,30,17,0,-12,105,80,80
22,31,21,0,-17,105,95,80
22,32,5,0,-22,105,100,80
22,33,27,1,-22,110,95,80
22,34,23,0,-27,100,95,85
22,35,16,1,-27,100,85,85
22,36,40,1,-27,90,95,85
22,37,44,0,-27,90,105,90
22,38,42,0,-35,90,105,100
22,39,9,1,-30,90,105,100
22,40,41,0,-40,100,105,100
22,41,20,0,-45,100,120,100
22,42,15,1,-45,105,120,100
22,43,1,1,-53,105,125,100
22,44,43,1,-53,105,130,85
22,45,28,0,-63,105,140,85
22,46,45,1,-63,110,140,85
22,47,22,0,-68,110,145,85
22,48,36,1,-68,115,145,80
22,49,14,1,-68,120,145,80
22,50,41,0,-78,130,145,80
22,51,27,1,-78,135,140,80
22,52,46,1,-73,135,140,75
22,53,15,0,-53,130,140,75
22,54,26,0,-58,130,140,80
22,55,6,1,-66,130,140,85
22,56,4,0,-81,135,140,85
22,57,25,0,-81,130,150,85
22,58,21,1,-81,135,135,85
22,59,18,0,-106,135,135,95
22,60,16,1,-106,135,125,95
22,61,11,1,-101,135,125,95
22,62,37,0,-113,145,125,95
22,63,22,1,-113,150,115,95
22,64,24,1,-108,150,115,95
22,65,3,0,-93,150,110,95
22,66,39,1,-88,150,110,90
22,67,13,1,-83,155,110,90
22,68,38,0,-88,160,110,90
22,69,43,0,-68,160,100,90
22,70,26,1,-58,160,95,90
22,71,17,1,-73,160,105,90
22,72,5,0,-78,160,110,90
22,73,16,0,-88,165,110,90
22,74,4,1,-78,165,110,85
22,75,28,1,-68,165,110,85
22,76,14,1,-68,170,110,85
22,77,2,1,-63,170,100,85
22,78,41,1,-58,160,100,85
22,79,36,1,-58,165,100,80
22,80,44,1,-53,165,100,80
22,81,19,1,-38,165,100,80
22,82,20,1,-38,170,85,80
22,83,13,1,-33,175,85,80
22,84,29,0,-43,175,90,80
22,85,12,0,-48,185,90,80
22,86,7,1,-43,185,90,75
22,87,6,1,-51,185,90,80
22,88,38,0,-56,190,90,80
22,89,15,1,-56,195,90,80
22,90,28,0,-66,195,100,80
22,91,45,1,-66,200,100,80
22,92,22,0,-71,200,105,80
22,93,42,0,-79,200,105,90
22,94,14,1,-79,205,105,90
22,95,12,1,-74,205,105,90
22,96,25,0,-74,200,115,90
22,97,20,1,-74,205,100,90
22,98,23,0,-79,195,100,95
22,99,3,0,-64,195,95,95
23,0,2,1,55,50,40,50
23,1,36,0,55,45,40,52
23,2,20,1,55,50,25,52
23,3,11,1,60,50,25,52
23,4,10,1,80,50,15,52
23,5,23,0,75,40,15,57
23,6,22,1,75,45,5,57
23,7,9,1,80,45,5,57
23,8,39,1,85,45,5,52
23,9,46,0,78,45,5,57
23,10,45,0,78,45,5,62
23,11,29,0,68,45,10,62
23,12,6,0,78,45,5,62
23,13,42,1,78,50,5,62
23,14,1,0,88,50,-10,62
23,15,48,1,88,55,-10,52
23,16,37,1,98,55,-10,52
23,17,3,0,113,55,-15,52
23,18,15,1,113,60,-15,52
23,19,8,1,103,60,-15,57
23,20,20,1,103,65,-30,57
23,21,17,0,83,75,-30,57
23,22,14,0,83,75,-30,62
23,23,12,0,78,85,-30,62
23,24,11,1,83,85,-30,62
23,25,13,1,88,90,-30,62
23,26,1,1,80,90,-25,62
23,27,43,0,100,90,-35,62
23,28,30,0,100,90,-45,72
23,29,21,1,100,95,-60,72
23,30,41,1,105,85,-60,72
23,31,3,0,120,85,-65,72
23,32,22,0,115,85,-60,72
23,33,40,0,115,95,-70,72
23,34,15,0,135,90,-70,72
23,35,7,0,120,95,-70,72
23,36,25,0,120,90,-60,72
23,37,11,1,125,90,-60,72
23,38,5,1,130,90,-70,72
23,39,17,0,110,100,-70,72
23,40,23,0,105,90,-70,77
23,41,2,1,110,90,-80,77
23,42,24,0,105,90,-75,77
23,43,3,0,120,90,-80,77
23,44,18,1,130,90,-80,77
23,45,1,0,140,90,-95,77
23,46,14,1,140,95,-95,77
23,47,48,0,130,95,-95,82
23,48,11,1,135,95,-95,82
23,49,20,0,130,95,-80,82
23,50,43,0,150,95,-90,82
23,51,41,0,140,105,-90,82
23,52,8,1,130,105,-90,87
23,53,15,0,150,100,-90,87
23,54,21,1,150,105,-105,87
23,55,26,0,145,105,-105,92
23,56,29,0,135,105,-100,92
23,57,3,0,150,105,-105,92
23,58,5,0,145,105,-100,92
23,59,4,1,155,105,-100,87
23,60,24,0,150,105,-95,87
23,61,2,0,140,105,-90,87
23,62,25,0,140,100,-80,87
23,63,14,0,140,100,-80,92
23,64,12,0,135,110,-80,92
23,65,27,0,145,95,-80,92
23,66,21,0,140,95,-65,92
23,67,13,0,140,95,-65,97
23,68,20,0,135,95,-50,97
23,69,3,1,128,95,-50,102
23,70,26,1,138,95,-55,102
23,71,1,0,148,95,-70,102
23,72,6,0,158,95,-75,102
23,73,4,1,168,95,-75,97
23,74,9,0,163,95,-75,102
23,75,16,0,153,100,-75,102
23,76,15,0,173,95,-75,102
23,77,37,0,161,105,-75,102
23,78,2,0,151,105,-70,102
23,79,7,1,156,105,-70,97
23,80,5,0,151,105,-65,97
23,81,40,1,151,95,-55,97
23,82,13,1,156,100,-55,97
23,83,25,1,156,105,-65,97
23,84,11,1,161,105,-65,97
23,85,28,0,151,105,-55,97
23,86,23,0,146,95,-55,102
23,87,39,0,139,100,-55,102
23,88,44,1,144,100,-55,102
23,89,4,1,154,100,-55,97
23,90,20,0,149,100,-40,97
23,91,22,0,144,100,-35,97
23,92,41,1,149,90,-35,97
23,93,2,1,154,90,-45,97
23,94,10,1,174,90,-55,97
23,95,29,0,164,90,-50,97
23,96,15,1,164,95,-50,97
23,97,1,0,174,95,-65,97
23,98,25,1,174,100,-75,97
23,99,36,1,174,105,-75,92
24,0,18,1,60,50,50,50
24,1,21,0,55,50,65,50
24,2,29,1,55,65,45,50
24,3,38,1,60,65,45,50
24,4,4,0,45,70,45,50
24,5,8,1,35,70,45,55
24,6,9,1,40,70,45,55
24,7,5,0,35,70,50,55
24,8,24,1,40,70,50,55
24,9,12,1,45,70,50,55
24,10,30,1,45,70,60,55
24,11,20,1,45,75,45,55
24,12,27,1,45,80,40,55
24,13,26,0,40,80,40,60
24,14,21,1,40,85,25,60
24,15,14,1,40,90,25,60
24,16,10,1,60,90,15,60
24,17,2,0,50,90,20,60
24,18,44,1,55,90,20,60
24,19,37,1,65,90,20,60
24,20,41,1,70,80,20,60
24,21,23,1,80,80,15,60
24,22,16,0,70,85,15,60
24,23,45,0,70,85,15,65
24,24,4,0,55,90,15,65
24,25,1,1,47,90,20,65
24,26,21,0,42,90,35,65
24,27,46,1,47,90,35,60
24,28,14,0,47,90,35,65
24,29,28,0,37,90,45,65
24,30,12,0,32,100,45,65
24,31,3,0,47,100,40,65
24,32,20,0,42,100,55,65
24,33,24,0,37,100,60,65
24,34,48,0,27,100,60,70
24,35,40,0,27,110,50,70
24,36,38,1,32,110,50,70
24,37,15,1,32,115,50,70
24,38,37,0,20,125,50,70
24,39,19,0,0,125,60,80
24,40,12,0,-5,135,60,80
24,41,25,0,-5,130,70,80
24,42,5,1,0,130,60,80
24,43,14,0,0,130,60,85
24,44,13,0,0,130,60,90
24,45,46,1,5,130,60,85
24,46,6,1,-3,130,60,90
24,47,2,0,-13,130,65,90
24,48,8,0,-13,135,55,90
24,49,24,1,-8,135,55,90
24,50,9,1,-3,135,55,90
24,51,36,1,-3,140,55,85
24,52,4,0,-18,145,55,85
24,53,44,0,-18,145,65,90
24,54,3,0,-3,145,60,90
24,55,29,0,-13,145,65,90
24,56,21,1,-13,150,50,90
24,57,27,1,-13,155,45,90
24,58,48,1,-13,160,45,80
24,59,41,0,-23,170,45,80
24,60,37,0,-35,180,45,80
24,61,23,0,-40,170,45,85
24,62,1,1,-48,170,50,85
24,63,5,1,-43,170,40,85
24,64,10,0,-48,175,40,85
24,65,25,0,-48,170,50,85
24,66,20,1,-48,175,35,85
24,67,14,1,-48,180,35,85
24,68,3,0,-33,180,30,85
24,69,6,1,-41,180,30,90
24,70,44,1,-36,180,30,90
24,71,36,1,-36,185,30,85
24,72,4,1,-26,185,30,80
24,73,8,1,-36,185,30,85
24,74,16,1,-36,185,20,85
24,75,22,0,-41,185,25,85
24,76,13,1,-36,190,25,85
24,77,10,1,-16,190,15,85
24,78,2,1,-11,190,5,85
24,79,46,1,-6,190,5,80
24,80,41,1,-1,180,5,80
24,81,3,1,-8,180,5,85
24,82,42,0,-16,180,5,95
24,83,21,0,-21,180,20,95
24,84,12,0,-26,190,20,95
24,85,15,1,-26,195,20,95
24,86,45,0,-26,195,20,100
24,87,37,0,-38,205,20,100
24,88,28,0,-48,205,30,100
24,89,5,0,-53,205,35,100
24,90,7,0,-68,210,35,100
24,91,11,1,-63,210,35,100
24,92,4,1,-53,210,35,95
24,93,23,1,-43,210,30,95
24,94,25,0,-43,205,40,95
24,95,20,1,-43,210,25,95
24,96,16,0,-53,215,25,95
24,97,47,0,-28,215,25,95
24,98,2,1,-23,215,15,95
24,99,22,0,-28,215,20,95
25,0,1,0,60,50,35,50
25,1,41,1,65,40,35,50
25,2,40,0,65,50,25,50
25,3,6,0,75,50,20,50
25,4,16,1,75,50,10,50
25,5,44,0,75,50,20,55
25,6,9,1,80,50,20,55
25,7,13,1,85,55,20,55
25,8,15,1,85,60,20,55
25,9,23,1,95,60,15,55
25,10,10,1,115,60,5,55
25,11,12,0,110,70,5,55
25,12,22,0,105,70,10,55
25,13,5,1,110,70,0,55
25,14,28,1,120,70,0,55
25,15,39,1,125,70,0,50
25,16,24,0,120,70,5,50
25,17,20,1,120,75,-10,50
25,18,16,1,120,75,-20,50
25,19,3,1,113,75,-20,55
25,20,42,0,105,75,-20,65
25,21,2,1,110,75,-30,65
25,22,37,1,120,75,-30,65
25,23,25,1,120,80,-40,65
25,24,15,1,120,85,-40,65
25,25,14,0,120,85,-40,70
25,26,17,1,105,85,-30,70
25,27,21,0,100,85,-15,70
25,28,4,1,110,85,-15,65
25,29,45,0,110,85,-15,70
25,30,41,0,100,95,-15,70
25,31,16,1,100,95,-25,70
25,32,9,0,95,95,-25,75
25,33,7,0,80,100,-25,75
25,34,44,0,80,100,-15,80
25,35,12,0,75,110,-15,80
25,36,10,0,70,115,-15,80
25,37,20,1,70,120,-30,80
25,38,19,0,50,120,-20,90
25,39,22,0,45,120,-15,90
25,40,26,0,40,120,-15,95
25,41,42,1,40,125,-15,95
25,42,4,1,50,125,-15,90
25,43,37,0,38,135,-15,90
25,44,41,1,43,125,-15,90
25,45,14,1,43,130,-15,90
25,46,16,1,43,130,-25,90
25,47,1,0,53,130,-40,90
25,48,38,1,58,130,-40,90
25,49,10,1,78,130,-50,90
25,50,23,0,73,120,-50,95
25,51,3,0,88,120,-55,95
25,52,45,1,88,125,-55,95
25,53,20,1,88,130,-70,95
25,54,18,0,63,130,-70,105
25,55,41,1,68,120,-70,105
25,56,4,1,78,120,-70,100
25,57,5,0,73,120,-65,100
25,58,15,1,73,125,-65,100
25,59,36,1,73,130,-65,95
25,60,22,0,68,130,-60,95
25,61,6,0,78,130,-65,95
25,62,23,1,88,130,-70,95
25,63,44,0,88,130,-60,100
25,64,16,0,78,135,-60,100
25,65,1,1,70,135,-55,100
25,66,2,1,75,135,-65,100
25,67,42,1,75,140,-65,100
25,68,3,0,90,140,-70,100
25,69,37,1,100,140,-70,100
25,70,13,0,100,140,-70,105
25,71,26,0,95,140,-70,110
25,72,41,0,85,150,-70,110
25,73,9,0,80,150,-70,115
25,74,45,1,80,155,-70,115
25,75,20,1,80,160,-85,115
25,76,22,1,80,165,-95,115
25,77,16,0,70,170,-95,115
25,78,12,1,75,170,-95,115
25,79,48,1,75,175,-95,105
25,80,10,1,95,175,-105,105
25,81,17,0,75,185,-105,105
25,82,1,1,67,185,-100,105
25,83,8,0,67,190,-110,105
25,84,7,0,52,195,-110,105
25,85,13,0,52,195,-110,110
25,86,23,0,47,185,-110,115
25,87,15,0,67,180,-110,115
25,88,9,1,72,180,-110,115
25,89,36,0,72,175,-110,117
25,90,10,1,92,175,-120,117
25,91,41,1,97,165,-120,117
25,92,38,1,102,165,-120,117
25,93,37,0,90,175,-120,117
25,94,14,1,90,180,-120,117
25,95,3,1,83,180,-120,122
25,96,8,0,83,185,-130,122
25,97,27,0,93,170,-130,122
25,98,23,0,88,160,-130,127
25,99,19,0,68,160,-120,137
26,0,22,0,45,50,55,50
26,1,10,0,40,55,55,50
26,2,1,0,50,55,40,50
26,3,20,0,45,55,55,50
26,4,46,1,50,55,55,45
26,5,40,1,50,45,65,45
26,6,41,0,40,55,65,45
26,7,23,1,50,55,60,45
26,8,15,1,50,60,60,45
26,9,25,0,50,55,70,45
26,10,27,1,50,60,65,45
26,11,21,1,50,65,50,45
26,12,38,1,55,65,50,45
26,13,43,1,55,65,55,30
26,14,28,0,45,65,65,30
26,15,13,0,45,65,65,35
26,16,9,0,40,65,65,40
26,17,47,0,65,65,65,40
26,18,36,0,65,60,65,42
26,19,17,0,45,70,65,42
26,20,3,1,38,70,65,47
26,21,11,1,43,70,65,47
26,22,25,0,43,65,75,47
26,23,4,0,28,70,75,47
26,24,39,0,21,75,75,47
26,25,18,0,-4,75,75,57
26,26,2,0,-14,75,80,57
26,27,20,1,-14,80,65,57
26,28,16,0,-24,85,65,57
26,29,14,1,-24,90,65,57
26,30,22,0,-29,90,70,57
26,31,37,0,-41,100,70,57
26,32,41,0,-51,110,70,57
26,33,12,1,-46,110,70,57
26,34,28,1,-36,110,70,57
26,35,23,1,-26,110,65,57
26,36,13,1,-21,115,65,57
26,37,30,0,-21,115,55,67
26,38,21,1,-21,120,40,67
26,39,44,0,-21,120,50,72
26,40,1,0,-11,120,35,72
26,41,2,0,-21,120,40,72
26,42,10,0,-26,125,40,72
26,43,20,0,-31,125,55,72
26,44,11,1,-26,125,55,72
26,45,17,1,-41,125,65,72
26,46,14,1,-41,130,65,72
26,47,26,0,-46,130,65,77
26,48,40,1,-46,120,75,77
26,49,9,1,-41,120,75,77
26,50,3,1,-48,120,75,82
26,51,27,1,-48,125,70,82
26,52,10,1,-28,125,60,82
26,53,46,0,-35,125,60,87
26,54,15,0,-15,120,60,87
26,55,1,0,-5,120,45,87
26,56,23,0,-10,110,45,92
26,57,2,1,-5,110,35,92
26,58,13,0,-5,110,35,97
26,59,12,0,-10,120,35,97
26,60,41,1,-5,110,35,97
26,61,22,0,-10,110,40,97
26,62,14,1,-10,115,40,97
26,63,4,0,-25,120,40,97
26,64,20,0,-30,120,55,97
26,65,30,1,-30,120,65,97
26,66,46,0,-37,120,65,102
26,67,8,0,-37,125,55,102
26,68,3,0,-22,125,50,102
26,69,10,1,-2,125,40,102
26,70,12,0,-7,135,40,102
26,71,27,0,3,120,40,102
26,72,15,1,3,125,40,102
26,73,28,1,13,125,40,102
26,74,29,1,13,140,20,102
26,75,9,1,18,140,20,102
26,76,39,0,11,145,20,102
26,77,13,0,11,145,20,107
26,78,45,1,11,150,20,107
26,79,41,1,16,140,20,107
26,80,16,1,16,140,10,107
26,81,10,1,36,140,0,107
26,82,44,1,41,140,0,107
26,83,2,0,31,140,5,107
26,84,22,0,26,140,10,107
26,85,27,1,26,145,5,107
26,86,15,1,26,150,5,107
26,87,1,0,36,150,-10,107
26,88,26,0,31,150,-10,112
26,89,23,1,41,150,-15,112
26,90,40,1,41,140,-5,112
26,91,20,1,41,145,-20,112
26,92,10,1,61,145,-30,112
26,93,5,1,66,145,-40,112
26,94,37,0,54,155,-40,112
26,95,36,0,54,150,-40,114
26,96,14,0,54,150,-40,119
26,97,9,0,49,150,-40,124
26,98,42,1,49,155,-40,124
26,99,7,1,54,155,-40,119
27,0,42,0,42,50,50,60
27,1,2,1,47,50,40,60
27,2,28,1,57,50,40,60
27,3,12,1,62,50,40,60
27,4,22,1,62,55,30,60
27,5,20,0,57,55,45,60
27,6,17,0,37,65,45,60
27,7,13,1,42,70,45,60
27,8,15,1,42,75,45,60
27,9,5,0,37,75,50,60
27,10,38,0,32,80,50,60
27,11,48,1,32,85,50,50
27,12,3,1,25,85,50,55
27,13,45,0,25,85,50,60
27,14,36,0,25,80,50,62
27,15,29,0,15,80,55,62
27,16,16,0,5,85,55,62
27,17,25,1,5,90,45,62
27,18,24,1,10,90,45,62
27,19,43,0,30,90,35,62
27,20,7,0,15,95,35,62
27,21,4,1,25,95,35,57
27,22,40,0,25,105,25,57
27,23,23,1,35,105,20,57
27,24,42,0,27,105,20,67
27,25,2,0,17,105,25,67
27,26,41,0,7,115,25,67
27,27,38,1,12,115,25,67
27,28,21,1,12,120,10,67
27,29,22,0,7,120,15,67
27,30,15,0,27,115,15,67
27,31,13,1,32,120,15,67
27,32,1,1,24,120,20,67
27,33,26,1,34,120,15,67
27,34,5,1,39,120,5,67
27,35,39,1,44,120,5,62
27,36,27,0,54,105,5,62
27,37,3,0,69,105,0,62
27,38,14,1,69,110,0,62
27,39,41,0,59,120,0,62
27,40,25,1,59,125,-10,62
27,41,17,1,44,125,0,62
27,42,6,1,36,125,0,67
27,43,20,1,36,130,-15,67
27,44,9,1,41,130,-15,67
27,45,26,1,51,130,-20,67
27,46,12,0,46,140,-20,67
27,47,22,1,46,145,-30,67
27,48,30,1,46,145,-20,67
27,49,18,0,21,145,-20,77
27,50,7,1,26,145,-20,72
27,51,38,1,31,145,-20,72
27,52,4,0,16,150,-20,72
27,53,1,0,26,150,-35,72
27,54,11,0,21,150,-35,74
27,55,3,0,36,150,-40,74
27,56,41,0,26,160,-40,74
27,57,25,1,26,165,-50,74
27,58,23,1,36,165,-55,74
27,59,29,1,36,180,-75,74
27,60,20,1,36,185,-90,74
27,61,2,0,26,185,-85,74
27,62,26,0,21,185,-85,79
27,63,24,1,26,185,-85,79
27,64,48,0,16,185,-85,84
27,65,15,1,16,190,-85,84
27,66,8,1,6,190,-85,89
27,67,10,0,1,195,-85,89
27,68,3,0,16,195,-90,89
27,69,30,0,16,195,-100,99
27,70,4,0,1,200,-100,99
27,71,42,1,1,205,-100,99
27,72,40,1,1,195,-90,99
27,73,7,0,-14,200,-90,99
27,74,38,1,-9,200,-90,99
27,75,29,1,-9,215,-110,99
27,76,37,0,-21,225,-110,99
27,77,41,0,-31,235,-110,99
27,78,22,0,-36,235,-105,99
27,79,16,1,-36,235,-115,99
27,80,43,0,-16,235,-125,99
27,81,45,0,-16,235,-125,104
27,82,6,1,-24,235,-125,109
27,83,9,1,-19,235,-125,109
27,84,28,0,-29,235,-115,109
27,85,44,0,-29,235,-105,114
27,86,15,0,-9,230,-105,114
27,87,10,1,11,230,-115,114
27,88,2,0,1,230,-110,114
27,89,39,0,-6,235,-110,114
27,90,8,1,-16,235,-110,119
27,91,26,1,-6,235,-115,119
27,92,16,1,-6,235,-125,119
27,93,7,1,-1,235,-125,114
27,94,38,1,4,235,-125,114
27,95,42,1,4,240,-125,114
27,96,5,1,9,240,-135,114
27,97,41,1,14,230,-135,114
27,98,21,1,14,235,-150,114
27,99,28,1,24,235,-150,114
28,0,10,0,45,55,50,50
28,1,15,1,45,60,50,50
28,2,7,0,30,65,50,50
28,3,16,1,30,65,40,50
28,4,13,1,35,70,40,50
28,5,43,1,35,70,45,35
28,6,11,1,40,70,45,35
28,7,8,0,40,75,35,35
28,8,3,0,55,75,30,35
28,9,45,1,55,80,30,35
28,10,37,0,43,90,30,35
28,11,21,1,43,95,15,35
28,12,22,1,43,100,5,35
28,13,10,1,63,100,-5,35
28,14,26,1,73,100,-10,35
28,15,6,0,83,100,-15,35
28,16,23,1,93,100,-20,35
28,17,30,0,93,100,-30,45
28,18,44,0,93,100,-20,50
28,19,9,0,88,100,-20,55
28,20,4,1,98,100,-20,50
28,21,15,1,98,105,-20,50
28,22,20,0,93,105,-5,50
28,23,42,1,93,110,-5,50
28,24,39,0,86,115,-5,50
28,25,28,0,76,115,5,50
28,26,24,1,81,115,5,50
28,27,29,1,81,130,-15,50
28,28,41,0,71,140,-15,50
28,29,45,1,71,145,-15,50
28,30,14,1,71,150,-15,50
28,31,22,0,66,150,-10,50
28,32,27,1,66,155,-15,50
28,33,16,1,66,155,-25,50
28,34,6,0,76,155,-30,50
28,35,19,0,56,155,-20,60
28,36,43,0,76,155,-30,60
28,37,10,0,71,160,-30,60
28,38,12,1,76,160,-30,60
28,39,41,0,66,170,-30,60
28,40,44,0,66,170,-20,65
28,41,47,1,66,170,-20,80
28,42,5,0,61,170,-15,80
28,43,42,1,61,175,-15,80
28,44,11,1,66,175,-15,80
28,45,23,0,61,165,-15,85
28,46,21,1,61,170,-30,85
28,47,18,0,36,170,-30,95
28,48,7,0,21,175,-30,95
28,49,22,1,21,180,-40,95
28,50,26,0,16,180,-40,100
28,51,40,0,16,190,-50,100
28,52,8,0,16,195,-60,100
28,53,45,1,16,200,-60,100
28,54,4,1,26,200,-60,95
28,55,17,1,11,200,-50,95
28,56,20,1,11,205,-65,95
28,57,6,1,3,205,-65,100
28,58,12,0,-2,215,-65,100
28,59,28,0,-12,215,-55,100
28,60,23,1,-2,215,-60,100
28,61,15,1,-2,220,-60,100
28,62,38,1,3,220,-60,100
28,63,10,0,-2,225,-60,100
28,64,1,0,8,225,-75,100
28,65,22,1,8,230,-85,100
28,66,16,0,-2,235,-85,100
28,67,2,1,3,235,-95,100
28,68,5,0,-2,235,-90,100
28,69,26,1,8,235,-95,100
28,70,4,0,-7,240,-95,100
28,71,42,1,-7,245,-95,100
28,72,40,0,-7,255,-105,100
28,73,14,0,-7,255,-105,105
28,74,23,1,3,255,-110,105
28,75,24,1,8,255,-110,105
28,76,25,0,8,250,-100,105
28,77,20,0,3,250,-85,105
28,78,3,0,18,250,-90,105
28,79,15,1,18,255,-90,105
28,80,36,1,18,260,-90,100
28,81,19,1,33,260,-90,100
28,82,16,0,23,265,-90,100
28,83,21,1,23,270,-105,100
28,84,11,1,28,270,-105,100
28,85,39,0,21,275,-105,100
28,86,5,1,26,275,-115,100
28,87,41,0,16,285,-115,100
28,88,25,1,16,290,-125,100
28,89,15,1,16,295,-125,100
28,90,43,1,16,295,-120,85
28,91,26,1,26,295,-125,85
28,92,24,0,21,295,-120,85
28,93,4,1,31,295,-120,80
28,94,14,1,31,300,-120,80
28,95,27,1,31,305,-125,80
28,96,12,0,26,315,-125,80
28,97,28,1,36,315,-125,80
28,98,22,1,36,320,-135,80
28,99,10,0,31,325,-135,80
29,0,36,0,50,45,50,52
29,1,13,1,55,50,50,52
29,2,9,0,50,50,50,57
29,3,14,1,50,55,50,57
29,4,42,1,50,60,50,57
29,5,22,0,45,60,55,57
29,6,43,0,65,60,45,57
29,7,48,1,65,65,45,47
29,8,20,0,60,65,60,47
29,9,6,0,70,65,55,47
29,10,11,0,65,65,55,49
29,11,24,1,70,65,55,49
29,12,46,0,63,65,55,54
29,13,37,0,51,75,55,54
29,14,27,1,51,80,50,54
29,15,7,0,36,85,50,54
29,16,30,1,36,85,60,54
29,17,3,1,29,85,60,59
29,18,4,1,39,85,60,54
29,19,12,0,34,95,60,54
29,20,13,1,39,100,60,54
29,21,23,0,34,90,60,59
29,22,16,1,34,90,50,59
29,23,26,0,29,90,50,64
29,24,40,0,29,100,40,64
29,25,25,0,29,95,50,64
29,26,14,1,29,100,50,64
29,27,10,1,49,100,40,64
29,28,48,0,39,100,40,69
29,29,12,1,44,100,40,69
29,30,18,0,19,100,40,79
29,31,8,1,9,100,40,84
29,32,2,1,14,100,30,84
29,33,27,1,14,105,25,84
29,34,15,0,34,100,25,84
29,35,1,0,44,100,10,84
29,36,5,0,39,100,15,84
29,37,6,1,31,100,15,89
29,38,4,1,41,100,15,84
29,39,19,1,56,100,15,84
29,40,26,1,66,100,10,84
29,41,36,0,66,95,10,86
29,42,11,1,71,95,10,86
29,43,12,0,66,105,10,86
29,44,10,1,86,105,0,86
29,45,13,1,91,110,0,86
29,46,45,1,91,115,0,86
29,47,1,1,83,115,5,86
29,48,29,1,83,130,-15,86
29,49,21,0,78,130,0,86
29,50,16,0,68,135,0,86
29,51,9,1,73,135,0,86
29,52,4,0,58,140,0,86
29,53,25,1,58,145,-10,86
29,54,42,1,58,150,-10,86
29,55,20,0,53,150,5,86
29,56,36,0,53,145,5,88
29,57,26,1,63,145,0,88
29,58,14,0,63,145,0,93
29,59,5,0,58,145,5,93
29,60,48,1,58,150,5,83
29,61,23,0,53,140,5,88
29,62,46,1,58,140,5,83
29,63,8,0,58,145,-5,83
29,64,4,1,68,145,-5,78
29,65,44,1,73,145,-5,78
29,66,24,0,68,145,0,78
29,67,15,1,68,150,0,78
29,68,16,0,58,155,0,78
29,69,2,0,48,155,5,78
29,70,12,0,43,165,5,78
29,71,39,1,48,165,5,73
29,72,36,0,48,160,5,75
29,73,5,1,53,160,-5,75
29,74,23,0,48,150,-5,80
29,75,27,0,58,135,-5,80
29,76,22,0,53,135,0,80
29,77,15,0,73,130,0,80
29,78,26,0,68,130,0,85
29,79,14,0,68,130,0,90
29,80,19,1,83,130,0,90
29,81,11,0,78,130,0,92
29,82,3,1,71,130,0,97
29,83,44,0,71,130,10,102
29,84,16,1,71,130,0,102
29,85,6,1,63,130,0,107
29,86,29,1,63,145,-20,107
29,87,42,0,55,145,-20,117
29,88,2,1,60,145,-30,117
29,89,7,1,65,145,-30,112
29,90,20,0,60,145,-15,112
29,91,41,1,65,135,-15,112
29,92,8,0,65,140,-25,112
29,93,48,0,55,140,-25,117
29,94,40,1,55,130,-15,117
29,95,17,0,35,140,-15,117
29,96,46,0,28,140,-15,122
29,97,1,1,20,140,-10,122
29,98,5,1,25,140,-20,122
29,99,9,1,30,140,-20,122
30,0,45,0,50,50,50,55
30,1,21,1,50,55,35,55
30,2,18,0,25,55,35,65
30,3,1,1,17,55,40,65
30,4,29,1,17,70,20,65
30,5,39,0,10,75,20,65
30,6,2,0,0,75,25,65
30,7,41,0,-10,85,25,65
30,8,30,0,-10,85,15,75
30,9,48,0,-20,85,15,80
30,10,11,1,-15,85,15,80
30,11,46,1,-10,85,15,75
30,12,37,0,-22,95,15,75
30,13,28,1,-12,95,15,75
30,14,22,1,-12,100,5,75
30,15,27,0,-2,85,5,75
30,16,8,1,-12,85,5,80
30,17,4,0,-27,90,5,80
30,18,42,1,-27,95,5,80
30,19,24,1,-22,95,5,80
30,20,7,1,-17,95,5,75
30,21,23,1,-7,95,0,75
30,22,2,0,-17,95,5,75
30,23,21,0,-22,95,20,75
30,24,47,0,3,95,20,75
30,25,45,0,3,95,20,80
30,26,25,1,3,100,10,80
30,27,39,0,-4,105,10,80
30,28,17,0,-24,115,10,80
30,29,26,0,-29,115,10,85
30,30,15,0,-9,110,10,85
30,31,1,0,1,110,-5,85
30,32,48,1,1,115,-5,75
30,33,43,0,21,115,-15,75
30,34,28,1,31,115,-15,75
30,35,42,1,31,120,-15,75
30,36,41,0,21,130,-15,75
30,37,4,1,31,130,-15,70
30,38,9,0,26,130,-15,75
30,39,13,0,26,130,-15,80
30,40,7,1,31,130,-15,75
30,41,12,1,36,130,-15,75
30,42,39,1,41,130,-15,70
30,43,47,0,66,130,-15,70
30,44,3,1,59,130,-15,75
30,45,23,1,69,130,-20,75
30,46,21,1,69,135,-35,75
30,47,6,1,61,135,-35,80
30,48,11,0,56,135,-35,82
30,49,15,0,76,130,-35,82
30,50,18,1,86,130,-35,82
30,51,5,0,81,130,-30,82
30,52,16,0,71,135,-30,82
30,53,10,1,91,135,-40,82
30,54,2,1,96,135,-50,82
30,55,13,1,101,140,-50,82
30,56,4,1,111,140,-50,77
30,57,24,0,106,140,-45,77
30,58,44,1,111,140,-45,77
30,59,20,1,111,145,-60,77
30,60,15,0,131,140,-60,77
30,61,38,0,126,145,-60,77
30,62,7,0,111,150,-60,77
30,63,41,0,101,160,-60,77
30,64,26,1,111,160,-65,77
30,65,3,1,104,160,-65,82
30,66,11,0,99,160,-65,84
30,67,14,1,99,165,-65,84
30,68,22,0,94,165,-60,84
30,69,17,1,79,165,-50,84
30,70,10,0,74,170,-50,84
30,71,12,0,69,180,-50,84
30,72,5,0,64,180,-45,84
30,73,36,0,64,175,-45,86
30,74,45,0,64,175,-45,91
30,75,27,0,74,160,-45,91
30,76,28,0,64,160,-35,91
30,77,39,0,57,165,-35,91
30,78,1,1,49,165,-30,91
30,79,29,1,49,180,-50,91
30,80,11,0,44,180,-50,93
30,81,41,0,34,190,-50,93
30,82,12,0,29,200,-50,93
30,83,48,1,29,205,-50,83
30,84,6,1,21,205,-50,88
30,85,40,1,21,195,-40,88
30,86,10,1,41,195,-50,88
30,87,5,1,46,195,-60,88
30,88,16,1,46,195,-70,88
30,89,15,1,46,200,-70,88
30,90,25,0,46,195,-60,88
30,91,46,0,39,195,-60,93
30,92,44,0,39,195,-50,98
30,93,45,1,39,200,-50,98
30,94,28,0,29,200,-40,98
30,95,42,1,29,205,-40,98
30,96,12,1,34,205,-40,98
30,97,43,1,34,205,-35,83
30,98,22,1,34,210,-45,83
30,99,4,1,44,210,-45,78
31,0,44,0,50,50,60,55
31,1,19,0,30,50,70,65
31,2,15,0,50,45,70,65
31,3,3,0,65,45,65,65
31,4,36,1,65,50,65,60
31,5,14,1,65,55,65,60
31,6,22,1,65,60,55,60
31,7,2,1,70,60,45,60
31,8,9,0,65,60,45,65
31,9,18,1,75,60,45,65
31,10,20,0,70,60,60,65
31,11,42,0,62,60,60,75
31,12,16,0,52,65,60,75
31,13,26,0,47,65,60,80
31,14,1,1,39,65,65,80
31,15,37,0,27,75,65,80
31,16,29,0,17,75,70,80
31,17,45,0,17,75,70,85
31,18,39,1,22,75,70,80
31,19,15,0,42,70,70,80
31,20,14,0,42,70,70,85
31,21,6,1,34,70,70,90
31,22,23,0,29,60,70,95
31,23,22,0,24,60,75,95
31,24,2,0,14,60,80,95
31,25,20,1,14,65,65,95
31,26,41,1,19,55,65,95
31,27,1,1,11,55,70,95
31,28,21,1,11,60,55,95
31,29,5,0,6,60,60,95
31,30,27,1,6,65,55,95
31,31,16,1,6,65,45,95
31,32,43,0,26,65,35,95
31,33,4,0,11,70,35,95
31,34,38,1,16,70,35,95
31,35,42,0,8,70,35,105
31,36,46,0,1,70,35,110
31,37,15,1,1,75,35,110
31,38,14,0,1,75,35,115
31,39,23,0,-4,65,35,120
31,40,17,0,-24,75,35,120
31,41,9,0,-29,75,35,125
31,42,22,1,-29,80,25,125
31,43,12,1,-24,80,25,125
31,44,41,0,-34,90,25,125
31,45,8,1,-44,90,25,130
31,46,10,0,-49,95,25,130
31,47,36,0,-49,90,25,132
31,48,37,1,-39,90,25,132
31,49,26,1,-29,90,20,132
31,50,2,0,-39,90,25,132
31,51,48,1,-39,95,25,122
31,52,38,1,-34,95,25,122
31,53,7,1,-29,95,25,117
31,54,11,1,-24,95,25,117
31,55,46,0,-31,95,25,122
31,56,45,1,-31,100,25,122
31,57,14,0,-31,100,25,127
31,58,20,0,-36,100,40,127
31,59,13,0,-36,100,40,132
31,60,4,1,-26,100,40,127
31,61,16,1,-26,100,30,127
31,62,29,1,-26,115,10,127
31,63,40,0,-26,125,0,127
31,64,11,1,-21,125,0,127
31,65,41,1,-16,115,0,127
31,66,27,0,-6,100,0,127
31,67,9,0,-11,100,0,132
31,68,21,1,-11,105,-15,132
31,69,12,1,-6,105,-15,132
31,70,3,0,9,105,-20,132
31,71,2,0,-1,105,-15,132
31,72,36,1,-1,110,-15,127
31,73,10,0,-6,115,-15,127
31,74,26,0,-11,115,-15,132
31,75,22,0,-16,115,-10,132
31,76,42,0,-24,115,-10,142
31,77,41,1,-19,105,-10,142
31,78,4,1,-9,105,-10,137
31,79,23,1,1,105,-15,137
31,80,46,0,-6,105,-15,142
31,81,13,0,-6,105,-15,147
31,82,16,0,-16,110,-15,147
31,83,43,1,-16,110,-10,132
31,84,7,1,-11,110,-10,127
31,85,3,1,-18,110,-10,132
31,86,2,0,-28,110,-5,132
31,87,45,1,-28,115,-5,132
31,88,8,1,-38,115,-5,137
31,89,44,1,-33,115,-5,137
31,90,25,1,-33,120,-15,137
31,91,48,0,-43,120,-15,142
31,92,1,1,-51,120,-10,142
31,93,11,0,-56,120,-10,144
31,94,37,1,-46,120,-10,144
31,95,23,1,-36,120,-15,144
31,96,10,0,-41,125,-15,144
31,97,9,1,-36,125,-15,144
31,98,7,0,-51,130,-15,144
31,99,16,0,-61,135,-15,144
32,0,9,0,45,50,50,55
32,1,25,1,45,55,40,55
32,2,14,1,45,60,40,55
32,3,28,1,55,60,40,55
32,4,37,0,43,70,40,55
32,5,43,1,43,70,45,40
32,6,12,1,48,70,45,40
32,7,38,0,43,75,45,40
32,8,1,1,35,75,50,40
32,9,41,0,25,85,50,40
32,10,15,1,25,90,50,40
32,11,21,0,20,90,65,40
32,12,22,0,15,90,70,40
32,13,19,1,30,90,70,40
32,14,5,0,25,90,75,40
32,15,9,0,20,90,75,45
32,16,3,1,13,90,75,50
32,17,24,1,18,90,75,50
32,18,11,0,13,90,75,52
32,19,2,1,18,90,65,52
32,20,13,1,23,95,65,52
32,21,4,0,8,100,65,52
32,22,46,1,13,100,65,47
32,23,21,0,8,100,80,47
32,24,20,0,3,100,95,47
32,25,41,0,-7,110,95,47
32,26,39,0,-14,115,95,47
32,27,16,1,-14,115,85,47
32,28,36,0,-14,110,85,49
32,29,26,0,-19,110,85,54
32,30,40,1,-19,100,95,54
32,31,5,0,-24,100,100,54
32,32,10,1,-4,100,90,54
32,33,38,0,-9,105,90,54
32,34,11,1,-4,105,90,54
32,35,12,0,-9,115,90,54
32,36,47,1,-9,115,90,69
32,37,44,0,-9,115,100,74
32,38,21,1,-9,120,85,74
32,39,16,1,-9,120,75,74
32,40,45,0,-9,120,75,79
32,41,26,0,-14,120,75,84
32,42,4,0,-29,125,75,84
32,43,8,0,-29,130,65,84
32,44,17,1,-44,130,75,84
32,45,27,0,-34,115,75,84
32,46,10,0,-39,120,75,84
32,47,18,0,-64,120,75,94
32,48,15,0,-44,115,75,94
32,49,2,0,-54,115,80,94
32,50,41,0,-64,125,80,94
32,51,30,1,-64,125,90,94
32,52,14,0,-64,125,90,99
32,53,44,1,-59,125,90,99
32,54,25,1,-59,130,80,99
32,55,1,1,-67,130,85,99
32,56,3,1,-74,130,85,104
32,57,28,1,-64,130,85,104
32,58,38,1,-59,130,85,104
32,59,16,0,-69,135,85,104
32,60,12,1,-64,135,85,104
32,61,10,0,-69,140,85,104
32,62,22,1,-69,145,75,104
32,63,13,0,-69,145,75,109
32,64,26,0,-74,145,75,114
32,65,5,1,-69,145,65,114
32,66,6,0,-59,145,60,114
32,67,15,0,-39,140,60,114
32,68,40,0,-39,150,50,114
32,69,44,1,-34,150,50,114
32,70,20,0,-39,150,65,114
32,71,2,1,-34,150,55,114
32,72,19,1,-19,150,55,114
32,73,12,1,-14,150,55,114
32,74,4,0,-29,155,55,114
32,75,3,1,-36,155,55,119
32,76,30,1,-36,155,65,119
32,77,25,1,-36,160,55,119
32,78,26,0,-41,160,55,124
32,79,13,1,-36,165,55,124
32,80,42,0,-44,165,55,134
32,81,10,0,-49,170,55,134
32,82,5,1,-44,170,45,134
32,83,45,1,-44,175,45,134
32,84,6,1,-52,175,45,139
32,85,9,0,-57,175,45,144
32,86,44,0,-57,175,55,149
32,87,7,0,-72,180,55,149
32,88,23,0,-77,170,55,154
32,89,14,0,-77,170,55,159
32,90,1,1,-85,170,60,159
32,91,39,1,-80,170,60,154
32,92,3,0,-65,170,55,154
32,93,47,1,-65,170,55,169
32,94,4,1,-55,170,55,164
32,95,27,0,-45,155,55,164
32,96,29,1,-45,170,35,164
32,97,46,0,-52,170,35,169
32,98,12,1,-47,170,35,169
32,99,11,0,-52,170,35,171
33,0,6,1,42,50,50,55
33,1,13,1,47,55,50,55
33,2,22,1,47,60,40,55
33,3,41,0,37,70,40,55
33,4,11,0,32,70,40,57
33,5,7,0,17,75,40,57
33,6,42,0,9,75,40,67
33,7,2,1,14,75,30,67
33,8,12,0,9,85,30,67
33,9,24,1,14,85,30,67
33,10,20,0,9,85,45,67
33,11,15,0,29,80,45,67
33,12,37,0,17,90,45,67
33,13,45,0,17,90,45,72
33,14,5,0,12,90,50,72
33,15,14,0,12,90,50,77
33,16,23,1,22,90,45,77
33,17,38,0,17,95,45,77
33,18,16,1,17,95,35,77
33,19,48,0,7,95,35,82
33,20,17,0,-13,105,35,82
33,21,4,1,-3,105,35,77
33,22,36,1,-3,110,35,72
33,23,21,0,-8,110,50,72
33,24,11,0,-13,110,50,74
33,25,39,0,-20,115,50,74
33,26,18,1,-10,115,50,74
33,27,41,1,-5,105,50,74
33,28,25,0,-5,100,60,74
33,29,16,1,-5,100,50,74
33,30,44,1,0,100,50,74
33,31,42,1,0,105,50,74
33,32,14,1,0,110,50,74
33,33,26,0,-5,110,50,79
33,34,4,1,5,110,50,74
33,35,46,0,-2,110,50,79
33,36,22,0,-7,110,55,79
33,37,27,0,3,95,55,79
33,38,2,0,-7,95,60,79
33,39,45,0,-7,95,60,84
33,40,20,1,-7,100,45,84
33,41,15,0,13,95,45,84
33,42,9,0,8,95,45,89
33,43,11,0,3,95,45,91
33,44,23,1,13,95,40,91
33,45,7,0,-2,100,40,91
33,46,26,0,-7,100,40,96
33,47,13,0,-7,100,40,101
33,48,1,0,3,100,25,101
33,49,3,1,-4,100,25,106
33,50,6,1,-12,100,25,111
33,51,24,1,-7,100,25,111
33,52,5,0,-12,100,30,111
33,53,11,0,-17,100,30,113
33,54,10,1,3,100,20,113
33,55,43,1,3,100,25,98
33,56,41,1,8,90,25,98
33,57,23,1,18,90,20,98
33,58,7,1,23,90,20,93
33,59,22,0,18,90,25,93
33,60,27,1,18,95,20,93
33,61,20,0,13,95,35,93
33,62,26,1,23,95,30,93
33,63,4,1,33,95,30,88
33,64,10,0,28,100,30,88
33,65,5,0,23,100,35,88
33,66,1,1,15,100,40,88
33,67,46,0,8,100,40,93
33,68,41,0,-2,110,40,93
33,69,15,0,18,105,40,93
33,70,12,1,23,105,40,93
33,71,11,1,28,105,40,93
33,72,28,0,18,105,50,93
33,73,24,1,23,105,50,93
33,74,38,1,28,105,50,93
33,75,16,1,28,105,40,93
33,76,14,1,28,110,40,93
33,77,2,1,33,110,30,93
33,78,43,1,33,110,35,78
33,79,4,0,18,115,35,78
33,80,9,1,23,115,35,78
33,81,10,0,18,120,35,78
33,82,11,1,23,120,35,78
33,83,25,1,23,125,25,78
33,84,21,1,23,130,10,78
33,85,24,1,28,130,10,78
33,86,1,0,38,130,-5,78
33,87,48,0,28,130,-5,83
33,88,20,0,23,130,10,83
33,89,5,0,18,130,15,83
33,90,28,0,8,130,25,83
33,91,16,0,-2,135,25,83
33,92,46,1,3,135,25,78
33,93,8,0,3,140,15,78
33,94,4,0,-12,145,15,78
33,95,2,1,-7,145,5,78
33,96,21,1,-7,150,-10,78
33,97,14,1,-7,155,-10,78
33,98,3,1,-14,155,-10,83
33,99,11,0,-19,155,-10,85
34,0,3,0,65,50,45,50
34,1,14,1,65,55,45,50
34,2,10,1,85,55,35,50
34,3,20,1,85,60,20,50
34,4,37,0,73,70,20,50
34,5,12,1,78,70,20,50
34,6,11,0,73,70,20,52
34,7,4,1,83,70,20,47
34,8,13,1,88,75,20,47
34,9,2,1,93,75,10,47
34,10,24,0,88,75,15,47
34,11,9,1,93,75,15,47
34,12,1,0,103,75,0,47
34,13,16,0,93,80,0,47
34,14,36,0,93,75,0,49
34,15,41,1,98,65,0,49
34,16,5,1,103,65,-10,49
34,17,11,0,98,65,-10,51
34,18,38,0,93,70,-10,51
34,19,3,0,108,70,-15,51
34,20,44,0,108,70,-5,56
34,21,23,0,103,60,-5,61
34,22,24,1,108,60,-5,61
34,23,16,1,108,60,-15,61
34,24,2,1,113,60,-25,61
34,25,20,0,108,60,-10,61
34,26,30,1,108,60,0,61
34,27,10,1,128,60,-10,61
34,28,21,1,128,65,-25,61
34,29,12,0,123,75,-25,61
34,30,1,0,133,75,-40,61
34,31,25,0,133,70,-30,61
34,32,9,1,138,70,-30,61
34,33,16,1,138,70,-40,61
34,34,13,1,143,75,-40,61
34,35,6,0,153,75,-45,61
34,36,45,1,153,80,-45,61
34,37,11,0,148,80,-45,63
34,38,23,1,158,80,-50,63
34,39,15,1,158,85,-50,63
34,40,24,0,153,85,-45,63
34,41,26,1,163,85,-50,63
34,42,4,1,173,85,-50,58
34,43,28,0,163,85,-40,58
34,44,38,1,168,85,-40,58
34,45,16,0,158,90,-40,58
34,46,10,1,178,90,-50,58
34,47,18,1,188,90,-50,58
34,48,11,0,183,90,-50,60
34,49,22,0,178,90,-45,60
34,50,48,1,178,95,-45,50
34,51,39,1,183,95,-45,45
34,52,2,0,173,95,-40,45
34,53,23,1,183,95,-45,45
34,54,12,0,178,105,-45,45
34,55,14,0,178,105,-45,50
34,56,1,0,188,105,-60,50
34,57,25,0,188,100,-50,50
34,58,15,1,188,105,-50,50
34,59,4,1,198,105,-50,45
34,60,5,0,193,105,-45,45
34,61,27,0,203,90,-45,45
34,62,26,1,213,90,-50,45
34,63,24,1,218,90,-50,45
34,64,10,0,213,95,-50,45
34,65,16,0,203,100,-50,45
34,66,21,1,203,105,-65,45
34,67,11,0,198,105,-65,47
34,68,19,1,213,105,-65,47
34,69,15,1,213,110,-65,47
34,70,45,1,213,115,-65,47
34,71,25,0,213,110,-55,47
34,72,14,0,213,110,-55,52
34,73,4,0,198,115,-55,52
34,74,5,0,193,115,-50,52
34,75,27,1,193,120,-55,52
34,76,9,1,198,120,-55,52
34,77,43,0,218,120,-65,52
34,78,12,0,213,130,-65,52
34,79,20,0,208,130,-50,52
34,80,23,1,218,130,-55,52
34,81,29,1,218,145,-75,52
34,82,28,1,228,145,-75,52
34,83,21,1,228,150,-90,52
34,84,40,1,228,140,-80,52
34,85,10,1,248,140,-90,52
34,86,17,0,228,150,-90,52
34,87,1,0,238,150,-105,52
34,88,7,0,223,155,-105,52
34,89,12,0,218,165,-105,52
34,90,15,0,238,160,-105,52
34,91,48,1,238,165,-105,42
34,92,9,1,243,165,-105,42
34,93,27,0,253,150,-105,42
34,94,13,0,253,150,-105,47
34,95,22,1,253,155,-115,47
34,96,11,1,258,155,-115,47
34,97,28,1,268,155,-115,47
34,98,41,1,273,145,-115,47
34,99,2,1,278,145,-125,47
35,0,16,1,50,50,40,50
35,1,8,0,50,55,30,50
35,2,15,1,50,60,30,50
35,3,4,0,35,65,30,50
35,4,19,0,15,65,40,60
35,5,14,1,15,70,40,60
35,6,36,0,15,65,40,62
35,7,24,0,10,65,45,62
35,8,30,0,10,65,35,72
35,9,48,1,10,70,35,62
35,10,18,0,-15,70,35,72
35,11,43,0,5,70,25,72
35,12,12,1,10,70,25,72
35,13,41,1,15,60,25,72
35,14,16,0,5,65,25,72
35,15,44,0,5,65,35,77
35,16,46,1,10,65,35,72
35,17,13,1,15,70,35,72
35,18,14,0,15,70,35,77
35,19,42,1,15,75,35,77
35,20,10,0,10,80,35,77
35,21,25,0,10,75,45,77
35,22,22,0,5,75,50,77
35,23,21,1,5,80,35,77
35,24,3,1,-2,80,35,82
35,25,5,1,3,80,25,82
35,26,2,0,-7,80,30,82
35,27,27,0,3,65,30,82
35,28,7,0,-12,70,30,82
35,29,18,1,-2,70,30,82
35,30,40,0,-2,80,20,82
35,31,12,1,3,80,20,82
35,32,13,1,8,85,20,82
35,33,16,0,-2,90,20,82
35,34,23,0,-7,80,20,87
35,35,9,0,-12,80,20,92
35,36,10,0,-17,85,20,92
35,37,20,1,-17,90,5,92
35,38,14,1,-17,95,5,92
35,39,5,1,-12,95,-5,92
35,40,3,0,3,95,-10,92
35,41,38,0,-2,100,-10,92
35,42,2,1,3,100,-20,92
35,43,37,0,-9,110,-20,92
35,44,16,1,-9,110,-30,92
35,45,21,0,-14,110,-15,92
35,46,15,0,6,105,-15,92
35,47,7,0,-9,110,-15,92
35,48,40,0,-9,120,-25,92
35,49,23,1,1,120,-30,92
35,50,11,0,-4,120,-30,94
35,51,24,0,-9,120,-25,94
35,52,4,1,1,120,-25,89
35,53,36,0,1,115,-25,91
35,54,22,1,1,120,-35,91
35,55,25,1,1,125,-45,91
35,56,41,1,6,115,-45,91
35,57,13,1,11,120,-45,91
35,58,28,0,1,120,-35,91
35,59,21,1,1,125,-50,91
35,60,38,0,-4,130,-50,91
35,61,48,1,-4,135,-50,81
35,62,29,1,-4,150,-70,81
35,63,39,1,1,150,-70,76
35,64,8,0,1,155,-80,76
35,65,23,1,11,155,-85,76
35,66,1,0,21,155,-100,76
35,67,41,0,11,165,-100,76
35,68,40,1,11,155,-90,76
35,69,47,0,36,155,-90,76
35,70,14,0,36,155,-90,81
35,71,5,1,41,155,-100,81
35,72,26,1,51,155,-105,81
35,73,4,1,61,155,-105,76
35,74,13,0,61,155,-105,81
35,75,22,0,56,155,-100,81
35,76,16,0,46,160,-100,81
35,77,23,1,56,160,-105,81
35,78,3,1,49,160,-105,86
35,79,41,0,39,170,-105,86
35,80,1,1,31,170,-100,86
35,81,9,1,36,170,-100,86
35,82,46,1,41,170,-100,81
35,83,45,0,41,170,-100,86
35,84,25,0,41,165,-90,86
35,85,12,1,46,165,-90,86
35,86,4,1,56,165,-90,81
35,87,24,0,51,165,-85,81
35,88,26,1,61,165,-90,81
35,89,14,1,61,170,-90,81
35,90,39,0,54,175,-90,81
35,91,19,1,69,175,-90,81
35,92,3,0,84,175,-95,81
35,93,5,0,79,175,-90,81
35,94,23,1,89,175,-95,81
35,95,41,0,79,185,-95,81
35,96,9,0,74,185,-95,86
35,97,27,1,74,190,-100,86
35,98,47,0,99,190,-100,86
35,99,28,1,109,190,-100,86
36,0,43,1,50,50,55,35
36,1,23,0,45,40,55,40
36,2,12,0,40,50,55,40
36,3,14,1,40,55,55,40
36,4,9,1,45,55,55,40
36,5,41,0,35,65,55,40
36,6,29,0,25,65,60,40
36,7,1,1,17,65,65,40
36,8,16,1,17,65,55,40
36,9,7,0,2,70,55,40
36,10,28,1,12,70,55,40
36,11,25,0,12,65,65,40
36,12,22,1,12,70,55,40
36,13,44,0,12,70,65,45
36,14,10,0,7,75,65,45
36,15,8,0,7,80,55,45
36,16,42,1,7,85,55,45
36,17,11,1,12,85,55,45
36,18,18,0,-13,85,55,55
36,19,40,0,-13,95,45,55
36,20,46,0,-20,95,45,60
36,21,45,0,-20,95,45,65
36,22,24,0,-25,95,50,65
36,23,16,1,-25,95,40,65
36,24,38,0,-30,100,40,65
36,25,9,1,-25,100,40,65
36,26,36,0,-25,95,40,67
36,27,15,0,-5,90,40,67
36,28,44,1,0,90,40,67
36,29,7,0,-15,95,40,67
36,30,23,1,-5,95,35,67
36,31,6,1,-13,95,35,72
36,32,4,1,-3,95,35,67
36,33,41,0,-13,105,35,67
36,34,40,0,-13,115,25,67
36,35,26,1,-3,115,20,67
36,36,2,0,-13,115,25,67
36,37,43,0,7,115,15,67
36,38,27,1,7,120,10,67
36,39,20,1,7,125,-5,67
36,40,42,1,7,130,-5,67
36,41,5,0,2,130,0,67
36,42,28,1,12,130,0,67
36,43,11,1,17,130,0,67
36,44,1,0,27,130,-15,67
36,45,47,1,27,130,-15,82
36,46,16,0,17,135,-15,82
36,47,17,0,-3,145,-15,82
36,48,25,0,-3,140,-5,82
36,49,3,0,12,140,-10,82
36,50,29,0,2,140,-5,82
36,51,27,1,2,145,-10,82
36,52,6,0,12,145,-15,82
36,53,9,0,7,145,-15,87
36,54,20,1,7,150,-30,87
36,55,11,1,12,150,-30,87
36,56,44,1,17,150,-30,87
36,57,41,0,7,160,-30,87
36,58,22,1,7,165,-40,87
36,59,10,0,2,170,-40,87
36,60,38,1,7,170,-40,87
36,61,2,0,-3,170,-35,87
36,62,12,1,2,170,-35,87
36,63,15,0,22,165,-35,87
36,64,1,1,14,165,-30,87
36,65,47,0,39,165,-30,87
36,66,11,1,44,165,-30,87
36,67,30,0,44,165,-40,97
36,68,16,0,34,170,-40,97
36,69,8,1,24,170,-40,102
36,70,17,1,9,170,-30,102
36,71,42,0,1,170,-30,112
36,72,14,1,1,175,-30,112
36,73,23,1,11,175,-35,112
36,74,9,1,16,175,-35,112
36,75,5,0,11,175,-30,112
36,76,20,0,6,175,-15,112
36,77,25,0,6,170,-5,112
36,78,38,0,1,175,-5,112
36,79,41,1,6,165,-5,112
36,80,7,0,-9,170,-5,112
36,81,8,0,-9,175,-15,112
36,82,1,0,1,175,-30,112
36,83,2,0,-9,175,-25,112
36,84,11,0,-14,175,-25,114
36,85,39,1,-9,175,-25,109
36,86,45,0,-9,175,-25,114
36,87,5,0,-14,175,-20,114
36,88,4,1,-4,175,-20,109
36,89,48,0,-14,175,-20,114
36,90,16,0,-24,180,-20,114
36,91,27,1,-24,185,-25,114
36,92,6,0,-14,185,-30,114
36,93,13,1,-9,190,-30,114
36,94,7,0,-24,195,-30,114
36,95,28,1,-14,195,-30,114
36,96,21,0,-19,195,-15,114
36,97,15,0,1,190,-15,114
36,98,44,1,6,190,-15,114
36,99,43,1,6,190,-10,99
37,0,44,0,50,50,60,55
37,1,10,1,70,50,50,55
37,2,23,0,65,40,50,60
37,3,39,1,70,40,50,55
37,4,6,0,80,40,45,55
37,5,40,1,80,30,55,55
37,6,24,0,75,30,60,55
37,7,19,0,55,30,70,65
37,8,22,1,55,35,60,65
37,9,43,0,75,35,50,65
37,10,15,1,75,40,50,65
37,11,25,1,75,45,40,65
37,12,12,0,70,55,40,65
37,13,42,0,62,55,40,75
37,14,46,0,55,55,40,80
37,15,5,1,60,55,30,80
37,16,4,0,45,60,30,80
37,17,13,0,45,60,30,85
37,18,16,1,45,60,20,85
37,19,37,0,33,70,20,85
37,20,11,1,38,70,20,85
37,21,41,1,43,60,20,85
37,22,36,0,43,55,20,87
37,23,15,1,43,60,20,87
37,24,23,0,38,50,20,92
37,25,14,0,38,50,20,97
37,26,26,1,48,50,15,97
37,27,40,1,48,40,25,97
37,28,2,0,38,40,30,97
37,29,29,1,38,55,10,97
37,30,22,0,33,55,15,97
37,31,12,0,28,65,15,97
37,32,39,0,21,70,15,97
37,33,16,1,21,70,5,97
37,34,41,0,11,80,5,97
37,35,46,0,4,80,5,102
37,36,25,0,4,75,15,102
37,37,7,0,-11,80,15,102
37,38,15,1,-11,85,15,102
37,39,10,0,-16,90,15,102
37,40,26,1,-6,90,10,102
37,41,23,0,-11,80,10,107
37,42,28,0,-21,80,20,107
37,43,37,0,-33,90,20,107
37,44,11,1,-28,90,20,107
37,45,22,0,-33,90,25,107
37,46,5,0,-38,90,30,107
37,47,9,1,-33,90,30,107
37,48,18,1,-23,90,30,107
37,49,13,0,-23,90,30,112
37,50,20,1,-23,95,15,112
37,51,1,0,-13,95,0,112
37,52,12,1,-8,95,0,112
37,53,27,1,-8,100,-5,112
37,54,17,0,-28,110,-5,112
37,55,11,1,-23,110,-5,112
37,56,2,1,-18,110,-15,112
37,57,6,1,-26,110,-15,117
37,58,5,0,-31,110,-10,117
37,59,46,0,-38,110,-10,122
37,60,16,0,-48,115,-10,122
37,61,3,1,-55,115,-10,127
37,62,25,1,-55,120,-20,127
37,63,29,1,-55,135,-40,127
37,64,4,0,-70,140,-40,127
37,65,40,1,-70,130,-30,127
37,66,14,0,-70,130,-30,132
37,67,44,0,-70,130,-20,137
37,68,20,1,-70,135,-35,137
37,69,15,1,-70,140,-35,137
37,70,11,0,-75,140,-35,139
37,71,45,1,-75,145,-35,139
37,72,41,1,-70,135,-35,139
37,73,3,0,-55,135,-40,139
37,74,22,1,-55,140,-50,139
37,75,25,1,-55,145,-60,139
37,76,24,0,-60,145,-55,139
37,77,27,1,-60,150,-60,139
37,78,9,1,-55,150,-60,139
37,79,7,0,-70,155,-60,139
37,80,46,0,-77,155,-60,144
37,81,10,0,-82,160,-60,144
37,82,30,1,-82,160,-50,144
37,83,26,1,-72,160,-55,144
37,84,37,1,-62,160,-55,144
37,85,4,1,-52,160,-55,139
37,86,13,0,-52,160,-55,144
37,87,17,1,-67,160,-45,144
37,88,23,1,-57,160,-50,144
37,89,2,0,-67,160,-45,144
37,90,12,0,-72,170,-45,144
37,91,1,1,-80,170,-40,144
37,92,20,1,-80,175,-55,144
37,93,24,0,-85,175,-50,144
37,94,21,0,-90,175,-35,144
37,95,36,1,-90,180,-35,139
37,96,27,1,-90,185,-40,139
37,97,7,1,-85,185,-40,134
37,98,41,1,-80,175,-40,134
37,99,5,1,-75,175,-50,134
38,0,43,0,70,50,40,50
38,1,26,0,65,50,40,55
38,2,12,0,60,60,40,55
38,3,28,1,70,60,40,55
38,4,9,1,75,60,40,55
38,5,21,0,70,60,55,55
38,6,25,0,70,55,65,55
38,7,13,0,70,55,65,60
38,8,20,1,70,60,50,60
38,9,5,1,75,60,40,60
38,10,22,0,70,60,45,60
38,11,11,0,65,60,45,62
38,12,10,1,85,60,35,62
38,13,16,1,85,60,25,62
38,14,19,0,65,60,35,72
38,15,26,1,75,60,30,72
38,16,48,1,75,65,30,62
38,17,23,1,85,65,25,62
38,18,42,0,77,65,25,72
38,19,17,0,57,75,25,72
38,20,28,1,67,75,25,72
38,21,15,1,67,80,25,72
38,22,9,0,62,80,25,77
38,23,3,1,55,80,25,82
38,24,45,0,55,80,25,87
38,25,40,1,55,70,35,87
38,26,2,0,45,70,40,87
38,27,4,0,30,75,40,87
38,28,38,0,25,80,40,87
38,29,1,1,17,80,45,87
38,30,5,1,22,80,35,87
38,31,21,0,17,80,50,87
38,32,37,1,27,80,50,87
38,33,15,1,27,85,50,87
38,34,29,0,17,85,55,87
38,35,3,1,10,85,55,92
38,36,13,0,10,85,55,97
38,37,6,0,20,85,50,97
38,38,46,1,25,85,50,92
38,39,44,0,25,85,60,97
38,40,41,1,30,75,60,97
38,41,4,1,40,75,60,92
38,42,9,1,45,75,60,92
38,43,22,1,45,80,50,92
38,44,1,1,37,80,55,92
38,45,23,0,32,70,55,97
38,46,38,0,27,75,55,97
38,47,25,0,27,70,65,97
38,48,37,1,37,70,65,97
38,49,15,1,37,75,65,97
38,50,2,0,27,75,70,97
38,51,16,1,27,75,60,97
38,52,26,1,37,75,55,97
38,53,7,0,22,80,55,97
38,54,4,0,7,85,55,97
38,55,8,0,7,90,45,97
38,56,40,0,7,100,35,97
38,57,14,1,7,105,35,97
38,58,43,0,27,105,25,97
38,59,11,1,32,105,25,97
38,60,21,0,27,105,40,97
38,61,19,1,42,105,40,97
38,62,12,1,47,105,40,97
38,63,5,1,52,105,30,97
38,64,16,1,52,105,20,97
38,65,48,1,52,110,20,87
38,66,13,1,57,115,20,87
38,67,28,1,67,115,20,87
38,68,27,0,77,100,20,87
38,69,8,1,67,100,20,92
38,70,36,0,67,95,20,94
38,71,9,1,72,95,20,94
38,72,25,1,72,100,10,94
38,73,2,0,62,100,15,94
38,74,15,0,82,95,15,94
38,75,42,1,82,100,15,94
38,76,1,0,92,100,0,94
38,77,3,0,107,100,-5,94
38,78,21,1,107,105,-20,94
38,79,23,0,102,95,-20,99
38,80,7,1,107,95,-20,94
38,81,13,0,107,95,-20,99
38,82,26,0,102,95,-20,104
38,83,30,0,102,95,-30,114
38,84,25,1,102,100,-40,114
38,85,16,0,92,105,-40,114
38,86,11,1,97,105,-40,114
38,87,15,1,97,110,-40,114
38,88,4,0,82,115,-40,114
38,89,6,0,92,115,-45,114
38,90,2,1,97,115,-55,114
38,91,14,1,97,120,-55,114
38,92,22,0,92,120,-50,114
38,93,9,0,87,120,-50,119
38,94,26,0,82,120,-50,124
38,95,12,0,77,130,-50,124
38,96,3,0,92,130,-55,124
38,97,1,0,102,130,-70,124
38,98,40,1,102,120,-60,124
38,99,29,0,92,120,-55,124
39,0,41,1,55,40,50,50
39,1,14,0,55,40,50,55
39,2,9,1,60,40,50,55
39,3,26,1,70,40,45,55
39,4,23,1,80,40,40,55
39,5,16,0,70,45,40,55
39,6,6,1,62,45,40,60
39,7,2,0,52,45,45,60
39,8,45,0,52,45,45,65
39,9,8,0,52,50,35,65
39,10,40,0,52,60,25,65
39,11,3,0,67,60,20,65
39,12,5,0,62,60,25,65
39,13,25,0,62,55,35,65
39,14,7,0,47,60,35,65
39,15,26,0,42,60,35,70
39,16,37,0,30,70,35,70
39,17,43,1,30,70,40,55
39,18,11,0,25,70,40,57
39,19,4,1,35,70,40,52
39,20,14,1,35,75,40,52
39,21,27,0,45,60,40,52
39,22,1,0,55,60,25,52
39,23,23,0,50,50,25,57
39,24,41,0,40,60,25,57
39,25,47,0,65,60,25,57
39,26,40,1,65,50,35,57
39,27,25,1,65,55,25,57
39,28,10,1,85,55,15,57
39,29,12,1,90,55,15,57
39,30,6,0,100,55,10,57
39,31,44,1,105,55,10,57
39,32,5,0,100,55,15,57
39,33,13,0,100,55,15,62
39,34,8,1,90,55,15,67
39,35,9,0,85,55,15,72
39,36,23,0,80,45,15,77
39,37,14,1,80,50,15,77
39,38,11,1,85,50,15,77
39,39,25,0,85,45,25,77
39,40,22,1,85,50,15,77
39,41,16,1,85,50,5,77
39,42,27,1,85,55,0,77
39,43,15,1,85,60,0,77
39,44,36,1,85,65,0,72
39,45,3,1,78,65,0,77
39,46,41,0,68,75,0,77
39,47,6,0,78,75,-5,77
39,48,11,0,73,75,-5,79
39,49,1,1,65,75,0,79
39,50,17,1,50,75,10,79
39,51,4,1,60,75,10,74
39,52,2,0,50,75,15,74
39,53,12,0,45,85,15,74
39,54,30,1,45,85,25,74
39,55,15,1,45,90,25,74
39,56,46,1,50,90,25,69
39,57,38,1,55,90,25,69
39,58,22,1,55,95,15,69
39,59,10,1,75,95,5,69
39,60,41,1,80,85,5,69
39,61,27,1,80,90,0,69
39,62,9,0,75,90,0,74
39,63,29,0,65,90,5,74
39,64,18,1,75,90,5,74
39,65,43,1,75,90,10,59
39,66,4,1,85,90,10,54
39,67,12,1,90,90,10,54
39,68,26,1,100,90,5,54
39,69,13,0,100,90,5,59
39,70,21,0,95,90,20,59
39,71,10,1,115,90,10,59
39,72,14,0,115,90,10,64
39,73,3,0,130,90,5,64
39,74,23,1,140,90,0,64
39,75,45,0,140,90,0,69
39,76,17,1,125,90,10,69
39,77,25,0,125,85,20,69
39,78,5,0,120,85,25,69
39,79,20,1,120,90,10,69
39,80,8,0,120,95,0,69
39,81,29,0,110,95,5,69
39,82,1,1,102,95,10,69
39,83,41,1,107,85,10,69
39,84,16,1,107,85,0,69
39,85,22,1,107,90,-10,69
39,86,23,0,102,80,-10,74
39,87,11,0,97,80,-10,76
39,88,46,1,102,80,-10,71
39,89,36,1,102,85,-10,66
39,90,27,0,112,70,-10,66
39,91,10,1,132,70,-20,66
39,92,7,0,117,75,-20,66
39,93,41,0,107,85,-20,66
39,94,24,1,112,85,-20,66
39,95,21,0,107,85,-5,66
39,96,26,0,102,85,-5,71
39,97,20,1,102,90,-20,71
39,98,39,0,95,95,-20,71
39,99,38,1,100,95,-20,71
40,0,14,1,50,55,50,50
40,1,10,0,45,60,50,50
40,2,26,0,40,60,50,55
40,3,5,1,45,60,40,55
40,4,48,0,35,60,40,60
40,5,40,0,35,70,30,60
40,6,12,0,30,80,30,60
40,7,30,0,30,80,20,70
40,8,38,0,25,85,20,70
40,9,45,0,25,85,20,75
40,10,27,0,35,70,20,75
40,11,7,0,20,75,20,75
40,12,18,0,-5,75,20,85
40,13,16,1,-5,75,10,85
40,14,37,1,5,75,10,85
40,15,5,1,10,75,0,85
40,16,41,1,15,65,0,85
40,17,29,1,15,80,-20,85
40,18,4,0,0,85,-20,85
40,19,6,1,-8,85,-20,90
40,20,3,0,7,85,-25,90
40,21,14,0,7,85,-25,95
40,22,19,0,-13,85,-15,105
40,23,16,0,-23,90,-15,105
40,24,24,0,-28,90,-10,105
40,25,25,0,-28,85,0,105
40,26,8,1,-38,85,0,110
40,27,10,1,-18,85,-10,110
40,28,20,0,-23,85,5,110
40,29,38,0,-28,90,5,110
40,30,2,0,-38,90,10,110
40,31,26,1,-28,90,5,110
40,32,13,1,-23,95,5,110
40,33,12,1,-18,95,5,110
40,34,21,1,-18,100,-10,110
40,35,18,0,-43,100,-10,120
40,36,41,0,-53,110,-10,120
40,37,47,1,-53,110,-10,135
40,38,1,1,-61,110,-5,135
40,39,4,1,-51,110,-5,130
40,40,5,1,-46,110,-15,130
40,41,25,1,-46,115,-25,130
40,42,6,0,-36,115,-30,130
40,43,9,0,-41,115,-30,135
40,44,46,0,-48,115,-30,140
40,45,14,0,-48,115,-30,145
40,46,21,0,-53,115,-15,145
40,47,23,1,-43,115,-20,145
40,48,3,0,-28,115,-25,145
40,49,10,0,-33,120,-25,145
40,50,2,0,-43,120,-20,145
40,51,44,1,-38,120,-20,145
40,52,1,1,-46,120,-15,145
40,53,38,0,-51,125,-15,145
40,54,11,1,-46,125,-15,145
40,55,25,1,-46,130,-25,145
40,56,16,1,-46,130,-35,145
40,57,15,1,-46,135,-35,145
40,58,43,1,-46,135,-30,130
40,59,9,1,-41,135,-30,130
40,60,12,0,-46,145,-30,130
40,61,13,1,-41,150,-30,130
40,62,3,1,-48,150,-30,135
40,63,10,0,-53,155,-30,135
40,64,30,1,-53,155,-20,135
40,65,18,1,-43,155,-20,135
40,66,1,1,-51,155,-15,135
40,67,26,0,-56,155,-15,140
40,68,16,0,-66,160,-15,140
40,69,2,0,-76,160,-10,140
40,70,41,0,-86,170,-10,140
40,71,5,1,-81,170,-20,140
40,72,23,1,-71,170,-25,140
40,73,20,1,-71,175,-40,140
40,74,36,1,-71,180,-40,135
40,75,42,0,-79,180,-40,145
40,76,14,0,-79,180,-40,150
40,77,24,1,-74,180,-40,150
40,78,25,1,-74,185,-50,150
40,79,13,1,-69,190,-50,150
40,80,45,1,-69,195,-50,150
40,81,3,0,-54,195,-55,150
40,82,1,1,-62,195,-50,150
40,83,21,1,-62,200,-65,150
40,84,27,0,-52,185,-65,150
40,85,28,1,-42,185,-65,150
40,86,16,0,-52,190,-65,150
40,87,12,1,-47,190,-65,150
40,88,46,1,-42,190,-65,145
40,89,4,1,-32,190,-65,140
40,90,40,0,-32,200,-75,140
40,91,23,0,-37,190,-75,145
40,92,42,0,-45,190,-75,155
40,93,26,0,-50,190,-75,160
40,94,5,1,-45,190,-85,160
40,95,9,0,-50,190,-85,165
40,96,8,1,-60,190,-85,170
40,97,38,0,-65,195,-85,170
40,98,15,1,-65,200,-85,170
40,99,22,1,-65,205,-95,170
41,0,24,0,45,50,55,50
41,1,23,0,40,40,55,55
41,2,2,0,30,40,60,55
41,3,25,0,30,35,70,55
41,4,9,0,25,35,70,60
41,5,26,0,20,35,70,65
41,6,47,0,45,35,70,65
41,7,11,1,50,35,70,65
41,8,39,0,43,40,70,65
41,9,10,1,63,40,60,65
41,10,20,0,58,40,75,65
41,11,14,1,58,45,75,65
41,12,13,1,63,50,75,65
41,13,24,0,58,50,80,65
41,14,27,1,58,55,75,65
41,15,1,0,68,55,60,65
41,16,38,0,63,60,60,65
41,17,37,1,73,60,60,65
41,18,23,1,83,60,55,65
41,19,3,1,76,60,55,70
41,20,18,1,86,60,55,70
41,21,46,0,79,60,55,75
41,22,11,1,84,60,55,75
41,23,47,0,109,60,55,75
41,24,26,0,104,60,55,80
41,25,10,1,124,60,45,80
41,26,5,0,119,60,50,80
41,27,29,1,119,75,30,80
41,28,30,0,119,75,20,90
41,29,16,1,119,75,10,90
41,30,43,1,119,75,15,75
41,31,3,1,112,75,15,80
41,32,37,1,122,75,15,80
41,33,40,0,122,85,5,80
41,34,25,0,122,80,15,80
41,35,1,1,114,80,20,80
41,36,4,0,99,85,20,80
41,37,15,0,119,80,20,80
41,38,26,0,114,80,20,85
41,39,13,0,114,80,20,90
41,40,27,1,114,85,15,90
41,41,12,0,109,95,15,90
41,42,36,0,109,90,15,92
41,43,5,0,104,90,20,92
41,44,6,1,96,90,20,97
41,45,45,0,96,90,20,102
41,46,3,0,111,90,15,102
41,47,22,1,111,95,5,102
41,48,47,1,111,95,5,117
41,49,25,1,111,100,-5,117
41,50,37,0,99,110,-5,117
41,51,12,0,94,120,-5,117
41,52,26,0,89,120,-5,122
41,53,23,0,84,110,-5,127
41,54,10,1,104,110,-15,127
41,55,2,1,109,110,-25,127
41,56,1,0,119,110,-40,127
41,57,13,0,119,110,-40,132
41,58,14,1,119,115,-40,132
41,59,38,0,114,120,-40,132
41,60,11,1,119,120,-40,132
41,61,5,1,124,120,-50,132
41,62,36,0,124,115,-50,134
41,63,6,0,134,115,-55,134
41,64,20,0,129,115,-40,134
41,65,19,1,144,115,-40,134
41,66,25,1,144,120,-50,134
41,67,4,0,129,125,-50,134
41,68,1,0,139,125,-65,134
41,69,44,1,144,125,-65,134
41,70,23,0,139,115,-65,139
41,71,24,0,134,115,-60,139
41,72,28,0,124,115,-50,139
41,73,2,1,129,115,-60,139
41,74,5,0,124,115,-55,139
41,75,29,1,124,130,-75,139
41,76,9,1,129,130,-75,139
41,77,36,1,129,135,-75,134
41,78,43,0,149,135,-85,134
41,79,11,1,154,135,-85,134
41,80,10,0,149,140,-85,134
41,81,1,1,141,140,-80,134
41,82,22,1,141,145,-90,134
41,83,12,0,136,155,-90,134
41,84,46,0,129,155,-90,139
41,85,25,1,129,160,-100,139
41,86,3,0,144,160,-105,139
41,87,20,0,139,160,-90,139
41,88,18,1,149,160,-90,139
41,89,38,1,154,160,-90,139
41,90,26,1,164,160,-95,139
41,91,23,1,174,160,-100,139
41,92,10,0,169,165,-100,139
41,93,24,0,164,165,-95,139
41,94,47,0,189,165,-95,139
41,95,27,0,199,150,-95,139
41,96,28,0,189,150,-85,139
41,97,37,0,177,160,-85,139
41,98,14,1,177,165,-85,139
41,99,13,0,177,165,-85,144
42,0,10,0,45,55,50,50
42,1,25,1,45,60,40,50
42,2,14,0,45,60,40,55
42,3,6,1,37,60,40,60
42,4,29,1,37,75,20,60
42,5,15,1,37,80,20,60
42,6,30,0,37,80,10,70
42,7,1,0,47,80,-5,70
42,8,7,1,52,80,-5,65
42,9,2,1,57,80,-15,65
42,10,16,0,47,85,-15,65
42,11,22,0,42,85,-10,65
42,12,47,1,42,85,-10,80
42,13,12,1,47,85,-10,80
42,14,11,1,52,85,-10,80
42,15,15,1,52,90,-10,80
42,16,26,1,62,90,-15,80
42,17,14,1,62,95,-15,80
42,18,23,0,57,85,-15,85
42,19,13,1,62,90,-15,85
42,20,27,1,62,95,-20,85
42,21,25,0,62,90,-10,85
42,22,6,1,54,90,-10,90
42,23,39,1,59,90,-10,85
42,24,24,1,64,90,-10,85
42,25,2,1,69,90,-20,85
42,26,48,1,69,95,-20,75
42,27,5,1,74,95,-30,75
42,28,10,0,69,100,-30,75
42,29,1,1,61,100,-25,75
42,30,36,0,61,95,-25,77
42,31,26,0,56,95,-25,82
42,32,16,0,46,100,-25,82
42,33,47,0,71,100,-25,82
42,34,43,0,91,100,-35,82
42,35,13,0,91,100,-35,87
42,36,11,1,96,100,-35,87
42,37,15,1,96,105,-35,87
42,38,14,0,96,105,-35,92
42,39,20,0,91,105,-20,92
42,40,17,1,76,105,-10,92
42,41,23,1,86,105,-15,92
42,42,5,1,91,105,-25,92
42,43,16,0,81,110,-25,92
42,44,29,1,81,125,-45,92
42,45,8,1,71,125,-45,97
42,46,6,0,81,125,-50,97
42,47,39,0,74,130,-50,97
42,48,41,0,64,140,-50,97
42,49,21,1,64,145,-65,97
42,50,40,1,64,135,-55,97
42,51,45,1,64,140,-55,97
42,52,7,0,49,145,-55,97
42,53,9,1,54,145,-55,97
42,54,38,1,59,145,-55,97
42,55,37,1,69,145,-55,97
42,56,26,1,79,145,-60,97
42,57,2,0,69,145,-55,97
42,58,1,1,61,145,-50,97
42,59,11,0,56,145,-50,99
42,60,28,1,66,145,-50,99
42,61,22,1,66,150,-60,99
42,62,47,0,91,150,-60,99
42,63,41,0,81,160,-60,99
42,64,16,0,71,165,-60,99
42,65,46,1,76,165,-60,94
42,66,36,1,76,170,-60,89
42,67,4,1,86,170,-60,84
42,68,15,1,86,175,-60,84
42,69,11,1,91,175,-60,84
42,70,45,0,91,175,-60,89
42,71,37,0,79,185,-60,89
42,72,21,1,79,190,-75,89
42,73,17,1,64,190,-65,89
42,74,12,0,59,200,-65,89
42,75,39,1,64,200,-65,84
42,76,16,0,54,205,-65,84
42,77,24,0,49,205,-60,84
42,78,42,0,41,205,-60,94
42,79,4,0,26,210,-60,94
42,80,23,1,36,210,-65,94
42,81,46,1,41,210,-65,89
42,82,22,0,36,210,-60,89
42,83,1,0,46,210,-75,89
42,84,11,1,51,210,-75,89
42,85,44,1,56,210,-75,89
42,86,7,0,41,215,-75,89
42,87,47,1,41,215,-75,104
42,88,2,0,31,215,-70,104
42,89,16,1,31,215,-80,104
42,90,12,0,26,225,-80,104
42,91,13,1,31,230,-80,104
42,92,38,0,26,235,-80,104
42,93,45,0,26,235,-80,109
42,94,10,0,21,240,-80,109
42,95,41,0,11,250,-80,109
42,96,4,1,21,250,-80,104
42,97,23,1,31,250,-85,104
42,98,22,0,26,250,-80,104
42,99,14,0,26,250,-80,109
43,0,21,1,50,55,35,50
43,1,16,0,40,60,35,50
43,2,13,0,40,60,35,55
43,3,26,1,50,60,30,55
43,4,1,0,60,60,15,55
43,5,23,0,55,50,15,60
43,6,25,1,55,55,5,60
43,7,4,0,40,60,5,60
43,8,14,0,40,60,5,65
43,9,42,0,32,60,5,75
43,10,37,0,20,70,5,75
43,11,47,0,45,70,5,75
43,12,46,1,50,70,5,70
43,13,12,1,55,70,5,70
43,14,27,0,65,55,5,70
43,15,20,0,60,55,20,70
43,16,24,1,65,55,20,70
43,17,11,0,60,55,20,72
43,18,29,1,60,70,0,72
43,19,5,0,55,70,5,72
43,20,40,0,55,80,-5,72
43,21,7,0,40,85,-5,72
43,22,15,0,60,80,-5,72
43,23,23,1,70,80,-10,72
43,24,4,0,55,85,-10,72
43,25,13,1,60,90,-10,72
43,26,14,0,60,90,-10,77
43,27,48,1,60,95,-10,67
43,28,21,1,60,100,-25,67
43,29,46,0,53,100,-25,72
43,30,26,0,48,100,-25,77
43,31,25,0,48,95,-15,77
43,32,17,1,33,95,-5,77
43,33,20,1,33,100,-20,77
43,34,2,0,23,100,-15,77
43,35,36,1,23,105,-15,72
43,36,16,1,23,105,-25,72
43,37,22,0,18,105,-20,72
43,38,12,0,13,115,-20,72
43,39,40,1,13,105,-10,72
43,40,10,1,33,105,-20,72
43,41,47,0,58,105,-20,72
43,42,4,0,43,110,-20,72
43,43,23,0,38,100,-20,77
43,44,5,1,43,100,-30,77
43,45,8,0,43,105,-40,77
43,46,14,0,43,105,-40,82
43,47,28,1,53,105,-40,82
43,48,9,1,58,105,-40,82
43,49,46,0,51,105,-40,87
43,50,30,0,51,105,-50,97
43,51,25,1,51,110,-60,97
43,52,36,0,51,105,-60,99
43,53,26,1,61,105,-65,99
43,54,21,0,56,105,-50,99
43,55,2,1,61,105,-60,99
43,56,4,0,46,110,-60,99
43,57,3,0,61,110,-65,99
43,58,13,1,66,115,-65,99
43,59,23,0,61,105,-65,104
43,60,29,1,61,120,-85,104
43,61,43,1,61,120,-80,89
43,62,8,0,61,125,-90,89
43,63,1,1,53,125,-85,89
43,64,10,1,73,125,-95,89
43,65,38,1,78,125,-95,89
43,66,24,0,73,125,-90,89
43,67,45,0,73,125,-90,94
43,68,46,0,66,125,-90,99
43,69,37,1,76,125,-90,99
43,70,39,1,81,125,-90,94
43,71,3,0,96,125,-95,94
43,72,6,1,88,125,-95,99
43,73,5,0,83,125,-90,99
43,74,28,1,93,125,-90,99
43,75,1,1,85,125,-85,99
43,76,41,0,75,135,-85,99
43,77,9,1,80,135,-85,99
43,78,24,0,75,135,-80,99
43,79,11,0,70,135,-80,101
43,80,16,1,70,135,-90,101
43,81,38,0,65,140,-90,101
43,82,27,1,65,145,-95,101
43,83,12,0,60,155,-95,101
43,84,45,1,60,160,-95,101
43,85,19,1,75,160,-95,101
43,86,13,1,80,165,-95,101
43,87,25,0,80,160,-85,101
43,88,10,0,75,165,-85,101
43,89,28,0,65,165,-75,101
43,90,41,0,55,175,-75,101
43,91,5,1,60,175,-85,101
43,92,9,1,65,175,-85,101
43,93,22,1,65,180,-95,101
43,94,21,0,60,180,-80,101
43,95,47,1,60,180,-80,116
43,96,29,1,60,195,-100,116
43,97,23,0,55,185,-100,121
43,98,2,0,45,185,-95,121
43,99,11,0,40,185,-95,123
44,0,15,0,70,45,50,50
44,1,24,1,75,45,50,50
44,2,9,1,80,45,50,50
44,3,23,0,75,35,50,55
44,4,27,1,75,40,45,55
44,5,36,1,75,45,45,50
44,6,22,0,70,45,50,50
44,7,30,1,70,45,60,50
44,8,10,1,90,45,50,50
44,9,26,1,100,45,45,50
44,10,15,1,100,50,45,50
44,11,29,1,100,65,25,50
44,12,40,1,100,55,35,50
44,13,5,1,105,55,25,50
44,14,38,0,100,60,25,50
44,15,4,1,110,60,25,45
44,16,21,0,105,60,40,45
44,17,12,0,100,70,40,45
44,18,42,0,92,70,40,55
44,19,7,1,97,70,40,50
44,20,20,1,97,75,25,50
44,21,1,0,107,75,10,50
44,22,47,0,132,75,10,50
44,23,26,0,127,75,10,55
44,24,28,1,137,75,10,55
44,25,14,1,137,80,10,55
44,26,43,0,157,80,0,55
44,27,41,0,147,90,0,55
44,28,16,0,137,95,0,55
44,29,44,0,137,95,10,60
44,30,4,1,147,95,10,55
44,31,2,0,137,95,15,55
44,32,5,1,142,95,5,55
44,33,22,0,137,95,10,55
44,34,45,1,137,100,10,55
44,35,3,1,130,100,10,60
44,36,48,1,130,105,10,50
44,37,20,0,125,105,25,50
44,38,11,0,120,105,25,52
44,39,23,0,115,95,25,57
44,40,25,0,115,90,35,57
44,41,13,1,120,95,35,57
44,42,38,1,125,95,35,57
44,43,18,0,100,95,35,67
44,44,8,0,100,100,25,67
44,45,26,1,110,100,20,67
44,46,27,0,120,85,20,67
44,47,2,1,125,85,10,67
44,48,1,1,117,85,15,67
44,49,37,1,127,85,15,67
44,50,5,0,122,85,20,67
44,51,19,1,137,85,20,67
44,52,23,1,147,85,15,67
44,53,15,1,147,90,15,67
44,54,10,0,142,95,15,67
44,55,14,0,142,95,15,72
44,56,11,1,147,95,15,72
44,57,20,1,147,100,0,72
44,58,12,0,142,110,0,72
44,59,29,1,142,125,-20,72
44,60,41,0,132,135,-20,72
44,61,25,0,132,130,-10,72
44,62,9,1,137,130,-10,72
44,63,4,1,147,130,-10,67
44,64,22,0,142,130,-5,67
44,65,17,0,122,140,-5,67
44,66,6,0,132,140,-10,67
44,67,24,0,127,140,-5,67
44,68,46,0,120,140,-5,72
44,69,26,0,115,140,-5,77
44,70,7,0,100,145,-5,77
44,71,11,1,105,145,-5,77
44,72,36,1,105,150,-5,72
44,73,40,0,105,160,-15,72
44,74,5,0,100,160,-10,72
44,75,13,0,100,160,-10,77
44,76,16,0,90,165,-10,77
44,77,2,0,80,165,-5,77
44,78,4,0,65,170,-5,77
44,79,22,0,60,170,0,77
44,80,14,0,60,170,0,82
44,81,26,1,70,170,-5,82
44,82,9,0,65,170,-5,87
44,83,12,0,60,180,-5,87
44,84,3,1,53,180,-5,92
44,85,7,0,38,185,-5,92
44,86,42,1,38,190,-5,92
44,87,11,1,43,190,-5,92
44,88,15,1,43,195,-5,92
44,89,24,1,48,195,-5,92
44,90,13,1,53,200,-5,92
44,91,44,0,53,200,5,97
44,92,5,1,58,200,-5,97
44,93,8,1,48,200,-5,102
44,94,17,0,28,210,-5,102
44,95,16,0,18,215,-5,102
44,96,22,1,18,220,-15,102
44,97,11,1,23,220,-15,102
44,98,4,1,33,220,-15,97
44,99,25,1,33,225,-25,97
45,0,40,0,50,60,40,50
45,1,41,0,40,70,40,50
45,2,15,1,40,75,40,50
45,3,39,0,33,80,40,50
45,4,48,1,33,85,40,40
45,5,36,0,33,80,40,42
45,6,37,0,21,90,40,42
45,7,1,0,31,90,25,42
45,8,7,1,36,90,25,37
45,9,10,0,31,95,25,37
45,10,5,0,26,95,30,37
45,11,16,0,16,100,30,37
45,12,23,1,26,100,25,37
45,13,14,1,26,105,25,37
45,14,4,1,36,105,25,32
45,15,11,0,31,105,25,34
45,16,9,1,36,105,25,34
45,17,2,1,41,105,15,34
45,18,3,0,56,105,10,34
45,19,30,0,56,105,0,44
45,20,15,1,56,110,0,44
45,21,16,0,46,115,0,44
45,22,37,0,34,125,0,44
45,23,6,0,44,125,-5,44
45,24,22,0,39,125,0,44
45,25,10,0,34,130,0,44
45,26,12,1,39,130,0,44
45,27,41,0,29,140,0,44
45,28,11,0,24,140,0,46
45,29,28,0,14,140,10,46
45,30,45,1,14,145,10,46
45,31,9,1,19,145,10,46
45,32,5,0,14,145,15,46
45,33,25,1,14,150,5,46
45,34,2,1,19,150,-5,46
45,35,18,0,-6,150,-5,56
45,36,42,1,-6,155,-5,56
45,37,24,0,-11,155,0,56
45,38,4,1,-1,155,0,51
45,39,26,1,9,155,-5,51
45,40,12,0,4,165,-5,51
45,41,1,0,14,165,-20,51
45,42,30,1,14,165,-10,51
45,43,11,1,19,165,-10,51
45,44,7,1,24,165,-10,46
45,45,44,0,24,165,0,51
45,46,22,0,19,165,5,51
45,47,16,1,19,165,-5,51
45,48,38,0,14,170,-5,51
45,49,21,1,14,175,-20,51
45,50,27,1,14,180,-25,51
45,51,10,0,9,185,-25,51
45,52,12,0,4,195,-25,51
45,53,15,0,24,190,-25,51
45,54,11,0,19,190,-25,53
45,55,2,0,9,190,-20,53
45,56,7,0,-6,195,-20,53
45,57,13,0,-6,195,-20,58
45,58,20,0,-11,195,-5,58
45,59,25,0,-11,190,5,58
45,60,44,0,-11,190,15,63
45,61,23,0,-16,180,15,68
45,62,45,0,-16,180,15,73
45,63,10,0,-21,185,15,73
45,64,1,1,-29,185,20,73
45,65,6,0,-19,185,15,73
45,66,43,1,-19,185,20,58
45,67,9,1,-14,185,20,58
45,68,39,0,-21,190,20,58
45,69,15,1,-21,195,20,58
45,70,26,1,-11,195,15,58
45,71,40,0,-11,205,5,58
45,72,22,1,-11,210,-5,58
45,73,2,1,-6,210,-15,58
45,74,10,1,14,210,-25,58
45,75,27,0,24,195,-25,58
45,76,16,0,14,200,-25,58
45,77,13,0,14,200,-25,63
45,78,28,1,24,200,-25,63
45,79,36,1,24,205,-25,58
45,80,25,0,24,200,-15,58
45,81,37,1,34,200,-15,58
45,82,6,0,44,200,-20,58
45,83,5,1,49,200,-30,58
45,84,39,0,42,205,-30,58
45,85,44,1,47,205,-30,58
45,86,14,0,47,205,-30,63
45,87,12,0,42,215,-30,63
45,88,40,1,42,205,-20,63
45,89,2,1,47,205,-30,63
45,90,41,0,37,215,-30,63
45,91,27,1,37,220,-35,63
45,92,42,0,29,220,-35,73
45,93,10,1,49,220,-45,73
45,94,15,0,69,215,-45,73
45,95,11,1,74,215,-45,73
45,96,24,0,69,215,-40,73
45,97,12,0,64,225,-40,73
45,98,14,0,64,225,-40,78
45,99,23,0,59,215,-40,83
46,0,38,1,55,50,50,50
46,1,17,1,40,50,60,50
46,2,36,0,40,45,60,52
46,3,18,0,15,45,60,62
46,4,23,0,10,35,60,67
46,5,16,0,0,40,60,67
46,6,25,0,0,35,70,67
46,7,10,0,-5,40,70,67
46,8,43,0,15,40,60,67
46,9,40,0,15,50,50,67
46,10,39,0,8,55,50,67
46,11,2,1,13,55,40,67
46,12,11,0,8,55,40,69
46,13,29,0,-2,55,45,69
46,14,9,1,3,55,45,69
46,15,15,1,3,60,45,69
46,16,5,0,-2,60,50,69
46,17,21,0,-7,60,65,69
46,18,10,1,13,60,55,69
46,19,38,1,18,60,55,69
46,20,14,1,18,65,55,69
46,21,25,1,18,70,45,69
46,22,6,0,28,70,40,69
46,23,24,1,33,70,40,69
46,24,4,1,43,70,40,64
46,25,20,0,38,70,55,64
46,26,2,1,43,70,45,64
46,27,15,0,63,65,45,64
46,28,42,1,63,70,45,64
46,29,44,0,63,70,55,69
46,30,16,0,53,75,55,69
46,31,22,1,53,80,45,69
46,32,43,0,73,80,35,69
46,33,12,0,68,90,35,69
46,34,38,0,63,95,35,69
46,35,28,1,73,95,35,69
46,36,18,1,83,95,35,69
46,37,1,1,75,95,40,69
46,38,24,1,80,95,40,69
46,39,8,0,80,100,30,69
46,40,11,0,75,100,30,71
46,41,10,0,70,105,30,71
46,42,15,0,90,100,30,71
46,43,27,0,100,85,30,71
46,44,5,0,95,85,35,71
46,45,23,0,90,75,35,76
46,46,4,1,100,75,35,71
46,47,7,1,105,75,35,66
46,48,20,1,105,80,20,66
46,49,42,0,97,80,20,76
46,50,38,1,102,80,20,76
46,51,6,0,112,80,15,76
46,52,24,1,117,80,15,76
46,53,1,1,109,80,20,76
46,54,26,0,104,80,20,81
46,55,16,0,94,85,20,81
46,56,22,1,94,90,10,81
46,57,14,0,94,90,10,86
46,58,3,1,87,90,10,91
46,59,17,1,72,90,20,91
46,60,15,0,92,85,20,91
46,61,10,0,87,90,20,91
46,62,40,1,87,80,30,91
46,63,8,0,87,85,20,91
46,64,39,0,80,90,20,91
46,65,18,0,55,90,20,101
46,66,42,1,55,95,20,101
46,67,24,1,60,95,20,101
46,68,25,0,60,90,30,101
46,69,38,0,55,95,30,101
46,70,13,1,60,100,30,101
46,71,22,0,55,100,35,101
46,72,9,1,60,100,35,101
46,73,15,1,60,105,35,101
46,74,21,1,60,110,20,101
46,75,27,1,60,115,15,101
46,76,5,1,65,115,5,101
46,77,26,0,60,115,5,106
46,78,12,0,55,125,5,106
46,79,4,0,40,130,5,106
46,80,17,0,20,140,5,106
46,81,40,0,20,150,-5,106
46,82,7,1,25,150,-5,101
46,83,2,1,30,150,-15,101
46,84,29,1,30,165,-35,101
46,85,13,1,35,170,-35,101
46,86,14,0,35,170,-35,106
46,87,46,0,28,170,-35,111
46,88,12,0,23,180,-35,111
46,89,41,0,13,190,-35,111
46,90,15,1,13,195,-35,111
46,91,26,1,23,195,-40,111
46,92,10,0,18,200,-40,111
46,93,45,1,18,205,-40,111
46,94,6,0,28,205,-45,111
46,95,20,0,23,205,-30,111
46,96,23,0,18,195,-30,116
46,97,9,1,23,195,-30,116
46,98,38,1,28,195,-30,116
46,99,4,0,13,200,-30,116
47,0,23,0,45,40,50,55
47,1,2,1,50,40,40,55
47,2,6,1,42,40,40,60
47,3,1,1,34,40,45,60
47,4,30,1,34,40,55,60
47,5,4,0,19,45,55,60
47,6,16,0,9,50,55,60
47,7,26,0,4,50,55,65
47,8,45,1,4,55,55,65
47,9,3,1,-3,55,55,70
47,10,15,1,-3,60,55,70
47,11,10,1,17,60,45,70
47,12,24,1,22,60,45,70
47,13,29,1,22,75,25,70
47,14,7,0,7,80,25,70
47,15,13,1,12,85,25,70
47,16,41,0,2,95,25,70
47,17,23,1,12,95,20,70
47,18,6,0,22,95,15,70
47,19,14,0,22,95,15,75
47,20,15,1,22,100,15,75
47,21,43,1,22,100,20,60
47,22,8,1,12,100,20,65
47,23,42,1,12,105,20,65
47,24,26,1,22,105,15,65
47,25,4,1,32,105,15,60
47,26,18,1,42,105,15,60
47,27,1,1,34,105,20,60
47,28,20,0,29,105,35,60
47,29,27,0,39,90,35,60
47,30,2,0,29,90,40,60
47,31,16,0,19,95,40,60
47,32,11,0,14,95,40,62
47,33,36,0,14,90,40,64
47,34,25,1,14,95,30,64
47,35,37,0,2,105,30,64
47,36,21,1,2,110,15,64
47,37,44,1,7,110,15,64
47,38,17,0,-13,120,15,64
47,39,43,0,7,120,5,64
47,40,46,1,12,120,5,59
47,41,5,0,7,120,10,59
47,42,40,0,7,130,0,59
47,43,26,0,2,130,0,64
47,44,1,1,-6,130,5,64
47,45,41,0,-16,140,5,64
47,46,11,1,-11,140,5,64
47,47,29,1,-11,155,-15,64
47,48,45,1,-11,160,-15,64
47,49,15,0,9,155,-15,64
47,50,38,1,14,155,-15,64
47,51,22,0,9,155,-10,64
47,52,4,1,19,155,-10,59
47,53,16,1,19,155,-20,59
47,54,3,1,12,155,-20,64
47,55,46,0,5,155,-20,69
47,56,2,1,10,155,-30,69
47,57,41,0,0,165,-30,69
47,58,26,0,-5,165,-30,74
47,59,9,1,0,165,-30,74
47,60,13,1,5,170,-30,74
47,61,12,1,10,170,-30,74
47,62,20,0,5,170,-15,74
47,63,16,0,-5,175,-15,74
47,64,24,0,-10,175,-10,74
47,65,4,1,0,175,-10,69
47,66,45,1,0,180,-10,69
47,67,23,1,10,180,-15,69
47,68,11,1,15,180,-15,69
47,69,6,1,7,180,-15,74
47,70,15,0,27,175,-15,74
47,71,36,1,27,180,-15,69
47,72,21,1,27,185,-30,69
47,73,5,0,22,185,-25,69
47,74,39,0,15,190,-25,69
47,75,42,0,7,190,-25,79
47,76,2,1,12,190,-35,79
47,77,44,1,17,190,-35,79
47,78,11,0,12,190,-35,81
47,79,24,0,7,190,-30,81
47,80,25,1,7,195,-40,81
47,81,48,0,-3,195,-40,86
47,82,38,1,2,195,-40,86
47,83,13,1,7,200,-40,86
47,84,16,0,-3,205,-40,86
47,85,5,0,-8,205,-35,86
47,86,18,1,2,205,-35,86
47,87,21,1,2,210,-50,86
47,88,9,0,-3,210,-50,91
47,89,28,0,-13,210,-40,91
47,90,22,1,-13,215,-50,91
47,91,7,0,-28,220,-50,91
47,92,12,0,-33,230,-50,91
47,93,1,1,-41,230,-45,91
47,94,47,1,-41,230,-45,106
47,95,14,0,-41,230,-45,111
47,96,24,0,-46,230,-40,111
47,97,10,1,-26,230,-50,111
47,98,39,1,-21,230,-50,106
47,99,16,0,-31,235,-50,106
48,0,15,0,70,45,50,50
48,1,8,1,60,45,50,55
48,2,5,1,65,45,40,55
48,3,12,1,70,45,40,55
48,4,23,1,80,45,35,55
48,5,1,0,90,45,20,55
48,6,29,1,90,60,0,55
48,7,16,0,80,65,0,55
48,8,2,0,70,65,5,55
48,9,37,0,58,75,5,55
48,10,26,1,68,75,0,55
48,11,38,1,73,75,0,55
48,12,28,0,63,75,10,55
48,13,43,1,63,75,15,40
48,14,20,0,58,75,30,40
48,15,10,0,53,80,30,40
48,16,44,0,53,80,40,45
48,17,9,0,48,80,40,50
48,18,36,1,48,85,40,45
48,19,11,0,43,85,40,47
48,20,4,0,28,90,40,47
48,21,13,1,33,95,40,47
48,22,22,1,33,100,30,47
48,23,24,1,38,100,30,47
48,24,23,0,33,90,30,52
48,25,29,1,33,105,10,52
48,26,15,1,33,110,10,52
48,27,46,1,38,110,10,47
48,28,37,0,26,120,10,47
48,29,6,1,18,120,10,52
48,30,30,0,18,120,0,62
48,31,12,0,13,130,0,62
48,32,39,1,18,130,0,57
48,33,2,0,8,130,5,57
48,34,9,0,3,130,5,62
48,35,26,1,13,130,0,62
48,36,36,1,13,135,0,57
48,37,24,1,18,135,0,57
48,38,11,1,23,135,0,57
48,39,16,0,13,140,0,57
48,40,25,1,13,145,-10,57
48,41,12,0,8,155,-10,57
48,42,15,1,8,160,-10,57
48,43,22,1,8,165,-20,57
48,44,1,0,18,165,-35,57
48,45,23,0,13,155,-35,62
48,46,20,1,13,160,-50,62
48,47,5,1,18,160,-60,62
48,48,48,1,18,165,-60,52
48,49,9,1,23,165,-60,52
48,50,3,1,16,165,-60,57
48,51,11,0,11,165,-60,59
48,52,13,0,11,165,-60,64
48,53,46,0,4,165,-60,69
48,54,44,1,9,165,-60,69
48,55,8,1,-1,165,-60,74
48,56,41,0,-11,175,-60,74
48,57,6,1,-19,175,-60,79
48,58,10,1,1,175,-70,79
48,59,45,1,1,180,-70,79
48,60,28,1,11,180,-70,79
48,61,14,1,11,185,-70,79
48,62,16,0,1,190,-70,79
48,63,20,1,1,195,-85,79
48,64,2,0,-9,195,-80,79
48,65,46,0,-16,195,-80,84
48,66,42,0,-24,195,-80,94
48,67,43,1,-24,195,-75,79
48,68,26,1,-14,195,-80,79
48,69,1,1,-22,195,-75,79
48,70,13,1,-17,200,-75,79
48,71,24,1,-12,200,-75,79
48,72,38,1,-7,200,-75,79
48,73,22,0,-12,200,-70,79
48,74,25,0,-12,195,-60,79
48,75,39,1,-7,195,-60,74
48,76,45,1,-7,200,-60,74
48,77,15,1,-7,205,-60,74
48,78,3,0,8,205,-65,74
48,79,27,0,18,190,-65,74
48,80,20,0,13,190,-50,74
48,81,1,1,5,190,-45,74
48,82,5,1,10,190,-55,74
48,83,2,0,0,190,-50,74
48,84,41,0,-10,200,-50,74
48,85,16,1,-10,200,-60,74
48,86,23,0,-15,190,-60,79
48,87,15,0,5,185,-60,79
48,88,6,1,-3,185,-60,84
48,89,8,0,-3,190,-70,84
48,90,4,1,7,190,-70,79
48,91,28,0,-3,190,-60,79
48,92,40,1,-3,180,-50,79
48,93,10,1,17,180,-60,79
48,94,25,1,17,185,-70,79
48,95,36,1,17,190,-70,74
48,96,42,0,9,190,-70,84
48,97,11,1,14,190,-70,84
48,98,23,1,24,190,-75,84
48,99,43,0,44,190,-85,84
49,0,43,1,50,50,55,35
49,1,14,1,50,55,55,35
49,2,41,0,40,65,55,35
49,3,39,1,45,65,55,30
49,4,24,0,40,65,60,30
49,5,5,0,35,65,65,30
49,6,13,1,40,70,65,30
49,7,11,0,35,70,65,32
49,8,9,0,30,70,65,37
49,9,6,0,40,70,60,37
49,10,15,1,40,75,60,37
49,11,23,0,35,65,60,42
49,12,30,0,35,65,50,52
49,13,41,1,40,55,50,52
49,14,25,1,40,60,40,52
49,15,2,1,45,60,30,52
49,16,27,1,45,65,25,52
49,17,8,0,45,70,15,52
49,18,1,0,55,70,0,52
49,19,10,1,75,70,-10,52
49,20,19,1,90,70,-10,52
49,21,16,1,90,70,-20,52
49,22,38,1,95,70,-20,52
49,23,29,1,95,85,-40,52
49,24,48,1,95,90,-40,42
49,25,4,0,80,95,-40,42
49,26,26,1,90,95,-45,42
49,27,23,0,85,85,-45,47
49,28,11,0,80,85,-45,49
49,29,8,0,80,90,-55,49
49,30,22,0,75,90,-50,49
49,31,16,1,75,90,-60,49
49,32,6,0,85,90,-65,49
49,33,1,1,77,90,-60,49
49,34,5,1,82,90,-70,49
49,35,42,0,74,90,-70,59
49,36,45,1,74,95,-70,59
49,37,27,1,74,100,-75,59
49,38,10,1,94,100,-85,59
49,39,25,0,94,95,-75,59
49,40,38,0,89,100,-75,59
49,41,9,0,84,100,-75,64
49,42,2,0,74,100,-70,64
49,43,4,1,84,100,-70,59
49,44,6,1,76,100,-70,64
49,45,16,0,66,105,-70,64
49,46,23,0,61,95,-70,69
49,47,13,1,66,100,-70,69
49,48,1,1,58,100,-65,69
49,49,41,1,63,90,-65,69
49,50,11,1,68,90,-65,69
49,51,21,0,63,90,-50,69
49,52,12,0,58,100,-50,69
49,53,26,0,53,100,-50,74
49,54,45,0,53,100,-50,79
49,55,37,0,41,110,-50,79
49,56,8,0,41,115,-60,79
49,57,38,0,36,120,-60,79
49,58,20,1,36,125,-75,79
49,59,44,1,41,125,-75,79
49,60,10,1,61,125,-85,79
49,61,28,0,51,125,-75,79
49,62,36,0,51,120,-75,81
49,63,14,1,51,125,-75,81
49,64,29,1,51,140,-95,81
49,65,25,0,51,135,-85,81
49,66,12,0,46,145,-85,81
49,67,46,1,51,145,-85,76
49,68,26,1,61,145,-90,76
49,69,27,0,71,130,-90,76
49,70,4,1,81,130,-90,71
49,71,9,0,76,130,-90,76
49,72,41,0,66,140,-90,76
49,73,23,1,76,140,-95,76
49,74,6,1,68,140,-95,81
49,75,10,1,88,140,-105,81
49,76,20,0,83,140,-90,81
49,77,13,0,83,140,-90,86
49,78,22,0,78,140,-85,86
49,79,47,0,103,140,-85,86
49,80,3,0,118,140,-90,86
49,81,12,1,123,140,-90,86
49,82,46,1,128,140,-90,81
49,83,36,0,128,135,-90,83
49,84,25,1,128,140,-100,83
49,85,41,1,133,130,-100,83
49,86,11,1,138,130,-100,83
49,87,10,1,158,130,-110,83
49,88,43,0,178,130,-120,83
49,89,4,0,163,135,-120,83
49,90,29,1,163,150,-140,83
49,91,42,1,163,155,-140,83
49,92,8,1,153,155,-140,88
49,93,7,0,138,160,-140,88
49,94,40,0,138,170,-150,88
49,95,45,0,138,170,-150,93
49,96,41,1,143,160,-150,93
49,97,10,1,163,160,-160,93
49,98,27,1,163,165,-165,93
49,99,44,1,168,165,-165,93
50,0,37,0,38,60,50,50
50,1,9,0,33,60,50,55
50,2,23,1,43,60,45,55
50,3,13,1,48,65,45,55
50,4,47,1,48,65,45,70
50,5,16,1,48,65,35,70
50,6,8,0,48,70,25,70
50,7,7,1,53,70,25,65
50,8,14,0,53,70,25,70
50,9,1,0,63,70,10,70
50,10,20,1,63,75,-5,70
50,11,5,0,58,75,0,70
50,12,41,0,48,85,0,70
50,13,2,0,38,85,5,70
50,14,10,1,58,85,-5,70
50,15,16,1,58,85,-15,70
50,16,38,1,63,85,-15,70
50,17,15,1,63,90,-15,70
50,18,9,1,68,90,-15,70
50,19,22,1,68,95,-25,70
50,20,23,0,63,85,-25,75
50,21,28,1,73,85,-25,75
50,22,13,1,78,90,-25,75
50,23,30,0,78,90,-35,85
50,24,36,0,78,85,-35,87
50,25,39,1,83,85,-35,82
50,26,40,1,83,75,-25,82
50,27,25,0,83,70,-15,82
50,28,19,0,63,70,-5,92
50,29,18,0,38,70,-5,102
50,30,20,0,33,70,10,102
50,31,44,1,38,70,10,102
50,32,15,0,58,65,10,102
50,33,11,1,63,65,10,102
50,34,12,0,58,75,10,102
50,35,23,0,53,65,10,107
50,36,37,0,41,75,10,107
50,37,45,1,41,80,10,107
50,38,17,0,21,90,10,107
50,39,5,1,26,90,0,107
50,40,41,1,31,80,0,107
50,41,7,1,36,80,0,102
50,42,40,1,36,70,10,102
50,43,2,0,26,70,15,102
50,44,3,0,41,70,10,102
50,45,1,0,51,70,-5,102
50,46,44,0,51,70,5,107
50,47,15,0,71,65,5,107
50,48,26,0,66,65,5,112
50,49,46,0,59,65,5,117
50,50,13,0,59,65,5,122
50,51,5,0,54,65,10,122
50,52,38,0,49,70,10,122
50,53,21,0,44,70,25,122
50,54,11,1,49,70,25,122
50,55,41,1,54,60,25,122
50,56,29,1,54,75,5,122
50,57,1,1,46,75,10,122
50,58,3,0,61,75,5,122
50,59,6,1,53,75,5,127
50,60,24,1,58,75,5,127
50,61,14,0,58,75,5,132
50,62,43,1,58,75,10,117
50,63,17,1,43,75,20,117
50,64,7,1,48,75,20,112
50,65,45,0,48,75,20,117
50,66,25,1,48,80,10,117
50,67,20,0,43,80,25,117
50,68,12,0,38,90,25,117
50,69,1,1,30,90,30,117
50,70,27,0,40,75,30,117
50,71,3,0,55,75,25,117
50,72,44,0,55,75,35,122
50,73,8,0,55,80,25,122
50,74,5,0,50,80,30,122
50,75,37,1,60,80,30,122
50,76,47,1,60,80,30,137
50,77,41,1,65,70,30,137
50,78,13,1,70,75,30,137
50,79,22,0,65,75,35,137
50,80,10,1,85,75,25,137
50,81,24,1,90,75,25,137
50,82,23,0,85,65,25,142
50,83,9,0,80,65,25,147
50,84,17,1,65,65,35,147
50,85,26,1,75,65,30,147
50,86,8,0,75,70,20,147
50,87,25,1,75,75,10,147
50,88,48,0,65,75,10,152
50,89,14,1,65,80,10,152
50,90,27,0,75,65,10,152
50,91,16,0,65,70,10,152
50,92,10,1,85,70,0,152
50,93,2,0,75,70,5,152
50,94,23,1,85,70,0,152
50,95,37,0,73,80,0,152
50,96,42,1,73,85,0,152
50,97,12,0,68,95,0,152
50,98,8,0,68,100,-10,152
50,99,11,0,63,100,-10,154
51,0,45,1,50,55,50,50
51,1,42,1,50,60,50,50
51,2,17,0,30,70,50,50
51,3,12,1,35,70,50,50
51,4,11,1,40,70,50,50
51,5,10,0,35,75,50,50
51,6,28,1,45,75,50,50
51,7,3,1,38,75,50,55
51,8,13,0,38,75,50,60
51,9,41,0,28,85,50,60
51,10,25,0,28,80,60,60
51,11,15,0,48,75,60,60
51,12,14,0,48,75,60,65
51,13,5,1,53,75,50,65
51,14,9,0,48,75,50,70
51,15,26,1,58,75,45,70
51,16,20,1,58,80,30,70
51,17,1,0,68,80,15,70
51,18,40,1,68,70,25,70
51,19,29,1,68,85,5,70
51,20,21,0,63,85,20,70
51,21,11,1,68,85,20,70
51,22,3,1,61,85,20,75
51,23,23,1,71,85,15,75
51,24,43,0,91,85,5,75
51,25,13,0,91,85,5,80
51,26,16,1,91,85,-5,80
51,27,10,1,111,85,-15,80
51,28,24,1,116,85,-15,80
51,29,38,0,111,90,-15,80
51,30,9,1,116,90,-15,80
51,31,25,0,116,85,-5,80
51,32,15,1,116,90,-5,80
51,33,2,0,106,90,0,80
51,34,17,0,86,100,0,80
51,35,1,1,78,100,5,80
51,36,5,0,73,100,10,80
51,37,16,0,63,105,10,80
51,38,20,0,58,105,25,80
51,39,40,0,58,115,15,80
51,40,13,1,63,120,15,80
51,41,42,0,55,120,15,90
51,42,23,0,50,110,15,95
51,43,10,1,70,110,5,95
51,44,11,0,65,110,5,97
51,45,38,1,70,110,5,97
51,46,24,1,75,110,5,97
51,47,39,0,68,115,5,97
51,48,12,1,73,115,5,97
51,49,27,0,83,100,5,97
51,50,26,0,78,100,5,102
51,51,14,0,78,100,5,107
51,52,15,1,78,105,5,107
51,53,41,0,68,115,5,107
51,54,2,0,58,115,10,107
51,55,1,0,68,115,-5,107
51,56,18,0,43,115,-5,117
51,57,36,0,43,110,-5,119
51,58,37,1,53,110,-5,119
51,59,13,1,58,115,-5,119
51,60,3,1,51,115,-5,124
51,61,22,1,51,120,-15,124
51,62,5,0,46,120,-10,124
51,63,25,1,46,125,-20,124
51,64,28,1,56,125,-20,124
51,65,8,1,46,125,-20,129
51,66,43,1,46,125,-15,114
51,67,44,1,51,125,-15,114
51,68,23,0,46,115,-15,119
51,69,42,0,38,115,-15,129
51,70,1,1,30,115,-10,129
51,71,45,1,30,120,-10,129
51,72,15,0,50,115,-10,129
51,73,37,1,60,115,-10,129
51,74,13,0,60,115,-10,134
51,75,27,0,70,100,-10,134
51,76,20,0,65,100,5,134
51,77,41,1,70,90,5,134
51,78,12,1,75,90,5,134
51,79,5,1,80,90,-5,134
51,80,3,1,73,90,-5,139
51,81,6,0,83,90,-10,139
51,82,16,1,83,90,-20,139
51,83,9,1,88,90,-20,139
51,84,1,1,80,90,-15,139
51,85,40,0,80,100,-25,139
51,86,2,0,70,100,-20,139
51,87,42,0,62,100,-20,149
51,88,19,1,77,100,-20,149
51,89,28,1,87,100,-20,149
51,90,21,0,82,100,-5,149
51,91,23,1,92,100,-10,149
51,92,22,0,87,100,-5,149
51,93,5,1,92,100,-15,149
51,94,3,1,85,100,-15,154
51,95,13,1,90,105,-15,154
51,96,44,0,90,105,-5,159
51,97,14,0,90,105,-5,164
51,98,4,0,75,110,-5,164
51,99,11,0,70,110,-5,166
52,0,15,0,70,45,50,50
52,1,6,0,80,45,45,50
52,2,23,1,90,45,40,50
52,3,45,0,90,45,40,55
52,4,10,0,85,50,40,55
52,5,46,0,78,50,40,60
52,6,1,1,70,50,45,60
52,7,48,1,70,55,45,50
52,8,30,0,70,55,35,60
52,9,5,0,65,55,40,60
52,10,25,1,65,60,30,60
52,11,16,1,65,60,20,60
52,12,12,0,60,70,20,60
52,13,28,1,70,70,20,60
52,14,6,1,62,70,20,65
52,15,20,0,57,70,35,65
52,16,11,1,62,70,35,65
52,17,23,0,57,60,35,70
52,18,22,0,52,60,40,70
52,19,46,1,57,60,40,65
52,20,2,1,62,60,30,65
52,21,1,1,54,60,35,65
52,22,3,0,69,60,30,65
52,23,14,1,69,65,30,65
52,24,25,1,69,70,20,65
52,25,39,1,74,70,20,60
52,26,7,1,79,70,20,55
52,27,41,0,69,80,20,55
52,28,18,0,44,80,20,65
52,29,10,1,64,80,10,65
52,30,11,1,69,80,10,65
52,31,15,0,89,75,10,65
52,32,4,1,99,75,10,60
52,33,13,1,104,80,10,60
52,34,12,1,109,80,10,60
52,35,3,0,124,80,5,60
52,36,44,1,129,80,5,60
52,37,9,0,124,80,5,65
52,38,41,1,129,70,5,65
52,39,16,0,119,75,5,65
52,40,8,0,119,80,-5,65
52,41,40,1,119,70,5,65
52,42,23,1,129,70,0,65
52,43,25,1,129,75,-10,65
52,44,42,0,121,75,-10,75
52,45,46,0,114,75,-10,80
52,46,15,0,134,70,-10,80
52,47,17,0,114,80,-10,80
52,48,24,1,119,80,-10,80
52,49,2,0,109,80,-5,80
52,50,13,0,109,80,-5,85
52,51,20,0,104,80,10,85
52,52,22,0,99,80,15,85
52,53,1,1,91,80,20,85
52,54,41,1,96,70,20,85
52,55,25,0,96,65,30,85
52,56,23,0,91,55,30,90
52,57,4,0,76,60,30,90
52,58,5,1,81,60,20,90
52,59,12,0,76,70,20,90
52,60,18,1,86,70,20,90
52,61,6,1,78,70,20,95
52,62,3,0,93,70,15,95
52,63,27,0,103,55,15,95
52,64,10,1,123,55,5,95
52,65,11,0,118,55,5,97
52,66,7,0,103,60,5,97
52,67,22,0,98,60,10,97
52,68,36,1,98,65,10,92
52,69,48,1,98,70,10,82
52,70,13,0,98,70,10,87
52,71,40,1,98,60,20,87
52,72,37,0,86,70,20,87
52,73,20,0,81,70,35,87
52,74,1,1,73,70,40,87
52,75,21,1,73,75,25,87
52,76,12,1,78,75,25,87
52,77,6,1,70,75,25,92
52,78,5,0,65,75,30,92
52,79,47,1,65,75,30,107
52,80,11,1,70,75,30,107
52,81,14,0,70,75,30,112
52,82,15,1,70,80,30,112
52,83,9,1,75,80,30,112
52,84,10,1,95,80,20,112
52,85,30,1,95,80,30,112
52,86,23,0,90,70,30,117
52,87,16,1,90,70,20,117
52,88,25,0,90,65,30,117
52,89,39,1,95,65,30,112
52,90,20,0,90,65,45,112
52,91,1,0,100,65,30,112
52,92,40,0,100,75,20,112
52,93,36,0,100,70,20,114
52,94,38,0,95,75,20,114
52,95,21,1,95,80,5,114
52,96,2,0,85,80,10,114
52,97,3,1,78,80,10,119
52,98,9,1,83,80,10,119
52,99,5,1,88,80,0,119
53,0,2,1,55,50,40,50
53,1,4,0,40,55,40,50
53,2,18,0,15,55,40,60
53,3,14,1,15,60,40,60
53,4,17,1,0,60,50,60
53,5,20,0,-5,60,65,60
53,6,26,0,-10,60,65,65
53,7,36,1,-10,65,65,60
53,8,16,0,-20,70,65,60
53,9,23,1,-10,70,60,60
53,10,22,0,-15,70,65,60
53,11,13,0,-15,70,65,65
53,12,1,1,-23,70,70,65
53,13,25,0,-23,65,80,65
53,14,12,1,-18,65,80,65
53,15,8,0,-18,70,70,65
53,16,5,0,-23,70,75,65
53,17,2,1,-18,70,65,65
53,18,26,1,-8,70,60,65
53,19,27,0,2,55,60,65
53,20,14,1,2,60,60,65
53,21,10,0,-3,65,60,65
53,22,47,1,-3,65,60,80
53,23,3,1,-10,65,60,85
53,24,9,1,-5,65,60,85
53,25,16,0,-15,70,60,85
53,26,17,1,-30,70,70,85
53,27,18,0,-55,70,70,95
53,28,39,1,-50,70,70,90
53,29,41,1,-45,60,70,90
53,30,45,0,-45,60,70,95
53,31,11,0,-50,60,70,97
53,32,5,0,-55,60,75,97
53,33,4,1,-45,60,75,92
53,34,14,0,-45,60,75,97
53,35,22,1,-45,65,65,97
53,36,15,0,-25,60,65,97
53,37,6,0,-15,60,60,97
53,38,25,0,-15,55,70,97
53,39,23,1,-5,55,65,97
53,40,13,0,-5,55,65,102
53,41,41,1,0,45,65,102
53,42,26,0,-5,45,65,107
53,43,29,0,-15,45,70,107
53,44,20,0,-20,45,85,107
53,45,27,1,-20,50,80,107
53,46,3,1,-27,50,80,112
53,47,1,0,-17,50,65,112
53,48,40,1,-17,40,75,112
53,49,8,1,-27,40,75,117
53,50,42,0,-35,40,75,127
53,51,6,0,-25,40,70,127
53,52,23,1,-15,40,65,127
53,53,41,1,-10,30,65,127
53,54,14,0,-10,30,65,132
53,55,21,1,-10,35,50,132
53,56,22,1,-10,40,40,132
53,57,15,1,-10,45,40,132
53,58,25,1,-10,50,30,132
53,59,39,1,-5,50,30,127
53,60,37,0,-17,60,30,127
53,61,29,1,-17,75,10,127
53,62,2,0,-27,75,15,127
53,63,20,0,-32,75,30,127
53,64,10,0,-37,80,30,127
53,65,28,1,-27,80,30,127
53,66,13,1,-22,85,30,127
53,67,26,1,-12,85,25,127
53,68,16,1,-12,85,15,127
53,69,11,1,-7,85,15,127
53,70,27,1,-7,90,10,127
53,71,4,1,3,90,10,122
53,72,5,0,-2,90,15,122
53,73,42,1,-2,95,15,122
53,74,17,0,-22,105,15,122
53,75,10,0,-27,110,15,122
53,76,39,0,-34,115,15,122
53,77,25,0,-34,110,25,122
53,78,45,0,-34,110,25,127
53,79,36,0,-34,105,25,129
53,80,2,1,-29,105,15,129
53,81,16,1,-29,105,5,129
53,82,24,1,-24,105,5,129
53,83,11,0,-29,105,5,131
53,84,12,0,-34,115,5,131
53,85,37,0,-46,125,5,131
53,86,41,0,-56,135,5,131
53,87,1,1,-64,135,10,131
53,88,47,0,-39,135,10,131
53,89,22,0,-44,135,15,131
53,90,13,0,-44,135,15,136
53,91,28,1,-34,135,15,136
53,92,16,1,-34,135,5,136
53,93,4,1,-24,135,5,131
53,94,14,0,-24,135,5,136
53,95,6,0,-14,135,0,136
53,96,48,0,-24,135,0,141
53,97,15,0,-4,130,0,141
53,98,25,0,-4,125,10,141
53,99,18,0,-29,125,10,151
54,0,8,0,50,55,40,50
54,1,9,1,55,55,40,50
54,2,48,0,45,55,40,55
54,3,1,0,55,55,25,55
54,4,7,0,40,60,25,55
54,5,5,0,35,60,30,55
54,6,37,0,23,70,30,55
54,7,22,0,18,70,35,55
54,8,26,1,28,70,30,55
54,9,3,1,21,70,30,60
54,10,23,0,16,60,30,65
54,11,14,0,16,60,30,70
54,12,36,1,16,65,30,65
54,13,2,1,21,65,20,65
54,14,20,1,21,70,5,65
54,15,6,1,13,70,5,70
54,16,19,0,-7,70,15,80
54,17,9,0,-12,70,15,85
54,18,5,1,-7,70,5,85
54,19,39,1,-2,70,5,80
54,20,13,0,-2,70,5,85
54,21,44,0,-2,70,15,90
54,22,1,1,-10,70,20,90
54,23,23,0,-15,60,20,95
54,24,11,1,-10,60,20,95
54,25,47,1,-10,60,20,110
54,26,15,0,10,55,20,110
54,27,27,0,20,40,20,110
54,28,36,0,20,35,20,112
54,29,41,1,25,25,20,112
54,30,5,0,20,25,25,112
54,31,26,1,30,25,20,112
54,32,29,1,30,40,0,112
54,33,38,1,35,40,0,112
54,34,28,0,25,40,10,112
54,35,20,0,20,40,25,112
54,36,9,0,15,40,25,117
54,37,21,0,10,40,40,117
54,38,11,1,15,40,40,117
54,39,45,0,15,40,40,122
54,40,39,1,20,40,40,117
54,41,43,0,40,40,30,117
54,42,5,1,45,40,20,117
54,43,25,0,45,35,30,117
54,44,1,1,37,35,35,117
54,45,40,1,37,25,45,117
54,46,13,0,37,25,45,122
54,47,42,1,37,30,45,122
54,48,4,0,22,35,45,122
54,49,26,0,17,35,45,127
54,50,15,1,17,40,45,127
54,51,11,0,12,40,45,129
54,52,8,0,12,45,35,129
54,53,22,0,7,45,40,129
54,54,12,0,2,55,40,129
54,55,37,1,12,55,40,129
54,56,14,0,12,55,40,134
54,57,18,0,-13,55,40,144
54,58,41,1,-8,45,40,144
54,59,23,0,-13,35,40,149
54,60,9,1,-8,35,40,149
54,61,3,0,7,35,35,149
54,62,28,0,-3,35,45,149
54,63,1,0,7,35,30,149
54,64,7,0,-8,40,30,149
54,65,29,0,-18,40,35,149
54,66,8,0,-18,45,25,149
54,67,47,1,-18,45,25,164
54,68,22,0,-23,45,30,164
54,69,21,1,-23,50,15,164
54,70,41,0,-33,60,15,164
54,71,23,1,-23,60,10,164
54,72,11,1,-18,60,10,164
54,73,15,0,2,55,10,164
54,74,12,0,-3,65,10,164
54,75,1,1,-11,65,15,164
54,76,25,1,-11,70,5,164
54,77,42,0,-19,70,5,174
54,78,39,0,-26,75,5,174
54,79,28,1,-16,75,5,174
54,80,5,0,-21,75,10,174
54,81,16,1,-21,75,0,174
54,82,8,0,-21,80,-10,174
54,83,11,1,-16,80,-10,174
54,84,7,1,-11,80,-10,169
54,85,23,0,-16,70,-10,174
54,86,24,1,-11,70,-10,174
54,87,43,0,9,70,-20,174
54,88,40,0,9,80,-30,174
54,89,1,1,1,80,-25,174
54,90,2,0,-9,80,-20,174
54,91,13,0,-9,80,-20,179
54,92,25,1,-9,85,-30,179
54,93,18,0,-34,85,-30,189
54,94,3,0,-19,85,-35,189
54,95,21,1,-19,90,-50,189
54,96,5,0,-24,90,-45,189
54,97,12,0,-29,100,-45,189
54,98,11,1,-24,100,-45,189
54,99,15,0,-4,95,-45,189
55,0,5,0,45,50,55,50
55,1,20,0,40,50,70,50
55,2,45,0,40,50,70,55
55,3,37,1,50,50,70,55
55,4,24,0,45,50,75,55
55,5,11,1,50,50,75,55
55,6,36,1,50,55,75,50
55,7,16,1,50,55,65,50
55,8,12,1,55,55,65,50
55,9,38,1,60,55,65,50
55,10,1,1,52,55,70,50
55,11,18,0,27,55,70,60
55,12,5,1,32,55,60,60
55,13,4,0,17,60,60,60
55,14,26,0,12,60,60,65
55,15,22,1,12,65,50,65
55,16,48,1,12,70,50,55
55,17,28,1,22,70,50,55
55,18,9,0,17,70,50,60
55,19,15,1,17,75,50,60
55,20,23,1,27,75,45,60
55,21,7,0,12,80,45,60
55,22,41,1,17,70,45,60
55,23,25,0,17,65,55,60
55,24,46,0,10,65,55,65
55,25,1,0,20,65,40,65
55,26,8,0,20,70,30,65
55,27,11,0,15,70,30,67
55,28,38,1,20,70,30,67
55,29,6,1,12,70,30,72
55,30,26,0,7,70,30,77
55,31,20,0,2,70,45,77
55,32,4,1,12,70,45,72
55,33,17,1,-3,70,55,72
55,34,18,1,7,70,55,72
55,35,41,1,12,60,55,72
55,36,30,1,12,60,65,72
55,37,23,1,22,60,60,72
55,38,14,0,22,60,60,77
55,39,29,1,22,75,40,77
55,40,27,1,22,80,35,77
55,41,2,0,12,80,40,77
55,42,15,1,12,85,40,77
55,43,13,0,12,85,40,82
55,44,1,1,4,85,45,82
55,45,5,1,9,85,35,82
55,46,11,1,14,85,35,82
55,47,19,1,29,85,35,82
55,48,6,0,39,85,30,82
55,49,12,0,34,95,30,82
55,50,48,0,24,95,30,87
55,51,44,0,24,95,40,92
55,52,22,1,24,100,30,92
55,53,45,1,24,105,30,92
55,54,27,1,24,110,25,92
55,55,43,0,44,110,15,92
55,56,46,1,49,110,15,87
55,57,41,0,39,120,15,87
55,58,7,0,24,125,15,87
55,59,4,1,34,125,15,82
55,60,5,0,29,125,20,82
55,61,13,0,29,125,20,87
55,62,10,1,49,125,10,87
55,63,36,1,49,130,10,82
55,64,23,1,59,130,5,82
55,65,6,1,51,130,5,87
55,66,39,1,56,130,5,82
55,67,16,1,56,130,-5,82
55,68,27,1,56,135,-10,82
55,69,12,1,61,135,-10,82
55,70,41,1,66,125,-10,82
55,71,4,1,76,125,-10,77
55,72,5,1,81,125,-20,77
55,73,25,0,81,120,-10,77
55,74,48,1,81,125,-10,67
55,75,17,0,61,135,-10,67
55,76,9,0,56,135,-10,72
55,77,42,1,56,140,-10,72
55,78,16,1,56,140,-20,72
55,79,36,1,56,145,-20,67
55,80,11,0,51,145,-20,69
55,81,38,0,46,150,-20,69
55,82,23,0,41,140,-20,74
55,83,29,0,31,140,-15,74
55,84,24,1,36,140,-15,74
55,85,10,0,31,145,-15,74
55,86,12,1,36,145,-15,74
55,87,22,0,31,145,-10,74
55,88,15,0,51,140,-10,74
55,89,3,0,66,140,-15,74
55,90,20,1,66,145,-30,74
55,91,4,0,51,150,-30,74
55,92,40,0,51,160,-40,74
55,93,27,0,61,145,-40,74
55,94,9,0,56,145,-40,79
55,95,41,1,61,135,-40,79
55,96,10,0,56,140,-40,79
55,97,30,1,56,140,-30,79
55,98,7,1,61,140,-30,74
55,99,11,1,66,140,-30,74
56,0,46,1,55,50,50,45
56,1,9,1,60,50,50,45
56,2,1,0,70,50,35,45
56,3,28,1,80,50,35,45
56,4,10,0,75,55,35,45
56,5,11,0,70,55,35,47
56,6,12,0,65,65,35,47
56,7,3,1,58,65,35,52
56,8,20,0,53,65,50,52
56,9,16,0,43,70,50,52
56,10,5,1,48,70,40,52
56,11,25,0,48,65,50,52
56,12,41,1,53,55,50,52
56,13,13,1,58,60,50,52
56,14,2,0,48,60,55,52
56,15,15,0,68,55,55,52
56,16,23,1,78,55,50,52
56,17,22,0,73,55,55,52
56,18,9,1,78,55,55,52
56,19,3,1,71,55,55,57
56,20,12,1,76,55,55,57
56,21,16,1,76,55,45,57
56,22,28,0,66,55,55,57
56,23,8,0,66,60,45,57
56,24,26,1,76,60,40,57
56,25,14,0,76,60,40,62
56,26,25,1,76,65,30,62
56,27,41,1,81,55,30,62
56,28,11,1,86,55,30,62
56,29,40,1,86,45,40,62
56,30,46,1,91,45,40,57
56,31,15,1,91,50,40,57
56,32,1,0,101,50,25,57
56,33,39,0,94,55,25,57
56,34,9,1,99,55,25,57
56,35,47,1,99,55,25,72
56,36,22,1,99,60,15,72
56,37,45,0,99,60,15,77
56,38,2,1,104,60,5,77
56,39,38,0,99,65,5,77
56,40,12,1,104,65,5,77
56,41,43,0,124,65,-5,77
56,42,46,0,117,65,-5,82
56,43,8,1,107,65,-5,87
56,44,20,1,107,70,-20,87
56,45,3,1,100,70,-20,92
56,46,10,1,120,70,-30,92
56,47,42,0,112,70,-30,102
56,48,15,1,112,75,-30,102
56,49,36,0,112,70,-30,104
56,50,19,0,92,70,-20,114
56,51,11,1,97,70,-20,114
56,52,29,0,87,70,-15,114
56,53,27,0,97,55,-15,114
56,54,9,1,102,55,-15,114
56,55,45,1,102,60,-15,114
56,56,41,1,107,50,-15,114
56,57,40,0,107,60,-25,114
56,58,13,0,107,60,-25,119
56,59,47,1,107,60,-25,134
56,60,37,0,95,70,-25,134
56,61,26,1,105,70,-30,134
56,62,16,0,95,75,-30,134
56,63,48,1,95,80,-30,124
56,64,24,0,90,80,-25,124
56,65,17,0,70,90,-25,124
56,66,20,1,70,95,-40,124
56,67,3,0,85,95,-45,124
56,68,22,0,80,95,-40,124
56,69,2,0,70,95,-35,124
56,70,15,0,90,90,-35,124
56,71,11,0,85,90,-35,126
56,72,6,1,77,90,-35,131
56,73,13,0,77,90,-35,136
56,74,14,0,77,90,-35,141
56,75,25,0,77,85,-25,141
56,76,24,0,72,85,-20,141
56,77,1,0,82,85,-35,141
56,78,37,0,70,95,-35,141
56,79,45,0,70,95,-35,146
56,80,3,1,63,95,-35,151
56,81,46,1,68,95,-35,146
56,82,42,1,68,100,-35,146
56,83,9,0,63,100,-35,151
56,84,5,0,58,100,-30,151
56,85,18,0,33,100,-30,161
56,86,39,1,38,100,-30,156
56,87,27,0,48,85,-30,156
56,88,28,0,38,85,-20,156
56,89,24,1,43,85,-20,156
56,90,41,1,48,75,-20,156
56,91,20,0,43,75,-5,156
56,92,3,1,36,75,-5,161
56,93,21,1,36,80,-20,161
56,94,17,1,21,80,-10,161
56,95,11,1,26,80,-10,161
56,96,22,1,26,85,-20,161
56,97,15,1,26,90,-20,161
56,98,38,0,21,95,-20,161
56,99,26,0,16,95,-20,166
57,0,2,1,55,50,40,50
57,1,36,0,55,45,40,52
57,2,22,1,55,50,30,52
57,3,26,0,50,50,30,57
57,4,8,0,50,55,20,57
57,5,5,1,55,55,10,57
57,6,48,0,45,55,10,62
57,7,46,1,50,55,10,57
57,8,23,1,60,55,5,57
57,9,10,1,80,55,-5,57
57,10,24,1,85,55,-5,57
57,11,9,1,90,55,-5,57
57,12,25,1,90,60,-15,57
57,13,1,0,100,60,-30,57
57,14,45,1,100,65,-30,57
57,15,17,0,80,75,-30,57
57,16,14,0,80,75,-30,62
57,17,11,1,85,75,-30,62
57,18,40,0,85,85,-40,62
57,19,26,1,95,85,-45,62
57,20,22,1,95,90,-55,62
57,21,12,1,100,90,-55,62
57,22,41,1,105,80,-55,62
57,23,36,0,105,75,-55,64
57,24,2,1,110,75,-65,64
57,25,38,1,115,75,-65,64
57,26,7,1,120,75,-65,59
57,27,24,0,115,75,-60,59
57,28,16,0,105,80,-60,59
57,29,46,1,110,80,-60,54
57,30,25,0,110,75,-50,54
57,31,29,1,110,90,-70,54
57,32,15,1,110,95,-70,54
57,33,20,1,110,100,-85,54
57,34,4,0,95,105,-85,54
57,35,26,0,90,105,-85,59
57,36,37,1,100,105,-85,59
57,37,10,0,95,110,-85,59
57,38,41,0,85,120,-85,59
57,39,47,1,85,120,-85,74
57,40,7,0,70,125,-85,74
57,41,39,1,75,125,-85,69
57,42,21,1,75,130,-100,69
57,43,45,1,75,135,-100,69
57,44,36,1,75,140,-100,64
57,45,44,1,80,140,-100,64
57,46,11,0,75,140,-100,66
57,47,26,0,70,140,-100,71
57,48,3,1,63,140,-100,76
57,49,28,1,73,140,-100,76
57,50,8,1,63,140,-100,81
57,51,4,0,48,145,-100,81
57,52,2,0,38,145,-95,81
57,53,17,1,23,145,-85,81
57,54,46,0,16,145,-85,86
57,55,14,1,16,150,-85,86
57,56,41,0,6,160,-85,86
57,57,20,1,6,165,-100,86
57,58,6,0,16,165,-105,86
57,59,16,0,6,170,-105,86
57,60,5,0,1,170,-100,86
57,61,43,0,21,170,-110,86
57,62,3,1,14,170,-110,91
57,63,11,0,9,170,-110,93
57,64,26,1,19,170,-115,93
57,65,42,0,11,170,-115,103
57,66,38,1,16,170,-115,103
57,67,2,0,6,170,-110,103
57,68,44,1,11,170,-110,103
57,69,12,0,6,180,-110,103
57,70,15,0,26,175,-110,103
57,71,46,1,31,175,-110,98
57,72,28,0,21,175,-100,98
57,73,17,1,6,175,-90,98
57,74,5,1,11,175,-100,98
57,75,19,0,-9,175,-90,108
57,76,16,1,-9,175,-100,108
57,77,4,1,1,175,-100,103
57,78,8,1,-9,175,-100,108
57,79,10,1,11,175,-110,108
57,80,40,0,11,185,-120,108
57,81,22,1,11,190,-130,108
57,82,23,0,6,180,-130,113
57,83,15,0,26,175,-130,113
57,84,25,1,26,180,-140,113
57,85,12,1,31,180,-140,113
57,86,44,1,36,180,-140,113
57,87,16,0,26,185,-140,113
57,88,38,1,31,185,-140,113
57,89,41,1,36,175,-140,113
57,90,37,1,46,175,-140,113
57,91,26,1,56,175,-145,113
57,92,4,0,41,180,-145,113
57,93,39,1,46,180,-145,108
57,94,1,1,38,180,-140,108
57,95,21,0,33,180,-125,108
57,96,43,0,53,180,-135,108
57,97,20,1,53,185,-150,108
57,98,22,0,48,185,-145,108
57,99,11,0,43,185,-145,110
58,0,42,0,42,50,50,60
58,1,1,1,34,50,55,60
58,2,20,0,29,50,70,60
58,3,23,0,24,40,70,65
58,4,45,1,24,45,70,65
58,5,38,1,29,45,70,65
58,6,9,1,34,45,70,65
58,7,3,0,49,45,65,65
58,8,39,0,42,50,65,65
58,9,16,0,32,55,65,65
58,10,10,0,27,60,65,65
58,11,11,0,22,60,65,67
58,12,15,1,22,65,65,67
58,13,5,0,17,65,70,67
58,14,40,0,17,75,60,67
58,15,12,1,22,75,60,67
58,16,25,1,22,80,50,67
58,17,27,1,22,85,45,67
58,18,20,1,22,90,30,67
58,19,26,1,32,90,25,67
58,20,1,1,24,90,30,67
58,21,45,1,24,95,30,67
58,22,44,1,29,95,30,67
58,23,11,0,24,95,30,69
58,24,6,0,34,95,25,69
58,25,18,0,9,95,25,79
58,26,5,0,4,95,30,79
58,27,4,1,14,95,30,74
58,28,8,0,14,100,20,74
58,29,25,0,14,95,30,74
58,30,46,1,19,95,30,69
58,31,40,0,19,105,20,69
58,32,2,0,9,105,25,69
58,33,24,0,4,105,30,69
58,34,3,0,19,105,25,69
58,35,26,1,29,105,20,69
58,36,9,0,24,105,20,74
58,37,1,0,34,105,5,74
58,38,29,0,24,105,10,74
58,39,38,1,29,105,10,74
58,40,12,1,34,105,10,74
58,41,15,1,34,110,10,74
58,42,30,1,34,110,20,74
58,43,8,0,34,115,10,74
58,44,45,1,34,120,10,74
58,45,20,1,34,125,-5,74
58,46,39,1,39,125,-5,69
58,47,23,1,49,125,-10,69
58,48,41,0,39,135,-10,69
58,49,43,1,39,135,-5,54
58,50,5,0,34,135,0,54
58,51,3,0,49,135,-5,54
58,52,27,0,59,120,-5,54
58,53,42,1,59,125,-5,54
58,54,16,1,59,125,-15,54
58,55,26,0,54,125,-15,59
58,56,2,1,59,125,-25,59
58,57,15,0,79,120,-25,59
58,58,9,1,84,120,-25,59
58,59,18,0,59,120,-25,69
58,60,14,0,59,120,-25,74
58,61,4,1,69,120,-25,69
58,62,39,1,74,120,-25,64
58,63,8,0,74,125,-35,64
58,64,44,0,74,125,-25,69
58,65,40,0,74,135,-35,69
58,66,22,1,74,140,-45,69
58,67,12,0,69,150,-45,69
58,68,25,1,69,155,-55,69
58,69,23,0,64,145,-55,74
58,70,42,0,56,145,-55,84
58,71,29,1,56,160,-75,84
58,72,20,1,56,165,-90,84
58,73,3,1,49,165,-90,89
58,74,28,1,59,165,-90,89
58,75,21,1,59,170,-105,89
58,76,41,1,64,160,-105,89
58,77,1,1,56,160,-100,89
58,78,12,1,61,160,-100,89
58,79,37,1,71,160,-100,89
58,80,5,1,76,160,-110,89
58,81,11,1,81,160,-110,89
58,82,10,0,76,165,-110,89
58,83,13,1,81,170,-110,89
58,84,22,0,76,170,-105,89
58,85,24,0,71,170,-100,89
58,86,15,0,91,165,-100,89
58,87,25,0,91,160,-90,89
58,88,7,1,96,160,-90,84
58,89,9,0,91,160,-90,89
58,90,6,0,101,160,-95,89
58,91,29,1,101,175,-115,89
58,92,38,0,96,180,-115,89
58,93,21,1,96,185,-130,89
58,94,10,0,91,190,-130,89
58,95,11,1,96,190,-130,89
58,96,20,1,96,195,-145,89
58,97,23,0,91,185,-145,94
58,98,5,1,96,185,-155,94
58,99,16,1,96,185,-165,94
59,0,45,1,50,55,50,50
59,1,44,0,50,55,60,55
59,2,1,0,60,55,45,55
59,3,21,1,60,60,30,55
59,4,10,0,55,65,30,55
59,5,3,0,70,65,25,55
59,6,42,1,70,70,25,55
59,7,28,1,80,70,25,55
59,8,9,0,75,70,25,60
59,9,46,0,68,70,25,65
59,10,39,1,73,70,25,60
59,11,23,0,68,60,25,65
59,12,25,1,68,65,15,65
59,13,5,0,63,65,20,65
59,14,15,0,83,60,20,65
59,15,1,0,93,60,5,65
59,16,41,1,98,50,5,65
59,17,40,0,98,60,-5,65
59,18,3,1,91,60,-5,70
59,19,29,1,91,75,-25,70
59,20,27,0,101,60,-25,70
59,21,26,1,111,60,-30,70
59,22,44,1,116,60,-30,70
59,23,24,1,121,60,-30,70
59,24,6,0,131,60,-35,70
59,25,36,0,131,55,-35,72
59,26,20,0,126,55,-20,72
59,27,22,0,121,55,-15,72
59,28,41,0,111,65,-15,72
59,29,1,1,103,65,-10,72
59,30,25,1,103,70,-20,72
59,31,28,0,93,70,-10,72
59,32,4,0,78,75,-10,72
59,33,45,1,78,80,-10,72
59,34,17,1,63,80,0,72
59,35,10,1,83,80,-10,72
59,36,14,0,83,80,-10,77
59,37,46,1,88,80,-10,72
59,38,26,1,98,80,-15,72
59,39,37,0,86,90,-15,72
59,40,41,1,91,80,-15,72
59,41,23,0,86,70,-15,77
59,42,12,1,91,70,-15,77
59,43,9,1,96,70,-15,77
59,44,1,1,88,70,-10,77
59,45,22,1,88,75,-20,77
59,46,11,1,93,75,-20,77
59,47,3,0,108,75,-25,77
59,48,25,0,108,70,-15,77
59,49,4,1,118,70,-15,72
59,50,15,0,138,65,-15,72
59,51,20,0,133,65,0,72
59,52,2,0,123,65,5,72
59,53,7,1,128,65,5,67
59,54,17,1,113,65,15,67
59,55,12,0,108,75,15,67
59,56,47,0,133,75,15,67
59,57,14,0,133,75,15,72
59,58,23,0,128,65,15,77
59,59,8,1,118,65,15,82
59,60,26,1,128,65,10,82
59,61,18,1,138,65,10,82
59,62,42,0,130,65,10,92
59,63,1,1,122,65,15,92
59,64,5,1,127,65,5,92
59,65,15,0,147,60,5,92
59,66,37,1,157,60,5,92
59,67,10,0,152,65,5,92
59,68,2,0,142,65,10,92
59,69,39,1,147,65,10,87
59,70,29,1,147,80,-10,87
59,71,41,0,137,90,-10,87
59,72,38,0,132,95,-10,87
59,73,11,1,137,95,-10,87
59,74,20,1,137,100,-25,87
59,75,9,0,132,100,-25,92
59,76,16,1,132,100,-35,92
59,77,13,0,132,100,-35,97
59,78,1,1,124,100,-30,97
59,79,23,0,119,90,-30,102
59,80,42,1,119,95,-30,102
59,81,14,0,119,95,-30,107
59,82,12,1,124,95,-30,107
59,83,21,1,124,100,-45,107
59,84,26,1,134,100,-50,107
59,85,43,0,154,100,-60,107
59,86,17,0,134,110,-60,107
59,87,16,1,134,110,-70,107
59,88,4,1,144,110,-70,102
59,89,2,0,134,110,-65,102
59,90,45,1,134,115,-65,102
59,91,36,0,134,110,-65,104
59,92,48,1,134,115,-65,94
59,93,13,1,139,120,-65,94
59,94,10,0,134,125,-65,94
59,95,14,1,134,130,-65,94
59,96,39,0,127,135,-65,94
59,97,5,0,122,135,-60,94
59,98,37,0,110,145,-60,94
59,99,18,0,85,145,-60,104
60,0,16,1,50,50,40,50
60,1,22,1,50,55,30,50
60,2,23,1,60,55,25,50
60,3,45,0,60,55,25,55
60,4,36,0,60,50,25,57
60,5,2,1,65,50,15,57
60,6,20,0,60,50,30,57
60,7,12,0,55,60,30,57
60,8,48,1,55,65,30,47
60,9,9,0,50,65,30,52
60,10,5,0,45,65,35,52
60,11,25,0,45,60,45,52
60,12,24,1,50,60,45,52
60,13,16,0,40,65,45,52
60,14,26,0,35,65,45,57
60,15,19,1,50,65,45,57
60,16,44,1,55,65,45,57
60,17,23,1,65,65,40,57
60,18,27,1,65,70,35,57
60,19,21,0,60,70,50,57
60,20,15,1,60,75,50,57
60,21,37,1,70,75,50,57
60,22,14,1,70,80,50,57
60,23,25,0,70,75,60,57
60,24,39,1,75,75,60,52
60,25,41,1,80,65,60,52
60,26,22,1,80,70,50,52
60,27,17,0,60,80,50,52
60,28,20,1,60,85,35,52
60,29,38,1,65,85,35,52
60,30,1,1,57,85,40,52
60,31,28,0,47,85,50,52
60,32,9,1,52,85,50,52
60,33,43,1,52,85,55,37
60,34,2,1,57,85,45,37
60,35,46,1,62,85,45,32
60,36,36,1,62,90,45,27
60,37,16,1,62,90,35,27
60,38,13,0,62,90,35,32
60,39,11,1,67,90,35,32
60,40,4,1,77,90,35,27
60,41,40,0,77,100,25,27
60,42,25,0,77,95,35,27
60,43,3,0,92,95,30,27
60,44,10,0,87,100,30,27
60,45,29,1,87,115,10,27
60,46,12,1,92,115,10,27
60,47,7,1,97,115,10,22
60,48,9,0,92,115,10,27
60,49,21,0,87,115,25,27
60,50,24,1,92,115,25,27
60,51,46,1,97,115,25,22
60,52,14,0,97,115,25,27
60,53,16,1,97,115,15,27
60,54,28,0,87,115,25,27
60,55,15,1,87,120,25,27
60,56,3,1,80,120,25,32
60,57,5,0,75,120,30,32
60,58,40,0,75,130,20,32
60,59,11,1,80,130,20,32
60,60,2,1,85,130,10,32
60,61,37,0,73,140,10,32
60,62,20,1,73,145,-5,32
60,63,18,0,48,145,-5,42
60,64,16,1,48,145,-15,42
60,65,22,0,43,145,-10,42
60,66,9,1,48,145,-10,42
60,67,46,1,53,145,-10,37
60,68,13,1,58,150,-10,37
60,69,4,1,68,150,-10,32
60,70,3,0,83,150,-15,32
60,71,15,0,103,145,-15,32
60,72,11,1,108,145,-15,32
60,73,42,0,100,145,-15,42
60,74,30,0,100,145,-25,52
60,75,16,1,100,145,-35,52
60,76,44,1,105,145,-35,52
60,77,38,0,100,150,-35,52
60,78,1,1,92,150,-30,52
60,79,8,0,92,155,-40,52
60,80,29,0,82,155,-35,52
60,81,26,0,77,155,-35,57
60,82,12,0,72,165,-35,57
60,83,46,0,65,165,-35,62
60,84,22,0,60,165,-30,62
60,85,20,0,55,165,-15,62
60,86,15,0,75,160,-15,62
60,87,47,1,75,160,-15,77
60,88,7,0,60,165,-15,77
60,89,11,0,55,165,-15,79
60,90,14,0,55,165,-15,84
60,91,1,1,47,165,-10,84
60,92,12,0,42,175,-10,84
60,93,44,1,47,175,-10,84
60,94,45,1,47,180,-10,84
60,95,39,0,40,185,-10,84
60,96,10,1,60,185,-20,84
60,97,29,1,60,200,-40,84
60,98,3,0,75,200,-45,84
60,99,9,1,80,200,-45,84
61,0,24,1,55,50,50,50
61,1,23,1,65,50,45,50
61,2,4,0,50,55,45,50
61,3,37,0,38,65,45,50
61,4,22,1,38,70,35,50
61,5,20,1,38,75,20,50
61,6,7,1,43,75,20,45
61,7,18,1,53,75,20,45
61,8,11,1,58,75,20,45
61,9,30,1,58,75,30,45
61,10,10,0,53,80,30,45
61,11,1,0,63,80,15,45
61,12,26,1,73,80,10,45
61,13,40,1,73,70,20,45
61,14,15,0,93,65,20,45
61,15,19,1,108,65,20,45
61,16,39,0,101,70,20,45
61,17,47,0,126,70,20,45
61,18,27,0,136,55,20,45
61,19,13,1,141,60,20,45
61,20,22,0,136,60,25,45
61,21,45,1,136,65,25,45
61,22,23,0,131,55,25,50
61,23,14,1,131,60,25,50
61,24,3,0,146,60,20,50
61,25,12,1,151,60,20,50
61,26,28,0,141,60,30,50
61,27,5,1,146,60,20,50
61,28,36,1,146,65,20,45
61,29,4,1,156,65,20,40
61,30,17,1,141,65,30,40
61,31,40,0,141,75,20,40
61,32,11,0,136,75,20,42
61,33,16,1,136,75,10,42
61,34,1,1,128,75,15,42
61,35,25,1,128,80,5,42
61,36,10,0,123,85,5,42
61,37,9,1,128,85,5,42
61,38,21,1,128,90,-10,42
61,39,3,1,121,90,-10,47
61,40,26,1,131,90,-15,47
61,41,30,1,131,90,-5,47
61,42,28,1,141,90,-5,47
61,43,8,0,141,95,-15,47
61,44,20,1,141,100,-30,47
61,45,11,0,136,100,-30,49
61,46,16,1,136,100,-40,49
61,47,44,1,141,100,-40,49
61,48,2,0,131,100,-35,49
61,49,24,1,136,100,-35,49
61,50,38,1,141,100,-35,49
61,51,45,1,141,105,-35,49
61,52,12,1,146,105,-35,49
61,53,6,0,156,105,-40,49
61,54,3,0,171,105,-45,49
61,55,25,1,171,110,-55,49
61,56,10,0,166,115,-55,49
61,57,26,1,176,115,-60,49
61,58,37,0,164,125,-60,49
61,59,16,1,164,125,-70,49
61,60,22,0,159,125,-65,49
61,61,8,1,149,125,-65,54
61,62,14,0,149,125,-65,59
61,63,29,1,149,140,-85,59
61,64,20,0,144,140,-70,59
61,65,13,0,144,140,-70,64
61,66,41,1,149,130,-70,64
61,67,4,1,159,130,-70,59
61,68,19,1,174,130,-70,59
61,69,27,1,174,135,-75,59
61,70,2,0,164,135,-70,59
61,71,9,0,159,135,-70,64
61,72,43,0,179,135,-80,64
61,73,7,0,164,140,-80,64
61,74,37,0,152,150,-80,64
61,75,24,0,147,150,-75,64
61,76,25,1,147,155,-85,64
61,77,26,1,157,155,-90,64
61,78,10,0,152,160,-90,64
61,79,22,1,152,165,-100,64
61,80,14,0,152,165,-100,69
61,81,23,0,147,155,-100,74
61,82,5,1,152,155,-110,74
61,83,38,1,157,155,-110,74
61,84,29,1,157,170,-130,74
61,85,46,0,150,170,-130,79
61,86,15,0,170,165,-130,79
61,87,27,0,180,150,-130,79
61,88,8,1,170,150,-130,84
61,89,12,1,175,150,-130,84
61,90,30,0,175,150,-140,94
61,91,11,1,180,150,-140,94
61,92,2,0,170,150,-135,94
61,93,13,0,170,150,-135,99
61,94,21,1,170,155,-150,99
61,95,16,1,170,155,-160,99
61,96,22,0,165,155,-155,99
61,97,36,1,165,160,-155,94
61,98,25,0,165,155,-145,94
61,99,41,1,170,145,-145,94
62,0,26,0,45,50,50,55
62,1,37,0,33,60,50,55
62,2,23,1,43,60,45,55
62,3,39,1,48,60,45,50
62,4,5,0,43,60,50,50
62,5,20,0,38,60,65,50
62,6,9,0,33,60,65,55
62,7,22,1,33,65,55,55
62,8,14,1,33,70,55,55
62,9,36,0,33,65,55,57
62,10,15,1,33,70,55,57
62,11,21,0,28,70,70,57
62,12,2,1,33,70,60,57
62,13,47,0,58,70,60,57
62,14,4,0,43,75,60,57
62,15,10,1,63,75,50,57
62,16,5,1,68,75,40,57
62,17,11,0,63,75,40,59
62,18,1,1,55,75,45,59
62,19,13,0,55,75,45,64
62,20,14,1,55,80,45,64
62,21,28,0,45,80,55,64
62,22,26,0,40,80,55,69
62,23,15,1,40,85,55,69
62,24,46,0,33,85,55,74
62,25,41,1,38,75,55,74
62,26,23,0,33,65,55,79
62,27,36,1,33,70,55,74
62,28,9,1,38,70,55,74
62,29,6,1,30,70,55,79
62,30,27,0,40,55,55,79
62,31,47,0,65,55,55,79
62,32,2,1,70,55,45,79
62,33,29,0,60,55,50,79
62,34,25,0,60,50,60,79
62,35,12,1,65,50,60,79
62,36,28,1,75,50,60,79
62,37,39,0,68,55,60,79
62,38,40,1,68,45,70,79
62,39,38,0,63,50,70,79
62,40,41,1,68,40,70,79
62,41,13,0,68,40,70,84
62,42,3,0,83,40,65,84
62,43,19,1,98,40,65,84
62,44,21,0,93,40,80,84
62,45,23,1,103,40,75,84
62,46,5,0,98,40,80,84
62,47,11,1,103,40,80,84
62,48,16,0,93,45,80,84
62,49,14,0,93,45,80,89
62,50,36,0,93,40,80,91
62,51,20,0,88,40,95,91
62,52,2,1,93,40,85,91
62,53,12,0,88,50,85,91
62,54,45,1,88,55,85,91
62,55,47,1,88,55,85,106
62,56,8,1,78,55,85,111
62,57,15,1,78,60,85,111
62,58,4,0,63,65,85,111
62,59,43,1,63,65,90,96
62,60,26,0,58,65,90,101
62,61,10,1,78,65,80,101
62,62,13,0,78,65,80,106
62,63,14,0,78,65,80,111
62,64,29,0,68,65,85,111
62,65,22,0,63,65,90,111
62,66,36,1,63,70,90,106
62,67,21,0,58,70,105,106
62,68,46,0,51,70,105,111
62,69,8,1,41,70,105,116
62,70,6,1,33,70,105,121
62,71,9,0,28,70,105,126
62,72,5,1,33,70,95,126
62,73,47,1,33,70,95,141
62,74,18,1,43,70,95,141
62,75,11,1,48,70,95,141
62,76,16,1,48,70,85,141
62,77,14,1,48,75,85,141
62,78,10,0,43,80,85,141
62,79,25,0,43,75,95,141
62,80,4,1,53,75,95,136
62,81,3,0,68,75,90,136
62,82,43,1,68,75,95,121
62,83,26,0,63,75,95,126
62,84,23,0,58,65,95,131
62,85,19,0,38,65,105,141
62,86,5,0,33,65,110,141
62,87,40,1,33,55,120,141
62,88,12,0,28,65,120,141
62,89,16,1,28,65,110,141
62,90,22,1,28,70,100,141
62,91,21,1,28,75,85,141
62,92,11,1,33,75,85,141
62,93,1,0,43,75,70,141
62,94,7,1,48,75,70,136
62,95,15,0,68,70,70,136
62,96,26,1,78,70,65,136
62,97,9,1,83,70,65,136
62,98,20,0,78,70,80,136
62,99,42,1,78,75,80,136
63,0,16,1,50,50,40,50
63,1,22,1,50,55,30,50
63,2,25,0,50,50,40,50
63,3,11,1,55,50,40,50
63,4,13,1,60,55,40,50
63,5,29,0,50,55,45,50
63,6,3,1,43,55,45,55
63,7,46,1,48,55,45,50
63,8,6,0,58,55,40,50
63,9,23,0,53,45,40,55
63,10,15,0,73,40,40,55
63,11,38,1,78,40,40,55
63,12,12,1,83,40,40,55
63,13,43,0,103,40,30,55
63,14,9,1,108,40,30,55
63,15,21,1,108,45,15,55
63,16,40,1,108,35,25,55
63,17,41,1,113,25,25,55
63,18,5,0,108,25,30,55
63,19,10,1,128,25,20,55
63,20,7,0,113,30,20,55
63,21,19,1,128,30,20,55
63,22,22,0,123,30,25,55
63,23,2,0,113,30,30,55
63,24,14,1,113,35,30,55
63,25,27,0,123,20,30,55
63,26,24,1,128,20,30,55
63,27,3,0,143,20,25,55
63,28,23,0,138,10,25,60
63,29,20,0,133,10,40,60
63,30,28,1,143,10,40,60
63,31,5,1,148,10,30,60
63,32,6,1,140,10,30,65
63,33,16,0,130,15,30,65
63,34,37,0,118,25,30,65
63,35,13,0,118,25,30,70
63,36,7,1,123,25,30,65
63,37,43,0,143,25,20,65
63,38,27,1,143,30,15,65
63,39,22,1,143,35,5,65
63,40,44,1,148,35,5,65
63,41,9,0,143,35,5,70
63,42,46,0,136,35,5,75
63,43,4,0,121,40,5,75
63,44,14,1,121,45,5,75
63,45,2,0,111,45,10,75
63,46,17,1,96,45,20,75
63,47,41,1,101,35,20,75
63,48,45,1,101,40,20,75
63,49,42,1,101,45,20,75
63,50,24,1,106,45,20,75
63,51,5,0,101,45,25,75
63,52,13,0,101,45,25,80
63,53,18,0,76,45,25,90
63,54,25,0,76,40,35,90
63,55,3,1,69,40,35,95
63,56,44,0,69,40,45,100
63,57,43,0,89,40,35,100
63,58,36,0,89,35,35,102
63,59,22,1,89,40,25,102
63,60,16,0,79,45,25,102
63,61,14,0,79,45,25,107
63,62,15,1,79,50,25,107
63,63,20,1,79,55,10,107
63,64,24,0,74,55,15,107
63,65,12,1,79,55,15,107
63,66,27,1,79,60,10,107
63,67,23,0,74,50,10,112
63,68,9,0,69,50,10,117
63,69,10,1,89,50,0,117
63,70,48,0,79,50,0,122
63,71,5,0,74,50,5,122
63,72,11,0,69,50,5,124
63,73,26,0,64,50,5,129
63,74,13,0,64,50,5,134
63,75,1,1,56,50,10,134
63,76,22,1,56,55,0,134
63,77,21,1,56,60,-15,134
63,78,20,1,56,65,-30,134
63,79,30,1,56,65,-20,134
63,80,36,0,56,60,-20,136
63,81,42,1,56,65,-20,136
63,82,12,0,51,75,-20,136
63,83,40,0,51,85,-30,136
63,84,25,0,51,80,-20,136
63,85,15,0,71,75,-20,136
63,86,43,1,71,75,-15,121
63,87,5,1,76,75,-25,121
63,88,9,1,81,75,-25,121
63,89,21,1,81,80,-40,121
63,90,1,1,73,80,-35,121
63,91,16,1,73,80,-45,121
63,92,44,1,78,80,-45,121
63,93,13,0,78,80,-45,126
63,94,29,0,68,80,-40,126
63,95,20,1,68,85,-55,126
63,96,15,1,68,90,-55,126
63,97,10,1,88,90,-65,126
63,98,25,0,88,85,-55,126
63,99,8,1,78,85,-55,131
64,0,9,1,55,50,50,50
64,1,27,0,65,35,50,50
64,2,1,1,57,35,55,50
64,3,11,1,62,35,55,50
64,4,30,1,62,35,65,50
64,5,13,1,67,40,65,50
64,6,20,1,67,45,50,50
64,7,8,0,67,50,40,50
64,8,28,1,77,50,40,50
64,9,23,0,72,40,40,55
64,10,43,1,72,40,45,40
64,11,40,0,72,50,35,40
64,12,24,1,77,50,35,40
64,13,15,1,77,55,35,40
64,14,36,0,77,50,35,42
64,15,2,1,82,50,25,42
64,16,47,1,82,50,25,57
64,17,45,0,82,50,25,62
64,18,5,0,77,50,30,62
64,19,22,1,77,55,20,62
64,20,11,0,72,55,20,64
64,21,44,0,72,55,30,69
64,22,41,0,62,65,30,69
64,23,4,1,72,65,30,64
64,24,28,0,62,65,40,64
64,25,10,1,82,65,30,64
64,26,14,1,82,70,30,64
64,27,1,1,74,70,35,64
64,28,3,0,89,70,30,64
64,29,15,0,109,65,30,64
64,30,12,0,104,75,30,64
64,31,27,0,114,60,30,64
64,32,25,0,114,55,40,64
64,33,29,0,104,55,45,64
64,34,16,1,104,55,35,64
64,35,7,1,109,55,35,59
64,36,9,1,114,55,35,59
64,37,11,1,119,55,35,59
64,38,37,1,129,55,35,59
64,39,5,0,124,55,40,59
64,40,2,0,114,55,45,59
64,41,12,0,109,65,45,59
64,42,18,1,119,65,45,59
64,43,23,0,114,55,45,64
64,44,45,1,114,60,45,64
64,45,48,0,104,60,45,69
64,46,20,0,99,60,60,69
64,47,29,1,99,75,40,69
64,48,38,0,94,80,40,69
64,49,28,1,104,80,40,69
64,50,25,1,104,85,30,69
64,51,22,1,104,90,20,69
64,52,19,1,119,90,20,69
64,53,11,0,114,90,20,71
64,54,12,1,119,90,20,71
64,55,40,0,119,100,10,71
64,56,10,0,114,105,10,71
64,57,36,1,114,110,10,66
64,58,14,0,114,110,10,71
64,59,1,0,124,110,-5,71
64,60,16,1,124,110,-15,71
64,61,26,1,134,110,-20,71
64,62,2,1,139,110,-30,71
64,63,9,1,144,110,-30,71
64,64,25,1,144,115,-40,71
64,65,5,0,139,115,-35,71
64,66,4,1,149,115,-35,66
64,67,13,1,154,120,-35,66
64,68,22,0,149,120,-30,66
64,69,17,1,134,120,-20,66
64,70,10,1,154,120,-30,66
64,71,3,0,169,120,-35,66
64,72,41,1,174,110,-35,66
64,73,39,1,179,110,-35,61
64,74,21,0,174,110,-20,61
64,75,45,1,174,115,-20,61
64,76,46,1,179,115,-20,56
64,77,11,0,174,115,-20,58
64,78,2,1,179,115,-30,58
64,79,26,0,174,115,-30,63
64,80,4,0,159,120,-30,63
64,81,14,0,159,120,-30,68
64,82,13,0,159,120,-30,73
64,83,28,0,149,120,-20,73
64,84,9,0,144,120,-20,78
64,85,1,0,154,120,-35,78
64,86,15,0,174,115,-35,78
64,87,6,1,166,115,-35,83
64,88,8,1,156,115,-35,88
64,89,41,1,161,105,-35,88
64,90,37,1,171,105,-35,88
64,91,11,1,176,105,-35,88
64,92,17,1,161,105,-25,88
64,93,4,1,171,105,-25,83
64,94,22,1,171,110,-35,83
64,95,42,0,163,110,-35,93
64,96,46,0,156,110,-35,98
64,97,38,0,151,115,-35,98
64,98,36,0,151,110,-35,100
64,99,26,1,161,110,-40,100
65,0,20,0,45,50,65,50
65,1,2,1,50,50,55,50
65,2,28,0,40,50,65,50
65,3,41,0,30,60,65,50
65,4,46,0,23,60,65,55
65,5,16,1,23,60,55,55
65,6,4,0,8,65,55,55
65,7,48,0,-2,65,55,60
65,8,45,1,-2,70,55,60
65,9,17,0,-22,80,55,60
65,10,44,0,-22,80,65,65
65,11,5,1,-17,80,55,65
65,12,19,0,-37,80,65,75
65,13,25,1,-37,85,55,75
65,14,26,0,-42,85,55,80
65,15,36,1,-42,90,55,75
65,16,46,0,-49,90,55,80
65,17,1,1,-57,90,60,80
65,18,9,0,-62,90,60,85
65,19,43,1,-62,90,65,70
65,20,7,1,-57,90,65,65
65,21,42,1,-57,95,65,65
65,22,11,1,-52,95,65,65
65,23,22,0,-57,95,70,65
65,24,16,0,-67,100,70,65
65,25,8,1,-77,100,70,70
65,26,13,1,-72,105,70,70
65,27,26,1,-62,105,65,70
65,28,2,0,-72,105,70,70
65,29,14,1,-72,110,70,70
65,30,29,0,-82,110,75,70
65,31,40,1,-82,100,85,70
65,32,21,1,-82,105,70,70
65,33,20,0,-87,105,85,70
65,34,36,0,-87,100,85,72
65,35,46,0,-94,100,85,77
65,36,7,0,-109,105,85,77
65,37,1,1,-117,105,90,77
65,38,3,1,-124,105,90,82
65,39,6,0,-114,105,85,82
65,40,16,1,-114,105,75,82
65,41,17,1,-129,105,85,82
65,42,13,1,-124,110,85,82
65,43,11,1,-119,110,85,82
65,44,42,0,-127,110,85,92
65,45,5,1,-122,110,75,92
65,46,30,1,-122,110,85,92
65,47,10,0,-127,115,85,92
65,48,22,1,-127,120,75,92
65,49,36,1,-127,125,75,87
65,50,3,1,-134,125,75,92
65,51,44,0,-134,125,85,97
65,52,15,0,-114,120,85,97
65,53,16,1,-114,120,75,97
65,54,1,0,-104,120,60,97
65,55,7,1,-99,120,60,92
65,56,14,0,-99,120,60,97
65,57,29,0,-109,120,65,97
65,58,20,0,-114,120,80,97
65,59,18,1,-104,120,80,97
65,60,10,0,-109,125,80,97
65,61,2,0,-119,125,85,97
65,62,3,0,-104,125,80,97
65,63,46,0,-111,125,80,102
65,64,15,1,-111,130,80,102
65,65,24,1,-106,130,80,102
65,66,22,1,-106,135,70,102
65,67,44,0,-106,135,80,107
65,68,12,1,-101,135,80,107
65,69,29,1,-101,150,60,107
65,70,28,1,-91,150,60,107
65,71,14,0,-91,150,60,112
65,72,23,0,-96,140,60,117
65,73,10,1,-76,140,50,117
65,74,6,0,-66,140,45,117
65,75,5,0,-71,140,50,117
65,76,20,1,-71,145,35,117
65,77,1,0,-61,145,20,117
65,78,11,0,-66,145,20,119
65,79,36,0,-66,140,20,121
65,80,25,0,-66,135,30,121
65,81,30,1,-66,135,40,121
65,82,27,1,-66,140,35,121
65,83,8,1,-76,140,35,126
65,84,23,0,-81,130,35,131
65,85,48,0,-91,130,35,136
65,86,37,1,-81,130,35,136
65,87,2,0,-91,130,40,136
65,88,28,1,-81,130,40,136
65,89,11,0,-86,130,40,138
65,90,40,0,-86,140,30,138
65,91,13,0,-86,140,30,143
65,92,25,0,-86,135,40,143
65,93,18,1,-76,135,40,143
65,94,42,1,-76,140,40,143
65,95,12,1,-71,140,40,143
65,96,22,0,-76,140,45,143
65,97,46,1,-71,140,45,138
65,98,20,1,-71,145,30,138
65,99,17,1,-86,145,40,138
66,0,13,0,50,50,50,55
66,1,36,0,50,45,50,57
66,2,25,1,50,50,40,57
66,3,5,1,55,50,30,57
66,4,40,1,55,40,40,57
66,5,21,0,50,40,55,57
66,6,42,1,50,45,55,57
66,7,11,0,45,45,55,59
66,8,26,0,40,45,55,64
66,9,15,1,40,50,55,64
66,10,29,0,30,50,60,64
66,11,18,0,5,50,60,74
66,12,20,0,0,50,75,74
66,13,10,0,-5,55,75,74
66,14,9,1,0,55,75,74
66,15,14,1,0,60,75,74
66,16,13,1,5,65,75,74
66,17,19,1,20,65,75,74
66,18,3,1,13,65,75,79
66,19,7,0,-2,70,75,79
66,20,39,1,3,70,75,74
66,21,41,1,8,60,75,74
66,22,6,1,0,60,75,79
66,23,16,1,0,60,65,79
66,24,11,1,5,60,65,79
66,25,36,0,5,55,65,81
66,26,15,0,25,50,65,81
66,27,26,1,35,50,60,81
66,28,2,0,25,50,65,81
66,29,25,1,25,55,55,81
66,30,46,1,30,55,55,76
66,31,5,0,25,55,60,76
66,32,23,0,20,45,60,81
66,33,3,1,13,45,60,86
66,34,4,0,-2,50,60,86
66,35,8,1,-12,50,60,91
66,36,21,1,-12,55,45,91
66,37,16,1,-12,55,35,91
66,38,9,1,-7,55,35,91
66,39,22,0,-12,55,40,91
66,40,36,1,-12,60,40,86
66,41,26,1,-2,60,35,86
66,42,14,0,-2,60,35,91
66,43,13,1,3,65,35,91
66,44,25,1,3,70,25,91
66,45,29,1,3,85,5,91
66,46,44,1,8,85,5,91
66,47,28,1,18,85,5,91
66,48,5,1,23,85,-5,91
66,49,42,1,23,90,-5,91
66,50,37,0,11,100,-5,91
66,51,20,1,11,105,-20,91
66,52,6,1,3,105,-20,96
66,53,21,1,3,110,-35,96
66,54,9,1,8,110,-35,96
66,55,26,1,18,110,-40,96
66,56,14,1,18,115,-40,96
66,57,12,1,23,115,-40,96
66,58,25,1,23,120,-50,96
66,59,29,0,13,120,-45,96
66,60,10,0,8,125,-45,96
66,61,24,1,13,125,-45,96
66,62,17,1,-2,125,-35,96
66,63,15,0,18,120,-35,96
66,64,43,0,38,120,-45,96
66,65,6,0,48,120,-50,96
66,66,4,0,33,125,-50,96
66,67,23,1,43,125,-55,96
66,68,46,0,36,125,-55,101
66,69,41,1,41,115,-55,101
66,70,20,0,36,115,-40,101
66,71,9,1,41,115,-40,101
66,72,26,0,36,115,-40,106
66,73,38,1,41,115,-40,106
66,74,37,0,29,125,-40,106
66,75,24,1,34,125,-40,106
66,76,19,0,14,125,-30,116
66,77,21,0,9,125,-15,116
66,78,15,0,29,120,-15,116
66,79,23,0,24,110,-15,121
66,80,16,1,24,110,-25,121
66,81,12,0,19,120,-25,121
66,82,3,1,12,120,-25,126
66,83,22,0,7,120,-20,126
66,84,47,0,32,120,-20,126
66,85,40,0,32,130,-30,126
66,86,26,0,27,130,-30,131
66,87,10,0,22,135,-30,131
66,88,1,1,14,135,-25,131
66,89,39,0,7,140,-25,131
66,90,16,0,-3,145,-25,131
66,91,41,1,2,135,-25,131
66,92,42,1,2,140,-25,131
66,93,18,0,-23,140,-25,141
66,94,20,0,-28,140,-10,141
66,95,4,0,-43,145,-10,141
66,96,11,1,-38,145,-10,141
66,97,8,0,-38,150,-20,141
66,98,22,0,-43,150,-15,141
66,99,12,0,-48,160,-15,141
67,0,15,1,50,55,50,50
67,1,16,1,50,55,40,50
67,2,26,1,60,55,35,50
67,3,22,1,60,60,25,50
67,4,1,0,70,60,10,50
67,5,5,1,75,60,0,50
67,6,46,1,80,60,0,45
67,7,14,0,80,60,0,50
67,8,20,1,80,65,-15,50
67,9,10,0,75,70,-15,50
67,10,45,1,75,75,-15,50
67,11,2,1,80,75,-25,50
67,12,7,1,85,75,-25,45
67,13,13,1,90,80,-25,45
67,14,36,0,90,75,-25,47
67,15,9,0,85,75,-25,52
67,16,12,1,90,75,-25,52
67,17,3,1,83,75,-25,57
67,18,41,1,88,65,-25,57
67,19,47,0,113,65,-25,57
67,20,15,0,133,60,-25,57
67,21,48,1,133,65,-25,47
67,22,10,0,128,70,-25,47
67,23,22,0,123,70,-20,47
67,24,1,0,133,70,-35,47
67,25,26,1,143,70,-40,47
67,26,7,0,128,75,-40,47
67,27,11,0,123,75,-40,49
67,28,4,1,133,75,-40,44
67,29,5,1,138,75,-50,44
67,30,2,0,128,75,-45,44
67,31,15,1,128,80,-45,44
67,32,9,1,133,80,-45,44
67,33,38,0,128,85,-45,44
67,34,14,0,128,85,-45,49
67,35,36,0,128,80,-45,51
67,36,13,0,128,80,-45,56
67,37,39,1,133,80,-45,51
67,38,6,1,125,80,-45,56
67,39,23,0,120,70,-45,61
67,40,40,1,120,60,-35,61
67,41,3,0,135,60,-40,61
67,42,15,1,135,65,-40,61
67,43,28,0,125,65,-30,61
67,44,37,0,113,75,-30,61
67,45,42,0,105,75,-30,71
67,46,46,0,98,75,-30,76
67,47,22,1,98,80,-40,76
67,48,19,0,78,80,-30,86
67,49,24,0,73,80,-25,86
67,50,7,0,58,85,-25,86
67,51,1,1,50,85,-20,86
67,52,15,1,50,90,-20,86
67,53,10,0,45,95,-20,86
67,54,23,0,40,85,-20,91
67,55,43,1,40,85,-15,76
67,56,13,1,45,90,-15,76
67,57,12,0,40,100,-15,76
67,58,20,1,40,105,-30,76
67,59,46,1,45,105,-30,71
67,60,11,0,40,105,-30,73
67,61,29,1,40,120,-50,73
67,62,24,0,35,120,-45,73
67,63,1,1,27,120,-40,73
67,64,5,1,32,120,-50,73
67,65,4,0,17,125,-50,73
67,66,37,1,27,125,-50,73
67,67,26,1,37,125,-55,73
67,68,45,1,37,130,-55,73
67,69,40,0,37,140,-65,73
67,70,14,0,37,140,-65,78
67,71,38,0,32,145,-65,78
67,72,22,1,32,150,-75,78
67,73,9,0,27,150,-75,83
67,74,3,1,20,150,-75,88
67,75,2,1,25,150,-85,88
67,76,30,1,25,150,-75,88
67,77,20,0,20,150,-60,88
67,78,41,0,10,160,-60,88
67,79,4,1,20,160,-60,83
67,80,7,1,25,160,-60,78
67,81,26,1,35,160,-65,78
67,82,10,0,30,165,-65,78
67,83,17,0,10,175,-65,78
67,84,13,0,10,175,-65,83
67,85,39,1,15,175,-65,78
67,86,15,1,15,180,-65,78
67,87,48,0,5,180,-65,83
67,88,27,1,5,185,-70,83
67,89,24,0,0,185,-65,83
67,90,14,1,0,190,-65,83
67,91,18,0,-25,190,-65,93
67,92,41,0,-35,200,-65,93
67,93,42,0,-43,200,-65,103
67,94,23,0,-48,190,-65,108
67,95,2,1,-43,190,-75,108
67,96,3,0,-28,190,-80,108
67,97,15,1,-28,195,-80,108
67,98,1,0,-18,195,-95,108
67,99,19,0,-38,195,-85,118
68,0,14,0,50,50,50,55
68,1,46,0,43,50,50,60
68,2,18,0,18,50,50,70
68,3,1,0,28,50,35,70
68,4,5,0,23,50,40,70
68,5,16,0,13,55,40,70
68,6,6,0,23,55,35,70
68,7,42,0,15,55,35,80
68,8,36,1,15,60,35,75
68,9,22,1,15,65,25,75
68,10,45,1,15,70,25,75
68,11,41,0,5,80,25,75
68,12,39,0,-2,85,25,75
68,13,28,1,8,85,25,75
68,14,2,1,13,85,15,75
68,15,26,1,23,85,10,75
68,16,38,0,18,90,10,75
68,17,40,0,18,100,0,75
68,18,47,0,43,100,0,75
68,19,37,1,53,100,0,75
68,20,44,1,58,100,0,75
68,21,11,1,63,100,0,75
68,22,46,1,68,100,0,70
68,23,16,0,58,105,0,70
68,24,17,0,38,115,0,70
68,25,12,0,33,125,0,70
68,26,42,0,25,125,0,80
68,27,20,1,25,130,-15,80
68,28,13,1,30,135,-15,80
68,29,39,1,35,135,-15,75
68,30,5,0,30,135,-10,75
68,31,24,0,25,135,-5,75
68,32,7,0,10,140,-5,75
68,33,6,1,2,140,-5,80
68,34,18,1,12,140,-5,80
68,35,9,1,17,140,-5,80
68,36,25,0,17,135,5,80
68,37,28,0,7,135,15,80
68,38,12,0,2,145,15,80
68,39,1,0,12,145,0,80
68,40,23,0,7,135,0,85
68,41,46,0,0,135,0,90
68,42,45,1,0,140,0,90
68,43,38,0,-5,145,0,90
68,44,43,0,15,145,-10,90
68,45,10,0,10,150,-10,90
68,46,41,0,0,160,-10,90
68,47,14,1,0,165,-10,90
68,48,8,0,0,170,-20,90
68,49,2,0,-10,170,-15,90
68,50,9,0,-15,170,-15,95
68,51,26,1,-5,170,-20,95
68,52,22,1,-5,175,-30,95
68,53,4,1,5,175,-30,90
68,54,12,0,0,185,-30,90
68,55,7,0,-15,190,-30,90
68,56,24,1,-10,190,-30,90
68,57,39,0,-17,195,-30,90
68,58,23,0,-22,185,-30,95
68,59,41,0,-32,195,-30,95
68,60,40,0,-32,205,-40,95
68,61,28,0,-42,205,-30,95
68,62,21,1,-42,210,-45,95
68,63,25,1,-42,215,-55,95
68,64,16,1,-42,215,-65,95
68,65,26,1,-32,215,-70,95
68,66,18,0,-57,215,-70,105
68,67,15,1,-57,220,-70,105
68,68,45,0,-57,220,-70,110
68,69,12,0,-62,230,-70,110
68,70,41,1,-57,220,-70,110
68,71,27,0,-47,205,-70,110
68,72,10,0,-52,210,-70,110
68,73,8,0,-52,215,-80,110
68,74,2,1,-47,215,-90,110
68,75,24,0,-52,215,-85,110
68,76,5,0,-57,215,-80,110
68,77,43,1,-57,215,-75,95
68,78,15,0,-37,210,-75,95
68,79,25,0,-37,205,-65,95
68,80,44,1,-32,205,-65,95
68,81,1,0,-22,205,-80,95
68,82,16,0,-32,210,-80,95
68,83,10,0,-37,215,-80,95
68,84,3,1,-44,215,-80,100
68,85,21,0,-49,215,-65,100
68,86,36,0,-49,210,-65,102
68,87,28,1,-39,210,-65,102
68,88,15,1,-39,215,-65,102
68,89,23,0,-44,205,-65,107
68,90,40,0,-44,215,-75,107
68,91,6,0,-34,215,-80,107
68,92,27,1,-34,220,-85,107
68,93,7,1,-29,220,-85,102
68,94,13,0,-29,220,-85,107
68,95,16,0,-39,225,-85,107
68,96,11,1,-34,225,-85,107
68,97,18,1,-24,225,-85,107
68,98,24,1,-19,225,-85,107
68,99,42,0,-27,225,-85,117
69,0,16,1,50,50,40,50
69,1,9,0,45,50,40,55
69,2,1,0,55,50,25,55
69,3,40,1,55,40,35,55
69,4,8,1,45,40,35,60
69,5,21,0,40,40,50,60
69,6,41,1,45,30,50,60
69,7,27,1,45,35,45,60
69,8,2,1,50,35,35,60
69,9,45,1,50,40,35,60
69,10,4,0,35,45,35,60
69,11,26,1,45,45,30,60
69,12,36,0,45,40,30,62
69,13,16,1,45,40,20,62
69,14,25,1,45,45,10,62
69,15,1,1,37,45,15,62
69,16,43,1,37,45,20,47
69,17,29,0,27,45,25,47
69,18,8,1,17,45,25,52
69,19,14,1,17,50,25,52
69,20,19,0,-3,50,35,62
69,21,17,1,-18,50,45,62
69,22,15,1,-18,55,45,62
69,23,20,0,-23,55,60,62
69,24,16,0,-33,60,60,62
69,25,45,1,-33,65,60,62
69,26,48,0,-43,65,60,67
69,27,11,1,-38,65,60,67
69,28,1,1,-46,65,65,67
69,29,22,1,-46,70,55,67
69,30,37,1,-36,70,55,67
69,31,13,0,-36,70,55,72
69,32,10,1,-16,70,45,72
69,33,4,1,-6,70,45,67
69,34,40,1,-6,60,55,67
69,35,18,1,4,60,55,67
69,36,8,0,4,65,45,67
69,37,24,0,-1,65,50,67
69,38,14,0,-1,65,50,72
69,39,3,1,-8,65,50,77
69,40,5,1,-3,65,40,77
69,41,6,0,7,65,35,77
69,42,28,1,17,65,35,77
69,43,10,0,12,70,35,77
69,44,44,1,17,70,35,77
69,45,23,1,27,70,30,77
69,46,26,1,37,70,25,77
69,47,36,0,37,65,25,79
69,48,15,0,57,60,25,79
69,49,13,0,57,60,25,84
69,50,17,1,42,60,35,84
69,51,41,0,32,70,35,84
69,52,20,1,32,75,20,84
69,53,2,0,22,75,25,84
69,54,9,1,27,75,25,84
69,55,4,0,12,80,25,84
69,56,22,1,12,85,15,84
69,57,25,0,12,80,25,84
69,58,11,0,7,80,25,86
69,59,37,1,17,80,25,86
69,60,16,1,17,80,15,86
69,61,7,1,22,80,15,81
69,62,6,1,14,80,15,86
69,63,27,0,24,65,15,86
69,64,46,0,17,65,15,91
69,65,30,1,17,65,25,91
69,66,24,0,12,65,30,91
69,67,10,0,7,70,30,91
69,68,5,1,12,70,20,91
69,69,23,0,7,60,20,96
69,70,25,0,7,55,30,96
69,71,43,1,7,55,35,81
69,72,2,1,12,55,25,81
69,73,36,1,12,60,25,76
69,74,4,1,22,60,25,71
69,75,47,1,22,60,25,86
69,76,21,0,17,60,40,86
69,77,26,0,12,60,40,91
69,78,45,1,12,65,40,91
69,79,24,1,17,65,40,91
69,80,44,0,17,65,50,96
69,81,13,0,17,65,50,101
69,82,10,0,12,70,50,101
69,83,5,0,7,70,55,101
69,84,20,0,2,70,70,101
69,85,39,1,7,70,70,96
69,86,38,0,2,75,70,96
69,87,8,1,-8,75,70,101
69,88,23,1,2,75,65,101
69,89,12,1,7,75,65,101
69,90,2,1,12,75,55,101
69,91,18,0,-13,75,55,111
69,92,41,1,-8,65,55,111
69,93,26,1,2,65,50,111
69,94,40,0,2,75,40,111
69,95,30,0,2,75,30,121
69,96,44,1,7,75,30,121
69,97,47,1,7,75,30,136
69,98,19,0,-13,75,40,146
69,99,3,1,-20,75,40,151
70,0,11,1,55,50,50,50
70,1,27,1,55,55,45,50
70,2,14,0,55,55,45,55
70,3,22,1,55,60,35,55
70,4,4,0,40,65,35,55
70,5,20,1,40,70,20,55
70,6,10,1,60,70,10,55
70,7,15,0,80,65,10,55
70,8,24,0,75,65,15,55
70,9,2,1,80,65,5,55
70,10,37,0,68,75,5,55
70,11,46,1,73,75,5,50
70,12,40,1,73,65,15,50
70,13,23,1,83,65,10,50
70,14,6,1,75,65,10,55
70,15,12,0,70,75,10,55
70,16,9,1,75,75,10,55
70,17,29,1,75,90,-10,55
70,18,25,0,75,85,0,55
70,19,3,0,90,85,-5,55
70,20,42,0,82,85,-5,65
70,21,14,1,82,90,-5,65
70,22,27,0,92,75,-5,65
70,23,13,1,97,80,-5,65
70,24,11,1,102,80,-5,65
70,25,26,1,112,80,-10,65
70,26,12,0,107,90,-10,65
70,27,6,0,117,90,-15,65
70,28,30,0,117,90,-25,75
70,29,41,1,122,80,-25,75
70,30,22,1,122,85,-35,75
70,31,3,1,115,85,-35,80
70,32,44,0,115,85,-25,85
70,33,4,0,100,90,-25,85
70,34,5,1,105,90,-35,85
70,35,21,0,100,90,-20,85
70,36,46,0,93,90,-20,90
70,37,12,1,98,90,-20,90
70,38,27,1,98,95,-25,90
70,39,41,1,103,85,-25,90
70,40,28,0,93,85,-15,90
70,41,42,1,93,90,-15,90
70,42,13,1,98,95,-15,90
70,43,29,1,98,110,-35,90
70,44,10,1,118,110,-45,90
70,45,39,1,123,110,-45,85
70,46,9,0,118,110,-45,90
70,47,4,0,103,115,-45,90
70,48,44,1,108,115,-45,90
70,49,26,0,103,115,-45,95
70,50,41,1,108,105,-45,95
70,51,8,0,108,110,-55,95
70,52,2,1,113,110,-65,95
70,53,14,1,113,115,-65,95
70,54,3,0,128,115,-70,95
70,55,1,1,120,115,-65,95
70,56,5,0,115,115,-60,95
70,57,16,1,115,115,-70,95
70,58,42,0,107,115,-70,105
70,59,37,1,117,115,-70,105
70,60,22,0,112,115,-65,105
70,61,30,0,112,115,-75,115
70,62,38,1,117,115,-75,115
70,63,12,1,122,115,-75,115
70,64,45,1,122,120,-75,115
70,65,21,1,122,125,-90,115
70,66,44,0,122,125,-80,120
70,67,16,1,122,125,-90,120
70,68,8,0,122,130,-100,120
70,69,27,0,132,115,-100,120
70,70,2,0,122,115,-95,120
70,71,28,0,112,115,-85,120
70,72,5,0,107,115,-80,120
70,73,12,0,102,125,-80,120
70,74,24,0,97,125,-75,120
70,75,20,0,92,125,-60,120
70,76,22,1,92,130,-70,120
70,77,9,1,97,130,-70,120
70,78,26,0,92,130,-70,125
70,79,41,0,82,140,-70,125
70,80,11,1,87,140,-70,125
70,81,19,1,102,140,-70,125
70,82,42,1,102,145,-70,125
70,83,13,0,102,145,-70,130
70,84,37,0,90,155,-70,130
70,85,7,0,75,160,-70,130
70,86,12,1,80,160,-70,130
70,87,14,0,80,160,-70,135
70,88,6,1,72,160,-70,140
70,89,2,1,77,160,-80,140
70,90,15,0,97,155,-80,140
70,91,5,1,102,155,-90,140
70,92,9,1,107,155,-90,140
70,93,1,0,117,155,-105,140
70,94,38,0,112,160,-105,140
70,95,11,0,107,160,-105,142
70,96,24,1,112,160,-105,142
70,97,16,1,112,160,-115,142
70,98,41,1,117,150,-115,142
70,99,22,0,112,150,-110,142
71,0,4,1,60,50,50,45
71,1,20,0,55,50,65,45
71,2,12,1,60,50,65,45
71,3,43,1,60,50,70,30
71,4,37,1,70,50,70,30
71,5,44,0,70,50,80,35
71,6,14,1,70,55,80,35
71,7,2,0,60,55,85,35
71,8,36,1,60,60,85,30
71,9,15,1,60,65,85,30
71,10,22,1,60,70,75,30
71,11,19,1,75,70,75,30
71,12,13,0,75,70,75,35
71,13,45,1,75,75,75,35
71,14,23,0,70,65,75,40
71,15,10,0,65,70,75,40
71,16,38,1,70,70,75,40
71,17,9,0,65,70,75,45
71,18,11,0,60,70,75,47
71,19,16,0,50,75,75,47
71,20,12,1,55,75,75,47
71,21,39,0,48,80,75,47
71,22,18,0,23,80,75,57
71,23,1,0,33,80,60,57
71,24,28,1,43,80,60,57
71,25,25,0,43,75,70,57
71,26,46,1,48,75,70,52
71,27,26,0,43,75,70,57
71,28,5,1,48,75,60,57
71,29,20,1,48,80,45,57
71,30,36,1,48,85,45,52
71,31,17,0,28,95,45,52
71,32,42,1,28,100,45,52
71,33,8,1,18,100,45,57
71,34,24,0,13,100,50,57
71,35,37,1,23,100,50,57
71,36,44,1,28,100,50,57
71,37,12,0,23,110,50,57
71,38,10,0,18,115,50,57
71,39,14,0,18,115,50,62
71,40,3,0,33,115,45,62
71,41,41,0,23,125,45,62
71,42,16,0,13,130,45,62
71,43,9,1,18,130,45,62
71,44,22,1,18,135,35,62
71,45,27,0,28,120,35,62
71,46,28,1,38,120,35,62
71,47,36,1,38,125,35,57
71,48,13,1,43,130,35,57
71,49,1,0,53,130,20,57
71,50,4,1,63,130,20,52
71,51,17,1,48,130,30,52
71,52,15,0,68,125,30,52
71,53,42,1,68,130,30,52
71,54,10,0,63,135,30,52
71,55,26,0,58,135,30,57
71,56,38,1,63,135,30,57
71,57,2,1,68,135,20,57
71,58,20,1,68,140,5,57
71,59,8,1,58,140,5,62
71,60,14,0,58,140,5,67
71,61,1,0,68,140,-10,67
71,62,25,1,68,145,-20,67
71,63,37,0,56,155,-20,67
71,64,16,0,46,160,-20,67
71,65,23,0,41,150,-20,72
71,66,5,0,36,150,-15,72
71,67,10,0,31,155,-15,72
71,68,15,1,31,160,-15,72
71,69,18,0,6,160,-15,82
71,70,21,1,6,165,-30,82
71,71,26,0,1,165,-30,87
71,72,4,0,-14,170,-30,87
71,73,11,0,-19,170,-30,89
71,74,44,1,-14,170,-30,89
71,75,12,1,-9,170,-30,89
71,76,16,0,-19,175,-30,89
71,77,3,0,-4,175,-35,89
71,78,24,0,-9,175,-30,89
71,79,22,0,-14,175,-25,89
71,80,43,0,6,175,-35,89
71,81,6,1,-2,175,-35,94
71,82,20,1,-2,180,-50,94
71,83,29,0,-12,180,-45,94
71,84,40,1,-12,170,-35,94
71,85,9,0,-17,170,-35,99
71,86,36,1,-17,175,-35,94
71,87,37,0,-29,185,-35,94
71,88,16,1,-29,185,-45,94
71,89,44,1,-24,185,-45,94
71,90,17,0,-44,195,-45,94
71,91,15,1,-44,200,-45,94
71,92,30,0,-44,200,-55,104
71,93,14,1,-44,205,-55,104
71,94,6,1,-52,205,-55,109
71,95,41,1,-47,195,-55,109
71,96,25,1,-47,200,-65,109
71,97,20,1,-47,205,-80,109
71,98,4,1,-37,205,-80,104
71,99,23,1,-27,205,-85,104
72,0,22,1,50,55,40,50
72,1,30,0,50,55,30,60
72,2,40,1,50,45,40,60
72,3,24,1,55,45,40,60
72,4,16,1,55,45,30,60
72,5,15,1,55,50,30,60
72,6,41,0,45,60,30,60
72,7,37,0,33,70,30,60
72,8,43,0,53,70,20,60
72,9,9,1,58,70,20,60
72,10,25,1,58,75,10,60
72,11,12,0,53,85,10,60
72,12,38,1,58,85,10,60
72,13,13,1,63,90,10,60
72,14,2,0,53,90,15,60
72,15,47,1,53,90,15,75
72,16,20,0,48,90,30,75
72,17,17,1,33,90,40,75
72,18,24,0,28,90,45,75
72,19,16,1,28,90,35,75
72,20,3,1,21,90,35,80
72,21,11,0,16,90,35,82
72,22,41,1,21,80,35,82
72,23,22,1,21,85,25,82
72,24,15,1,21,90,25,82
72,25,5,1,26,90,15,82
72,26,8,1,16,90,15,87
72,27,12,1,21,90,15,87
72,28,21,0,16,90,30,87
72,29,30,1,16,90,40,87
72,30,1,0,26,90,25,87
72,31,37,0,14,100,25,87
72,32,11,0,9,100,25,89
72,33,2,0,-1,100,30,89
72,34,43,0,19,100,20,89
72,35,13,0,19,100,20,94
72,36,3,0,34,100,15,94
72,37,36,1,34,105,15,89
72,38,29,1,34,120,-5,89
72,39,9,0,29,120,-5,94
72,40,26,1,39,120,-10,94
72,41,42,0,31,120,-10,104
72,42,7,0,16,125,-10,104
72,43,22,1,16,130,-20,104
72,44,24,0,11,130,-15,104
72,45,12,0,6,140,-15,104
72,46,41,0,-4,150,-15,104
72,47,44,1,1,150,-15,104
72,48,14,0,1,150,-15,109
72,49,38,0,-4,155,-15,109
72,50,47,1,-4,155,-15,124
72,51,15,0,16,150,-15,124
72,52,10,1,36,150,-25,124
72,53,1,0,46,150,-40,124
72,54,39,0,39,155,-40,124
72,55,20,0,34,155,-25,124
72,56,43,0,54,155,-35,124
72,57,46,1,59,155,-35,119
72,58,16,0,49,160,-35,119
72,59,13,0,49,160,-35,124
72,60,18,1,59,160,-35,124
72,61,17,0,39,170,-35,124
72,62,2,0,29,170,-30,124
72,63,26,0,24,170,-30,129
72,64,11,1,29,170,-30,129
72,65,12,0,24,180,-30,129
72,66,5,1,29,180,-40,129
72,67,21,0,24,180,-25,129
72,68,29,1,24,195,-45,129
72,69,3,1,17,195,-45,134
72,70,1,0,27,195,-60,134
72,71,16,0,17,200,-60,134
72,72,15,1,17,205,-60,134
72,73,14,0,17,205,-60,139
72,74,13,1,22,210,-60,139
72,75,26,0,17,210,-60,144
72,76,25,1,17,215,-70,144
72,77,46,1,22,215,-70,139
72,78,41,1,27,205,-70,139
72,79,2,0,17,205,-65,139
72,80,5,1,22,205,-75,139
72,81,20,1,22,210,-90,139
72,82,16,1,22,210,-100,139
72,83,15,1,22,215,-100,139
72,84,18,0,-3,215,-100,149
72,85,4,1,7,215,-100,144
72,86,6,0,17,215,-105,144
72,87,14,1,17,220,-105,144
72,88,11,0,12,220,-105,146
72,89,19,0,-8,220,-95,156
72,90,25,0,-8,215,-85,156
72,91,12,0,-13,225,-85,156
72,92,16,0,-23,230,-85,156
72,93,38,1,-18,230,-85,156
72,94,7,1,-13,230,-85,151
72,95,13,0,-13,230,-85,156
72,96,48,0,-23,230,-85,161
72,97,1,1,-31,230,-80,161
72,98,6,0,-21,230,-85,161
72,99,27,1,-21,235,-90,161
73,0,1,1,42,50,55,50
73,1,26,1,52,50,50,50
73,2,12,0,47,60,50,50
73,3,41,1,52,50,50,50
73,4,23,0,47,40,50,55
73,5,20,0,42,40,65,55
73,6,21,1,42,45,50,55
73,7,28,0,32,45,60,55
73,8,4,0,17,50,60,55
73,9,11,1,22,50,60,55
73,10,16,0,12,55,60,55
73,11,39,0,5,60,60,55
73,12,37,0,-7,70,60,55
73,13,38,1,-2,70,60,55
73,14,40,1,-2,60,70,55
73,15,9,0,-7,60,70,60
73,16,47,1,-7,60,70,75
73,17,24,0,-12,60,75,75
73,18,45,0,-12,60,75,80
73,19,44,1,-7,60,75,80
73,20,14,0,-7,60,75,85
73,21,29,1,-7,75,55,85
73,22,3,1,-14,75,55,90
73,23,6,1,-22,75,55,95
73,24,12,0,-27,85,55,95
73,25,1,0,-17,85,40,95
73,26,30,1,-17,85,50,95
73,27,8,1,-27,85,50,100
73,28,26,1,-17,85,45,100
73,29,10,1,3,85,35,100
73,30,43,1,3,85,40,85
73,31,16,0,-7,90,40,85
73,32,41,0,-17,100,40,85
73,33,13,0,-17,100,40,90
73,34,23,1,-7,100,35,90
73,35,12,1,-2,100,35,90
73,36,15,0,18,95,35,90
73,37,47,1,18,95,35,105
73,38,5,0,13,95,40,105
73,39,45,0,13,95,40,110
73,40,11,0,8,95,40,112
73,41,9,1,13,95,40,112
73,42,18,0,-12,95,40,122
73,43,20,1,-12,100,25,122
73,44,28,1,-2,100,25,122
73,45,48,0,-12,100,25,127
73,46,29,0,-22,100,30,127
73,47,39,1,-17,100,30,122
73,48,42,1,-17,105,30,122
73,49,26,0,-22,105,30,127
73,50,15,1,-22,110,30,127
73,51,11,0,-27,110,30,129
73,52,19,1,-12,110,30,129
73,53,16,1,-12,110,20,129
73,54,23,1,-2,110,15,129
73,55,22,0,-7,110,20,129
73,56,37,1,3,110,20,129
73,57,10,0,-2,115,20,129
73,58,43,1,-2,115,25,114
73,59,9,0,-7,115,25,119
73,60,6,0,3,115,20,119
73,61,44,0,3,115,30,124
73,62,46,0,-4,115,30,129
73,63,14,0,-4,115,30,134
73,64,11,1,1,115,30,134
73,65,1,1,-7,115,35,134
73,66,41,1,-2,105,35,134
73,67,48,0,-12,105,35,139
73,68,23,0,-17,95,35,144
73,69,5,0,-22,95,40,144
73,70,2,1,-17,95,30,144
73,71,22,1,-17,100,20,144
73,72,26,1,-7,100,15,144
73,73,16,1,-7,100,5,144
73,74,20,1,-7,105,-10,144
73,75,13,0,-7,105,-10,149
73,76,42,0,-15,105,-10,159
73,77,44,1,-10,105,-10,159
73,78,47,1,-10,105,-10,174
73,79,10,1,10,105,-20,174
73,80,14,1,10,110,-20,174
73,81,8,1,0,110,-20,179
73,82,41,0,-10,120,-20,179
73,83,36,0,-10,115,-20,181
73,84,23,1,0,115,-25,181
73,85,11,0,-5,115,-25,183
73,86,5,0,-10,115,-20,183
73,87,24,1,-5,115,-20,183
73,88,37,0,-17,125,-20,183
73,89,26,0,-22,125,-20,188
73,90,30,0,-22,125,-30,198
73,91,17,1,-37,125,-20,198
73,92,38,0,-42,130,-20,198
73,93,22,1,-42,135,-30,198
73,94,18,1,-32,135,-30,198
73,95,14,1,-32,140,-30,198
73,96,13,1,-27,145,-30,198
73,97,15,0,-7,140,-30,198
73,98,25,0,-7,135,-20,198
73,99,28,0,-17,135,-10,198
74,0,38,0,45,55,50,50
74,1,44,1,50,55,50,50
74,2,9,1,55,55,50,50
74,3,47,1,55,55,50,65
74,4,13,0,55,55,50,70
74,5,16,1,55,55,40,70
74,6,10,0,50,60,40,70
74,7,28,0,40,60,50,70
74,8,25,1,40,65,40,70
74,9,18,0,15,65,40,80
74,10,45,1,15,70,40,80
74,11,4,0,0,75,40,80
74,12,48,1,0,80,40,70
74,13,11,0,-5,80,40,72
74,14,22,0,-10,80,45,72
74,15,21,0,-15,80,60,72
74,16,20,0,-20,80,75,72
74,17,41,0,-30,90,75,72
74,18,12,0,-35,100,75,72
74,19,5,1,-30,100,65,72
74,20,43,0,-10,100,55,72
74,21,36,0,-10,95,55,74
74,22,17,1,-25,95,65,74
74,23,11,1,-20,95,65,74
74,24,44,1,-15,95,65,74
74,25,6,0,-5,95,60,74
74,26,7,0,-20,100,60,74
74,27,46,0,-27,100,60,79
74,28,37,0,-39,110,60,79
74,29,41,0,-49,120,60,79
74,30,45,0,-49,120,60,84
74,31,38,1,-44,120,60,84
74,32,42,1,-44,125,60,84
74,33,40,1,-44,115,70,84
74,34,20,0,-49,115,85,84
74,35,3,1,-56,115,85,89
74,36,26,0,-61,115,85,94
74,37,27,1,-61,120,80,94
74,38,24,1,-56,120,80,94
74,39,41,0,-66,130,80,94
74,40,4,1,-56,130,80,89
74,41,9,0,-61,130,80,94
74,42,43,1,-61,130,85,79
74,43,15,0,-41,125,85,79
74,44,48,0,-51,125,85,84
74,45,12,1,-46,125,85,84
74,46,5,1,-41,125,75,84
74,47,16,0,-51,130,75,84
74,48,2,1,-46,130,65,84
74,49,1,0,-36,130,50,84
74,50,23,0,-41,120,50,89
74,51,13,0,-41,120,50,94
74,52,41,0,-51,130,50,94
74,53,42,1,-51,135,50,94
74,54,22,0,-56,135,55,94
74,55,15,0,-36,130,55,94
74,56,30,1,-36,130,65,94
74,57,20,0,-41,130,80,94
74,58,8,1,-51,130,80,99
74,59,5,1,-46,130,70,99
74,60,4,1,-36,130,70,94
74,61,12,0,-41,140,70,94
74,62,23,1,-31,140,65,94
74,63,29,1,-31,155,45,94
74,64,16,0,-41,160,45,94
74,65,14,0,-41,160,45,99
74,66,38,1,-36,160,45,99
74,67,3,0,-21,160,40,99
74,68,47,0,4,160,40,99
74,69,45,1,4,165,40,99
74,70,9,0,-1,165,40,104
74,71,37,1,9,165,40,104
74,72,12,0,4,175,40,104
74,73,44,0,4,175,50,109
74,74,25,0,4,170,60,109
74,75,46,1,9,170,60,104
74,76,5,0,4,170,65,104
74,77,36,0,4,165,65,106
74,78,41,1,9,155,65,106
74,79,27,0,19,140,65,106
74,80,23,0,14,130,65,111
74,81,2,0,4,130,70,111
74,82,3,1,-3,130,70,116
74,83,12,0,-8,140,70,116
74,84,29,0,-18,140,75,116
74,85,10,0,-23,145,75,116
74,86,13,1,-18,150,75,116
74,87,4,0,-33,155,75,116
74,88,41,0,-43,165,75,116
74,89,44,0,-43,165,85,121
74,90,22,0,-48,165,90,121
74,91,1,0,-38,165,75,121
74,92,25,1,-38,170,65,121
74,93,12,0,-43,180,65,121
74,94,21,1,-43,185,50,121
74,95,19,0,-63,185,60,131
74,96,16,1,-63,185,50,131
74,97,23,1,-53,185,45,131
74,98,20,0,-58,185,60,131
74,99,41,0,-68,195,60,131
75,0,20,0,45,50,65,50
75,1,19,1,60,50,65,50
75,2,5,1,65,50,55,50
75,3,11,0,60,50,55,52
75,4,25,0,60,45,65,52
75,5,7,0,45,50,65,52
75,6,10,0,40,55,65,52
75,7,4,1,50,55,65,47
75,8,37,0,38,65,65,47
75,9,38,0,33,70,65,47
75,10,6,0,43,70,60,47
75,11,41,0,33,80,60,47
75,12,13,0,33,80,60,52
75,13,29,1,33,95,40,52
75,14,14,0,33,95,40,57
75,15,24,0,28,95,45,57
75,16,36,1,28,100,45,52
75,17,12,0,23,110,45,52
75,18,17,1,8,110,55,52
75,19,4,1,18,110,55,47
75,20,9,1,23,110,55,47
75,21,21,0,18,110,70,47
75,22,41,1,23,100,70,47
75,23,22,0,18,100,75,47
75,24,46,0,11,100,75,52
75,25,5,0,6,100,80,52
75,26,3,1,-1,100,80,57
75,27,11,0,-6,100,80,59
75,28,28,0,-16,100,90,59
75,29,10,1,4,100,80,59
75,30,39,0,-3,105,80,59
75,31,16,1,-3,105,70,59
75,32,27,1,-3,110,65,59
75,33,36,0,-3,105,65,61
75,34,8,0,-3,110,55,61
75,35,41,1,2,100,55,61
75,36,4,0,-13,105,55,61
75,37,5,1,-8,105,45,61
75,38,25,1,-8,110,35,61
75,39,3,1,-15,110,35,66
75,40,26,0,-20,110,35,71
75,41,15,1,-20,115,35,71
75,42,38,0,-25,120,35,71
75,43,9,1,-20,120,35,71
75,44,23,0,-25,110,35,76
75,45,2,1,-20,110,25,76
75,46,18,1,-10,110,25,76
75,47,1,0,0,110,10,76
75,48,44,0,0,110,20,81
75,49,7,1,5,110,20,76
75,50,30,1,5,110,30,76
75,51,12,0,0,120,30,76
75,52,27,0,10,105,30,76
75,53,15,1,10,110,30,76
75,54,10,0,5,115,30,76
75,55,14,0,5,115,30,81
75,56,37,0,-7,125,30,81
75,57,25,0,-7,120,40,81
75,58,5,0,-12,120,45,81
75,59,26,0,-17,120,45,86
75,60,2,1,-12,120,35,86
75,61,39,0,-19,125,35,86
75,62,20,1,-19,130,20,86
75,63,15,0,1,125,20,86
75,64,16,1,1,125,10,86
75,65,22,1,1,130,0,86
75,66,13,0,1,130,0,91
75,67,19,0,-19,130,10,101
75,68,6,1,-27,130,10,106
75,69,3,1,-34,130,10,111
75,70,38,1,-29,130,10,111
75,71,21,1,-29,135,-5,111
75,72,48,1,-29,140,-5,101
75,73,28,1,-19,140,-5,101
75,74,11,1,-14,140,-5,101
75,75,9,0,-19,140,-5,106
75,76,36,0,-19,135,-5,108
75,77,29,1,-19,150,-25,108
75,78,15,0,1,145,-25,108
75,79,4,1,11,145,-25,103
75,80,14,0,11,145,-25,108
75,81,13,1,16,150,-25,108
75,82,22,0,11,150,-20,108
75,83,20,1,11,155,-35,108
75,84,30,1,11,155,-25,108
75,85,47,0,36,155,-25,108
75,86,17,0,16,165,-25,108
75,87,44,0,16,165,-15,113
75,88,40,0,16,175,-25,113
75,89,16,0,6,180,-25,113
75,90,9,1,11,180,-25,113
75,91,11,1,16,180,-25,113
75,92,43,0,36,180,-35,113
75,93,23,1,46,180,-40,113
75,94,25,0,46,175,-30,113
75,95,26,1,56,175,-35,113
75,96,38,1,61,175,-35,113
75,97,14,0,61,175,-35,118
75,98,39,0,54,180,-35,118
75,99,8,1,44,180,-35,123
76,0,43,0,70,50,40,50
76,1,6,1,62,50,40,55
76,2,14,0,62,50,40,60
76,3,10,0,57,55,40,60
76,4,2,1,62,55,30,60
76,5,27,1,62,60,25,60
76,6,9,0,57,60,25,65
76,7,26,0,52,60,25,70
76,8,42,1,52,65,25,70
76,9,1,0,62,65,10,70
76,10,8,1,52,65,10,75
76,11,48,1,52,70,10,65
76,12,38,1,57,70,10,65
76,13,4,0,42,75,10,65
76,14,24,0,37,75,15,65
76,15,15,0,57,70,15,65
76,16,37,0,45,80,15,65
76,17,14,1,45,85,15,65
76,18,23,0,40,75,15,70
76,19,6,0,50,75,10,70
76,20,5,0,45,75,15,70
76,21,27,1,45,80,10,70
76,22,9,0,40,80,10,75
76,23,10,1,60,80,0,75
76,24,18,1,70,80,0,75
76,25,13,0,70,80,0,80
76,26,7,1,75,80,0,75
76,27,8,1,65,80,0,80
76,28,21,1,65,85,-15,80
76,29,22,0,60,85,-10,80
76,30,16,1,60,85,-20,80
76,31,23,0,55,75,-20,85
76,32,12,1,60,75,-20,85
76,33,2,1,65,75,-30,85
76,34,1,1,57,75,-25,85
76,35,25,1,57,80,-35,85
76,36,39,1,62,80,-35,80
76,37,11,1,67,80,-35,80
76,38,27,0,77,65,-35,80
76,39,10,1,97,65,-45,80
76,40,4,0,82,70,-45,80
76,41,20,0,77,70,-30,80
76,42,7,0,62,75,-30,80
76,43,45,1,62,80,-30,80
76,44,16,1,62,80,-40,80
76,45,47,0,87,80,-40,80
76,46,14,0,87,80,-40,85
76,47,25,0,87,75,-30,85
76,48,5,0,82,75,-25,85
76,49,6,1,74,75,-25,90
76,50,48,1,74,80,-25,80
76,51,37,1,84,80,-25,80
76,52,18,0,59,80,-25,90
76,53,21,0,54,80,-10,90
76,54,1,1,46,80,-5,90
76,55,23,1,56,80,-10,90
76,56,22,0,51,80,-5,90
76,57,15,1,51,85,-5,90
76,58,16,1,51,85,-15,90
76,59,28,1,61,85,-15,90
76,60,9,1,66,85,-15,90
76,61,27,1,66,90,-20,90
76,62,2,0,56,90,-15,90
76,63,42,1,56,95,-15,90
76,64,14,0,56,95,-15,95
76,65,4,1,66,95,-15,90
76,66,21,0,61,95,0,90
76,67,43,0,81,95,-10,90
76,68,12,1,86,95,-10,90
76,69,1,0,96,95,-25,90
76,70,46,1,101,95,-25,85
76,71,13,0,101,95,-25,90
76,72,20,0,96,95,-10,90
76,73,41,1,101,85,-10,90
76,74,23,1,111,85,-15,90
76,75,25,0,111,80,-5,90
76,76,22,1,111,85,-15,90
76,77,2,0,101,85,-10,90
76,78,5,0,96,85,-5,90
76,79,18,0,71,85,-5,100
76,80,7,1,76,85,-5,95
76,81,27,1,76,90,-10,95
76,82,3,1,69,90,-10,100
76,83,12,0,64,100,-10,100
76,84,10,1,84,100,-20,100
76,85,26,0,79,100,-20,105
76,86,9,1,84,100,-20,105
76,87,25,1,84,105,-30,105
76,88,40,1,84,95,-20,105
76,89,38,1,89,95,-20,105
76,90,14,0,89,95,-20,110
76,91,47,1,89,95,-20,125
76,92,36,1,89,100,-20,120
76,93,46,1,94,100,-20,115
76,94,7,1,99,100,-20,110
76,95,48,1,99,105,-20,100
76,96,44,0,99,105,-10,105
76,97,22,0,94,105,-5,105
76,98,43,1,94,105,0,90
76,99,2,0,84,105,5,90
77,0,20,1,50,55,35,50
77,1,29,0,40,55,40,50
77,2,14,0,40,55,40,55
77,3,12,1,45,55,40,55
77,4,1,1,37,55,45,55
77,5,25,0,37,50,55,55
77,6,40,1,37,40,65,55
77,7,23,1,47,40,60,55
77,8,3,0,62,40,55,55
77,9,19,1,77,40,55,55
77,10,47,0,102,40,55,55
77,11,15,0,122,35,55,55
77,12,28,1,132,35,55,55
77,13,7,1,137,35,55,50
77,14,9,1,142,35,55,50
77,15,20,0,137,35,70,50
77,16,21,0,132,35,85,50
77,17,27,1,132,40,80,50
77,18,1,0,142,40,65,50
77,19,25,1,142,45,55,50
77,20,2,1,147,45,45,50
77,21,36,0,147,40,45,52
77,22,26,1,157,40,40,52
77,23,29,0,147,40,45,52
77,24,15,1,147,45,45,52
77,25,40,1,147,35,55,52
77,26,4,1,157,35,55,47
77,27,23,0,152,25,55,52
77,28,14,0,152,25,55,57
77,29,10,0,147,30,55,57
77,30,30,1,147,30,65,57
77,31,5,0,142,30,70,57
77,32,13,1,147,35,70,57
77,33,20,0,142,35,85,57
77,34,15,1,142,40,85,57
77,35,18,1,152,40,85,57
77,36,44,0,152,40,95,62
77,37,48,0,142,40,95,67
77,38,24,0,137,40,100,67
77,39,6,1,129,40,100,72
77,40,43,1,129,40,105,57
77,41,37,0,117,50,105,57
77,42,28,1,127,50,105,57
77,43,40,1,127,40,115,57
77,44,14,1,127,45,115,57
77,45,25,1,127,50,105,57
77,46,12,1,132,50,105,57
77,47,3,1,125,50,105,62
77,48,4,1,135,50,105,57
77,49,23,0,130,40,105,62
77,50,7,0,115,45,105,62
77,51,30,0,115,45,95,72
77,52,15,0,135,40,95,72
77,53,44,0,135,40,105,77
77,54,41,1,140,30,105,77
77,55,5,1,145,30,95,77
77,56,20,1,145,35,80,77
77,57,10,1,165,35,70,77
77,58,26,1,175,35,65,77
77,59,6,1,167,35,65,82
77,60,22,1,167,40,55,82
77,61,39,1,172,40,55,77
77,62,16,1,172,40,45,77
77,63,12,1,177,40,45,77
77,64,46,0,170,40,45,82
77,65,23,0,165,30,45,87
77,66,13,0,165,30,45,92
77,67,25,0,165,25,55,92
77,68,42,0,157,25,55,102
77,69,36,1,157,30,55,97
77,70,43,1,157,30,60,82
77,71,18,1,167,30,60,82
77,72,41,1,172,20,60,82
77,73,3,0,187,20,55,82
77,74,10,0,182,25,55,82
77,75,14,0,182,25,55,87
77,76,16,0,172,30,55,87
77,77,23,0,167,20,55,92
77,78,15,0,187,15,55,92
77,79,8,0,187,20,45,92
77,80,28,0,177,20,55,92
77,81,9,1,182,20,55,92
77,82,5,1,187,20,45,92
77,83,13,0,187,20,45,97
77,84,2,1,192,20,35,97
77,85,47,1,192,20,35,112
77,86,6,0,202,20,30,112
77,87,14,1,202,25,30,112
77,88,41,0,192,35,30,112
77,89,44,0,192,35,40,117
77,90,30,0,192,35,30,127
77,91,20,1,192,40,15,127
77,92,1,1,184,40,20,127
77,93,16,0,174,45,20,127
77,94,11,1,179,45,20,127
77,95,22,1,179,50,10,127
77,96,9,1,184,50,10,127
77,97,48,1,184,55,10,117
77,98,12,1,189,55,10,117
77,99,39,1,194,55,10,112
78,0,18,1,60,50,50,50
78,1,15,0,80,45,50,50
78,2,9,0,75,45,50,55
78,3,13,0,75,45,50,60
78,4,24,0,70,45,55,60
78,5,23,0,65,35,55,65
78,6,25,0,65,30,65,65
78,7,20,0,60,30,80,65
78,8,8,1,50,30,80,70
78,9,12,0,45,40,80,70
78,10,28,1,55,40,80,70
78,11,46,0,48,40,80,75
78,12,11,0,43,40,80,77
78,13,37,1,53,40,80,77
78,14,26,1,63,40,75,77
78,15,16,0,53,45,75,77
78,16,27,1,53,50,70,77
78,17,41,1,58,40,70,77
78,18,14,0,58,40,70,82
78,19,18,1,68,40,70,82
78,20,36,0,68,35,70,84
78,21,45,1,68,40,70,84
78,22,42,1,68,45,70,84
78,23,46,1,73,45,70,79
78,24,15,0,93,40,70,79
78,25,5,1,98,40,60,79
78,26,24,0,93,40,65,79
78,27,26,1,103,40,60,79
78,28,20,1,103,45,45,79
78,29,1,0,113,45,30,79
78,30,44,1,118,45,30,79
78,31,37,1,128,45,30,79
78,32,43,1,128,45,35,64
78,33,11,1,133,45,35,64
78,34,10,1,153,45,25,64
78,35,2,1,158,45,15,64
78,36,29,0,148,45,20,64
78,37,3,0,163,45,15,64
78,38,30,0,163,45,5,74
78,39,5,0,158,45,10,74
78,40,13,1,163,50,10,74
78,41,9,1,168,50,10,74
78,42,21,0,163,50,25,74
78,43,47,1,163,50,25,89
78,44,22,1,163,55,15,89
78,45,15,1,163,60,15,89
78,46,40,1,163,50,25,89
78,47,45,0,163,50,25,94
78,48,18,0,138,50,25,104
78,49,24,1,143,50,25,104
78,50,26,1,153,50,20,104
78,51,20,1,153,55,5,104
78,52,27,0,163,40,5,104
78,53,42,1,163,45,5,104
78,54,5,1,168,45,-5,104
78,55,43,0,188,45,-15,104
78,56,1,0,198,45,-30,104
78,57,9,1,203,45,-30,104
78,58,16,0,193,50,-30,104
78,59,22,0,188,50,-25,104
78,60,44,1,193,50,-25,104
78,61,3,1,186,50,-25,109
78,62,4,0,171,55,-25,109
78,63,45,1,171,60,-25,109
78,64,48,1,171,65,-25,99
78,65,10,0,166,70,-25,99
78,66,37,0,154,80,-25,99
78,67,23,0,149,70,-25,104
78,68,21,1,149,75,-40,104
78,69,11,0,144,75,-40,106
78,70,41,1,149,65,-40,106
78,71,1,0,159,65,-55,106
78,72,9,0,154,65,-55,111
78,73,26,0,149,65,-55,116
78,74,6,1,141,65,-55,121
78,75,3,0,156,65,-60,121
78,76,15,1,156,70,-60,121
78,77,46,0,149,70,-60,126
78,78,30,1,149,70,-50,126
78,79,24,0,144,70,-45,126
78,80,16,0,134,75,-45,126
78,81,29,1,134,90,-65,126
78,82,22,1,134,95,-75,126
78,83,1,1,126,95,-70,126
78,84,5,0,121,95,-65,126
78,85,40,0,121,105,-75,126
78,86,17,0,101,115,-75,126
78,87,4,1,111,115,-75,121
78,88,28,0,101,115,-65,121
78,89,6,0,111,115,-70,121
78,90,12,0,106,125,-70,121
78,91,7,0,91,130,-70,121
78,92,14,1,91,135,-70,121
78,93,25,1,91,140,-80,121
78,94,46,0,84,140,-80,126
78,95,15,1,84,145,-80,126
78,96,23,0,79,135,-80,131
78,97,43,1,79,135,-75,116
78,98,22,0,74,135,-70,116
78,99,41,1,79,125,-70,116
79,0,15,0,70,45,50,50
79,1,25,0,70,40,60,50
79,2,29,0,60,40,65,50
79,3,47,0,85,40,65,50
79,4,7,0,70,45,65,50
79,5,28,1,80,45,65,50
79,6,37,1,90,45,65,50
79,7,40,1,90,35,75,50
79,8,21,1,90,40,60,50
79,9,27,0,100,25,60,50
79,10,8,0,100,30,50,50
79,11,3,1,93,30,50,55
79,12,22,1,93,35,40,55
79,13,41,0,83,45,40,55
79,14,18,0,58,45,40,65
79,15,29,0,48,45,45,65
79,16,15,0,68,40,45,65
79,17,4,0,53,45,45,65
79,18,23,0,48,35,45,70
79,19,48,0,38,35,45,75
79,20,13,1,43,40,45,75
79,21,14,0,43,40,45,80
79,22,11,0,38,40,45,82
79,23,25,0,38,35,55,82
79,24,8,0,38,40,45,82
79,25,41,1,43,30,45,82
79,26,38,0,38,35,45,82
79,27,15,1,38,40,45,82
79,28,22,1,38,45,35,82
79,29,36,0,38,40,35,84
79,30,28,1,48,40,35,84
79,31,4,0,33,45,35,84
79,32,26,1,43,45,30,84
79,33,42,0,35,45,30,94
79,34,12,0,30,55,30,94
79,35,25,1,30,60,20,94
79,36,18,0,5,60,20,104
79,37,27,0,15,45,20,104
79,38,23,0,10,35,20,109
79,39,21,0,5,35,35,109
79,40,20,0,0,35,50,109
79,41,41,1,5,25,50,109
79,42,13,1,10,30,50,109
79,43,24,0,5,30,55,109
79,44,16,1,5,30,45,109
79,45,12,0,0,40,45,109
79,46,43,1,0,40,50,94
79,47,26,1,10,40,45,94
79,48,9,0,5,40,45,99
79,49,44,1,10,40,45,99
79,50,15,1,10,45,45,99
79,51,39,0,3,50,45,99
79,52,14,1,3,55,45,99
79,53,37,0,-9,65,45,99
79,54,16,0,-19,70,45,99
79,55,12,0,-24,80,45,99
79,56,38,0,-29,85,45,99
79,57,4,0,-44,90,45,99
79,58,20,0,-49,90,60,99
79,59,30,0,-49,90,50,109
79,60,11,1,-44,90,50,109
79,61,1,1,-52,90,55,109
79,62,13,1,-47,95,55,109
79,63,5,0,-52,95,60,109
79,64,23,0,-57,85,60,114
79,65,41,0,-67,95,60,114
79,66,3,0,-52,95,55,114
79,67,43,1,-52,95,60,99
79,68,44,1,-47,95,60,99
79,69,12,0,-52,105,60,99
79,70,26,0,-57,105,60,104
79,71,25,1,-57,110,50,104
79,72,40,0,-57,120,40,104
79,73,27,1,-57,125,35,104
79,74,47,0,-32,125,35,104
79,75,37,0,-44,135,35,104
79,76,14,1,-44,140,35,104
79,77,10,1,-24,140,25,104
79,78,16,0,-34,145,25,104
79,79,12,0,-39,155,25,104
79,80,15,0,-19,150,25,104
79,81,3,0,-4,150,20,104
79,82,4,0,-19,155,20,104
79,83,6,0,-9,155,15,104
79,84,5,0,-14,155,20,104
79,85,25,1,-14,160,10,104
79,86,42,1,-14,165,10,104
79,87,24,0,-19,165,15,104
79,88,13,0,-19,165,15,109
79,89,20,0,-24,165,30,109
79,90,15,0,-4,160,30,109
79,91,10,1,16,160,20,109
79,92,7,1,21,160,20,104
79,93,22,1,21,165,10,104
79,94,41,1,26,155,10,104
79,95,23,1,36,155,5,104
79,96,11,1,41,155,5,104
79,97,1,0,51,155,-10,104
79,98,48,1,51,160,-10,94
79,99,14,1,51,165,-10,94
80,0,13,1,55,55,50,50
80,1,1,1,47,55,55,50
80,2,40,1,47,45,65,50
80,3,10,1,67,45,55,50
80,4,25,1,67,50,45,50
80,5,46,1,72,50,45,45
80,6,2,1,77,50,35,45
80,7,3,0,92,50,30,45
80,8,41,0,82,60,30,45
80,9,4,1,92,60,30,40
80,10,14,0,92,60,30,45
80,11,9,1,97,60,30,45
80,12,26,0,92,60,30,50
80,13,6,1,84,60,30,55
80,14,47,0,109,60,30,55
80,15,1,1,101,60,35,55
80,16,36,1,101,65,35,50
80,17,17,0,81,75,35,50
80,18,23,0,76,65,35,55
80,19,7,0,61,70,35,55
80,20,3,0,76,70,30,55
80,21,43,1,76,70,35,40
80,22,27,0,86,55,35,40
80,23,15,0,106,50,35,40
80,24,4,0,91,55,35,40
80,25,8,1,81,55,35,45
80,26,10,0,76,60,35,45
80,27,14,0,76,60,35,50
80,28,2,0,66,60,40,50
80,29,9,1,71,60,40,50
80,30,28,1,81,60,40,50
80,31,36,1,81,65,40,45
80,32,16,0,71,70,40,45
80,33,12,1,76,70,40,45
80,34,40,0,76,80,30,45
80,35,41,1,81,70,30,45
80,36,23,1,91,70,25,45
80,37,42,1,91,75,25,45
80,38,21,0,86,75,40,45
80,39,13,0,86,75,40,50
80,40,5,0,81,75,45,50
80,41,43,0,101,75,35,50
80,42,17,1,86,75,45,50
80,43,8,0,86,80,35,50
80,44,26,0,81,80,35,55
80,45,2,1,86,80,25,55
80,46,9,1,91,80,25,55
80,47,12,1,96,80,25,55
80,48,11,0,91,80,25,57
80,49,4,1,101,80,25,52
80,50,3,0,116,80,20,52
80,51,30,0,116,80,10,62
80,52,41,0,106,90,10,62
80,53,38,1,111,90,10,62
80,54,37,0,99,100,10,62
80,55,6,1,91,100,10,67
80,56,13,1,96,105,10,67
80,57,42,0,88,105,10,77
80,58,23,1,98,105,5,77
80,59,11,0,93,105,5,79
80,60,22,0,88,105,10,79
80,61,12,0,83,115,10,79
80,62,15,1,83,120,10,79
80,63,10,1,103,120,0,79
80,64,25,0,103,115,10,79
80,65,41,0,93,125,10,79
80,66,2,1,98,125,0,79
80,67,19,0,78,125,10,89
80,68,14,0,78,125,10,94
80,69,6,0,88,125,5,94
80,70,9,0,83,125,5,99
80,71,5,0,78,125,10,99
80,72,17,1,63,125,20,99
80,73,3,1,56,125,20,104
80,74,26,0,51,125,20,109
80,75,48,0,41,125,20,114
80,76,22,1,41,130,10,114
80,77,24,0,36,130,15,114
80,78,1,1,28,130,20,114
80,79,44,1,33,130,20,114
80,80,4,0,18,135,20,114
80,81,13,1,23,140,20,114
80,82,23,0,18,130,20,119
80,83,14,1,18,135,20,119
80,84,41,0,8,145,20,119
80,85,28,1,18,145,20,119
80,86,42,0,10,145,20,129
80,87,16,1,10,145,10,129
80,88,45,0,10,145,10,134
80,89,26,0,5,145,10,139
80,90,24,0,0,145,15,139
80,91,38,1,5,145,15,139
80,92,18,0,-20,145,15,149
80,93,22,0,-25,145,20,149
80,94,23,0,-30,135,20,154
80,95,14,1,-30,140,20,154
80,96,10,0,-35,145,20,154
80,97,12,0,-40,155,20,154
80,98,3,1,-47,155,20,159
80,99,25,0,-47,150,30,159
81,0,48,0,40,50,50,55
81,1,16,1,40,50,40,55
81,2,45,1,40,55,40,55
81,3,39,0,33,60,40,55
81,4,11,0,28,60,40,57
81,5,9,0,23,60,40,62
81,6,25,1,23,65,30,62
81,7,38,0,18,70,30,62
81,8,13,1,23,75,30,62
81,9,12,1,28,75,30,62
81,10,15,0,48,70,30,62
81,11,36,1,48,75,30,57
81,12,4,0,33,80,30,57
81,13,43,0,53,80,20,57
81,14,10,0,48,85,20,57
81,15,3,1,41,85,20,62
81,16,26,0,36,85,20,67
81,17,21,0,31,85,35,67
81,18,20,0,26,85,50,67
81,19,7,1,31,85,50,62
81,20,22,0,26,85,55,62
81,21,29,0,16,85,60,62
81,22,48,1,16,90,60,52
81,23,23,0,11,80,60,57
81,24,12,1,16,80,60,57
81,25,28,0,6,80,70,57
81,26,47,0,31,80,70,57
81,27,27,0,41,65,70,57
81,28,38,0,36,70,70,57
81,29,26,1,46,70,65,57
81,30,41,0,36,80,65,57
81,31,16,1,36,80,55,57
81,32,14,1,36,85,55,57
81,33,36,1,36,90,55,52
81,34,15,1,36,95,55,52
81,35,13,0,36,95,55,57
81,36,1,0,46,95,40,57
81,37,40,1,46,85,50,57
81,38,10,0,41,90,50,57
81,39,25,0,41,85,60,57
81,40,9,1,46,85,60,57
81,41,8,0,46,90,50,57
81,42,27,0,56,75,50,57
81,43,5,0,51,75,55,57
81,44,2,1,56,75,45,57
81,45,39,1,61,75,45,52
81,46,15,0,81,70,45,52
81,47,45,0,81,70,45,57
81,48,6,0,91,70,40,57
81,49,4,1,101,70,40,52
81,50,24,0,96,70,45,52
81,51,42,0,88,70,45,62
81,52,22,0,83,70,50,62
81,53,17,1,68,70,60,62
81,54,41,0,58,80,60,62
81,55,23,1,68,80,55,62
81,56,30,1,68,80,65,62
81,57,12,0,63,90,65,62
81,58,26,1,73,90,60,62
81,59,8,0,73,95,50,62
81,60,25,1,73,100,40,62
81,61,37,0,61,110,40,62
81,62,11,0,56,110,40,64
81,63,18,1,66,110,40,64
81,64,39,0,59,115,40,64
81,65,5,1,64,115,30,64
81,66,9,0,59,115,30,69
81,67,14,1,59,120,30,69
81,68,2,0,49,120,35,69
81,69,13,1,54,125,35,69
81,70,1,1,46,125,40,69
81,71,17,1,31,125,50,69
81,72,36,0,31,120,50,71
81,73,11,1,36,120,50,71
81,74,26,0,31,120,50,76
81,75,4,1,41,120,50,71
81,76,15,0,61,115,50,71
81,77,8,0,61,120,40,71
81,78,38,1,66,120,40,71
81,79,29,0,56,120,45,71
81,80,25,0,56,115,55,71
81,81,9,0,51,115,55,76
81,82,43,1,51,115,60,61
81,83,46,0,44,115,60,66
81,84,2,0,34,115,65,66
81,85,5,0,29,115,70,66
81,86,27,1,29,120,65,66
81,87,7,0,14,125,65,66
81,88,1,1,6,125,70,66
81,89,22,1,6,130,60,66
81,90,37,1,16,130,60,66
81,91,30,0,16,130,50,76
81,92,20,1,16,135,35,76
81,93,4,1,26,135,35,71
81,94,13,0,26,135,35,76
81,95,15,1,26,140,35,76
81,96,38,0,21,145,35,76
81,97,21,1,21,150,20,76
81,98,23,0,16,140,20,81
81,99,9,1,21,140,20,81
82,0,41,1,55,40,50,50
82,1,43,0,75,40,40,50
82,2,12,0,70,50,40,50
82,3,24,1,75,50,40,50
82,4,40,1,75,40,50,50
82,5,3,1,68,40,50,55
82,6,27,1,68,45,45,55
82,7,20,1,68,50,30,55
82,8,16,0,58,55,30,55
82,9,2,0,48,55,35,55
82,10,9,1,53,55,35,55
82,11,15,0,73,50,35,55
82,12,46,0,66,50,35,60
82,13,6,1,58,50,35,65
82,14,45,1,58,55,35,65
82,15,1,1,50,55,40,65
82,16,23,0,45,45,40,70
82,17,48,1,45,50,40,60
82,18,4,1,55,50,40,55
82,19,13,0,55,50,40,60
82,20,41,0,45,60,40,60
82,21,25,0,45,55,50,60
82,22,11,1,50,55,50,60
82,23,24,1,55,55,50,60
82,24,39,1,60,55,50,55
82,25,42,0,52,55,50,65
82,26,29,1,52,70,30,65
82,27,10,1,72,70,20,65
82,28,26,1,82,70,15,65
82,29,30,1,82,70,25,65
82,30,3,1,75,70,25,70
82,31,15,0,95,65,25,70
82,32,8,1,85,65,25,75
82,33,43,0,105,65,15,75
82,34,41,1,110,55,15,75
82,35,11,0,105,55,15,77
82,36,23,0,100,45,15,82
82,37,14,1,100,50,15,82
82,38,27,1,100,55,10,82
82,39,16,0,90,60,10,82
82,40,9,1,95,60,10,82
82,41,45,1,95,65,10,82
82,42,15,0,115,60,10,82
82,43,10,0,110,65,10,82
82,44,36,0,110,60,10,84
82,45,17,0,90,70,10,84
82,46,38,0,85,75,10,84
82,47,12,0,80,85,10,84
82,48,22,1,80,90,0,84
82,49,5,0,75,90,5,84
82,50,23,0,70,80,5,89
82,51,11,1,75,80,5,89
82,52,7,1,80,80,5,84
82,53,42,0,72,80,5,94
82,54,21,1,72,85,-10,94
82,55,37,0,60,95,-10,94
82,56,41,1,65,85,-10,94
82,57,45,0,65,85,-10,99
82,58,30,1,65,85,0,99
82,59,40,1,65,75,10,99
82,60,13,1,70,80,10,99
82,61,26,1,80,80,5,99
82,62,36,0,80,75,5,101
82,63,1,0,90,75,-10,101
82,64,17,1,75,75,0,101
82,65,47,0,100,75,0,101
82,66,15,0,120,70,0,101
82,67,16,0,110,75,0,101
82,68,2,0,100,75,5,101
82,69,23,0,95,65,5,106
82,70,41,1,100,55,5,106
82,71,21,0,95,55,20,106
82,72,12,1,100,55,20,106
82,73,38,1,105,55,20,106
82,74,4,1,115,55,20,101
82,75,10,0,110,60,20,101
82,76,14,1,110,65,20,101
82,77,25,1,110,70,10,101
82,78,5,0,105,70,15,101
82,79,3,1,98,70,15,106
82,80,48,1,98,75,15,96
82,81,46,1,103,75,15,91
82,82,16,0,93,80,15,91
82,83,40,0,93,90,5,91
82,84,8,0,93,95,-5,91
82,85,9,1,98,95,-5,91
82,86,12,1,103,95,-5,91
82,87,10,0,98,100,-5,91
82,88,27,0,108,85,-5,91
82,89,24,0,103,85,0,91
82,90,44,0,103,85,10,96
82,91,6,1,95,85,10,101
82,92,15,1,95,90,10,101
82,93,16,1,95,90,0,101
82,94,2,1,100,90,-10,101
82,95,25,1,100,95,-20,101
82,96,5,0,95,95,-15,101
82,97,30,1,95,95,-5,101
82,98,13,1,100,100,-5,101
82,99,36,0,100,95,-5,103
83,0,9,1,55,50,50,50
83,1,23,0,50,40,50,55
83,2,36,1,50,45,50,50
83,3,26,1,60,45,45,50
83,4,10,1,80,45,35,50
83,5,41,1,85,35,35,50
83,6,12,0,80,45,35,50
83,7,21,0,75,45,50,50
83,8,40,0,75,55,40,50
83,9,5,0,70,55,45,50
83,10,27,0,80,40,45,50
83,11,25,1,80,45,35,50
83,12,14,0,80,45,35,55
83,13,43,1,80,45,40,40
83,14,16,0,70,50,40,40
83,15,11,1,75,50,40,40
83,16,20,0,70,50,55,40
83,17,41,0,60,60,55,40
83,18,22,0,55,60,60,40
83,19,46,0,48,60,60,45
83,20,13,0,48,60,60,50
83,21,2,0,38,60,65,50
83,22,3,1,31,60,65,55
83,23,4,1,41,60,65,50
83,24,45,0,41,60,65,55
83,25,12,0,36,70,65,55
83,26,1,0,46,70,50,55
83,27,15,0,66,65,50,55
83,28,41,0,56,75,50,55
83,29,28,1,66,75,50,55
83,30,40,1,66,65,60,55
83,31,25,0,66,60,70,55
83,32,20,1,66,65,55,55
83,33,5,0,61,65,60,55
83,34,18,0,36,65,60,65
83,35,16,0,26,70,60,65
83,36,46,1,31,70,60,60
83,37,19,1,46,70,60,60
83,38,37,1,56,70,60,60
83,39,1,0,66,70,45,60
83,40,17,1,51,70,55,60
83,41,12,1,56,70,55,60
83,42,13,0,56,70,55,65
83,43,6,1,48,70,55,70
83,44,30,0,48,70,45,80
83,45,22,0,43,70,50,80
83,46,16,0,33,75,50,80
83,47,41,0,23,85,50,80
83,48,38,0,18,90,50,80
83,49,3,0,33,90,45,80
83,50,4,1,43,90,45,75
83,51,25,0,43,85,55,75
83,52,21,1,43,90,40,75
83,53,20,1,43,95,25,75
83,54,23,0,38,85,25,80
83,55,2,1,43,85,15,80
83,56,11,0,38,85,15,82
83,57,8,0,38,90,5,82
83,58,13,1,43,95,5,82
83,59,17,1,28,95,15,82
83,60,9,0,23,95,15,87
83,61,14,1,23,100,15,87
83,62,4,0,8,105,15,87
83,63,18,1,18,105,15,87
83,64,1,1,10,105,20,87
83,65,26,1,20,105,15,87
83,66,3,1,13,105,15,92
83,67,15,0,33,100,15,92
83,68,40,0,33,110,5,92
83,69,27,1,33,115,0,92
83,70,12,1,38,115,0,92
83,71,5,1,43,115,-10,92
83,72,8,0,43,120,-20,92
83,73,22,0,38,120,-15,92
83,74,11,0,33,120,-15,94
83,75,13,1,38,125,-15,94
83,76,16,0,28,130,-15,94
83,77,29,1,28,145,-35,94
83,78,2,0,18,145,-30,94
83,79,4,0,3,150,-30,94
83,80,23,0,-2,140,-30,99
83,81,9,0,-7,140,-30,104
83,82,20,1,-7,145,-45,104
83,83,24,0,-12,145,-40,104
83,84,12,1,-7,145,-40,104
83,85,41,0,-17,155,-40,104
83,86,16,1,-17,155,-50,104
83,87,7,1,-12,155,-50,99
83,88,46,1,-7,155,-50,94
83,89,28,0,-17,155,-40,94
83,90,1,0,-7,155,-55,94
83,91,22,1,-7,160,-65,94
83,92,11,0,-12,160,-65,96
83,93,36,0,-12,155,-65,98
83,94,43,0,8,155,-75,98
83,95,19,0,-12,155,-65,108
83,96,16,1,-12,155,-75,108
83,97,17,1,-27,155,-65,108
83,98,29,1,-27,170,-85,108
83,99,12,0,-32,180,-85,108
84,0,3,0,65,50,45,50
84,1,2,0,55,50,50,50
84,2,19,1,70,50,50,50
84,3,46,0,63,50,50,55
84,4,22,0,58,50,55,55
84,5,9,1,63,50,55,55
84,6,14,1,63,55,55,55
84,7,18,0,38,55,55,65
84,8,8,0,38,60,45,65
84,9,48,0,28,60,45,70
84,10,25,1,28,65,35,70
84,11,16,1,28,65,25,70
84,12,4,0,13,70,25,70
84,13,40,1,13,60,35,70
84,14,45,0,13,60,35,75
84,15,11,1,18,60,35,75
84,16,2,0,8,60,40,75
84,17,5,0,3,60,45,75
84,18,36,1,3,65,45,70
84,19,27,1,3,70,40,70
84,20,23,0,-2,60,40,75
84,21,43,0,18,60,30,75
84,22,42,0,10,60,30,85
84,23,41,1,15,50,30,85
84,24,1,0,25,50,15,85
84,25,39,0,18,55,15,85
84,26,25,1,18,60,5,85
84,27,12,1,23,60,5,85
84,28,26,1,33,60,0,85
84,29,46,0,26,60,0,90
84,30,5,1,31,60,-10,90
84,31,3,0,46,60,-15,90
84,32,11,0,41,60,-15,92
84,33,9,1,46,60,-15,92
84,34,37,0,34,70,-15,92
84,35,23,1,44,70,-20,92
84,36,41,1,49,60,-20,92
84,37,6,0,59,60,-25,92
84,38,12,1,64,60,-25,92
84,39,2,0,54,60,-20,92
84,40,22,1,54,65,-30,92
84,41,46,0,47,65,-30,97
84,42,8,0,47,70,-40,97
84,43,14,1,47,75,-40,97
84,44,15,0,67,70,-40,97
84,45,26,1,77,70,-45,97
84,46,1,1,69,70,-40,97
84,47,13,1,74,75,-40,97
84,48,19,1,89,75,-40,97
84,49,18,0,64,75,-40,107
84,50,17,1,49,75,-30,107
84,51,5,1,54,75,-40,107
84,52,45,0,54,75,-40,112
84,53,39,0,47,80,-40,112
84,54,16,0,37,85,-40,112
84,55,23,0,32,75,-40,117
84,56,2,1,37,75,-50,117
84,57,6,0,47,75,-55,117
84,58,24,0,42,75,-50,117
84,59,14,1,42,80,-50,117
84,60,26,1,52,80,-55,117
84,61,41,1,57,70,-55,117
84,62,37,1,67,70,-55,117
84,63,9,0,62,70,-55,122
84,64,40,0,62,80,-65,122
84,65,27,1,62,85,-70,122
84,66,13,0,62,85,-70,127
84,67,29,0,52,85,-65,127
84,68,7,1,57,85,-65,122
84,69,10,0,52,90,-65,122
84,70,5,0,47,90,-60,122
84,71,44,1,52,90,-60,122
84,72,17,1,37,90,-50,122
84,73,42,0,29,90,-50,132
84,74,23,0,24,80,-50,137
84,75,12,1,29,80,-50,137
84,76,11,1,34,80,-50,137
84,77,16,1,34,80,-60,137
84,78,20,1,34,85,-75,137
84,79,47,1,34,85,-75,152
84,80,4,1,44,85,-75,147
84,81,15,1,44,90,-75,147
84,82,36,1,44,95,-75,142
84,83,25,0,44,90,-65,142
84,84,13,0,44,90,-65,147
84,85,10,0,39,95,-65,147
84,86,40,0,39,105,-75,147
84,87,16,1,39,105,-85,147
84,88,21,0,34,105,-70,147
84,89,2,0,24,105,-65,147
84,90,43,0,44,105,-75,147
84,91,5,0,39,105,-70,147
84,92,1,0,49,105,-85,147
84,93,28,0,39,105,-75,147
84,94,20,1,39,110,-90,147
84,95,3,1,32,110,-90,152
84,96,7,0,17,115,-90,152
84,97,16,1,17,115,-100,152
84,98,12,0,12,125,-100,152
84,99,44,0,12,125,-90,157
85,0,1,0,60,50,35,50
85,1,18,1,70,50,35,50
85,2,26,0,65,50,35,55
85,3,46,1,70,50,35,50
85,4,41,1,75,40,35,50
85,5,48,1,75,45,35,40
85,6,44,0,75,45,45,45
85,7,27,1,75,50,40,45
85,8,25,0,75,45,50,45
85,9,2,1,80,45,40,45
85,10,11,0,75,45,40,47
85,11,20,0,70,45,55,47
85,12,37,0,58,55,55,47
85,13,12,1,63,55,55,47
85,14,3,0,78,55,50,47
85,15,10,1,98,55,40,47
85,16,26,0,93,55,40,52
85,17,41,1,98,45,40,52
85,18,13,1,103,50,40,52
85,19,16,0,93,55,40,52
85,20,24,1,98,55,40,52
85,21,27,1,98,60,35,52
85,22,7,1,103,60,35,47
85,23,23,1,113,60,30,47
85,24,22,1,113,65,20,47
85,25,48,0,103,65,20,52
85,26,36,1,103,70,20,47
85,27,30,1,103,70,30,47
85,28,12,0,98,80,30,47
85,29,20,1,98,85,15,47
85,30,41,0,88,95,15,47
85,31,11,1,93,95,15,47
85,32,17,1,78,95,25,47
85,33,38,1,83,95,25,47
85,34,44,0,83,95,35,52
85,35,5,1,88,95,25,52
85,36,39,1,93,95,25,47
85,37,1,0,103,95,10,47
85,38,16,1,103,95,0,47
85,39,13,1,108,100,0,47
85,40,15,1,108,105,0,47
85,41,45,0,108,105,0,52
85,42,29,1,108,120,-20,52
85,43,41,0,98,130,-20,52
85,44,10,1,118,130,-30,52
85,45,4,0,103,135,-30,52
85,46,11,1,108,135,-30,52
85,47,9,1,113,135,-30,52
85,48,14,0,113,135,-30,57
85,49,2,0,103,135,-25,57
85,50,6,1,95,135,-25,62
85,51,15,1,95,140,-25,62
85,52,47,0,120,140,-25,62
85,53,17,0,100,150,-25,62
85,54,39,1,105,150,-25,57
85,55,36,1,105,155,-25,52
85,56,46,0,98,155,-25,57
85,57,21,0,93,155,-10,57
85,58,5,1,98,155,-20,57
85,59,11,1,103,155,-20,57
85,60,16,1,103,155,-30,57
85,61,23,0,98,145,-30,62
85,62,14,0,98,145,-30,67
85,63,20,1,98,150,-45,67
85,64,9,0,93,150,-45,72
85,65,41,0,83,160,-45,72
85,66,1,1,75,160,-40,72
85,67,24,1,80,160,-40,72
85,68,4,0,65,165,-40,72
85,69,15,1,65,170,-40,72
85,70,36,1,65,175,-40,67
85,71,12,0,60,185,-40,67
85,72,48,0,50,185,-40,72
85,73,2,0,40,185,-35,72
85,74,3,0,55,185,-40,72
85,75,21,0,50,185,-25,72
85,76,47,1,50,185,-25,87
85,77,5,1,55,185,-35,87
85,78,45,0,55,185,-35,92
85,79,39,1,60,185,-35,87
85,80,15,1,60,190,-35,87
85,81,16,1,60,190,-45,87
85,82,23,1,70,190,-50,87
85,83,22,1,70,195,-60,87
85,84,12,0,65,205,-60,87
85,85,4,0,50,210,-60,87
85,86,26,1,60,210,-65,87
85,87,1,1,52,210,-60,87
85,88,13,0,52,210,-60,92
85,89,2,1,57,210,-70,92
85,90,14,0,57,210,-70,97
85,91,41,0,47,220,-70,97
85,92,16,0,37,225,-70,97
85,93,6,1,29,225,-70,102
85,94,15,0,49,220,-70,102
85,95,10,0,44,225,-70,102
85,96,3,0,59,225,-75,102
85,97,5,0,54,225,-70,102
85,98,4,0,39,230,-70,102
85,99,26,0,34,230,-70,107
86,0,43,0,70,50,40,50
86,1,44,0,70,50,50,55
86,2,8,1,60,50,50,60
86,3,25,1,60,55,40,60
86,4,3,1,53,55,40,65
86,5,30,0,53,55,30,75
86,6,18,1,63,55,30,75
86,7,21,0,58,55,45,75
86,8,26,1,68,55,40,75
86,9,7,0,53,60,40,75
86,10,22,1,53,65,30,75
86,11,41,1,58,55,30,75
86,12,37,1,68,55,30,75
86,13,9,1,73,55,30,75
86,14,12,0,68,65,30,75
86,15,25,0,68,60,40,75
86,16,3,1,61,60,40,80
86,17,13,0,61,60,40,85
86,18,16,0,51,65,40,85
86,19,44,0,51,65,50,90
86,20,2,1,56,65,40,90
86,21,11,0,51,65,40,92
86,22,19,0,31,65,50,102
86,23,5,0,26,65,55,102
86,24,20,0,21,65,70,102
86,25,36,1,21,70,70,97
86,26,21,0,16,70,85,97
86,27,12,0,11,80,85,97
86,28,18,1,21,80,85,97
86,29,3,0,36,80,80,97
86,30,41,0,26,90,80,97
86,31,14,0,26,90,80,102
86,32,1,0,36,90,65,102
86,33,46,0,29,90,65,107
86,34,39,1,34,90,65,102
86,35,13,0,34,90,65,107
86,36,26,1,44,90,60,107
86,37,7,0,29,95,60,107
86,38,38,0,24,100,60,107
86,39,8,1,14,100,60,112
86,40,41,0,4,110,60,112
86,41,2,1,9,110,50,112
86,42,24,0,4,110,55,112
86,43,3,0,19,110,50,112
86,44,4,1,29,110,50,107
86,45,15,0,49,105,50,107
86,46,1,0,59,105,35,107
86,47,14,1,59,110,35,107
86,48,12,0,54,120,35,107
86,49,36,1,54,125,35,102
86,50,7,1,59,125,35,97
86,51,11,0,54,125,35,99
86,52,44,0,54,125,45,104
86,53,26,1,64,125,40,104
86,54,9,0,59,125,40,109
86,55,48,0,49,125,40,114
86,56,10,1,69,125,30,114
86,57,5,1,74,125,20,114
86,58,3,1,67,125,20,119
86,59,6,0,77,125,15,119
86,60,23,1,87,125,10,119
86,61,22,1,87,130,0,119
86,62,14,0,87,130,0,124
86,63,41,0,77,140,0,124
86,64,25,0,77,135,10,124
86,65,43,1,77,135,15,109
86,66,11,1,82,135,15,109
86,67,16,0,72,140,15,109
86,68,46,1,77,140,15,104
86,69,13,1,82,145,15,104
86,70,19,1,97,145,15,104
86,71,39,0,90,150,15,104
86,72,3,1,83,150,15,109
86,73,2,0,73,150,20,109
86,74,37,1,83,150,20,109
86,75,26,0,78,150,20,114
86,76,12,0,73,160,20,114
86,77,9,1,78,160,20,114
86,78,15,1,78,165,20,114
86,79,27,1,78,170,15,114
86,80,7,1,83,170,15,109
86,81,20,1,83,175,0,109
86,82,16,0,73,180,0,109
86,83,47,0,98,180,0,109
86,84,22,0,93,180,5,109
86,85,6,0,103,180,0,109
86,86,42,1,103,185,0,109
86,87,43,0,123,185,-10,109
86,88,41,0,113,195,-10,109
86,89,15,0,133,190,-10,109
86,90,2,0,123,190,-5,109
86,91,8,0,123,195,-15,109
86,92,25,0,123,190,-5,109
86,93,5,0,118,190,0,109
86,94,27,1,118,195,-5,109
86,95,36,1,118,200,-5,104
86,96,48,1,118,205,-5,94
86,97,26,1,128,205,-10,94
86,98,4,0,113,210,-10,94
86,99,23,0,108,200,-10,99
87,0,2,0,40,50,55,50
87,1,41,1,45,40,55,50
87,2,6,1,37,40,55,55
87,3,14,0,37,40,55,60
87,4,4,1,47,40,55,55
87,5,36,1,47,45,55,50
87,6,44,1,52,45,55,50
87,7,7,0,37,50,55,50
87,8,17,0,17,60,55,50
87,9,45,0,17,60,55,55
87,10,1,1,9,60,60,55
87,11,5,0,4,60,65,55
87,12,47,1,4,60,65,70
87,13,3,0,19,60,60,70
87,14,46,1,24,60,60,65
87,15,29,0,14,60,65,65
87,16,11,1,19,60,65,65
87,17,40,0,19,70,55,65
87,18,23,0,14,60,55,70
87,19,14,0,14,60,55,75
87,20,19,1,29,60,55,75
87,21,12,0,24,70,55,75
87,22,9,1,29,70,55,75
87,23,24,0,24,70,60,75
87,24,4,0,9,75,60,75
87,25,13,0,9,75,60,80
87,26,22,0,4,75,65,80
87,27,20,1,4,80,50,80
87,28,18,1,14,80,50,80
87,29,39,0,7,85,50,80
87,30,48,0,-3,85,50,85
87,31,16,1,-3,85,40,85
87,32,23,0,-8,75,40,90
87,33,5,0,-13,75,45,90
87,34,43,1,-13,75,50,75
87,35,26,1,-3,75,45,75
87,36,1,0,7,75,30,75
87,37,42,0,-1,75,30,85
87,38,8,1,-11,75,30,90
87,39,44,0,-11,75,40,95
87,40,24,1,-6,75,40,95
87,41,41,0,-16,85,40,95
87,42,21,1,-16,90,25,95
87,43,15,0,4,85,25,95
87,44,14,0,4,85,25,100
87,45,10,0,-1,90,25,100
87,46,37,0,-13,100,25,100
87,47,27,1,-13,105,20,100
87,48,46,0,-20,105,20,105
87,49,4,1,-10,105,20,100
87,50,16,0,-20,110,20,100
87,51,2,1,-15,110,10,100
87,52,45,1,-15,115,10,100
87,53,15,1,-15,120,10,100
87,54,36,1,-15,125,10,95
87,55,40,0,-15,135,0,95
87,56,18,1,-5,135,0,95
87,57,21,1,-5,140,-15,95
87,58,1,1,-13,140,-10,95
87,59,3,1,-20,140,-10,100
87,60,41,0,-30,150,-10,100
87,61,9,1,-25,150,-10,100
87,62,5,1,-20,150,-20,100
87,63,13,0,-20,150,-20,105
87,64,23,0,-25,140,-20,110
87,65,26,1,-15,140,-25,110
87,66,4,0,-30,145,-25,110
87,67,16,1,-30,145,-35,110
87,68,2,1,-25,145,-45,110
87,69,6,0,-15,145,-50,110
87,70,12,1,-10,145,-50,110
87,71,1,1,-18,145,-45,110
87,72,38,0,-23,150,-45,110
87,73,19,0,-43,150,-35,120
87,74,18,1,-33,150,-35,120
87,75,10,1,-13,150,-45,120
87,76,46,1,-8,150,-45,115
87,77,22,0,-13,150,-40,115
87,78,11,0,-18,150,-40,117
87,79,13,1,-13,155,-40,117
87,80,24,1,-8,155,-40,117
87,81,3,1,-15,155,-40,122
87,82,37,1,-5,155,-40,122
87,83,17,1,-20,155,-30,122
87,84,5,0,-25,155,-25,122
87,85,2,1,-20,155,-35,122
87,86,12,0,-25,165,-35,122
87,87,15,0,-5,160,-35,122
87,88,41,1,0,150,-35,122
87,89,16,0,-10,155,-35,122
87,90,42,1,-10,160,-35,122
87,91,46,0,-17,160,-35,127
87,92,39,1,-12,160,-35,122
87,93,45,0,-12,160,-35,127
87,94,23,0,-17,150,-35,132
87,95,7,0,-32,155,-35,132
87,96,43,0,-12,155,-45,132
87,97,36,1,-12,160,-45,127
87,98,1,1,-20,160,-40,127
87,99,41,1,-15,150,-40,127
88,0,20,1,50,55,35,50
88,1,10,0,45,60,35,50
88,2,24,1,50,60,35,50
88,3,13,1,55,65,35,50
88,4,36,1,55,70,35,45
88,5,15,0,75,65,35,45
88,6,48,0,65,65,35,50
88,7,22,0,60,65,40,50
88,8,5,1,65,65,30,50
88,9,43,0,85,65,20,50
88,10,1,1,77,65,25,50
88,11,41,0,67,75,25,50
88,12,40,1,67,65,35,50
88,13,14,0,67,65,35,55
88,14,26,1,77,65,30,55
88,15,11,1,82,65,30,55
88,16,17,1,67,65,40,55
88,17,23,0,62,55,40,60
88,18,42,0,54,55,40,70
88,19,25,0,54,50,50,70
88,20,7,1,59,50,50,65
88,21,38,1,64,50,50,65
88,22,2,0,54,50,55,65
88,23,44,1,59,50,55,65
88,24,15,0,79,45,55,65
88,25,13,1,84,50,55,65
88,26,5,0,79,50,60,65
88,27,30,0,79,50,50,75
88,28,22,0,74,50,55,75
88,29,43,1,74,50,60,60
88,30,1,1,66,50,65,60
88,31,16,1,66,50,55,60
88,32,27,0,76,35,55,60
88,33,4,0,61,40,55,60
88,34,23,1,71,40,50,60
88,35,11,1,76,40,50,60
88,36,14,1,76,45,50,60
88,37,37,1,86,45,50,60
88,38,25,0,86,40,60,60
88,39,48,1,86,45,60,50
88,40,41,0,76,55,60,50
88,41,21,1,76,60,45,50
88,42,5,1,81,60,35,50
88,43,28,1,91,60,35,50
88,44,15,0,111,55,35,50
88,45,9,0,106,55,35,55
88,46,26,1,116,55,30,55
88,47,38,1,121,55,30,55
88,48,14,0,121,55,30,60
88,49,11,0,116,55,30,62
88,50,3,0,131,55,25,62
88,51,46,0,124,55,25,67
88,52,13,0,124,55,25,72
88,53,44,1,129,55,25,72
88,54,22,0,124,55,30,72
88,55,24,1,129,55,30,72
88,56,39,0,122,60,30,72
88,57,8,0,122,65,20,72
88,58,43,1,122,65,25,57
88,59,25,1,122,70,15,57
88,60,10,1,142,70,5,57
88,61,6,0,152,70,0,57
88,62,3,0,167,70,-5,57
88,63,7,1,172,70,-5,52
88,64,41,0,162,80,-5,52
88,65,48,0,152,80,-5,57
88,66,20,0,147,80,10,57
88,67,11,0,142,80,10,59
88,68,36,1,142,85,10,54
88,69,23,0,137,75,10,59
88,70,10,1,157,75,0,59
88,71,9,1,162,75,0,59
88,72,22,1,162,80,-10,59
88,73,16,0,152,85,-10,59
88,74,15,1,152,90,-10,59
88,75,21,0,147,90,5,59
88,76,25,0,147,85,15,59
88,77,30,0,147,85,5,69
88,78,1,0,157,85,-10,69
88,79,26,1,167,85,-15,69
88,80,37,0,155,95,-15,69
88,81,2,0,145,95,-10,69
88,82,23,1,155,95,-15,69
88,83,14,0,155,95,-15,74
88,84,43,1,155,95,-10,59
88,85,18,1,165,95,-10,59
88,86,11,0,160,95,-10,61
88,87,12,0,155,105,-10,61
88,88,8,1,145,105,-10,66
88,89,48,1,145,110,-10,56
88,90,24,1,150,110,-10,56
88,91,46,0,143,110,-10,61
88,92,7,1,148,110,-10,56
88,93,36,1,148,115,-10,51
88,94,4,0,133,120,-10,51
88,95,37,0,121,130,-10,51
88,96,23,0,116,120,-10,56
88,97,14,0,116,120,-10,61
88,98,16,1,116,120,-20,61
88,99,9,0,111,120,-20,66
89,0,39,0,43,55,50,50
89,1,20,1,43,60,35,50
89,2,13,1,48,65,35,50
89,3,40,0,48,75,25,50
89,4,1,0,58,75,10,50
89,5,2,0,48,75,15,50
89,6,14,0,48,75,15,55
89,7,16,0,38,80,15,55
89,8,36,0,38,75,15,57
89,9,27,1,38,80,10,57
89,10,11,0,33,80,10,59
89,11,21,1,33,85,-5,59
89,12,5,1,38,85,-15,59
89,13,19,0,18,85,-5,69
89,14,38,0,13,90,-5,69
89,15,47,0,38,90,-5,69
89,16,41,0,28,100,-5,69
89,17,23,1,38,100,-10,69
89,18,7,0,23,105,-10,69
89,19,1,0,33,105,-25,69
89,20,48,0,23,105,-25,74
89,21,11,1,28,105,-25,74
89,22,24,0,23,105,-20,74
89,23,45,0,23,105,-20,79
89,24,15,0,43,100,-20,79
89,25,10,1,63,100,-30,79
89,26,25,1,63,105,-40,79
89,27,46,0,56,105,-40,84
89,28,12,1,61,105,-40,84
89,29,26,0,56,105,-40,89
89,30,16,1,56,105,-50,89
89,31,27,0,66,90,-50,89
89,32,23,0,61,80,-50,94
89,33,9,0,56,80,-50,99
89,34,24,1,61,80,-50,99
89,35,2,0,51,80,-45,99
89,36,43,0,71,80,-55,99
89,37,21,1,71,85,-70,99
89,38,15,0,91,80,-70,99
89,39,6,1,83,80,-70,104
89,40,13,1,88,85,-70,104
89,41,16,0,78,90,-70,104
89,42,25,0,78,85,-60,104
89,43,1,0,88,85,-75,104
89,44,39,1,93,85,-75,99
89,45,12,0,88,95,-75,99
89,46,11,1,93,95,-75,99
89,47,14,0,93,95,-75,104
89,48,4,0,78,100,-75,104
89,49,41,1,83,90,-75,104
89,50,29,1,83,105,-95,104
89,51,17,0,63,115,-95,104
89,52,22,1,63,120,-105,104
89,53,27,0,73,105,-105,104
89,54,2,0,63,105,-100,104
89,55,12,1,68,105,-100,104
89,56,47,0,93,105,-100,104
89,57,10,1,113,105,-110,104
89,58,18,0,88,105,-110,114
89,59,20,0,83,105,-95,114
89,60,45,1,83,110,-95,114
89,61,23,1,93,110,-100,114
89,62,4,1,103,110,-100,109
89,63,14,0,103,110,-100,114
89,64,39,1,108,110,-100,109
89,65,38,1,113,110,-100,109
89,66,1,0,123,110,-115,109
89,67,5,0,118,110,-110,109
89,68,16,1,118,110,-120,109
89,69,3,1,111,110,-120,114
89,70,22,0,106,110,-115,114
89,71,15,1,106,115,-115,114
89,72,25,1,106,120,-125,114
89,73,11,1,111,120,-125,114
89,74,2,0,101,120,-120,114
89,75,4,1,111,120,-120,109
89,76,21,0,106,120,-105,109
89,77,6,0,116,120,-110,109
89,78,24,1,121,120,-110,109
89,79,40,0,121,130,-120,109
89,80,44,1,126,130,-120,109
89,81,37,1,136,130,-120,109
89,82,12,1,141,130,-120,109
89,83,26,1,151,130,-125,109
89,84,17,0,131,140,-125,109
89,85,10,1,151,140,-135,109
89,86,23,0,146,130,-135,114
89,87,16,1,146,130,-145,114
89,88,42,1,146,135,-145,114
89,89,1,1,138,135,-140,114
89,90,25,1,138,140,-150,114
89,91,4,0,123,145,-150,114
89,92,21,1,123,150,-165,114
89,93,6,0,133,150,-170,114
89,94,14,0,133,150,-170,119
89,95,41,1,138,140,-170,119
89,96,38,1,143,140,-170,119
89,97,9,0,138,140,-170,124
89,98,46,0,131,140,-170,129
89,99,12,1,136,140,-170,129
90,0,29,0,40,50,55,50
90,1,25,0,40,45,65,50
90,2,45,1,40,50,65,50
90,3,2,0,30,50,70,50
90,4,7,0,15,55,70,50
90,5,22,0,10,55,75,50
90,6,9,1,15,55,75,50
90,7,16,1,15,55,65,50
90,8,41,0,5,65,65,50
90,9,38,0,0,70,65,50
90,10,15,1,0,75,65,50
90,11,46,0,-7,75,65,55
90,12,18,1,3,75,65,55
90,13,39,0,-4,80,65,55
90,14,14,1,-4,85,65,55
90,15,47,1,-4,85,65,70
90,16,5,1,1,85,55,70
90,17,29,1,1,100,35,70
90,18,20,0,-4,100,50,70
90,19,11,1,1,100,50,70
90,20,24,0,-4,100,55,70
90,21,45,1,-4,105,55,70
90,22,1,0,6,105,40,70
90,23,44,1,11,105,40,70
90,24,12,1,16,105,40,70
90,25,42,0,8,105,40,80
90,26,41,0,-2,115,40,80
90,27,13,1,3,120,40,80
90,28,16,0,-7,125,40,80
90,29,5,0,-12,125,45,80
90,30,11,0,-17,125,45,82
90,31,15,0,3,120,45,82
90,32,14,1,3,125,45,82
90,33,28,1,13,125,45,82
90,34,29,1,13,140,25,82
90,35,43,0,33,140,15,82
90,36,10,1,53,140,5,82
90,37,41,1,58,130,5,82
90,38,24,0,53,130,10,82
90,39,30,1,53,130,20,82
90,40,4,1,63,130,20,77
90,41,25,0,63,125,30,77
90,42,21,0,58,125,45,77
90,43,6,0,68,125,40,77
90,44,2,1,73,125,30,77
90,45,37,1,83,125,30,77
90,46,13,1,88,130,30,77
90,47,20,0,83,130,45,77
90,48,41,1,88,120,45,77
90,49,39,0,81,125,45,77
90,50,16,0,71,130,45,77
90,51,46,0,64,130,45,82
90,52,28,0,54,130,55,82
90,53,4,0,39,135,55,82
90,54,3,0,54,135,50,82
90,55,12,1,59,135,50,82
90,56,10,0,54,140,50,82
90,57,26,1,64,140,45,82
90,58,38,1,69,140,45,82
90,59,23,0,64,130,45,87
90,60,7,1,69,130,45,82
90,61,36,1,69,135,45,77
90,62,11,0,64,135,45,79
90,63,9,1,69,135,45,79
90,64,25,1,69,140,35,79
90,65,41,1,74,130,35,79
90,66,5,1,79,130,25,79
90,67,28,0,69,130,35,79
90,68,47,1,69,130,35,94
90,69,39,0,62,135,35,94
90,70,20,0,57,135,50,94
90,71,21,1,57,140,35,94
90,72,22,1,57,145,25,94
90,73,16,1,57,145,15,94
90,74,10,1,77,145,5,94
90,75,41,1,82,135,5,94
90,76,24,0,77,135,10,94
90,77,14,1,77,140,10,94
90,78,19,0,57,140,20,104
90,79,3,1,50,140,20,109
90,80,1,0,60,140,5,109
90,81,27,1,60,145,0,109
90,82,8,1,50,145,0,114
90,83,9,1,55,145,0,114
90,84,4,0,40,150,0,114
90,85,41,0,30,160,0,114
90,86,5,0,25,160,5,114
90,87,10,0,20,165,5,114
90,88,25,1,20,170,-5,114
90,89,42,0,12,170,-5,124
90,90,20,0,7,170,10,124
90,91,43,1,7,170,15,109
90,92,22,0,2,170,20,109
90,93,2,1,7,170,10,109
90,94,45,1,7,175,10,109
90,95,16,1,7,175,0,109
90,96,11,0,2,175,0,111
90,97,13,0,2,175,0,116
90,98,41,0,-8,185,0,116
90,99,14,0,-8,185,0,121
91,0,20,1,50,55,35,50
91,1,2,0,40,55,40,50
91,2,4,0,25,60,40,50
91,3,10,1,45,60,30,50
91,4,3,0,60,60,25,50
91,5,14,0,60,60,25,55
91,6,9,0,55,60,25,60
91,7,16,0,45,65,25,60
91,8,13,1,50,70,25,60
91,9,5,0,45,70,30,60
91,10,12,1,50,70,30,60
91,11,27,0,60,55,30,60
91,12,19,0,40,55,40,70
91,13,41,1,45,45,40,70
91,14,7,0,30,50,40,70
91,15,28,1,40,50,40,70
91,16,18,0,15,50,40,80
91,17,2,1,20,50,30,80
91,18,1,1,12,50,35,80
91,19,43,1,12,50,40,65
91,20,4,0,-3,55,40,65
91,21,30,0,-3,55,30,75
91,22,5,1,2,55,20,75
91,23,12,1,7,55,20,75
91,24,22,0,2,55,25,75
91,25,11,1,7,55,25,75
91,26,41,1,12,45,25,75
91,27,20,1,12,50,10,75
91,28,26,0,7,50,10,80
91,29,23,0,2,40,10,85
91,30,9,1,7,40,10,85
91,31,38,1,12,40,10,85
91,32,25,0,12,35,20,85
91,33,2,1,17,35,10,85
91,34,16,1,17,35,0,85
91,35,27,0,27,20,0,85
91,36,40,0,27,30,-10,85
91,37,7,0,12,35,-10,85
91,38,8,0,12,40,-20,85
91,39,37,1,22,40,-20,85
91,40,4,0,7,45,-20,85
91,41,6,1,-1,45,-20,90
91,42,11,0,-6,45,-20,92
91,43,48,0,-16,45,-20,97
91,44,12,0,-21,55,-20,97
91,45,23,1,-11,55,-25,97
91,46,5,0,-16,55,-20,97
91,47,14,0,-16,55,-20,102
91,48,27,1,-16,60,-25,102
91,49,10,1,4,60,-35,102
91,50,13,1,9,65,-35,102
91,51,3,1,2,65,-35,107
91,52,46,0,-5,65,-35,112
91,53,7,0,-20,70,-35,112
91,54,17,1,-35,70,-25,112
91,55,25,0,-35,65,-15,112
91,56,28,0,-45,65,-5,112
91,57,9,0,-50,65,-5,117
91,58,2,0,-60,65,0,117
91,59,22,0,-65,65,5,117
91,60,1,1,-73,65,10,117
91,61,20,1,-73,70,-5,117
91,62,38,0,-78,75,-5,117
91,63,4,1,-68,75,-5,112
91,64,12,0,-73,85,-5,112
91,65,11,1,-68,85,-5,112
91,66,23,1,-58,85,-10,112
91,67,6,1,-66,85,-10,117
91,68,44,0,-66,85,0,122
91,69,5,0,-71,85,5,122
91,70,43,0,-51,85,-5,122
91,71,10,0,-56,90,-5,122
91,72,21,1,-56,95,-20,122
91,73,2,1,-51,95,-30,122
91,74,45,1,-51,100,-30,122
91,75,28,0,-61,100,-20,122
91,76,36,1,-61,105,-20,117
91,77,3,1,-68,105,-20,122
91,78,1,1,-76,105,-15,122
91,79,14,1,-76,110,-15,122
91,80,11,1,-71,110,-15,122
91,81,9,1,-66,110,-15,122
91,82,29,0,-76,110,-10,122
91,83,7,0,-91,115,-10,122
91,84,5,1,-86,115,-20,122
91,85,10,1,-66,115,-30,122
91,86,4,0,-81,120,-30,122
91,87,48,0,-91,120,-30,127
91,88,16,0,-101,125,-30,127
91,89,43,1,-101,125,-25,112
91,90,47,1,-101,125,-25,127
91,91,44,1,-96,125,-25,127
91,92,45,0,-96,125,-25,132
91,93,22,0,-101,125,-20,132
91,94,21,0,-106,125,-5,132
91,95,11,1,-101,125,-5,132
91,96,26,1,-91,125,-10,132
91,97,14,1,-91,130,-10,132
91,98,1,1,-99,130,-5,132
91,99,28,0,-109,130,5,132
92,0,4,1,60,50,50,45
92,1,27,0,70,35,50,45
92,2,22,1,70,40,40,45
92,3,3,1,63,40,40,50
92,4,11,0,58,40,40,52
92,5,10,1,78,40,30,52
92,6,2,0,68,40,35,52
92,7,23,0,63,30,35,57
92,8,25,1,63,35,25,57
92,9,43,1,63,35,30,42
92,10,14,0,63,35,30,47
92,11,40,1,63,25,40,47
92,12,19,1,78,25,40,47
92,13,48,1,78,30,40,37
92,14,9,1,83,30,40,37
92,15,13,0,83,30,40,42
92,16,12,1,88,30,40,42
92,17,5,1,93,30,30,42
92,18,24,0,88,30,35,42
92,19,11,0,83,30,35,44
92,20,15,1,83,35,35,44
92,21,8,1,73,35,35,49
92,22,7,0,58,40,35,49
92,23,16,0,48,45,35,49
92,24,1,0,58,45,20,49
92,25,25,1,58,50,10,49
92,26,26,0,53,50,10,54
92,27,18,0,28,50,10,64
92,28,47,1,28,50,10,79
92,29,41,1,33,40,10,79
92,30,27,0,43,25,10,79
92,31,20,0,38,25,25,79
92,32,42,1,38,30,25,79
92,33,38,0,33,35,25,79
92,34,23,1,43,35,20,79
92,35,16,0,33,40,20,79
92,36,9,1,38,40,20,79
92,37,2,1,43,40,10,79
92,38,26,1,53,40,5,79
92,39,46,0,46,40,5,84
92,40,13,1,51,45,5,84
92,41,7,0,36,50,5,84
92,42,40,0,36,60,-5,84
92,43,11,0,31,60,-5,86
92,44,3,0,46,60,-10,86
92,45,10,0,41,65,-10,86
92,46,14,1,41,70,-10,86
92,47,36,0,41,65,-10,88
92,48,45,0,41,65,-10,93
92,49,48,1,41,70,-10,83
92,50,41,1,46,60,-10,83
92,51,39,1,51,60,-10,78
92,52,2,0,41,60,-5,78
92,53,17,0,21,70,-5,78
92,54,9,1,26,70,-5,78
92,55,22,1,26,75,-15,78
92,56,16,1,26,75,-25,78
92,57,20,0,21,75,-10,78
92,58,10,0,16,80,-10,78
92,59,21,0,11,80,5,78
92,60,13,1,16,85,5,78
92,61,40,1,16,75,15,78
92,62,11,1,21,75,15,78
92,63,44,1,26,75,15,78
92,64,14,1,26,80,15,78
92,65,5,0,21,80,20,78
92,66,26,0,16,80,20,83
92,67,16,0,6,85,20,83
92,68,39,0,-1,90,20,83
92,69,46,0,-8,90,20,88
92,70,1,1,-16,90,25,88
92,71,28,1,-6,90,25,88
92,72,41,0,-16,100,25,88
92,73,15,1,-16,105,25,88
92,74,10,1,4,105,15,88
92,75,4,0,-11,110,15,88
92,76,9,0,-16,110,15,93
92,77,3,0,-1,110,10,93
92,78,14,1,-1,115,10,93
92,79,25,0,-1,110,20,93
92,80,44,1,4,110,20,93
92,81,18,1,14,110,20,93
92,82,8,0,14,115,10,93
92,83,46,0,7,115,10,98
92,84,20,0,2,115,25,98
92,85,12,0,-3,125,25,98
92,86,17,1,-18,125,35,98
92,87,4,1,-8,125,35,93
92,88,16,1,-8,125,25,93
92,89,41,0,-18,135,25,93
92,90,37,0,-30,145,25,93
92,91,5,1,-25,145,15,93
92,92,15,0,-5,140,15,93
92,93,39,1,0,140,15,88
92,94,10,0,-5,145,15,88
92,95,26,0,-10,145,15,93
92,96,13,0,-10,145,15,98
92,97,3,0,5,145,10,98
92,98,1,1,-3,145,15,98
92,99,14,0,-3,145,15,103
93,0,26,1,60,50,45,50
93,1,5,0,55,50,50,50
93,2,6,0,65,50,45,50
93,3,11,0,60,50,45,52
93,4,40,0,60,60,35,52
93,5,15,1,60,65,35,52
93,6,2,0,50,65,40,52
93,7,1,1,42,65,45,52
93,8,22,1,42,70,35,52
93,9,9,0,37,70,35,57
93,10,27,1,37,75,30,57
93,11,48,0,27,75,30,62
93,12,46,0,20,75,30,67
93,13,4,1,30,75,30,62
93,14,24,1,35,75,30,62
93,15,37,1,45,75,30,62
93,16,10,1,65,75,20,62
93,17,5,1,70,75,10,62
93,18,15,0,90,70,10,62
93,19,26,1,100,70,5,62
93,20,39,0,93,75,5,62
93,21,3,1,86,75,5,67
93,22,44,1,91,75,5,67
93,23,13,1,96,80,5,67
93,24,41,1,101,70,5,67
93,25,2,0,91,70,10,67
93,26,10,1,111,70,0,67
93,27,18,0,86,70,0,77
93,28,16,1,86,70,-10,77
93,29,15,0,106,65,-10,77
93,30,40,0,106,75,-20,77
93,31,46,0,99,75,-20,82
93,32,9,0,94,75,-20,87
93,33,21,1,94,80,-35,87
93,34,22,0,89,80,-30,87
93,35,4,1,99,80,-30,82
93,36,45,0,99,80,-30,87
93,37,37,1,109,80,-30,87
93,38,14,0,109,80,-30,92
93,39,5,1,114,80,-40,92
93,40,7,1,119,80,-40,87
93,41,36,0,119,75,-40,89
93,42,1,1,111,75,-35,89
93,43,12,0,106,85,-35,89
93,44,8,1,96,85,-35,94
93,45,2,1,101,85,-45,94
93,46,25,0,101,80,-35,94
93,47,40,1,101,70,-25,94
93,48,21,1,101,75,-40,94
93,49,16,1,101,75,-50,94
93,50,14,1,101,80,-50,94
93,51,13,1,106,85,-50,94
93,52,27,1,106,90,-55,94
93,53,10,0,101,95,-55,94
93,54,41,0,91,105,-55,94
93,55,17,0,71,115,-55,94
93,56,26,1,81,115,-60,94
93,57,12,1,86,115,-60,94
93,58,25,0,86,110,-50,94
93,59,9,0,81,110,-50,99
93,60,45,1,81,115,-50,99
93,61,6,0,91,115,-55,99
93,62,21,0,86,115,-40,99
93,63,3,1,79,115,-40,104
93,64,23,0,74,105,-40,109
93,65,40,1,74,95,-30,109
93,66,2,0,64,95,-25,109
93,67,8,0,64,100,-35,109
93,68,24,0,59,100,-30,109
93,69,13,0,59,100,-30,114
93,70,10,0,54,105,-30,114
93,71,16,0,44,110,-30,114
93,72,5,1,49,110,-40,114
93,73,6,1,41,110,-40,119
93,74,11,0,36,110,-40,121
93,75,4,1,46,110,-40,116
93,76,26,0,41,110,-40,121
93,77,30,0,41,110,-50,131
93,78,18,1,51,110,-50,131
93,79,37,1,61,110,-50,131
93,80,10,1,81,110,-60,131
93,81,20,0,76,110,-45,131
93,82,1,0,86,110,-60,131
93,83,25,1,86,115,-70,131
93,84,11,0,81,115,-70,133
93,85,13,1,86,120,-70,133
93,86,36,1,86,125,-70,128
93,87,3,0,101,125,-75,128
93,88,14,1,101,130,-75,128
93,89,42,0,93,130,-75,138
93,90,9,1,98,130,-75,138
93,91,46,1,103,130,-75,133
93,92,43,1,103,130,-70,118
93,93,5,0,98,130,-65,118
93,94,16,1,98,130,-75,118
93,95,22,1,98,135,-85,118
93,96,24,1,103,135,-85,118
93,97,6,1,95,135,-85,123
93,98,37,0,83,145,-85,123
93,99,27,1,83,150,-90,123
94,0,40,1,50,40,60,50
94,1,10,0,45,45,60,50
94,2,12,1,50,45,60,50
94,3,14,1,50,50,60,50
94,4,23,1,60,50,55,50
94,5,19,1,75,50,55,50
94,6,4,1,85,50,55,45
94,7,44,1,90,50,55,45
94,8,16,1,90,50,45,45
94,9,28,1,100,50,45,45
94,10,46,1,105,50,45,40
94,11,20,0,100,50,60,40
94,12,22,1,100,55,50,40
94,13,3,1,93,55,50,45
94,14,42,0,85,55,50,55
94,15,43,1,85,55,55,40
94,16,12,0,80,65,55,40
94,17,10,1,100,65,45,40
94,18,24,0,95,65,50,40
94,19,16,0,85,70,50,40
94,20,15,1,85,75,50,40
94,21,23,1,95,75,45,40
94,22,25,1,95,80,35,40
94,23,17,1,80,80,45,40
94,24,46,1,85,80,45,35
94,25,5,0,80,80,50,35
94,26,37,0,68,90,50,35
94,27,1,0,78,90,35,35
94,28,27,0,88,75,35,35
94,29,16,1,88,75,25,35
94,30,9,1,93,75,25,35
94,31,18,0,68,75,25,45
94,32,45,1,68,80,25,45
94,33,12,0,63,90,25,45
94,34,14,1,63,95,25,45
94,35,2,0,53,95,30,45
94,36,26,0,48,95,30,50
94,37,10,1,68,95,20,50
94,38,22,1,68,100,10,50
94,39,38,1,73,100,10,50
94,40,48,1,73,105,10,40
94,41,7,1,78,105,10,35
94,42,28,1,88,105,10,35
94,43,4,0,73,110,10,35
94,44,20,0,68,110,25,35
94,45,12,0,63,120,25,35
94,46,23,0,58,110,25,40
94,47,5,0,53,110,30,40
94,48,26,1,63,110,25,40
94,49,13,0,63,110,25,45
94,50,16,0,53,115,25,45
94,51,9,1,58,115,25,45
94,52,41,1,63,105,25,45
94,53,22,1,63,110,15,45
94,54,40,0,63,120,5,45
94,55,24,1,68,120,5,45
94,56,11,1,73,120,5,45
94,57,10,0,68,125,5,45
94,58,17,0,48,135,5,45
94,59,44,0,48,135,15,50
94,60,16,1,48,135,5,50
94,61,23,1,58,135,0,50
94,62,15,0,78,130,0,50
94,63,4,1,88,130,0,45
94,64,38,0,83,135,0,45
94,65,20,0,78,135,15,45
94,66,5,1,83,135,5,45
94,67,10,0,78,140,5,45
94,68,41,0,68,150,5,45
94,69,1,0,78,150,-10,45
94,70,8,1,68,150,-10,50
94,71,22,1,68,155,-20,50
94,72,16,1,68,155,-30,50
94,73,23,0,63,145,-30,55
94,74,48,0,53,145,-30,60
94,75,25,0,53,140,-20,60
94,76,44,0,53,140,-10,65
94,77,39,0,46,145,-10,65
94,78,43,1,46,145,-5,50
94,79,15,1,46,150,-5,50
94,80,26,1,56,150,-10,50
94,81,11,0,51,150,-10,52
94,82,40,1,51,140,0,52
94,83,16,1,51,140,-10,52
94,84,20,1,51,145,-25,52
94,85,5,1,56,145,-35,52
94,86,30,0,56,145,-45,62
94,87,13,0,56,145,-45,67
94,88,10,1,76,145,-55,67
94,89,15,1,76,150,-55,67
94,90,2,1,81,150,-65,67
94,91,4,0,66,155,-65,67
94,92,42,0,58,155,-65,77
94,93,28,1,68,155,-65,77
94,94,41,0,58,165,-65,77
94,95,3,0,73,165,-70,77
94,96,44,1,78,165,-70,77
94,97,11,1,83,165,-70,77
94,98,12,1,88,165,-70,77
94,99,38,1,93,165,-70,77
95,0,41,1,55,40,50,50
95,1,13,1,60,45,50,50
95,2,4,1,70,45,50,45
95,3,1,0,80,45,35,45
95,4,40,1,80,35,45,45
95,5,37,0,68,45,45,45
95,6,44,0,68,45,55,50
95,7,16,0,58,50,55,50
95,8,21,1,58,55,40,50
95,9,46,0,51,55,40,55
95,10,9,1,56,55,40,55
95,11,23,0,51,45,40,60
95,12,15,0,71,40,40,60
95,13,11,1,76,40,40,60
95,14,14,1,76,45,40,60
95,15,22,1,76,50,30,60
95,16,8,1,66,50,30,65
95,17,10,1,86,50,20,65
95,18,41,0,76,60,20,65
95,19,3,0,91,60,15,65
95,20,29,0,81,60,20,65
95,21,13,1,86,65,20,65
95,22,1,0,96,65,5,65
95,23,40,1,96,55,15,65
95,24,12,1,101,55,15,65
95,25,24,0,96,55,20,65
95,26,20,0,91,55,35,65
95,27,5,0,86,55,40,65
95,28,10,1,106,55,30,65
95,29,43,0,126,55,20,65
95,30,46,1,131,55,20,60
95,31,14,0,131,55,20,65
95,32,3,1,124,55,20,70
95,33,42,1,124,60,20,70
95,34,48,0,114,60,20,75
95,35,27,0,124,45,20,75
95,36,11,1,129,45,20,75
95,37,4,0,114,50,20,75
95,38,25,0,114,45,30,75
95,39,36,1,114,50,30,70
95,40,9,0,109,50,30,75
95,41,37,0,97,60,30,75
95,42,20,0,92,60,45,75
95,43,15,1,92,65,45,75
95,44,45,0,92,65,45,80
95,45,8,0,92,70,35,80
95,46,14,1,92,75,35,80
95,47,23,0,87,65,35,85
95,48,47,0,112,65,35,85
95,49,43,1,112,65,40,70
95,50,16,1,112,65,30,70
95,51,26,1,122,65,25,70
95,52,29,1,122,80,5,70
95,53,40,0,122,90,-5,70
95,54,2,1,127,90,-15,70
95,55,10,1,147,90,-25,70
95,56,25,1,147,95,-35,70
95,57,4,1,157,95,-35,65
95,58,9,1,162,95,-35,65
95,59,36,1,162,100,-35,60
95,60,22,0,157,100,-30,60
95,61,41,1,162,90,-30,60
95,62,16,0,152,95,-30,60
95,63,28,1,162,95,-30,60
95,64,5,1,167,95,-40,60
95,65,45,1,167,100,-40,60
95,66,19,0,147,100,-30,70
95,67,27,0,157,85,-30,70
95,68,48,0,147,85,-30,75
95,69,26,0,142,85,-30,80
95,70,21,0,137,85,-15,80
95,71,43,1,137,85,-10,65
95,72,15,0,157,80,-10,65
95,73,17,0,137,90,-10,65
95,74,11,1,142,90,-10,65
95,75,40,0,142,100,-20,65
95,76,16,1,142,100,-30,65
95,77,10,1,162,100,-40,65
95,78,3,1,155,100,-40,70
95,79,23,1,165,100,-45,70
95,80,14,0,165,100,-45,75
95,81,42,1,165,105,-45,75
95,82,26,0,160,105,-45,80
95,83,45,1,160,110,-45,80
95,84,41,0,150,120,-45,80
95,85,9,1,155,120,-45,80
95,86,47,1,155,120,-45,95
95,87,10,0,150,125,-45,95
95,88,28,1,160,125,-45,95
95,89,11,0,155,125,-45,97
95,90,3,1,148,125,-45,102
95,91,12,0,143,135,-45,102
95,92,16,0,133,140,-45,102
95,93,1,0,143,140,-60,102
95,94,7,0,128,145,-60,102
95,95,37,1,138,145,-60,102
95,96,5,1,143,145,-70,102
95,97,22,0,138,145,-65,102
95,98,43,1,138,145,-60,87
95,99,20,1,138,150,-75,87
96,0,41,1,55,40,50,50
96,1,16,1,55,40,40,50
96,2,46,1,60,40,40,45
96,3,11,0,55,40,40,47
96,4,13,0,55,40,40,52
96,5,19,0,35,40,50,62
96,6,15,0,55,35,50,62
96,7,29,1,55,50,30,62
96,8,23,0,50,40,30,67
96,9,14,0,50,40,30,72
96,10,12,1,55,40,30,72
96,11,22,0,50,40,35,72
96,12,40,1,50,30,45,72
96,13,48,1,50,35,45,62
96,14,25,1,50,40,35,62
96,15,5,1,55,40,25,62
96,16,37,1,65,40,25,62
96,17,11,1,70,40,25,62
96,18,28,1,80,40,25,62
96,19,10,1,100,40,15,62
96,20,3,1,93,40,15,67
96,21,36,0,93,35,15,69
96,22,38,0,88,40,15,69
96,23,12,1,93,40,15,69
96,24,45,1,93,45,15,69
96,25,18,0,68,45,15,79
96,26,14,1,68,50,15,79
96,27,16,0,58,55,15,79
96,28,15,1,58,60,15,79
96,29,41,1,63,50,15,79
96,30,6,1,55,50,15,84
96,31,26,1,65,50,10,84
96,32,9,0,60,50,10,89
96,33,23,1,70,50,5,89
96,34,13,1,75,55,5,89
96,35,43,1,75,55,10,74
96,36,24,0,70,55,15,74
96,37,25,1,70,60,5,74
96,38,14,1,70,65,5,74
96,39,2,0,60,65,10,74
96,40,21,1,60,70,-5,74
96,41,4,0,45,75,-5,74
96,42,11,1,50,75,-5,74
96,43,12,1,55,75,-5,74
96,44,38,0,50,80,-5,74
96,45,41,0,40,90,-5,74
96,46,10,1,60,90,-15,74
96,47,39,0,53,95,-15,74
96,48,18,1,63,95,-15,74
96,49,36,1,63,100,-15,69
96,50,28,1,73,100,-15,69
96,51,14,0,73,100,-15,74
96,52,22,0,68,100,-10,74
96,53,47,1,68,100,-10,89
96,54,8,1,58,100,-10,94
96,55,46,1,63,100,-10,89
96,56,37,0,51,110,-10,89
96,57,13,1,56,115,-10,89
96,58,5,1,61,115,-20,89
96,59,48,1,61,120,-20,79
96,60,40,1,61,110,-10,79
96,61,10,0,56,115,-10,79
96,62,11,0,51,115,-10,81
96,63,27,1,51,120,-15,81
96,64,2,1,56,120,-25,81
96,65,43,0,76,120,-35,81
96,66,20,1,76,125,-50,81
96,67,41,1,81,115,-50,81
96,68,22,1,81,120,-60,81
96,69,45,1,81,125,-60,81
96,70,16,0,71,130,-60,81
96,71,23,0,66,120,-60,86
96,72,26,1,76,120,-65,86
96,73,9,1,81,120,-65,86
96,74,13,0,81,120,-65,91
96,75,11,1,86,120,-65,91
96,76,5,0,81,120,-60,91
96,77,42,0,73,120,-60,101
96,78,3,1,66,120,-60,106
96,79,21,0,61,120,-45,106
96,80,28,0,51,120,-35,106
96,81,14,1,51,125,-35,106
96,82,41,1,56,115,-35,106
96,83,2,1,61,115,-45,106
96,84,7,0,46,120,-45,106
96,85,30,0,46,120,-55,116
96,86,23,1,56,120,-60,116
96,87,44,0,56,120,-50,121
96,88,45,1,56,125,-50,121
96,89,11,0,51,125,-50,123
96,90,13,1,56,130,-50,123
96,91,18,0,31,130,-50,133
96,92,4,1,41,130,-50,128
96,93,19,0,21,130,-40,138
96,94,8,1,11,130,-40,143
96,95,38,1,16,130,-40,143
96,96,10,1,36,130,-50,143
96,97,21,1,36,135,-65,143
96,98,37,0,24,145,-65,143
96,99,25,1,24,150,-75,143
97,0,26,1,60,50,45,50
97,1,14,0,60,50,45,55
97,2,9,1,65,50,45,55
97,3,27,0,75,35,45,55
97,4,15,0,95,30,45,55
97,5,17,1,80,30,55,55
97,6,13,0,80,30,55,60
97,7,12,1,85,30,55,60
97,8,37,0,73,40,55,60
97,9,16,1,73,40,45,60
97,10,5,1,78,40,35,60
97,11,39,1,83,40,35,55
97,12,2,1,88,40,25,55
97,13,11,1,93,40,25,55
97,14,44,0,93,40,35,60
97,15,40,1,93,30,45,60
97,16,8,0,93,35,35,60
97,17,20,1,93,40,20,60
97,18,4,0,78,45,20,60
97,19,22,1,78,50,10,60
97,20,19,1,93,50,10,60
97,21,12,1,98,50,10,60
97,22,24,0,93,50,15,60
97,23,7,0,78,55,15,60
97,24,29,0,68,55,20,60
97,25,5,0,63,55,25,60
97,26,43,1,63,55,30,45
97,27,10,0,58,60,30,45
97,28,3,1,51,60,30,50
97,29,38,1,56,60,30,50
97,30,16,1,56,60,20,50
97,31,36,1,56,65,20,45
97,32,6,1,48,65,20,50
97,33,13,1,53,70,20,50
97,34,37,0,41,80,20,50
97,35,4,1,51,80,20,45
97,36,23,1,61,80,15,45
97,37,22,0,56,80,20,45
97,38,15,0,76,75,20,45
97,39,10,0,71,80,20,45
97,40,2,1,76,80,10,45
97,41,29,1,76,95,-10,45
97,42,27,1,76,100,-15,45
97,43,17,1,61,100,-5,45
97,44,25,1,61,105,-15,45
97,45,44,0,61,105,-5,50
97,46,1,0,71,105,-20,50
97,47,4,0,56,110,-20,50
97,48,8,1,46,110,-20,55
97,49,13,1,51,115,-20,55
97,50,36,0,51,110,-20,57
97,51,16,0,41,115,-20,57
97,52,46,1,46,115,-20,52
97,53,23,1,56,115,-25,52
97,54,39,0,49,120,-25,52
97,55,7,1,54,120,-25,47
97,56,25,1,54,125,-35,47
97,57,5,1,59,125,-45,47
97,58,11,1,64,125,-45,47
97,59,27,0,74,110,-45,47
97,60,1,0,84,110,-60,47
97,61,17,0,64,120,-60,47
97,62,3,0,79,120,-65,47
97,63,24,0,74,120,-60,47
97,64,12,1,79,120,-60,47
97,65,20,0,74,120,-45,47
97,66,13,0,74,120,-45,52
97,67,10,1,94,120,-55,52
97,68,42,1,94,125,-55,52
97,69,23,0,89,115,-55,57
97,70,48,1,89,120,-55,47
97,71,2,1,94,120,-65,47
97,72,44,1,99,120,-65,47
97,73,7,0,84,125,-65,47
97,74,4,1,94,125,-65,42
97,75,41,1,99,115,-65,42
97,76,40,1,99,105,-55,42
97,77,9,0,94,105,-55,47
97,78,12,0,89,115,-55,47
97,79,1,0,99,115,-70,47
97,80,18,1,109,115,-70,47
97,81,14,1,109,120,-70,47
97,82,43,1,109,120,-65,32
97,83,22,0,104,120,-60,32
97,84,25,0,104,115,-50,32
97,85,5,1,109,115,-60,32
97,86,16,1,109,115,-70,32
97,87,27,0,119,100,-70,32
97,88,4,0,104,105,-70,32
97,89,3,1,97,105,-70,37
97,90,42,0,89,105,-70,47
97,91,47,1,89,105,-70,62
97,92,21,1,89,110,-85,62
97,93,7,0,74,115,-85,62
97,94,10,0,69,120,-85,62
97,95,20,0,64,120,-70,62
97,96,29,1,64,135,-90,62
97,97,16,0,54,140,-90,62
97,98,11,0,49,140,-90,64
97,99,26,1,59,140,-95,64
98,0,10,1,70,50,40,50
98,1,48,1,70,55,40,40
98,2,3,0,85,55,35,40
98,3,23,0,80,45,35,45
98,4,4,0,65,50,35,45
98,5,40,1,65,40,45,45
98,6,25,1,65,45,35,45
98,7,20,1,65,50,20,45
98,8,6,1,57,50,20,50
98,9,24,0,52,50,25,50
98,10,1,1,44,50,30,50
98,11,46,1,49,50,30,45
98,12,11,0,44,50,30,47
98,13,29,1,44,65,10,47
98,14,26,1,54,65,5,47
98,15,37,1,64,65,5,47
98,16,39,0,57,70,5,47
98,17,5,1,62,70,-5,47
98,18,42,0,54,70,-5,57
98,19,22,0,49,70,0,57
98,20,13,1,54,75,0,57
98,21,18,0,29,75,0,67
98,22,15,1,29,80,0,67
98,23,21,1,29,85,-15,67
98,24,28,0,19,85,-5,67
98,25,17,1,4,85,5,67
98,26,41,0,-6,95,5,67
98,27,29,0,-16,95,10,67
98,28,3,1,-23,95,10,72
98,29,2,0,-33,95,15,72
98,30,14,1,-33,100,15,72
98,31,30,0,-33,100,5,82
98,32,47,1,-33,100,5,97
98,33,4,1,-23,100,5,92
98,34,24,0,-28,100,10,92
98,35,5,0,-33,100,15,92
98,36,37,1,-23,100,15,92
98,37,45,0,-23,100,15,97
98,38,11,1,-18,100,15,97
98,39,12,1,-13,100,15,97
98,40,43,1,-13,100,20,82
98,41,15,1,-13,105,20,82
98,42,7,0,-28,110,20,82
98,43,46,0,-35,110,20,87
98,44,40,1,-35,100,30,87
98,45,8,1,-45,100,30,92
98,46,10,0,-50,105,30,92
98,47,5,1,-45,105,20,92
98,48,25,1,-45,110,10,92
98,49,39,1,-40,110,10,87
98,50,2,0,-50,110,15,87
98,51,22,0,-55,110,20,87
98,52,13,0,-55,110,20,92
98,53,3,0,-40,110,15,92
98,54,16,1,-40,110,5,92
98,55,19,0,-60,110,15,102
98,56,46,1,-55,110,15,97
98,57,9,0,-60,110,15,102
98,58,1,1,-68,110,20,102
98,59,24,0,-73,110,25,102
98,60,14,0,-73,110,25,107
98,61,26,0,-78,110,25,112
98,62,5,1,-73,110,15,112
98,63,4,0,-88,115,15,112
98,64,20,1,-88,120,0,112
98,65,40,1,-88,110,10,112
98,66,22,0,-93,110,15,112
98,67,21,1,-93,115,0,112
98,68,16,1,-93,115,-10,112
98,69,48,0,-103,115,-10,117
98,70,28,0,-113,115,0,117
98,71,15,1,-113,120,0,117
98,72,9,1,-108,120,0,117
98,73,45,1,-108,125,0,117
98,74,13,0,-108,125,0,122
98,75,44,0,-108,125,10,127
98,76,38,1,-103,125,10,127
98,77,36,1,-103,130,10,122
98,78,23,1,-93,130,5,122
98,79,12,1,-88,130,5,122
98,80,14,1,-88,135,5,122
98,81,30,1,-88,135,15,122
98,82,20,1,-88,140,0,122
98,83,4,1,-78,140,0,117
98,84,25,1,-78,145,-10,117
98,85,16,1,-78,145,-20,117
98,86,5,1,-73,145,-30,117
98,87,46,1,-68,145,-30,112
98,88,10,0,-73,150,-30,112
98,89,39,0,-80,155,-30,112
98,90,13,1,-75,160,-30,112
98,91,3,0,-60,160,-35,112
98,92,2,1,-55,160,-45,112
98,93,24,0,-60,160,-40,112
98,94,45,1,-60,165,-40,112
98,95,14,0,-60,165,-40,117
98,96,9,1,-55,165,-40,117
98,97,48,1,-55,170,-40,107
98,98,27,1,-55,175,-45,107
98,99,22,1,-55,180,-55,107
99,0,23,1,60,50,45,50
99,1,41,0,50,60,45,50
99,2,48,1,50,65,45,40
99,3,45,0,50,65,45,45
99,4,13,0,50,65,45,50
99,5,16,0,40,70,45,50
99,6,26,0,35,70,45,55
99,7,21,1,35,75,30,55
99,8,44,1,40,75,30,55
99,9,18,1,50,75,30,55
99,10,30,1,50,75,40,55
99,11,39,0,43,80,40,55
99,12,42,1,43,85,40,55
99,13,19,1,58,85,40,55
99,14,9,0,53,85,40,60
99,15,37,1,63,85,40,60
99,16,15,0,83,80,40,60
99,17,7,0,68,85,40,60
99,18,10,0,63,90,40,60
99,19,27,1,63,95,35,60
99,20,16,0,53,100,35,60
99,21,20,0,48,100,50,60
99,22,22,0,43,100,55,60
99,23,5,0,38,100,60,60
99,24,26,0,33,100,60,65
99,25,4,0,18,105,60,65
99,26,14,0,18,105,60,70
99,27,28,0,8,105,70,70
99,28,41,1,13,95,70,70
99,29,21,0,8,95,85,70
99,30,13,0,8,95,85,75
99,31,44,1,13,95,85,75
99,32,23,1,23,95,80,75
99,33,36,0,23,90,80,77
99,34,37,1,33,90,80,77
99,35,43,1,33,90,85,62
99,36,40,0,33,100,75,62
99,37,2,1,38,100,65,62
99,38,6,1,30,100,65,67
99,39,41,1,35,90,65,67
99,40,9,1,40,90,65,67
99,41,5,0,35,90,70,67
99,42,12,0,30,100,70,67
99,43,25,0,30,95,80,67
99,44,17,1,15,95,90,67
99,45,28,1,25,95,90,67
99,46,26,1,35,95,85,67
99,47,20,1,35,100,70,67
99,48,10,1,55,100,60,67
99,49,11,0,50,100,60,69
99,50,14,0,50,100,60,74
99,51,1,1,42,100,65,74
99,52,42,1,42,105,65,74
99,53,44,0,42,105,75,79
99,54,23,0,37,95,75,84
99,55,25,0,37,90,85,84
99,56,38,0,32,95,85,84
99,57,12,1,37,95,85,84
99,58,40,0,37,105,75,84
99,59,4,0,22,110,75,84
99,60,21,0,17,110,90,84
99,61,22,1,17,115,80,84
99,62,48,1,17,120,80,74
99,63,1,0,27,120,65,74
99,64,13,1,32,125,65,74
99,65,30,0,32,125,55,84
99,66,37,1,42,125,55,84
99,67,9,1,47,125,55,84
99,68,41,1,52,115,55,84
99,69,15,1,52,120,55,84
99,70,24,1,57,120,55,84
99,71,10,0,52,125,55,84
99,72,6,1,44,125,55,89
99,73,4,0,29,130,55,89
99,74,28,1,39,130,55,89
99,75,25,0,39,125,65,89
99,76,5,1,44,125,55,89
99,77,7,1,49,125,55,84
99,78,26,0,44,125,55,89
99,79,1,0,54,125,40,89
99,80,14,1,54,130,40,89
99,81,12,1,59,130,40,89
99,82,22,1,59,135,30,89
99,83,17,0,39,145,30,89
99,84,3,1,32,145,30,94
99,85,23,1,42,145,25,94
99,86,15,0,62,140,25,94
99,87,2,0,52,140,30,94
99,88,37,0,40,150,30,94
99,89,13,1,45,155,30,94
99,90,41,1,50,145,30,94
99,91,1,1,42,145,35,94
99,92,5,1,47,145,25,94
99,93,11,1,52,145,25,94
99,94,39,0,45,150,25,94
99,95,9,0,40,150,25,99
99,96,25,0,40,145,35,99
99,97,45,0,40,145,35,104
99,98,16,1,40,145,25,104
99,99,48,1,40,150,25,94
