run,turn,card_id,choice,resources,security,moral,progress
0,0,31,0,50,55,40,50
0,1,16,0,40,60,40,50
0,2,41,0,30,70,40,50
0,3,40,1,30,60,50,50
0,4,22,0,25,60,55,50
0,5,20,0,20,60,70,50
0,6,44,1,25,60,70,50
0,7,47,0,50,60,70,50
0,8,13,0,50,60,70,55
0,9,26,1,60,60,65,55
0,10,27,0,70,45,65,55
0,11,18,1,80,45,65,55
0,12,2,1,85,45,55,55
0,13,25,1,85,50,45,55
0,14,11,1,90,50,45,55
0,15,16,1,90,50,35,55
0,16,28,1,100,50,35,55
0,17,38,0,95,55,35,55
0,18,9,1,100,55,35,55
0,19,8,0,100,60,25,55
0,20,12,0,95,70,25,55
0,21,22,0,90,70,30,55
0,22,3,1,83,70,30,60
0,23,41,0,73,80,30,60
0,24,46,1,78,80,30,55
0,25,20,1,78,85,15,55
0,26,5,0,73,85,20,55
0,27,45,0,73,85,20,60
0,28,11,1,78,85,20,60
0,29,23,1,88,85,15,60
0,30,27,1,88,90,10,60
0,31,2,1,93,90,0,60
0,32,10,1,113,90,-10,60
0,33,6,0,123,90,-15,60
0,34,1,1,115,90,-10,60
0,35,28,1,125,90,-10,60
0,36,14,1,125,95,-10,60
0,37,47,1,125,95,-10,75
0,38,5,1,130,95,-20,75
0,39,8,1,120,95,-20,80
0,40,3,1,113,95,-20,85
0,41,15,0,133,90,-20,85
0,42,22,1,133,95,-30,85
0,43,11,0,128,95,-30,87
0,44,32,1,128,85,-15,87
0,45,20,1,128,90,-30,87
0,46,33,0,158,90,-30,87
0,47,16,1,158,90,-40,87
0,48,25,0,158,85,-30,87
0,49,19,0,138,85,-20,97
0,50,36,1,138,90,-20,92
0,51,14,1,138,95,-20,92
0,52,34,0,138,80,-5,92
0,53,45,1,138,85,-5,92
0,54,9,1,143,85,-5,92
0,55,3,1,136,85,-5,97
0,56,5,1,141,85,-15,97
0,57,16,1,141,85,-25,97
0,58,18,1,151,85,-25,97
0,59,29,1,151,100,-45,97
0,60,15,1,151,105,-45,97
0,61,41,1,156,95,-45,97
0,62,23,1,166,95,-50,97
0,63,6,1,158,95,-50,102
0,64,17,0,138,105,-50,102
0,65,28,0,128,105,-40,102
0,66,38,0,123,110,-40,102
0,67,22,0,118,110,-35,102
0,68,26,0,113,110,-35,107
0,69,14,0,113,110,-35,112
0,70,47,0,138,110,-35,112
0,71,16,0,128,115,-35,112
0,72,42,0,120,115,-35,122
0,73,9,1,125,115,-35,122
0,74,3,0,140,115,-40,122
0,75,15,1,140,120,-40,122
0,76,44,1,145,120,-40,122
0,77,11,0,140,120,-40,124
0,78,35,0,140,128,-55,124
0,79,36,1,140,133,-55,119
0,80,18,0,115,133,-55,129
0,81,13,0,115,133,-55,134
0,82,24,0,110,133,-50,134
0,83,22,1,110,138,-60,134
0,84,25,0,110,133,-50,134
0,85,23,1,120,133,-55,134
0,86,20,0,115,133,-40,134
0,87,16,0,105,138,-40,134
0,88,41,0,95,148,-40,134
0,89,3,0,110,148,-45,134
0,90,9,0,105,148,-45,139
0,91,2,1,110,148,-55,139
0,92,42,1,110,153,-55,139
0,93,12,1,115,153,-55,139
0,94,36,1,115,158,-55,134
0,95,28,1,125,158,-55,134
0,96,48,1,125,163,-55,124
0,97,26,0,120,163,-55,129
0,98,41,0,110,173,-55,129
0,99,13,1,115,178,-55,129
1,0,28,1,60,50,50,50
1,1,48,1,60,55,50,40
1,2,6,1,52,55,50,45
1,3,10,0,47,60,50,45
1,4,40,0,47,70,40,45
1,5,23,0,42,60,40,50
1,6,47,0,67,60,40,50
1,7,11,1,72,60,40,50
1,8,9,1,77,60,40,50
1,9,17,1,62,60,50,50
1,10,15,0,82,55,50,50
1,11,26,1,92,55,45,50
1,12,42,1,92,60,45,50
1,13,13,1,97,65,45,50
1,14,3,0,112,65,40,50
1,15,39,0,105,70,40,50
1,16,8,0,105,75,30,50
1,17,11,1,110,75,30,50
1,18,19,1,125,75,30,50
1,19,14,0,125,75,30,55
1,20,40,1,125,65,40,55
1,21,20,1,125,70,25,55
1,22,23,1,135,70,20,55
1,23,9,0,130,70,20,60
1,24,6,0,140,70,15,60
1,25,31,1,140,70,25,60
1,26,10,0,135,75,25,60
1,27,11,1,140,75,25,60
1,28,4,1,150,75,25,55
1,29,32,0,150,80,10,55
1,30,15,0,170,75,10,55
1,31,5,1,175,75,0,55
1,32,36,1,175,80,0,50
1,33,39,0,168,85,0,50
1,34,22,0,163,85,5,50
1,35,45,1,163,90,5,50
1,36,25,0,163,85,15,50
1,37,14,1,163,90,15,50
1,38,33,0,193,90,15,50
1,39,11,0,188,90,15,52
1,40,15,1,188,95,15,52
1,41,42,1,188,100,15,52
1,42,6,1,180,100,15,57
1,43,17,1,165,100,25,57
1,44,9,0,160,100,25,62
1,45,16,0,150,105,25,62
1,46,7,1,155,105,25,57
1,47,2,0,145,105,30,57
1,48,13,0,145,105,30,62
1,49,37,1,155,105,30,62
1,50,26,0,150,105,30,67
1,51,47,0,175,105,30,67
1,52,45,1,175,110,30,67
1,53,25,0,175,105,40,67
1,54,1,0,185,105,25,67
1,55,20,0,180,105,40,67
1,56,41,1,185,95,40,67
1,57,11,0,180,95,40,69
1,58,23,1,190,95,35,69
1,59,12,0,185,105,35,69
1,60,15,0,205,100,35,69
1,61,16,0,195,105,35,69
1,62,2,0,185,105,40,69
1,63,3,1,178,105,40,74
1,64,42,0,170,105,40,84
1,65,29,1,170,120,20,84
1,66,13,0,170,120,20,89
1,67,38,1,175,120,20,89
1,68,41,0,165,130,20,89
1,69,30,1,165,130,30,89
1,70,26,1,175,130,25,89
1,71,48,1,175,135,25,79
1,72,14,1,175,140,25,79
1,73,25,0,175,135,35,79
1,74,45,0,175,135,35,84
1,75,8,1,165,135,35,89
1,76,10,1,185,135,25,89
1,77,27,0,195,120,25,89
1,78,4,1,205,120,25,84
1,79,1,0,215,120,10,84
1,80,41,1,220,110,10,84
1,81,3,0,235,110,5,84
1,82,36,0,235,105,5,86
1,83,38,1,240,105,5,86
1,84,14,0,240,105,5,91
1,85,42,1,240,110,5,91
1,86,22,1,240,115,-5,91
1,87,17,1,225,115,5,91
1,88,9,1,230,115,5,91
1,89,8,1,220,115,5,96
1,90,45,1,220,120,5,96
1,91,12,1,225,120,5,96
1,92,16,1,225,120,-5,96
1,93,20,0,220,120,10,96
1,94,41,0,210,130,10,96
1,95,5,1,215,130,0,96
1,96,26,1,225,130,-5,96
1,97,7,0,210,135,-5,96
1,98,23,0,205,125,-5,101
1,99,29,0,195,125,0,101
2,0,5,1,55,50,40,50
2,1,22,0,50,50,45,50
2,2,12,1,55,50,45,50
2,3,1,0,65,50,30,50
2,4,2,0,55,50,35,50
2,5,16,0,45,55,35,50
2,6,11,1,50,55,35,50
2,7,45,0,50,55,35,55
2,8,48,1,50,60,35,45
2,9,41,0,40,70,35,45
2,10,38,1,45,70,35,45
2,11,19,0,25,70,45,55
2,12,31,1,25,70,55,55
2,13,7,0,10,75,55,55
2,14,39,0,3,80,55,55
2,15,26,1,13,80,50,55
2,16,22,1,13,85,40,55
2,17,16,1,13,85,30,55
2,18,20,0,8,85,45,55
2,19,43,1,8,85,50,40
2,20,12,0,3,95,50,40
2,21,24,1,8,95,50,40
2,22,10,1,28,95,40,40
2,23,46,0,21,95,40,45
2,24,11,0,16,95,40,47
2,25,38,0,11,100,40,47
2,26,5,0,6,100,45,47
2,27,4,0,-9,105,45,47
2,28,32,0,-9,110,30,47
2,29,1,0,1,110,15,47
2,30,33,1,1,115,15,47
2,31,23,1,11,115,10,47
2,32,41,1,16,105,10,47
2,33,40,0,16,115,0,47
2,34,6,1,8,115,0,52
2,35,24,1,13,115,0,52
2,36,3,0,28,115,-5,52
2,37,25,0,28,110,5,52
2,38,22,0,23,110,10,52
2,39,9,1,28,110,10,52
2,40,5,1,33,110,0,52
2,41,20,1,33,115,-15,52
2,42,47,1,33,115,-15,67
2,43,14,0,33,115,-15,72
2,44,16,1,33,115,-25,72
2,45,11,1,38,115,-25,72
2,46,26,1,48,115,-30,72
2,47,15,0,68,110,-30,72
2,48,13,1,73,115,-30,72
2,49,21,1,73,120,-45,72
2,50,43,1,73,120,-40,57
2,51,19,1,88,120,-40,57
2,52,2,1,93,120,-50,57
2,53,10,1,113,120,-60,57
2,54,22,1,113,125,-70,57
2,55,34,1,128,125,-70,57
2,56,30,0,128,125,-80,67
2,57,38,1,133,125,-80,67
2,58,6,1,125,125,-80,72
2,59,16,1,125,125,-90,72
2,60,9,1,130,125,-90,72
2,61,7,0,115,130,-90,72
2,62,47,0,140,130,-90,72
2,63,41,1,145,120,-90,72
2,64,1,1,137,120,-85,72
2,65,27,1,137,125,-90,72
2,66,13,0,137,125,-90,77
2,67,10,0,132,130,-90,77
2,68,21,1,132,135,-105,77
2,69,2,0,122,135,-100,77
2,70,22,0,117,135,-95,77
2,71,42,0,109,135,-95,87
2,72,29,1,109,150,-115,87
2,73,16,0,99,155,-115,87
2,74,37,0,87,165,-115,87
2,75,9,0,82,165,-115,92
2,76,24,0,77,165,-110,92
2,77,4,0,62,170,-110,92
2,78,26,0,57,170,-110,97
2,79,15,0,77,165,-110,97
2,80,23,1,87,165,-115,97
2,81,12,0,82,175,-115,97
2,82,41,1,87,165,-115,97
2,83,5,0,82,165,-110,97
2,84,14,1,82,170,-110,97
2,85,1,1,74,170,-105,97
2,86,36,1,74,175,-105,92
2,87,47,0,99,175,-105,92
2,88,39,1,104,175,-105,87
2,89,17,1,89,175,-95,87
2,90,3,1,82,175,-95,92
2,91,16,0,72,180,-95,92
2,92,11,1,77,180,-95,92
2,93,4,1,87,180,-95,87
2,94,20,0,82,180,-80,87
2,95,42,0,74,180,-80,97
2,96,10,1,94,180,-90,97
2,97,14,1,94,185,-90,97
2,98,26,0,89,185,-90,102
2,99,43,1,89,185,-85,87
3,0,7,0,35,55,50,50
3,1,40,1,35,45,60,50
3,2,16,1,35,45,50,50
3,3,2,0,25,45,55,50
3,4,6,0,35,45,50,50
3,5,25,0,35,40,60,50
3,6,1,0,45,40,45,50
3,7,11,0,40,40,45,52
3,8,41,0,30,50,45,52
3,9,31,1,30,50,55,52
3,10,36,0,30,45,55,54
3,11,13,1,35,50,55,54
3,12,7,1,40,50,55,49
3,13,45,0,40,50,55,54
3,14,29,1,40,65,35,54
3,15,5,0,35,65,40,54
3,16,27,0,45,50,40,54
3,17,48,0,35,50,40,59
3,18,11,1,40,50,40,59
3,19,2,0,30,50,45,59
3,20,23,1,40,50,40,59
3,21,28,0,30,50,50,59
3,22,39,1,35,50,50,54
3,23,6,1,27,50,50,59
3,24,14,1,27,55,50,59
3,25,16,0,17,60,50,59
3,26,22,0,12,60,55,59
3,27,10,0,7,65,55,59
3,28,1,0,17,65,40,59
3,29,25,1,17,70,30,59
3,30,24,1,22,70,30,59
3,31,13,1,27,75,30,59
3,32,3,1,20,75,30,64
3,33,26,1,30,75,25,64
3,34,11,0,25,75,25,66
3,35,15,1,25,80,25,66
3,36,41,1,30,70,25,66
3,37,12,0,25,80,25,66
3,38,23,1,35,80,20,66
3,39,20,1,35,85,5,66
3,40,37,0,23,95,5,66
3,41,27,1,23,100,0,66
3,42,10,0,18,105,0,66
3,43,46,0,11,105,0,71
3,44,21,1,11,110,-15,71
3,45,16,0,1,115,-15,71
3,46,3,0,16,115,-20,71
3,47,14,0,16,115,-20,76
3,48,5,0,11,115,-15,76
3,49,11,0,6,115,-15,78
3,50,18,0,-19,115,-15,88
3,51,13,1,-14,120,-15,88
3,52,29,0,-24,120,-10,88
3,53,10,1,-4,120,-20,88
3,54,42,0,-12,120,-20,98
3,55,26,1,-2,120,-25,98
3,56,15,0,18,115,-25,98
3,57,38,0,13,120,-25,98
3,58,12,1,18,120,-25,98
3,59,9,1,23,120,-25,98
3,60,5,0,18,120,-20,98
3,61,4,1,28,120,-20,93
3,62,20,1,28,125,-35,93
3,63,23,1,38,125,-40,93
3,64,14,0,38,125,-40,98
3,65,28,1,48,125,-40,98
3,66,24,0,43,125,-35,98
3,67,39,0,36,130,-35,98
3,68,6,1,28,130,-35,103
3,69,3,0,43,130,-40,103
3,70,1,1,35,130,-35,103
3,71,10,0,30,135,-35,103
3,72,17,1,15,135,-25,103
3,73,5,0,10,135,-20,103
3,74,38,0,5,140,-20,103
3,75,13,0,5,140,-20,108
3,76,12,1,10,140,-20,108
3,77,7,0,-5,145,-20,108
3,78,27,1,-5,150,-25,108
3,79,40,1,-5,140,-15,108
3,80,23,0,-10,130,-15,113
3,81,44,0,-10,130,-5,118
3,82,25,1,-10,135,-15,118
3,83,19,0,-30,135,-5,128
3,84,16,0,-40,140,-5,128
3,85,2,0,-50,140,0,128
3,86,14,0,-50,140,0,133
3,87,12,1,-45,140,0,133
3,88,30,1,-45,140,10,133
3,89,20,1,-45,145,-5,133
3,90,37,0,-57,155,-5,133
3,91,4,1,-47,155,-5,128
3,92,27,0,-37,140,-5,128
3,93,32,1,-37,130,10,128
3,94,28,0,-47,130,20,128
3,95,9,0,-52,130,20,133
3,96,16,1,-52,130,10,133
3,97,17,0,-72,140,10,133
3,98,13,1,-67,145,10,133
3,99,22,0,-72,145,15,133
4,0,9,1,55,50,50,50
4,1,20,1,55,55,35,50
4,2,14,0,55,55,35,55
4,3,2,1,60,55,25,55
4,4,3,1,53,55,25,60
4,5,24,0,48,55,30,60
4,6,16,0,38,60,30,60
4,7,15,0,58,55,30,60
4,8,45,0,58,55,30,65
4,9,10,0,53,60,30,65
4,10,31,0,53,65,20,65
4,11,18,1,63,65,20,65
4,12,32,1,63,55,35,65
4,13,1,0,73,55,20,65
4,14,46,0,66,55,20,70
4,15,36,0,66,50,20,72
4,16,5,0,61,50,25,72
4,17,38,1,66,50,25,72
4,18,25,0,66,45,35,72
4,19,23,0,61,35,35,77
4,20,10,0,56,40,35,77
4,21,11,0,51,40,35,79
4,22,14,1,51,45,35,79
4,23,21,1,51,50,20,79
4,24,44,1,56,50,20,79
4,25,15,1,56,55,20,79
4,26,6,1,48,55,20,84
4,27,8,1,38,55,20,89
4,28,26,0,33,55,20,94
4,29,9,0,28,55,20,99
4,30,25,1,28,60,10,99
4,31,28,0,18,60,20,99
4,32,45,0,18,60,20,104
4,33,41,1,23,50,20,104
4,34,33,0,53,50,20,104
4,35,14,0,53,50,20,109
4,36,19,0,33,50,30,119
4,37,36,0,33,45,30,121
4,38,37,0,21,55,30,121
4,39,15,0,41,50,30,121
4,40,1,0,51,50,15,121
4,41,16,1,51,50,5,121
4,42,26,1,61,50,0,121
4,43,10,0,56,55,0,121
4,44,46,1,61,55,0,116
4,45,4,1,71,55,0,111
4,46,44,1,76,55,0,111
4,47,48,0,66,55,0,116
4,48,2,1,71,55,-10,116
4,49,39,1,76,55,-10,111
4,50,11,1,81,55,-10,111
4,51,9,1,86,55,-10,111
4,52,34,1,101,55,-10,111
4,53,1,0,111,55,-25,111
4,54,12,0,106,65,-25,111
4,55,25,0,106,60,-15,111
4,56,3,0,121,60,-20,111
4,57,41,1,126,50,-20,111
4,58,10,1,146,50,-30,111
4,59,26,0,141,50,-30,116
4,60,13,0,141,50,-30,121
4,61,7,0,126,55,-30,121
4,62,38,1,131,55,-30,121
4,63,4,0,116,60,-30,121
4,64,16,0,106,65,-30,121
4,65,47,1,106,65,-30,136
4,66,42,1,106,70,-30,136
4,67,46,0,99,70,-30,141
4,68,35,1,99,60,-20,141
4,69,9,1,104,60,-20,141
4,70,41,1,109,50,-20,141
4,71,20,0,104,50,-5,141
4,72,44,0,104,50,5,146
4,73,48,0,94,50,5,151
4,74,39,1,99,50,5,146
4,75,21,0,94,50,20,146
4,76,26,1,104,50,15,146
4,77,11,0,99,50,15,148
4,78,22,1,99,55,5,148
4,79,38,1,104,55,5,148
4,80,25,0,104,50,15,148
4,81,2,1,109,50,5,148
4,82,46,1,114,50,5,143
4,83,4,0,99,55,5,143
4,84,12,1,104,55,5,143
4,85,3,1,97,55,5,148
4,86,14,1,97,60,5,148
4,87,18,0,72,60,5,158
4,88,5,1,77,60,-5,158
4,89,37,0,65,70,-5,158
4,90,10,1,85,70,-15,158
4,91,40,1,85,60,-5,158
4,92,27,0,95,45,-5,158
4,93,13,0,95,45,-5,163
4,94,41,0,85,55,-5,163
4,95,20,1,85,60,-20,163
4,96,15,0,105,55,-20,163
4,97,4,0,90,60,-20,163
4,98,14,0,90,60,-20,168
4,99,7,0,75,65,-20,168
5,0,12,1,55,50,50,50
5,1,38,1,60,50,50,50
5,2,4,1,70,50,50,45
5,3,36,0,70,45,50,47
5,4,28,0,60,45,60,47
5,5,2,1,65,45,50,47
5,6,9,0,60,45,50,52
5,7,43,0,80,45,40,52
5,8,41,1,85,35,40,52
5,9,10,1,105,35,30,52
5,10,20,1,105,40,15,52
5,11,26,1,115,40,10,52
5,12,25,0,115,35,20,52
5,13,16,0,105,40,20,52
5,14,3,0,120,40,15,52
5,15,6,1,112,40,15,57
5,16,4,1,122,40,15,52
5,17,27,1,122,45,10,52
5,18,31,1,122,45,20,52
5,19,15,0,142,40,20,52
5,20,42,0,134,40,20,62
5,21,40,0,134,50,10,62
5,22,30,1,134,50,20,62
5,23,13,1,139,55,20,62
5,24,7,1,144,55,20,57
5,25,46,0,137,55,20,62
5,26,16,1,137,55,10,62
5,27,8,1,127,55,10,67
5,28,3,0,142,55,5,67
5,29,4,1,152,55,5,62
5,30,26,1,162,55,0,62
5,31,9,0,157,55,0,67
5,32,5,1,162,55,-10,67
5,33,2,1,167,55,-20,67
5,34,28,0,157,55,-10,67
5,35,15,1,157,60,-10,67
5,36,1,1,149,60,-5,67
5,37,23,0,144,50,-5,72
5,38,12,0,139,60,-5,72
5,39,24,0,134,60,0,72
5,40,37,1,144,60,0,72
5,41,16,1,144,60,-10,72
5,42,6,0,154,60,-15,72
5,43,41,0,144,70,-15,72
5,44,39,1,149,70,-15,67
5,45,26,1,159,70,-20,67
5,46,3,0,174,70,-25,67
5,47,42,1,174,75,-25,67
5,48,20,1,174,80,-40,67
5,49,25,1,174,85,-50,67
5,50,15,0,194,80,-50,67
5,51,4,0,179,85,-50,67
5,52,43,0,199,85,-60,67
5,53,22,1,199,90,-70,67
5,54,46,1,204,90,-70,62
5,55,47,1,204,90,-70,77
5,56,23,1,214,90,-75,77
5,57,28,1,224,90,-75,77
5,58,21,0,219,90,-60,77
5,59,3,1,212,90,-60,82
5,60,38,0,207,95,-60,82
5,61,7,1,212,95,-60,77
5,62,26,0,207,95,-60,82
5,63,17,0,187,105,-60,82
5,64,40,0,187,115,-70,82
5,65,13,0,187,115,-70,87
5,66,32,1,187,105,-55,87
5,67,8,0,187,110,-65,87
5,68,39,1,192,110,-65,82
5,69,25,1,192,115,-75,82
5,70,15,1,192,120,-75,82
5,71,22,1,192,125,-85,82
5,72,44,1,197,125,-85,82
5,73,45,1,197,130,-85,82
5,74,4,0,182,135,-85,82
5,75,19,0,162,135,-75,92
5,76,2,1,167,135,-85,92
5,77,33,1,167,140,-85,92
5,78,14,1,167,145,-85,92
5,79,16,1,167,145,-95,92
5,80,3,0,182,145,-100,92
5,81,9,1,187,145,-100,92
5,82,26,1,197,145,-105,92
5,83,11,1,202,145,-105,92
5,84,42,1,202,150,-105,92
5,85,41,0,192,160,-105,92
5,86,38,0,187,165,-105,92
5,87,6,1,179,165,-105,97
5,88,39,1,184,165,-105,92
5,89,34,0,184,150,-90,92
5,90,35,0,184,158,-105,92
5,91,21,1,184,163,-120,92
5,92,3,0,199,163,-125,92
5,93,22,1,199,168,-135,92
5,94,15,0,219,163,-135,92
5,95,28,1,229,163,-135,92
5,96,5,0,224,163,-130,92
5,97,20,0,219,163,-115,92
5,98,23,0,214,153,-115,97
5,99,11,0,209,153,-115,99
6,0,42,1,50,55,50,50
6,1,6,1,42,55,50,55
6,2,20,1,42,60,35,55
6,3,3,0,57,60,30,55
6,4,13,0,57,60,30,60
6,5,7,0,42,65,30,60
6,6,45,1,42,70,30,60
6,7,10,1,62,70,20,60
6,8,8,0,62,75,10,60
6,9,5,0,57,75,15,60
6,10,41,1,62,65,15,60
6,11,22,1,62,70,5,60
6,12,31,0,62,75,-5,60
6,13,39,0,55,80,-5,60
6,14,4,1,65,80,-5,55
6,15,6,0,75,80,-10,55
6,16,2,1,80,80,-20,55
6,17,12,0,75,90,-20,55
6,18,11,0,70,90,-20,57
6,19,26,1,80,90,-25,57
6,20,48,1,80,95,-25,47
6,21,16,0,70,100,-25,47
6,22,9,0,65,100,-25,52
6,23,18,1,75,100,-25,52
6,24,25,1,75,105,-35,52
6,25,28,1,85,105,-35,52
6,26,45,1,85,110,-35,52
6,27,44,1,90,110,-35,52
6,28,47,1,90,110,-35,67
6,29,8,0,90,115,-45,67
6,30,10,0,85,120,-45,67
6,31,3,0,100,120,-50,67
6,32,5,1,105,120,-60,67
6,33,20,1,105,125,-75,67
6,34,36,1,105,130,-75,62
6,35,38,1,110,130,-75,62
6,36,41,0,100,140,-75,62
6,37,16,0,90,145,-75,62
6,38,9,1,95,145,-75,62
6,39,26,0,90,145,-75,67
6,40,25,0,90,140,-65,67
6,41,15,1,90,145,-65,67
6,42,40,1,90,135,-55,67
6,43,42,0,82,135,-55,77
6,44,23,0,77,125,-55,82
6,45,4,1,87,125,-55,77
6,46,45,0,87,125,-55,82
6,47,21,0,82,125,-40,82
6,48,32,1,82,115,-25,82
6,49,14,0,82,115,-25,87
6,50,13,0,82,115,-25,92
6,51,26,0,77,115,-25,97
6,52,15,1,77,120,-25,97
6,53,12,1,82,120,-25,97
6,54,5,0,77,120,-20,97
6,55,36,1,77,125,-20,92
6,56,9,0,72,125,-20,97
6,57,20,0,67,125,-5,97
6,58,22,0,62,125,0,97
6,59,48,1,62,130,0,87
6,60,39,0,55,135,0,87
6,61,6,0,65,135,-5,87
6,62,7,0,50,140,-5,87
6,63,26,0,45,140,-5,92
6,64,33,1,45,145,-5,92
6,65,37,0,33,155,-5,92
6,66,28,0,23,155,5,92
6,67,34,1,38,155,5,92
6,68,2,0,28,155,10,92
6,69,42,1,28,160,10,92
6,70,13,0,28,160,10,97
6,71,11,1,33,160,10,97
6,72,20,0,28,160,25,97
6,73,16,0,18,165,25,97
6,74,23,1,28,165,20,97
6,75,44,0,28,165,30,102
6,76,3,0,43,165,25,102
6,77,45,0,43,165,25,107
6,78,15,1,43,170,25,107
6,79,12,1,48,170,25,107
6,80,43,0,68,170,15,107
6,81,11,0,63,170,15,109
6,82,17,1,48,170,25,109
6,83,26,1,58,170,20,109
6,84,25,0,58,165,30,109
6,85,10,0,53,170,30,109
6,86,1,1,45,170,35,109
6,87,42,1,45,175,35,109
6,88,7,1,50,175,35,104
6,89,18,0,25,175,35,114
6,90,4,0,10,180,35,114
6,91,22,1,10,185,25,114
6,92,14,1,10,190,25,114
6,93,9,0,5,190,25,119
6,94,19,1,20,190,25,119
6,95,38,1,25,190,25,119
6,96,46,1,30,190,25,114
6,97,25,0,30,185,35,114
6,98,37,0,18,195,35,114
6,99,12,1,23,195,35,114
7,0,46,0,43,50,50,55
7,1,22,0,38,50,55,55
7,2,7,1,43,50,55,50
7,3,42,0,35,50,55,60
7,4,36,0,35,45,55,62
7,5,2,1,40,45,45,62
7,6,1,1,32,45,50,62
7,7,41,1,37,35,50,62
7,8,3,1,30,35,50,67
7,9,26,0,25,35,50,72
7,10,13,1,30,40,50,72
7,11,40,1,30,30,60,72
7,12,25,1,30,35,50,72
7,13,20,1,30,40,35,72
7,14,23,1,40,40,30,72
7,15,47,0,65,40,30,72
7,16,4,1,75,40,30,67
7,17,16,0,65,45,30,67
7,18,44,0,65,45,40,72
7,19,41,1,70,35,40,72
7,20,6,1,62,35,40,77
7,21,45,0,62,35,40,82
7,22,10,0,57,40,40,82
7,23,42,0,49,40,40,92
7,24,11,1,54,40,40,92
7,25,5,0,49,40,45,92
7,26,19,1,64,40,45,92
7,27,31,1,64,40,55,92
7,28,9,1,69,40,55,92
7,29,16,1,69,40,45,92
7,30,25,0,69,35,55,92
7,31,2,0,59,35,60,92
7,32,3,1,52,35,60,97
7,33,24,0,47,35,65,97
7,34,13,0,47,35,65,102
7,35,6,0,57,35,60,102
7,36,14,1,57,40,60,102
7,37,38,1,62,40,60,102
7,38,44,1,67,40,60,102
7,39,39,1,72,40,60,97
7,40,37,0,60,50,60,97
7,41,8,1,50,50,60,102
7,42,26,1,60,50,55,102
7,43,5,0,55,50,60,102
7,44,25,1,55,55,50,102
7,45,3,0,70,55,45,102
7,46,2,0,60,55,50,102
7,47,12,0,55,65,50,102
7,48,20,0,50,65,65,102
7,49,23,1,60,65,60,102
7,50,9,1,65,65,60,102
7,51,45,0,65,65,60,107
7,52,22,0,60,65,65,107
7,53,16,0,50,70,65,107
7,54,27,1,50,75,60,107
7,55,44,1,55,75,60,107
7,56,11,1,60,75,60,107
7,57,1,1,52,75,65,107
7,58,15,0,72,70,65,107
7,59,13,1,77,75,65,107
7,60,10,0,72,80,65,107
7,61,7,0,57,85,65,107
7,62,37,0,45,95,65,107
7,63,14,0,45,95,65,112
7,64,32,1,45,85,80,112
7,65,20,0,40,85,95,112
7,66,25,0,40,80,105,112
7,67,9,0,35,80,105,117
7,68,39,1,40,80,105,112
7,69,4,0,25,85,105,112
7,70,21,0,20,85,120,112
7,71,33,0,50,85,120,112
7,72,43,0,70,85,110,112
7,73,15,0,90,80,110,112
7,74,47,1,90,80,110,127
7,75,5,0,85,80,115,127
7,76,8,1,75,80,115,132
7,77,10,0,70,85,115,132
7,78,26,1,80,85,110,132
7,79,1,1,72,85,115,132
7,80,41,0,62,95,115,132
7,81,12,0,57,105,115,132
7,82,36,1,57,110,115,127
7,83,4,1,67,110,115,122
7,84,15,1,67,115,115,122
7,85,9,0,62,115,115,127
7,86,40,1,62,105,125,127
7,87,18,1,72,105,125,127
7,88,23,0,67,95,125,132
7,89,30,0,67,95,115,142
7,90,27,1,67,100,110,142
7,91,16,0,57,105,110,142
7,92,17,1,42,105,120,142
7,93,34,0,42,90,135,142
7,94,7,0,27,95,135,142
7,95,38,1,32,95,135,142
7,96,4,1,42,95,135,137
7,97,5,0,37,95,140,137
7,98,28,1,47,95,140,137
7,99,41,0,37,105,140,137
8,0,16,1,50,50,40,50
8,1,13,0,50,50,40,55
8,2,5,1,55,50,30,55
8,3,6,1,47,50,30,60
8,4,20,0,42,50,45,60
8,5,27,1,42,55,40,60
8,6,38,0,37,60,40,60
8,7,39,0,30,65,40,60
8,8,3,0,45,65,35,60
8,9,15,0,65,60,35,60
8,10,7,1,70,60,35,55
8,11,37,1,80,60,35,55
8,12,4,1,90,60,35,50
8,13,1,1,82,60,40,50
8,14,45,1,82,65,40,50
8,15,18,1,92,65,40,50
8,16,31,1,92,65,50,50
8,17,8,1,82,65,50,55
8,18,36,1,82,70,50,50
8,19,13,0,82,70,50,55
8,20,43,1,82,70,55,40
8,21,10,1,102,70,45,40
8,22,38,0,97,75,45,40
8,23,17,0,77,85,45,40
8,24,40,0,77,95,35,40
8,25,20,0,72,95,50,40
8,26,12,0,67,105,50,40
8,27,47,1,67,105,50,55
8,28,1,0,77,105,35,55
8,29,9,0,72,105,35,60
8,30,22,1,72,110,25,60
8,31,14,1,72,115,25,60
8,32,28,1,82,115,25,60
8,33,3,1,75,115,25,65
8,34,25,0,75,110,35,65
8,35,45,0,75,110,35,70
8,36,41,0,65,120,35,70
8,37,16,0,55,125,35,70
8,38,42,1,55,130,35,70
8,39,36,0,55,125,35,72
8,40,2,1,60,125,25,72
8,41,20,0,55,125,40,72
8,42,29,1,55,140,20,72
8,43,13,0,55,140,20,77
8,44,9,1,60,140,20,77
8,45,40,1,60,130,30,77
8,46,32,0,60,135,15,77
8,47,33,0,90,135,15,77
8,48,14,0,90,135,15,82
8,49,44,0,90,135,25,87
8,50,23,0,85,125,25,92
8,51,27,1,85,130,20,92
8,52,22,1,85,135,10,92
8,53,43,0,105,135,0,92
8,54,5,1,110,135,-10,92
8,55,7,1,115,135,-10,87
8,56,6,0,125,135,-15,87
8,57,1,1,117,135,-10,87
8,58,25,1,117,140,-20,87
8,59,9,0,112,140,-20,92
8,60,3,1,105,140,-20,97
8,61,34,0,105,125,-5,97
8,62,39,0,98,130,-5,97
8,63,11,1,103,130,-5,97
8,64,15,1,103,135,-5,97
8,65,8,0,103,140,-15,97
8,66,29,0,93,140,-10,97
8,67,41,1,98,130,-10,97
8,68,14,1,98,135,-10,97
8,69,12,0,93,145,-10,97
8,70,27,0,103,130,-10,97
8,71,28,0,93,130,0,97
8,72,1,0,103,130,-15,97
8,73,35,0,103,138,-30,97
8,74,6,1,95,138,-30,102
8,75,25,1,95,143,-40,102
8,76,44,1,100,143,-40,102
8,77,23,0,95,133,-40,107
8,78,36,0,95,128,-40,109
8,79,4,1,105,128,-40,104
8,80,45,1,105,133,-40,104
8,81,12,1,110,133,-40,104
8,82,11,0,105,133,-40,106
8,83,9,1,110,133,-40,106
8,84,3,1,103,133,-40,111
8,85,1,0,113,133,-55,111
8,86,14,1,113,138,-55,111
8,87,38,0,108,143,-55,111
8,88,15,0,128,138,-55,111
8,89,5,1,133,138,-65,111
8,90,26,0,128,138,-65,116
8,91,27,1,128,143,-70,116
8,92,41,0,118,153,-70,116
8,93,36,0,118,148,-70,118
8,94,12,1,123,148,-70,118
8,95,4,0,108,153,-70,118
8,96,22,1,108,158,-80,118
8,97,44,0,108,158,-70,123
8,98,20,0,103,158,-55,123
8,99,30,0,103,158,-65,133
9,0,47,1,50,50,50,65
9,1,28,0,40,50,60,65
9,2,11,1,45,50,60,65
9,3,16,0,35,55,60,65
9,4,1,0,45,55,45,65
9,5,29,1,45,70,25,65
9,6,37,0,33,80,25,65
9,7,39,1,38,80,25,60
9,8,38,1,43,80,25,60
9,9,27,1,43,85,20,60
9,10,41,1,48,75,20,60
9,11,13,1,53,80,20,60
9,12,26,1,63,80,15,60
9,13,44,1,68,80,15,60
9,14,46,0,61,80,15,65
9,15,31,1,61,80,25,65
9,16,3,0,76,80,20,65
9,17,15,1,76,85,20,65
9,18,4,1,86,85,20,60
9,19,6,0,96,85,15,60
9,20,14,0,96,85,15,65
9,21,11,0,91,85,15,67
9,22,40,1,91,75,25,67
9,23,10,1,111,75,15,67
9,24,27,1,111,80,10,67
9,25,26,0,106,80,10,72
9,26,16,0,96,85,10,72
9,27,25,0,96,80,20,72
9,28,43,0,116,80,10,72
9,29,32,0,116,85,-5,72
9,30,42,1,116,90,-5,72
9,31,9,0,111,90,-5,77
9,32,22,0,106,90,0,77
9,33,8,0,106,95,-10,77
9,34,2,1,111,95,-20,77
9,35,23,0,106,85,-20,82
9,36,13,0,106,85,-20,87
9,37,15,1,106,90,-20,87
9,38,1,0,116,90,-35,87
9,39,7,1,121,90,-35,82
9,40,33,1,121,95,-35,82
9,41,40,1,121,85,-25,82
9,42,30,1,121,85,-15,82
9,43,14,1,121,90,-15,82
9,44,48,0,111,90,-15,87
9,45,10,1,131,90,-25,87
9,46,24,0,126,90,-20,87
9,47,41,1,131,80,-20,87
9,48,46,1,136,80,-20,82
9,49,18,0,111,80,-20,92
9,50,1,1,103,80,-15,92
9,51,4,1,113,80,-15,87
9,52,23,1,123,80,-20,87
9,53,37,1,133,80,-20,87
9,54,11,1,138,80,-20,87
9,55,2,0,128,80,-15,87
9,56,42,1,128,85,-15,87
9,57,34,0,128,70,0,87
9,58,22,1,128,75,-10,87
9,59,16,1,128,75,-20,87
9,60,5,0,123,75,-15,87
9,61,40,0,123,85,-25,87
9,62,8,1,113,85,-25,92
9,63,14,0,113,85,-25,97
9,64,1,1,105,85,-20,97
9,65,6,1,97,85,-20,102
9,66,3,0,112,85,-25,102
9,67,41,1,117,75,-25,102
9,68,20,0,112,75,-10,102
9,69,10,0,107,80,-10,102
9,70,16,1,107,80,-20,102
9,71,15,1,107,85,-20,102
9,72,4,0,92,90,-20,102
9,73,35,1,92,80,-10,102
9,74,11,1,97,80,-10,102
9,75,12,0,92,90,-10,102
9,76,14,1,92,95,-10,102
9,77,9,0,87,95,-10,107
9,78,44,1,92,95,-10,107
9,79,46,0,85,95,-10,112
9,80,16,1,85,95,-20,112
9,81,38,0,80,100,-20,112
9,82,2,0,70,100,-15,112
9,83,19,0,50,100,-5,122
9,84,13,0,50,100,-5,127
9,85,43,1,50,100,0,112
9,86,25,1,50,105,-10,112
9,87,20,0,45,105,5,112
9,88,12,1,50,105,5,112
9,89,10,1,70,105,-5,112
9,90,41,0,60,115,-5,112
9,91,4,0,45,120,-5,112
9,92,28,1,55,120,-5,112
9,93,5,1,60,120,-15,112
9,94,3,1,53,120,-15,117
9,95,11,1,58,120,-15,117
9,96,40,1,58,110,-5,117
9,97,16,0,48,115,-5,117
9,98,30,1,48,115,5,117
9,99,23,0,43,105,5,122
10,0,31,0,50,55,40,50
10,1,48,0,40,55,40,55
10,2,5,1,45,55,30,55
10,3,23,1,55,55,25,55
10,4,21,0,50,55,40,55
10,5,29,0,40,55,45,55
10,6,22,1,40,60,35,55
10,7,39,1,45,60,35,50
10,8,24,0,40,60,40,50
10,9,28,1,50,60,40,50
10,10,41,0,40,70,40,50
10,11,37,1,50,70,40,50
10,12,9,1,55,70,40,50
10,13,14,0,55,70,40,55
10,14,13,0,55,70,40,60
10,15,46,1,60,70,40,55
10,16,20,0,55,70,55,55
10,17,38,0,50,75,55,55
10,18,15,1,50,80,55,55
10,19,1,1,42,80,60,55
10,20,27,1,42,85,55,55
10,21,24,0,37,85,60,55
10,22,22,0,32,85,65,55
10,23,30,0,32,85,55,65
10,24,32,1,32,75,70,65
10,25,14,0,32,75,70,70
10,26,41,0,22,85,70,70
10,27,17,1,7,85,80,70
10,28,45,0,7,85,80,75
10,29,12,0,2,95,80,75
10,30,5,0,-3,95,85,75
10,31,15,1,-3,100,85,75
10,32,48,1,-3,105,85,65
10,33,24,0,-8,105,90,65
10,34,43,1,-8,105,95,50
10,35,2,1,-3,105,85,50
10,36,1,1,-11,105,90,50
10,37,33,0,19,105,90,50
10,38,20,1,19,110,75,50
10,39,16,0,9,115,75,50
10,40,23,1,19,115,70,50
10,41,37,0,7,125,70,50
10,42,26,0,2,125,70,55
10,43,38,1,7,125,70,55
10,44,7,0,-8,130,70,55
10,45,9,0,-13,130,70,60
10,46,40,0,-13,140,60,60
10,47,28,0,-23,140,70,60
10,48,4,1,-13,140,70,55
10,49,36,0,-13,135,70,57
10,50,34,0,-13,120,85,57
10,51,41,1,-8,110,85,57
10,52,22,1,-8,115,75,57
10,53,1,0,2,115,60,57
10,54,29,1,2,130,40,57
10,55,23,0,-3,120,40,62
10,56,27,1,-3,125,35,62
10,57,25,0,-3,120,45,62
10,58,35,1,-3,110,55,62
10,59,7,0,-18,115,55,62
10,60,46,0,-25,115,55,67
10,61,6,0,-15,115,50,67
10,62,20,0,-20,115,65,67
10,63,12,1,-15,115,65,67
10,64,2,0,-25,115,70,67
10,65,14,1,-25,120,70,67
10,66,10,1,-5,120,60,67
10,67,5,0,-10,120,65,67
10,68,42,0,-18,120,65,77
10,69,25,0,-18,115,75,77
10,70,9,1,-13,115,75,77
10,71,39,0,-20,120,75,77
10,72,22,0,-25,120,80,77
10,73,21,0,-30,120,95,77
10,74,26,1,-20,120,90,77
10,75,37,0,-32,130,90,77
10,76,3,1,-39,130,90,82
10,77,8,1,-49,130,90,87
10,78,12,1,-44,130,90,87
10,79,29,0,-54,130,95,87
10,80,2,1,-49,130,85,87
10,81,15,0,-29,125,85,87
10,82,41,1,-24,115,85,87
10,83,16,1,-24,115,75,87
10,84,7,0,-39,120,75,87
10,85,40,1,-39,110,85,87
10,86,48,1,-39,115,85,77
10,87,22,1,-39,120,75,77
10,88,19,0,-59,120,85,87
10,89,38,1,-54,120,85,87
10,90,9,1,-49,120,85,87
10,91,4,1,-39,120,85,82
10,92,46,0,-46,120,85,87
10,93,1,1,-54,120,90,87
10,94,15,0,-34,115,90,87
10,95,13,1,-29,120,90,87
10,96,21,0,-34,120,105,87
10,97,11,1,-29,120,105,87
10,98,10,1,-9,120,95,87
10,99,45,1,-9,125,95,87
11,0,4,1,60,50,50,45
11,1,6,1,52,50,50,50
11,2,2,1,57,50,40,50
11,3,11,0,52,50,40,52
11,4,12,0,47,60,40,52
11,5,31,1,47,60,50,52
11,6,28,0,37,60,60,52
11,7,42,0,29,60,60,62
11,8,3,0,44,60,55,62
11,9,37,1,54,60,55,62
11,10,15,0,74,55,55,62
11,11,10,1,94,55,45,62
11,12,26,1,104,55,40,62
11,13,22,1,104,60,30,62
11,14,29,1,104,75,10,62
11,15,9,0,99,75,10,67
11,16,41,0,89,85,10,67
11,17,11,0,84,85,10,69
11,18,18,0,59,85,10,79
11,19,39,1,64,85,10,74
11,20,2,0,54,85,15,74
11,21,1,1,46,85,20,74
11,22,12,0,41,95,20,74
11,23,14,0,41,95,20,79
11,24,4,0,26,100,20,79
11,25,20,1,26,105,5,79
11,26,13,1,31,110,5,79
11,27,44,1,36,110,5,79
11,28,40,1,36,100,15,79
11,29,11,0,31,100,15,81
11,30,25,0,31,95,25,81
11,31,5,0,26,95,30,81
11,32,10,1,46,95,20,81
11,33,32,0,46,100,5,81
11,34,43,0,66,100,-5,81
11,35,1,1,58,100,0,81
11,36,19,1,73,100,0,81
11,37,33,1,73,105,0,81
11,38,14,1,73,110,0,81
11,39,3,1,66,110,0,86
11,40,9,1,71,110,0,86
11,41,41,1,76,100,0,86
11,42,7,1,81,100,0,81
11,43,2,0,71,100,5,81
11,44,12,0,66,110,5,81
11,45,24,0,61,110,10,81
11,46,26,1,71,110,5,81
11,47,5,1,76,110,-5,81
11,48,18,1,86,110,-5,81
11,49,34,0,86,95,10,81
11,50,48,0,76,95,10,86
11,51,20,1,76,100,-5,86
11,52,4,1,86,100,-5,81
11,53,44,0,86,100,5,86
11,54,10,1,106,100,-5,86
11,55,23,1,116,100,-10,86
11,56,14,0,116,100,-10,91
11,57,6,0,126,100,-15,91
11,58,27,1,126,105,-20,91
11,59,40,0,126,115,-30,91
11,60,28,1,136,115,-30,91
11,61,9,0,131,115,-30,96
11,62,7,0,116,120,-30,96
11,63,22,0,111,120,-25,96
11,64,16,0,101,125,-25,96
11,65,3,0,116,125,-30,96
11,66,41,1,121,115,-30,96
11,67,20,0,116,115,-15,96
11,68,26,0,111,115,-15,101
11,69,45,1,111,120,-15,101
11,70,44,0,111,120,-5,106
11,71,10,1,131,120,-15,106
11,72,36,0,131,115,-15,108
11,73,11,0,126,115,-15,110
11,74,8,1,116,115,-15,115
11,75,21,0,111,115,0,115
11,76,6,0,121,115,-5,115
11,77,12,1,126,115,-5,115
11,78,13,0,126,115,-5,120
11,79,9,0,121,115,-5,125
11,80,35,0,121,123,-20,125
11,81,10,1,141,123,-30,125
11,82,25,1,141,128,-40,125
11,83,43,0,161,128,-50,125
11,84,40,0,161,138,-60,125
11,85,46,1,166,138,-60,120
11,86,4,1,176,138,-60,115
11,87,14,0,176,138,-60,120
11,88,27,0,186,123,-60,120
11,89,2,1,191,123,-70,120
11,90,37,1,201,123,-70,120
11,91,5,0,196,123,-65,120
11,92,15,1,196,128,-65,120
11,93,19,0,176,128,-55,130
11,94,25,0,176,123,-45,130
11,95,16,0,166,128,-45,130
11,96,6,0,176,128,-50,130
11,97,22,1,176,133,-60,130
11,98,36,0,176,128,-60,132
11,99,21,0,171,128,-45,132
12,0,3,1,43,50,50,55
12,1,48,1,43,55,50,45
12,2,31,0,43,60,40,45
12,3,38,0,38,65,40,45
12,4,14,0,38,65,40,50
12,5,24,1,43,65,40,50
12,6,8,0,43,70,30,50
12,7,22,1,43,75,20,50
12,8,26,0,38,75,20,55
12,9,15,1,38,80,20,55
12,10,36,0,38,75,20,57
12,11,39,0,31,80,20,57
12,12,16,1,31,80,10,57
12,13,2,1,36,80,0,57
12,14,41,0,26,90,0,57
12,15,4,1,36,90,0,52
12,16,11,0,31,90,0,54
12,17,30,1,31,90,10,54
12,18,23,0,26,80,10,59
12,19,5,1,31,80,0,59
12,20,3,0,46,80,-5,59
12,21,9,0,41,80,-5,64
12,22,16,1,41,80,-15,64
12,23,1,0,51,80,-30,64
12,24,43,0,71,80,-40,64
12,25,13,1,76,85,-40,64
12,26,29,1,76,100,-60,64
12,27,44,1,81,100,-60,64
12,28,36,1,81,105,-60,59
12,29,22,0,76,105,-55,59
12,30,38,0,71,110,-55,59
12,31,8,0,71,115,-65,59
12,32,12,1,76,115,-65,59
12,33,41,1,81,105,-65,59
12,34,5,1,86,105,-75,59
12,35,10,0,81,110,-75,59
12,36,14,0,81,110,-75,64
12,37,30,0,81,110,-85,74
12,38,47,1,81,110,-85,89
12,39,11,1,86,110,-85,89
12,40,45,1,86,115,-85,89
12,41,6,1,78,115,-85,94
12,42,4,1,88,115,-85,89
12,43,2,1,93,115,-95,89
12,44,9,0,88,115,-95,94
12,45,37,0,76,125,-95,94
12,46,16,0,66,130,-95,94
12,47,3,1,59,130,-95,99
12,48,44,0,59,130,-85,104
12,49,22,0,54,130,-80,104
12,50,42,0,46,130,-80,114
12,51,38,0,41,135,-80,114
12,52,20,0,36,135,-65,114
12,53,21,0,31,135,-50,114
12,54,25,1,31,140,-60,114
12,55,39,0,24,145,-60,114
12,56,32,1,24,135,-45,114
12,57,14,0,24,135,-45,119
12,58,5,0,19,135,-40,119
12,59,15,0,39,130,-40,119
12,60,16,1,39,130,-50,119
12,61,33,0,69,130,-50,119
12,62,3,0,84,130,-55,119
12,63,4,1,94,130,-55,114
12,64,13,1,99,135,-55,114
12,65,48,1,99,140,-55,104
12,66,21,1,99,145,-70,104
12,67,28,0,89,145,-60,104
12,68,43,1,89,145,-55,89
12,69,17,0,69,155,-55,89
12,70,16,1,69,155,-65,89
12,71,1,0,79,155,-80,89
12,72,29,0,69,155,-75,89
12,73,26,1,79,155,-80,89
12,74,23,0,74,145,-80,94
12,75,41,1,79,135,-80,94
12,76,15,1,79,140,-80,94
12,77,25,0,79,135,-70,94
12,78,10,0,74,140,-70,94
12,79,13,0,74,140,-70,99
12,80,46,1,79,140,-70,94
12,81,44,0,79,140,-60,99
12,82,11,1,84,140,-60,99
12,83,5,1,89,140,-70,99
12,84,14,1,89,145,-70,99
12,85,27,0,99,130,-70,99
12,86,26,1,109,130,-75,99
12,87,8,0,109,135,-85,99
12,88,6,1,101,135,-85,104
12,89,34,0,101,120,-70,104
12,90,3,1,94,120,-70,109
12,91,21,1,94,125,-85,109
12,92,11,0,89,125,-85,111
12,93,19,1,104,125,-85,111
12,94,39,0,97,130,-85,111
12,95,23,1,107,130,-90,111
12,96,16,0,97,135,-90,111
12,97,22,0,92,135,-85,111
12,98,1,0,102,135,-100,111
12,99,38,0,97,140,-100,111
13,0,13,0,50,50,50,55
13,1,28,1,60,50,50,55
13,2,25,0,60,45,60,55
13,3,3,1,53,45,60,60
13,4,27,1,53,50,55,60
13,5,16,0,43,55,55,60
13,6,20,1,43,60,40,60
13,7,10,0,38,65,40,60
13,8,46,0,31,65,40,65
13,9,9,1,36,65,40,65
13,10,21,1,36,70,25,65
13,11,41,0,26,80,25,65
13,12,14,0,26,80,25,70
13,13,22,0,21,80,30,70
13,14,6,0,31,80,25,70
13,15,26,0,26,80,25,75
13,16,2,1,31,80,15,75
13,17,37,0,19,90,15,75
13,18,8,1,9,90,15,80
13,19,47,0,34,90,15,80
13,20,45,0,34,90,15,85
13,21,30,1,34,90,25,85
13,22,11,0,29,90,25,87
13,23,10,1,49,90,15,87
13,24,5,0,44,90,20,87
13,25,3,1,37,90,20,92
13,26,36,1,37,95,20,87
13,27,31,1,37,95,30,87
13,28,46,1,42,95,30,82
13,29,17,0,22,105,30,82
13,30,24,0,17,105,35,82
13,31,32,1,17,95,50,82
13,32,7,0,2,100,50,82
13,33,23,1,12,100,45,82
13,34,8,0,12,105,35,82
13,35,42,1,12,110,35,82
13,36,2,0,2,110,40,82
13,37,45,0,2,110,40,87
13,38,4,0,-13,115,40,87
13,39,22,1,-13,120,30,87
13,40,43,0,7,120,20,87
13,41,36,1,7,125,20,82
13,42,25,1,7,130,10,82
13,43,20,0,2,130,25,82
13,44,33,0,32,130,25,82
13,45,24,1,37,130,25,82
13,46,1,1,29,130,30,82
13,47,47,1,29,130,30,97
13,48,7,0,14,135,30,97
13,49,12,0,9,145,30,97
13,50,8,1,-1,145,30,102
13,51,10,1,19,145,20,102
13,52,39,1,24,145,20,97
13,53,4,1,34,145,20,92
13,54,28,0,24,145,30,92
13,55,38,1,29,145,30,92
13,56,41,1,34,135,30,92
13,57,16,1,34,135,20,92
13,58,34,0,34,120,35,92
13,59,17,1,19,120,45,92
13,60,27,1,19,125,40,92
13,61,5,1,24,125,30,92
13,62,48,1,24,130,30,82
13,63,26,1,34,130,25,82
13,64,1,1,26,130,30,82
13,65,4,1,36,130,30,77
13,66,15,0,56,125,30,77
13,67,19,0,36,125,40,87
13,68,10,1,56,125,30,87
13,69,14,0,56,125,30,92
13,70,3,1,49,125,30,97
13,71,8,1,39,125,30,102
13,72,20,1,39,130,15,102
13,73,25,1,39,135,5,102
13,74,7,1,44,135,5,97
13,75,28,0,34,135,15,97
13,76,44,1,39,135,15,97
13,77,11,0,34,135,15,99
13,78,21,0,29,135,30,99
13,79,4,0,14,140,30,99
13,80,16,1,14,140,20,99
13,81,10,1,34,140,10,99
13,82,3,0,49,140,5,99
13,83,15,1,49,145,5,99
13,84,38,1,54,145,5,99
13,85,12,1,59,145,5,99
13,86,25,0,59,140,15,99
13,87,26,1,69,140,10,99
13,88,6,1,61,140,10,104
13,89,22,0,56,140,15,104
13,90,41,1,61,130,15,104
13,91,39,0,54,135,15,104
13,92,13,0,54,135,15,109
13,93,11,0,49,135,15,111
13,94,42,1,49,140,15,111
13,95,2,0,39,140,20,111
13,96,4,0,24,145,20,111
13,97,17,0,4,155,20,111
13,98,25,0,4,150,30,111
13,99,12,1,9,150,30,111
14,0,15,0,70,45,50,50
14,1,11,0,65,45,50,52
14,2,46,1,70,45,50,47
14,3,23,1,80,45,45,47
14,4,27,1,80,50,40,47
14,5,20,0,75,50,55,47
14,6,36,0,75,45,55,49
14,7,10,0,70,50,55,49
14,8,37,1,80,50,55,49
14,9,43,0,100,50,45,49
14,10,8,1,90,50,45,54
14,11,42,1,90,55,45,54
14,12,5,0,85,55,50,54
14,13,28,1,95,55,50,54
14,14,45,0,95,55,50,59
14,15,26,1,105,55,45,59
14,16,16,1,105,55,35,59
14,17,47,1,105,55,35,74
14,18,29,0,95,55,40,74
14,19,15,1,95,60,40,74
14,20,31,0,95,65,30,74
14,21,22,0,90,65,35,74
14,22,36,1,90,70,35,69
14,23,37,0,78,80,35,69
14,24,23,0,73,70,35,74
14,25,5,0,68,70,40,74
14,26,25,0,68,65,50,74
14,27,4,1,78,65,50,69
14,28,12,1,83,65,50,69
14,29,26,0,78,65,50,74
14,30,11,0,73,65,50,76
14,31,9,1,78,65,50,76
14,32,14,1,78,70,50,76
14,33,7,0,63,75,50,76
14,34,41,1,68,65,50,76
14,35,10,1,88,65,40,76
14,36,15,0,108,60,40,76
14,37,13,1,113,65,40,76
14,38,36,0,113,60,40,78
14,39,16,1,113,60,30,78
14,40,27,0,123,45,30,78
14,41,40,0,123,55,20,78
14,42,3,0,138,55,15,78
14,43,44,1,143,55,15,78
14,44,22,0,138,55,20,78
14,45,21,1,138,60,5,78
14,46,10,1,158,60,-5,78
14,47,12,0,153,70,-5,78
14,48,9,0,148,70,-5,83
14,49,42,1,148,75,-5,83
14,50,5,0,143,75,0,83
14,51,18,0,118,75,0,93
14,52,43,0,138,75,-10,93
14,53,36,1,138,80,-10,88
14,54,1,0,148,80,-25,88
14,55,7,1,153,80,-25,83
14,56,27,0,163,65,-25,83
14,57,41,0,153,75,-25,83
14,58,12,1,158,75,-25,83
14,59,4,0,143,80,-25,83
14,60,40,0,143,90,-35,83
14,61,3,0,158,90,-40,83
14,62,44,1,163,90,-40,83
14,63,46,0,156,90,-40,88
14,64,2,0,146,90,-35,88
14,65,24,0,141,90,-30,88
14,66,37,0,129,100,-30,88
14,67,6,0,139,100,-35,88
14,68,26,0,134,100,-35,93
14,69,25,1,134,105,-45,93
14,70,14,0,134,105,-45,98
14,71,43,0,154,105,-55,98
14,72,8,0,154,110,-65,98
14,73,3,1,147,110,-65,103
14,74,15,1,147,115,-65,103
14,75,18,1,157,115,-65,103
14,76,16,0,147,120,-65,103
14,77,23,0,142,110,-65,108
14,78,41,0,132,120,-65,108
14,79,46,1,137,120,-65,103
14,80,26,1,147,120,-70,103
14,81,1,1,139,120,-65,103
14,82,29,0,129,120,-60,103
14,83,48,1,129,125,-60,93
14,84,20,0,124,125,-45,93
14,85,28,0,114,125,-35,93
14,86,38,1,119,125,-35,93
14,87,25,1,119,130,-45,93
14,88,10,0,114,135,-45,93
14,89,14,0,114,135,-45,98
14,90,5,0,109,135,-40,98
14,91,4,0,94,140,-40,98
14,92,17,0,74,150,-40,98
14,93,3,1,67,150,-40,103
14,94,9,1,72,150,-40,103
14,95,26,1,82,150,-45,103
14,96,27,1,82,155,-50,103
14,97,23,0,77,145,-50,108
14,98,16,1,77,145,-60,108
14,99,6,1,69,145,-60,113
15,0,9,1,55,50,50,50
15,1,25,0,55,45,60,50
15,2,15,0,75,40,60,50
15,3,22,1,75,45,50,50
15,4,17,1,60,45,60,50
15,5,16,0,50,50,60,50
15,6,37,0,38,60,60,50
15,7,40,0,38,70,50,50
15,8,23,0,33,60,50,55
15,9,14,1,33,65,50,55
15,10,36,1,33,70,50,50
15,11,20,1,33,75,35,50
15,12,47,1,33,75,35,65
15,13,31,0,33,80,25,65
15,14,4,1,43,80,25,60
15,15,42,1,43,85,25,60
15,16,9,1,48,85,25,60
15,17,13,1,53,90,25,60
15,18,45,0,53,90,25,65
15,19,2,1,58,90,15,65
15,20,41,0,48,100,15,65
15,21,7,1,53,100,15,60
15,22,3,1,46,100,15,65
15,23,14,0,46,100,15,70
15,24,43,0,66,100,5,70
15,25,16,1,66,100,-5,70
15,26,38,0,61,105,-5,70
15,27,39,0,54,110,-5,70
15,28,17,1,39,110,5,70
15,29,37,0,27,120,5,70
15,30,5,1,32,120,-5,70
15,31,8,1,22,120,-5,75
15,32,11,1,27,120,-5,75
15,33,24,1,32,120,-5,75
15,34,15,1,32,125,-5,75
15,35,23,1,42,125,-10,75
15,36,1,1,34,125,-5,75
15,37,41,1,39,115,-5,75
15,38,45,1,39,120,-5,75
15,39,42,0,31,120,-5,85
15,40,12,1,36,120,-5,85
15,41,22,0,31,120,0,85
15,42,16,0,21,125,0,85
15,43,4,1,31,125,0,80
15,44,20,1,31,130,-15,80
15,45,2,0,21,130,-10,80
15,46,27,1,21,135,-15,80
15,47,47,1,21,135,-15,95
15,48,13,1,26,140,-15,95
15,49,43,0,46,140,-25,95
15,50,46,0,39,140,-25,100
15,51,1,1,31,140,-20,100
15,52,14,1,31,145,-20,100
15,53,36,1,31,150,-20,95
15,54,40,1,31,140,-10,95
15,55,21,0,26,140,5,95
15,56,16,0,16,145,5,95
15,57,4,1,26,145,5,90
15,58,5,1,31,145,-5,90
15,59,25,0,31,140,5,90
15,60,12,1,36,140,5,90
15,61,22,0,31,140,10,90
15,62,27,0,41,125,10,90
15,63,23,0,36,115,10,95
15,64,15,0,56,110,10,95
15,65,10,0,51,115,10,95
15,66,41,1,56,105,10,95
15,67,46,0,49,105,10,100
15,68,6,0,59,105,5,100
15,69,9,1,64,105,5,100
15,70,16,1,64,105,-5,100
15,71,4,1,74,105,-5,95
15,72,13,1,79,110,-5,95
15,73,12,0,74,120,-5,95
15,74,7,0,59,125,-5,95
15,75,2,0,49,125,0,95
15,76,43,0,69,125,-10,95
15,77,40,0,69,135,-20,95
15,78,10,0,64,140,-20,95
15,79,24,1,69,140,-20,95
15,80,48,1,69,145,-20,85
15,81,16,0,59,150,-20,85
15,82,1,0,69,150,-35,85
15,83,45,1,69,155,-35,85
15,84,4,0,54,160,-35,85
15,85,18,1,64,160,-35,85
15,86,42,1,64,165,-35,85
15,87,32,0,64,170,-50,85
15,88,8,0,64,175,-60,85
15,89,33,1,64,180,-60,85
15,90,20,0,59,180,-45,85
15,91,9,0,54,180,-45,90
15,92,23,1,64,180,-50,90
15,93,44,1,69,180,-50,90
15,94,24,0,64,180,-45,90
15,95,46,0,57,180,-45,95
15,96,4,0,42,185,-45,95
15,97,12,0,37,195,-45,95
15,98,38,0,32,200,-45,95
15,99,19,1,47,200,-45,95
16,0,11,1,55,50,50,50
16,1,36,1,55,55,50,45
16,2,41,0,45,65,50,45
16,3,26,0,40,65,50,50
16,4,1,0,50,65,35,50
16,5,4,0,35,70,35,50
16,6,9,1,40,70,35,50
16,7,48,1,40,75,35,40
16,8,23,1,50,75,30,40
16,9,25,0,50,70,40,40
16,10,40,0,50,80,30,40
16,11,12,1,55,80,30,40
16,12,31,1,55,80,40,40
16,13,15,1,55,85,40,40
16,14,38,1,60,85,40,40
16,15,13,0,60,85,40,45
16,16,5,1,65,85,30,45
16,17,6,0,75,85,25,45
16,18,2,0,65,85,30,45
16,19,32,0,65,90,15,45
16,20,41,0,55,100,15,45
16,21,26,0,50,100,15,50
16,22,16,1,50,100,5,50
16,23,9,0,45,100,5,55
16,24,12,0,40,110,5,55
16,25,3,1,33,110,5,60
16,26,23,1,43,110,0,60
16,27,39,0,36,115,0,60
16,28,10,0,31,120,0,60
16,29,46,1,36,120,0,55
16,30,5,0,31,120,5,55
16,31,22,1,31,125,-5,55
16,32,1,1,23,125,0,55
16,33,14,0,23,125,0,60
16,34,41,1,28,115,0,60
16,35,7,1,33,115,0,55
16,36,26,1,43,115,-5,55
16,37,33,0,73,115,-5,55
16,38,23,1,83,115,-10,55
16,39,13,0,83,115,-10,60
16,40,9,0,78,115,-10,65
16,41,16,0,68,120,-10,65
16,42,11,1,73,120,-10,65
16,43,2,1,78,120,-20,65
16,44,21,0,73,120,-5,65
16,45,1,0,83,120,-20,65
16,46,37,1,93,120,-20,65
16,47,48,1,93,125,-20,55
16,48,14,1,93,130,-20,55
16,49,18,1,103,130,-20,55
16,50,45,1,103,135,-20,55
16,51,26,0,98,135,-20,60
16,52,20,0,93,135,-5,60
16,53,5,1,98,135,-15,60
16,54,25,0,98,130,-5,60
16,55,3,1,91,130,-5,65
16,56,21,1,91,135,-20,65
16,57,23,0,86,125,-20,70
16,58,41,0,76,135,-20,70
16,59,10,1,96,135,-30,70
16,60,44,0,96,135,-20,75
16,61,4,0,81,140,-20,75
16,62,38,1,86,140,-20,75
16,63,14,1,86,145,-20,75
16,64,34,1,101,145,-20,75
16,65,11,1,106,145,-20,75
16,66,27,0,116,130,-20,75
16,67,22,0,111,130,-15,75
16,68,6,0,121,130,-20,75
16,69,9,1,126,130,-20,75
16,70,25,1,126,135,-30,75
16,71,13,1,131,140,-30,75
16,72,8,1,121,140,-30,80
16,73,36,0,121,135,-30,82
16,74,23,1,131,135,-35,82
16,75,4,1,141,135,-35,77
16,76,42,1,141,140,-35,77
16,77,44,1,146,140,-35,77
16,78,43,1,146,140,-30,62
16,79,38,1,151,140,-30,62
16,80,16,0,141,145,-30,62
16,81,7,0,126,150,-30,62
16,82,37,0,114,160,-30,62
16,83,25,0,114,155,-20,62
16,84,22,0,109,155,-15,62
16,85,12,0,104,165,-15,62
16,86,35,0,104,173,-30,62
16,87,6,0,114,173,-35,62
16,88,21,1,114,178,-50,62
16,89,13,0,114,178,-50,67
16,90,2,0,104,178,-45,67
16,91,15,0,124,173,-45,67
16,92,28,1,134,173,-45,67
16,93,4,1,144,173,-45,62
16,94,9,1,149,173,-45,62
16,95,23,1,159,173,-50,62
16,96,29,1,159,188,-70,62
16,97,46,1,164,188,-70,57
16,98,3,1,157,188,-70,62
16,99,5,1,162,188,-80,62
17,0,38,0,45,55,50,50
17,1,12,1,50,55,50,50
17,2,1,0,60,55,35,50
17,3,26,0,55,55,35,55
17,4,17,0,35,65,35,55
17,5,41,0,25,75,35,55
17,6,31,0,25,80,25,55
17,7,11,1,30,80,25,55
17,8,48,1,30,85,25,45
17,9,6,1,22,85,25,50
17,10,2,0,12,85,30,50
17,11,10,1,32,85,20,50
17,12,32,0,32,90,5,50
17,13,18,0,7,90,5,60
17,14,27,0,17,75,5,60
17,15,21,0,12,75,20,60
17,16,16,0,2,80,20,60
17,17,13,1,7,85,20,60
17,18,36,0,7,80,20,62
17,19,25,0,7,75,30,62
17,20,24,1,12,75,30,62
17,21,37,1,22,75,30,62
17,22,23,1,32,75,25,62
17,23,5,1,37,75,15,62
17,24,26,1,47,75,10,62
17,25,14,0,47,75,10,67
17,26,4,0,32,80,10,67
17,27,39,1,37,80,10,62
17,28,21,1,37,85,-5,62
17,29,1,1,29,85,0,62
17,30,40,0,29,95,-10,62
17,31,12,0,24,105,-10,62
17,32,22,0,19,105,-5,62
17,33,6,0,29,105,-10,62
17,34,43,0,49,105,-20,62
17,35,9,0,44,105,-20,67
17,36,7,1,49,105,-20,62
17,37,33,1,49,110,-20,62
17,38,10,0,44,115,-20,62
17,39,2,0,34,115,-15,62
17,40,5,1,39,115,-25,62
17,41,44,1,44,115,-25,62
17,42,1,1,36,115,-20,62
17,43,34,0,36,100,-5,62
17,44,3,1,29,100,-5,67
17,45,26,1,39,100,-10,67
17,46,38,0,34,105,-10,67
17,47,20,0,29,105,5,67
17,48,18,1,39,105,5,67
17,49,13,1,44,110,5,67
17,50,4,0,29,115,5,67
17,51,17,0,9,125,5,67
17,52,23,0,4,115,5,72
17,53,21,1,4,120,-10,72
17,54,16,0,-6,125,-10,72
17,55,2,0,-16,125,-5,72
17,56,7,1,-11,125,-5,67
17,57,12,1,-6,125,-5,67
17,58,5,0,-11,125,0,67
17,59,10,1,9,125,-10,67
17,60,37,1,19,125,-10,67
17,61,9,1,24,125,-10,67
17,62,3,0,39,125,-15,67
17,63,4,0,24,130,-15,67
17,64,11,0,19,130,-15,69
17,65,25,0,19,125,-5,69
17,66,39,1,24,125,-5,64
17,67,1,0,34,125,-20,64
17,68,20,0,29,125,-5,64
17,69,18,1,39,125,-5,64
17,70,26,1,49,125,-10,64
17,71,43,1,49,125,-5,49
17,72,7,1,54,125,-5,44
17,73,21,1,54,130,-20,44
17,74,42,1,54,135,-20,44
17,75,3,0,69,135,-25,44
17,76,11,1,74,135,-25,44
17,77,23,0,69,125,-25,49
17,78,28,1,79,125,-25,49
17,79,27,1,79,130,-30,49
17,80,16,0,69,135,-30,49
17,81,10,0,64,140,-30,49
17,82,25,0,64,135,-20,49
17,83,9,0,59,135,-20,54
17,84,17,1,44,135,-10,54
17,85,26,0,39,135,-10,59
17,86,37,0,27,145,-10,59
17,87,39,0,20,150,-10,59
17,88,20,0,15,150,5,59
17,89,47,1,15,150,5,74
17,90,22,0,10,150,10,74
17,91,1,1,2,150,15,74
17,92,13,0,2,150,15,79
17,93,43,1,2,150,20,64
17,94,11,1,7,150,20,64
17,95,38,0,2,155,20,64
17,96,12,0,-3,165,20,64
17,97,4,1,7,165,20,59
17,98,28,0,-3,165,30,59
17,99,48,0,-13,165,30,64
18,0,28,0,40,50,60,50
18,1,31,1,40,50,70,50
18,2,10,1,60,50,60,50
18,3,11,0,55,50,60,52
18,4,12,0,50,60,60,52
18,5,45,1,50,65,60,52
18,6,17,0,30,75,60,52
18,7,4,0,15,80,60,52
18,8,13,0,15,80,60,57
18,9,20,0,10,80,75,57
18,10,48,0,0,80,75,62
18,11,41,1,5,70,75,62
18,12,7,0,-10,75,75,62
18,13,46,1,-5,75,75,57
18,14,11,0,-10,75,75,59
18,15,40,1,-10,65,85,59
18,16,1,1,-18,65,90,59
18,17,21,1,-18,70,75,59
18,18,10,0,-23,75,75,59
18,19,16,0,-33,80,75,59
18,20,14,0,-33,80,75,64
18,21,37,0,-45,90,75,64
18,22,44,1,-40,90,75,64
18,23,43,1,-40,90,80,49
18,24,23,0,-45,80,80,54
18,25,2,0,-55,80,85,54
18,26,9,0,-60,80,85,59
18,27,41,1,-55,70,85,59
18,28,26,0,-60,70,85,64
18,29,5,1,-55,70,75,64
18,30,13,1,-50,75,75,64
18,31,1,0,-40,75,60,64
18,32,8,1,-50,75,60,69
18,33,25,0,-50,70,70,69
18,34,40,1,-50,60,80,69
18,35,15,1,-50,65,80,69
18,36,12,1,-45,65,80,69
18,37,19,1,-30,65,80,69
18,38,14,1,-30,70,80,69
18,39,16,0,-40,75,80,69
18,40,10,0,-45,80,80,69
18,41,26,0,-50,80,80,74
18,42,45,0,-50,80,80,79
18,43,46,1,-45,80,80,74
18,44,38,1,-40,80,80,74
18,45,2,0,-50,80,85,74
18,46,20,0,-55,80,100,74
18,47,1,1,-63,80,105,74
18,48,13,1,-58,85,105,74
18,49,37,1,-48,85,105,74
18,50,8,0,-48,90,95,74
18,51,4,0,-63,95,95,74
18,52,43,1,-63,95,100,59
18,53,27,0,-53,80,100,59
18,54,5,0,-58,80,105,59
18,55,26,1,-48,80,100,59
18,56,44,0,-48,80,110,64
18,57,11,0,-53,80,110,66
18,58,10,1,-33,80,100,66
18,59,16,1,-33,80,90,66
18,60,36,1,-33,85,90,61
18,61,28,0,-43,85,100,61
18,62,12,0,-48,95,100,61
18,63,41,0,-58,105,100,61
18,64,32,0,-58,110,85,61
18,65,14,1,-58,115,85,61
18,66,5,1,-53,115,75,61
18,67,9,1,-48,115,75,61
18,68,39,0,-55,120,75,61
18,69,16,0,-65,125,75,61
18,70,33,1,-65,130,75,61
18,71,18,0,-90,130,75,71
18,72,27,1,-90,135,70,71
18,73,15,0,-70,130,70,71
18,74,29,1,-70,145,50,71
18,75,44,0,-70,145,60,76
18,76,4,1,-60,145,60,71
18,77,36,1,-60,150,60,66
18,78,25,1,-60,155,50,66
18,79,26,1,-50,155,45,66
18,80,3,0,-35,155,40,66
18,81,24,1,-30,155,40,66
18,82,9,0,-35,155,40,71
18,83,7,0,-50,160,40,71
18,84,45,0,-50,160,40,76
18,85,10,1,-30,160,30,76
18,86,5,1,-25,160,20,76
18,87,6,0,-15,160,15,76
18,88,20,0,-20,160,30,76
18,89,12,1,-15,160,30,76
18,90,1,0,-5,160,15,76
18,91,25,0,-5,155,25,76
18,92,18,1,5,155,25,76
18,93,26,0,0,155,25,81
18,94,41,0,-10,165,25,81
18,95,8,0,-10,170,15,81
18,96,10,1,10,170,5,81
18,97,39,1,15,170,5,76
18,98,44,0,15,170,15,81
18,99,38,1,20,170,15,81
19,0,9,0,45,50,50,55
19,1,40,1,45,40,60,55
19,2,28,0,35,40,70,55
19,3,22,1,35,45,60,55
19,4,20,0,30,45,75,55
19,5,10,1,50,45,65,55
19,6,48,1,50,50,65,45
19,7,16,1,50,50,55,45
19,8,14,1,50,55,55,45
19,9,21,0,45,55,70,45
19,10,17,1,30,55,80,45
19,11,39,0,23,60,80,45
19,12,26,1,33,60,75,45
19,13,8,1,23,60,75,50
19,14,11,0,18,60,75,52
19,15,2,1,23,60,65,52
19,16,13,1,28,65,65,52
19,17,3,1,21,65,65,57
19,18,41,1,26,55,65,57
19,19,27,1,26,60,60,57
19,20,4,1,36,60,60,52
19,21,16,1,36,60,50,52
19,22,12,0,31,70,50,52
19,23,23,1,41,70,45,52
19,24,40,0,41,80,35,52
19,25,45,0,41,80,35,57
19,26,46,0,34,80,35,62
19,27,31,0,34,85,25,62
19,28,24,1,39,85,25,62
19,29,15,0,59,80,25,62
19,30,47,0,84,80,25,62
19,31,39,1,89,80,25,57
19,32,6,1,81,80,25,62
19,33,12,1,86,80,25,62
19,34,1,0,96,80,10,62
19,35,42,0,88,80,10,72
19,36,3,0,103,80,5,72
19,37,5,1,108,80,-5,72
19,38,41,1,113,70,-5,72
19,39,27,1,113,75,-10,72
19,40,25,1,113,80,-20,72
19,41,16,0,103,85,-20,72
19,42,36,0,103,80,-20,74
19,43,38,0,98,85,-20,74
19,44,15,0,118,80,-20,74
19,45,40,1,118,70,-10,74
19,46,26,0,113,70,-10,79
19,47,48,0,103,70,-10,84
19,48,23,0,98,60,-10,89
19,49,8,0,98,65,-20,89
19,50,21,0,93,65,-5,89
19,51,2,1,98,65,-15,89
19,52,19,0,78,65,-5,99
19,53,14,1,78,70,-5,99
19,54,39,1,83,70,-5,94
19,55,20,1,83,75,-20,94
19,56,17,1,68,75,-10,94
19,57,16,0,58,80,-10,94
19,58,41,1,63,70,-10,94
19,59,10,1,83,70,-20,94
19,60,38,0,78,75,-20,94
19,61,1,0,88,75,-35,94
19,62,27,1,88,80,-40,94
19,63,21,0,83,80,-25,94
19,64,9,1,88,80,-25,94
19,65,22,1,88,85,-35,94
19,66,7,0,73,90,-35,94
19,67,16,1,73,90,-45,94
19,68,37,1,83,90,-45,94
19,69,6,0,93,90,-50,94
19,70,23,1,103,90,-55,94
19,71,29,0,93,90,-50,94
19,72,14,0,93,90,-50,99
19,73,3,1,86,90,-50,104
19,74,10,0,81,95,-50,104
19,75,15,0,101,90,-50,104
19,76,42,0,93,90,-50,114
19,77,11,1,98,90,-50,114
19,78,45,1,98,95,-50,114
19,79,16,1,98,95,-60,114
19,80,25,0,98,90,-50,114
19,81,2,0,88,90,-45,114
19,82,30,1,88,90,-35,114
19,83,36,1,88,95,-35,109
19,84,32,1,88,85,-20,109
19,85,40,0,88,95,-30,109
19,86,3,0,103,95,-35,109
19,87,15,1,103,100,-35,109
19,88,11,0,98,100,-35,111
19,89,8,1,88,100,-35,116
19,90,33,0,118,100,-35,116
19,91,9,1,123,100,-35,116
19,92,10,1,143,100,-45,116
19,93,28,0,133,100,-35,116
19,94,38,1,138,100,-35,116
19,95,34,1,153,100,-35,116
19,96,7,1,158,100,-35,111
19,97,13,1,163,105,-35,111
19,98,4,0,148,110,-35,111
19,99,20,0,143,110,-20,111
20,0,8,1,40,50,50,55
20,1,26,1,50,50,45,55
20,2,15,0,70,45,45,55
20,3,12,0,65,55,45,55
20,4,1,1,57,55,50,55
20,5,25,0,57,50,60,55
20,6,5,0,52,50,65,55
20,7,24,1,57,50,65,55
20,8,29,1,57,65,45,55
20,9,27,1,57,70,40,55
20,10,7,1,62,70,40,50
20,11,13,0,62,70,40,55
20,12,17,1,47,70,50,55
20,13,31,0,47,75,40,55
20,14,15,0,67,70,40,55
20,15,20,1,67,75,25,55
20,16,22,1,67,80,15,55
20,17,48,0,57,80,15,60
20,18,32,1,57,70,30,60
20,19,40,0,57,80,20,60
20,20,4,0,42,85,20,60
20,21,23,1,52,85,15,60
20,22,43,1,52,85,20,45
20,23,16,0,42,90,20,45
20,24,25,1,42,95,10,45
20,25,5,0,37,95,15,45
20,26,13,1,42,100,15,45
20,27,18,0,17,100,15,55
20,28,42,0,9,100,15,65
20,29,37,0,-3,110,15,65
20,30,44,1,2,110,15,65
20,31,22,1,2,115,5,65
20,32,2,0,-8,115,10,65
20,33,14,1,-8,120,10,65
20,34,4,1,2,120,10,60
20,35,27,1,2,125,5,60
20,36,9,1,7,125,5,60
20,37,10,0,2,130,5,60
20,38,5,0,-3,130,10,60
20,39,47,1,-3,130,10,75
20,40,6,1,-11,130,10,80
20,41,12,1,-6,130,10,80
20,42,11,0,-11,130,10,82
20,43,28,1,-1,130,10,82
20,44,26,1,9,130,5,82
20,45,3,0,24,130,0,82
20,46,16,0,14,135,0,82
20,47,22,1,14,140,-10,82
20,48,23,1,24,140,-15,82
20,49,25,1,24,145,-25,82
20,50,2,0,14,145,-20,82
20,51,46,1,19,145,-20,77
20,52,11,1,24,145,-20,77
20,53,20,1,24,150,-35,77
20,54,1,1,16,150,-30,77
20,55,33,1,16,155,-30,77
20,56,37,0,4,165,-30,77
20,57,5,0,-1,165,-25,77
20,58,28,0,-11,165,-15,77
20,59,4,1,-1,165,-15,72
20,60,12,0,-6,175,-15,72
20,61,42,1,-6,180,-15,72
20,62,24,1,-1,180,-15,72
20,63,46,1,4,180,-15,67
20,64,10,0,-1,185,-15,67
20,65,19,0,-21,185,-5,77
20,66,27,0,-11,170,-5,77
20,67,41,0,-21,180,-5,77
20,68,43,1,-21,180,0,62
20,69,38,0,-26,185,0,62
20,70,22,0,-31,185,5,62
20,71,2,0,-41,185,10,62
20,72,47,1,-41,185,10,77
20,73,16,1,-41,185,0,77
20,74,13,1,-36,190,0,77
20,75,4,0,-51,195,0,77
20,76,6,0,-41,195,-5,77
20,77,15,1,-41,200,-5,77
20,78,45,0,-41,200,-5,82
20,79,39,1,-36,200,-5,77
20,80,3,0,-21,200,-10,77
20,81,5,1,-16,200,-20,77
20,82,26,1,-6,200,-25,77
20,83,20,1,-6,205,-40,77
20,84,21,1,-6,210,-55,77
20,85,25,1,-6,215,-65,77
20,86,48,0,-16,215,-65,82
20,87,38,0,-21,220,-65,82
20,88,27,1,-21,225,-70,82
20,89,7,0,-36,230,-70,82
20,90,15,0,-16,225,-70,82
20,91,40,1,-16,215,-60,82
20,92,4,1,-6,215,-60,77
20,93,16,0,-16,220,-60,77
20,94,24,1,-11,220,-60,77
20,95,12,0,-16,230,-60,77
20,96,23,0,-21,220,-60,82
20,97,2,1,-16,220,-70,82
20,98,41,0,-26,230,-70,82
20,99,26,1,-16,230,-75,82
21,0,31,1,50,50,60,50
21,1,25,0,50,45,70,50
21,2,7,0,35,50,70,50
21,3,9,1,40,50,70,50
21,4,24,0,35,50,75,50
21,5,28,0,25,50,85,50
21,6,20,1,25,55,70,50
21,7,16,1,25,55,60,50
21,8,27,1,25,60,55,50
21,9,4,1,35,60,55,45
21,10,41,0,25,70,55,45
21,11,17,0,5,80,55,45
21,12,14,1,5,85,55,45
21,13,10,1,25,85,45,45
21,14,1,0,35,85,30,45
21,15,25,1,35,90,20,45
21,16,12,1,40,90,20,45
21,17,48,1,40,95,20,35
21,18,3,0,55,95,15,35
21,19,29,0,45,95,20,35
21,20,37,0,33,105,20,35
21,21,40,0,33,115,10,35
21,22,22,0,28,115,15,35
21,23,24,0,23,115,20,35
21,24,39,1,28,115,20,30
21,25,15,1,28,120,20,30
21,26,6,0,38,120,15,30
21,27,5,1,43,120,5,30
21,28,16,1,43,120,-5,30
21,29,47,0,68,120,-5,30
21,30,10,1,88,120,-15,30
21,31,26,1,98,120,-20,30
21,32,46,0,91,120,-20,35
21,33,43,1,91,120,-15,20
21,34,41,1,96,110,-15,20
21,35,25,0,96,105,-5,20
21,36,12,0,91,115,-5,20
21,37,32,0,91,120,-20,20
21,38,13,1,96,125,-20,20
21,39,11,0,91,125,-20,22
21,40,6,1,83,125,-20,27
21,41,24,0,78,125,-15,27
21,42,14,1,78,130,-15,27
21,43,33,0,108,130,-15,27
21,44,21,1,108,135,-30,27
21,45,22,0,103,135,-25,27
21,46,1,1,95,135,-20,27
21,47,26,1,105,135,-25,27
21,48,23,1,115,135,-30,27
21,49,29,0,105,135,-25,27
21,50,4,0,90,140,-25,27
21,51,41,1,95,130,-25,27
21,52,12,1,100,130,-25,27
21,53,48,0,90,130,-25,32
21,54,5,1,95,130,-35,32
21,55,37,1,105,130,-35,32
21,56,16,1,105,130,-45,32
21,57,2,0,95,130,-40,32
21,58,11,1,100,130,-40,32
21,59,21,1,100,135,-55,32
21,60,22,0,95,135,-50,32
21,61,41,0,85,145,-50,32
21,62,42,0,77,145,-50,42
21,63,24,0,72,145,-45,42
21,64,25,1,72,150,-55,42
21,65,40,1,72,140,-45,42
21,66,10,0,67,145,-45,42
21,67,5,0,62,145,-40,42
21,68,26,1,72,145,-45,42
21,69,23,1,82,145,-50,42
21,70,11,0,77,145,-50,44
21,71,45,1,77,150,-50,44
21,72,16,0,67,155,-50,44
21,73,20,0,62,155,-35,44
21,74,1,1,54,155,-30,44
21,75,30,0,54,155,-40,54
21,76,3,1,47,155,-40,59
21,77,6,0,57,155,-45,59
21,78,22,0,52,155,-40,59
21,79,39,0,45,160,-40,59
21,80,8,1,35,160,-40,64
21,81,2,0,25,160,-35,64
21,82,14,0,25,160,-35,69
21,83,10,1,45,160,-45,69
21,84,16,1,45,160,-55,69
21,85,25,0,45,155,-45,69
21,86,38,0,40,160,-45,69
21,87,46,1,45,160,-45,64
21,88,9,1,50,160,-45,64
21,89,20,0,45,160,-30,64
21,90,13,1,50,165,-30,64
21,91,1,1,42,165,-25,64
21,92,15,0,62,160,-25,64
21,93,34,0,62,145,-10,64
21,94,22,0,57,145,-5,64
21,95,7,0,42,150,-5,64
21,96,5,1,47,150,-15,64
21,97,16,1,47,150,-25,64
21,98,12,1,52,150,-25,64
21,99,4,1,62,150,-25,59
22,0,17,1,35,50,60,50
22,1,40,0,35,60,50,50
22,2,15,1,35,65,50,50
22,3,41,1,40,55,50,50
22,4,46,1,45,55,50,45
22,5,4,1,55,55,50,40
22,6,26,0,50,55,50,45
22,7,14,1,50,60,50,45
22,8,36,1,50,65,50,40
22,9,13,0,50,65,50,45
22,10,5,0,45,65,55,45
22,11,8,0,45,70,45,45
22,12,20,1,45,75,30,45
22,13,41,0,35,85,30,45
22,14,3,0,50,85,25,45
22,15,30,0,50,85,15,55
22,16,23,1,60,85,10,55
22,17,9,1,65,85,10,55
22,18,21,0,60,85,25,55
22,19,24,1,65,85,25,55
22,20,14,0,65,85,25,60
22,21,4,1,75,85,25,55
22,22,31,0,75,90,15,55
22,23,22,1,75,95,5,55
22,24,40,1,75,85,15,55
22,25,10,1,95,85,5,55
22,26,15,1,95,90,5,55
22,27,13,0,95,90,5,60
22,28,36,1,95,95,5,55
22,29,17,0,75,105,5,55
22,30,38,0,70,110,5,55
22,31,20,0,65,110,20,55
22,32,23,0,60,100,20,60
22,33,45,0,60,100,20,65
22,34,43,1,60,100,25,50
22,35,16,1,60,100,15,50
22,36,2,1,65,100,5,50
22,37,29,0,55,100,10,50
22,38,26,1,65,100,5,50
22,39,14,0,65,100,5,55
22,40,9,1,70,100,5,55
22,41,39,1,75,100,5,50
22,42,41,1,80,90,5,50
22,43,5,1,85,90,-5,50
22,44,8,1,75,90,-5,55
22,45,32,1,75,80,10,55
22,46,47,1,75,80,10,70
22,47,33,0,105,80,10,70
22,48,4,0,90,85,10,70
22,49,16,1,90,85,0,70
22,50,40,1,90,75,10,70
22,51,12,0,85,85,10,70
22,52,26,1,95,85,5,70
22,53,3,0,110,85,0,70
22,54,41,0,100,95,0,70
22,55,20,0,95,95,15,70
22,56,7,0,80,100,15,70
22,57,42,1,80,105,15,70
22,58,21,0,75,105,30,70
22,59,44,0,75,105,40,75
22,60,2,0,65,105,45,75
22,61,16,0,55,110,45,75
22,62,23,0,50,100,45,80
22,63,34,1,65,100,45,80
22,64,39,1,70,100,45,75
22,65,9,0,65,100,45,80
22,66,15,0,85,95,45,80
22,67,14,1,85,100,45,80
22,68,41,0,75,110,45,80
22,69,4,1,85,110,45,75
22,70,5,0,80,110,50,75
22,71,1,0,90,110,35,75
22,72,46,0,83,110,35,80
22,73,43,1,83,110,40,65
22,74,11,1,88,110,40,65
22,75,17,1,73,110,50,65
22,76,13,0,73,110,50,70
22,77,15,1,73,115,50,70
22,78,2,1,78,115,40,70
22,79,25,1,78,120,30,70
22,80,22,0,73,120,35,70
22,81,26,1,83,120,30,70
22,82,7,0,68,125,30,70
22,83,14,0,68,125,30,75
22,84,36,0,68,120,30,77
22,85,28,1,78,120,30,77
22,86,4,1,88,120,30,72
22,87,47,0,113,120,30,72
22,88,10,1,133,120,20,72
22,89,9,1,138,120,20,72
22,90,42,1,138,125,20,72
22,91,37,1,148,125,20,72
22,92,24,1,153,125,20,72
22,93,26,1,163,125,15,72
22,94,38,1,168,125,15,72
22,95,12,0,163,135,15,72
22,96,40,0,163,145,5,72
22,97,13,0,163,145,5,77
22,98,10,1,183,145,-5,77
22,99,5,1,188,145,-15,77
23,0,16,0,40,55,50,50
23,1,11,1,45,55,50,50
23,2,38,0,40,60,50,50
23,3,5,0,35,60,55,50
23,4,41,0,25,70,55,50
23,5,14,1,25,75,55,50
23,6,6,0,35,75,50,50
23,7,10,1,55,75,40,50
23,8,25,0,55,70,50,50
23,9,12,1,60,70,50,50
23,10,20,0,55,70,65,50
23,11,27,0,65,55,65,50
23,12,23,1,75,55,60,50
23,13,22,0,70,55,65,50
23,14,43,1,70,55,70,35
23,15,11,1,75,55,70,35
23,16,16,0,65,60,70,35
23,17,38,1,70,60,70,35
23,18,13,0,70,60,70,40
23,19,5,1,75,60,60,40
23,20,1,0,85,60,45,40
23,21,37,1,95,60,45,40
23,22,28,1,105,60,45,40
23,23,26,0,100,60,45,45
23,24,27,1,100,65,40,45
23,25,31,0,100,70,30,45
23,26,14,0,100,70,30,50
23,27,40,1,100,60,40,50
23,28,39,1,105,60,40,45
23,29,11,0,100,60,40,47
23,30,16,1,100,60,30,47
23,31,46,0,93,60,30,52
23,32,38,0,88,65,30,52
23,33,32,1,88,55,45,52
23,34,25,0,88,50,55,52
23,35,2,0,78,50,60,52
23,36,7,0,63,55,60,52
23,37,15,0,83,50,60,52
23,38,8,0,83,55,50,52
23,39,3,1,76,55,50,57
23,40,43,0,96,55,40,57
23,41,41,1,101,45,40,57
23,42,6,0,111,45,35,57
23,43,37,1,121,45,35,57
23,44,16,0,111,50,35,57
23,45,26,1,121,50,30,57
23,46,33,1,121,55,30,57
23,47,4,0,106,60,30,57
23,48,20,0,101,60,45,57
23,49,5,0,96,60,50,57
23,50,8,1,86,60,50,62
23,51,15,1,86,65,50,62
23,52,22,1,86,70,40,62
23,53,44,0,86,70,50,67
23,54,14,0,86,70,50,72
23,55,38,0,81,75,50,72
23,56,3,1,74,75,50,77
23,57,41,0,64,85,50,77
23,58,17,1,49,85,60,77
23,59,34,1,64,85,60,77
23,60,7,1,69,85,60,72
23,61,10,1,89,85,50,72
23,62,18,1,99,85,50,72
23,63,13,0,99,85,50,77
23,64,9,0,94,85,50,82
23,65,23,1,104,85,45,82
23,66,14,1,104,90,45,82
23,67,12,0,99,100,45,82
23,68,43,1,99,100,50,67
23,69,35,0,99,108,35,67
23,70,44,1,104,108,35,67
23,71,26,0,99,108,35,72
23,72,27,1,99,113,30,72
23,73,2,1,104,113,20,72
23,74,15,1,104,118,20,72
23,75,19,0,84,118,30,82
23,76,22,1,84,123,20,82
23,77,20,0,79,123,35,82
23,78,48,0,69,123,35,87
23,79,38,1,74,123,35,87
23,80,25,0,74,118,45,87
23,81,6,1,66,118,45,92
23,82,28,1,76,118,45,92
23,83,9,0,71,118,45,97
23,84,39,1,76,118,45,92
23,85,15,0,96,113,45,92
23,86,21,1,96,118,30,92
23,87,44,0,96,118,40,97
23,88,14,1,96,123,40,97
23,89,13,1,101,128,40,97
23,90,17,1,86,128,50,97
23,91,41,0,76,138,50,97
23,92,11,0,71,138,50,99
23,93,43,1,71,138,55,84
23,94,22,1,71,143,45,84
23,95,46,0,64,143,45,89
23,96,15,1,64,148,45,89
23,97,5,1,69,148,35,89
23,98,21,1,69,153,20,89
23,99,3,1,62,153,20,94
24,0,16,0,40,55,50,50
24,1,6,0,50,55,45,50
24,2,22,0,45,55,50,50
24,3,10,0,40,60,50,50
24,4,40,1,40,50,60,50
24,5,3,1,33,50,60,55
24,6,42,0,25,50,60,65
24,7,9,1,30,50,60,65
24,8,21,1,30,55,45,65
24,9,14,0,30,55,45,70
24,10,4,1,40,55,45,65
24,11,1,0,50,55,30,65
24,12,31,0,50,60,20,65
24,13,41,1,55,50,20,65
24,14,45,0,55,50,20,70
24,15,16,1,55,50,10,70
24,16,11,1,60,50,10,70
24,17,38,0,55,55,10,70
24,18,23,0,50,45,10,75
24,19,36,1,50,50,10,70
24,20,30,0,50,50,0,80
24,21,39,0,43,55,0,80
24,22,4,0,28,60,0,80
24,23,24,1,33,60,0,80
24,24,10,1,53,60,-10,80
24,25,20,0,48,60,5,80
24,26,15,0,68,55,5,80
24,27,3,1,61,55,5,85
24,28,46,1,66,55,5,80
24,29,11,1,71,55,5,80
24,30,6,0,81,55,0,80
24,31,14,1,81,60,0,80
24,32,1,0,91,60,-15,80
24,33,41,0,81,70,-15,80
24,34,22,0,76,70,-10,80
24,35,42,1,76,75,-10,80
24,36,5,1,81,75,-20,80
24,37,28,1,91,75,-20,80
24,38,13,1,96,80,-20,80
24,39,36,1,96,85,-20,75
24,40,12,0,91,95,-20,75
24,41,37,1,101,95,-20,75
24,42,7,0,86,100,-20,75
24,43,26,1,96,100,-25,75
24,44,9,0,91,100,-25,80
24,45,20,0,86,100,-10,80
24,46,14,0,86,100,-10,85
24,47,24,0,81,100,-5,85
24,48,5,1,86,100,-15,85
24,49,17,0,66,110,-15,85
24,50,6,0,76,110,-20,85
24,51,29,0,66,110,-15,85
24,52,2,0,56,110,-10,85
24,53,22,1,56,115,-20,85
24,54,48,0,46,115,-20,90
24,55,41,0,36,125,-20,90
24,56,15,0,56,120,-20,90
24,57,21,0,51,120,-5,90
24,58,7,1,56,120,-5,85
24,59,9,1,61,120,-5,85
24,60,5,1,66,120,-15,85
24,61,8,0,66,125,-25,85
24,62,43,1,66,125,-20,70
24,63,20,1,66,130,-35,70
24,64,42,1,66,135,-35,70
24,65,44,1,71,135,-35,70
24,66,41,1,76,125,-35,70
24,67,26,0,71,125,-35,75
24,68,39,1,76,125,-35,70
24,69,6,0,86,125,-40,70
24,70,24,1,91,125,-40,70
24,71,14,1,91,130,-40,70
24,72,1,0,101,130,-55,70
24,73,28,0,91,130,-45,70
24,74,40,0,91,140,-55,70
24,75,32,1,91,130,-40,70
24,76,3,0,106,130,-45,70
24,77,10,0,101,135,-45,70
24,78,45,0,101,135,-45,75
24,79,2,0,91,135,-40,75
24,80,18,0,66,135,-40,85
24,81,11,1,71,135,-40,85
24,82,33,0,101,135,-40,85
24,83,6,1,93,135,-40,90
24,84,14,1,93,140,-40,90
24,85,46,1,98,140,-40,85
24,86,20,0,93,140,-25,85
24,87,26,0,88,140,-25,90
24,88,3,0,103,140,-30,90
24,89,12,0,98,150,-30,90
24,90,39,1,103,150,-30,85
24,91,22,1,103,155,-40,85
24,92,23,0,98,145,-40,90
24,93,25,0,98,140,-30,90
24,94,38,0,93,145,-30,90
24,95,43,1,93,145,-25,75
24,96,45,0,93,145,-25,80
24,97,21,1,93,150,-40,80
24,98,14,1,93,155,-40,80
24,99,12,1,98,155,-40,80
25,0,45,0,50,50,50,55
25,1,31,0,50,55,40,55
25,2,5,0,45,55,45,55
25,3,7,1,50,55,45,50
25,4,15,0,70,50,45,50
25,5,4,0,55,55,45,50
25,6,9,1,60,55,45,50
25,7,21,0,55,55,60,50
25,8,1,0,65,55,45,50
25,9,3,1,58,55,45,55
25,10,14,1,58,60,45,55
25,11,40,1,58,50,55,55
25,12,18,0,33,50,55,65
25,13,25,0,33,45,65,65
25,14,20,0,28,45,80,65
25,15,13,1,33,50,80,65
25,16,39,0,26,55,80,65
25,17,11,1,31,55,80,65
25,18,24,0,26,55,85,65
25,19,41,1,31,45,85,65
25,20,6,0,41,45,80,65
25,21,44,1,46,45,80,65
25,22,28,0,36,45,90,65
25,23,32,1,36,35,105,65
25,24,12,1,41,35,105,65
25,25,4,1,51,35,105,60
25,26,15,1,51,40,105,60
25,27,36,0,51,35,105,62
25,28,38,0,46,40,105,62
25,29,9,1,51,40,105,62
25,30,41,1,56,30,105,62
25,31,3,0,71,30,100,62
25,32,16,0,61,35,100,62
25,33,2,1,66,35,90,62
25,34,37,1,76,35,90,62
25,35,33,1,76,40,90,62
25,36,13,0,76,40,90,67
25,37,34,0,76,25,105,67
25,38,6,0,86,25,100,67
25,39,5,0,81,25,105,67
25,40,45,0,81,25,105,72
25,41,10,0,76,30,105,72
25,42,43,1,76,30,110,57
25,43,25,1,76,35,100,57
25,44,41,0,66,45,100,57
25,45,4,0,51,50,100,57
25,46,27,0,61,35,100,57
25,47,47,1,61,35,100,72
25,48,44,0,61,35,110,77
25,49,2,0,51,35,115,77
25,50,48,1,51,40,115,67
25,51,10,1,71,40,105,67
25,52,5,0,66,40,110,67
25,53,35,0,66,48,95,67
25,54,6,1,58,48,95,72
25,55,14,1,58,53,95,72
25,56,19,0,38,53,105,82
25,57,3,1,31,53,105,87
25,58,26,0,26,53,105,92
25,59,1,0,36,53,90,92
25,60,22,1,36,58,80,92
25,61,37,0,24,68,80,92
25,62,27,1,24,73,75,92
25,63,11,1,29,73,75,92
25,64,25,0,29,68,85,92
25,65,5,0,24,68,90,92
25,66,10,1,44,68,80,92
25,67,4,0,29,73,80,92
25,68,13,0,29,73,80,97
25,69,46,1,34,73,80,92
25,70,20,0,29,73,95,92
25,71,7,1,34,73,95,87
25,72,44,0,34,73,105,92
25,73,21,1,34,78,90,92
25,74,23,1,44,78,85,92
25,75,42,0,36,78,85,102
25,76,22,1,36,83,75,102
25,77,10,0,31,88,75,102
25,78,9,1,36,88,75,102
25,79,3,0,51,88,70,102
25,80,36,1,51,93,70,97
25,81,5,1,56,93,60,97
25,82,1,0,66,93,45,97
25,83,43,0,86,93,35,97
25,84,18,0,61,93,35,107
25,85,16,1,61,93,25,107
25,86,24,0,56,93,30,107
25,87,2,0,46,93,35,107
25,88,27,1,46,98,30,107
25,89,25,0,46,93,40,107
25,90,29,1,46,108,20,107
25,91,41,1,51,98,20,107
25,92,6,1,43,98,20,112
25,93,15,0,63,93,20,112
25,94,3,0,78,93,15,112
25,95,22,0,73,93,20,112
25,96,11,0,68,93,20,114
25,97,1,0,78,93,5,114
25,98,38,0,73,98,5,114
25,99,45,0,73,98,5,119
26,0,16,0,40,55,50,50
26,1,37,0,28,65,50,50
26,2,13,0,28,65,50,55
26,3,4,0,13,70,50,55
26,4,25,0,13,65,60,55
26,5,23,0,8,55,60,60
26,6,15,1,8,60,60,60
26,7,45,0,8,60,60,65
26,8,17,0,-12,70,60,65
26,9,44,1,-7,70,60,65
26,10,22,0,-12,70,65,65
26,11,24,0,-17,70,70,65
26,12,20,1,-17,75,55,65
26,13,26,1,-7,75,50,65
26,14,5,1,-2,75,40,65
26,15,14,0,-2,75,40,70
26,16,3,1,-9,75,40,75
26,17,15,0,11,70,40,75
26,18,1,1,3,70,45,75
26,19,4,1,13,70,45,70
26,20,13,0,13,70,45,75
26,21,31,0,13,75,35,75
26,22,7,0,-2,80,35,75
26,23,9,0,-7,80,35,80
26,24,12,1,-2,80,35,80
26,25,39,1,3,80,35,75
26,26,23,1,13,80,30,75
26,27,15,0,33,75,30,75
26,28,5,1,38,75,20,75
26,29,27,0,48,60,20,75
26,30,40,1,48,50,30,75
26,31,17,1,33,50,40,75
26,32,4,1,43,50,40,70
26,33,16,0,33,55,40,70
26,34,25,1,33,60,30,70
26,35,2,1,38,60,20,70
26,36,48,0,28,60,20,75
26,37,36,1,28,65,20,70
26,38,10,1,48,65,10,70
26,39,38,0,43,70,10,70
26,40,3,0,58,70,5,70
26,41,27,0,68,55,5,70
26,42,5,0,63,55,10,70
26,43,26,0,58,55,10,75
26,44,22,1,58,60,0,75
26,45,9,1,63,60,0,75
26,46,16,1,63,60,-10,75
26,47,41,0,53,70,-10,75
26,48,42,0,45,70,-10,85
26,49,17,1,30,70,0,85
26,50,11,0,25,70,0,87
26,51,8,1,15,70,0,92
26,52,46,0,8,70,0,97
26,53,13,0,8,70,0,102
26,54,1,0,18,70,-15,102
26,55,25,0,18,65,-5,102
26,56,27,0,28,50,-5,102
26,57,38,0,23,55,-5,102
26,58,14,0,23,55,-5,107
26,59,15,0,43,50,-5,107
26,60,12,1,48,50,-5,107
26,61,41,0,38,60,-5,107
26,62,23,1,48,60,-10,107
26,63,3,1,41,60,-10,112
26,64,40,0,41,70,-20,112
26,65,2,0,31,70,-15,112
26,66,20,0,26,70,0,112
26,67,8,0,26,75,-10,112
26,68,22,1,26,80,-20,112
26,69,5,0,21,80,-15,112
26,70,26,1,31,80,-20,112
26,71,46,0,24,80,-20,117
26,72,47,1,24,80,-20,132
26,73,29,0,14,80,-15,132
26,74,23,0,9,70,-15,137
26,75,14,0,9,70,-15,142
26,76,43,0,29,70,-25,142
26,77,17,1,14,70,-15,142
26,78,48,0,4,70,-15,147
26,79,9,1,9,70,-15,147
26,80,18,0,-16,70,-15,157
26,81,4,0,-31,75,-15,157
26,82,12,0,-36,85,-15,157
26,83,27,1,-36,90,-20,157
26,84,11,0,-41,90,-20,159
26,85,22,1,-41,95,-30,159
26,86,13,1,-36,100,-30,159
26,87,14,0,-36,100,-30,164
26,88,20,0,-41,100,-15,164
26,89,26,0,-46,100,-15,169
26,90,32,0,-46,105,-30,169
26,91,3,1,-53,105,-30,174
26,92,47,0,-28,105,-30,174
26,93,21,0,-33,105,-15,174
26,94,2,0,-43,105,-10,174
26,95,24,1,-38,105,-10,174
26,96,46,1,-33,105,-10,169
26,97,15,0,-13,100,-10,169
26,98,11,1,-8,100,-10,169
26,99,30,1,-8,100,0,169
27,0,5,0,45,50,55,50
27,1,48,0,35,50,55,55
27,2,26,0,30,50,55,60
27,3,36,1,30,55,55,55
27,4,21,1,30,60,40,55
27,5,39,0,23,65,40,55
27,6,10,1,43,65,30,55
27,7,1,0,53,65,15,55
27,8,30,0,53,65,5,65
27,9,41,1,58,55,5,65
27,10,11,0,53,55,5,67
27,11,44,0,53,55,15,72
27,12,18,1,63,55,15,72
27,13,3,0,78,55,10,72
27,14,12,0,73,65,10,72
27,15,13,1,78,70,10,72
27,16,43,0,98,70,0,72
27,17,15,0,118,65,0,72
27,18,4,0,103,70,0,72
27,19,23,0,98,60,0,77
27,20,19,1,113,60,0,77
27,21,45,1,113,65,0,77
27,22,31,0,113,70,-10,77
27,23,37,0,101,80,-10,77
27,24,16,0,91,85,-10,77
27,25,3,1,84,85,-10,82
27,26,21,0,79,85,5,82
27,27,26,0,74,85,5,87
27,28,22,0,69,85,10,87
27,29,24,0,64,85,15,87
27,30,13,1,69,90,15,87
27,31,5,1,74,90,5,87
27,32,14,0,74,90,5,92
27,33,1,0,84,90,-10,92
27,34,39,0,77,95,-10,92
27,35,36,1,77,100,-10,87
27,36,2,0,67,100,-5,87
27,37,42,1,67,105,-5,87
27,38,23,0,62,95,-5,92
27,39,47,1,62,95,-5,107
27,40,37,0,50,105,-5,107
27,41,18,1,60,105,-5,107
27,42,3,1,53,105,-5,112
27,43,27,1,53,110,-10,112
27,44,4,1,63,110,-10,107
27,45,41,1,68,100,-10,107
27,46,9,0,63,100,-10,112
27,47,40,0,63,110,-20,112
27,48,6,1,55,110,-20,117
27,49,12,1,60,110,-20,117
27,50,14,1,60,115,-20,117
27,51,28,0,50,115,-10,117
27,52,24,0,45,115,-5,117
27,53,30,0,45,115,-15,127
27,54,20,0,40,115,0,127
27,55,3,1,33,115,0,132
27,56,10,1,53,115,-10,132
27,57,36,1,53,120,-10,127
27,58,16,0,43,125,-10,127
27,59,5,0,38,125,-5,127
27,60,11,0,33,125,-5,129
27,61,26,1,43,125,-10,129
27,62,42,1,43,130,-10,129
27,63,21,0,38,130,5,129
27,64,12,0,33,140,5,129
27,65,40,0,33,150,-5,129
27,66,28,1,43,150,-5,129
27,67,9,1,48,150,-5,129
27,68,4,1,58,150,-5,124
27,69,22,0,53,150,0,124
27,70,14,0,53,150,0,129
27,71,39,0,46,155,0,129
27,72,23,0,41,145,0,134
27,73,25,0,41,140,10,134
27,74,15,0,61,135,10,134
27,75,12,0,56,145,10,134
27,76,41,0,46,155,10,134
27,77,7,1,51,155,10,129
27,78,1,1,43,155,15,129
27,79,10,1,63,155,5,129
27,80,2,1,68,155,-5,129
27,81,16,0,58,160,-5,129
27,82,38,0,53,165,-5,129
27,83,21,0,48,165,10,129
27,84,26,0,43,165,10,134
27,85,14,0,43,165,10,139
27,86,28,0,33,165,20,139
27,87,3,1,26,165,20,144
27,88,32,1,26,155,35,144
27,89,48,0,16,155,35,149
27,90,9,0,11,155,35,154
27,91,20,0,6,155,50,154
27,92,24,0,1,155,55,154
27,93,17,1,-14,155,65,154
27,94,5,1,-9,155,55,154
27,95,27,1,-9,160,50,154
27,96,21,1,-9,165,35,154
27,97,14,0,-9,165,35,159
27,98,25,0,-9,160,45,159
27,99,16,0,-19,165,45,159
28,0,13,1,55,55,50,50
28,1,24,1,60,55,50,50
28,2,2,1,65,55,40,50
28,3,22,0,60,55,45,50
28,4,28,0,50,55,55,50
28,5,3,1,43,55,55,55
28,6,38,1,48,55,55,55
28,7,11,0,43,55,55,57
28,8,4,1,53,55,55,52
28,9,20,0,48,55,70,52
28,10,12,0,43,65,70,52
28,11,5,0,38,65,75,52
28,12,7,0,23,70,75,52
28,13,25,0,23,65,85,52
28,14,16,0,13,70,85,52
28,15,27,0,23,55,85,52
28,16,30,0,23,55,75,62
28,17,47,1,23,55,75,77
28,18,22,0,18,55,80,77
28,19,11,1,23,55,80,77
28,20,1,0,33,55,65,77
28,21,8,1,23,55,65,82
28,22,4,0,8,60,65,82
28,23,37,1,18,60,65,82
28,24,10,1,38,60,55,82
28,25,31,0,38,65,45,82
28,26,9,1,43,65,45,82
28,27,3,0,58,65,40,82
28,28,36,1,58,70,40,77
28,29,2,1,63,70,30,77
28,30,26,1,73,70,25,77
28,31,16,0,63,75,25,77
28,32,11,0,58,75,25,79
28,33,25,0,58,70,35,79
28,34,20,1,58,75,20,79
28,35,23,0,53,65,20,84
28,36,27,1,53,70,15,84
28,37,14,1,53,75,15,84
28,38,12,1,58,75,15,84
28,39,48,0,48,75,15,89
28,40,1,1,40,75,20,89
28,41,3,1,33,75,20,94
28,42,19,1,48,75,20,94
28,43,15,1,48,80,20,94
28,44,41,1,53,70,20,94
28,45,2,1,58,70,10,94
28,46,30,1,58,70,20,94
28,47,24,0,53,70,25,94
28,48,29,1,53,85,5,94
28,49,16,0,43,90,5,94
28,50,42,1,43,95,5,94
28,51,23,1,53,95,0,94
28,52,25,1,53,100,-10,94
28,53,37,1,63,100,-10,94
28,54,3,0,78,100,-15,94
28,55,11,0,73,100,-15,96
28,56,22,0,68,100,-10,96
28,57,6,1,60,100,-10,101
28,58,1,0,70,100,-25,101
28,59,28,1,80,100,-25,101
28,60,32,1,80,90,-10,101
28,61,47,1,80,90,-10,116
28,62,41,0,70,100,-10,116
28,63,9,1,75,100,-10,116
28,64,24,1,80,100,-10,116
28,65,38,0,75,105,-10,116
28,66,40,1,75,95,0,116
28,67,26,1,85,95,-5,116
28,68,25,1,85,100,-15,116
28,69,43,1,85,100,-10,101
28,70,3,1,78,100,-10,106
28,71,4,1,88,100,-10,101
28,72,11,0,83,100,-10,103
28,73,12,1,88,100,-10,103
28,74,23,1,98,100,-15,103
28,75,13,0,98,100,-15,108
28,76,36,1,98,105,-15,103
28,77,42,1,98,110,-15,103
28,78,16,0,88,115,-15,103
28,79,26,0,83,115,-15,108
28,80,33,1,83,120,-15,108
28,81,8,0,83,125,-25,108
28,82,24,0,78,125,-20,108
28,83,41,1,83,115,-20,108
28,84,38,1,88,115,-20,108
28,85,47,0,113,115,-20,108
28,86,19,1,128,115,-20,108
28,87,6,0,138,115,-25,108
28,88,14,0,138,115,-25,113
28,89,2,0,128,115,-20,113
28,90,1,1,120,115,-15,113
28,91,25,1,120,120,-25,113
28,92,23,0,115,110,-25,118
28,93,3,1,108,110,-25,123
28,94,39,1,113,110,-25,118
28,95,16,0,103,115,-25,118
28,96,9,1,108,115,-25,118
28,97,27,1,108,120,-30,118
28,98,5,1,113,120,-40,118
28,99,38,1,118,120,-40,118
29,0,43,1,50,50,55,35
29,1,15,0,70,45,55,35
29,2,38,1,75,45,55,35
29,3,3,0,90,45,50,35
29,4,42,0,82,45,50,45
29,5,37,0,70,55,50,45
29,6,10,1,90,55,40,45
29,7,16,0,80,60,40,45
29,8,4,1,90,60,40,40
29,9,20,1,90,65,25,40
29,10,21,0,85,65,40,40
29,11,9,1,90,65,40,40
29,12,23,0,85,55,40,45
29,13,25,0,85,50,50,45
29,14,40,0,85,60,40,45
29,15,7,0,70,65,40,45
29,16,45,0,70,65,40,50
29,17,10,1,90,65,30,50
29,18,6,0,100,65,25,50
29,19,29,1,100,80,5,50
29,20,14,0,100,80,5,55
29,21,3,1,93,80,5,60
29,22,22,0,88,80,10,60
29,23,13,1,93,85,10,60
29,24,44,1,98,85,10,60
29,25,31,0,98,90,0,60
29,26,25,1,98,95,-10,60
29,27,21,1,98,100,-25,60
29,28,4,1,108,100,-25,55
29,29,2,0,98,100,-20,55
29,30,32,0,98,105,-35,55
29,31,26,0,93,105,-35,60
29,32,41,0,83,115,-35,60
29,33,20,1,83,120,-50,60
29,34,14,0,83,120,-50,65
29,35,30,0,83,120,-60,75
29,36,23,1,93,120,-65,75
29,37,33,0,123,120,-65,75
29,38,39,1,128,120,-65,70
29,39,12,0,123,130,-65,70
29,40,13,1,128,135,-65,70
29,41,24,0,123,135,-60,70
29,42,15,0,143,130,-60,70
29,43,47,0,168,130,-60,70
29,44,27,1,168,135,-65,70
29,45,38,0,163,140,-65,70
29,46,37,0,151,150,-65,70
29,47,42,0,143,150,-65,80
29,48,36,0,143,145,-65,82
29,49,11,0,138,145,-65,84
29,50,14,1,138,150,-65,84
29,51,3,0,153,150,-70,84
29,52,23,1,163,150,-75,84
29,53,20,1,163,155,-90,84
29,54,40,0,163,165,-100,84
29,55,28,1,173,165,-100,84
29,56,17,0,153,175,-100,84
29,57,26,1,163,175,-105,84
29,58,46,0,156,175,-105,89
29,59,9,0,151,175,-105,94
29,60,45,1,151,180,-105,94
29,61,6,0,161,180,-110,94
29,62,13,1,166,185,-110,94
29,63,4,0,151,190,-110,94
29,64,14,1,151,195,-110,94
29,65,44,1,156,195,-110,94
29,66,41,0,146,205,-110,94
29,67,10,1,166,205,-120,94
29,68,39,0,159,210,-120,94
29,69,34,1,174,210,-120,94
29,70,16,0,164,215,-120,94
29,71,12,1,169,215,-120,94
29,72,21,0,164,215,-105,94
29,73,30,1,164,215,-95,94
29,74,29,1,164,230,-115,94
29,75,43,0,184,230,-125,94
29,76,3,0,199,230,-130,94
29,77,9,0,194,230,-130,99
29,78,38,0,189,235,-130,99
29,79,36,0,189,230,-130,101
29,80,42,1,189,235,-130,101
29,81,11,1,194,235,-130,101
29,82,5,0,189,235,-125,101
29,83,41,0,179,245,-125,101
29,84,13,1,184,250,-125,101
29,85,25,0,184,245,-115,101
29,86,14,0,184,245,-115,106
29,87,46,1,189,245,-115,101
29,88,2,0,179,245,-110,101
29,89,37,0,167,255,-110,101
29,90,44,0,167,255,-100,106
29,91,8,1,157,255,-100,111
29,92,11,1,162,255,-100,111
29,93,16,0,152,260,-100,111
29,94,23,1,162,260,-105,111
29,95,7,1,167,260,-105,106
29,96,26,1,177,260,-110,106
29,97,27,1,177,265,-115,106
29,98,12,1,182,265,-115,106
29,99,14,0,182,265,-115,111
30,0,15,1,50,55,50,50
30,1,22,1,50,60,40,50
30,2,3,0,65,60,35,50
30,3,25,1,65,65,25,50
30,4,31,1,65,65,35,50
30,5,43,0,85,65,25,50
30,6,13,0,85,65,25,55
30,7,41,1,90,55,25,55
30,8,7,0,75,60,25,55
30,9,20,0,70,60,40,55
30,10,5,0,65,60,45,55
30,11,18,1,75,60,45,55
30,12,11,0,70,60,45,57
30,13,26,1,80,60,40,57
30,14,37,0,68,70,40,57
30,15,48,1,68,75,40,47
30,16,22,0,63,75,45,47
30,17,46,1,68,75,45,42
30,18,44,1,73,75,45,42
30,19,9,1,78,75,45,42
30,20,36,0,78,70,45,44
30,21,39,0,71,75,45,44
30,22,1,1,63,75,50,44
30,23,12,1,68,75,50,44
30,24,40,0,68,85,40,44
30,25,5,0,63,85,45,44
30,26,8,1,53,85,45,49
30,27,7,1,58,85,45,44
30,28,4,1,68,85,45,39
30,29,21,0,63,85,60,39
30,30,32,0,63,90,45,39
30,31,10,0,58,95,45,39
30,32,33,0,88,95,45,39
30,33,12,0,83,105,45,39
30,34,41,1,88,95,45,39
30,35,1,1,80,95,50,39
30,36,30,1,80,95,60,39
30,37,48,1,80,100,60,29
30,38,23,1,90,100,55,29
30,39,16,1,90,100,45,29
30,40,29,1,90,115,25,29
30,41,10,1,110,115,15,29
30,42,46,1,115,115,15,24
30,43,22,1,115,120,5,24
30,44,42,1,115,125,5,24
30,45,9,0,110,125,5,29
30,46,14,0,110,125,5,34
30,47,24,0,105,125,10,34
30,48,34,0,105,110,25,34
30,49,5,0,100,110,30,34
30,50,39,1,105,110,30,29
30,51,1,1,97,110,35,29
30,52,4,0,82,115,35,29
30,53,38,1,87,115,35,29
30,54,16,0,77,120,35,29
30,55,13,1,82,125,35,29
30,56,35,0,82,133,20,29
30,57,46,1,87,133,20,24
30,58,45,0,87,133,20,29
30,59,24,0,82,133,25,29
30,60,20,1,82,138,10,29
30,61,26,0,77,138,10,34
30,62,22,1,77,143,0,34
30,63,27,1,77,148,-5,34
30,64,3,1,70,148,-5,39
30,65,40,0,70,158,-15,39
30,66,8,1,60,158,-15,44
30,67,36,1,60,163,-15,39
30,68,28,0,50,163,-5,39
30,69,39,1,55,163,-5,34
30,70,12,1,60,163,-5,34
30,71,10,0,55,168,-5,34
30,72,23,1,65,168,-10,34
30,73,17,1,50,168,0,34
30,74,6,1,42,168,0,39
30,75,13,0,42,168,0,44
30,76,24,0,37,168,5,44
30,77,37,0,25,178,5,44
30,78,46,1,30,178,5,39
30,79,25,1,30,183,-5,39
30,80,42,1,30,188,-5,39
30,81,12,0,25,198,-5,39
30,82,30,1,25,198,5,39
30,83,41,1,30,188,5,39
30,84,40,0,30,198,-5,39
30,85,19,0,10,198,5,49
30,86,14,1,10,203,5,49
30,87,5,1,15,203,-5,49
30,88,29,1,15,218,-25,49
30,89,24,0,10,218,-20,49
30,90,39,1,15,218,-20,44
30,91,6,0,25,218,-25,44
30,92,10,1,45,218,-35,44
30,93,18,1,55,218,-35,44
30,94,9,1,60,218,-35,44
30,95,3,0,75,218,-40,44
30,96,1,1,67,218,-35,44
30,97,15,0,87,213,-35,44
30,98,38,0,82,218,-35,44
30,99,25,1,82,223,-45,44
31,0,47,1,50,50,50,65
31,1,20,1,50,55,35,65
31,2,13,1,55,60,35,65
31,3,22,1,55,65,25,65
31,4,44,1,60,65,25,65
31,5,25,0,60,60,35,65
31,6,2,1,65,60,25,65
31,7,42,1,65,65,25,65
31,8,30,1,65,65,35,65
31,9,17,0,45,75,35,65
31,10,41,0,35,85,35,65
31,11,14,0,35,85,35,70
31,12,12,0,30,95,35,70
31,13,31,0,30,100,25,70
31,14,3,0,45,100,20,70
31,15,9,1,50,100,20,70
31,16,8,1,40,100,20,75
31,17,27,1,40,105,15,75
31,18,15,1,40,110,15,75
31,19,18,1,50,110,15,75
31,20,25,0,50,105,25,75
31,21,1,1,42,105,30,75
31,22,11,0,37,105,30,77
31,23,13,1,42,110,30,77
31,24,2,0,32,110,35,77
31,25,5,0,27,110,40,77
31,26,38,0,22,115,40,77
31,27,3,1,15,115,40,82
31,28,42,0,7,115,40,92
31,29,23,1,17,115,35,92
31,30,20,0,12,115,50,92
31,31,15,0,32,110,50,92
31,32,28,1,42,110,50,92
31,33,22,0,37,110,55,92
31,34,12,0,32,120,55,92
31,35,1,0,42,120,40,92
31,36,9,1,47,120,40,92
31,37,29,1,47,135,20,92
31,38,13,1,52,140,20,92
31,39,6,0,62,140,15,92
31,40,16,1,62,140,5,92
31,41,17,0,42,150,5,92
31,42,24,1,47,150,5,92
31,43,46,0,40,150,5,97
31,44,10,1,60,150,-5,97
31,45,3,1,53,150,-5,102
31,46,14,1,53,155,-5,102
31,47,2,1,58,155,-15,102
31,48,23,1,68,155,-20,102
31,49,38,0,63,160,-20,102
31,50,19,0,43,160,-10,112
31,51,21,1,43,165,-25,112
31,52,9,0,38,165,-25,117
31,53,11,1,43,165,-25,117
31,54,15,1,43,170,-25,117
31,55,22,0,38,170,-20,117
31,56,42,1,38,175,-20,117
31,57,5,0,33,175,-15,117
31,58,40,0,33,185,-25,117
31,59,17,1,18,185,-15,117
31,60,46,1,23,185,-15,112
31,61,13,1,28,190,-15,112
31,62,8,1,18,190,-15,117
31,63,18,1,28,190,-15,117
31,64,12,1,33,190,-15,117
31,65,25,0,33,185,-5,117
31,66,43,1,33,185,0,102
31,67,20,1,33,190,-15,102
31,68,38,0,28,195,-15,102
31,69,36,1,28,200,-15,97
31,70,27,1,28,205,-20,97
31,71,22,1,28,210,-30,97
31,72,16,1,28,210,-40,97
31,73,4,1,38,210,-40,92
31,74,5,1,43,210,-50,92
31,75,12,1,48,210,-50,92
31,76,29,1,48,225,-70,92
31,77,9,0,43,225,-70,97
31,78,28,0,33,225,-60,97
31,79,10,1,53,225,-70,97
31,80,25,0,53,220,-60,97
31,81,11,0,48,220,-60,99
31,82,26,1,58,220,-65,99
31,83,7,1,63,220,-65,94
31,84,23,1,73,220,-70,94
31,85,12,1,78,220,-70,94
31,86,43,1,78,220,-65,79
31,87,1,0,88,220,-80,79
31,88,4,0,73,225,-80,79
31,89,16,1,73,225,-90,79
31,90,2,1,78,225,-100,79
31,91,42,0,70,225,-100,89
31,92,48,0,60,225,-100,94
31,93,15,0,80,220,-100,94
31,94,13,0,80,220,-100,99
31,95,22,1,80,225,-110,99
31,96,9,0,75,225,-110,104
31,97,23,0,70,215,-110,109
31,98,10,1,90,215,-120,109
31,99,19,0,70,215,-110,119
32,0,23,0,45,40,50,55
32,1,36,0,45,35,50,57
32,2,29,0,35,35,55,57
32,3,1,1,27,35,60,57
32,4,8,0,27,40,50,57
32,5,2,1,32,40,40,57
32,6,47,1,32,40,40,72
32,7,3,1,25,40,40,77
32,8,22,1,25,45,30,77
32,9,4,1,35,45,30,72
32,10,10,1,55,45,20,72
32,11,43,0,75,45,10,72
32,12,23,0,70,35,10,77
32,13,27,1,70,40,5,77
32,14,13,0,70,40,5,82
32,15,28,0,60,40,15,82
32,16,1,1,52,40,20,82
32,17,26,1,62,40,15,82
32,18,20,1,62,45,0,82
32,19,37,0,50,55,0,82
32,20,3,1,43,55,0,87
32,21,25,0,43,50,10,87
32,22,24,0,38,50,15,87
32,23,16,1,38,50,5,87
32,24,12,0,33,60,5,87
32,25,15,0,53,55,5,87
32,26,27,0,63,40,5,87
32,27,9,0,58,40,5,92
32,28,14,1,58,45,5,92
32,29,26,0,53,45,5,97
32,30,11,0,48,45,5,99
32,31,13,0,48,45,5,104
32,32,6,0,58,45,0,104
32,33,47,1,58,45,0,119
32,34,23,0,53,35,0,124
32,35,15,0,73,30,0,124
32,36,7,0,58,35,0,124
32,37,20,0,53,35,15,124
32,38,1,0,63,35,0,124
32,39,12,1,68,35,0,124
32,40,25,0,68,30,10,124
32,41,28,0,58,30,20,124
32,42,21,0,53,30,35,124
32,43,43,1,53,30,40,109
32,44,42,0,45,30,40,119
32,45,26,0,40,30,40,124
32,46,44,0,40,30,50,129
32,47,16,0,30,35,50,129
32,48,5,1,35,35,40,129
32,49,41,0,25,45,40,129
32,50,31,0,25,50,30,129
32,51,3,0,40,50,25,129
32,52,25,1,40,55,15,129
32,53,29,1,40,70,-5,129
32,54,24,0,35,70,0,129
32,55,20,0,30,70,15,129
32,56,10,0,25,75,15,129
32,57,36,1,25,80,15,124
32,58,47,0,50,80,15,124
32,59,39,0,43,85,15,124
32,60,1,1,35,85,20,124
32,61,2,1,40,85,10,124
32,62,14,1,40,90,10,124
32,63,17,0,20,100,10,124
32,64,25,0,20,95,20,124
32,65,40,0,20,105,10,124
32,66,30,0,20,105,0,134
32,67,23,0,15,95,0,139
32,68,3,1,8,95,0,144
32,69,22,0,3,95,5,144
32,70,43,0,23,95,-5,144
32,71,37,0,11,105,-5,144
32,72,5,0,6,105,0,144
32,73,10,0,1,110,0,144
32,74,19,1,16,110,0,144
32,75,20,1,16,115,-15,144
32,76,39,0,9,120,-15,144
32,77,2,0,-1,120,-10,144
32,78,41,0,-11,130,-10,144
32,79,14,1,-11,135,-10,144
32,80,26,0,-16,135,-10,149
32,81,11,1,-11,135,-10,149
32,82,9,1,-6,135,-10,149
32,83,15,1,-6,140,-10,149
32,84,22,1,-6,145,-20,149
32,85,10,0,-11,150,-20,149
32,86,40,1,-11,140,-10,149
32,87,45,0,-11,140,-10,154
32,88,1,0,-1,140,-25,154
32,89,6,1,-9,140,-25,159
32,90,3,0,6,140,-30,159
32,91,11,1,11,140,-30,159
32,92,21,1,11,145,-45,159
32,93,25,1,11,150,-55,159
32,94,2,1,16,150,-65,159
32,95,16,1,16,150,-75,159
32,96,42,1,16,155,-75,159
32,97,44,1,21,155,-75,159
32,98,24,0,16,155,-70,159
32,99,26,0,11,155,-70,164
33,0,23,1,60,50,45,50
33,1,45,0,60,50,45,55
33,2,42,1,60,55,45,55
33,3,41,1,65,45,45,55
33,4,39,0,58,50,45,55
33,5,4,0,43,55,45,55
33,6,21,0,38,55,60,55
33,7,8,0,38,60,50,55
33,8,5,0,33,60,55,55
33,9,25,1,33,65,45,55
33,10,7,0,18,70,45,55
33,11,13,0,18,70,45,60
33,12,10,1,38,70,35,60
33,13,12,0,33,80,35,60
33,14,47,0,58,80,35,60
33,15,9,1,63,80,35,60
33,16,26,1,73,80,30,60
33,17,2,0,63,80,35,60
33,18,23,0,58,70,35,65
33,19,22,1,58,75,25,65
33,20,40,1,58,65,35,65
33,21,19,0,38,65,45,75
33,22,16,1,38,65,35,75
33,23,31,0,38,70,25,75
33,24,11,1,43,70,25,75
33,25,20,0,38,70,40,75
33,26,8,0,38,75,30,75
33,27,41,0,28,85,30,75
33,28,26,1,38,85,25,75
33,29,38,0,33,90,25,75
33,30,29,1,33,105,5,75
33,31,28,0,23,105,15,75
33,32,23,0,18,95,15,80
33,33,16,0,8,100,15,80
33,34,22,0,3,100,20,80
33,35,4,0,-12,105,20,80
33,36,9,1,-7,105,20,80
33,37,14,0,-7,105,20,85
33,38,47,0,18,105,20,85
33,39,13,0,18,105,20,90
33,40,36,0,18,100,20,92
33,41,15,0,38,95,20,92
33,42,40,0,38,105,10,92
33,43,2,1,43,105,0,92
33,44,25,0,43,100,10,92
33,45,21,0,38,100,25,92
33,46,17,1,23,100,35,92
33,47,43,1,23,100,40,77
33,48,42,1,23,105,40,77
33,49,30,0,23,105,30,87
33,50,28,0,13,105,40,87
33,51,23,1,23,105,35,87
33,52,3,1,16,105,35,92
33,53,48,1,16,110,35,82
33,54,16,1,16,110,25,82
33,55,26,1,26,110,20,82
33,56,18,0,1,110,20,92
33,57,37,1,11,110,20,92
33,58,13,0,11,110,20,97
33,59,20,1,11,115,5,97
33,60,44,0,11,115,15,102
33,61,6,1,3,115,15,107
33,62,4,0,-12,120,15,107
33,63,10,0,-17,125,15,107
33,64,23,0,-22,115,15,112
33,65,19,1,-7,115,15,112
33,66,29,0,-17,115,20,112
33,67,12,0,-22,125,20,112
33,68,28,1,-12,125,20,112
33,69,21,1,-12,130,5,112
33,70,2,1,-7,130,-5,112
33,71,41,1,-2,120,-5,112
33,72,36,0,-2,115,-5,114
33,73,26,1,8,115,-10,114
33,74,3,1,1,115,-10,119
33,75,9,1,6,115,-10,119
33,76,11,1,11,115,-10,119
33,77,6,0,21,115,-15,119
33,78,32,0,21,120,-30,119
33,79,48,1,21,125,-30,109
33,80,33,0,51,125,-30,109
33,81,22,0,46,125,-25,109
33,82,46,1,51,125,-25,104
33,83,44,1,56,125,-25,104
33,84,1,0,66,125,-40,104
33,85,47,1,66,125,-40,119
33,86,12,0,61,135,-40,119
33,87,13,0,61,135,-40,124
33,88,42,1,61,140,-40,124
33,89,36,0,61,135,-40,126
33,90,6,1,53,135,-40,131
33,91,23,0,48,125,-40,136
33,92,2,1,53,125,-50,136
33,93,4,0,38,130,-50,136
33,94,10,0,33,135,-50,136
33,95,3,1,26,135,-50,141
33,96,14,0,26,135,-50,146
33,97,15,1,26,140,-50,146
33,98,25,1,26,145,-60,146
33,99,24,0,21,145,-55,146
34,0,14,0,50,50,50,55
34,1,28,0,40,50,60,55
34,2,8,1,30,50,60,60
34,3,5,1,35,50,50,60
34,4,41,0,25,60,50,60
34,5,47,1,25,60,50,75
34,6,9,0,20,60,50,80
34,7,6,0,30,60,45,80
34,8,2,1,35,60,35,80
34,9,13,0,35,60,35,85
34,10,24,0,30,60,40,85
34,11,11,0,25,60,40,87
34,12,38,0,20,65,40,87
34,13,10,0,15,70,40,87
34,14,15,1,15,75,40,87
34,15,21,1,15,80,25,87
34,16,43,1,15,80,30,72
34,17,48,1,15,85,30,62
34,18,30,0,15,85,20,72
34,19,23,0,10,75,20,77
34,20,7,1,15,75,20,72
34,21,31,0,15,80,10,72
34,22,9,1,20,80,10,72
34,23,18,1,30,80,10,72
34,24,24,0,25,80,15,72
34,25,13,1,30,85,15,72
34,26,17,0,10,95,15,72
34,27,15,1,10,100,15,72
34,28,47,0,35,100,15,72
34,29,10,1,55,100,5,72
34,30,41,1,60,90,5,72
34,31,2,0,50,90,10,72
34,32,25,0,50,85,20,72
34,33,37,1,60,85,20,72
34,34,26,1,70,85,15,72
34,35,38,1,75,85,15,72
34,36,5,1,80,85,5,72
34,37,15,0,100,80,5,72
34,38,23,0,95,70,5,77
34,39,20,0,90,70,20,77
34,40,12,0,85,80,20,77
34,41,43,1,85,80,25,62
34,42,1,1,77,80,30,62
34,43,41,0,67,90,30,62
34,44,22,0,62,90,35,62
34,45,19,0,42,90,45,72
34,46,7,0,27,95,45,72
34,47,30,1,27,95,55,72
34,48,15,1,27,100,55,72
34,49,6,0,37,100,50,72
34,50,12,0,32,110,50,72
34,51,29,1,32,125,30,72
34,52,26,1,42,125,25,72
34,53,8,1,32,125,25,77
34,54,32,0,32,130,10,77
34,55,3,0,47,130,5,77
34,56,25,0,47,125,15,77
34,57,10,0,42,130,15,77
34,58,28,1,52,130,15,77
34,59,21,1,52,135,0,77
34,60,20,1,52,140,-15,77
34,61,2,0,42,140,-10,77
34,62,40,1,42,130,0,77
34,63,5,0,37,130,5,77
34,64,23,0,32,120,5,82
34,65,11,1,37,120,5,82
34,66,33,0,67,120,5,82
34,67,13,0,67,120,5,87
34,68,4,0,52,125,5,87
34,69,22,0,47,125,10,87
34,70,37,0,35,135,10,87
34,71,21,1,35,140,-5,87
34,72,41,1,40,130,-5,87
34,73,14,0,40,130,-5,92
34,74,26,1,50,130,-10,92
34,75,8,0,50,135,-20,92
34,76,27,0,60,120,-20,92
34,77,17,0,40,130,-20,92
34,78,25,0,40,125,-10,92
34,79,48,0,30,125,-10,97
34,80,16,1,30,125,-20,97
34,81,5,1,35,125,-30,97
34,82,28,1,45,125,-30,97
34,83,13,0,45,125,-30,102
34,84,29,1,45,140,-50,102
34,85,12,1,50,140,-50,102
34,86,14,1,50,145,-50,102
34,87,37,1,60,145,-50,102
34,88,26,0,55,145,-50,107
34,89,36,0,55,140,-50,109
34,90,2,1,60,140,-60,109
34,91,11,0,55,140,-60,111
34,92,10,1,75,140,-70,111
34,93,40,1,75,130,-60,111
34,94,22,0,70,130,-55,111
34,95,9,1,75,130,-55,111
34,96,4,1,85,130,-55,106
34,97,15,1,85,135,-55,106
34,98,8,0,85,140,-65,106
34,99,20,1,85,145,-80,106
35,0,46,1,55,50,50,45
35,1,20,1,55,55,35,45
35,2,13,1,60,60,35,45
35,3,10,0,55,65,35,45
35,4,16,1,55,65,25,45
35,5,21,1,55,70,10,45
35,6,14,1,55,75,10,45
35,7,40,1,55,65,20,45
35,8,31,0,55,70,10,45
35,9,2,1,60,70,0,45
35,10,29,1,60,85,-20,45
35,11,38,0,55,90,-20,45
35,12,25,0,55,85,-10,45
35,13,26,1,65,85,-15,45
35,14,16,0,55,90,-15,45
35,15,5,1,60,90,-25,45
35,16,7,1,65,90,-25,40
35,17,44,1,70,90,-25,40
35,18,13,0,70,90,-25,45
35,19,15,0,90,85,-25,45
35,20,36,0,90,80,-25,47
35,21,8,1,80,80,-25,52
35,22,3,1,73,80,-25,57
35,23,27,1,73,85,-30,57
35,24,4,0,58,90,-30,57
35,25,17,0,38,100,-30,57
35,26,38,0,33,105,-30,57
35,27,42,0,25,105,-30,67
35,28,1,0,35,105,-45,67
35,29,7,1,40,105,-45,62
35,30,16,1,40,105,-55,62
35,31,11,1,45,105,-55,62
35,32,40,1,45,95,-45,62
35,33,14,0,45,95,-45,67
35,34,5,1,50,95,-55,67
35,35,36,0,50,90,-55,69
35,36,20,0,45,90,-40,69
35,37,41,1,50,80,-40,69
35,38,13,0,50,80,-40,74
35,39,12,0,45,90,-40,74
35,40,3,1,38,90,-40,79
35,41,32,0,38,95,-55,79
35,42,16,0,28,100,-55,79
35,43,26,1,38,100,-60,79
35,44,24,1,43,100,-60,79
35,45,14,0,43,100,-60,84
35,46,4,1,53,100,-60,79
35,47,10,0,48,105,-60,79
35,48,46,0,41,105,-60,84
35,49,43,0,61,105,-70,84
35,50,23,1,71,105,-75,84
35,51,22,1,71,110,-85,84
35,52,1,0,81,110,-100,84
35,53,3,0,96,110,-105,84
35,54,7,1,101,110,-105,79
35,55,25,1,101,115,-115,79
35,56,16,0,91,120,-115,79
35,57,33,0,121,120,-115,79
35,58,30,0,121,120,-125,89
35,59,11,1,126,120,-125,89
35,60,21,0,121,120,-110,89
35,61,2,1,126,120,-120,89
35,62,9,0,121,120,-120,94
35,63,14,1,121,125,-120,94
35,64,39,0,114,130,-120,94
35,65,19,1,129,130,-120,94
35,66,15,1,129,135,-120,94
35,67,20,0,124,135,-105,94
35,68,48,0,114,135,-105,99
35,69,8,1,104,135,-105,104
35,70,6,0,114,135,-110,104
35,71,38,0,109,140,-110,104
35,72,26,1,119,140,-115,104
35,73,43,1,119,140,-110,89
35,74,13,1,124,145,-110,89
35,75,45,1,124,150,-110,89
35,76,23,0,119,140,-110,94
35,77,4,1,129,140,-110,89
35,78,41,1,134,130,-110,89
35,79,34,1,149,130,-110,89
35,80,5,0,144,130,-105,89
35,81,14,0,144,130,-105,94
35,82,28,0,134,130,-95,94
35,83,16,1,134,130,-105,94
35,84,25,1,134,135,-115,94
35,85,22,1,134,140,-125,94
35,86,6,1,126,140,-125,99
35,87,46,1,131,140,-125,94
35,88,15,1,131,145,-125,94
35,89,10,0,126,150,-125,94
35,90,1,1,118,150,-120,94
35,91,47,1,118,150,-120,109
35,92,35,0,118,158,-135,109
35,93,21,1,118,163,-150,109
35,94,18,0,93,163,-150,119
35,95,16,0,83,168,-150,119
35,96,4,0,68,173,-150,119
35,97,44,1,73,173,-150,119
35,98,6,1,65,173,-150,124
35,99,23,1,75,173,-155,124
36,0,37,0,38,60,50,50
36,1,48,1,38,65,50,40
36,2,23,0,33,55,50,45
36,3,39,0,26,60,50,45
36,4,36,1,26,65,50,40
36,5,47,1,26,65,50,55
36,6,41,0,16,75,50,55
36,7,3,1,9,75,50,60
36,8,25,1,9,80,40,60
36,9,31,0,9,85,30,60
36,10,45,1,9,90,30,60
36,11,16,1,9,90,20,60
36,12,22,0,4,90,25,60
36,13,43,0,24,90,15,60
36,14,14,0,24,90,15,65
36,15,27,0,34,75,15,65
36,16,4,0,19,80,15,65
36,17,8,1,9,80,15,70
36,18,46,1,14,80,15,65
36,19,3,1,7,80,15,70
36,20,21,1,7,85,0,70
36,21,16,0,-3,90,0,70
36,22,5,1,2,90,-10,70
36,23,41,0,-8,100,-10,70
36,24,12,0,-13,110,-10,70
36,25,9,0,-18,110,-10,75
36,26,10,1,2,110,-20,75
36,27,2,0,-8,110,-15,75
36,28,4,1,2,110,-15,70
36,29,38,1,7,110,-15,70
36,30,15,0,27,105,-15,70
36,31,8,1,17,105,-15,75
36,32,25,0,17,100,-5,75
36,33,21,1,17,105,-20,75
36,34,23,0,12,95,-20,80
36,35,26,1,22,95,-25,80
36,36,42,1,22,100,-25,80
36,37,37,1,32,100,-25,80
36,38,20,1,32,105,-40,80
36,39,40,0,32,115,-50,80
36,40,3,0,47,115,-55,80
36,41,11,1,52,115,-55,80
36,42,15,0,72,110,-55,80
36,43,9,1,77,110,-55,80
36,44,32,0,77,115,-70,80
36,45,22,0,72,115,-65,80
36,46,10,0,67,120,-65,80
36,47,27,1,67,125,-70,80
36,48,8,0,67,130,-80,80
36,49,26,0,62,130,-80,85
36,50,5,1,67,130,-90,85
36,51,11,1,72,130,-90,85
36,52,12,0,67,140,-90,85
36,53,15,1,67,145,-90,85
36,54,23,1,77,145,-95,85
36,55,33,1,77,150,-95,85
36,56,14,1,77,155,-95,85
36,57,13,0,77,155,-95,90
36,58,3,1,70,155,-95,95
36,59,16,1,70,155,-105,95
36,60,45,1,70,160,-105,95
36,61,11,0,65,160,-105,97
36,62,43,1,65,160,-100,82
36,63,10,1,85,160,-110,82
36,64,41,1,90,150,-110,82
36,65,5,1,95,150,-120,82
36,66,2,0,85,150,-115,82
36,67,12,0,80,160,-115,82
36,68,26,0,75,160,-115,87
36,69,22,0,70,160,-110,87
36,70,18,0,45,160,-110,97
36,71,34,1,60,160,-110,97
36,72,16,1,60,160,-120,97
36,73,20,0,55,160,-105,97
36,74,41,1,60,150,-105,97
36,75,4,1,70,150,-105,92
36,76,13,0,70,150,-105,97
36,77,21,0,65,150,-90,97
36,78,1,1,57,150,-85,97
36,79,29,0,47,150,-80,97
36,80,6,0,57,150,-85,97
36,81,30,0,57,150,-95,107
36,82,36,1,57,155,-95,102
36,83,23,0,52,145,-95,107
36,84,39,1,57,145,-95,102
36,85,8,0,57,150,-105,102
36,86,26,1,67,150,-110,102
36,87,28,1,77,150,-110,102
36,88,47,0,102,150,-110,102
36,89,38,1,107,150,-110,102
36,90,10,0,102,155,-110,102
36,91,14,0,102,155,-110,107
36,92,2,1,107,155,-120,107
36,93,17,0,87,165,-120,107
36,94,40,0,87,175,-130,107
36,95,41,0,77,185,-130,107
36,96,5,1,82,185,-140,107
36,97,23,1,92,185,-145,107
36,98,11,0,87,185,-145,109
36,99,24,1,92,185,-145,109
37,0,30,1,50,50,60,50
37,1,31,0,50,55,50,50
37,2,2,1,55,55,40,50
37,3,8,0,55,60,30,50
37,4,9,1,60,60,30,50
37,5,43,0,80,60,20,50
37,6,28,0,70,60,30,50
37,7,26,1,80,60,25,50
37,8,25,1,80,65,15,50
37,9,5,1,85,65,5,50
37,10,1,0,95,65,-10,50
37,11,11,0,90,65,-10,52
37,12,38,1,95,65,-10,52
37,13,13,1,100,70,-10,52
37,14,3,0,115,70,-15,52
37,15,47,1,115,70,-15,67
37,16,4,1,125,70,-15,62
37,17,20,0,120,70,0,62
37,18,17,0,100,80,0,62
37,19,42,1,100,85,0,62
37,20,16,1,100,85,-10,62
37,21,19,0,80,85,0,72
37,22,39,0,73,90,0,72
37,23,30,1,73,90,10,72
37,24,24,1,78,90,10,72
37,25,10,1,98,90,0,72
37,26,5,1,103,90,-10,72
37,27,32,1,103,80,5,72
37,28,33,0,133,80,5,72
37,29,26,1,143,80,0,72
37,30,29,0,133,80,5,72
37,31,45,1,133,85,5,72
37,32,16,0,123,90,5,72
37,33,25,0,123,85,15,72
37,34,15,1,123,90,15,72
37,35,4,1,133,90,15,67
37,36,36,1,133,95,15,62
37,37,11,0,128,95,15,64
37,38,22,1,128,100,5,64
37,39,18,1,138,100,5,64
37,40,34,1,153,100,5,64
37,41,26,0,148,100,5,69
37,42,39,1,153,100,5,64
37,43,5,1,158,100,-5,64
37,44,40,0,158,110,-15,64
37,45,41,1,163,100,-15,64
37,46,2,1,168,100,-25,64
37,47,27,1,168,105,-30,64
37,48,13,0,168,105,-30,69
37,49,20,0,163,105,-15,69
37,50,12,0,158,115,-15,69
37,51,16,1,158,115,-25,69
37,52,24,0,153,115,-20,69
37,53,36,0,153,110,-20,71
37,54,25,1,153,115,-30,71
37,55,9,0,148,115,-30,76
37,56,1,0,158,115,-45,76
37,57,26,0,153,115,-45,81
37,58,10,1,173,115,-55,81
37,59,4,1,183,115,-55,76
37,60,3,1,176,115,-55,81
37,61,21,1,176,120,-70,81
37,62,35,1,176,110,-60,81
37,63,16,1,176,110,-70,81
37,64,15,0,196,105,-70,81
37,65,13,0,196,105,-70,86
37,66,12,0,191,115,-70,86
37,67,11,0,186,115,-70,88
37,68,30,1,186,115,-60,88
37,69,40,0,186,125,-70,88
37,70,26,0,181,125,-70,93
37,71,5,0,176,125,-65,93
37,72,4,1,186,125,-65,88
37,73,22,1,186,130,-75,88
37,74,45,1,186,135,-75,88
37,75,37,0,174,145,-75,88
37,76,12,1,179,145,-75,88
37,77,23,1,189,145,-80,88
37,78,9,1,194,145,-80,88
37,79,24,1,199,145,-80,88
37,80,28,1,209,145,-80,88
37,81,11,1,214,145,-80,88
37,82,14,0,214,145,-80,93
37,83,43,0,234,145,-90,93
37,84,1,0,244,145,-105,93
37,85,16,0,234,150,-105,93
37,86,40,0,234,160,-115,93
37,87,21,1,234,165,-130,93
37,88,22,1,234,170,-140,93
37,89,23,1,244,170,-145,93
37,90,26,1,254,170,-150,93
37,91,17,1,239,170,-140,93
37,92,5,0,234,170,-135,93
37,93,7,0,219,175,-135,93
37,94,15,1,219,180,-135,93
37,95,8,0,219,185,-145,93
37,96,25,0,219,180,-135,93
37,97,47,0,244,180,-135,93
37,98,38,0,239,185,-135,93
37,99,46,0,232,185,-135,98
38,0,1,0,60,50,35,50
38,1,46,0,53,50,35,55
38,2,22,1,53,55,25,55
38,3,15,1,53,60,25,55
38,4,13,1,58,65,25,55
38,5,23,0,53,55,25,60
38,6,25,1,53,60,15,60
38,7,39,1,58,60,15,55
38,8,12,1,63,60,15,55
38,9,26,0,58,60,15,60
38,10,4,0,43,65,15,60
38,11,31,0,43,70,5,60
38,12,9,1,48,70,5,60
38,13,46,0,41,70,5,65
38,14,45,0,41,70,5,70
38,15,27,0,51,55,5,70
38,16,1,1,43,55,10,70
38,17,11,0,38,55,10,72
38,18,23,0,33,45,10,77
38,19,6,1,25,45,10,82
38,20,25,0,25,40,20,82
38,21,3,0,40,40,15,82
38,22,14,1,40,45,15,82
38,23,4,0,25,50,15,82
38,24,19,0,5,50,25,92
38,25,41,0,-5,60,25,92
38,26,2,1,0,60,15,92
38,27,26,0,-5,60,15,97
38,28,1,1,-13,60,20,97
38,29,15,0,7,55,20,97
38,30,28,1,17,55,20,97
38,31,6,0,27,55,15,97
38,32,10,0,22,60,15,97
38,33,32,0,22,65,0,97
38,34,13,0,22,65,0,102
38,35,9,0,17,65,0,107
38,36,33,1,17,70,0,107
38,37,34,0,17,55,15,107
38,38,37,1,27,55,15,107
38,39,29,0,17,55,20,107
38,40,16,0,7,60,20,107
38,41,20,1,7,65,5,107
38,42,14,1,7,70,5,107
38,43,6,0,17,70,0,107
38,44,17,1,2,70,10,107
38,45,23,0,-3,60,10,112
38,46,15,0,17,55,10,112
38,47,44,0,17,55,20,117
38,48,22,0,12,55,25,117
38,49,11,1,17,55,25,117
38,50,26,0,12,55,25,122
38,51,28,0,2,55,35,122
38,52,38,1,7,55,35,122
38,53,41,1,12,45,35,122
38,54,10,1,32,45,25,122
38,55,25,0,32,40,35,122
38,56,16,1,32,40,25,122
38,57,24,0,27,40,30,122
38,58,45,1,27,45,30,122
38,59,14,1,27,50,30,122
38,60,18,0,2,50,30,132
38,61,11,0,-3,50,30,134
38,62,13,1,2,55,30,134
38,63,15,1,2,60,30,134
38,64,36,1,2,65,30,129
38,65,29,1,2,80,10,129
38,66,22,1,2,85,0,129
38,67,6,0,12,85,-5,129
38,68,20,1,12,90,-20,129
38,69,3,1,5,90,-20,134
38,70,41,0,-5,100,-20,134
38,71,42,1,-5,105,-20,134
38,72,9,1,0,105,-20,134
38,73,14,1,0,110,-20,134
38,74,1,0,10,110,-35,134
38,75,44,1,15,110,-35,134
38,76,26,1,25,110,-40,134
38,77,13,0,25,110,-40,139
38,78,5,1,30,110,-50,139
38,79,48,0,20,110,-50,144
38,80,16,1,20,110,-60,144
38,81,38,0,15,115,-60,144
38,82,11,1,20,115,-60,144
38,83,17,1,5,115,-50,144
38,84,6,0,15,115,-55,144
38,85,3,1,8,115,-55,149
38,86,2,1,13,115,-65,149
38,87,24,0,8,115,-60,149
38,88,25,1,8,120,-70,149
38,89,21,1,8,125,-85,149
38,90,28,0,-2,125,-75,149
38,91,1,1,-10,125,-70,149
38,92,10,1,10,125,-80,149
38,93,35,1,10,115,-70,149
38,94,26,0,5,115,-70,154
38,95,4,1,15,115,-70,149
38,96,41,1,20,105,-70,149
38,97,45,0,20,105,-70,154
38,98,38,0,15,110,-70,154
38,99,16,1,15,110,-80,154
39,0,31,1,50,50,60,50
39,1,14,1,50,55,60,50
39,2,20,1,50,60,45,50
39,3,8,1,40,60,45,55
39,4,47,1,40,60,45,70
39,5,30,0,40,60,35,80
39,6,5,1,45,60,25,80
39,7,13,1,50,65,25,80
39,8,22,0,45,65,30,80
39,9,27,0,55,50,30,80
39,10,45,0,55,50,30,85
39,11,41,1,60,40,30,85
39,12,11,1,65,40,30,85
39,13,10,0,60,45,30,85
39,14,4,1,70,45,30,80
39,15,38,0,65,50,30,80
39,16,8,1,55,50,30,85
39,17,37,1,65,50,30,85
39,18,14,1,65,55,30,85
39,19,25,1,65,60,20,85
39,20,1,0,75,60,5,85
39,21,20,0,70,60,20,85
39,22,23,0,65,50,20,90
39,23,11,0,60,50,20,92
39,24,2,0,50,50,25,92
39,25,5,1,55,50,15,92
39,26,30,0,55,50,5,102
39,27,26,1,65,50,0,102
39,28,10,0,60,55,0,102
39,29,44,1,65,55,0,102
39,30,18,1,75,55,0,102
39,31,28,1,85,55,0,102
39,32,41,1,90,45,0,102
39,33,1,0,100,45,-15,102
39,34,46,0,93,45,-15,107
39,35,12,0,88,55,-15,107
39,36,24,0,83,55,-10,107
39,37,13,1,88,60,-10,107
39,38,29,0,78,60,-5,107
39,39,8,1,68,60,-5,112
39,40,43,1,68,60,0,97
39,41,20,0,63,60,15,97
39,42,2,0,53,60,20,97
39,43,10,1,73,60,10,97
39,44,22,1,73,65,0,97
39,45,26,1,83,65,-5,97
39,46,7,1,88,65,-5,92
39,47,14,0,88,65,-5,97
39,48,42,0,80,65,-5,107
39,49,4,0,65,70,-5,107
39,50,39,0,58,75,-5,107
39,51,41,1,63,65,-5,107
39,52,11,1,68,65,-5,107
39,53,46,0,61,65,-5,112
39,54,44,1,66,65,-5,112
39,55,1,0,76,65,-20,112
39,56,21,1,76,70,-35,112
39,57,6,1,68,70,-35,117
39,58,20,1,68,75,-50,117
39,59,24,0,63,75,-45,117
39,60,14,0,63,75,-45,122
39,61,23,1,73,75,-50,122
39,62,13,1,78,80,-50,122
39,63,22,0,73,80,-45,122
39,64,9,0,68,80,-45,127
39,65,11,0,63,80,-45,129
39,66,38,1,68,80,-45,129
39,67,3,0,83,80,-50,129
39,68,17,1,68,80,-40,129
39,69,28,0,58,80,-30,129
39,70,12,0,53,90,-30,129
39,71,1,0,63,90,-45,129
39,72,10,1,83,90,-55,129
39,73,7,0,68,95,-55,129
39,74,25,0,68,90,-45,129
39,75,40,1,68,80,-35,129
39,76,14,0,68,80,-35,134
39,77,26,1,78,80,-40,134
39,78,37,0,66,90,-40,134
39,79,22,1,66,95,-50,134
39,80,6,1,58,95,-50,139
39,81,47,1,58,95,-50,154
39,82,38,1,63,95,-50,154
39,83,8,1,53,95,-50,159
39,84,41,0,43,105,-50,159
39,85,18,1,53,105,-50,159
39,86,4,1,63,105,-50,154
39,87,11,1,68,105,-50,154
39,88,9,0,63,105,-50,159
39,89,46,1,68,105,-50,154
39,90,16,1,68,105,-60,154
39,91,3,0,83,105,-65,154
39,92,32,0,83,110,-80,154
39,93,21,0,78,110,-65,154
39,94,42,1,78,115,-65,154
39,95,12,0,73,125,-65,154
39,96,10,0,68,130,-65,154
39,97,41,1,73,120,-65,154
39,98,14,1,73,125,-65,154
39,99,44,0,73,125,-55,159
40,0,25,1,50,55,40,50
40,1,23,0,45,45,40,55
40,2,9,1,50,45,40,55
40,3,1,0,60,45,25,55
40,4,31,1,60,45,35,55
40,5,15,1,60,50,35,55
40,6,2,0,50,50,40,55
40,7,20,1,50,55,25,55
40,8,10,1,70,55,15,55
40,9,13,1,75,60,15,55
40,10,46,1,80,60,15,50
40,11,36,1,80,65,15,45
40,12,43,0,100,65,5,45
40,13,23,1,110,65,0,45
40,14,4,0,95,70,0,45
40,15,22,0,90,70,5,45
40,16,27,1,90,75,0,45
40,17,7,0,75,80,0,45
40,18,9,1,80,80,0,45
40,19,14,0,80,80,0,50
40,20,41,0,70,90,0,50
40,21,2,0,60,90,5,50
40,22,24,1,65,90,5,50
40,23,21,1,65,95,-10,50
40,24,40,0,65,105,-20,50
40,25,11,0,60,105,-20,52
40,26,23,1,70,105,-25,52
40,27,13,1,75,110,-25,52
40,28,46,1,80,110,-25,47
40,29,10,1,100,110,-35,47
40,30,3,1,93,110,-35,52
40,31,18,0,68,110,-35,62
40,32,12,1,73,110,-35,62
40,33,44,1,78,110,-35,62
40,34,36,1,78,115,-35,57
40,35,4,0,63,120,-35,57
40,36,25,0,63,115,-25,57
40,37,42,1,63,120,-25,57
40,38,16,1,63,120,-35,57
40,39,22,1,63,125,-45,57
40,40,32,0,63,130,-60,57
40,41,33,1,63,135,-60,57
40,42,7,0,48,140,-60,57
40,43,19,1,63,140,-60,57
40,44,6,1,55,140,-60,62
40,45,20,0,50,140,-45,62
40,46,40,0,50,150,-55,62
40,47,4,1,60,150,-55,57
40,48,26,1,70,150,-60,57
40,49,27,1,70,155,-65,57
40,50,5,1,75,155,-75,57
40,51,48,1,75,160,-75,47
40,52,23,0,70,150,-75,52
40,53,18,1,80,150,-75,52
40,54,42,0,72,150,-75,62
40,55,38,0,67,155,-75,62
40,56,24,1,72,155,-75,62
40,57,1,1,64,155,-70,62
40,58,45,0,64,155,-70,67
40,59,4,0,49,160,-70,67
40,60,41,1,54,150,-70,67
40,61,10,1,74,150,-80,67
40,62,14,0,74,150,-80,72
40,63,40,0,74,160,-90,72
40,64,13,0,74,160,-90,77
40,65,20,1,74,165,-105,77
40,66,36,1,74,170,-105,72
40,67,2,0,64,170,-100,72
40,68,46,0,57,170,-100,77
40,69,7,0,42,175,-100,77
40,70,16,1,42,175,-110,77
40,71,3,1,35,175,-110,82
40,72,15,1,35,180,-110,82
40,73,45,1,35,185,-110,82
40,74,34,0,35,170,-95,82
40,75,23,0,30,160,-95,87
40,76,35,1,30,150,-85,87
40,77,25,0,30,145,-75,87
40,78,11,1,35,145,-75,87
40,79,9,0,30,145,-75,92
40,80,10,1,50,145,-85,92
40,81,4,1,60,145,-85,87
40,82,38,0,55,150,-85,87
40,83,1,0,65,150,-100,87
40,84,16,0,55,155,-100,87
40,85,44,1,60,155,-100,87
40,86,2,0,50,155,-95,87
40,87,8,0,50,160,-105,87
40,88,14,1,50,165,-105,87
40,89,27,1,50,170,-110,87
40,90,25,1,50,175,-120,87
40,91,10,1,70,175,-130,87
40,92,15,0,90,170,-130,87
40,93,46,0,83,170,-130,92
40,94,22,1,83,175,-140,92
40,95,4,1,93,175,-140,87
40,96,19,0,73,175,-130,97
40,97,26,0,68,175,-130,102
40,98,42,1,68,180,-130,102
40,99,16,1,68,180,-140,102
41,0,4,0,35,55,50,50
41,1,3,1,28,55,50,55
41,2,2,1,33,55,40,55
41,3,1,0,43,55,25,55
41,4,31,1,43,55,35,55
41,5,11,0,38,55,35,57
41,6,12,1,43,55,35,57
41,7,24,1,48,55,35,57
41,8,20,0,43,55,50,57
41,9,7,1,48,55,50,52
41,10,47,0,73,55,50,52
41,11,9,1,78,55,50,52
41,12,22,0,73,55,55,52
41,13,3,0,88,55,50,52
41,14,13,1,93,60,50,52
41,15,44,1,98,60,50,52
41,16,10,0,93,65,50,52
41,17,16,1,93,65,40,52
41,18,45,1,93,70,40,52
41,19,18,0,68,70,40,62
41,20,15,0,88,65,40,62
41,21,23,0,83,55,40,67
41,22,42,1,83,60,40,67
41,23,20,0,78,60,55,67
41,24,8,0,78,65,45,67
41,25,32,1,78,55,60,67
41,26,33,1,78,60,60,67
41,27,22,0,73,60,65,67
41,28,12,1,78,60,65,67
41,29,2,1,83,60,55,67
41,30,37,0,71,70,55,67
41,31,41,1,76,60,55,67
41,32,29,1,76,75,35,67
41,33,25,0,76,70,45,67
41,34,9,0,71,70,45,72
41,35,16,1,71,70,35,72
41,36,11,1,76,70,35,72
41,37,15,1,76,75,35,72
41,38,13,1,81,80,35,72
41,39,23,0,76,70,35,77
41,40,12,1,81,70,35,77
41,41,36,0,81,65,35,79
41,42,22,0,76,65,40,79
41,43,40,0,76,75,30,79
41,44,10,0,71,80,30,79
41,45,45,1,71,85,30,79
41,46,20,0,66,85,45,79
41,47,41,1,71,75,45,79
41,48,24,0,66,75,50,79
41,49,1,1,58,75,55,79
41,50,14,1,58,80,55,79
41,51,17,1,43,80,65,79
41,52,4,1,53,80,65,74
41,53,34,1,68,80,65,74
41,54,37,1,78,80,65,74
41,55,25,0,78,75,75,74
41,56,13,1,83,80,75,74
41,57,27,0,93,65,75,74
41,58,11,0,88,65,75,76
41,59,28,0,78,65,85,76
41,60,5,0,73,65,90,76
41,61,15,0,93,60,90,76
41,62,3,0,108,60,85,76
41,63,2,0,98,60,90,76
41,64,4,0,83,65,90,76
41,65,23,0,78,55,90,81
41,66,46,1,83,55,90,76
41,67,12,0,78,65,90,76
41,68,11,0,73,65,90,78
41,69,10,0,68,70,90,78
41,70,39,0,61,75,90,78
41,71,41,1,66,65,90,78
41,72,38,1,71,65,90,78
41,73,25,0,71,60,100,78
41,74,17,1,56,60,110,78
41,75,13,0,56,60,110,83
41,76,3,1,49,60,110,88
41,77,22,0,44,60,115,88
41,78,43,1,44,60,120,73
41,79,44,1,49,60,120,73
41,80,35,1,49,50,130,73
41,81,41,1,54,40,130,73
41,82,12,1,59,40,130,73
41,83,16,1,59,40,120,73
41,84,48,0,49,40,120,78
41,85,15,1,49,45,120,78
41,86,37,0,37,55,120,78
41,87,29,1,37,70,100,78
41,88,25,1,37,75,90,78
41,89,26,0,32,75,90,83
41,90,42,1,32,80,90,83
41,91,38,1,37,80,90,83
41,92,13,1,42,85,90,83
41,93,1,0,52,85,75,83
41,94,23,1,62,85,70,83
41,95,36,1,62,90,70,78
41,96,3,0,77,90,65,78
41,97,12,0,72,100,65,78
41,98,43,0,92,100,55,78
41,99,11,1,97,100,55,78
42,0,10,0,45,55,50,50
42,1,7,0,30,60,50,50
42,2,21,0,25,60,65,50
42,3,16,0,15,65,65,50
42,4,31,1,15,65,75,50
42,5,43,1,15,65,80,35
42,6,36,1,15,70,80,30
42,7,24,1,20,70,80,30
42,8,1,0,30,70,65,30
42,9,3,1,23,70,65,35
42,10,25,0,23,65,75,35
42,11,13,0,23,65,75,40
42,12,20,1,23,70,60,40
42,13,12,1,28,70,60,40
42,14,9,1,33,70,60,40
42,15,11,1,38,70,60,40
42,16,14,0,38,70,60,45
42,17,23,1,48,70,55,45
42,18,2,1,53,70,45,45
42,19,4,1,63,70,45,40
42,20,32,1,63,60,60,40
42,21,10,1,83,60,50,40
42,22,16,0,73,65,50,40
42,23,22,0,68,65,55,40
42,24,1,1,60,65,60,40
42,25,40,1,60,55,70,40
42,26,42,0,52,55,70,50
42,27,6,0,62,55,65,50
42,28,29,0,52,55,70,50
42,29,41,1,57,45,70,50
42,30,47,0,82,45,70,50
42,31,44,0,82,45,80,55
42,32,20,0,77,45,95,55
42,33,2,1,82,45,85,55
42,34,12,1,87,45,85,55
42,35,9,1,92,45,85,55
42,36,4,0,77,50,85,55
42,37,39,0,70,55,85,55
42,38,33,1,70,60,85,55
42,39,22,1,70,65,75,55
42,40,18,1,80,65,75,55
42,41,1,0,90,65,60,55
42,42,24,1,95,65,60,55
42,43,41,0,85,75,60,55
42,44,16,1,85,75,50,55
42,45,12,1,90,75,50,55
42,46,34,1,105,75,50,55
42,47,40,1,105,65,60,55
42,48,10,1,125,65,50,55
42,49,15,0,145,60,50,55
42,50,5,0,140,60,55,55
42,51,21,1,140,65,40,55
42,52,39,0,133,70,40,55
42,53,23,1,143,70,35,55
42,54,4,0,128,75,35,55
42,55,24,1,133,75,35,55
42,56,35,1,133,65,45,55
42,57,3,1,126,65,45,60
42,58,16,0,116,70,45,60
42,59,27,1,116,75,40,60
42,60,9,0,111,75,40,65
42,61,14,0,111,75,40,70
42,62,7,0,96,80,40,70
42,63,46,0,89,80,40,75
42,64,10,1,109,80,30,75
42,65,20,1,109,85,15,75
42,66,29,0,99,85,20,75
42,67,2,0,89,85,25,75
42,68,47,0,114,85,25,75
42,69,36,1,114,90,25,70
42,70,37,1,124,90,25,70
42,71,8,0,124,95,15,70
42,72,16,0,114,100,15,70
42,73,3,1,107,100,15,75
42,74,44,1,112,100,15,75
42,75,46,0,105,100,15,80
42,76,45,1,105,105,15,80
42,77,28,1,115,105,15,80
42,78,12,0,110,115,15,80
42,79,11,1,115,115,15,80
42,80,17,1,100,115,25,80
42,81,13,1,105,120,25,80
42,82,27,1,105,125,20,80
42,83,18,1,115,125,20,80
42,84,16,1,115,125,10,80
42,85,2,1,120,125,0,80
42,86,10,1,140,125,-10,80
42,87,3,1,133,125,-10,85
42,88,20,1,133,130,-25,85
42,89,15,1,133,135,-25,85
42,90,14,0,133,135,-25,90
42,91,30,0,133,135,-35,100
42,92,25,1,133,140,-45,100
42,93,7,0,118,145,-45,100
42,94,23,1,128,145,-50,100
42,95,22,1,128,150,-60,100
42,96,1,0,138,150,-75,100
42,97,12,0,133,160,-75,100
42,98,27,1,133,165,-80,100
42,99,10,1,153,165,-90,100
43,0,6,0,60,50,45,50
43,1,23,0,55,40,45,55
43,2,47,1,55,40,45,70
43,3,31,0,55,45,35,70
43,4,13,0,55,45,35,75
43,5,16,0,45,50,35,75
43,6,11,0,40,50,35,77
43,7,9,0,35,50,35,82
43,8,48,1,35,55,35,72
43,9,1,0,45,55,20,72
43,10,2,0,35,55,25,72
43,11,3,1,28,55,25,77
43,12,18,0,3,55,25,87
43,13,25,0,3,50,35,87
43,14,38,0,-2,55,35,87
43,15,16,0,-12,60,35,87
43,16,22,0,-17,60,40,87
43,17,30,1,-17,60,50,87
43,18,8,1,-27,60,50,92
43,19,41,1,-22,50,50,92
43,20,11,0,-27,50,50,94
43,21,5,1,-22,50,40,94
43,22,15,0,-2,45,40,94
43,23,20,1,-2,50,25,94
43,24,46,1,3,50,25,89
43,25,16,0,-7,55,25,89
43,26,13,0,-7,55,25,94
43,27,14,1,-7,60,25,94
43,28,9,0,-12,60,25,99
43,29,44,0,-12,60,35,104
43,30,32,1,-12,50,50,104
43,31,39,0,-19,55,50,104
43,32,38,0,-24,60,50,104
43,33,21,0,-29,60,65,104
43,34,11,0,-34,60,65,106
43,35,23,0,-39,50,65,111
43,36,6,1,-47,50,65,116
43,37,45,0,-47,50,65,121
43,38,16,1,-47,50,55,121
43,39,22,0,-52,50,60,121
43,40,12,1,-47,50,60,121
43,41,5,1,-42,50,50,121
43,42,36,1,-42,55,50,116
43,43,29,0,-52,55,55,116
43,44,10,1,-32,55,45,116
43,45,46,0,-39,55,45,121
43,46,33,0,-9,55,45,121
43,47,15,1,-9,60,45,121
43,48,16,1,-9,60,35,121
43,49,34,1,6,60,35,121
43,50,2,1,11,60,25,121
43,51,30,1,11,60,35,121
43,52,20,0,6,60,50,121
43,53,1,1,-2,60,55,121
43,54,24,1,3,60,55,121
43,55,18,1,13,60,55,121
43,56,21,0,8,60,70,121
43,57,44,1,13,60,70,121
43,58,3,0,28,60,65,121
43,59,25,1,28,65,55,121
43,60,16,1,28,65,45,121
43,61,4,0,13,70,45,121
43,62,10,0,8,75,45,121
43,63,38,0,3,80,45,121
43,64,45,0,3,80,45,126
43,65,13,1,8,85,45,126
43,66,19,0,-12,85,55,136
43,67,11,0,-17,85,55,138
43,68,2,0,-27,85,60,138
43,69,6,0,-17,85,55,138
43,70,3,1,-24,85,55,143
43,71,41,0,-34,95,55,143
43,72,30,1,-34,95,65,143
43,73,10,1,-14,95,55,143
43,74,12,1,-9,95,55,143
43,75,35,0,-9,103,40,143
43,76,47,0,16,103,40,143
43,77,14,0,16,103,40,148
43,78,42,1,16,108,40,148
43,79,24,1,21,108,40,148
43,80,44,1,26,108,40,148
43,81,29,0,16,108,45,148
43,82,40,1,16,98,55,148
43,83,20,1,16,103,40,148
43,84,1,0,26,103,25,148
43,85,25,0,26,98,35,148
43,86,41,1,31,88,35,148
43,87,9,1,36,88,35,148
43,88,5,0,31,88,40,148
43,89,4,1,41,88,40,143
43,90,39,0,34,93,40,143
43,91,11,1,39,93,40,143
43,92,43,0,59,93,30,143
43,93,46,0,52,93,30,148
43,94,47,1,52,93,30,163
43,95,14,0,52,93,30,168
43,96,36,0,52,88,30,170
43,97,2,0,42,88,35,170
43,98,3,0,57,88,30,170
43,99,13,1,62,93,30,170
44,0,13,1,55,55,50,50
44,1,4,1,65,55,50,45
44,2,16,0,55,60,50,45
44,3,18,1,65,60,50,45
44,4,9,1,70,60,50,45
44,5,25,1,70,65,40,45
44,6,14,1,70,70,40,45
44,7,2,0,60,70,45,45
44,8,28,0,50,70,55,45
44,9,41,1,55,60,55,45
44,10,17,1,40,60,65,45
44,11,3,0,55,60,60,45
44,12,7,1,60,60,60,40
44,13,44,0,60,60,70,45
44,14,24,0,55,60,75,45
44,15,31,1,55,60,85,45
44,16,22,1,55,65,75,45
44,17,13,1,60,70,75,45
44,18,16,0,50,75,75,45
44,19,20,0,45,75,90,45
44,20,6,1,37,75,90,50
44,21,26,1,47,75,85,50
44,22,5,0,42,75,90,50
44,23,11,0,37,75,90,52
44,24,14,1,37,80,90,52
44,25,9,0,32,80,90,57
44,26,8,1,22,80,90,62
44,27,39,0,15,85,90,62
44,28,10,0,10,90,90,62
44,29,19,0,-10,90,100,72
44,30,3,1,-17,90,100,77
44,31,27,0,-7,75,100,77
44,32,25,0,-7,70,110,77
44,33,26,1,3,70,105,77
44,34,32,0,3,75,90,77
44,35,2,0,-7,75,95,77
44,36,16,0,-17,80,95,77
44,37,12,0,-22,90,95,77
44,38,14,0,-22,90,95,82
44,39,11,1,-17,90,95,82
44,40,28,1,-7,90,95,82
44,41,1,0,3,90,80,82
44,42,41,1,8,80,80,82
44,43,20,0,3,80,95,82
44,44,15,1,3,85,95,82
44,45,9,1,8,85,95,82
44,46,5,1,13,85,85,82
44,47,43,0,33,85,75,82
44,48,25,0,33,80,85,82
44,49,46,0,26,80,85,87
44,50,14,1,26,85,85,87
44,51,11,0,21,85,85,89
44,52,7,0,6,90,85,89
44,53,10,0,1,95,85,89
44,54,22,1,1,100,75,89
44,55,4,1,11,100,75,84
44,56,1,1,3,100,80,84
44,57,38,0,-2,105,80,84
44,58,44,1,3,105,80,84
44,59,23,0,-2,95,80,89
44,60,37,1,8,95,80,89
44,61,6,0,18,95,75,89
44,62,11,0,13,95,75,91
44,63,17,0,-7,105,75,91
44,64,28,0,-17,105,85,91
44,65,16,0,-27,110,85,91
44,66,14,0,-27,110,85,96
44,67,20,1,-27,115,70,96
44,68,9,1,-22,115,70,96
44,69,15,0,-2,110,70,96
44,70,5,1,3,110,60,96
44,71,25,0,3,105,70,96
44,72,39,0,-4,110,70,96
44,73,10,0,-9,115,70,96
44,74,18,1,1,115,70,96
44,75,29,0,-9,115,75,96
44,76,3,1,-16,115,75,101
44,77,41,1,-11,105,75,101
44,78,4,0,-26,110,75,101
44,79,16,0,-36,115,75,101
44,80,44,0,-36,115,85,106
44,81,21,1,-36,120,70,106
44,82,27,1,-36,125,65,106
44,83,26,1,-26,125,60,106
44,84,24,1,-21,125,60,106
44,85,11,1,-16,125,60,106
44,86,47,1,-16,125,60,121
44,87,14,1,-16,130,60,121
44,88,40,0,-16,140,50,121
44,89,30,0,-16,140,40,131
44,90,38,0,-21,145,40,131
44,91,19,1,-6,145,40,131
44,92,6,1,-14,145,40,136
44,93,41,0,-24,155,40,136
44,94,12,1,-19,155,40,136
44,95,11,0,-24,155,40,138
44,96,27,0,-14,140,40,138
44,97,18,0,-39,140,40,148
44,98,33,1,-39,145,40,148
44,99,36,1,-39,150,40,143
45,0,25,0,50,45,60,50
45,1,26,0,45,45,60,55
45,2,31,0,45,50,50,55
45,3,15,1,45,55,50,55
45,4,8,0,45,60,40,55
45,5,13,1,50,65,40,55
45,6,14,0,50,65,40,60
45,7,39,1,55,65,40,55
45,8,3,1,48,65,40,60
45,9,23,0,43,55,40,65
45,10,10,1,63,55,30,65
45,11,45,0,63,55,30,70
45,12,12,0,58,65,30,70
45,13,41,0,48,75,30,70
45,14,27,0,58,60,30,70
45,15,47,1,58,60,30,85
45,16,46,0,51,60,30,90
45,17,44,1,56,60,30,90
45,18,37,0,44,70,30,90
45,19,38,1,49,70,30,90
45,20,22,1,49,75,20,90
45,21,20,0,44,75,35,90
45,22,11,1,49,75,35,90
45,23,29,0,39,75,40,90
45,24,36,0,39,70,40,92
45,25,23,0,34,60,40,97
45,26,5,1,39,60,30,97
45,27,12,1,44,60,30,97
45,28,3,1,37,60,30,102
45,29,41,1,42,50,30,102
45,30,40,0,42,60,20,102
45,31,18,1,52,60,20,102
45,32,43,0,72,60,10,102
45,33,24,1,77,60,10,102
45,34,8,0,77,65,0,102
45,35,10,1,97,65,-10,102
45,36,20,0,92,65,5,102
45,37,21,0,87,65,20,102
45,38,23,0,82,55,20,107
45,39,44,1,87,55,20,107
45,40,15,1,87,60,20,107
45,41,1,0,97,60,5,107
45,42,42,0,89,60,5,117
45,43,5,1,94,60,-5,117
45,44,26,0,89,60,-5,122
45,45,45,0,89,60,-5,127
45,46,3,1,82,60,-5,132
45,47,14,0,82,60,-5,137
45,48,17,0,62,70,-5,137
45,49,12,0,57,80,-5,137
45,50,15,0,77,75,-5,137
45,51,43,0,97,75,-15,137
45,52,13,0,97,75,-15,142
45,53,38,1,102,75,-15,142
45,54,27,1,102,80,-20,142
45,55,24,0,97,80,-15,142
45,56,10,0,92,85,-15,142
45,57,4,1,102,85,-15,137
45,58,26,1,112,85,-20,137
45,59,11,0,107,85,-20,139
45,60,9,0,102,85,-20,144
45,61,23,1,112,85,-25,144
45,62,41,0,102,95,-25,144
45,63,14,0,102,95,-25,149
45,64,37,0,90,105,-25,149
45,65,44,0,90,105,-15,154
45,66,12,0,85,115,-15,154
45,67,39,0,78,120,-15,154
45,68,10,1,98,120,-25,154
45,69,43,1,98,120,-20,139
45,70,3,0,113,120,-25,139
45,71,6,0,123,120,-30,139
45,72,19,1,138,120,-30,139
45,73,15,1,138,125,-30,139
45,74,26,1,148,125,-35,139
45,75,46,0,141,125,-35,144
45,76,1,0,151,125,-50,144
45,77,22,1,151,130,-60,144
45,78,2,0,141,130,-55,144
45,79,41,0,131,140,-55,144
45,80,25,1,131,145,-65,144
45,81,37,1,141,145,-65,144
45,82,12,0,136,155,-65,144
45,83,13,0,136,155,-65,149
45,84,4,0,121,160,-65,149
45,85,3,1,114,160,-65,154
45,86,20,1,114,165,-80,154
45,87,46,0,107,165,-80,159
45,88,14,0,107,165,-80,164
45,89,42,0,99,165,-80,174
45,90,10,1,119,165,-90,174
45,91,41,1,124,155,-90,174
45,92,8,1,114,155,-90,179
45,93,24,0,109,155,-85,179
45,94,44,0,109,155,-75,184
45,95,23,0,104,145,-75,189
45,96,16,0,94,150,-75,189
45,97,12,1,99,150,-75,189
45,98,9,0,94,150,-75,194
45,99,47,1,94,150,-75,209
46,0,19,1,65,50,50,50
46,1,24,0,60,50,55,50
46,2,14,1,60,55,55,50
46,3,11,1,65,55,55,50
46,4,23,1,75,55,50,50
46,5,6,1,67,55,50,55
46,6,46,0,60,55,50,60
46,7,26,1,70,55,45,60
46,8,21,1,70,60,30,60
46,9,3,0,85,60,25,60
46,10,4,1,95,60,25,55
46,11,9,0,90,60,25,60
46,12,31,0,90,65,15,60
46,13,25,0,90,60,25,60
46,14,22,0,85,60,30,60
46,15,41,1,90,50,30,60
46,16,12,0,85,60,30,60
46,17,39,1,90,60,30,55
46,18,43,1,90,60,35,40
46,19,6,1,82,60,35,45
46,20,36,0,82,55,35,47
46,21,46,0,75,55,35,52
46,22,4,0,60,60,35,52
46,23,2,0,50,60,40,52
46,24,5,1,55,60,30,52
46,25,25,1,55,65,20,52
46,26,11,0,50,65,20,54
46,27,10,1,70,65,10,54
46,28,16,1,70,65,0,54
46,29,14,0,70,65,0,59
46,30,15,0,90,60,0,59
46,31,22,1,90,65,-10,59
46,32,9,0,85,65,-10,64
46,33,42,0,77,65,-10,74
46,34,26,1,87,65,-15,74
46,35,21,0,82,65,0,74
46,36,27,0,92,50,0,74
46,37,20,0,87,50,15,74
46,38,37,1,97,50,15,74
46,39,28,1,107,50,15,74
46,40,4,0,92,55,15,74
46,41,29,0,82,55,20,74
46,42,5,0,77,55,25,74
46,43,32,0,77,60,10,74
46,44,25,0,77,55,20,74
46,45,15,1,77,60,20,74
46,46,44,0,77,60,30,79
46,47,22,1,77,65,20,79
46,48,38,0,72,70,20,79
46,49,26,0,67,70,20,84
46,50,11,0,62,70,20,86
46,51,33,1,62,75,20,86
46,52,18,0,37,75,20,96
46,53,46,1,42,75,20,91
46,54,13,1,47,80,20,91
46,55,10,0,42,85,20,91
46,56,21,1,42,90,5,91
46,57,14,1,42,95,5,91
46,58,17,0,22,105,5,91
46,59,3,1,15,105,5,96
46,60,11,0,10,105,5,98
46,61,5,1,15,105,-5,98
46,62,9,0,10,105,-5,103
46,63,22,1,10,110,-15,103
46,64,24,1,15,110,-15,103
46,65,10,0,10,115,-15,103
46,66,43,1,10,115,-10,88
46,67,48,1,10,120,-10,78
46,68,28,0,0,120,0,78
46,69,12,1,5,120,0,78
46,70,39,1,10,120,0,73
46,71,36,0,10,115,0,75
46,72,26,0,5,115,0,80
46,73,41,0,-5,125,0,80
46,74,20,1,-5,130,-15,80
46,75,18,0,-30,130,-15,90
46,76,1,0,-20,130,-30,90
46,77,9,0,-25,130,-30,95
46,78,42,1,-25,135,-30,95
46,79,12,1,-20,135,-30,95
46,80,16,0,-30,140,-30,95
46,81,46,0,-37,140,-30,100
46,82,10,1,-17,140,-40,100
46,83,2,0,-27,140,-35,100
46,84,25,1,-27,145,-45,100
46,85,11,0,-32,145,-45,102
46,86,13,1,-27,150,-45,102
46,87,22,1,-27,155,-55,102
46,88,1,0,-17,155,-70,102
46,89,43,1,-17,155,-65,87
46,90,41,1,-12,145,-65,87
46,91,5,1,-7,145,-75,87
46,92,8,0,-7,150,-85,87
46,93,4,1,3,150,-85,82
46,94,30,1,3,150,-75,82
46,95,11,0,-2,150,-75,84
46,96,42,0,-10,150,-75,94
46,97,14,1,-10,155,-75,94
46,98,45,1,-10,160,-75,94
46,99,6,1,-18,160,-75,99
47,0,17,1,35,50,60,50
47,1,11,0,30,50,60,52
47,2,20,1,30,55,45,52
47,3,28,1,40,55,45,52
47,4,4,1,50,55,45,47
47,5,10,0,45,60,45,47
47,6,3,1,38,60,45,52
47,7,1,0,48,60,30,52
47,8,2,0,38,60,35,52
47,9,8,1,28,60,35,57
47,10,41,0,18,70,35,57
47,11,44,1,23,70,35,57
47,12,31,0,23,75,25,57
47,13,43,1,23,75,30,42
47,14,5,1,28,75,20,42
47,15,37,1,38,75,20,42
47,16,22,0,33,75,25,42
47,17,10,0,28,80,25,42
47,18,4,1,38,80,25,37
47,19,25,0,38,75,35,37
47,20,12,1,43,75,35,37
47,21,13,0,43,75,35,42
47,22,9,1,48,75,35,42
47,23,11,0,43,75,35,44
47,24,40,0,43,85,25,44
47,25,29,0,33,85,30,44
47,26,39,0,26,90,30,44
47,27,3,0,41,90,25,44
47,28,1,0,51,90,10,44
47,29,5,1,56,90,0,44
47,30,12,1,61,90,0,44
47,31,46,1,66,90,0,39
47,32,4,0,51,95,0,39
47,33,15,0,71,90,0,39
47,34,22,0,66,90,5,39
47,35,11,1,71,90,5,39
47,36,19,0,51,90,15,49
47,37,47,0,76,90,15,49
47,38,2,0,66,90,20,49
47,39,16,0,56,95,20,49
47,40,8,0,56,100,10,49
47,41,1,1,48,100,15,49
47,42,14,0,48,100,15,54
47,43,45,1,48,105,15,54
47,44,32,1,48,95,30,54
47,45,3,1,41,95,30,59
47,46,33,0,71,95,30,59
47,47,20,1,71,100,15,59
47,48,34,1,86,100,15,59
47,49,29,1,86,115,-5,59
47,50,10,0,81,120,-5,59
47,51,39,1,86,120,-5,54
47,52,16,0,76,125,-5,54
47,53,37,1,86,125,-5,54
47,54,12,1,91,125,-5,54
47,55,17,1,76,125,5,54
47,56,4,0,61,130,5,54
47,57,15,0,81,125,5,54
47,58,11,0,76,125,5,56
47,59,1,1,68,125,10,56
47,60,28,1,78,125,10,56
47,61,9,1,83,125,10,56
47,62,20,1,83,130,-5,56
47,63,10,1,103,130,-15,56
47,64,13,1,108,135,-15,56
47,65,3,1,101,135,-15,61
47,66,14,0,101,135,-15,66
47,67,38,1,106,135,-15,66
47,68,11,1,111,135,-15,66
47,69,22,0,106,135,-10,66
47,70,43,0,126,135,-20,66
47,71,7,1,131,135,-20,61
47,72,39,1,136,135,-20,56
47,73,10,0,131,140,-20,56
47,74,36,0,131,135,-20,58
47,75,26,1,141,135,-25,58
47,76,28,0,131,135,-15,58
47,77,6,1,123,135,-15,63
47,78,42,0,115,135,-15,73
47,79,41,0,105,145,-15,73
47,80,13,1,110,150,-15,73
47,81,11,0,105,150,-15,75
47,82,5,0,100,150,-10,75
47,83,46,1,105,150,-10,70
47,84,12,0,100,160,-10,70
47,85,1,0,110,160,-25,70
47,86,15,1,110,165,-25,70
47,87,25,1,110,170,-35,70
47,88,16,0,100,175,-35,70
47,89,20,0,95,175,-20,70
47,90,2,1,100,175,-30,70
47,91,10,0,95,180,-30,70
47,92,11,0,90,180,-30,72
47,93,26,1,100,180,-35,72
47,94,23,0,95,170,-35,77
47,95,7,1,100,170,-35,72
47,96,22,1,100,175,-45,72
47,97,45,0,100,175,-45,77
47,98,46,0,93,175,-45,82
47,99,25,1,93,180,-55,82
48,0,7,0,35,55,50,50
48,1,4,1,45,55,50,45
48,2,37,0,33,65,50,45
48,3,47,1,33,65,50,60
48,4,26,0,28,65,50,65
48,5,19,1,43,65,50,65
48,6,29,0,33,65,55,65
48,7,22,0,28,65,60,65
48,8,40,0,28,75,50,65
48,9,12,0,23,85,50,65
48,10,15,0,43,80,50,65
48,11,20,1,43,85,35,65
48,12,3,0,58,85,30,65
48,13,41,0,48,95,30,65
48,14,4,0,33,100,30,65
48,15,31,0,33,105,20,65
48,16,21,1,33,110,5,65
48,17,36,1,33,115,5,60
48,18,9,0,28,115,5,65
48,19,45,0,28,115,5,70
48,20,7,0,13,120,5,70
48,21,46,0,6,120,5,75
48,22,10,1,26,120,-5,75
48,23,26,1,36,120,-10,75
48,24,14,0,36,120,-10,80
48,25,5,1,41,120,-20,80
48,26,17,0,21,130,-20,80
48,27,25,1,21,135,-30,80
48,28,2,0,11,135,-25,80
48,29,44,1,16,135,-25,80
48,30,16,1,16,135,-35,80
48,31,8,1,6,135,-35,85
48,32,36,0,6,130,-35,87
48,33,10,0,1,135,-35,87
48,34,9,0,-4,135,-35,92
48,35,21,1,-4,140,-50,92
48,36,1,0,6,140,-65,92
48,37,4,0,-9,145,-65,92
48,38,23,1,1,145,-70,92
48,39,11,0,-4,145,-70,94
48,40,25,1,-4,150,-80,94
48,41,15,0,16,145,-80,94
48,42,22,1,16,150,-90,94
48,43,14,1,16,155,-90,94
48,44,5,1,21,155,-100,94
48,45,38,0,16,160,-100,94
48,46,43,1,16,160,-95,79
48,47,42,1,16,165,-95,79
48,48,36,1,16,170,-95,74
48,49,20,0,11,170,-80,74
48,50,11,0,6,170,-80,76
48,51,29,0,-4,170,-75,76
48,52,9,0,-9,170,-75,81
48,53,41,0,-19,180,-75,81
48,54,6,0,-9,180,-80,81
48,55,25,0,-9,175,-70,81
48,56,3,0,6,175,-75,81
48,57,45,0,6,175,-75,86
48,58,4,1,16,175,-75,81
48,59,15,0,36,170,-75,81
48,60,2,0,26,170,-70,81
48,61,22,0,21,170,-65,81
48,62,17,1,6,170,-55,81
48,63,14,1,6,175,-55,81
48,64,13,0,6,175,-55,86
48,65,16,0,-4,180,-55,86
48,66,42,0,-12,180,-55,96
48,67,24,0,-17,180,-50,96
48,68,10,0,-22,185,-50,96
48,69,39,0,-29,190,-50,96
48,70,21,1,-29,195,-65,96
48,71,19,0,-49,195,-55,106
48,72,25,0,-49,190,-45,106
48,73,7,0,-64,195,-45,106
48,74,48,0,-74,195,-45,111
48,75,8,0,-74,200,-55,111
48,76,23,1,-64,200,-60,111
48,77,2,1,-59,200,-70,111
48,78,30,1,-59,200,-60,111
48,79,28,1,-49,200,-60,111
48,80,11,0,-54,200,-60,113
48,81,43,1,-54,200,-55,98
48,82,22,1,-54,205,-65,98
48,83,42,1,-54,210,-65,98
48,84,14,1,-54,215,-65,98
48,85,20,0,-59,215,-50,98
48,86,17,1,-74,215,-40,98
48,87,27,1,-74,220,-45,98
48,88,9,1,-69,220,-45,98
48,89,3,0,-54,220,-50,98
48,90,26,0,-59,220,-50,103
48,91,15,1,-59,225,-50,103
48,92,40,0,-59,235,-60,103
48,93,24,0,-64,235,-55,103
48,94,48,0,-74,235,-55,108
48,95,4,1,-64,235,-55,103
48,96,28,0,-74,235,-45,103
48,97,2,0,-84,235,-40,103
48,98,1,0,-74,235,-55,103
48,99,41,1,-69,225,-55,103
49,0,45,1,50,55,50,50
49,1,11,1,55,55,50,50
49,2,10,0,50,60,50,50
49,3,27,0,60,45,50,50
49,4,16,0,50,50,50,50
49,5,8,1,40,50,50,55
49,6,13,0,40,50,50,60
49,7,14,1,40,55,50,60
49,8,31,0,40,60,40,60
49,9,1,1,32,60,45,60
49,10,5,1,37,60,35,60
49,11,43,1,37,60,40,45
49,12,40,0,37,70,30,45
49,13,38,0,32,75,30,45
49,14,23,0,27,65,30,50
49,15,42,0,19,65,30,60
49,16,27,1,19,70,25,60
49,17,39,0,12,75,25,60
49,18,22,1,12,80,15,60
49,19,12,0,7,90,15,60
49,20,29,0,-3,90,20,60
49,21,6,0,7,90,15,60
49,22,11,0,2,90,15,62
49,23,2,1,7,90,5,62
49,24,15,0,27,85,5,62
49,25,13,1,32,90,5,62
49,26,5,0,27,90,10,62
49,27,47,1,27,90,10,77
49,28,20,0,22,90,25,77
49,29,45,1,22,95,25,77
49,30,36,0,22,90,25,79
49,31,1,0,32,90,10,79
49,32,3,0,47,90,5,79
49,33,9,1,52,90,5,79
49,34,40,0,52,100,-5,79
49,35,6,1,44,100,-5,84
49,36,30,0,44,100,-15,94
49,37,25,0,44,95,-5,94
49,38,21,1,44,100,-20,94
49,39,16,0,34,105,-20,94
49,40,22,0,29,105,-15,94
49,41,7,0,14,110,-15,94
49,42,2,1,19,110,-25,94
49,43,12,0,14,120,-25,94
49,44,26,1,24,120,-30,94
49,45,1,1,16,120,-25,94
49,46,41,1,21,110,-25,94
49,47,3,0,36,110,-30,94
49,48,6,0,46,110,-35,94
49,49,10,1,66,110,-45,94
49,50,13,1,71,115,-45,94
49,51,38,0,66,120,-45,94
49,52,36,1,66,125,-45,89
49,53,20,1,66,130,-60,89
49,54,15,0,86,125,-60,89
49,55,4,1,96,125,-60,84
49,56,46,1,101,125,-60,79
49,57,1,1,93,125,-55,79
49,58,5,0,88,125,-50,79
49,59,14,0,88,125,-50,84
49,60,44,0,88,125,-40,89
49,61,16,0,78,130,-40,89
49,62,45,1,78,135,-40,89
49,63,10,1,98,135,-50,89
49,64,28,1,108,135,-50,89
49,65,42,1,108,140,-50,89
49,66,23,0,103,130,-50,94
49,67,11,1,108,130,-50,94
49,68,27,1,108,135,-55,94
49,69,20,1,108,140,-70,94
49,70,15,1,108,145,-70,94
49,71,32,1,108,135,-55,94
49,72,3,0,123,135,-60,94
49,73,33,1,123,140,-60,94
49,74,37,0,111,150,-60,94
49,75,41,0,101,160,-60,94
49,76,4,1,111,160,-60,89
49,77,45,1,111,165,-60,89
49,78,9,1,116,165,-60,89
49,79,16,1,116,165,-70,89
49,80,12,1,121,165,-70,89
49,81,10,1,141,165,-80,89
49,82,18,0,116,165,-80,99
49,83,26,0,111,165,-80,104
49,84,3,1,104,165,-80,109
49,85,5,0,99,165,-75,109
49,86,29,1,99,180,-95,109
49,87,2,1,104,180,-105,109
49,88,15,1,104,185,-105,109
49,89,20,1,104,190,-120,109
49,90,36,0,104,185,-120,111
49,91,22,1,104,190,-130,111
49,92,47,1,104,190,-130,126
49,93,16,1,104,190,-140,126
49,94,11,1,109,190,-140,126
49,95,14,1,109,195,-140,126
49,96,34,1,124,195,-140,126
49,97,35,0,124,203,-155,126
49,98,9,0,119,203,-155,131
49,99,5,1,124,203,-165,131
50,0,13,1,55,55,50,50
50,1,39,1,60,55,50,45
50,2,20,0,55,55,65,45
50,3,2,0,45,55,70,45
50,4,24,0,40,55,75,45
50,5,12,0,35,65,75,45
50,6,3,0,50,65,70,45
50,7,38,0,45,70,70,45
50,8,22,1,45,75,60,45
50,9,41,0,35,85,60,45
50,10,16,1,35,85,50,45
50,11,31,1,35,85,60,45
50,12,29,0,25,85,65,45
50,13,6,1,17,85,65,50
50,14,26,1,27,85,60,50
50,15,36,0,27,80,60,52
50,16,40,0,27,90,50,52
50,17,4,0,12,95,50,52
50,18,19,1,27,95,50,52
50,19,15,0,47,90,50,52
50,20,13,1,52,95,50,52
50,21,5,0,47,95,55,52
50,22,41,0,37,105,55,52
50,23,11,0,32,105,55,54
50,24,16,1,32,105,45,54
50,25,22,1,32,110,35,54
50,26,14,0,32,110,35,59
50,27,44,0,32,110,45,64
50,28,20,1,32,115,30,64
50,29,9,0,27,115,30,69
50,30,29,0,17,115,35,69
50,31,26,0,12,115,35,74
50,32,48,0,2,115,35,79
50,33,15,1,2,120,35,79
50,34,42,1,2,125,35,79
50,35,2,0,-8,125,40,79
50,36,13,0,-8,125,40,84
50,37,23,1,2,125,35,84
50,38,32,1,2,115,50,84
50,39,33,1,2,120,50,84
50,40,5,1,7,120,40,84
50,41,10,0,2,125,40,84
50,42,29,0,-8,125,45,84
50,43,27,1,-8,130,40,84
50,44,14,0,-8,130,40,89
50,45,12,1,-3,130,40,89
50,46,11,0,-8,130,40,91
50,47,47,1,-8,130,40,106
50,48,16,0,-18,135,40,106
50,49,15,0,2,130,40,106
50,50,21,1,2,135,25,106
50,51,37,1,12,135,25,106
50,52,9,1,17,135,25,106
50,53,6,1,9,135,25,111
50,54,5,1,14,135,15,111
50,55,25,1,14,140,5,111
50,56,41,0,4,150,5,111
50,57,10,1,24,150,-5,111
50,58,26,1,34,150,-10,111
50,59,45,0,34,150,-10,116
50,60,13,1,39,155,-10,116
50,61,7,1,44,155,-10,111
50,62,2,0,34,155,-5,111
50,63,3,0,49,155,-10,111
50,64,34,0,49,140,5,111
50,65,43,0,69,140,-5,111
50,66,4,0,54,145,-5,111
50,67,23,0,49,135,-5,116
50,68,8,0,49,140,-15,116
50,69,6,1,41,140,-15,121
50,70,41,1,46,130,-15,121
50,71,16,1,46,130,-25,121
50,72,44,1,51,130,-25,121
50,73,40,0,51,140,-35,121
50,74,20,0,46,140,-20,121
50,75,9,0,41,140,-20,126
50,76,29,0,31,140,-15,126
50,77,47,0,56,140,-15,126
50,78,36,1,56,145,-15,121
50,79,2,0,46,145,-10,121
50,80,26,1,56,145,-15,121
50,81,41,1,61,135,-15,121
50,82,27,1,61,140,-20,121
50,83,10,1,81,140,-30,121
50,84,11,0,76,140,-30,123
50,85,12,0,71,150,-30,123
50,86,39,1,76,150,-30,118
50,87,15,1,76,155,-30,118
50,88,14,1,76,160,-30,118
50,89,16,1,76,160,-40,118
50,90,7,1,81,160,-40,113
50,91,9,0,76,160,-40,118
50,92,29,1,76,175,-60,118
50,93,25,1,76,180,-70,118
50,94,41,1,81,170,-70,118
50,95,4,0,66,175,-70,118
50,96,35,0,66,183,-85,118
50,97,22,0,61,183,-80,118
50,98,12,0,56,193,-80,118
50,99,20,0,51,193,-65,118
51,0,23,1,60,50,45,50
51,1,27,1,60,55,40,50
51,2,1,1,52,55,45,50
51,3,7,0,37,60,45,50
51,4,20,0,32,60,60,50
51,5,31,1,32,60,70,50
51,6,12,0,27,70,70,50
51,7,41,1,32,60,70,50
51,8,25,0,32,55,80,50
51,9,3,1,25,55,80,55
51,10,4,0,10,60,80,55
51,11,13,0,10,60,80,60
51,12,48,1,10,65,80,50
51,13,44,1,15,65,80,50
51,14,36,1,15,70,80,45
51,15,27,1,15,75,75,45
51,16,1,0,25,75,60,45
51,17,43,0,45,75,50,45
51,18,23,0,40,65,50,50
51,19,9,1,45,65,50,50
51,20,5,0,40,65,55,50
51,21,14,1,40,70,55,50
51,22,25,0,40,65,65,50
51,23,22,1,40,70,55,50
51,24,15,0,60,65,55,50
51,25,26,0,55,65,55,55
51,26,42,0,47,65,55,65
51,27,12,1,52,65,55,65
51,28,17,1,37,65,65,65
51,29,3,1,30,65,65,70
51,30,7,0,15,70,65,70
51,31,20,1,15,75,50,70
51,32,27,1,15,80,45,70
51,33,16,0,5,85,45,70
51,34,41,0,-5,95,45,70
51,35,9,1,0,95,45,70
51,36,29,1,0,110,25,70
51,37,45,1,0,115,25,70
51,38,13,1,5,120,25,70
51,39,28,0,-5,120,35,70
51,40,4,1,5,120,35,65
51,41,38,0,0,125,35,65
51,42,24,1,5,125,35,65
51,43,22,0,0,125,40,65
51,44,15,0,20,120,40,65
51,45,6,1,12,120,40,70
51,46,32,0,12,125,25,70
51,47,37,1,22,125,25,70
51,48,29,1,22,140,5,70
51,49,23,1,32,140,0,70
51,50,41,0,22,150,0,70
51,51,10,0,17,155,0,70
51,52,43,0,37,155,-10,70
51,53,2,0,27,155,-5,70
51,54,3,1,20,155,-5,75
51,55,9,1,25,155,-5,75
51,56,28,1,35,155,-5,75
51,57,27,1,35,160,-10,75
51,58,33,1,35,165,-10,75
51,59,12,1,40,165,-10,75
51,60,45,1,40,170,-10,75
51,61,38,0,35,175,-10,75
51,62,20,0,30,175,5,75
51,63,22,0,25,175,10,75
51,64,13,1,30,180,10,75
51,65,46,0,23,180,10,80
51,66,47,1,23,180,10,95
51,67,16,0,13,185,10,95
51,68,3,0,28,185,5,95
51,69,2,0,18,185,10,95
51,70,15,0,38,180,10,95
51,71,44,0,38,180,20,100
51,72,11,0,33,180,20,102
51,73,26,0,28,180,20,107
51,74,19,0,8,180,30,117
51,75,21,0,3,180,45,117
51,76,28,1,13,180,45,117
51,77,7,0,-2,185,45,117
51,78,43,1,-2,185,50,102
51,79,29,1,-2,200,30,102
51,80,16,0,-12,205,30,102
51,81,12,0,-17,215,30,102
51,82,25,0,-17,210,40,102
51,83,1,1,-25,210,45,102
51,84,40,0,-25,220,35,102
51,85,11,1,-20,220,35,102
51,86,34,0,-20,205,50,102
51,87,30,0,-20,205,40,112
51,88,14,0,-20,205,40,117
51,89,42,1,-20,210,40,117
51,90,41,0,-30,220,40,117
51,91,28,1,-20,220,40,117
51,92,27,1,-20,225,35,117
51,93,22,0,-25,225,40,117
51,94,15,1,-25,230,40,117
51,95,7,1,-20,230,40,112
51,96,10,0,-25,235,40,112
51,97,20,1,-25,240,25,112
51,98,2,0,-35,240,30,112
51,99,3,1,-42,240,30,117
52,0,5,1,55,50,40,50
52,1,30,0,55,50,30,60
52,2,39,0,48,55,30,60
52,3,12,0,43,65,30,60
52,4,16,1,43,65,20,60
52,5,4,0,28,70,20,60
52,6,1,1,20,70,25,60
52,7,22,0,15,70,30,60
52,8,17,0,-5,80,30,60
52,9,13,0,-5,80,30,65
52,10,31,0,-5,85,20,65
52,11,2,1,0,85,10,65
52,12,32,1,0,75,25,65
52,13,33,0,30,75,25,65
52,14,27,1,30,80,20,65
52,15,28,1,40,80,20,65
52,16,12,0,35,90,20,65
52,17,41,0,25,100,20,65
52,18,26,0,20,100,20,70
52,19,25,1,20,105,10,70
52,20,11,1,25,105,10,70
52,21,1,1,17,105,15,70
52,22,6,0,27,105,10,70
52,23,3,1,20,105,10,75
52,24,37,0,8,115,10,75
52,25,20,1,8,120,-5,75
52,26,8,0,8,125,-15,75
52,27,45,0,8,125,-15,80
52,28,30,1,8,125,-5,80
52,29,23,1,18,125,-10,80
52,30,16,1,18,125,-20,80
52,31,29,0,8,125,-15,80
52,32,14,1,8,130,-15,80
52,33,36,1,8,135,-15,75
52,34,22,0,3,135,-10,75
52,35,13,1,8,140,-10,75
52,36,46,0,1,140,-10,80
52,37,27,1,1,145,-15,80
52,38,17,1,-14,145,-5,80
52,39,2,0,-24,145,0,80
52,40,11,0,-29,145,0,82
52,41,7,1,-24,145,0,77
52,42,43,0,-4,145,-10,77
52,43,25,1,-4,150,-20,77
52,44,41,0,-14,160,-20,77
52,45,5,1,-9,160,-30,77
52,46,3,1,-16,160,-30,82
52,47,42,0,-24,160,-30,92
52,48,37,0,-36,170,-30,92
52,49,40,0,-36,180,-40,92
52,50,12,0,-41,190,-40,92
52,51,1,1,-49,190,-35,92
52,52,14,1,-49,195,-35,92
52,53,34,0,-49,180,-20,92
52,54,11,0,-54,180,-20,94
52,55,26,0,-59,180,-20,99
52,56,16,1,-59,180,-30,99
52,57,39,1,-54,180,-30,94
52,58,3,0,-39,180,-35,94
52,59,24,1,-34,180,-35,94
52,60,5,0,-39,180,-30,94
52,61,13,0,-39,180,-30,99
52,62,9,1,-34,180,-30,99
52,63,6,0,-24,180,-35,99
52,64,7,0,-39,185,-35,99
52,65,46,0,-46,185,-35,104
52,66,25,0,-46,180,-25,104
52,67,1,0,-36,180,-40,104
52,68,26,0,-41,180,-40,109
52,69,22,0,-46,180,-35,109
52,70,20,0,-51,180,-20,109
52,71,8,0,-51,185,-30,109
52,72,37,1,-41,185,-30,109
52,73,18,1,-31,185,-30,109
52,74,43,1,-31,185,-25,94
52,75,5,1,-26,185,-35,94
52,76,13,0,-26,185,-35,99
52,77,45,1,-26,190,-35,99
52,78,46,1,-21,190,-35,94
52,79,47,1,-21,190,-35,109
52,80,23,1,-11,190,-40,109
52,81,25,0,-11,185,-30,109
52,82,4,0,-26,190,-30,109
52,83,27,0,-16,175,-30,109
52,84,9,1,-11,175,-30,109
52,85,41,1,-6,165,-30,109
52,86,19,1,9,165,-30,109
52,87,39,0,2,170,-30,109
52,88,48,0,-8,170,-30,114
52,89,22,1,-8,175,-40,114
52,90,12,0,-13,185,-40,114
52,91,13,1,-8,190,-40,114
52,92,11,0,-13,190,-40,116
52,93,6,0,-3,190,-45,116
52,94,35,0,-3,198,-60,116
52,95,46,0,-10,198,-60,121
52,96,10,1,10,198,-70,121
52,97,1,1,2,198,-65,121
52,98,47,1,2,198,-65,136
52,99,23,1,12,198,-70,136
53,0,39,0,43,55,50,50
53,1,31,1,43,55,60,50
53,2,32,0,43,60,45,50
53,3,5,0,38,60,50,50
53,4,36,0,38,55,50,52
53,5,23,1,48,55,45,52
53,6,47,1,48,55,45,67
53,7,33,1,48,60,45,67
53,8,29,1,48,75,25,67
53,9,14,0,48,75,25,72
53,10,9,1,53,75,25,72
53,11,12,0,48,85,25,72
53,12,3,0,63,85,20,72
53,13,44,0,63,85,30,77
53,14,46,1,68,85,30,72
53,15,15,0,88,80,30,72
53,16,22,0,83,80,35,72
53,17,6,0,93,80,30,72
53,18,16,0,83,85,30,72
53,19,41,0,73,95,30,72
53,20,34,0,73,80,45,72
53,21,12,1,78,80,45,72
53,22,23,1,88,80,40,72
53,23,48,1,88,85,40,62
53,24,20,1,88,90,25,62
53,25,4,1,98,90,25,57
53,26,3,1,91,90,25,62
53,27,15,0,111,85,25,62
53,28,42,0,103,85,25,72
53,29,13,0,103,85,25,77
53,30,35,0,103,93,10,77
53,31,46,0,96,93,10,82
53,32,45,0,96,93,10,87
53,33,24,0,91,93,15,87
53,34,5,0,86,93,20,87
53,35,28,1,96,93,20,87
53,36,25,0,96,88,30,87
53,37,19,1,111,88,30,87
53,38,9,0,106,88,30,92
53,39,17,1,91,88,40,92
53,40,47,0,116,88,40,92
53,41,40,1,116,78,50,92
53,42,1,1,108,78,55,92
53,43,37,0,96,88,55,92
53,44,22,1,96,93,45,92
53,45,2,1,101,93,35,92
53,46,14,1,101,98,35,92
53,47,20,1,101,103,20,92
53,48,42,0,93,103,20,102
53,49,11,1,98,103,20,102
53,50,6,1,90,103,20,107
53,51,5,1,95,103,10,107
53,52,10,0,90,108,10,107
53,53,13,1,95,113,10,107
53,54,3,1,88,113,10,112
53,55,38,1,93,113,10,112
53,56,39,0,86,118,10,112
53,57,4,0,71,123,10,112
53,58,40,0,71,133,0,112
53,59,36,1,71,138,0,107
53,60,11,0,66,138,0,109
53,61,44,0,66,138,10,114
53,62,26,0,61,138,10,119
53,63,48,0,51,138,10,124
53,64,14,1,51,143,10,124
53,65,28,0,41,143,20,124
53,66,42,1,41,148,20,124
53,67,12,0,36,158,20,124
53,68,43,0,56,158,10,124
53,69,5,1,61,158,0,124
53,70,24,0,56,158,5,124
53,71,17,0,36,168,5,124
53,72,4,1,46,168,5,119
53,73,2,0,36,168,10,119
53,74,38,1,41,168,10,119
53,75,46,1,46,168,10,114
53,76,1,0,56,168,-5,114
53,77,10,1,76,168,-15,114
53,78,6,1,68,168,-15,119
53,79,23,1,78,168,-20,119
53,80,27,0,88,153,-20,119
53,81,47,1,88,153,-20,134
53,82,12,0,83,163,-20,134
53,83,41,1,88,153,-20,134
53,84,39,0,81,158,-20,134
53,85,36,0,81,153,-20,136
53,86,14,1,81,158,-20,136
53,87,24,0,76,158,-15,136
53,88,15,1,76,163,-15,136
53,89,22,0,71,163,-10,136
53,90,2,0,61,163,-5,136
53,91,1,1,53,163,0,136
53,92,4,1,63,163,0,131
53,93,25,0,63,158,10,131
53,94,3,1,56,158,10,136
53,95,13,0,56,158,10,141
53,96,48,1,56,163,10,131
53,97,11,1,61,163,10,131
53,98,21,1,61,168,-5,131
53,99,47,0,86,168,-5,131
54,0,26,1,60,50,45,50
54,1,4,0,45,55,45,50
54,2,3,0,60,55,40,50
54,3,41,1,65,45,40,50
54,4,45,0,65,45,40,55
54,5,20,1,65,50,25,55
54,6,1,0,75,50,10,55
54,7,25,1,75,55,0,55
54,8,22,1,75,60,-10,55
54,9,10,1,95,60,-20,55
54,10,21,0,90,60,-5,55
54,11,29,1,90,75,-25,55
54,12,36,0,90,70,-25,57
54,13,28,1,100,70,-25,57
54,14,13,0,100,70,-25,62
54,15,43,1,100,70,-20,47
54,16,3,1,93,70,-20,52
54,17,37,1,103,70,-20,52
54,18,15,1,103,75,-20,52
54,19,14,1,103,80,-20,52
54,20,46,0,96,80,-20,57
54,21,4,0,81,85,-20,57
54,22,1,0,91,85,-35,57
54,23,30,0,91,85,-45,67
54,24,31,1,91,85,-35,67
54,25,25,1,91,90,-45,67
54,26,45,0,91,90,-45,72
54,27,17,1,76,90,-35,72
54,28,41,1,81,80,-35,72
54,29,2,0,71,80,-30,72
54,30,32,0,71,85,-45,72
54,31,16,0,61,90,-45,72
54,32,20,0,56,90,-30,72
54,33,7,1,61,90,-30,67
54,34,8,0,61,95,-40,67
54,35,14,0,61,95,-40,72
54,36,9,1,66,95,-40,72
54,37,11,0,61,95,-40,74
54,38,46,1,66,95,-40,69
54,39,39,0,59,100,-40,69
54,40,4,1,69,100,-40,64
54,41,33,1,69,105,-40,64
54,42,10,0,64,110,-40,64
54,43,13,1,69,115,-40,64
54,44,30,0,69,115,-50,74
54,45,42,0,61,115,-50,84
54,46,41,0,51,125,-50,84
54,47,40,0,51,135,-60,84
54,48,16,1,51,135,-70,84
54,49,27,1,51,140,-75,84
54,50,46,0,44,140,-75,89
54,51,12,0,39,150,-75,89
54,52,14,1,39,155,-75,89
54,53,10,0,34,160,-75,89
54,54,5,1,39,160,-85,89
54,55,45,0,39,160,-85,94
54,56,15,0,59,155,-85,94
54,57,11,1,64,155,-85,94
54,58,43,0,84,155,-95,94
54,59,18,0,59,155,-95,104
54,60,29,1,59,170,-115,104
54,61,34,0,59,155,-100,104
54,62,42,1,59,160,-100,104
54,63,12,1,64,160,-100,104
54,64,6,1,56,160,-100,109
54,65,3,1,49,160,-100,114
54,66,2,0,39,160,-95,114
54,67,35,0,39,168,-110,114
54,68,21,0,34,168,-95,114
54,69,40,0,34,178,-105,114
54,70,20,0,29,178,-90,114
54,71,46,1,34,178,-90,109
54,72,11,0,29,178,-90,111
54,73,44,0,29,178,-80,116
54,74,9,1,34,178,-80,116
54,75,12,0,29,188,-80,116
54,76,10,1,49,188,-90,116
54,77,1,0,59,188,-105,116
54,78,36,1,59,193,-105,111
54,79,13,0,59,193,-105,116
54,80,37,0,47,203,-105,116
54,81,6,0,57,203,-110,116
54,82,29,1,57,218,-130,116
54,83,46,0,50,218,-130,121
54,84,38,0,45,223,-130,121
54,85,19,0,25,223,-120,131
54,86,24,1,30,223,-120,131
54,87,3,0,45,223,-125,131
54,88,25,1,45,228,-135,131
54,89,17,1,30,228,-125,131
54,90,43,0,50,228,-135,131
54,91,28,0,40,228,-125,131
54,92,39,0,33,233,-125,131
54,93,21,1,33,238,-140,131
54,94,5,0,28,238,-135,131
54,95,1,1,20,238,-130,131
54,96,6,0,30,238,-135,131
54,97,46,0,23,238,-135,136
54,98,14,1,23,243,-135,136
54,99,15,1,23,248,-135,136
55,0,2,0,40,50,55,50
55,1,20,0,35,50,70,50
55,2,18,1,45,50,70,50
55,3,19,1,60,50,70,50
55,4,43,0,80,50,60,50
55,5,28,1,90,50,60,50
55,6,25,1,90,55,50,50
55,7,17,1,75,55,60,50
55,8,7,1,80,55,60,45
55,9,21,1,80,60,45,45
55,10,29,1,80,75,25,45
55,11,13,1,85,80,25,45
55,12,31,1,85,80,35,45
55,13,4,0,70,85,35,45
55,14,1,0,80,85,20,45
55,15,11,1,85,85,20,45
55,16,15,1,85,90,20,45
55,17,22,1,85,95,10,45
55,18,8,0,85,100,0,45
55,19,25,1,85,105,-10,45
55,20,26,0,80,105,-10,50
55,21,24,0,75,105,-5,50
55,22,36,1,75,110,-5,45
55,23,46,1,80,110,-5,40
55,24,42,1,80,115,-5,40
55,25,9,1,85,115,-5,40
55,26,37,1,95,115,-5,40
55,27,5,1,100,115,-15,40
55,28,15,1,100,120,-15,40
55,29,7,0,85,125,-15,40
55,30,10,0,80,130,-15,40
55,31,1,1,72,130,-10,40
55,32,16,1,72,130,-20,40
55,33,11,0,67,130,-20,42
55,34,17,0,47,140,-20,42
55,35,22,0,42,140,-15,42
55,36,29,0,32,140,-10,42
55,37,13,1,37,145,-10,42
55,38,12,1,42,145,-10,42
55,39,15,1,42,150,-10,42
55,40,8,0,42,155,-20,42
55,41,37,1,52,155,-20,42
55,42,5,0,47,155,-15,42
55,43,39,0,40,160,-15,42
55,44,10,1,60,160,-25,42
55,45,25,0,60,155,-15,42
55,46,3,1,53,155,-15,47
55,47,44,0,53,155,-5,52
55,48,9,1,58,155,-5,52
55,49,2,1,63,155,-15,52
55,50,22,0,58,155,-10,52
55,51,27,1,58,160,-15,52
55,52,8,1,48,160,-15,57
55,53,46,1,53,160,-15,52
55,54,18,1,63,160,-15,52
55,55,23,1,73,160,-20,52
55,56,14,1,73,165,-20,52
55,57,17,1,58,165,-10,52
55,58,15,1,58,170,-10,52
55,59,13,1,63,175,-10,52
55,60,26,0,58,175,-10,57
55,61,1,0,68,175,-25,57
55,62,11,1,73,175,-25,57
55,63,28,0,63,175,-15,57
55,64,4,0,48,180,-15,57
55,65,7,1,53,180,-15,52
55,66,5,0,48,180,-10,52
55,67,12,0,43,190,-10,52
55,68,9,0,38,190,-10,57
55,69,43,1,38,190,-5,42
55,70,20,1,38,195,-20,42
55,71,22,1,38,200,-30,42
55,72,47,0,63,200,-30,42
55,73,19,0,43,200,-20,52
55,74,44,1,48,200,-20,52
55,75,6,0,58,200,-25,52
55,76,32,1,58,190,-10,52
55,77,40,1,58,180,0,52
55,78,3,1,51,180,0,57
55,79,26,1,61,180,-5,57
55,80,14,1,61,185,-5,57
55,81,10,0,56,190,-5,57
55,82,24,0,51,190,0,57
55,83,23,1,61,190,-5,57
55,84,27,1,61,195,-10,57
55,85,4,0,46,200,-10,57
55,86,17,0,26,210,-10,57
55,87,48,0,16,210,-10,62
55,88,20,1,16,215,-25,62
55,89,36,0,16,210,-25,64
55,90,25,0,16,205,-15,64
55,91,13,0,16,205,-15,69
55,92,11,0,11,205,-15,71
55,93,33,0,41,205,-15,71
55,94,44,0,41,205,-5,76
55,95,26,0,36,205,-5,81
55,96,40,1,36,195,5,81
55,97,12,0,31,205,5,81
55,98,2,1,36,205,-5,81
55,99,4,0,21,210,-5,81
56,0,31,0,50,55,40,50
56,1,8,0,50,60,30,50
56,2,45,0,50,60,30,55
56,3,1,1,42,60,35,55
56,4,5,1,47,60,25,55
56,5,10,0,42,65,25,55
56,6,25,1,42,70,15,55
56,7,12,1,47,70,15,55
56,8,2,0,37,70,20,55
56,9,37,1,47,70,20,55
56,10,16,0,37,75,20,55
56,11,46,1,42,75,20,50
56,12,7,1,47,75,20,45
56,13,24,0,42,75,25,45
56,14,21,1,42,80,10,45
56,15,36,1,42,85,10,40
56,16,17,1,27,85,20,40
56,17,9,0,22,85,20,45
56,18,43,0,42,85,10,45
56,19,29,0,32,85,15,45
56,20,42,1,32,90,15,45
56,21,22,1,32,95,5,45
56,22,44,0,32,95,15,50
56,23,19,1,47,95,15,50
56,24,11,0,42,95,15,52
56,25,13,0,42,95,15,57
56,26,41,0,32,105,15,57
56,27,16,0,22,110,15,57
56,28,5,0,17,110,20,57
56,29,25,0,17,105,30,57
56,30,26,0,12,105,30,62
56,31,24,0,7,105,35,62
56,32,39,1,12,105,35,57
56,33,37,0,0,115,35,57
56,34,40,1,0,105,45,57
56,35,11,1,5,105,45,57
56,36,1,0,15,105,30,57
56,37,18,0,-10,105,30,67
56,38,23,0,-15,95,30,72
56,39,4,1,-5,95,30,67
56,40,32,0,-5,100,15,67
56,41,47,1,-5,100,15,82
56,42,26,0,-10,100,15,87
56,43,12,0,-15,110,15,87
56,44,16,1,-15,110,5,87
56,45,9,1,-10,110,5,87
56,46,10,0,-15,115,5,87
56,47,2,0,-25,115,10,87
56,48,33,1,-25,120,10,87
56,49,8,0,-25,125,0,87
56,50,24,0,-30,125,5,87
56,51,5,0,-35,125,10,87
56,52,25,0,-35,120,20,87
56,53,20,1,-35,125,5,87
56,54,4,0,-50,130,5,87
56,55,37,1,-40,130,5,87
56,56,48,1,-40,135,5,77
56,57,3,1,-47,135,5,82
56,58,41,0,-57,145,5,82
56,59,7,1,-52,145,5,77
56,60,42,1,-52,150,5,77
56,61,10,0,-57,155,5,77
56,62,46,0,-64,155,5,82
56,63,44,1,-59,155,5,82
56,64,5,0,-64,155,10,82
56,65,39,0,-71,160,10,82
56,66,14,0,-71,160,10,87
56,67,4,1,-61,160,10,82
56,68,9,1,-56,160,10,82
56,69,40,0,-56,170,0,82
56,70,43,1,-56,170,5,67
56,71,19,1,-41,170,5,67
56,72,13,0,-41,170,5,72
56,73,2,1,-36,170,-5,72
56,74,12,1,-31,170,-5,72
56,75,16,1,-31,170,-15,72
56,76,10,0,-36,175,-15,72
56,77,45,1,-36,180,-15,72
56,78,5,1,-31,180,-25,72
56,79,38,0,-36,185,-25,72
56,80,3,1,-43,185,-25,77
56,81,11,0,-48,185,-25,79
56,82,28,0,-58,185,-15,79
56,83,36,0,-58,180,-15,81
56,84,24,1,-53,180,-15,81
56,85,42,0,-61,180,-15,91
56,86,4,0,-76,185,-15,91
56,87,14,1,-76,190,-15,91
56,88,12,0,-81,200,-15,91
56,89,7,1,-76,200,-15,86
56,90,16,0,-86,205,-15,86
56,91,20,0,-91,205,0,86
56,92,6,1,-99,205,0,91
56,93,23,0,-104,195,0,96
56,94,15,0,-84,190,0,96
56,95,25,1,-84,195,-10,96
56,96,40,1,-84,185,0,96
56,97,24,0,-89,185,5,96
56,98,13,0,-89,185,5,101
56,99,5,0,-94,185,10,101
57,0,16,0,40,55,50,50
57,1,12,0,35,65,50,50
57,2,5,1,40,65,40,50
57,3,31,1,40,65,50,50
57,4,42,0,32,65,50,60
57,5,1,0,42,65,35,60
57,6,14,0,42,65,35,65
57,7,8,0,42,70,25,65
57,8,45,0,42,70,25,70
57,9,13,0,42,70,25,75
57,10,48,0,32,70,25,80
57,11,22,0,27,70,30,80
57,12,2,1,32,70,20,80
57,13,26,1,42,70,15,80
57,14,38,1,47,70,15,80
57,15,4,0,32,75,15,80
57,16,11,1,37,75,15,80
57,17,3,0,52,75,10,80
57,18,20,1,52,80,-5,80
57,19,44,1,57,80,-5,80
57,20,5,0,52,80,0,80
57,21,15,0,72,75,0,80
57,22,16,1,72,75,-10,80
57,23,45,0,72,75,-10,85
57,24,40,1,72,65,0,85
57,25,21,1,72,70,-15,85
57,26,14,0,72,70,-15,90
57,27,12,0,67,80,-15,90
57,28,23,0,62,70,-15,95
57,29,3,0,77,70,-20,95
57,30,38,1,82,70,-20,95
57,31,7,0,67,75,-20,95
57,32,15,0,87,70,-20,95
57,33,8,1,77,70,-20,100
57,34,19,0,57,70,-10,110
57,35,1,0,67,70,-25,110
57,36,16,0,57,75,-25,110
57,37,41,0,47,85,-25,110
57,38,2,1,52,85,-35,110
57,39,10,0,47,90,-35,110
57,40,20,1,47,95,-50,110
57,41,11,1,52,95,-50,110
57,42,27,0,62,80,-50,110
57,43,3,1,55,80,-50,115
57,44,12,0,50,90,-50,115
57,45,25,0,50,85,-40,115
57,46,40,1,50,75,-30,115
57,47,41,0,40,85,-30,115
57,48,8,0,40,90,-40,115
57,49,15,1,40,95,-40,115
57,50,38,1,45,95,-40,115
57,51,21,1,45,100,-55,115
57,52,1,0,55,100,-70,115
57,53,22,0,50,100,-65,115
57,54,45,1,50,105,-65,115
57,55,39,0,43,110,-65,115
57,56,2,0,33,110,-60,115
57,57,14,0,33,110,-60,120
57,58,5,0,28,110,-55,120
57,59,37,0,16,120,-55,120
57,60,12,0,11,130,-55,120
57,61,47,1,11,130,-55,135
57,62,9,0,6,130,-55,140
57,63,29,1,6,145,-75,140
57,64,23,1,16,145,-80,140
57,65,8,1,6,145,-80,145
57,66,16,0,-4,150,-80,145
57,67,20,0,-9,150,-65,145
57,68,3,0,6,150,-70,145
57,69,27,0,16,135,-70,145
57,70,42,0,8,135,-70,155
57,71,14,1,8,140,-70,155
57,72,15,0,28,135,-70,155
57,73,32,1,28,125,-55,155
57,74,13,0,28,125,-55,160
57,75,33,1,28,130,-55,160
57,76,34,1,43,130,-55,160
57,77,17,0,23,140,-55,160
57,78,23,0,18,130,-55,165
57,79,11,1,23,130,-55,165
57,80,26,0,18,130,-55,170
57,81,39,0,11,135,-55,170
57,82,3,1,4,135,-55,175
57,83,16,1,4,135,-65,175
57,84,20,1,4,140,-80,175
57,85,41,1,9,130,-80,175
57,86,12,0,4,140,-80,175
57,87,46,1,9,140,-80,170
57,88,7,1,14,140,-80,165
57,89,45,0,14,140,-80,170
57,90,29,1,14,155,-100,170
57,91,11,0,9,155,-100,172
57,92,25,1,9,160,-110,172
57,93,44,0,9,160,-100,177
57,94,13,0,9,160,-100,182
57,95,26,1,19,160,-105,182
57,96,9,1,24,160,-105,182
57,97,2,0,14,160,-100,182
57,98,14,0,14,160,-100,187
57,99,27,0,24,145,-100,187
58,0,25,1,50,55,40,50
58,1,43,0,70,55,30,50
58,2,11,0,65,55,30,52
58,3,4,1,75,55,30,47
58,4,23,0,70,45,30,52
58,5,41,0,60,55,30,52
58,6,6,0,70,55,25,52
58,7,2,1,75,55,15,52
58,8,37,0,63,65,15,52
58,9,22,1,63,70,5,52
58,10,45,1,63,75,5,52
58,11,5,0,58,75,10,52
58,12,38,0,53,80,10,52
58,13,16,0,43,85,10,52
58,14,20,0,38,85,25,52
58,15,19,0,18,85,35,62
58,16,46,1,23,85,35,57
58,17,44,0,23,85,45,62
58,18,41,0,13,95,45,62
58,19,12,0,8,105,45,62
58,20,31,0,8,110,35,62
58,21,24,0,3,110,40,62
58,22,3,1,-4,110,40,67
58,23,10,0,-9,115,40,67
58,24,4,1,1,115,40,62
58,25,25,0,1,110,50,62
58,26,22,0,-4,110,55,62
58,27,29,0,-14,110,60,62
58,28,11,1,-9,110,60,62
58,29,26,1,1,110,55,62
58,30,13,0,1,110,55,67
58,31,12,1,6,110,55,67
58,32,7,1,11,110,55,62
58,33,14,1,11,115,55,62
58,34,37,0,-1,125,55,62
58,35,10,0,-6,130,55,62
58,36,48,1,-6,135,55,52
58,37,9,1,-1,135,55,52
58,38,24,1,4,135,55,52
58,39,4,0,-11,140,55,52
58,40,25,0,-11,135,65,52
58,41,44,1,-6,135,65,52
58,42,45,0,-6,135,65,57
58,43,15,1,-6,140,65,57
58,44,21,0,-11,140,80,57
58,45,14,0,-11,140,80,62
58,46,22,0,-16,140,85,62
58,47,16,1,-16,140,75,62
58,48,1,0,-6,140,60,62
58,49,20,1,-6,145,45,62
58,50,42,0,-14,145,45,72
58,51,46,0,-21,145,45,77
58,52,36,1,-21,150,45,72
58,53,25,0,-21,145,55,72
58,54,28,0,-31,145,65,72
58,55,11,1,-26,145,65,72
58,56,26,1,-16,145,60,72
58,57,19,0,-36,145,70,82
58,58,6,1,-44,145,70,87
58,59,23,1,-34,145,65,87
58,60,7,1,-29,145,65,82
58,61,38,1,-24,145,65,82
58,62,10,0,-29,150,65,82
58,63,15,0,-9,145,65,82
58,64,3,1,-16,145,65,87
58,65,13,0,-16,145,65,92
58,66,11,1,-11,145,65,92
58,67,14,0,-11,145,65,97
58,68,24,0,-16,145,70,97
58,69,12,1,-11,145,70,97
58,70,16,0,-21,150,70,97
58,71,9,0,-26,150,70,102
58,72,47,1,-26,150,70,117
58,73,7,1,-21,150,70,112
58,74,5,0,-26,150,75,112
58,75,15,0,-6,145,75,112
58,76,2,0,-16,145,80,112
58,77,8,1,-26,145,80,117
58,78,22,1,-26,150,70,117
58,79,10,0,-31,155,70,117
58,80,11,1,-26,155,70,117
58,81,20,0,-31,155,85,117
58,82,16,1,-31,155,75,117
58,83,3,0,-16,155,70,117
58,84,4,0,-31,160,70,117
58,85,25,0,-31,155,80,117
58,86,38,1,-26,155,80,117
58,87,12,1,-21,155,80,117
58,88,45,0,-21,155,80,122
58,89,41,0,-31,165,80,122
58,90,23,1,-21,165,75,122
58,91,9,0,-26,165,75,127
58,92,24,0,-31,165,80,127
58,93,27,1,-31,170,75,127
58,94,14,1,-31,175,75,127
58,95,5,1,-26,175,65,127
58,96,13,1,-21,180,65,127
58,97,44,1,-16,180,65,127
58,98,22,0,-21,180,70,127
58,99,21,1,-21,185,55,127
59,0,31,1,50,50,60,50
59,1,6,1,42,50,60,55
59,2,13,1,47,55,60,55
59,3,44,0,47,55,70,60
59,4,38,0,42,60,70,60
59,5,3,1,35,60,70,65
59,6,14,0,35,60,70,70
59,7,25,1,35,65,60,70
59,8,10,1,55,65,50,70
59,9,46,1,60,65,50,65
59,10,26,1,70,65,45,65
59,11,40,1,70,55,55,65
59,12,7,0,55,60,55,65
59,13,23,1,65,60,50,65
59,14,43,0,85,60,40,65
59,15,6,0,95,60,35,65
59,16,2,0,85,60,40,65
59,17,28,0,75,60,50,65
59,18,37,1,85,60,50,65
59,19,22,0,80,60,55,65
59,20,36,1,80,65,55,60
59,21,5,0,75,65,60,60
59,22,32,0,75,70,45,60
59,23,33,1,75,75,45,60
59,24,15,0,95,70,45,60
59,25,38,1,100,70,45,60
59,26,10,0,95,75,45,60
59,27,26,1,105,75,40,60
59,28,46,0,98,75,40,65
59,29,11,0,93,75,40,67
59,30,3,1,86,75,40,72
59,31,23,0,81,65,40,77
59,32,42,0,73,65,40,87
59,33,9,1,78,65,40,87
59,34,37,0,66,75,40,87
59,35,27,1,66,80,35,87
59,36,15,1,66,85,35,87
59,37,5,1,71,85,25,87
59,38,8,0,71,90,15,87
59,39,41,0,61,100,15,87
59,40,2,1,66,100,5,87
59,41,47,0,91,100,5,87
59,42,43,0,111,100,-5,87
59,43,24,1,116,100,-5,87
59,44,10,1,136,100,-15,87
59,45,16,0,126,105,-15,87
59,46,1,1,118,105,-10,87
59,47,12,1,123,105,-10,87
59,48,15,1,123,110,-10,87
59,49,3,0,138,110,-15,87
59,50,9,1,143,110,-15,87
59,51,23,0,138,100,-15,92
59,52,20,0,133,100,0,92
59,53,42,0,125,100,0,102
59,54,22,0,120,100,5,102
59,55,39,1,125,100,5,97
59,56,41,1,130,90,5,97
59,57,25,1,130,95,-5,97
59,58,26,1,140,95,-10,97
59,59,10,1,160,95,-20,97
59,60,15,1,160,100,-20,97
59,61,6,0,170,100,-25,97
59,62,38,0,165,105,-25,97
59,63,44,0,165,105,-15,102
59,64,43,1,165,105,-10,87
59,65,16,0,155,110,-10,87
59,66,4,0,140,115,-10,87
59,67,41,0,130,125,-10,87
59,68,23,0,125,115,-10,92
59,69,24,1,130,115,-10,92
59,70,30,0,130,115,-20,102
59,71,29,1,130,130,-40,102
59,72,15,0,150,125,-40,102
59,73,6,0,160,125,-45,102
59,74,10,1,180,125,-55,102
59,75,27,1,180,130,-60,102
59,76,2,0,170,130,-55,102
59,77,19,1,185,130,-55,102
59,78,13,0,185,130,-55,107
59,79,11,1,190,130,-55,107
59,80,7,1,195,130,-55,102
59,81,9,1,200,130,-55,102
59,82,4,1,210,130,-55,97
59,83,28,0,200,130,-45,97
59,84,40,1,200,120,-35,97
59,85,23,0,195,110,-35,102
59,86,16,0,185,115,-35,102
59,87,27,1,185,120,-40,102
59,88,5,1,190,120,-50,102
59,89,25,0,190,115,-40,102
59,90,1,1,182,115,-35,102
59,91,21,0,177,115,-20,102
59,92,14,1,177,120,-20,102
59,93,7,0,162,125,-20,102
59,94,10,0,157,130,-20,102
59,95,4,1,167,130,-20,97
59,96,2,1,172,130,-30,97
59,97,26,1,182,130,-35,97
59,98,41,1,187,120,-35,97
59,99,34,0,187,105,-20,97
60,0,26,1,60,50,45,50
60,1,40,1,60,40,55,50
60,2,9,1,65,40,55,50
60,3,16,0,55,45,55,50
60,4,10,0,50,50,55,50
60,5,42,0,42,50,55,60
60,6,2,1,47,50,45,60
60,7,14,1,47,55,45,60
60,8,31,1,47,55,55,60
60,9,1,1,39,55,60,60
60,10,6,1,31,55,60,65
60,11,37,1,41,55,60,65
60,12,41,1,46,45,60,65
60,13,22,1,46,50,50,65
60,14,15,1,46,55,50,65
60,15,23,0,41,45,50,70
60,16,10,1,61,45,40,70
60,17,9,0,56,45,40,75
60,18,3,0,71,45,35,75
60,19,25,1,71,50,25,75
60,20,12,0,66,60,25,75
60,21,8,1,56,60,25,80
60,22,5,0,51,60,30,80
60,23,2,0,41,60,35,80
60,24,28,0,31,60,45,80
60,25,32,0,31,65,30,80
60,26,26,1,41,65,25,80
60,27,13,0,41,65,25,85
60,28,30,1,41,65,35,85
60,29,14,1,41,70,35,85
60,30,41,0,31,80,35,85
60,31,12,0,26,90,35,85
60,32,15,1,26,95,35,85
60,33,33,0,56,95,35,85
60,34,16,1,56,95,25,85
60,35,39,1,61,95,25,80
60,36,19,1,76,95,25,80
60,37,4,0,61,100,25,80
60,38,9,0,56,100,25,85
60,39,3,1,49,100,25,90
60,40,5,1,54,100,15,90
60,41,42,1,54,105,15,90
60,42,14,0,54,105,15,95
60,43,20,0,49,105,30,95
60,44,23,0,44,95,30,100
60,45,25,0,44,90,40,100
60,46,13,0,44,90,40,105
60,47,17,0,24,100,40,105
60,48,22,1,24,105,30,105
60,49,12,0,19,115,30,105
60,50,48,1,19,120,30,95
60,51,15,0,39,115,30,95
60,52,26,1,49,115,25,95
60,53,11,1,54,115,25,95
60,54,39,1,59,115,25,90
60,55,3,1,52,115,25,95
60,56,41,1,57,105,25,95
60,57,43,0,77,105,15,95
60,58,1,1,69,105,20,95
60,59,23,0,64,95,20,100
60,60,27,0,74,80,20,100
60,61,13,1,79,85,20,100
60,62,44,0,79,85,30,105
60,63,28,0,69,85,40,105
60,64,45,1,69,90,40,105
60,65,20,0,64,90,55,105
60,66,47,0,89,90,55,105
60,67,41,0,79,100,55,105
60,68,36,1,79,105,55,100
60,69,42,1,79,110,55,100
60,70,3,0,94,110,50,100
60,71,12,0,89,120,50,100
60,72,15,0,109,115,50,100
60,73,34,1,124,115,50,100
60,74,2,1,129,115,40,100
60,75,14,0,129,115,40,105
60,76,16,0,119,120,40,105
60,77,29,0,109,120,45,105
60,78,39,0,102,125,45,105
60,79,26,1,112,125,40,105
60,80,10,1,132,125,30,105
60,81,22,1,132,130,20,105
60,82,20,0,127,130,35,105
60,83,9,0,122,130,35,110
60,84,48,0,112,130,35,115
60,85,8,0,112,135,25,115
60,86,28,1,122,135,25,115
60,87,15,0,142,130,25,115
60,88,14,0,142,130,25,120
60,89,36,0,142,125,25,122
60,90,4,0,127,130,25,122
60,91,25,0,127,125,35,122
60,92,45,1,127,130,35,122
60,93,23,0,122,120,35,127
60,94,21,0,117,120,50,127
60,95,39,1,122,120,50,122
60,96,2,0,112,120,55,122
60,97,27,0,122,105,55,122
60,98,19,0,102,105,65,132
60,99,16,1,102,105,55,132
61,0,45,1,50,55,50,50
61,1,5,1,55,55,40,50
61,2,23,1,65,55,35,50
61,3,2,1,70,55,25,50
61,4,10,1,90,55,15,50
61,5,9,1,95,55,15,50
61,6,16,1,95,55,5,50
61,7,37,1,105,55,5,50
61,8,3,0,120,55,0,50
61,9,25,1,120,60,-10,50
61,10,1,0,130,60,-25,50
61,11,30,0,130,60,-35,60
61,12,46,0,123,60,-35,65
61,13,38,0,118,65,-35,65
61,14,31,1,118,65,-25,65
61,15,24,0,113,65,-20,65
61,16,14,1,113,70,-20,65
61,17,29,0,103,70,-15,65
61,18,4,1,113,70,-15,60
61,19,10,0,108,75,-15,60
61,20,9,1,113,75,-15,60
61,21,16,0,103,80,-15,60
61,22,12,0,98,90,-15,60
61,23,1,1,90,90,-10,60
61,24,45,1,90,95,-10,60
61,25,2,1,95,95,-20,60
61,26,22,0,90,95,-15,60
61,27,11,1,95,95,-15,60
61,28,27,1,95,100,-20,60
61,29,6,1,87,100,-20,65
61,30,13,0,87,100,-20,70
61,31,23,0,82,90,-20,75
61,32,41,1,87,80,-20,75
61,33,4,1,97,80,-20,70
61,34,28,0,87,80,-10,70
61,35,10,1,107,80,-20,70
61,36,1,0,117,80,-35,70
61,37,16,1,117,80,-45,70
61,38,43,0,137,80,-55,70
61,39,15,1,137,85,-55,70
61,40,46,0,130,85,-55,75
61,41,25,0,130,80,-45,75
61,42,22,0,125,80,-40,75
61,43,6,0,135,80,-45,75
61,44,24,0,130,80,-40,75
61,45,37,0,118,90,-40,75
61,46,23,0,113,80,-40,80
61,47,41,1,118,70,-40,80
61,48,26,1,128,70,-45,80
61,49,15,0,148,65,-45,80
61,50,16,0,138,70,-45,80
61,51,29,1,138,85,-65,80
61,52,42,1,138,90,-65,80
61,53,25,1,138,95,-75,80
61,54,12,0,133,105,-75,80
61,55,1,0,143,105,-90,80
61,56,20,1,143,110,-105,80
61,57,46,1,148,110,-105,75
61,58,4,0,133,115,-105,75
61,59,18,0,108,115,-105,85
61,60,38,1,113,115,-105,85
61,61,19,1,128,115,-105,85
61,62,7,0,113,120,-105,85
61,63,21,0,108,120,-90,85
61,64,26,1,118,120,-95,85
61,65,15,0,138,115,-95,85
61,66,3,0,153,115,-100,85
61,67,11,0,148,115,-100,87
61,68,45,0,148,115,-100,92
61,69,22,0,143,115,-95,92
61,70,48,0,133,115,-95,97
61,71,10,1,153,115,-105,97
61,72,44,1,158,115,-105,97
61,73,47,0,183,115,-105,97
61,74,42,0,175,115,-105,107
61,75,29,1,175,130,-125,107
61,76,30,0,175,130,-135,117
61,77,26,1,185,130,-140,117
61,78,40,1,185,120,-130,117
61,79,3,0,200,120,-135,117
61,80,17,1,185,120,-125,117
61,81,25,1,185,125,-135,117
61,82,1,1,177,125,-130,117
61,83,7,1,182,125,-130,112
61,84,5,1,187,125,-140,112
61,85,16,0,177,130,-140,112
61,86,28,1,187,130,-140,112
61,87,38,1,192,130,-140,112
61,88,20,0,187,130,-125,112
61,89,12,0,182,140,-125,112
61,90,37,0,170,150,-125,112
61,91,36,1,170,155,-125,107
61,92,27,0,180,140,-125,107
61,93,2,1,185,140,-135,107
61,94,13,1,190,145,-135,107
61,95,7,0,175,150,-135,107
61,96,9,0,170,150,-135,112
61,97,39,1,175,150,-135,107
61,98,3,1,168,150,-135,112
61,99,12,1,173,150,-135,112
62,0,4,0,35,55,50,50
62,1,31,1,35,55,60,50
62,2,32,1,35,45,75,50
62,3,10,1,55,45,65,50
62,4,33,0,85,45,65,50
62,5,39,1,90,45,65,45
62,6,34,1,105,45,65,45
62,7,37,0,93,55,65,45
62,8,41,0,83,65,65,45
62,9,12,1,88,65,65,45
62,10,11,1,93,65,65,45
62,11,25,0,93,60,75,45
62,12,16,0,83,65,75,45
62,13,20,1,83,70,60,45
62,14,26,0,78,70,60,50
62,15,7,1,83,70,60,45
62,16,38,1,88,70,60,45
62,17,15,0,108,65,60,45
62,18,47,0,133,65,60,45
62,19,23,0,128,55,60,50
62,20,22,1,128,60,50,50
62,21,13,1,133,65,50,50
62,22,24,1,138,65,50,50
62,23,17,1,123,65,60,50
62,24,10,0,118,70,60,50
62,25,5,1,123,70,50,50
62,26,4,1,133,70,50,45
62,27,3,1,126,70,50,50
62,28,25,1,126,75,40,50
62,29,2,1,131,75,30,50
62,30,45,1,131,80,30,50
62,31,39,0,124,85,30,50
62,32,14,1,124,90,30,50
62,33,26,0,119,90,30,55
62,34,8,0,119,95,20,55
62,35,35,0,119,103,5,55
62,36,48,0,109,103,5,60
62,37,6,1,101,103,5,65
62,38,9,1,106,103,5,65
62,39,13,1,111,108,5,65
62,40,25,0,111,103,15,65
62,41,19,0,91,103,25,75
62,42,16,0,81,108,25,75
62,43,29,0,71,108,30,75
62,44,2,0,61,108,35,75
62,45,5,0,56,108,40,75
62,46,23,0,51,98,40,80
62,47,10,0,46,103,40,80
62,48,38,0,41,108,40,80
62,49,26,1,51,108,35,80
62,50,43,0,71,108,25,80
62,51,15,0,91,103,25,80
62,52,28,0,81,103,35,80
62,53,39,1,86,103,35,75
62,54,22,1,86,108,25,75
62,55,1,0,96,108,10,75
62,56,11,0,91,108,10,77
62,57,20,1,91,113,-5,77
62,58,4,0,76,118,-5,77
62,59,21,0,71,118,10,77
62,60,14,1,71,123,10,77
62,61,40,0,71,133,0,77
62,62,6,1,63,133,0,82
62,63,16,1,63,133,-10,82
62,64,25,1,63,138,-20,82
62,65,10,0,58,143,-20,82
62,66,23,0,53,133,-20,87
62,67,7,0,38,138,-20,87
62,68,13,1,43,143,-20,87
62,69,47,0,68,143,-20,87
62,70,44,1,73,143,-20,87
62,71,17,0,53,153,-20,87
62,72,24,0,48,153,-15,87
62,73,21,1,48,158,-30,87
62,74,2,1,53,158,-40,87
62,75,4,1,63,158,-40,82
62,76,40,0,63,168,-50,82
62,77,41,0,53,178,-50,82
62,78,16,1,53,178,-60,82
62,79,12,1,58,178,-60,82
62,80,9,1,63,178,-60,82
62,81,11,1,68,178,-60,82
62,82,26,0,63,178,-60,87
62,83,1,1,55,178,-55,87
62,84,20,0,50,178,-40,87
62,85,22,0,45,178,-35,87
62,86,39,1,50,178,-35,82
62,87,21,1,50,183,-50,82
62,88,16,1,50,183,-60,82
62,89,10,1,70,183,-70,82
62,90,25,0,70,178,-60,82
62,91,17,1,55,178,-50,82
62,92,15,1,55,183,-50,82
62,93,13,0,55,183,-50,87
62,94,27,0,65,168,-50,87
62,95,9,0,60,168,-50,92
62,96,3,0,75,168,-55,92
62,97,24,0,70,168,-50,92
62,98,41,1,75,158,-50,92
62,99,1,1,67,158,-45,92
63,0,22,1,50,55,40,50
63,1,40,0,50,65,30,50
63,2,5,0,45,65,35,50
63,3,9,1,50,65,35,50
63,4,11,0,45,65,35,52
63,5,42,1,45,70,35,52
63,6,12,0,40,80,35,52
63,7,39,1,45,80,35,47
63,8,29,1,45,95,15,47
63,9,8,1,35,95,15,52
63,10,7,0,20,100,15,52
63,11,19,1,35,100,15,52
63,12,2,1,40,100,5,52
63,13,18,0,15,100,5,62
63,14,1,1,7,100,10,62
63,15,15,1,7,105,10,62
63,16,20,1,7,110,-5,62
63,17,21,1,7,115,-20,62
63,18,38,1,12,115,-20,62
63,19,26,0,7,115,-20,67
63,20,40,1,7,105,-10,67
63,21,10,1,27,105,-20,67
63,22,45,1,27,110,-20,67
63,23,6,1,19,110,-20,72
63,24,31,0,19,115,-30,72
63,25,43,1,19,115,-25,57
63,26,1,0,29,115,-40,57
63,27,47,1,29,115,-40,72
63,28,44,0,29,115,-30,77
63,29,32,0,29,120,-45,77
63,30,48,0,19,120,-45,82
63,31,20,1,19,125,-60,82
63,32,11,0,14,125,-60,84
63,33,46,0,7,125,-60,89
63,34,2,1,12,125,-70,89
63,35,23,1,22,125,-75,89
63,36,12,1,27,125,-75,89
63,37,14,0,27,125,-75,94
63,38,45,0,27,125,-75,99
63,39,38,1,32,125,-75,99
63,40,26,0,27,125,-75,104
63,41,4,1,37,125,-75,99
63,42,33,1,37,130,-75,99
63,43,3,1,30,130,-75,104
63,44,27,1,30,135,-80,104
63,45,6,1,22,135,-80,109
63,46,40,0,22,145,-90,109
63,47,8,1,12,145,-90,114
63,48,5,1,17,145,-100,114
63,49,47,1,17,145,-100,129
63,50,22,0,12,145,-95,129
63,51,37,0,0,155,-95,129
63,52,41,1,5,145,-95,129
63,53,26,1,15,145,-100,129
63,54,9,0,10,145,-100,134
63,55,2,1,15,145,-110,134
63,56,13,0,15,145,-110,139
63,57,4,1,25,145,-110,134
63,58,46,1,30,145,-110,129
63,59,10,1,50,145,-120,129
63,60,3,0,65,145,-125,129
63,61,44,0,65,145,-115,134
63,62,28,1,75,145,-115,134
63,63,43,0,95,145,-125,134
63,64,29,1,95,160,-145,134
63,65,8,1,85,160,-145,139
63,66,36,1,85,165,-145,134
63,67,26,0,80,165,-145,139
63,68,6,1,72,165,-145,144
63,69,22,1,72,170,-155,144
63,70,2,1,77,170,-165,144
63,71,48,1,77,175,-165,134
63,72,42,1,77,180,-165,134
63,73,1,0,87,180,-180,134
63,74,15,0,107,175,-180,134
63,75,30,1,107,175,-170,134
63,76,25,1,107,180,-180,134
63,77,37,1,117,180,-180,134
63,78,38,0,112,185,-180,134
63,79,5,0,107,185,-175,134
63,80,45,0,107,185,-175,139
63,81,8,0,107,190,-185,139
63,82,9,1,112,190,-185,139
63,83,10,0,107,195,-185,139
63,84,46,1,112,195,-185,134
63,85,16,1,112,195,-195,134
63,86,20,1,112,200,-210,134
63,87,2,0,102,200,-205,134
63,88,26,0,97,200,-205,139
63,89,3,1,90,200,-205,144
63,90,22,0,85,200,-200,144
63,91,11,1,90,200,-200,144
63,92,34,0,90,185,-185,144
63,93,14,0,90,185,-185,149
63,94,25,0,90,180,-175,149
63,95,6,0,100,180,-180,149
63,96,15,1,100,185,-180,149
63,97,40,1,100,175,-170,149
63,98,29,1,100,190,-190,149
63,99,5,0,95,190,-185,149
64,0,48,1,50,55,50,40
64,1,31,1,50,55,60,40
64,2,26,1,60,55,55,40
64,3,2,0,50,55,60,40
64,4,41,1,55,45,60,40
64,5,23,1,65,45,55,40
64,6,16,0,55,50,55,40
64,7,20,1,55,55,40,40
64,8,37,1,65,55,40,40
64,9,12,1,70,55,40,40
64,10,10,1,90,55,30,40
64,11,28,1,100,55,30,40
64,12,45,1,100,60,30,40
64,13,8,1,90,60,30,45
64,14,25,0,90,55,40,45
64,15,15,1,90,60,40,45
64,16,16,0,80,65,40,45
64,17,1,1,72,65,45,45
64,18,18,1,82,65,45,45
64,19,12,0,77,75,45,45
64,20,10,0,72,80,45,45
64,21,7,0,57,85,45,45
64,22,24,1,62,85,45,45
64,23,32,0,62,90,30,45
64,24,5,1,67,90,20,45
64,25,2,0,57,90,25,45
64,26,20,1,57,95,10,45
64,27,48,1,57,100,10,35
64,28,16,1,57,100,0,35
64,29,33,1,57,105,0,35
64,30,47,1,57,105,0,50
64,31,39,1,62,105,0,45
64,32,27,1,62,110,-5,45
64,33,22,0,57,110,0,45
64,34,3,0,72,110,-5,45
64,35,13,0,72,110,-5,50
64,36,26,1,82,110,-10,50
64,37,21,1,82,115,-25,50
64,38,9,1,87,115,-25,50
64,39,45,1,87,120,-25,50
64,40,38,1,92,120,-25,50
64,41,14,0,92,120,-25,55
64,42,5,1,97,120,-35,55
64,43,11,0,92,120,-35,57
64,44,10,1,112,120,-45,57
64,45,27,0,122,105,-45,57
64,46,6,1,114,105,-45,62
64,47,28,1,124,105,-45,62
64,48,47,1,124,105,-45,77
64,49,24,1,129,105,-45,77
64,50,16,0,119,110,-45,77
64,51,29,0,109,110,-40,77
64,52,36,1,109,115,-40,72
64,53,26,0,104,115,-40,77
64,54,5,1,109,115,-50,77
64,55,42,1,109,120,-50,77
64,56,14,1,109,125,-50,77
64,57,45,0,109,125,-50,82
64,58,41,0,99,135,-50,82
64,59,38,0,94,140,-50,82
64,60,10,0,89,145,-50,82
64,61,34,1,104,145,-50,82
64,62,11,1,109,145,-50,82
64,63,46,0,102,145,-50,87
64,64,37,0,90,155,-50,87
64,65,17,0,70,165,-50,87
64,66,5,1,75,165,-60,87
64,67,47,0,100,165,-60,87
64,68,3,1,93,165,-60,92
64,69,27,1,93,170,-65,92
64,70,14,1,93,175,-65,92
64,71,13,1,98,180,-65,92
64,72,23,0,93,170,-65,97
64,73,4,1,103,170,-65,92
64,74,10,0,98,175,-65,92
64,75,43,1,98,175,-60,77
64,76,1,1,90,175,-55,77
64,77,7,1,95,175,-55,72
64,78,38,0,90,180,-55,72
64,79,6,1,82,180,-55,77
64,80,8,1,72,180,-55,82
64,81,22,1,72,185,-65,82
64,82,2,1,77,185,-75,82
64,83,45,0,77,185,-75,87
64,84,11,0,72,185,-75,89
64,85,29,1,72,200,-95,89
64,86,41,0,62,210,-95,89
64,87,14,0,62,210,-95,94
64,88,28,1,72,210,-95,94
64,89,23,0,67,200,-95,99
64,90,35,0,67,208,-110,99
64,91,18,1,77,208,-110,99
64,92,44,0,77,208,-100,104
64,93,15,1,77,213,-100,104
64,94,48,1,77,218,-100,94
64,95,43,0,97,218,-110,94
64,96,16,1,97,218,-120,94
64,97,2,0,87,218,-115,94
64,98,1,0,97,218,-130,94
64,99,39,0,90,223,-130,94
65,0,31,1,50,50,60,50
65,1,6,1,42,50,60,55
65,2,16,1,42,50,50,55
65,3,13,0,42,50,50,60
65,4,27,0,52,35,50,60
65,5,43,0,72,35,40,60
65,6,20,1,72,40,25,60
65,7,14,0,72,40,25,65
65,8,41,1,77,30,25,65
65,9,32,0,77,35,10,65
65,10,44,1,82,35,10,65
65,11,17,0,62,45,10,65
65,12,33,1,62,50,10,65
65,13,38,1,67,50,10,65
65,14,21,1,67,55,-5,65
65,15,36,1,67,60,-5,60
65,16,7,0,52,65,-5,60
65,17,16,1,52,65,-15,60
65,18,46,0,45,65,-15,65
65,19,11,1,50,65,-15,65
65,20,2,1,55,65,-25,65
65,21,24,0,50,65,-20,65
65,22,14,0,50,65,-20,70
65,23,9,1,55,65,-20,70
65,24,25,0,55,60,-10,70
65,25,29,1,55,75,-30,70
65,26,44,0,55,75,-20,75
65,27,13,1,60,80,-20,75
65,28,4,0,45,85,-20,75
65,29,15,1,45,90,-20,75
65,30,12,0,40,100,-20,75
65,31,34,1,55,100,-20,75
65,32,16,0,45,105,-20,75
65,33,27,0,55,90,-20,75
65,34,19,1,70,90,-20,75
65,35,45,0,70,90,-20,80
65,36,6,1,62,90,-20,85
65,37,36,0,62,85,-20,87
65,38,11,1,67,85,-20,87
65,39,15,0,87,80,-20,87
65,40,26,1,97,80,-25,87
65,41,17,0,77,90,-25,87
65,42,35,1,77,80,-15,87
65,43,47,0,102,80,-15,87
65,44,12,1,107,80,-15,87
65,45,16,1,107,80,-25,87
65,46,24,1,112,80,-25,87
65,47,28,0,102,80,-15,87
65,48,20,1,102,85,-30,87
65,49,14,0,102,85,-30,92
65,50,2,0,92,85,-25,92
65,51,21,0,87,85,-10,92
65,52,26,1,97,85,-15,92
65,53,37,1,107,85,-15,92
65,54,15,1,107,90,-15,92
65,55,11,1,112,90,-15,92
65,56,16,0,102,95,-15,92
65,57,7,1,107,95,-15,87
65,58,4,1,117,95,-15,82
65,59,10,1,137,95,-25,82
65,60,13,0,137,95,-25,87
65,61,29,0,127,95,-20,87
65,62,40,1,127,85,-10,87
65,63,20,0,122,85,5,87
65,64,46,1,127,85,5,82
65,65,41,1,132,75,5,82
65,66,1,1,124,75,10,82
65,67,26,1,134,75,5,82
65,68,42,1,134,80,5,82
65,69,25,1,134,85,-5,82
65,70,18,0,109,85,-5,92
65,71,44,1,114,85,-5,92
65,72,4,0,99,90,-5,92
65,73,3,1,92,90,-5,97
65,74,21,1,92,95,-20,97
65,75,48,0,82,95,-20,102
65,76,23,1,92,95,-25,102
65,77,22,1,92,100,-35,102
65,78,14,1,92,105,-35,102
65,79,37,0,80,115,-35,102
65,80,40,0,80,125,-45,102
65,81,12,1,85,125,-45,102
65,82,2,1,90,125,-55,102
65,83,28,1,100,125,-55,102
65,84,9,0,95,125,-55,107
65,85,1,0,105,125,-70,107
65,86,43,0,125,125,-80,107
65,87,10,0,120,130,-80,107
65,88,41,1,125,120,-80,107
65,89,39,0,118,125,-80,107
65,90,16,0,108,130,-80,107
65,91,5,0,103,130,-75,107
65,92,21,0,98,130,-60,107
65,93,26,0,93,130,-60,112
65,94,14,0,93,130,-60,117
65,95,11,1,98,130,-60,117
65,96,23,0,93,120,-60,122
65,97,8,1,83,120,-60,127
65,98,22,1,83,125,-70,127
65,99,4,0,68,130,-70,127
66,0,1,0,60,50,35,50
66,1,47,0,85,50,35,50
66,2,15,1,85,55,35,50
66,3,44,0,85,55,45,55
66,4,13,0,85,55,45,60
66,5,45,0,85,55,45,65
66,6,23,0,80,45,45,70
66,7,11,1,85,45,45,70
66,8,25,1,85,50,35,70
66,9,39,1,90,50,35,65
66,10,24,0,85,50,40,65
66,11,6,0,95,50,35,65
66,12,30,1,95,50,45,65
66,13,9,0,90,50,45,70
66,14,4,1,100,50,45,65
66,15,37,0,88,60,45,65
66,16,48,1,88,65,45,55
66,17,41,0,78,75,45,55
66,18,22,1,78,80,35,55
66,19,27,0,88,65,35,55
66,20,38,1,93,65,35,55
66,21,1,1,85,65,40,55
66,22,31,1,85,65,50,55
66,23,36,0,85,60,50,57
66,24,47,1,85,60,50,72
66,25,11,0,80,60,50,74
66,26,16,0,70,65,50,74
66,27,15,0,90,60,50,74
66,28,41,0,80,70,50,74
66,29,5,1,85,70,40,74
66,30,12,1,90,70,40,74
66,31,46,0,83,70,40,79
66,32,14,0,83,70,40,84
66,33,6,0,93,70,35,84
66,34,21,0,88,70,50,84
66,35,3,1,81,70,50,89
66,36,13,1,86,75,50,89
66,37,26,1,96,75,45,89
66,38,1,1,88,75,50,89
66,39,27,0,98,60,50,89
66,40,16,0,88,65,50,89
66,41,8,1,78,65,50,94
66,42,41,0,68,75,50,94
66,43,23,0,63,65,50,99
66,44,11,0,58,65,50,101
66,45,15,1,58,70,50,101
66,46,47,1,58,70,50,116
66,47,20,1,58,75,35,116
66,48,7,0,43,80,35,116
66,49,18,0,18,80,35,126
66,50,24,0,13,80,40,126
66,51,38,0,8,85,40,126
66,52,16,1,8,85,30,126
66,53,4,1,18,85,30,121
66,54,2,1,23,85,20,121
66,55,14,0,23,85,20,126
66,56,22,1,23,90,10,126
66,57,45,1,23,95,10,126
66,58,26,1,33,95,5,126
66,59,8,0,33,100,-5,126
66,60,42,1,33,105,-5,126
66,61,17,0,13,115,-5,126
66,62,13,1,18,120,-5,126
66,63,15,1,18,125,-5,126
66,64,7,0,3,130,-5,126
66,65,43,1,3,130,0,111
66,66,12,1,8,130,0,111
66,67,30,0,8,130,-10,121
66,68,25,1,8,135,-20,121
66,69,28,0,-2,135,-10,121
66,70,26,1,8,135,-15,121
66,71,41,1,13,125,-15,121
66,72,9,0,8,125,-15,126
66,73,32,0,8,130,-30,126
66,74,27,1,8,135,-35,126
66,75,5,1,13,135,-45,126
66,76,23,1,23,135,-50,126
66,77,33,1,23,140,-50,126
66,78,16,0,13,145,-50,126
66,79,22,0,8,145,-45,126
66,80,2,0,-2,145,-40,126
66,81,41,0,-12,155,-40,126
66,82,6,1,-20,155,-40,131
66,83,8,0,-20,160,-50,131
66,84,20,0,-25,160,-35,131
66,85,7,1,-20,160,-35,126
66,86,3,0,-5,160,-40,126
66,87,43,1,-5,160,-35,111
66,88,4,0,-20,165,-35,111
66,89,46,1,-15,165,-35,106
66,90,34,0,-15,150,-20,106
66,91,1,1,-23,150,-15,106
66,92,35,1,-23,140,-5,106
66,93,10,0,-28,145,-5,106
66,94,30,1,-28,145,5,106
66,95,9,0,-33,145,5,111
66,96,23,1,-23,145,0,111
66,97,39,1,-18,145,0,106
66,98,42,1,-18,150,0,106
66,99,2,0,-28,150,5,106
67,0,13,0,50,50,50,55
67,1,16,0,40,55,50,55
67,2,10,0,35,60,50,55
67,3,29,0,25,60,55,55
67,4,5,0,20,60,60,55
67,5,25,0,20,55,70,55
67,6,11,0,15,55,70,57
67,7,14,1,15,60,70,57
67,8,17,0,-5,70,70,57
67,9,26,1,5,70,65,57
67,10,2,1,10,70,55,57
67,11,1,0,20,70,40,57
67,12,3,1,13,70,40,62
67,13,31,1,13,70,50,62
67,14,41,1,18,60,50,62
67,15,12,0,13,70,50,62
67,16,23,1,23,70,45,62
67,17,13,0,23,70,45,67
67,18,44,1,28,70,45,67
67,19,6,1,20,70,45,72
67,20,5,0,15,70,50,72
67,21,27,1,15,75,45,72
67,22,38,0,10,80,45,72
67,23,30,1,10,80,55,72
67,24,40,1,10,70,65,72
67,25,7,0,-5,75,65,72
67,26,25,1,-5,80,55,72
67,27,11,1,0,80,55,72
67,28,32,0,0,85,40,72
67,29,15,1,0,90,40,72
67,30,20,0,-5,90,55,72
67,31,37,1,5,90,55,72
67,32,29,0,-5,90,60,72
67,33,3,1,-12,90,60,77
67,34,21,0,-17,90,75,77
67,35,5,0,-22,90,80,77
67,36,45,0,-22,90,80,82
67,37,48,0,-32,90,80,87
67,38,4,0,-47,95,80,87
67,39,13,1,-42,100,80,87
67,40,25,0,-42,95,90,87
67,41,42,1,-42,100,90,87
67,42,15,0,-22,95,90,87
67,43,6,0,-12,95,85,87
67,44,8,1,-22,95,85,92
67,45,30,1,-22,95,95,92
67,46,16,1,-22,95,85,92
67,47,23,0,-27,85,85,97
67,48,2,1,-22,85,75,97
67,49,37,0,-34,95,75,97
67,50,46,0,-41,95,75,102
67,51,26,1,-31,95,70,102
67,52,22,1,-31,100,60,102
67,53,11,1,-26,100,60,102
67,54,33,0,4,100,60,102
67,55,1,0,14,100,45,102
67,56,8,1,4,100,45,107
67,57,17,0,-16,110,45,107
67,58,13,0,-16,110,45,112
67,59,43,1,-16,110,50,97
67,60,34,0,-16,95,65,97
67,61,14,1,-16,100,65,97
67,62,29,0,-26,100,70,97
67,63,36,0,-26,95,70,99
67,64,7,1,-21,95,70,94
67,65,16,1,-21,95,60,94
67,66,40,0,-21,105,50,94
67,67,11,1,-16,105,50,94
67,68,10,0,-21,110,50,94
67,69,38,0,-26,115,50,94
67,70,41,0,-36,125,50,94
67,71,5,1,-31,125,40,94
67,72,27,1,-31,130,35,94
67,73,9,0,-36,130,35,99
67,74,13,1,-31,135,35,99
67,75,18,0,-56,135,35,109
67,76,14,1,-56,140,35,109
67,77,44,0,-56,140,45,114
67,78,23,0,-61,130,45,119
67,79,39,1,-56,130,45,114
67,80,42,1,-56,135,45,114
67,81,1,0,-46,135,30,114
67,82,30,1,-46,135,40,114
67,83,12,0,-51,145,40,114
67,84,41,1,-46,135,40,114
67,85,43,0,-26,135,30,114
67,86,25,0,-26,130,40,114
67,87,3,0,-11,130,35,114
67,88,22,1,-11,135,25,114
67,89,4,0,-26,140,25,114
67,90,36,1,-26,145,25,109
67,91,37,0,-38,155,25,109
67,92,21,1,-38,160,10,109
67,93,28,1,-28,160,10,109
67,94,45,1,-28,165,10,109
67,95,17,0,-48,175,10,109
67,96,2,0,-58,175,15,109
67,97,5,0,-63,175,20,109
67,98,47,1,-63,175,20,124
67,99,11,1,-58,175,20,124
68,0,41,1,55,40,50,50
68,1,43,0,75,40,40,50
68,2,25,1,75,45,30,50
68,3,31,1,75,45,40,50
68,4,26,0,70,45,40,55
68,5,39,1,75,45,40,50
68,6,2,1,80,45,30,50
68,7,22,0,75,45,35,50
68,8,14,0,75,45,35,55
68,9,20,1,75,50,20,55
68,10,5,1,80,50,10,55
68,11,4,1,90,50,10,50
68,12,12,0,85,60,10,50
68,13,21,0,80,60,25,50
68,14,38,0,75,65,25,50
68,15,19,1,90,65,25,50
68,16,15,1,90,70,25,50
68,17,6,1,82,70,25,55
68,18,17,1,67,70,35,55
68,19,42,0,59,70,35,65
68,20,18,0,34,70,35,75
68,21,45,1,34,75,35,75
68,22,13,1,39,80,35,75
68,23,14,1,39,85,35,75
68,24,27,0,49,70,35,75
68,25,2,1,54,70,25,75
68,26,22,0,49,70,30,75
68,27,5,1,54,70,20,75
68,28,10,0,49,75,20,75
68,29,25,0,49,70,30,75
68,30,36,1,49,75,30,70
68,31,7,0,34,80,30,70
68,32,1,1,26,80,35,70
68,33,16,0,16,85,35,70
68,34,21,0,11,85,50,70
68,35,40,1,11,75,60,70
68,36,12,0,6,85,60,70
68,37,14,1,6,90,60,70
68,38,4,0,-9,95,60,70
68,39,10,1,11,95,50,70
68,40,5,1,16,95,40,70
68,41,26,1,26,95,35,70
68,42,25,1,26,100,25,70
68,43,32,0,26,105,10,70
68,44,47,0,51,105,10,70
68,45,33,1,51,110,10,70
68,46,9,0,46,110,10,75
68,47,16,1,46,110,0,75
68,48,3,1,39,110,0,80
68,49,23,1,49,110,-5,80
68,50,12,0,44,120,-5,80
68,51,4,0,29,125,-5,80
68,52,11,0,24,125,-5,82
68,53,46,0,17,125,-5,87
68,54,37,0,5,135,-5,87
68,55,15,1,5,140,-5,87
68,56,5,0,0,140,0,87
68,57,17,0,-20,150,0,87
68,58,8,0,-20,155,-10,87
68,59,18,0,-45,155,-10,97
68,60,26,0,-50,155,-10,102
68,61,22,0,-55,155,-5,102
68,62,34,0,-55,140,10,102
68,63,43,1,-55,140,15,87
68,64,7,1,-50,140,15,82
68,65,24,0,-55,140,20,82
68,66,13,1,-50,145,20,82
68,67,20,0,-55,145,35,82
68,68,29,1,-55,160,15,82
68,69,3,0,-40,160,10,82
68,70,11,1,-35,160,10,82
68,71,16,1,-35,160,0,82
68,72,5,0,-40,160,5,82
68,73,15,0,-20,155,5,82
68,74,45,0,-20,155,5,87
68,75,2,0,-30,155,10,87
68,76,25,1,-30,160,0,87
68,77,39,1,-25,160,0,82
68,78,14,0,-25,160,0,87
68,79,21,0,-30,160,15,87
68,80,10,0,-35,165,15,87
68,81,24,1,-30,165,15,87
68,82,35,1,-30,155,25,87
68,83,20,1,-30,160,10,87
68,84,15,0,-10,155,10,87
68,85,1,0,0,155,-5,87
68,86,6,1,-8,155,-5,92
68,87,40,1,-8,145,5,92
68,88,28,0,-18,145,15,92
68,89,16,1,-18,145,5,92
68,90,14,1,-18,150,5,92
68,91,22,1,-18,155,-5,92
68,92,8,1,-28,155,-5,97
68,93,5,0,-33,155,0,97
68,94,2,1,-28,155,-10,97
68,95,23,1,-18,155,-15,97
68,96,15,1,-18,160,-15,97
68,97,24,0,-23,160,-10,97
68,98,39,1,-18,160,-10,92
68,99,1,1,-26,160,-5,92
69,0,42,1,50,55,50,50
69,1,40,1,50,45,60,50
69,2,10,0,45,50,60,50
69,3,11,1,50,50,60,50
69,4,23,1,60,50,55,50
69,5,16,0,50,55,55,50
69,6,20,0,45,55,70,50
69,7,31,0,45,60,60,50
69,8,3,1,38,60,60,55
69,9,13,1,43,65,60,55
69,10,9,0,38,65,60,60
69,11,22,0,33,65,65,60
69,12,2,1,38,65,55,60
69,13,32,1,38,55,70,60
69,14,14,0,38,55,70,65
69,15,30,0,38,55,60,75
69,16,29,1,38,70,40,75
69,17,33,0,68,70,40,75
69,18,44,0,68,70,50,80
69,19,42,1,68,75,50,80
69,20,26,0,63,75,50,85
69,21,16,0,53,80,50,85
69,22,25,1,53,85,40,85
69,23,3,1,46,85,40,90
69,24,21,1,46,90,25,90
69,25,13,1,51,95,25,90
69,26,4,1,61,95,25,85
69,27,11,1,66,95,25,85
69,28,28,0,56,95,35,85
69,29,5,1,61,95,25,85
69,30,41,0,51,105,25,85
69,31,2,1,56,105,15,85
69,32,34,0,56,90,30,85
69,33,27,0,66,75,30,85
69,34,6,0,76,75,25,85
69,35,26,1,86,75,20,85
69,36,25,1,86,80,10,85
69,37,20,1,86,85,-5,85
69,38,46,1,91,85,-5,80
69,39,22,0,86,85,0,80
69,40,12,0,81,95,0,80
69,41,11,1,86,95,0,80
69,42,16,1,86,95,-10,80
69,43,14,1,86,100,-10,80
69,44,48,1,86,105,-10,70
69,45,41,0,76,115,-10,70
69,46,13,1,81,120,-10,70
69,47,7,0,66,125,-10,70
69,48,9,0,61,125,-10,75
69,49,2,0,51,125,-5,75
69,50,27,1,51,130,-10,75
69,51,8,1,41,130,-10,80
69,52,30,1,41,130,0,80
69,53,3,0,56,130,-5,80
69,54,36,0,56,125,-5,82
69,55,44,0,56,125,5,87
69,56,12,0,51,135,5,87
69,57,37,0,39,145,5,87
69,58,16,1,39,145,-5,87
69,59,26,1,49,145,-10,87
69,60,41,1,54,135,-10,87
69,61,47,1,54,135,-10,102
69,62,39,0,47,140,-10,102
69,63,23,1,57,140,-15,102
69,64,40,1,57,130,-5,102
69,65,35,1,57,120,5,102
69,66,14,0,57,120,5,107
69,67,29,1,57,135,-15,107
69,68,16,0,47,140,-15,107
69,69,24,1,52,140,-15,107
69,70,11,0,47,140,-15,109
69,71,5,0,42,140,-10,109
69,72,2,1,47,140,-20,109
69,73,9,1,52,140,-20,109
69,74,41,1,57,130,-20,109
69,75,3,0,72,130,-25,109
69,76,23,0,67,120,-25,114
69,77,18,1,77,120,-25,114
69,78,10,1,97,120,-35,114
69,79,14,1,97,125,-35,114
69,80,16,1,97,125,-45,114
69,81,43,0,117,125,-55,114
69,82,28,0,107,125,-45,114
69,83,24,0,102,125,-40,114
69,84,47,0,127,125,-40,114
69,85,4,0,112,130,-40,114
69,86,26,0,107,130,-40,119
69,87,7,0,92,135,-40,119
69,88,39,1,97,135,-40,114
69,89,5,0,92,135,-35,114
69,90,17,0,72,145,-35,114
69,91,37,1,82,145,-35,114
69,92,14,0,82,145,-35,119
69,93,41,0,72,155,-35,119
69,94,44,1,77,155,-35,119
69,95,23,0,72,145,-35,124
69,96,20,1,72,150,-50,124
69,97,45,1,72,155,-50,124
69,98,15,1,72,160,-50,124
69,99,18,0,47,160,-50,134
70,0,18,0,25,50,50,60
70,1,25,0,25,45,60,60
70,2,14,1,25,50,60,60
70,3,23,1,35,50,55,60
70,4,31,0,35,55,45,60
70,5,7,1,40,55,45,55
70,6,11,1,45,55,45,55
70,7,21,1,45,60,30,55
70,8,10,1,65,60,20,55
70,9,15,0,85,55,20,55
70,10,12,1,90,55,20,55
70,11,45,0,90,55,20,60
70,12,28,0,80,55,30,60
70,13,38,0,75,60,30,60
70,14,40,0,75,70,20,60
70,15,25,1,75,75,10,60
70,16,14,1,75,80,10,60
70,17,16,0,65,85,10,60
70,18,20,0,60,85,25,60
70,19,9,1,65,85,25,60
70,20,10,1,85,85,15,60
70,21,43,0,105,85,5,60
70,22,15,0,125,80,5,60
70,23,32,1,125,70,20,60
70,24,41,0,115,80,20,60
70,25,5,1,120,80,10,60
70,26,33,1,120,85,10,60
70,27,28,0,110,85,20,60
70,28,14,1,110,90,20,60
70,29,38,0,105,95,20,60
70,30,25,1,105,100,10,60
70,31,23,0,100,90,10,65
70,32,34,1,115,90,10,65
70,33,26,1,125,90,5,65
70,34,37,1,135,90,5,65
70,35,13,1,140,95,5,65
70,36,11,0,135,95,5,67
70,37,44,0,135,95,15,72
70,38,39,1,140,95,15,67
70,39,1,1,132,95,20,67
70,40,36,1,132,100,20,62
70,41,30,1,132,100,30,62
70,42,10,0,127,105,30,62
70,43,41,1,132,95,30,62
70,44,29,1,132,110,10,62
70,45,9,1,137,110,10,62
70,46,35,1,137,100,20,62
70,47,17,0,117,110,20,62
70,48,12,0,112,120,20,62
70,49,16,0,102,125,20,62
70,50,24,1,107,125,20,62
70,51,3,0,122,125,15,62
70,52,26,0,117,125,15,67
70,53,13,1,122,130,15,67
70,54,5,0,117,130,20,67
70,55,2,1,122,130,10,67
70,56,48,0,112,130,10,72
70,57,11,1,117,130,10,72
70,58,4,0,102,135,10,72
70,59,14,1,102,140,10,72
70,60,36,0,102,135,10,74
70,61,16,0,92,140,10,74
70,62,21,1,92,145,-5,74
70,63,20,1,92,150,-20,74
70,64,27,0,102,135,-20,74
70,65,9,1,107,135,-20,74
70,66,10,0,102,140,-20,74
70,67,44,0,102,140,-10,79
70,68,13,1,107,145,-10,79
70,69,18,0,82,145,-10,89
70,70,3,1,75,145,-10,94
70,71,2,1,80,145,-20,94
70,72,5,1,85,145,-30,94
70,73,11,0,80,145,-30,96
70,74,43,1,80,145,-25,81
70,75,7,0,65,150,-25,81
70,76,42,1,65,155,-25,81
70,77,23,1,75,155,-30,81
70,78,14,1,75,160,-30,81
70,79,10,0,70,165,-30,81
70,80,20,1,70,170,-45,81
70,81,24,0,65,170,-40,81
70,82,41,1,70,160,-40,81
70,83,37,0,58,170,-40,81
70,84,39,0,51,175,-40,81
70,85,22,1,51,180,-50,81
70,86,44,1,56,180,-50,81
70,87,19,1,71,180,-50,81
70,88,1,1,63,180,-45,81
70,89,7,0,48,185,-45,81
70,90,5,1,53,185,-55,81
70,91,12,0,48,195,-55,81
70,92,13,0,48,195,-55,86
70,93,21,1,48,200,-70,86
70,94,46,0,41,200,-70,91
70,95,15,1,41,205,-70,91
70,96,9,1,46,205,-70,91
70,97,41,0,36,215,-70,91
70,98,23,0,31,205,-70,96
70,99,25,0,31,200,-60,96
71,0,27,0,60,35,50,50
71,1,9,1,65,35,50,50
71,2,37,1,75,35,50,50
71,3,6,1,67,35,50,55
71,4,13,0,67,35,50,60
71,5,40,1,67,25,60,60
71,6,10,0,62,30,60,60
71,7,31,1,62,30,70,60
71,8,18,0,37,30,70,70
71,9,43,1,37,30,75,55
71,10,44,0,37,30,85,60
71,11,4,1,47,30,85,55
71,12,22,0,42,30,90,55
71,13,28,0,32,30,100,55
71,14,2,0,22,30,105,55
71,15,21,1,22,35,90,55
71,16,36,1,22,40,90,50
71,17,15,1,22,45,90,50
71,18,12,1,27,45,90,50
71,19,38,0,22,50,90,50
71,20,10,0,17,55,90,50
71,21,13,0,17,55,90,55
71,22,45,1,17,60,90,55
71,23,27,1,17,65,85,55
71,24,5,1,22,65,75,55
71,25,24,1,27,65,75,55
71,26,23,0,22,55,75,60
71,27,25,1,22,60,65,60
71,28,15,1,22,65,65,60
71,29,8,0,22,70,55,60
71,30,40,1,22,60,65,60
71,31,1,0,32,60,50,60
71,32,26,1,42,60,45,60
71,33,16,1,42,60,35,60
71,34,6,0,52,60,30,60
71,35,11,1,57,60,30,60
71,36,9,0,52,60,30,65
71,37,10,0,47,65,30,65
71,38,4,0,32,70,30,65
71,39,3,1,25,70,30,70
71,40,36,0,25,65,30,72
71,41,38,0,20,70,30,72
71,42,41,1,25,60,30,72
71,43,24,0,20,60,35,72
71,44,20,1,20,65,20,72
71,45,11,0,15,65,20,74
71,46,32,1,15,55,35,74
71,47,15,1,15,60,35,74
71,48,1,1,7,60,40,74
71,49,44,0,7,60,50,79
71,50,16,0,-3,65,50,79
71,51,43,0,17,65,40,79
71,52,27,0,27,50,40,79
71,53,18,1,37,50,40,79
71,54,12,0,32,60,40,79
71,55,41,0,22,70,40,79
71,56,5,0,17,70,45,79
71,57,23,1,27,70,40,79
71,58,17,0,7,80,40,79
71,59,36,0,7,75,40,81
71,60,3,1,0,75,40,86
71,61,13,1,5,80,40,86
71,62,16,0,-5,85,40,86
71,63,9,0,-10,85,40,91
71,64,11,0,-15,85,40,93
71,65,33,1,-15,90,40,93
71,66,26,0,-20,90,40,98
71,67,14,0,-20,90,40,103
71,68,5,1,-15,90,30,103
71,69,2,1,-10,90,20,103
71,70,24,1,-5,90,20,103
71,71,4,1,5,90,20,98
71,72,46,1,10,90,20,93
71,73,25,0,10,85,30,93
71,74,12,1,15,85,30,93
71,75,27,0,25,70,30,93
71,76,16,0,15,75,30,93
71,77,42,0,7,75,30,103
71,78,43,0,27,75,20,103
71,79,23,1,37,75,15,103
71,80,8,1,27,75,15,108
71,81,37,1,37,75,15,108
71,82,26,0,32,75,15,113
71,83,39,1,37,75,15,108
71,84,41,0,27,85,15,108
71,85,14,0,27,85,15,113
71,86,19,0,7,85,25,123
71,87,4,0,-8,90,25,123
71,88,40,0,-8,100,15,123
71,89,3,1,-15,100,15,128
71,90,25,0,-15,95,25,128
71,91,13,1,-10,100,25,128
71,92,1,0,0,100,10,128
71,93,12,0,-5,110,10,128
71,94,45,1,-5,115,10,128
71,95,23,1,5,115,5,128
71,96,2,1,10,115,-5,128
71,97,22,1,10,120,-15,128
71,98,30,1,10,120,-5,128
71,99,41,1,15,110,-5,128
72,0,16,1,50,50,40,50
72,1,22,0,45,50,45,50
72,2,6,0,55,50,40,50
72,3,8,1,45,50,40,55
72,4,7,0,30,55,40,55
72,5,43,0,50,55,30,55
72,6,42,1,50,60,30,55
72,7,12,1,55,60,30,55
72,8,27,1,55,65,25,55
72,9,5,0,50,65,30,55
72,10,16,1,50,65,20,55
72,11,10,1,70,65,10,55
72,12,31,0,70,70,0,55
72,13,26,0,65,70,0,60
72,14,29,1,65,85,-20,60
72,15,28,1,75,85,-20,60
72,16,11,0,70,85,-20,62
72,17,2,0,60,85,-15,62
72,18,21,0,55,85,0,62
72,19,9,1,60,85,0,62
72,20,48,1,60,90,0,52
72,21,37,0,48,100,0,52
72,22,12,0,43,110,0,52
72,23,14,1,43,115,0,52
72,24,36,1,43,120,0,47
72,25,44,0,43,120,10,52
72,26,17,1,28,120,20,52
72,27,32,0,28,125,5,52
72,28,10,1,48,125,-5,52
72,29,22,1,48,130,-15,52
72,30,23,0,43,120,-15,57
72,31,25,1,43,125,-25,57
72,32,4,1,53,125,-25,52
72,33,39,0,46,130,-25,52
72,34,20,1,46,135,-40,52
72,35,26,1,56,135,-45,52
72,36,21,1,56,140,-60,52
72,37,16,1,56,140,-70,52
72,38,14,1,56,145,-70,52
72,39,9,0,51,145,-70,57
72,40,3,1,44,145,-70,62
72,41,15,0,64,140,-70,62
72,42,11,0,59,140,-70,64
72,43,40,1,59,130,-60,64
72,44,13,1,64,135,-60,64
72,45,30,0,64,135,-70,74
72,46,27,1,64,140,-75,74
72,47,36,1,64,145,-75,69
72,48,33,1,64,150,-75,69
72,49,42,0,56,150,-75,79
72,50,45,0,56,150,-75,84
72,51,28,0,46,150,-65,84
72,52,25,1,46,155,-75,84
72,53,2,0,36,155,-70,84
72,54,39,1,41,155,-70,79
72,55,10,0,36,160,-70,79
72,56,18,0,11,160,-70,89
72,57,23,1,21,160,-75,89
72,58,5,1,26,160,-85,89
72,59,8,0,26,165,-95,89
72,60,22,1,26,170,-105,89
72,61,41,1,31,160,-105,89
72,62,12,0,26,170,-105,89
72,63,14,0,26,170,-105,94
72,64,1,1,18,170,-100,94
72,65,15,1,18,175,-100,94
72,66,24,0,13,175,-95,94
72,67,20,1,13,180,-110,94
72,68,11,1,18,180,-110,94
72,69,39,1,23,180,-110,89
72,70,28,0,13,180,-100,89
72,71,25,1,13,185,-110,89
72,72,7,1,18,185,-110,84
72,73,47,0,43,185,-110,84
72,74,26,1,53,185,-115,84
72,75,29,1,53,200,-135,84
72,76,34,1,68,200,-135,84
72,77,15,0,88,195,-135,84
72,78,43,0,108,195,-145,84
72,79,17,1,93,195,-135,84
72,80,46,1,98,195,-135,79
72,81,21,0,93,195,-120,79
72,82,13,0,93,195,-120,84
72,83,12,0,88,205,-120,84
72,84,25,0,88,200,-110,84
72,85,36,1,88,205,-110,79
72,86,1,1,80,205,-105,79
72,87,11,1,85,205,-105,79
72,88,15,1,85,210,-105,79
72,89,14,1,85,215,-105,79
72,90,38,0,80,220,-105,79
72,91,16,0,70,225,-105,79
72,92,18,0,45,225,-105,89
72,93,12,1,50,225,-105,89
72,94,42,0,42,225,-105,99
72,95,9,0,37,225,-105,104
72,96,20,0,32,225,-90,104
72,97,40,1,32,215,-80,104
72,98,22,1,32,220,-90,104
72,99,41,1,37,210,-90,104
73,0,13,1,55,55,50,50
73,1,14,1,55,60,50,50
73,2,2,0,45,60,55,50
73,3,11,0,40,60,55,52
73,4,31,0,40,65,45,52
73,5,9,1,45,65,45,52
73,6,37,0,33,75,45,52
73,7,1,1,25,75,50,52
73,8,17,1,10,75,60,52
73,9,42,1,10,80,60,52
73,10,26,1,20,80,55,52
73,11,36,0,20,75,55,54
73,12,43,0,40,75,45,54
73,13,39,1,45,75,45,49
73,14,21,0,40,75,60,49
73,15,13,0,40,75,60,54
73,16,20,0,35,75,75,54
73,17,7,1,40,75,75,49
73,18,24,1,45,75,75,49
73,19,46,0,38,75,75,54
73,20,25,0,38,70,85,54
73,21,41,0,28,80,85,54
73,22,26,1,38,80,80,54
73,23,45,1,38,85,80,54
73,24,5,1,43,85,70,54
73,25,1,0,53,85,55,54
73,26,27,1,53,90,50,54
73,27,2,0,43,90,55,54
73,28,11,1,48,90,55,54
73,29,7,0,33,95,55,54
73,30,21,1,33,100,40,54
73,31,12,1,38,100,40,54
73,32,28,0,28,100,50,54
73,33,36,1,28,105,50,49
73,34,22,0,23,105,55,49
73,35,38,1,28,105,55,49
73,36,5,1,33,105,45,49
73,37,13,0,33,105,45,54
73,38,4,1,43,105,45,49
73,39,48,1,43,110,45,39
73,40,45,1,43,115,45,39
73,41,41,1,48,105,45,39
73,42,47,1,48,105,45,54
73,43,11,1,53,105,45,54
73,44,2,1,58,105,35,54
73,45,17,1,43,105,45,54
73,46,12,0,38,115,45,54
73,47,3,1,31,115,45,59
73,48,36,1,31,120,45,54
73,49,10,0,26,125,45,54
73,50,21,0,21,125,60,54
73,51,14,0,21,125,60,59
73,52,4,1,31,125,60,54
73,53,46,1,36,125,60,49
73,54,13,1,41,130,60,49
73,55,1,1,33,130,65,49
73,56,43,1,33,130,70,34
73,57,40,0,33,140,60,34
73,58,16,1,33,140,50,34
73,59,10,1,53,140,40,34
73,60,5,1,58,140,30,34
73,61,2,0,48,140,35,34
73,62,41,1,53,130,35,34
73,63,11,1,58,130,35,34
73,64,45,1,58,135,35,34
73,65,39,0,51,140,35,34
73,66,12,0,46,150,35,34
73,67,44,0,46,150,45,39
73,68,9,1,51,150,45,39
73,69,13,1,56,155,45,39
73,70,6,0,66,155,40,39
73,71,22,1,66,160,30,39
73,72,21,0,61,160,45,39
73,73,46,0,54,160,45,44
73,74,24,0,49,160,50,44
73,75,36,0,49,155,50,46
73,76,28,0,39,155,60,46
73,77,38,1,44,155,60,46
73,78,12,1,49,155,60,46
73,79,23,0,44,145,60,51
73,80,11,1,49,145,60,51
73,81,37,0,37,155,60,51
73,82,14,0,37,155,60,56
73,83,20,0,32,155,75,56
73,84,3,1,25,155,75,61
73,85,27,1,25,160,70,61
73,86,26,0,20,160,70,66
73,87,22,0,15,160,75,66
73,88,24,0,10,160,80,66
73,89,16,0,0,165,80,66
73,90,1,1,-8,165,85,66
73,91,15,0,12,160,85,66
73,92,21,1,12,165,70,66
73,93,11,0,7,165,70,68
73,94,7,0,-8,170,70,68
73,95,41,0,-18,180,70,68
73,96,42,0,-26,180,70,78
73,97,23,1,-16,180,65,78
73,98,12,0,-21,190,65,78
73,99,46,0,-28,190,65,83
74,0,31,1,50,50,60,50
74,1,13,0,50,50,60,55
74,2,45,1,50,55,60,55
74,3,43,0,70,55,50,55
74,4,15,1,70,60,50,55
74,5,23,0,65,50,50,60
74,6,25,1,65,55,40,60
74,7,42,1,65,60,40,60
74,8,22,1,65,65,30,60
74,9,14,0,65,65,30,65
74,10,1,0,75,65,15,65
74,11,46,1,80,65,15,60
74,12,4,1,90,65,15,55
74,13,36,0,90,60,15,57
74,14,48,0,80,60,15,62
74,15,28,1,90,60,15,62
74,16,38,0,85,65,15,62
74,17,2,0,75,65,20,62
74,18,24,1,80,65,20,62
74,19,13,0,80,65,20,67
74,20,20,0,75,65,35,67
74,21,14,1,75,70,35,67
74,22,21,1,75,75,20,67
74,23,15,1,75,80,20,67
74,24,16,1,75,80,10,67
74,25,11,0,70,80,10,69
74,26,6,0,80,80,5,69
74,27,5,0,75,80,10,69
74,28,43,1,75,80,15,54
74,29,41,1,80,70,15,54
74,30,26,1,90,70,10,54
74,31,12,0,85,80,10,54
74,32,17,0,65,90,10,54
74,33,24,1,70,90,10,54
74,34,29,0,60,90,15,54
74,35,27,1,60,95,10,54
74,36,15,0,80,90,10,54
74,37,2,0,70,90,15,54
74,38,48,0,60,90,15,59
74,39,10,1,80,90,5,59
74,40,21,0,75,90,20,59
74,41,22,0,70,90,25,59
74,42,8,0,70,95,15,59
74,43,6,1,62,95,15,64
74,44,41,0,52,105,15,64
74,45,12,0,47,115,15,64
74,46,14,1,47,120,15,64
74,47,16,1,47,120,5,64
74,48,24,0,42,120,10,64
74,49,23,0,37,110,10,69
74,50,10,1,57,110,0,69
74,51,25,0,57,105,10,69
74,52,37,1,67,105,10,69
74,53,19,0,47,105,20,79
74,54,38,1,52,105,20,79
74,55,7,0,37,110,20,79
74,56,5,0,32,110,25,79
74,57,41,0,22,120,25,79
74,58,46,0,15,120,25,84
74,59,12,1,20,120,25,84
74,60,20,1,20,125,10,84
74,61,40,0,20,135,0,84
74,62,10,1,40,135,-10,84
74,63,14,0,40,135,-10,89
74,64,8,1,30,135,-10,94
74,65,25,0,30,130,0,94
74,66,28,0,20,130,10,94
74,67,3,1,13,130,10,99
74,68,42,1,13,135,10,99
74,69,47,0,38,135,10,99
74,70,13,0,38,135,10,104
74,71,46,0,31,135,10,109
74,72,9,1,36,135,10,109
74,73,24,0,31,135,15,109
74,74,21,0,26,135,30,109
74,75,38,0,21,140,30,109
74,76,6,1,13,140,30,114
74,77,1,1,5,140,35,114
74,78,27,1,5,145,30,114
74,79,32,0,5,150,15,114
74,80,4,0,-10,155,15,114
74,81,33,1,-10,160,15,114
74,82,2,0,-20,160,20,114
74,83,7,0,-35,165,20,114
74,84,8,0,-35,170,10,114
74,85,25,1,-35,175,0,114
74,86,12,0,-40,185,0,114
74,87,20,1,-40,190,-15,114
74,88,10,1,-20,190,-25,114
74,89,3,1,-27,190,-25,119
74,90,5,0,-32,190,-20,119
74,91,11,0,-37,190,-20,121
74,92,28,1,-27,190,-20,121
74,93,14,0,-27,190,-20,126
74,94,4,1,-17,190,-20,121
74,95,16,1,-17,190,-30,121
74,96,45,0,-17,190,-30,126
74,97,6,1,-25,190,-30,131
74,98,41,1,-20,180,-30,131
74,99,15,0,0,175,-30,131
75,0,1,1,42,50,55,50
75,1,45,0,42,50,55,55
75,2,46,1,47,50,55,50
75,3,18,0,22,50,55,60
75,4,7,1,27,50,55,55
75,5,23,1,37,50,50,55
75,6,22,1,37,55,40,55
75,7,29,1,37,70,20,55
75,8,41,0,27,80,20,55
75,9,6,1,19,80,20,60
75,10,2,1,24,80,10,60
75,11,17,0,4,90,10,60
75,12,48,0,-6,90,10,65
75,13,14,0,-6,90,10,70
75,14,26,1,4,90,5,70
75,15,42,1,4,95,5,70
75,16,9,1,9,95,5,70
75,17,24,1,14,95,5,70
75,18,10,1,34,95,-5,70
75,19,31,0,34,100,-15,70
75,20,4,1,44,100,-15,65
75,21,25,0,44,95,-5,65
75,22,16,0,34,100,-5,65
75,23,11,1,39,100,-5,65
75,24,45,1,39,105,-5,65
75,25,13,0,39,105,-5,70
75,26,8,1,29,105,-5,75
75,27,41,0,19,115,-5,75
75,28,36,1,19,120,-5,70
75,29,1,0,29,120,-20,70
75,30,26,1,39,120,-25,70
75,31,20,1,39,125,-40,70
75,32,39,0,32,130,-40,70
75,33,6,0,42,130,-45,70
75,34,5,1,47,130,-55,70
75,35,27,1,47,135,-60,70
75,36,46,0,40,135,-60,75
75,37,21,1,40,140,-75,75
75,38,2,0,30,140,-70,75
75,39,24,1,35,140,-70,75
75,40,22,0,30,140,-65,75
75,41,40,0,30,150,-75,75
75,42,16,1,30,150,-85,75
75,43,12,1,35,150,-85,75
75,44,25,1,35,155,-95,75
75,45,18,1,45,155,-95,75
75,46,7,1,50,155,-95,70
75,47,3,1,43,155,-95,75
75,48,32,1,43,145,-80,75
75,49,6,0,53,145,-85,75
75,50,9,0,48,145,-85,80
75,51,5,0,43,145,-80,80
75,52,20,1,43,150,-95,80
75,53,44,0,43,150,-85,85
75,54,13,1,48,155,-85,85
75,55,22,0,43,155,-80,85
75,56,12,1,48,155,-80,85
75,57,29,0,38,155,-75,85
75,58,33,1,38,160,-75,85
75,59,24,0,33,160,-70,85
75,60,28,1,43,160,-70,85
75,61,7,1,48,160,-70,80
75,62,2,1,53,160,-80,80
75,63,5,1,58,160,-90,80
75,64,34,0,58,145,-75,80
75,65,27,1,58,150,-80,80
75,66,9,1,63,150,-80,80
75,67,46,1,68,150,-80,75
75,68,26,1,78,150,-85,75
75,69,13,1,83,155,-85,75
75,70,1,0,93,155,-100,75
75,71,23,1,103,155,-105,75
75,72,25,1,103,160,-115,75
75,73,16,0,93,165,-115,75
75,74,15,1,93,170,-115,75
75,75,12,1,98,170,-115,75
75,76,10,1,118,170,-125,75
75,77,2,0,108,170,-120,75
75,78,44,0,108,170,-110,80
75,79,46,0,101,170,-110,85
75,80,35,1,101,160,-100,85
75,81,4,1,111,160,-100,80
75,82,19,0,91,160,-90,90
75,83,14,0,91,160,-90,95
75,84,42,0,83,160,-90,105
75,85,40,0,83,170,-100,105
75,86,8,1,73,170,-100,110
75,87,45,1,73,175,-100,110
75,88,25,1,73,180,-110,110
75,89,26,0,68,180,-110,115
75,90,21,1,68,185,-125,115
75,91,23,1,78,185,-130,115
75,92,9,1,83,185,-130,115
75,93,29,1,83,200,-150,115
75,94,22,1,83,205,-160,115
75,95,1,0,93,205,-175,115
75,96,5,0,88,205,-170,115
75,97,10,1,108,205,-180,115
75,98,30,0,108,205,-190,125
75,99,12,1,113,205,-190,125
76,0,27,1,50,55,45,50
76,1,4,1,60,55,45,45
76,2,1,1,52,55,50,45
76,3,21,1,52,60,35,45
76,4,41,1,57,50,35,45
76,5,46,0,50,50,35,50
76,6,48,0,40,50,35,55
76,7,40,0,40,60,25,55
76,8,9,1,45,60,25,55
76,9,37,1,55,60,25,55
76,10,7,0,40,65,25,55
76,11,25,1,40,70,15,55
76,12,44,0,40,70,25,60
76,13,3,1,33,70,25,65
76,14,2,0,23,70,30,65
76,15,10,0,18,75,30,65
76,16,24,0,13,75,35,65
76,17,15,0,33,70,35,65
76,18,20,0,28,70,50,65
76,19,46,0,21,70,50,70
76,20,26,0,16,70,50,75
76,21,45,0,16,70,50,80
76,22,4,1,26,70,50,75
76,23,14,1,26,75,50,75
76,24,25,1,26,80,40,75
76,25,41,0,16,90,40,75
76,26,10,1,36,90,30,75
76,27,23,1,46,90,25,75
76,28,22,1,46,95,15,75
76,29,12,1,51,95,15,75
76,30,11,0,46,95,15,77
76,31,31,0,46,100,5,77
76,32,44,1,51,100,5,77
76,33,9,0,46,100,5,82
76,34,36,0,46,95,5,84
76,35,1,0,56,95,-10,84
76,36,32,1,56,85,5,84
76,37,40,0,56,95,-5,84
76,38,25,0,56,90,5,84
76,39,19,0,36,90,15,94
76,40,15,0,56,85,15,94
76,41,14,1,56,90,15,94
76,42,39,0,49,95,15,94
76,43,23,1,59,95,10,94
76,44,45,0,59,95,10,99
76,45,4,1,69,95,10,94
76,46,13,1,74,100,10,94
76,47,1,0,84,100,-5,94
76,48,41,0,74,110,-5,94
76,49,5,0,69,110,0,94
76,50,6,0,79,110,-5,94
76,51,30,0,79,110,-15,104
76,52,28,1,89,110,-15,104
76,53,16,0,79,115,-15,104
76,54,22,1,79,120,-25,104
76,55,11,1,84,120,-25,104
76,56,2,0,74,120,-20,104
76,57,21,0,69,120,-5,104
76,58,29,0,59,120,0,104
76,59,33,1,59,125,0,104
76,60,47,1,59,125,0,119
76,61,10,1,79,125,-10,119
76,62,25,1,79,130,-20,119
76,63,36,1,79,135,-20,114
76,64,23,1,89,135,-25,114
76,65,7,1,94,135,-25,109
76,66,40,0,94,145,-35,109
76,67,11,0,89,145,-35,111
76,68,26,0,84,145,-35,116
76,69,4,1,94,145,-35,111
76,70,21,0,89,145,-20,111
76,71,24,1,94,145,-20,111
76,72,14,1,94,150,-20,111
76,73,1,0,104,150,-35,111
76,74,15,1,104,155,-35,111
76,75,48,0,94,155,-35,116
76,76,34,0,94,140,-20,116
76,77,43,0,114,140,-30,116
76,78,9,1,119,140,-30,116
76,79,16,1,119,140,-40,116
76,80,17,1,104,140,-30,116
76,81,39,0,97,145,-30,116
76,82,25,0,97,140,-20,116
76,83,46,1,102,140,-20,111
76,84,2,0,92,140,-15,111
76,85,12,1,97,140,-15,111
76,86,3,0,112,140,-20,111
76,87,1,0,122,140,-35,111
76,88,6,0,132,140,-40,111
76,89,15,0,152,135,-40,111
76,90,35,0,152,143,-55,111
76,91,10,0,147,148,-55,111
76,92,4,1,157,148,-55,106
76,93,8,1,147,148,-55,111
76,94,47,1,147,148,-55,126
76,95,26,1,157,148,-60,126
76,96,20,1,157,153,-75,126
76,97,16,1,157,153,-85,126
76,98,5,1,162,153,-95,126
76,99,14,1,162,158,-95,126
77,0,15,0,70,45,50,50
77,1,13,0,70,45,50,55
77,2,12,1,75,45,50,55
77,3,22,0,70,45,55,55
77,4,30,1,70,45,65,55
77,5,31,0,70,50,55,55
77,6,32,1,70,40,70,55
77,7,41,0,60,50,70,55
77,8,19,0,40,50,80,65
77,9,24,1,45,50,80,65
77,10,25,0,45,45,90,65
77,11,3,1,38,45,90,70
77,12,44,0,38,45,100,75
77,13,5,0,33,45,105,75
77,14,16,0,23,50,105,75
77,15,7,1,28,50,105,70
77,16,12,0,23,60,105,70
77,17,18,1,33,60,105,70
77,18,10,0,28,65,105,70
77,19,8,0,28,70,95,70
77,20,11,1,33,70,95,70
77,21,43,0,53,70,85,70
77,22,42,0,45,70,85,80
77,23,15,0,65,65,85,80
77,24,28,0,55,65,95,80
77,25,22,1,55,70,85,80
77,26,47,0,80,70,85,80
77,27,12,1,85,70,85,80
77,28,1,1,77,70,90,80
77,29,13,1,82,75,90,80
77,30,2,1,87,75,80,80
77,31,5,0,82,75,85,80
77,32,33,1,82,80,85,80
77,33,14,0,82,80,85,85
77,34,16,0,72,85,85,85
77,35,9,1,77,85,85,85
77,36,4,0,62,90,85,85
77,37,8,1,52,90,85,90
77,38,38,0,47,95,85,90
77,39,15,1,47,100,85,90
77,40,36,1,47,105,85,85
77,41,43,1,47,105,90,70
77,42,23,0,42,95,90,75
77,43,1,0,52,95,75,75
77,44,5,1,57,95,65,75
77,45,40,1,57,85,75,75
77,46,3,1,50,85,75,80
77,47,41,0,40,95,75,80
77,48,12,1,45,95,75,80
77,49,26,0,40,95,75,85
77,50,34,1,55,95,75,85
77,51,11,1,60,95,75,85
77,52,24,0,55,95,80,85
77,53,35,0,55,103,65,85
77,54,23,1,65,103,60,85
77,55,14,1,65,108,60,85
77,56,45,1,65,113,60,85
77,57,28,1,75,113,60,85
77,58,12,0,70,123,60,85
77,59,4,1,80,123,60,80
77,60,17,0,60,133,60,80
77,61,11,1,65,133,60,80
77,62,25,1,65,138,50,80
77,63,3,1,58,138,50,85
77,64,21,1,58,143,35,85
77,65,19,0,38,143,45,95
77,66,13,1,43,148,45,95
77,67,43,1,43,148,50,80
77,68,26,0,38,148,50,85
77,69,12,1,43,148,50,85
77,70,39,1,48,148,50,80
77,71,7,1,53,148,50,75
77,72,6,1,45,148,50,80
77,73,10,1,65,148,40,80
77,74,1,1,57,148,45,80
77,75,16,0,47,153,45,80
77,76,15,1,47,158,45,80
77,77,23,0,42,148,45,85
77,78,21,1,42,153,30,85
77,79,9,1,47,153,30,85
77,80,4,0,32,158,30,85
77,81,26,1,42,158,25,85
77,82,3,1,35,158,25,90
77,83,7,1,40,158,25,85
77,84,5,0,35,158,30,85
77,85,24,0,30,158,35,85
77,86,41,0,20,168,35,85
77,87,2,0,10,168,40,85
77,88,16,0,0,173,40,85
77,89,23,0,-5,163,40,90
77,90,14,0,-5,163,40,95
77,91,18,1,5,163,40,95
77,92,44,0,5,163,50,100
77,93,20,1,5,168,35,100
77,94,26,0,0,168,35,105
77,95,1,0,10,168,20,105
77,96,8,1,0,168,20,110
77,97,5,1,5,168,10,110
77,98,12,1,10,168,10,110
77,99,11,1,15,168,10,110
78,0,4,0,35,55,50,50
78,1,40,0,35,65,40,50
78,2,16,0,25,70,40,50
78,3,13,0,25,70,40,55
78,4,41,1,30,60,40,55
78,5,5,1,35,60,30,55
78,6,43,1,35,60,35,40
78,7,29,0,25,60,40,40
78,8,31,0,25,65,30,40
78,9,20,0,20,65,45,40
78,10,15,1,20,70,45,40
78,11,22,0,15,70,50,40
78,12,11,1,20,70,50,40
78,13,9,1,25,70,50,40
78,14,14,0,25,70,50,45
78,15,3,0,40,70,45,45
78,16,16,0,30,75,45,45
78,17,25,1,30,80,35,45
78,18,21,0,25,80,50,45
78,19,27,0,35,65,50,45
78,20,13,0,35,65,50,50
78,21,29,1,35,80,30,50
78,22,26,0,30,80,30,55
78,23,23,1,40,80,25,55
78,24,2,1,45,80,15,55
78,25,8,1,35,80,15,60
78,26,41,0,25,90,15,60
78,27,14,1,25,95,15,60
78,28,3,0,40,95,10,60
78,29,19,1,55,95,10,60
78,30,25,1,55,100,0,60
78,31,39,0,48,105,0,60
78,32,48,0,38,105,0,65
78,33,12,1,43,105,0,65
78,34,15,1,43,110,0,65
78,35,5,1,48,110,-10,65
78,36,20,1,48,115,-25,65
78,37,6,1,40,115,-25,70
78,38,4,1,50,115,-25,65
78,39,26,0,45,115,-25,70
78,40,1,1,37,115,-20,70
78,41,24,0,32,115,-15,70
78,42,32,0,32,120,-30,70
78,43,42,1,32,125,-30,70
78,44,12,0,27,135,-30,70
78,45,23,1,37,135,-35,70
78,46,33,0,67,135,-35,70
78,47,16,0,57,140,-35,70
78,48,21,1,57,145,-50,70
78,49,3,1,50,145,-50,75
78,50,10,0,45,150,-50,75
78,51,25,0,45,145,-40,75
78,52,37,1,55,145,-40,75
78,53,2,0,45,145,-35,75
78,54,43,0,65,145,-45,75
78,55,20,1,65,150,-60,75
78,56,4,0,50,155,-60,75
78,57,9,0,45,155,-60,80
78,58,36,0,45,150,-60,82
78,59,44,0,45,150,-50,87
78,60,16,0,35,155,-50,87
78,61,42,0,27,155,-50,97
78,62,11,0,22,155,-50,99
78,63,5,1,27,155,-60,99
78,64,13,0,27,155,-60,104
78,65,45,0,27,155,-60,109
78,66,10,0,22,160,-60,109
78,67,7,1,27,160,-60,104
78,68,14,1,27,165,-60,104
78,69,39,0,20,170,-60,104
78,70,24,1,25,170,-60,104
78,71,48,1,25,175,-60,94
78,72,23,0,20,165,-60,99
78,73,21,1,20,170,-75,99
78,74,43,1,20,170,-70,84
78,75,38,1,25,170,-70,84
78,76,28,1,35,170,-70,84
78,77,2,1,40,170,-80,84
78,78,9,0,35,170,-80,89
78,79,1,1,27,170,-75,89
78,80,47,1,27,170,-75,104
78,81,25,0,27,165,-65,104
78,82,36,1,27,170,-65,99
78,83,3,0,42,170,-70,99
78,84,12,0,37,180,-70,99
78,85,41,1,42,170,-70,99
78,86,20,0,37,170,-55,99
78,87,13,0,37,170,-55,104
78,88,26,1,47,170,-60,104
78,89,15,1,47,175,-60,104
78,90,39,0,40,180,-60,104
78,91,46,0,33,180,-60,109
78,92,1,1,25,180,-55,109
78,93,7,1,30,180,-55,104
78,94,37,1,40,180,-55,104
78,95,43,0,60,180,-65,104
78,96,41,0,50,190,-65,104
78,97,5,0,45,190,-60,104
78,98,40,0,45,200,-70,104
78,99,3,1,38,200,-70,109
79,0,41,0,40,60,50,50
79,1,6,1,32,60,50,55
79,2,1,0,42,60,35,55
79,3,31,0,42,65,25,55
79,4,7,0,27,70,25,55
79,5,14,1,27,75,25,55
79,6,38,0,22,80,25,55
79,7,4,0,7,85,25,55
79,8,16,1,7,85,15,55
79,9,10,1,27,85,5,55
79,10,3,1,20,85,5,60
79,11,22,0,15,85,10,60
79,12,15,0,35,80,10,60
79,13,20,0,30,80,25,60
79,14,40,1,30,70,35,60
79,15,13,0,30,70,35,65
79,16,1,0,40,70,20,65
79,17,18,0,15,70,20,75
79,18,25,0,15,65,30,75
79,19,37,0,3,75,30,75
79,20,43,0,23,75,20,75
79,21,39,0,16,80,20,75
79,22,41,0,6,90,20,75
79,23,23,0,1,80,20,80
79,24,10,0,-4,85,20,80
79,25,9,0,-9,85,20,85
79,26,16,0,-19,90,20,85
79,27,24,0,-24,90,25,85
79,28,7,0,-39,95,25,85
79,29,26,1,-29,95,20,85
79,30,30,1,-29,95,30,85
79,31,3,0,-14,95,25,85
79,32,46,0,-21,95,25,90
79,33,15,0,-1,90,25,90
79,34,1,1,-9,90,30,90
79,35,25,1,-9,95,20,90
79,36,5,0,-14,95,25,90
79,37,18,1,-4,95,25,90
79,38,47,1,-4,95,25,105
79,39,12,0,-9,105,25,105
79,40,23,0,-14,95,25,110
79,41,39,1,-9,95,25,105
79,42,14,1,-9,100,25,105
79,43,48,0,-19,100,25,110
79,44,16,0,-29,105,25,110
79,45,4,0,-44,110,25,110
79,46,29,1,-44,125,5,110
79,47,36,0,-44,120,5,112
79,48,7,1,-39,120,5,107
79,49,32,1,-39,110,20,107
79,50,1,1,-47,110,25,107
79,51,11,0,-52,110,25,109
79,52,46,0,-59,110,25,114
79,53,41,0,-69,120,25,114
79,54,27,1,-69,125,20,114
79,55,47,0,-44,125,20,114
79,56,28,1,-34,125,20,114
79,57,10,0,-39,130,20,114
79,58,20,1,-39,135,5,114
79,59,42,1,-39,140,5,114
79,60,22,1,-39,145,-5,114
79,61,33,0,-9,145,-5,114
79,62,1,1,-17,145,0,114
79,63,3,0,-2,145,-5,114
79,64,38,1,3,145,-5,114
79,65,24,1,8,145,-5,114
79,66,4,1,18,145,-5,109
79,67,13,0,18,145,-5,114
79,68,36,1,18,150,-5,109
79,69,34,0,18,135,10,109
79,70,17,1,3,135,20,109
79,71,11,0,-2,135,20,111
79,72,48,1,-2,140,20,101
79,73,40,0,-2,150,10,101
79,74,9,0,-7,150,10,106
79,75,6,0,3,150,5,106
79,76,3,1,-4,150,5,111
79,77,22,0,-9,150,10,111
79,78,27,0,1,135,10,111
79,79,16,1,1,135,0,111
79,80,5,0,-4,135,5,111
79,81,15,0,16,130,5,111
79,82,1,0,26,130,-10,111
79,83,44,0,26,130,0,116
79,84,25,1,26,135,-10,116
79,85,18,0,1,135,-10,126
79,86,37,0,-11,145,-10,126
79,87,14,0,-11,145,-10,131
79,88,45,0,-11,145,-10,136
79,89,46,1,-6,145,-10,131
79,90,20,1,-6,150,-25,131
79,91,39,1,-1,150,-25,126
79,92,13,0,-1,150,-25,131
79,93,15,0,19,145,-25,131
79,94,28,1,29,145,-25,131
79,95,27,1,29,150,-30,131
79,96,1,0,39,150,-45,131
79,97,6,1,31,150,-45,136
79,98,41,0,21,160,-45,136
79,99,11,1,26,160,-45,136
80,0,25,0,50,45,60,50
80,1,1,1,42,45,65,50
80,2,5,1,47,45,55,50
80,3,16,1,47,45,45,50
80,4,14,0,47,45,45,55
80,5,38,1,52,45,45,55
80,6,18,1,62,45,45,55
80,7,8,0,62,50,35,55
80,8,41,1,67,40,35,55
80,9,10,1,87,40,25,55
80,10,20,0,82,40,40,55
80,11,22,0,77,40,45,55
80,12,42,1,77,45,45,55
80,13,37,0,65,55,45,55
80,14,2,1,70,55,35,55
80,15,5,0,65,55,40,55
80,16,31,0,65,60,30,55
80,17,7,1,70,60,30,50
80,18,13,1,75,65,30,50
80,19,14,1,75,70,30,50
80,20,23,0,70,60,30,55
80,21,25,0,70,55,40,55
80,22,16,0,60,60,40,55
80,23,12,0,55,70,40,55
80,24,48,1,55,75,40,45
80,25,26,1,65,75,35,45
80,26,21,0,60,75,50,45
80,27,15,0,80,70,50,45
80,28,41,1,85,60,50,45
80,29,5,1,90,60,40,45
80,30,10,1,110,60,30,45
80,31,44,0,110,60,40,50
80,32,24,0,105,60,45,50
80,33,8,0,105,65,35,50
80,34,12,1,110,65,35,50
80,35,9,0,105,65,35,55
80,36,1,0,115,65,20,55
80,37,15,0,135,60,20,55
80,38,13,0,135,60,20,60
80,39,11,0,130,60,20,62
80,40,6,1,122,60,20,67
80,41,5,1,127,60,10,67
80,42,47,1,127,60,10,82
80,43,14,0,127,60,10,87
80,44,30,0,127,60,0,97
80,45,32,0,127,65,-15,97
80,46,20,0,122,65,0,97
80,47,42,0,114,65,0,107
80,48,16,0,104,70,0,107
80,49,40,0,104,80,-10,107
80,50,12,0,99,90,-10,107
80,51,23,0,94,80,-10,112
80,52,11,1,99,80,-10,112
80,53,39,1,104,80,-10,107
80,54,8,0,104,85,-20,107
80,55,9,0,99,85,-20,112
80,56,41,0,89,95,-20,112
80,57,3,1,82,95,-20,117
80,58,2,1,87,95,-30,117
80,59,33,0,117,95,-30,117
80,60,16,0,107,100,-30,117
80,61,46,0,100,100,-30,122
80,62,20,1,100,105,-45,122
80,63,1,1,92,105,-40,122
80,64,4,0,77,110,-40,122
80,65,21,0,72,110,-25,122
80,66,22,1,72,115,-35,122
80,67,23,1,82,115,-40,122
80,68,5,1,87,115,-50,122
80,69,36,1,87,120,-50,117
80,70,9,1,92,120,-50,117
80,71,10,1,112,120,-60,117
80,72,3,1,105,120,-60,122
80,73,38,1,110,120,-60,122
80,74,12,1,115,120,-60,122
80,75,2,0,105,120,-55,122
80,76,24,0,100,120,-50,122
80,77,16,1,100,120,-60,122
80,78,1,0,110,120,-75,122
80,79,13,1,115,125,-75,122
80,80,23,1,125,125,-80,122
80,81,4,1,135,125,-80,117
80,82,20,0,130,125,-65,117
80,83,34,0,130,110,-50,117
80,84,42,0,122,110,-50,127
80,85,40,1,122,100,-40,127
80,86,12,0,117,110,-40,127
80,87,27,0,127,95,-40,127
80,88,3,1,120,95,-40,132
80,89,5,1,125,95,-50,132
80,90,46,0,118,95,-50,137
80,91,38,0,113,100,-50,137
80,92,10,1,133,100,-60,137
80,93,7,0,118,105,-60,137
80,94,25,1,118,110,-70,137
80,95,2,1,123,110,-80,137
80,96,19,0,103,110,-70,147
80,97,4,0,88,115,-70,147
80,98,13,0,88,115,-70,152
80,99,9,0,83,115,-70,157
81,0,4,0,35,55,50,50
81,1,11,1,40,55,50,50
81,2,9,1,45,55,50,50
81,3,14,1,45,60,50,50
81,4,40,0,45,70,40,50
81,5,23,0,40,60,40,55
81,6,13,0,40,60,40,60
81,7,15,0,60,55,40,60
81,8,39,0,53,60,40,60
81,9,22,1,53,65,30,60
81,10,12,0,48,75,30,60
81,11,38,0,43,80,30,60
81,12,26,0,38,80,30,65
81,13,36,0,38,75,30,67
81,14,5,0,33,75,35,67
81,15,45,0,33,75,35,72
81,16,20,0,28,75,50,72
81,17,4,1,38,75,50,67
81,18,47,1,38,75,50,82
81,19,3,0,53,75,45,82
81,20,1,0,63,75,30,82
81,21,23,1,73,75,25,82
81,22,31,1,73,75,35,82
81,23,25,0,73,70,45,82
81,24,22,0,68,70,50,82
81,25,9,0,63,70,50,87
81,26,41,1,68,60,50,87
81,27,13,0,68,60,50,92
81,28,16,1,68,60,40,92
81,29,24,0,63,60,45,92
81,30,46,0,56,60,45,97
81,31,3,0,71,60,40,97
81,32,2,1,76,60,30,97
81,33,5,1,81,60,20,97
81,34,20,1,81,65,5,97
81,35,12,1,86,65,5,97
81,36,8,0,86,70,-5,97
81,37,42,0,78,70,-5,107
81,38,4,0,63,75,-5,107
81,39,45,0,63,75,-5,112
81,40,25,0,63,70,5,112
81,41,15,0,83,65,5,112
81,42,36,1,83,70,5,107
81,43,9,0,78,70,5,112
81,44,48,0,68,70,5,117
81,45,27,1,68,75,0,117
81,46,46,0,61,75,0,122
81,47,16,0,51,80,0,122
81,48,24,1,56,80,0,122
81,49,26,0,51,80,0,127
81,50,14,1,51,85,0,127
81,51,5,0,46,85,5,127
81,52,18,1,56,85,5,127
81,53,22,1,56,90,-5,127
81,54,3,1,49,90,-5,132
81,55,47,1,49,90,-5,147
81,56,41,0,39,100,-5,147
81,57,10,1,59,100,-15,147
81,58,12,1,64,100,-15,147
81,59,2,1,69,100,-25,147
81,60,16,0,59,105,-25,147
81,61,32,0,59,110,-40,147
81,62,1,0,69,110,-55,147
81,63,19,1,84,110,-55,147
81,64,44,1,89,110,-55,147
81,65,5,0,84,110,-50,147
81,66,41,1,89,100,-50,147
81,67,9,0,84,100,-50,152
81,68,33,0,114,100,-50,152
81,69,25,1,114,105,-60,152
81,70,48,1,114,110,-60,142
81,71,30,1,114,110,-50,142
81,72,15,0,134,105,-50,142
81,73,16,1,134,105,-60,142
81,74,13,1,139,110,-60,142
81,75,22,1,139,115,-70,142
81,76,17,0,119,125,-70,142
81,77,14,1,119,130,-70,142
81,78,11,0,114,130,-70,144
81,79,4,1,124,130,-70,139
81,80,23,1,134,130,-75,139
81,81,10,0,129,135,-75,139
81,82,18,1,139,135,-75,139
81,83,8,1,129,135,-75,144
81,84,5,0,124,135,-70,144
81,85,34,0,124,120,-55,144
81,86,24,0,119,120,-50,144
81,87,20,0,114,120,-35,144
81,88,29,0,104,120,-30,144
81,89,11,0,99,120,-30,146
81,90,2,0,89,120,-25,146
81,91,39,0,82,125,-25,146
81,92,41,0,72,135,-25,146
81,93,40,0,72,145,-35,146
81,94,1,1,64,145,-30,146
81,95,43,1,64,145,-25,131
81,96,7,1,69,145,-25,126
81,97,26,0,64,145,-25,131
81,98,28,1,74,145,-25,131
81,99,9,1,79,145,-25,131
82,0,8,0,50,55,40,50
82,1,13,0,50,55,40,55
82,2,24,0,45,55,45,55
82,3,25,0,45,50,55,55
82,4,7,1,50,50,55,50
82,5,5,1,55,50,45,50
82,6,48,0,45,50,45,55
82,7,44,1,50,50,45,55
82,8,40,1,50,40,55,55
82,9,4,0,35,45,55,55
82,10,37,1,45,45,55,55
82,11,10,0,40,50,55,55
82,12,20,0,35,50,70,55
82,13,17,0,15,60,70,55
82,14,1,1,7,60,75,55
82,15,27,1,7,65,70,55
82,16,7,1,12,65,70,50
82,17,22,0,7,65,75,50
82,18,31,1,7,65,85,50
82,19,42,0,-1,65,85,60
82,20,28,0,-11,65,95,60
82,21,4,1,-1,65,95,55
82,22,23,0,-6,55,95,60
82,23,25,0,-6,50,105,60
82,24,44,0,-6,50,115,65
82,25,46,0,-13,50,115,70
82,26,14,0,-13,50,115,75
82,27,27,0,-3,35,115,75
82,28,13,1,2,40,115,75
82,29,26,1,12,40,110,75
82,30,20,1,12,45,95,75
82,31,15,0,32,40,95,75
82,32,22,1,32,45,85,75
82,33,36,0,32,40,85,77
82,34,3,1,25,40,85,82
82,35,10,1,45,40,75,82
82,36,1,0,55,40,60,82
82,37,7,1,60,40,60,77
82,38,42,0,52,40,60,87
82,39,9,0,47,40,60,92
82,40,6,0,57,40,55,92
82,41,26,0,52,40,55,97
82,42,5,1,57,40,45,97
82,43,43,0,77,40,35,97
82,44,48,1,77,45,35,87
82,45,21,0,72,45,50,87
82,46,44,1,77,45,50,87
82,47,14,0,77,45,50,92
82,48,22,1,77,50,40,92
82,49,28,1,87,50,40,92
82,50,3,1,80,50,40,97
82,51,4,1,90,50,40,92
82,52,41,0,80,60,40,92
82,53,2,1,85,60,30,92
82,54,15,0,105,55,30,92
82,55,26,0,100,55,30,97
82,56,23,0,95,45,30,102
82,57,32,0,95,50,15,102
82,58,39,0,88,55,15,102
82,59,8,1,78,55,15,107
82,60,33,0,108,55,15,107
82,61,20,1,108,60,0,107
82,62,25,1,108,65,-10,107
82,63,12,1,113,65,-10,107
82,64,34,1,128,65,-10,107
82,65,28,1,138,65,-10,107
82,66,9,0,133,65,-10,112
82,67,36,1,133,70,-10,107
82,68,26,1,143,70,-15,107
82,69,24,1,148,70,-15,107
82,70,44,1,153,70,-15,107
82,71,8,1,143,70,-15,112
82,72,15,1,143,75,-15,112
82,73,41,0,133,85,-15,112
82,74,4,1,143,85,-15,107
82,75,16,1,143,85,-25,107
82,76,3,1,136,85,-25,112
82,77,27,0,146,70,-25,112
82,78,1,1,138,70,-20,112
82,79,30,0,138,70,-30,122
82,80,13,1,143,75,-30,122
82,81,9,0,138,75,-30,127
82,82,6,1,130,75,-30,132
82,83,23,0,125,65,-30,137
82,84,5,0,120,65,-25,137
82,85,12,1,125,65,-25,137
82,86,26,0,120,65,-25,142
82,87,11,1,125,65,-25,142
82,88,2,1,130,65,-35,142
82,89,21,0,125,65,-20,142
82,90,1,0,135,65,-35,142
82,91,36,1,135,70,-35,137
82,92,48,0,125,70,-35,142
82,93,25,1,125,75,-45,142
82,94,22,0,120,75,-40,142
82,95,18,1,130,75,-40,142
82,96,28,0,120,75,-30,142
82,97,20,0,115,75,-15,142
82,98,43,0,135,75,-25,142
82,99,15,0,155,70,-25,142
83,0,13,1,55,55,50,50
83,1,31,0,55,60,40,50
83,2,41,0,45,70,40,50
83,3,2,1,50,70,30,50
83,4,14,0,50,70,30,55
83,5,27,1,50,75,25,55
83,6,21,1,50,80,10,55
83,7,42,0,42,80,10,65
83,8,9,0,37,80,10,70
83,9,22,0,32,80,15,70
83,10,11,1,37,80,15,70
83,11,25,1,37,85,5,70
83,12,3,0,52,85,0,70
83,13,26,0,47,85,0,75
83,14,41,1,52,75,0,75
83,15,46,1,57,75,0,70
83,16,4,0,42,80,0,70
83,17,24,0,37,80,5,70
83,18,14,1,37,85,5,70
83,19,36,0,37,80,5,72
83,20,44,0,37,80,15,77
83,21,15,1,37,85,15,77
83,22,23,0,32,75,15,82
83,23,20,0,27,75,30,82
83,24,11,1,32,75,30,82
83,25,9,0,27,75,30,87
83,26,3,1,20,75,30,92
83,27,32,0,20,80,15,92
83,28,22,0,15,80,20,92
83,29,33,1,15,85,20,92
83,30,26,0,10,85,20,97
83,31,16,0,0,90,20,97
83,32,45,1,0,95,20,97
83,33,38,0,-5,100,20,97
83,34,43,1,-5,100,25,82
83,35,6,1,-13,100,25,87
83,36,7,1,-8,100,25,82
83,37,5,1,-3,100,15,82
83,38,40,0,-3,110,5,82
83,39,14,1,-3,115,5,82
83,40,27,1,-3,120,0,82
83,41,16,1,-3,120,-10,82
83,42,21,1,-3,125,-25,82
83,43,15,0,17,120,-25,82
83,44,1,0,27,120,-40,82
83,45,47,0,52,120,-40,82
83,46,3,0,67,120,-45,82
83,47,4,1,77,120,-45,77
83,48,45,0,77,120,-45,82
83,49,28,1,87,120,-45,82
83,50,22,1,87,125,-55,82
83,51,9,0,82,125,-55,87
83,52,13,1,87,130,-55,87
83,53,37,1,97,130,-55,87
83,54,2,1,102,130,-65,87
83,55,8,0,102,135,-75,87
83,56,20,0,97,135,-60,87
83,57,17,0,77,145,-60,87
83,58,25,1,77,150,-70,87
83,59,3,0,92,150,-75,87
83,60,30,1,92,150,-65,87
83,61,39,1,97,150,-65,82
83,62,5,0,92,150,-60,82
83,63,11,1,97,150,-60,82
83,64,23,0,92,140,-60,87
83,65,12,1,97,140,-60,87
83,66,21,1,97,145,-75,87
83,67,18,1,107,145,-75,87
83,68,1,1,99,145,-70,87
83,69,37,0,87,155,-70,87
83,70,4,0,72,160,-70,87
83,71,14,1,72,165,-70,87
83,72,41,1,77,155,-70,87
83,73,20,0,72,155,-55,87
83,74,5,0,67,155,-50,87
83,75,25,1,67,160,-60,87
83,76,44,0,67,160,-50,92
83,77,11,0,62,160,-50,94
83,78,12,0,57,170,-50,94
83,79,34,0,57,155,-35,94
83,80,13,0,57,155,-35,99
83,81,15,0,77,150,-35,99
83,82,16,1,77,150,-45,99
83,83,26,0,72,150,-45,104
83,84,8,1,62,150,-45,109
83,85,46,0,55,150,-45,114
83,86,4,0,40,155,-45,114
83,87,14,1,40,160,-45,114
83,88,7,1,45,160,-45,109
83,89,6,0,55,160,-50,109
83,90,43,0,75,160,-60,109
83,91,23,1,85,160,-65,109
83,92,16,1,85,160,-75,109
83,93,9,1,90,160,-75,109
83,94,38,0,85,165,-75,109
83,95,36,1,85,170,-75,104
83,96,11,1,90,170,-75,104
83,97,39,0,83,175,-75,104
83,98,13,1,88,180,-75,104
83,99,20,0,83,180,-60,104
84,0,41,1,55,40,50,50
84,1,36,1,55,45,50,45
84,2,15,0,75,40,50,45
84,3,46,1,80,40,50,40
84,4,11,0,75,40,50,42
84,5,12,0,70,50,50,42
84,6,16,0,60,55,50,42
84,7,7,1,65,55,50,37
84,8,3,0,80,55,45,37
84,9,30,1,80,55,55,37
84,10,40,0,80,65,45,37
84,11,2,0,70,65,50,37
84,12,44,0,70,65,60,42
84,13,26,0,65,65,60,47
84,14,14,1,65,70,60,47
84,15,12,0,60,80,60,47
84,16,15,0,80,75,60,47
84,17,46,1,85,75,60,42
84,18,20,1,85,80,45,42
84,19,18,0,60,80,45,52
84,20,43,1,60,80,50,37
84,21,39,0,53,85,50,37
84,22,42,0,45,85,50,47
84,23,9,0,40,85,50,52
84,24,31,0,40,90,40,52
84,25,1,0,50,90,25,52
84,26,23,1,60,90,20,52
84,27,19,0,40,90,30,62
84,28,12,1,45,90,30,62
84,29,10,1,65,90,20,62
84,30,41,0,55,100,20,62
84,31,15,0,75,95,20,62
84,32,26,0,70,95,20,67
84,33,22,0,65,95,25,67
84,34,25,1,65,100,15,67
84,35,11,0,60,100,15,69
84,36,6,0,70,100,10,69
84,37,44,1,75,100,10,69
84,38,3,0,90,100,5,69
84,39,48,1,90,105,5,59
84,40,47,0,115,105,5,59
84,41,17,0,95,115,5,59
84,42,24,0,90,115,10,59
84,43,18,0,65,115,10,69
84,44,20,0,60,115,25,69
84,45,9,1,65,115,25,69
84,46,23,1,75,115,20,69
84,47,5,0,70,115,25,69
84,48,4,0,55,120,25,69
84,49,37,0,43,130,25,69
84,50,12,0,38,140,25,69
84,51,46,0,31,140,25,74
84,52,1,0,41,140,10,74
84,53,43,0,61,140,0,74
84,54,11,1,66,140,0,74
84,55,16,1,66,140,-10,74
84,56,42,1,66,145,-10,74
84,57,39,0,59,150,-10,74
84,58,44,0,59,150,0,79
84,59,27,1,59,155,-5,79
84,60,41,1,64,145,-5,79
84,61,24,1,69,145,-5,79
84,62,10,0,64,150,-5,79
84,63,25,0,64,145,5,79
84,64,32,1,64,135,20,79
84,65,15,0,84,130,20,79
84,66,12,0,79,140,20,79
84,67,26,0,74,140,20,84
84,68,14,0,74,140,20,89
84,69,22,0,69,140,25,89
84,70,3,0,84,140,20,89
84,71,33,1,84,145,20,89
84,72,19,1,99,145,20,89
84,73,41,0,89,155,20,89
84,74,2,0,79,155,25,89
84,75,7,0,64,160,25,89
84,76,24,1,69,160,25,89
84,77,36,0,69,155,25,91
84,78,15,1,69,160,25,91
84,79,44,1,74,160,25,91
84,80,16,1,74,160,15,91
84,81,28,1,84,160,15,91
84,82,37,1,94,160,15,91
84,83,10,0,89,165,15,91
84,84,39,0,82,170,15,91
84,85,12,0,77,180,15,91
84,86,27,0,87,165,15,91
84,87,22,1,87,170,5,91
84,88,38,0,82,175,5,91
84,89,46,0,75,175,5,96
84,90,3,0,90,175,0,96
84,91,18,0,65,175,0,106
84,92,9,1,70,175,0,106
84,93,14,1,70,180,0,106
84,94,15,0,90,175,0,106
84,95,7,1,95,175,0,101
84,96,43,0,115,175,-10,101
84,97,16,1,115,175,-20,101
84,98,34,1,130,175,-20,101
84,99,11,0,125,175,-20,103
85,0,27,0,60,35,50,50
85,1,25,1,60,40,40,50
85,2,3,1,53,40,40,55
85,3,4,1,63,40,40,50
85,4,26,1,73,40,35,50
85,5,31,1,73,40,45,50
85,6,11,0,68,40,45,52
85,7,16,1,68,40,35,52
85,8,38,1,73,40,35,52
85,9,9,0,68,40,35,57
85,10,2,0,58,40,40,57
85,11,13,1,63,45,40,57
85,12,21,0,58,45,55,57
85,13,46,0,51,45,55,62
85,14,27,0,61,30,55,62
85,15,15,0,81,25,55,62
85,16,36,1,81,30,55,57
85,17,11,1,86,30,55,57
85,18,12,1,91,30,55,57
85,19,48,0,81,30,55,62
85,20,19,0,61,30,65,72
85,21,30,0,61,30,55,82
85,22,20,0,56,30,70,82
85,23,14,1,56,35,70,82
85,24,21,0,51,35,85,82
85,25,23,1,61,35,80,82
85,26,9,1,66,35,80,82
85,27,15,0,86,30,80,82
85,28,1,0,96,30,65,82
85,29,11,0,91,30,65,84
85,30,25,0,91,25,75,84
85,31,16,1,91,25,65,84
85,32,39,0,84,30,65,84
85,33,41,0,74,40,65,84
85,34,5,0,69,40,70,84
85,35,10,1,89,40,60,84
85,36,13,0,89,40,60,89
85,37,20,1,89,45,45,89
85,38,26,0,84,45,45,94
85,39,15,0,104,40,45,94
85,40,32,0,104,45,30,94
85,41,22,1,104,50,20,94
85,42,2,1,109,50,10,94
85,43,47,0,134,50,10,94
85,44,42,1,134,55,10,94
85,45,30,0,134,55,0,104
85,46,8,1,124,55,0,109
85,47,9,1,129,55,0,109
85,48,43,1,129,55,5,94
85,49,23,1,139,55,0,94
85,50,25,0,139,50,10,94
85,51,16,1,139,50,0,94
85,52,3,0,154,50,-5,94
85,53,13,1,159,55,-5,94
85,54,41,0,149,65,-5,94
85,55,15,0,169,60,-5,94
85,56,37,1,179,60,-5,94
85,57,44,0,179,60,5,99
85,58,8,1,169,60,5,104
85,59,14,1,169,65,5,104
85,60,2,1,174,65,-5,104
85,61,6,1,166,65,-5,109
85,62,11,0,161,65,-5,111
85,63,23,1,171,65,-10,111
85,64,20,0,166,65,5,111
85,65,36,1,166,70,5,106
85,66,39,1,171,70,5,101
85,67,46,0,164,70,5,106
85,68,29,1,164,85,-15,106
85,69,9,1,169,85,-15,106
85,70,22,1,169,90,-25,106
85,71,10,1,189,90,-35,106
85,72,5,1,194,90,-45,106
85,73,3,0,209,90,-50,106
85,74,38,0,204,95,-50,106
85,75,1,1,196,95,-45,106
85,76,7,0,181,100,-45,106
85,77,12,0,176,110,-45,106
85,78,4,1,186,110,-45,101
85,79,11,0,181,110,-45,103
85,80,2,1,186,110,-55,103
85,81,33,0,216,110,-55,103
85,82,20,0,211,110,-40,103
85,83,46,1,216,110,-40,98
85,84,8,0,216,115,-50,98
85,85,9,1,221,115,-50,98
85,86,6,1,213,115,-50,103
85,87,18,0,188,115,-50,113
85,88,37,0,176,125,-50,113
85,89,10,1,196,125,-60,113
85,90,7,0,181,130,-60,113
85,91,17,1,166,130,-50,113
85,92,27,0,176,115,-50,113
85,93,13,0,176,115,-50,118
85,94,25,0,176,110,-40,118
85,95,1,0,186,110,-55,118
85,96,36,0,186,105,-55,120
85,97,26,0,181,105,-55,125
85,98,3,0,196,105,-60,125
85,99,8,0,196,110,-70,125
86,0,6,1,42,50,50,55
86,1,29,0,32,50,55,55
86,2,2,1,37,50,45,55
86,3,4,0,22,55,45,55
86,4,10,1,42,55,35,55
86,5,31,0,42,60,25,55
86,6,8,1,32,60,25,60
86,7,11,0,27,60,25,62
86,8,16,0,17,65,25,62
86,9,24,1,22,65,25,62
86,10,26,1,32,65,20,62
86,11,3,0,47,65,15,62
86,12,7,1,52,65,15,57
86,13,23,1,62,65,10,57
86,14,20,1,62,70,-5,57
86,15,37,1,72,70,-5,57
86,16,39,1,77,70,-5,52
86,17,15,0,97,65,-5,52
86,18,11,0,92,65,-5,54
86,19,44,1,97,65,-5,54
86,20,27,0,107,50,-5,54
86,21,16,1,107,50,-15,54
86,22,8,0,107,55,-25,54
86,23,3,0,122,55,-30,54
86,24,22,0,117,55,-25,54
86,25,13,0,117,55,-25,59
86,26,23,1,127,55,-30,59
86,27,7,0,112,60,-30,59
86,28,9,0,107,60,-30,64
86,29,41,1,112,50,-30,64
86,30,1,0,122,50,-45,64
86,31,16,0,112,55,-45,64
86,32,20,0,107,55,-30,64
86,33,21,0,102,55,-15,64
86,34,40,1,102,45,-5,64
86,35,24,0,97,45,0,64
86,36,10,1,117,45,-10,64
86,37,28,1,127,45,-10,64
86,38,27,0,137,30,-10,64
86,39,45,1,137,35,-10,64
86,40,22,1,137,40,-20,64
86,41,25,1,137,45,-30,64
86,42,1,1,129,45,-25,64
86,43,46,0,122,45,-25,69
86,44,13,1,127,50,-25,69
86,45,5,0,122,50,-20,69
86,46,12,0,117,60,-20,69
86,47,26,0,112,60,-20,74
86,48,3,1,105,60,-20,79
86,49,10,0,100,65,-20,79
86,50,39,0,93,70,-20,79
86,51,2,1,98,70,-30,79
86,52,15,1,98,75,-30,79
86,53,21,1,98,80,-45,79
86,54,42,1,98,85,-45,79
86,55,47,0,123,85,-45,79
86,56,41,0,113,95,-45,79
86,57,23,0,108,85,-45,84
86,58,22,0,103,85,-40,84
86,59,20,1,103,90,-55,84
86,60,45,1,103,95,-55,84
86,61,9,1,108,95,-55,84
86,62,38,1,113,95,-55,84
86,63,11,0,108,95,-55,86
86,64,14,1,108,100,-55,86
86,65,44,0,108,100,-45,91
86,66,7,0,93,105,-45,91
86,67,18,1,103,105,-45,91
86,68,40,1,103,95,-35,91
86,69,15,0,123,90,-35,91
86,70,13,0,123,90,-35,96
86,71,6,1,115,90,-35,101
86,72,26,0,110,90,-35,106
86,73,19,1,125,90,-35,106
86,74,23,1,135,90,-40,106
86,75,3,0,150,90,-45,106
86,76,8,0,150,95,-55,106
86,77,38,1,155,95,-55,106
86,78,41,1,160,85,-55,106
86,79,16,0,150,90,-55,106
86,80,9,0,145,90,-55,111
86,81,10,1,165,90,-65,111
86,82,25,0,165,85,-55,111
86,83,20,0,160,85,-40,111
86,84,26,0,155,85,-40,116
86,85,14,1,155,90,-40,116
86,86,13,1,160,95,-40,116
86,87,1,1,152,95,-35,116
86,88,43,1,152,95,-30,101
86,89,48,1,152,100,-30,91
86,90,37,1,162,100,-30,91
86,91,10,0,157,105,-30,91
86,92,3,1,150,105,-30,96
86,93,45,1,150,110,-30,96
86,94,21,1,150,115,-45,96
86,95,8,1,140,115,-45,101
86,96,22,1,140,120,-55,101
86,97,9,0,135,120,-55,106
86,98,11,1,140,120,-55,106
86,99,32,0,140,125,-70,106
87,0,8,1,40,50,50,55
87,1,31,1,40,50,60,55
87,2,41,1,45,40,60,55
87,3,14,0,45,40,60,60
87,4,5,0,40,40,65,60
87,5,29,0,30,40,70,60
87,6,25,1,30,45,60,60
87,7,3,1,23,45,60,65
87,8,46,1,28,45,60,60
87,9,11,1,33,45,60,60
87,10,16,0,23,50,60,60
87,11,26,1,33,50,55,60
87,12,22,1,33,55,45,60
87,13,23,1,43,55,40,60
87,14,37,1,53,55,40,60
87,15,2,1,58,55,30,60
87,16,15,1,58,60,30,60
87,17,13,0,58,60,30,65
87,18,41,1,63,50,30,65
87,19,28,1,73,50,30,65
87,20,9,0,68,50,30,70
87,21,19,1,83,50,30,70
87,22,5,0,78,50,35,70
87,23,29,1,78,65,15,70
87,24,44,1,83,65,15,70
87,25,39,1,88,65,15,65
87,26,6,0,98,65,10,65
87,27,1,1,90,65,15,65
87,28,25,1,90,70,5,65
87,29,40,0,90,80,-5,65
87,30,14,0,90,80,-5,70
87,31,12,0,85,90,-5,70
87,32,46,1,90,90,-5,65
87,33,7,0,75,95,-5,65
87,34,2,0,65,95,0,65
87,35,23,1,75,95,-5,65
87,36,32,1,75,85,10,65
87,37,36,0,75,80,10,67
87,38,26,0,70,80,10,72
87,39,3,0,85,80,5,72
87,40,25,0,85,75,15,72
87,41,16,1,85,75,5,72
87,42,47,1,85,75,5,87
87,43,4,0,70,80,5,87
87,44,13,0,70,80,5,92
87,45,14,0,70,80,5,97
87,46,10,1,90,80,-5,97
87,47,11,0,85,80,-5,99
87,48,21,0,80,80,10,99
87,49,40,0,80,90,0,99
87,50,48,1,80,95,0,89
87,51,1,0,90,95,-15,89
87,52,41,0,80,105,-15,89
87,53,30,1,80,105,-5,89
87,54,26,1,90,105,-10,89
87,55,9,1,95,105,-10,89
87,56,2,1,100,105,-20,89
87,57,15,0,120,100,-20,89
87,58,44,0,120,100,-10,94
87,59,11,0,115,100,-10,96
87,60,12,0,110,110,-10,96
87,61,25,1,110,115,-20,96
87,62,8,1,100,115,-20,101
87,63,33,0,130,115,-20,101
87,64,4,1,140,115,-20,96
87,65,41,1,145,105,-20,96
87,66,22,0,140,105,-15,96
87,67,10,0,135,110,-15,96
87,68,1,0,145,110,-30,96
87,69,42,1,145,115,-30,96
87,70,26,0,140,115,-30,101
87,71,14,0,140,115,-30,106
87,72,5,1,145,115,-40,106
87,73,7,0,130,120,-40,106
87,74,25,1,130,125,-50,106
87,75,24,0,125,125,-45,106
87,76,43,1,125,125,-40,91
87,77,16,1,125,125,-50,91
87,78,38,0,120,130,-50,91
87,79,10,0,115,135,-50,91
87,80,18,0,90,135,-50,101
87,81,1,0,100,135,-65,101
87,82,4,0,85,140,-65,101
87,83,22,1,85,145,-75,101
87,84,13,1,90,150,-75,101
87,85,12,1,95,150,-75,101
87,86,8,1,85,150,-75,106
87,87,23,1,95,150,-80,106
87,88,39,0,88,155,-80,106
87,89,24,1,93,155,-80,106
87,90,3,0,108,155,-85,106
87,91,6,0,118,155,-90,106
87,92,20,0,113,155,-75,106
87,93,36,1,113,160,-75,101
87,94,9,1,118,160,-75,101
87,95,19,1,133,160,-75,101
87,96,37,0,121,170,-75,101
87,97,41,1,126,160,-75,101
87,98,5,1,131,160,-85,101
87,99,23,0,126,150,-85,106
88,0,20,1,50,55,35,50
88,1,41,1,55,45,35,50
88,2,23,0,50,35,35,55
88,3,10,0,45,40,35,55
88,4,9,1,50,40,35,55
88,5,6,0,60,40,30,55
88,6,11,0,55,40,30,57
88,7,4,1,65,40,30,52
88,8,47,0,90,40,30,52
88,9,48,0,80,40,30,57
88,10,3,1,73,40,30,62
88,11,5,1,78,40,20,62
88,12,12,0,73,50,20,62
88,13,39,1,78,50,20,57
88,14,16,1,78,50,10,57
88,15,31,0,78,55,0,57
88,16,26,0,73,55,0,62
88,17,22,0,68,55,5,62
88,18,40,1,68,45,15,62
88,19,38,1,73,45,15,62
88,20,13,0,73,45,15,67
88,21,45,0,73,45,15,72
88,22,15,1,73,50,15,72
88,23,8,0,73,55,5,72
88,24,46,0,66,55,5,77
88,25,24,1,71,55,5,77
88,26,9,0,66,55,5,82
88,27,25,0,66,50,15,82
88,28,16,1,66,50,5,82
88,29,32,0,66,55,-10,82
88,30,19,1,81,55,-10,82
88,31,3,0,96,55,-15,82
88,32,41,0,86,65,-15,82
88,33,26,1,96,65,-20,82
88,34,1,1,88,65,-15,82
88,35,39,1,93,65,-15,77
88,36,7,0,78,70,-15,77
88,37,5,0,73,70,-10,77
88,38,14,0,73,70,-10,82
88,39,2,1,78,70,-20,82
88,40,23,0,73,60,-20,87
88,41,15,1,73,65,-20,87
88,42,16,0,63,70,-20,87
88,43,25,1,63,75,-30,87
88,44,36,1,63,80,-30,82
88,45,26,1,73,80,-35,82
88,46,3,1,66,80,-35,87
88,47,10,1,86,80,-45,87
88,48,13,0,86,80,-45,92
88,49,9,0,81,80,-45,97
88,50,39,0,74,85,-45,97
88,51,38,1,79,85,-45,97
88,52,41,0,69,95,-45,97
88,53,12,1,74,95,-45,97
88,54,7,0,59,100,-45,97
88,55,16,0,49,105,-45,97
88,56,25,0,49,100,-35,97
88,57,8,0,49,105,-45,97
88,58,6,1,41,105,-45,102
88,59,46,0,34,105,-45,107
88,60,20,0,29,105,-30,107
88,61,45,1,29,110,-30,107
88,62,28,1,39,110,-30,107
88,63,44,0,39,110,-20,112
88,64,13,1,44,115,-20,112
88,65,33,0,74,115,-20,112
88,66,5,1,79,115,-30,112
88,67,11,1,84,115,-30,112
88,68,24,0,79,115,-25,112
88,69,10,1,99,115,-35,112
88,70,2,1,104,115,-45,112
88,71,25,0,104,110,-35,112
88,72,12,1,109,110,-35,112
88,73,40,1,109,100,-25,112
88,74,26,0,104,100,-25,117
88,75,1,0,114,100,-40,117
88,76,6,1,106,100,-40,122
88,77,18,0,81,100,-40,132
88,78,4,0,66,105,-40,132
88,79,41,1,71,95,-40,132
88,80,16,1,71,95,-50,132
88,81,19,1,86,95,-50,132
88,82,22,0,81,95,-45,132
88,83,29,1,81,110,-65,132
88,84,12,1,86,110,-65,132
88,85,24,0,81,110,-60,132
88,86,45,1,81,115,-60,132
88,87,25,1,81,120,-70,132
88,88,15,1,81,125,-70,132
88,89,14,1,81,130,-70,132
88,90,20,0,76,130,-55,132
88,91,2,0,66,130,-50,132
88,92,11,1,71,130,-50,132
88,93,38,1,76,130,-50,132
88,94,10,1,96,130,-60,132
88,95,4,0,81,135,-60,132
88,96,28,0,71,135,-50,132
88,97,22,1,71,140,-60,132
88,98,41,0,61,150,-60,132
88,99,24,1,66,150,-60,132
89,0,31,1,50,50,60,50
89,1,22,1,50,55,50,50
89,2,16,0,40,60,50,50
89,3,2,1,45,60,40,50
89,4,5,0,40,60,45,50
89,5,15,1,40,65,45,50
89,6,12,1,45,65,45,50
89,7,9,1,50,65,45,50
89,8,14,1,50,70,45,50
89,9,6,0,60,70,40,50
89,10,21,0,55,70,55,50
89,11,26,1,65,70,50,50
89,12,3,0,80,70,45,50
89,13,32,1,80,60,60,50
89,14,13,1,85,65,60,50
89,15,23,1,95,65,55,50
89,16,46,0,88,65,55,55
89,17,48,1,88,70,55,45
89,18,43,1,88,70,60,30
89,19,1,1,80,70,65,30
89,20,37,0,68,80,65,30
89,21,29,1,68,95,45,30
89,22,36,1,68,100,45,25
89,23,33,0,98,100,45,25
89,24,18,1,108,100,45,25
89,25,41,1,113,90,45,25
89,26,25,1,113,95,35,25
89,27,27,1,113,100,30,25
89,28,17,1,98,100,40,25
89,29,40,1,98,90,50,25
89,30,8,0,98,95,40,25
89,31,26,1,108,95,35,25
89,32,28,0,98,95,45,25
89,33,14,0,98,95,45,30
89,34,16,0,88,100,45,30
89,35,22,1,88,105,35,30
89,36,45,1,88,110,35,30
89,37,2,1,93,110,25,30
89,38,41,1,98,100,25,30
89,39,25,1,98,105,15,30
89,40,20,1,98,110,0,30
89,41,13,0,98,110,0,35
89,42,48,1,98,115,0,25
89,43,11,1,103,115,0,25
89,44,47,0,128,115,0,25
89,45,37,0,116,125,0,25
89,46,16,1,116,125,-10,25
89,47,26,0,111,125,-10,30
89,48,3,0,126,125,-15,30
89,49,5,1,131,125,-25,30
89,50,17,1,116,125,-15,30
89,51,36,0,116,120,-15,32
89,52,25,0,116,115,-5,32
89,53,41,0,106,125,-5,32
89,54,4,1,116,125,-5,27
89,55,46,0,109,125,-5,32
89,56,16,1,109,125,-15,32
89,57,11,1,114,125,-15,32
89,58,42,1,114,130,-15,32
89,59,12,1,119,130,-15,32
89,60,10,0,114,135,-15,32
89,61,26,1,124,135,-20,32
89,62,9,1,129,135,-20,32
89,63,1,0,139,135,-35,32
89,64,20,0,134,135,-20,32
89,65,44,0,134,135,-10,37
89,66,41,1,139,125,-10,37
89,67,3,1,132,125,-10,42
89,68,30,1,132,125,0,42
89,69,27,1,132,130,-5,42
89,70,40,0,132,140,-15,42
89,71,2,1,137,140,-25,42
89,72,14,0,137,140,-25,47
89,73,13,1,142,145,-25,47
89,74,6,1,134,145,-25,52
89,75,15,0,154,140,-25,52
89,76,29,1,154,155,-45,52
89,77,21,0,149,155,-30,52
89,78,11,0,144,155,-30,54
89,79,23,0,139,145,-30,59
89,80,45,0,139,145,-30,64
89,81,10,1,159,145,-40,64
89,82,41,0,149,155,-40,64
89,83,27,1,149,160,-45,64
89,84,14,0,149,160,-45,69
89,85,20,1,149,165,-60,69
89,86,2,0,139,165,-55,69
89,87,37,0,127,175,-55,69
89,88,13,0,127,175,-55,74
89,89,42,1,127,180,-55,74
89,90,7,0,112,185,-55,74
89,91,36,1,112,190,-55,69
89,92,8,1,102,190,-55,74
89,93,5,0,97,190,-50,74
89,94,26,1,107,190,-55,74
89,95,29,0,97,190,-50,74
89,96,6,0,107,190,-55,74
89,97,43,1,107,190,-50,59
89,98,46,0,100,190,-50,64
89,99,10,1,120,190,-60,64
90,0,14,1,50,55,50,50
90,1,15,0,70,50,50,50
90,2,11,0,65,50,50,52
90,3,25,1,65,55,40,52
90,4,22,1,65,60,30,52
90,5,19,1,80,60,30,52
90,6,13,1,85,65,30,52
90,7,16,0,75,70,30,52
90,8,18,0,50,70,30,62
90,9,3,1,43,70,30,67
90,10,23,0,38,60,30,72
90,11,20,1,38,65,15,72
90,12,41,1,43,55,15,72
90,13,39,0,36,60,15,72
90,14,14,1,36,65,15,72
90,15,12,0,31,75,15,72
90,16,17,1,16,75,25,72
90,17,11,1,21,75,25,72
90,18,2,1,26,75,15,72
90,19,8,0,26,80,5,72
90,20,30,0,26,80,-5,82
90,21,10,1,46,80,-15,82
90,22,1,1,38,80,-10,82
90,23,27,1,38,85,-15,82
90,24,9,1,43,85,-15,82
90,25,41,1,48,75,-15,82
90,26,28,1,58,75,-15,82
90,27,3,1,51,75,-15,87
90,28,14,0,51,75,-15,92
90,29,5,1,56,75,-25,92
90,30,13,1,61,80,-25,92
90,31,4,1,71,80,-25,87
90,32,40,0,71,90,-35,87
90,33,42,0,63,90,-35,97
90,34,16,0,53,95,-35,97
90,35,22,1,53,100,-45,97
90,36,41,1,58,90,-45,97
90,37,31,0,58,95,-55,97
90,38,10,0,53,100,-55,97
90,39,15,1,53,105,-55,97
90,40,21,0,48,105,-40,97
90,41,11,1,53,105,-40,97
90,42,36,1,53,110,-40,92
90,43,2,0,43,110,-35,92
90,44,7,0,28,115,-35,92
90,45,45,1,28,120,-35,92
90,46,12,0,23,130,-35,92
90,47,23,0,18,120,-35,97
90,48,43,0,38,120,-45,97
90,49,47,0,63,120,-45,97
90,50,25,0,63,115,-35,97
90,51,38,1,68,115,-35,97
90,52,39,1,73,115,-35,92
90,53,28,0,63,115,-25,92
90,54,20,1,63,120,-40,92
90,55,26,0,58,120,-40,97
90,56,27,1,58,125,-45,97
90,57,5,0,53,125,-40,97
90,58,7,1,58,125,-40,92
90,59,21,0,53,125,-25,92
90,60,10,0,48,130,-25,92
90,61,13,1,53,135,-25,92
90,62,37,1,63,135,-25,92
90,63,41,0,53,145,-25,92
90,64,45,1,53,150,-25,92
90,65,1,0,63,150,-40,92
90,66,2,1,68,150,-50,92
90,67,14,0,68,150,-50,97
90,68,25,0,68,145,-40,97
90,69,4,0,53,150,-40,97
90,70,20,0,48,150,-25,97
90,71,15,0,68,145,-25,97
90,72,28,0,58,145,-15,97
90,73,21,1,58,150,-30,97
90,74,7,0,43,155,-30,97
90,75,11,0,38,155,-30,99
90,76,6,1,30,155,-30,104
90,77,41,0,20,165,-30,104
90,78,24,1,25,165,-30,104
90,79,44,1,30,165,-30,104
90,80,46,1,35,165,-30,99
90,81,10,1,55,165,-40,99
90,82,39,0,48,170,-40,99
90,83,13,1,53,175,-40,99
90,84,48,0,43,175,-40,104
90,85,8,1,33,175,-40,109
90,86,2,1,38,175,-50,109
90,87,22,0,33,175,-45,109
90,88,28,1,43,175,-45,109
90,89,16,1,43,175,-55,109
90,90,25,0,43,170,-45,109
90,91,1,1,35,170,-40,109
90,92,11,0,30,170,-40,111
90,93,43,1,30,170,-35,96
90,94,10,0,25,175,-35,96
90,95,7,1,30,175,-35,91
90,96,9,1,35,175,-35,91
90,97,26,0,30,175,-35,96
90,98,38,1,35,175,-35,96
90,99,6,1,27,175,-35,101
91,0,37,0,38,60,50,50
91,1,25,0,38,55,60,50
91,2,3,0,53,55,55,50
91,3,28,1,63,55,55,50
91,4,16,1,63,55,45,50
91,5,46,1,68,55,45,45
91,6,5,1,73,55,35,45
91,7,45,0,73,55,35,50
91,8,41,1,78,45,35,50
91,9,42,0,70,45,35,60
91,10,12,0,65,55,35,60
91,11,26,1,75,55,30,60
91,12,48,1,75,60,30,50
91,13,29,0,65,60,35,50
91,14,9,0,60,60,35,55
91,15,31,1,60,60,45,55
91,16,6,0,70,60,40,55
91,17,15,0,90,55,40,55
91,18,3,0,105,55,35,55
91,19,16,0,95,60,35,55
91,20,1,0,105,60,20,55
91,21,21,0,100,60,35,55
91,22,44,0,100,60,45,60
91,23,22,0,95,60,50,60
91,24,39,1,100,60,50,55
91,25,2,0,90,60,55,55
91,26,10,0,85,65,55,55
91,27,23,0,80,55,55,60
91,28,5,0,75,55,60,60
91,29,8,0,75,60,50,60
91,30,42,0,67,60,50,70
91,31,29,1,67,75,30,70
91,32,30,1,67,75,40,70
91,33,20,0,62,75,55,70
91,34,13,0,62,75,55,75
91,35,3,1,55,75,55,80
91,36,4,0,40,80,55,80
91,37,40,0,40,90,45,80
91,38,12,0,35,100,45,80
91,39,26,0,30,100,45,85
91,40,28,0,20,100,55,85
91,41,8,1,10,100,55,90
91,42,9,0,5,100,55,95
91,43,1,0,15,100,40,95
91,44,17,0,-5,110,40,95
91,45,29,0,-15,110,45,95
91,46,27,1,-15,115,40,95
91,47,47,0,10,115,40,95
91,48,44,1,15,115,40,95
91,49,21,0,10,115,55,95
91,50,12,0,5,125,55,95
91,51,45,0,5,125,55,100
91,52,14,1,5,130,55,100
91,53,23,1,15,130,50,100
91,54,16,0,5,135,50,100
91,55,18,0,-20,135,50,110
91,56,3,1,-27,135,50,115
91,57,48,1,-27,140,50,105
91,58,43,1,-27,140,55,90
91,59,9,1,-22,140,55,90
91,60,15,0,-2,135,55,90
91,61,26,0,-7,135,55,95
91,62,4,1,3,135,55,90
91,63,24,1,8,135,55,90
91,64,12,1,13,135,55,90
91,65,16,1,13,135,45,90
91,66,45,1,13,140,45,90
91,67,40,0,13,150,35,90
91,68,25,0,13,145,45,90
91,69,36,1,13,150,45,85
91,70,13,1,18,155,45,85
91,71,6,0,28,155,40,85
91,72,46,0,21,155,40,90
91,73,27,1,21,160,35,90
91,74,8,0,21,165,25,90
91,75,9,1,26,165,25,90
91,76,41,1,31,155,25,90
91,77,14,0,31,155,25,95
91,78,24,0,26,155,30,95
91,79,20,1,26,160,15,95
91,80,23,0,21,150,15,100
91,81,15,0,41,145,15,100
91,82,37,1,51,145,15,100
91,83,10,1,71,145,5,100
91,84,42,1,71,150,5,100
91,85,39,0,64,155,5,100
91,86,13,1,69,160,5,100
91,87,16,0,59,165,5,100
91,88,12,0,54,175,5,100
91,89,28,1,64,175,5,100
91,90,4,1,74,175,5,95
91,91,19,1,89,175,5,95
91,92,18,1,99,175,5,95
91,93,25,1,99,180,-5,95
91,94,24,0,94,180,0,95
91,95,46,0,87,180,0,100
91,96,22,0,82,180,5,100
91,97,15,1,82,185,5,100
91,98,37,0,70,195,5,100
91,99,41,1,75,185,5,100
92,0,1,1,42,50,55,50
92,1,21,0,37,50,70,50
92,2,4,0,22,55,70,50
92,3,3,0,37,55,65,50
92,4,6,0,47,55,60,50
92,5,38,0,42,60,60,50
92,6,31,1,42,60,70,50
92,7,14,0,42,60,70,55
92,8,15,1,42,65,70,55
92,9,11,1,47,65,70,55
92,10,16,0,37,70,70,55
92,11,10,0,32,75,70,55
92,12,23,0,27,65,70,60
92,13,40,0,27,75,60,60
92,14,22,1,27,80,50,60
92,15,9,0,22,80,50,65
92,16,29,0,12,80,55,65
92,17,48,0,2,80,55,70
92,18,4,0,-13,85,55,70
92,19,41,0,-23,95,55,70
92,20,14,0,-23,95,55,75
92,21,12,1,-18,95,55,75
92,22,11,1,-13,95,55,75
92,23,16,0,-23,100,55,75
92,24,20,0,-28,100,70,75
92,25,23,1,-18,100,65,75
92,26,5,1,-13,100,55,75
92,27,21,0,-18,100,70,75
92,28,45,1,-18,105,70,75
92,29,1,1,-26,105,75,75
92,30,42,0,-34,105,75,85
92,31,41,1,-29,95,75,85
92,32,9,1,-24,95,75,85
92,33,10,0,-29,100,75,85
92,34,32,0,-29,105,60,85
92,35,11,0,-34,105,60,87
92,36,3,1,-41,105,60,92
92,37,37,0,-53,115,60,92
92,38,15,1,-53,120,60,92
92,39,44,0,-53,120,70,97
92,40,12,0,-58,130,70,97
92,41,26,0,-63,130,70,102
92,42,2,0,-73,130,75,102
92,43,13,0,-73,130,75,107
92,44,5,0,-78,130,80,107
92,45,25,0,-78,125,90,107
92,46,19,1,-63,125,90,107
92,47,20,1,-63,130,75,107
92,48,40,1,-63,120,85,107
92,49,10,0,-68,125,85,107
92,50,18,1,-58,125,85,107
92,51,48,1,-58,130,85,97
92,52,33,0,-28,130,85,97
92,53,11,1,-23,130,85,97
92,54,38,1,-18,130,85,97
92,55,17,0,-38,140,85,97
92,56,28,0,-48,140,95,97
92,57,44,1,-43,140,95,97
92,58,7,1,-38,140,95,92
92,59,9,0,-43,140,95,97
92,60,46,0,-50,140,95,102
92,61,14,1,-50,145,95,102
92,62,21,1,-50,150,80,102
92,63,8,1,-60,150,80,107
92,64,20,1,-60,155,65,107
92,65,11,1,-55,155,65,107
92,66,12,0,-60,165,65,107
92,67,5,0,-65,165,70,107
92,68,26,0,-70,165,70,112
92,69,23,1,-60,165,65,112
92,70,16,0,-70,170,65,112
92,71,36,1,-70,175,65,107
92,72,7,1,-65,175,65,102
92,73,42,1,-65,180,65,102
92,74,34,1,-50,180,65,102
92,75,15,0,-30,175,65,102
92,76,24,1,-25,175,65,102
92,77,35,0,-25,183,50,102
92,78,13,1,-20,188,50,102
92,79,2,0,-30,188,55,102
92,80,3,0,-15,188,50,102
92,81,16,0,-25,193,50,102
92,82,45,0,-25,193,50,107
92,83,9,0,-30,193,50,112
92,84,27,0,-20,178,50,112
92,85,41,1,-15,168,50,112
92,86,20,1,-15,173,35,112
92,87,10,1,5,173,25,112
92,88,14,1,5,178,25,112
92,89,1,1,-3,178,30,112
92,90,4,1,7,178,30,107
92,91,28,0,-3,178,40,107
92,92,39,1,2,178,40,102
92,93,3,0,17,178,35,102
92,94,22,1,17,183,25,102
92,95,25,0,17,178,35,102
92,96,41,0,7,188,35,102
92,97,36,0,7,183,35,104
92,98,21,1,7,188,20,104
92,99,37,0,-5,198,20,104
93,0,7,0,35,55,50,50
93,1,48,0,25,55,50,55
93,2,19,0,5,55,60,65
93,3,23,0,0,45,60,70
93,4,11,0,-5,45,60,72
93,5,44,0,-5,45,70,77
93,6,10,0,-10,50,70,77
93,7,47,0,15,50,70,77
93,8,14,1,15,55,70,77
93,9,20,1,15,60,55,77
93,10,27,1,15,65,50,77
93,11,31,0,15,70,40,77
93,12,15,1,15,75,40,77
93,13,22,0,10,75,45,77
93,14,13,1,15,80,45,77
93,15,21,0,10,80,60,77
93,16,4,0,-5,85,60,77
93,17,46,1,0,85,60,72
93,18,25,0,0,80,70,72
93,19,12,1,5,80,70,72
93,20,44,1,10,80,70,72
93,21,28,1,20,80,70,72
93,22,23,1,30,80,65,72
93,23,42,0,22,80,65,82
93,24,41,1,27,70,65,82
93,25,8,1,17,70,65,87
93,26,6,0,27,70,60,87
93,27,30,1,27,70,70,87
93,28,26,0,22,70,70,92
93,29,12,1,27,70,70,92
93,30,45,0,27,70,70,97
93,31,9,0,22,70,70,102
93,32,15,1,22,75,70,102
93,33,10,0,17,80,70,102
93,34,36,1,17,85,70,97
93,35,3,0,32,85,65,97
93,36,28,1,42,85,65,97
93,37,5,0,37,85,70,97
93,38,39,1,42,85,70,92
93,39,12,0,37,95,70,92
93,40,41,0,27,105,70,92
93,41,40,0,27,115,60,92
93,42,1,0,37,115,45,92
93,43,16,0,27,120,45,92
93,44,43,0,47,120,35,92
93,45,11,0,42,120,35,94
93,46,4,1,52,120,35,89
93,47,19,0,32,120,45,99
93,48,27,1,32,125,40,99
93,49,7,0,17,130,40,99
93,50,6,0,27,130,35,99
93,51,10,1,47,130,25,99
93,52,30,1,47,130,35,99
93,53,16,1,47,130,25,99
93,54,12,1,52,130,25,99
93,55,14,1,52,135,25,99
93,56,32,1,52,125,40,99
93,57,40,1,52,115,50,99
93,58,11,1,57,115,50,99
93,59,33,0,87,115,50,99
93,60,2,1,92,115,40,99
93,61,47,1,92,115,40,114
93,62,34,1,107,115,40,114
93,63,28,1,117,115,40,114
93,64,10,0,112,120,40,114
93,65,15,1,112,125,40,114
93,66,27,1,112,130,35,114
93,67,26,1,122,130,30,114
93,68,9,1,127,130,30,114
93,69,22,1,127,135,20,114
93,70,18,1,137,135,20,114
93,71,48,1,137,140,20,104
93,72,41,0,127,150,20,104
93,73,23,0,122,140,20,109
93,74,36,0,122,135,20,111
93,75,15,1,122,140,20,111
93,76,35,1,122,130,30,111
93,77,40,0,122,140,20,111
93,78,38,1,127,140,20,111
93,79,2,1,132,140,10,111
93,80,12,0,127,150,10,111
93,81,21,0,122,150,25,111
93,82,14,1,122,155,25,111
93,83,16,1,122,155,15,111
93,84,45,0,122,155,15,116
93,85,41,1,127,145,15,116
93,86,37,1,137,145,15,116
93,87,5,1,142,145,5,116
93,88,11,0,137,145,5,118
93,89,22,1,137,150,-5,118
93,90,24,1,142,150,-5,118
93,91,19,1,157,150,-5,118
93,92,20,0,152,150,10,118
93,93,27,1,152,155,5,118
93,94,38,1,157,155,5,118
93,95,21,0,152,155,20,118
93,96,14,1,152,160,20,118
93,97,46,1,157,160,20,113
93,98,23,0,152,150,20,118
93,99,1,0,162,150,5,118
94,0,31,0,50,55,40,50
94,1,15,0,70,50,40,50
94,2,16,1,70,50,30,50
94,3,20,1,70,55,15,50
94,4,3,1,63,55,15,55
94,5,36,1,63,60,15,50
94,6,14,0,63,60,15,55
94,7,25,0,63,55,25,55
94,8,2,1,68,55,15,55
94,9,12,1,73,55,15,55
94,10,44,0,73,55,25,60
94,11,9,1,78,55,25,60
94,12,41,1,83,45,25,60
94,13,18,0,58,45,25,70
94,14,13,1,63,50,25,70
94,15,19,1,78,50,25,70
94,16,1,0,88,50,10,70
94,17,15,0,108,45,10,70
94,18,21,0,103,45,25,70
94,19,45,1,103,50,25,70
94,20,23,1,113,50,20,70
94,21,14,1,113,55,20,70
94,22,16,1,113,55,10,70
94,23,32,1,113,45,25,70
94,24,33,0,143,45,25,70
94,25,28,1,153,45,25,70
94,26,40,0,153,55,15,70
94,27,20,0,148,55,30,70
94,28,5,1,153,55,20,70
94,29,34,1,168,55,20,70
94,30,15,1,168,60,20,70
94,31,26,1,178,60,15,70
94,32,41,1,183,50,15,70
94,33,42,0,175,50,15,80
94,34,44,0,175,50,25,85
94,35,18,0,150,50,25,95
94,36,4,1,160,50,25,90
94,37,30,0,160,50,15,100
94,38,24,1,165,50,15,100
94,39,29,0,155,50,20,100
94,40,27,0,165,35,20,100
94,41,3,0,180,35,15,100
94,42,41,1,185,25,15,100
94,43,46,1,190,25,15,95
94,44,10,1,210,25,5,95
94,45,17,1,195,25,15,95
94,46,43,1,195,25,20,80
94,47,15,0,215,20,20,80
94,48,23,0,210,10,20,85
94,49,1,0,220,10,5,85
94,50,21,0,215,10,20,85
94,51,26,0,210,10,20,90
94,52,28,0,200,10,30,90
94,53,3,0,215,10,25,90
94,54,10,0,210,15,25,90
94,55,25,0,210,10,35,90
94,56,36,0,210,5,35,92
94,57,27,1,210,10,30,92
94,58,9,0,205,10,30,97
94,59,12,0,200,20,30,97
94,60,11,1,205,20,30,97
94,61,22,1,205,25,20,97
94,62,8,0,205,30,10,97
94,63,40,0,205,40,0,97
94,64,5,1,210,40,-10,97
94,65,1,1,202,40,-5,97
94,66,6,0,212,40,-10,97
94,67,45,1,212,45,-10,97
94,68,43,0,232,45,-20,97
94,69,14,0,232,45,-20,102
94,70,42,0,224,45,-20,112
94,71,25,1,224,50,-30,112
94,72,38,0,219,55,-30,112
94,73,2,0,209,55,-25,112
94,74,16,0,199,60,-25,112
94,75,36,0,199,55,-25,114
94,76,24,0,194,55,-20,114
94,77,18,1,204,55,-20,114
94,78,15,0,224,50,-20,114
94,79,8,0,224,55,-30,114
94,80,22,1,224,60,-40,114
94,81,35,1,224,50,-30,114
94,82,12,0,219,60,-30,114
94,83,9,0,214,60,-30,119
94,84,16,0,204,65,-30,119
94,85,14,0,204,65,-30,124
94,86,26,1,214,65,-35,124
94,87,19,0,194,65,-25,134
94,88,11,1,199,65,-25,134
94,89,38,0,194,70,-25,134
94,90,48,1,194,75,-25,124
94,91,42,1,194,80,-25,124
94,92,20,1,194,85,-40,124
94,93,39,1,199,85,-40,119
94,94,8,0,199,90,-50,119
94,95,4,1,209,90,-50,114
94,96,7,1,214,90,-50,109
94,97,14,1,214,95,-50,109
94,98,2,0,204,95,-45,109
94,99,21,1,204,100,-60,109
95,0,16,0,40,55,50,50
95,1,15,1,40,60,50,50
95,2,21,1,40,65,35,50
95,3,14,1,40,70,35,50
95,4,11,1,45,70,35,50
95,5,22,1,45,75,25,50
95,6,9,0,40,75,25,55
95,7,31,1,40,75,35,55
95,8,39,0,33,80,35,55
95,9,2,0,23,80,40,55
95,10,10,0,18,85,40,55
95,11,18,0,-7,85,40,65
95,12,27,0,3,70,40,65
95,13,41,1,8,60,40,65
95,14,13,1,13,65,40,65
95,15,47,1,13,65,40,80
95,16,45,1,13,70,40,80
95,17,19,0,-7,70,50,90
95,18,25,1,-7,75,40,90
95,19,44,1,-2,75,40,90
95,20,22,1,-2,80,30,90
95,21,17,1,-17,80,40,90
95,22,26,1,-7,80,35,90
95,23,40,1,-7,70,45,90
95,24,10,0,-12,75,45,90
95,25,37,0,-24,85,45,90
95,26,12,0,-29,95,45,90
95,27,8,0,-29,100,35,90
95,28,20,1,-29,105,20,90
95,29,4,1,-19,105,20,85
95,30,16,0,-29,110,20,85
95,31,14,0,-29,110,20,90
95,32,23,0,-34,100,20,95
95,33,3,1,-41,100,20,100
95,34,24,0,-46,100,25,100
95,35,25,1,-46,105,15,100
95,36,5,0,-51,105,20,100
95,37,2,1,-46,105,10,100
95,38,12,1,-41,105,10,100
95,39,13,1,-36,110,10,100
95,40,18,1,-26,110,10,100
95,41,41,1,-21,100,10,100
95,42,26,0,-26,100,10,105
95,43,6,1,-34,100,10,110
95,44,37,0,-46,110,10,110
95,45,10,0,-51,115,10,110
95,46,15,0,-31,110,10,110
95,47,1,1,-39,110,15,110
95,48,27,1,-39,115,10,110
95,49,9,0,-44,115,10,115
95,50,4,1,-34,115,10,110
95,51,45,0,-34,115,10,115
95,52,11,1,-29,115,10,115
95,53,20,0,-34,115,25,115
95,54,21,0,-39,115,40,115
95,55,12,0,-44,125,40,115
95,56,42,0,-52,125,40,125
95,57,17,0,-72,135,40,125
95,58,40,0,-72,145,30,125
95,59,13,1,-67,150,30,125
95,60,23,1,-57,150,25,125
95,61,39,0,-64,155,25,125
95,62,19,1,-49,155,25,125
95,63,38,0,-54,160,25,125
95,64,9,0,-59,160,25,130
95,65,26,1,-49,160,20,130
95,66,8,0,-49,165,10,130
95,67,5,1,-44,165,0,130
95,68,30,1,-44,165,10,130
95,69,2,1,-39,165,0,130
95,70,10,1,-19,165,-10,130
95,71,48,0,-29,165,-10,135
95,72,23,1,-19,165,-15,135
95,73,32,1,-19,155,0,135
95,74,16,1,-19,155,-10,135
95,75,6,1,-27,155,-10,140
95,76,4,0,-42,160,-10,140
95,77,39,1,-37,160,-10,135
95,78,14,0,-37,160,-10,140
95,79,9,1,-32,160,-10,140
95,80,28,0,-42,160,0,140
95,81,29,0,-52,160,5,140
95,82,10,0,-57,165,5,140
95,83,5,0,-62,165,10,140
95,84,16,1,-62,165,0,140
95,85,21,0,-67,165,15,140
95,86,37,0,-79,175,15,140
95,87,6,0,-69,175,10,140
95,88,44,1,-64,175,10,140
95,89,33,1,-64,180,10,140
95,90,15,0,-44,175,10,140
95,91,1,1,-52,175,15,140
95,92,34,1,-37,175,15,140
95,93,13,0,-37,175,15,145
95,94,14,0,-37,175,15,150
95,95,22,0,-42,175,20,150
95,96,40,0,-42,185,10,150
95,97,39,0,-49,190,10,150
95,98,24,0,-54,190,15,150
95,99,36,0,-54,185,15,152
96,0,15,0,70,45,50,50
96,1,31,0,70,50,40,50
96,2,3,1,63,50,40,55
96,3,38,0,58,55,40,55
96,4,5,1,63,55,30,55
96,5,22,1,63,60,20,55
96,6,13,0,63,60,20,60
96,7,41,0,53,70,20,60
96,8,43,0,73,70,10,60
96,9,20,0,68,70,25,60
96,10,4,1,78,70,25,55
96,11,40,1,78,60,35,55
96,12,2,0,68,60,40,55
96,13,6,0,78,60,35,55
96,14,47,0,103,60,35,55
96,15,24,0,98,60,40,55
96,16,18,1,108,60,40,55
96,17,15,0,128,55,40,55
96,18,3,0,143,55,35,55
96,19,41,1,148,45,35,55
96,20,25,1,148,50,25,55
96,21,22,1,148,55,15,55
96,22,12,1,153,55,15,55
96,23,45,1,153,60,15,55
96,24,21,1,153,65,0,55
96,25,10,0,148,70,0,55
96,26,23,0,143,60,0,60
96,27,16,0,133,65,0,60
96,28,13,1,138,70,0,60
96,29,15,0,158,65,0,60
96,30,2,0,148,65,5,60
96,31,4,1,158,65,5,55
96,32,7,0,143,70,5,55
96,33,5,1,148,70,-5,55
96,34,43,0,168,70,-15,55
96,35,20,1,168,75,-30,55
96,36,37,1,178,75,-30,55
96,37,39,0,171,80,-30,55
96,38,26,1,181,80,-35,55
96,39,21,1,181,85,-50,55
96,40,8,0,181,90,-60,55
96,41,10,0,176,95,-60,55
96,42,14,0,176,95,-60,60
96,43,12,0,171,105,-60,60
96,44,40,1,171,95,-50,60
96,45,4,0,156,100,-50,60
96,46,5,1,161,100,-60,60
96,47,46,1,166,100,-60,55
96,48,25,1,166,105,-70,55
96,49,1,0,176,105,-85,55
96,50,13,1,181,110,-85,55
96,51,19,1,196,110,-85,55
96,52,9,1,201,110,-85,55
96,53,3,1,194,110,-85,60
96,54,20,1,194,115,-100,60
96,55,22,0,189,115,-95,60
96,56,41,1,194,105,-95,60
96,57,14,0,194,105,-95,65
96,58,15,0,214,100,-95,65
96,59,24,0,209,100,-90,65
96,60,2,0,199,100,-85,65
96,61,25,1,199,105,-95,65
96,62,32,1,199,95,-80,65
96,63,5,1,204,95,-90,65
96,64,4,0,189,100,-90,65
96,65,33,0,219,100,-90,65
96,66,34,0,219,85,-75,65
96,67,28,0,209,85,-65,65
96,68,35,1,209,75,-55,65
96,69,15,0,229,70,-55,65
96,70,27,1,229,75,-60,65
96,71,42,0,221,75,-60,75
96,72,11,1,226,75,-60,75
96,73,23,1,236,75,-65,75
96,74,3,1,229,75,-65,80
96,75,30,1,229,75,-55,80
96,76,14,1,229,80,-55,80
96,77,1,0,239,80,-70,80
96,78,7,1,244,80,-70,75
96,79,20,0,239,80,-55,75
96,80,5,1,244,80,-65,75
96,81,41,0,234,90,-65,75
96,82,26,0,229,90,-65,80
96,83,13,1,234,95,-65,80
96,84,40,0,234,105,-75,80
96,85,36,1,234,110,-75,75
96,86,28,1,244,110,-75,75
96,87,10,1,264,110,-85,75
96,88,48,1,264,115,-85,65
96,89,39,0,257,120,-85,65
96,90,27,0,267,105,-85,65
96,91,16,0,257,110,-85,65
96,92,15,1,257,115,-85,65
96,93,4,0,242,120,-85,65
96,94,26,0,237,120,-85,70
96,95,21,0,232,120,-70,70
96,96,11,0,227,120,-70,72
96,97,2,1,232,120,-80,72
96,98,41,0,222,130,-80,72
96,99,5,1,227,130,-90,72
97,0,9,0,45,50,50,55
97,1,10,0,40,55,50,55
97,2,7,1,45,55,50,50
97,3,3,0,60,55,45,50
97,4,4,0,45,60,45,50
97,5,38,0,40,65,45,50
97,6,18,0,15,65,45,60
97,7,20,1,15,70,30,60
97,8,27,1,15,75,25,60
97,9,19,0,-5,75,35,70
97,10,39,0,-12,80,35,70
97,11,2,1,-7,80,25,70
97,12,13,1,-2,85,25,70
97,13,22,0,-7,85,30,70
97,14,1,1,-15,85,35,70
97,15,41,1,-10,75,35,70
97,16,25,0,-10,70,45,70
97,17,46,0,-17,70,45,75
97,18,31,1,-17,70,55,75
97,19,37,0,-29,80,55,75
97,20,26,0,-34,80,55,80
97,21,11,1,-29,80,55,80
97,22,21,0,-34,80,70,80
97,23,5,0,-39,80,75,80
97,24,4,1,-29,80,75,75
97,25,6,0,-19,80,70,75
97,26,43,0,1,80,60,75
97,27,36,0,1,75,60,77
97,28,23,1,11,75,55,77
97,29,22,1,11,80,45,77
97,30,3,0,26,80,40,77
97,31,1,0,36,80,25,77
97,32,15,0,56,75,25,77
97,33,13,1,61,80,25,77
97,34,20,0,56,80,40,77
97,35,28,1,66,80,40,77
97,36,12,0,61,90,40,77
97,37,5,1,66,90,30,77
97,38,24,1,71,90,30,77
97,39,6,0,81,90,25,77
97,40,9,1,86,90,25,77
97,41,44,0,86,90,35,82
97,42,2,0,76,90,40,82
97,43,21,0,71,90,55,82
97,44,23,0,66,80,55,87
97,45,48,0,56,80,55,92
97,46,10,1,76,80,45,92
97,47,11,1,81,80,45,92
97,48,25,1,81,85,35,92
97,49,14,1,81,90,35,92
97,50,1,0,91,90,20,92
97,51,6,1,83,90,20,97
97,52,5,0,78,90,25,97
97,53,16,1,78,90,15,97
97,54,43,1,78,90,20,82
97,55,4,0,63,95,20,82
97,56,42,0,55,95,20,92
97,57,10,0,50,100,20,92
97,58,29,1,50,115,0,92
97,59,13,1,55,120,0,92
97,60,15,0,75,115,0,92
97,61,41,1,80,105,0,92
97,62,20,1,80,110,-15,92
97,63,28,0,70,110,-5,92
97,64,9,0,65,110,-5,97
97,65,11,0,60,110,-5,99
97,66,1,1,52,110,0,99
97,67,26,1,62,110,-5,99
97,68,16,1,62,110,-15,99
97,69,6,0,72,110,-20,99
97,70,23,1,82,110,-25,99
97,71,48,1,82,115,-25,89
97,72,14,1,82,120,-25,89
97,73,46,1,87,120,-25,84
97,74,38,1,92,120,-25,84
97,75,32,1,92,110,-10,84
97,76,10,1,112,110,-20,84
97,77,13,1,117,115,-20,84
97,78,12,0,112,125,-20,84
97,79,5,0,107,125,-15,84
97,80,37,1,117,125,-15,84
97,81,3,1,110,125,-15,89
97,82,45,0,110,125,-15,94
97,83,36,1,110,130,-15,89
97,84,20,1,110,135,-30,89
97,85,1,0,120,135,-45,89
97,86,21,0,115,135,-30,89
97,87,41,1,120,125,-30,89
97,88,12,1,125,125,-30,89
97,89,11,1,130,125,-30,89
97,90,26,0,125,125,-30,94
97,91,47,1,125,125,-30,109
97,92,6,1,117,125,-30,114
97,93,44,1,122,125,-30,114
97,94,5,0,117,125,-25,114
97,95,46,1,122,125,-25,109
97,96,33,0,152,125,-25,109
97,97,41,0,142,135,-25,109
97,98,13,0,142,135,-25,114
97,99,7,1,147,135,-25,109
98,0,16,1,50,50,40,50
98,1,31,1,50,50,50,50
98,2,45,0,50,50,50,55
98,3,41,0,40,60,50,55
98,4,12,0,35,70,50,55
98,5,26,0,30,70,50,60
98,6,36,0,30,65,50,62
98,7,5,0,25,65,55,62
98,8,32,0,25,70,40,62
98,9,33,1,25,75,40,62
98,10,42,1,25,80,40,62
98,11,39,0,18,85,40,62
98,12,1,1,10,85,45,62
98,13,16,0,0,90,45,62
98,14,22,0,-5,90,50,62
98,15,14,0,-5,90,50,67
98,16,13,0,-5,90,50,72
98,17,6,1,-13,90,50,77
98,18,8,0,-13,95,40,77
98,19,37,1,-3,95,40,77
98,20,15,1,-3,100,40,77
98,21,3,0,12,100,35,77
98,22,41,1,17,90,35,77
98,23,4,1,27,90,35,72
98,24,10,0,22,95,35,72
98,25,12,1,27,95,35,72
98,26,9,1,32,95,35,72
98,27,16,1,32,95,25,72
98,28,34,0,32,80,40,72
98,29,29,0,22,80,45,72
98,30,15,1,22,85,45,72
98,31,40,0,22,95,35,72
98,32,22,1,22,100,25,72
98,33,8,1,12,100,25,77
98,34,3,1,5,100,25,82
98,35,10,0,0,105,25,82
98,36,26,0,-5,105,25,87
98,37,38,1,0,105,25,87
98,38,12,1,5,105,25,87
98,39,44,0,5,105,35,92
98,40,5,1,10,105,25,92
98,41,2,1,15,105,15,92
98,42,18,0,-10,105,15,102
98,43,37,1,0,105,15,102
98,44,35,0,0,113,0,102
98,45,20,1,0,118,-15,102
98,46,25,0,0,113,-5,102
98,47,17,1,-15,113,5,102
98,48,41,0,-25,123,5,102
98,49,4,1,-15,123,5,97
98,50,43,0,5,123,-5,97
98,51,28,1,15,123,-5,97
98,52,47,0,40,123,-5,97
98,53,22,1,40,128,-15,97
98,54,10,0,35,133,-15,97
98,55,3,1,28,133,-15,102
98,56,11,1,33,133,-15,102
98,57,42,1,33,138,-15,102
98,58,6,1,25,138,-15,107
98,59,15,0,45,133,-15,107
98,60,30,1,45,133,-5,107
98,61,4,1,55,133,-5,102
98,62,39,1,60,133,-5,97
98,63,1,1,52,133,0,97
98,64,9,0,47,133,0,102
98,65,12,1,52,133,0,102
98,66,46,1,57,133,0,97
98,67,40,1,57,123,10,97
98,68,41,0,47,133,10,97
98,69,43,0,67,133,0,97
98,70,25,0,67,128,10,97
98,71,37,1,77,128,10,97
98,72,16,1,77,128,0,97
98,73,2,1,82,128,-10,97
98,74,5,0,77,128,-5,97
98,75,1,0,87,128,-20,97
98,76,19,1,102,128,-20,97
98,77,36,0,102,123,-20,99
98,78,17,0,82,133,-20,99
98,79,9,1,87,133,-20,99
98,80,27,1,87,138,-25,99
98,81,47,1,87,138,-25,114
98,82,41,0,77,148,-25,114
98,83,15,1,77,153,-25,114
98,84,25,1,77,158,-35,114
98,85,18,0,52,158,-35,124
98,86,44,0,52,158,-25,129
98,87,13,0,52,158,-25,134
98,88,16,0,42,163,-25,134
98,89,39,0,35,168,-25,134
98,90,11,1,40,168,-25,134
98,91,23,0,35,158,-25,139
98,92,5,0,30,158,-20,139
98,93,45,0,30,158,-20,144
98,94,24,0,25,158,-15,144
98,95,10,0,20,163,-15,144
98,96,26,1,30,163,-20,144
98,97,41,0,20,173,-20,144
98,98,2,0,10,173,-15,144
98,99,1,1,2,173,-10,144
99,0,5,0,45,50,55,50
99,1,21,0,40,50,70,50
99,2,14,1,40,55,70,50
99,3,48,0,30,55,70,55
99,4,31,1,30,55,80,55
99,5,28,0,20,55,90,55
99,6,45,0,20,55,90,60
99,7,32,0,20,60,75,60
99,8,23,0,15,50,75,65
99,9,4,1,25,50,75,60
99,10,9,0,20,50,75,65
99,11,11,0,15,50,75,67
99,12,22,0,10,50,80,67
99,13,17,0,-10,60,80,67
99,14,44,1,-5,60,80,67
99,15,10,1,15,60,70,67
99,16,5,0,10,60,75,67
99,17,15,0,30,55,75,67
99,18,41,0,20,65,75,67
99,19,30,0,20,65,65,77
99,20,33,0,50,65,65,77
99,21,2,0,40,65,70,77
99,22,8,1,30,65,70,82
99,23,26,1,40,65,65,82
99,24,3,1,33,65,65,87
99,25,21,1,33,70,50,87
99,26,20,0,28,70,65,87
99,27,42,1,28,75,65,87
99,28,9,1,33,75,65,87
99,29,24,0,28,75,70,87
99,30,27,1,28,80,65,87
99,31,11,1,33,80,65,87
99,32,25,0,33,75,75,87
99,33,1,1,25,75,80,87
99,34,46,1,30,75,80,82
99,35,47,0,55,75,80,82
99,36,48,1,55,80,80,72
99,37,15,1,55,85,80,72
99,38,41,0,45,95,80,72
99,39,14,1,45,100,80,72
99,40,13,0,45,100,80,77
99,41,22,0,40,100,85,77
99,42,36,1,40,105,85,72
99,43,12,1,45,105,85,72
99,44,11,1,50,105,85,72
99,45,3,0,65,105,80,72
99,46,23,0,60,95,80,77
99,47,26,1,70,95,75,77
99,48,46,1,75,95,75,72
99,49,5,1,80,95,65,72
99,50,28,0,70,95,75,72
99,51,14,0,70,95,75,77
99,52,1,1,62,95,80,77
99,53,4,0,47,100,80,77
99,54,15,0,67,95,80,77
99,55,41,1,72,85,80,77
99,56,9,0,67,85,80,82
99,57,34,1,82,85,80,82
99,58,21,0,77,85,95,82
99,59,11,0,72,85,95,84
99,60,36,1,72,90,95,79
99,61,16,0,62,95,95,79
99,62,38,0,57,100,95,79
99,63,35,0,57,108,80,79
99,64,6,1,49,108,80,84
99,65,12,0,44,118,80,84
99,66,46,0,37,118,80,89
99,67,24,1,42,118,80,89
99,68,37,0,30,128,80,89
99,69,20,1,30,133,65,89
99,70,13,1,35,138,65,89
99,71,39,1,40,138,65,84
99,72,3,1,33,138,65,89
99,73,41,0,23,148,65,89
99,74,1,1,15,148,70,89
99,75,17,0,-5,158,70,89
99,76,48,0,-15,158,70,94
99,77,23,0,-20,148,70,99
99,78,4,1,-10,148,70,94
99,79,47,1,-10,148,70,109
99,80,42,0,-18,148,70,119
99,81,10,1,2,148,60,119
99,82,5,0,-3,148,65,119
99,83,16,1,-3,148,55,119
99,84,40,0,-3,158,45,119
99,85,20,0,-8,158,60,119
99,86,22,0,-13,158,65,119
99,87,8,1,-23,158,65,124
99,88,25,0,-23,153,75,124
99,89,37,1,-13,153,75,124
99,90,19,0,-33,153,85,134
99,91,3,0,-18,153,80,134
99,92,13,0,-18,153,80,139
99,93,24,0,-23,153,85,139
99,94,26,1,-13,153,80,139
99,95,15,0,7,148,80,139
99,96,39,0,0,153,80,139
99,97,18,0,-25,153,80,149
99,98,16,1,-25,153,70,149
99,99,45,0,-25,153,70,154
