run,turn,card_id,choice,resources,security,moral,progress
0,0,9,1,55,50,50,50
0,1,57,1,55,55,50,50
0,2,2,0,45,55,55,50
0,3,15,1,45,60,55,50
0,4,20,0,40,60,70,50
0,5,16,1,40,60,60,50
0,6,13,0,40,60,60,55
0,7,25,1,40,65,50,55
0,8,12,0,35,75,50,55
0,9,31,0,35,80,40,55
0,10,28,1,45,80,40,55
0,11,19,1,60,80,40,55
0,12,23,0,55,70,40,60
0,13,5,1,60,70,30,60
0,14,15,1,60,75,30,60
0,15,29,0,50,75,35,60
0,16,10,0,45,80,35,60
0,17,45,0,45,80,35,65
0,18,42,0,37,80,35,75
0,19,16,0,27,85,35,75
0,20,20,0,22,85,50,75
0,21,4,1,32,85,50,70
0,22,1,1,24,85,55,70
0,23,47,1,24,85,55,85
0,24,23,0,19,75,55,90
0,25,21,1,19,80,40,90
0,26,41,0,9,90,40,90
0,27,11,0,4,90,40,92
0,28,15,1,4,95,40,92
0,29,32,1,4,85,55,92
0,30,22,0,-1,85,60,92
0,31,8,1,-11,85,60,97
0,32,33,1,-11,90,60,97
0,33,3,0,4,90,55,97
0,34,34,1,19,90,55,97
0,35,20,0,14,90,70,97
0,36,4,0,-1,95,70,97
0,37,37,1,9,95,70,97
0,38,40,1,9,85,80,97
0,39,6,0,19,85,75,97
0,40,26,1,29,85,70,97
0,41,21,0,24,85,85,97
0,42,44,0,24,85,95,102
0,43,14,1,24,90,95,102
0,44,38,0,19,95,95,102
0,45,5,1,24,95,85,102
0,46,10,0,19,100,85,102
0,47,1,0,29,100,70,102
0,48,25,1,29,105,60,102
0,49,43,1,29,105,65,87
0,50,16,0,19,110,65,87
0,51,22,1,19,115,55,87
0,52,4,0,4,120,55,87
0,53,20,0,-1,120,70,87
0,54,26,0,-6,120,70,92
0,55,24,0,-11,120,75,92
0,56,41,1,-6,110,75,92
0,57,6,1,-14,110,75,97
0,58,15,0,6,105,75,97
0,59,2,1,11,105,65,97
0,60,10,1,31,105,55,97
0,61,12,0,26,115,55,97
0,62,17,1,11,115,65,97
0,63,13,0,11,115,65,102
0,64,39,0,4,120,65,102
0,65,3,1,-3,120,65,107
0,66,36,1,-3,125,65,102
0,67,47,1,-3,125,65,117
0,68,42,1,-3,130,65,117
0,69,9,1,2,130,65,117
0,70,15,0,22,125,65,117
0,71,25,0,22,120,75,117
0,72,28,1,32,120,75,117
0,73,48,0,22,120,75,122
0,74,22,0,17,120,80,122
0,75,1,1,9,120,85,122
0,76,40,1,9,110,95,122
0,77,8,1,-1,110,95,127
0,78,37,1,9,110,95,127
0,79,12,0,4,120,95,127
0,80,5,1,9,120,85,127
0,81,10,0,4,125,85,127
0,82,36,1,4,130,85,122
0,83,2,1,9,130,75,122
0,84,19,1,24,130,75,122
0,85,58,0,24,120,75,122
0,86,23,1,34,120,70,122
0,87,11,1,39,120,70,122
0,88,45,1,39,125,70,122
0,89,14,1,39,130,70,122
0,90,39,0,32,135,70,122
0,91,16,0,22,140,70,122
0,92,15,0,42,135,70,122
0,93,18,1,52,135,70,122
0,94,42,0,44,135,70,132
0,95,10,1,64,135,60,132
0,96,9,1,69,135,60,132
0,97,59,0,69,135,50,137
0,98,13,1,74,140,50,137
0,99,1,0,84,140,35,137
1,0,25,1,50,55,40,50
1,1,31,1,50,55,50,50
1,2,4,0,35,60,50,50
1,3,30,0,35,60,40,60
1,4,49,0,35,60,40,65
1,5,9,1,40,60,40,65
1,6,32,0,40,65,25,65
1,7,44,1,45,65,25,65
1,8,27,1,45,70,20,65
1,9,26,1,55,70,15,65
1,10,10,0,50,75,15,65
1,11,33,1,50,80,15,65
1,12,18,0,25,80,15,75
1,13,11,0,20,80,15,77
1,14,15,1,20,85,15,77
1,15,2,1,25,85,5,77
1,16,20,1,25,90,-10,77
1,17,22,0,20,90,-5,77
1,18,16,0,10,95,-5,77
1,19,23,0,5,85,-5,82
1,20,42,1,5,90,-5,82
1,21,41,1,10,80,-5,82
1,22,9,1,15,80,-5,82
1,23,34,0,15,65,10,82
1,24,3,1,8,65,10,87
1,25,46,1,13,65,10,82
1,26,50,1,13,65,20,82
1,27,37,0,1,75,20,82
1,28,19,1,16,75,20,82
1,29,26,1,26,75,15,82
1,30,4,0,11,80,15,82
1,31,16,0,1,85,15,82
1,32,7,1,6,85,15,77
1,33,47,1,6,85,15,92
1,34,28,1,16,85,15,92
1,35,2,0,6,85,20,92
1,36,27,0,16,70,20,92
1,37,25,0,16,65,30,92
1,38,6,0,26,65,25,92
1,39,23,0,21,55,25,97
1,40,8,1,11,55,25,102
1,41,15,1,11,60,25,102
1,42,35,0,11,68,10,102
1,43,12,0,6,78,10,102
1,44,26,1,16,78,5,102
1,45,43,0,36,78,-5,102
1,46,22,0,31,78,0,102
1,47,9,1,36,78,0,102
1,48,7,0,21,83,0,102
1,49,10,0,16,88,0,102
1,50,14,0,16,88,0,107
1,51,29,1,16,103,-20,107
1,52,41,0,6,113,-20,107
1,53,17,0,-14,123,-20,107
1,54,27,1,-14,128,-25,107
1,55,24,0,-19,128,-20,107
1,56,2,0,-29,128,-15,107
1,57,20,0,-34,128,0,107
1,58,18,0,-59,128,0,117
1,59,51,1,-59,133,0,117
1,60,25,0,-59,128,10,117
1,61,15,1,-59,133,10,117
1,62,11,1,-54,133,10,117
1,63,9,0,-59,133,10,122
1,64,37,0,-71,143,10,122
1,65,39,1,-66,143,10,117
1,66,26,1,-56,143,5,117
1,67,22,0,-61,143,10,117
1,68,41,0,-71,153,10,117
1,69,7,0,-86,158,10,117
1,70,4,1,-76,158,10,112
1,71,1,1,-84,158,15,112
1,72,5,1,-79,158,5,112
1,73,20,0,-84,158,20,112
1,74,3,1,-91,158,20,117
1,75,25,0,-91,153,30,117
1,76,16,1,-91,153,20,117
1,77,57,1,-91,158,20,117
1,78,38,0,-96,163,20,117
1,79,15,1,-96,168,20,117
1,80,11,1,-91,168,20,117
1,81,2,0,-101,168,25,117
1,82,52,1,-101,178,25,102
1,83,22,0,-106,178,30,102
1,84,5,1,-101,178,20,102
1,85,28,1,-91,178,20,102
1,86,12,0,-96,188,20,102
1,87,30,1,-96,188,30,102
1,88,25,0,-96,183,40,102
1,89,41,0,-106,193,40,102
1,90,11,0,-111,193,40,104
1,91,1,1,-119,193,45,104
1,92,13,1,-114,198,45,104
1,93,46,1,-109,198,45,99
1,94,29,1,-109,213,25,99
1,95,10,1,-89,213,15,99
1,96,37,0,-101,223,15,99
1,97,48,0,-111,223,15,104
1,98,22,0,-116,223,20,104
1,99,44,0,-116,223,30,109
2,0,45,1,50,55,50,50
2,1,9,1,55,55,50,50
2,2,16,0,45,60,50,50
2,3,5,1,50,60,40,50
2,4,2,0,40,60,45,50
2,5,40,1,40,50,55,50
2,6,15,1,40,55,55,50
2,7,25,0,40,50,65,50
2,8,26,1,50,50,60,50
2,9,4,0,35,55,60,50
2,10,13,0,35,55,60,55
2,11,18,1,45,55,60,55
2,12,10,0,40,60,60,55
2,13,12,0,35,70,60,55
2,14,42,0,27,70,60,65
2,15,20,1,27,75,45,65
2,16,1,0,37,75,30,65
2,17,48,1,37,80,30,55
2,18,21,0,32,80,45,55
2,19,44,0,32,80,55,60
2,20,57,0,22,80,55,65
2,21,28,1,32,80,55,65
2,22,27,1,32,85,50,65
2,23,19,0,12,85,60,75
2,24,6,1,4,85,60,80
2,25,25,0,4,80,70,80
2,26,58,0,4,70,70,80
2,27,23,1,14,70,65,80
2,28,38,1,19,70,65,80
2,29,31,0,19,75,55,80
2,30,22,0,14,75,60,80
2,31,21,0,9,75,75,80
2,32,7,0,-6,80,75,80
2,33,41,1,-1,70,75,80
2,34,16,0,-11,75,75,80
2,35,24,1,-6,75,75,80
2,36,46,1,-1,75,75,75
2,37,18,1,9,75,75,75
2,38,39,0,2,80,75,75
2,39,15,1,2,85,75,75
2,40,36,1,2,90,75,70
2,41,12,0,-3,100,75,70
2,42,20,1,-3,105,60,70
2,43,28,1,7,105,60,70
2,44,4,0,-8,110,60,70
2,45,16,1,-8,110,50,70
2,46,2,0,-18,110,55,70
2,47,5,0,-23,110,60,70
2,48,41,1,-18,100,60,70
2,49,6,1,-26,100,60,75
2,50,3,0,-11,100,55,75
2,51,11,1,-6,100,55,75
2,52,14,1,-6,105,55,75
2,53,38,0,-11,110,55,75
2,54,15,1,-11,115,55,75
2,55,27,1,-11,120,50,75
2,56,23,1,-1,120,45,75
2,57,13,0,-1,120,45,80
2,58,20,0,-6,120,60,80
2,59,28,1,4,120,60,80
2,60,4,0,-11,125,60,80
2,61,22,1,-11,130,50,80
2,62,6,1,-19,130,50,85
2,63,8,0,-19,135,40,85
2,64,36,0,-19,130,40,87
2,65,16,0,-29,135,40,87
2,66,37,1,-19,135,40,87
2,67,27,1,-19,140,35,87
2,68,43,0,1,140,25,87
2,69,12,1,6,140,25,87
2,70,7,0,-9,145,25,87
2,71,9,0,-14,145,25,92
2,72,3,0,1,145,20,92
2,73,41,0,-9,155,20,92
2,74,11,0,-14,155,20,94
2,75,40,1,-14,145,30,94
2,76,29,1,-14,160,10,94
2,77,15,0,6,155,10,94
2,78,6,0,16,155,5,94
2,79,23,1,26,155,0,94
2,80,12,1,31,155,0,94
2,81,14,1,31,160,0,94
2,82,10,1,51,160,-10,94
2,83,20,0,46,160,5,94
2,84,59,0,46,160,-5,99
2,85,38,0,41,165,-5,99
2,86,42,0,33,165,-5,109
2,87,7,1,38,165,-5,104
2,88,36,1,38,170,-5,99
2,89,1,1,30,170,0,99
2,90,6,0,40,170,-5,99
2,91,11,0,35,170,-5,101
2,92,3,0,50,170,-10,101
2,93,18,0,25,170,-10,111
2,94,28,0,15,170,0,111
2,95,21,0,10,170,15,111
2,96,2,1,15,170,5,111
2,97,47,1,15,170,5,126
2,98,15,1,15,175,5,126
2,99,29,1,15,190,-15,126
3,0,7,0,35,55,50,50
3,1,14,0,35,55,50,55
3,2,31,0,35,60,40,55
3,3,47,0,60,60,40,55
3,4,10,0,55,65,40,55
3,5,21,0,50,65,55,55
3,6,16,0,40,70,55,55
3,7,2,0,30,70,60,55
3,8,11,1,35,70,60,55
3,9,25,0,35,65,70,55
3,10,46,1,40,65,70,50
3,11,22,0,35,65,75,50
3,12,43,1,35,65,80,35
3,13,20,1,35,70,65,35
3,14,4,1,45,70,65,30
3,15,48,1,45,75,65,20
3,16,14,1,45,80,65,20
3,17,29,0,35,80,70,20
3,18,15,1,35,85,70,20
3,19,13,0,35,85,70,25
3,20,11,0,30,85,70,27
3,21,18,0,5,85,70,37
3,22,47,1,5,85,70,52
3,23,10,1,25,85,60,52
3,24,16,0,15,90,60,52
3,25,25,0,15,85,70,52
3,26,4,1,25,85,70,47
3,27,28,0,15,85,80,47
3,28,44,1,20,85,80,47
3,29,49,1,20,90,80,47
3,30,20,0,15,90,95,47
3,31,3,0,30,90,90,47
3,32,8,0,30,95,80,47
3,33,32,1,30,85,95,47
3,34,41,0,20,95,95,47
3,35,33,1,20,100,95,47
3,36,37,0,8,110,95,47
3,37,25,1,8,115,85,47
3,38,2,0,-2,115,90,47
3,39,43,0,18,115,80,47
3,40,12,0,13,125,80,47
3,41,30,1,13,125,90,47
3,42,10,0,8,130,90,47
3,43,23,0,3,120,90,52
3,44,1,1,-5,120,95,52
3,45,15,0,15,115,95,52
3,46,20,0,10,115,110,52
3,47,41,1,15,105,110,52
3,48,5,0,10,105,115,52
3,49,26,0,5,105,115,57
3,50,57,0,-5,105,115,62
3,51,40,0,-5,115,105,62
3,52,22,1,-5,120,95,62
3,53,25,0,-5,115,105,62
3,54,38,1,0,115,105,62
3,55,14,1,0,120,105,62
3,56,23,1,10,120,100,62
3,57,45,0,10,120,100,67
3,58,15,0,30,115,100,67
3,59,1,0,40,115,85,67
3,60,21,1,40,120,70,67
3,61,34,1,55,120,70,67
3,62,58,1,55,125,70,67
3,63,41,1,60,115,70,67
3,64,12,0,55,125,70,67
3,65,30,0,55,125,60,77
3,66,28,1,65,125,60,77
3,67,35,1,65,115,70,77
3,68,22,1,65,120,60,77
3,69,25,1,65,125,50,77
3,70,20,0,60,125,65,77
3,71,23,1,70,125,60,77
3,72,2,1,75,125,50,77
3,73,9,1,80,125,50,77
3,74,5,0,75,125,55,77
3,75,24,0,70,125,60,77
3,76,40,1,70,115,70,77
3,77,16,0,60,120,70,77
3,78,38,1,65,120,70,77
3,79,6,1,57,120,70,82
3,80,59,1,57,125,70,82
3,81,27,1,57,130,65,82
3,82,26,1,67,130,60,82
3,83,29,0,57,130,65,82
3,84,13,0,57,130,65,87
3,85,60,1,57,140,65,87
3,86,23,1,67,140,60,87
3,87,19,1,82,140,60,87
3,88,46,1,87,140,60,82
3,89,37,0,75,150,60,82
3,90,61,1,75,160,60,82
3,91,41,0,65,170,60,82
3,92,15,1,65,175,60,82
3,93,4,0,50,180,60,82
3,94,10,1,70,180,50,82
3,95,17,0,50,190,50,82
3,96,48,0,40,190,50,87
3,97,9,1,45,190,50,87
3,98,25,1,45,195,40,87
3,99,7,0,30,200,40,87
4,0,36,0,50,45,50,52
4,1,9,1,55,45,50,52
4,2,43,0,75,45,40,52
4,3,19,0,55,45,50,62
4,4,25,0,55,40,60,62
4,5,45,1,55,45,60,62
4,6,24,1,60,45,60,62
4,7,26,1,70,45,55,62
4,8,17,1,55,45,65,62
4,9,4,1,65,45,65,57
4,10,41,1,70,35,65,57
4,11,49,1,70,40,65,57
4,12,27,1,70,45,60,57
4,13,30,0,70,45,50,67
4,14,46,0,63,45,50,72
4,15,5,1,68,45,40,72
4,16,18,0,43,45,40,82
4,17,10,1,63,45,30,82
4,18,15,0,83,40,30,82
4,19,7,0,68,45,30,82
4,20,38,1,73,45,30,82
4,21,28,0,63,45,40,82
4,22,16,1,63,45,30,82
4,23,22,0,58,45,35,82
4,24,14,0,58,45,35,87
4,25,3,0,73,45,30,87
4,26,42,0,65,45,30,97
4,27,21,0,60,45,45,97
4,28,10,0,55,50,45,97
4,29,26,1,65,50,40,97
4,30,43,1,65,50,45,82
4,31,2,0,55,50,50,82
4,32,41,0,45,60,50,82
4,33,5,1,50,60,40,82
4,34,25,1,50,65,30,82
4,35,1,0,60,65,15,82
4,36,46,0,53,65,15,87
4,37,29,1,53,80,-5,87
4,38,20,1,53,85,-20,87
4,39,14,0,53,85,-20,92
4,40,9,1,58,85,-20,92
4,41,22,1,58,90,-30,92
4,42,31,0,58,95,-40,92
4,43,3,0,73,95,-45,92
4,44,45,0,73,95,-45,97
4,45,28,1,83,95,-45,97
4,46,24,1,88,95,-45,97
4,47,15,0,108,90,-45,97
4,48,2,1,113,90,-55,97
4,49,39,0,106,95,-55,97
4,50,4,1,116,95,-55,92
4,51,25,1,116,100,-65,92
4,52,27,0,126,85,-65,92
4,53,17,1,111,85,-55,92
4,54,10,1,131,85,-65,92
4,55,9,0,126,85,-65,97
4,56,3,0,141,85,-70,97
4,57,42,1,141,90,-70,97
4,58,36,0,141,85,-70,99
4,59,45,0,141,85,-70,104
4,60,57,1,141,90,-70,104
4,61,15,0,161,85,-70,104
4,62,58,0,161,75,-70,104
4,63,11,0,156,75,-70,106
4,64,4,0,141,80,-70,106
4,65,41,0,131,90,-70,106
4,66,47,0,156,90,-70,106
4,67,16,1,156,90,-80,106
4,68,24,0,151,90,-75,106
4,69,6,0,161,90,-80,106
4,70,37,1,171,90,-80,106
4,71,59,1,171,95,-80,106
4,72,12,1,176,95,-80,106
4,73,11,0,171,95,-80,108
4,74,48,0,161,95,-80,113
4,75,26,0,156,95,-80,118
4,76,19,1,171,95,-80,118
4,77,16,1,171,95,-90,118
4,78,14,0,171,95,-90,123
4,79,29,1,171,110,-110,123
4,80,3,1,164,110,-110,128
4,81,13,0,164,110,-110,133
4,82,5,1,169,110,-120,133
4,83,23,0,164,100,-120,138
4,84,8,1,154,100,-120,143
4,85,15,0,174,95,-120,143
4,86,7,1,179,95,-120,138
4,87,2,0,169,95,-115,138
4,88,16,1,169,95,-125,138
4,89,60,1,169,105,-125,138
4,90,6,0,179,105,-130,138
4,91,21,0,174,105,-115,138
4,92,22,1,174,110,-125,138
4,93,44,1,179,110,-125,138
4,94,43,0,199,110,-135,138
4,95,15,0,219,105,-135,138
4,96,1,1,211,105,-130,138
4,97,41,1,216,95,-130,138
4,98,16,0,206,100,-130,138
4,99,48,0,196,100,-130,143
5,0,25,1,50,55,40,50
5,1,12,0,45,65,40,50
5,2,31,1,45,65,50,50
5,3,45,0,45,65,50,55
5,4,3,1,38,65,50,60
5,5,38,1,43,65,50,60
5,6,20,0,38,65,65,60
5,7,16,0,28,70,65,60
5,8,21,0,23,70,80,60
5,9,40,0,23,80,70,60
5,10,39,1,28,80,70,55
5,11,27,1,28,85,65,55
5,12,1,0,38,85,50,55
5,13,44,0,38,85,60,60
5,14,49,1,38,90,60,60
5,15,5,0,33,90,65,60
5,16,41,0,23,100,65,60
5,17,37,0,11,110,65,60
5,18,13,0,11,110,65,65
5,19,3,0,26,110,60,65
5,20,14,0,26,110,60,70
5,21,24,0,21,110,65,70
5,22,28,1,31,110,65,70
5,23,23,0,26,100,65,75
5,24,2,1,31,100,55,75
5,25,26,1,41,100,50,75
5,26,11,1,46,100,50,75
5,27,25,1,46,105,40,75
5,28,42,0,38,105,40,85
5,29,8,1,28,105,40,90
5,30,20,0,23,105,55,90
5,31,39,0,16,110,55,90
5,32,1,0,26,110,40,90
5,33,14,0,26,110,40,95
5,34,45,0,26,110,40,100
5,35,4,1,36,110,40,95
5,36,12,0,31,120,40,95
5,37,5,1,36,120,30,95
5,38,23,1,46,120,25,95
5,39,16,0,36,125,25,95
5,40,15,1,36,130,25,95
5,41,44,0,36,130,35,100
5,42,21,1,36,135,20,100
5,43,9,1,41,135,20,100
5,44,7,1,46,135,20,95
5,45,11,0,41,135,20,97
5,46,12,0,36,145,20,97
5,47,39,1,41,145,20,92
5,48,22,1,41,150,10,92
5,49,41,1,46,140,10,92
5,50,13,0,46,140,10,97
5,51,4,0,31,145,10,97
5,52,15,0,51,140,10,97
5,53,40,1,51,130,20,97
5,54,45,0,51,130,20,102
5,55,21,1,51,135,5,102
5,56,12,0,46,145,5,102
5,57,20,1,46,150,-10,102
5,58,14,1,46,155,-10,102
5,59,11,0,41,155,-10,104
5,60,26,1,51,155,-15,104
5,61,43,1,51,155,-10,89
5,62,37,0,39,165,-10,89
5,63,16,0,29,170,-10,89
5,64,25,1,29,175,-20,89
5,65,1,0,39,175,-35,89
5,66,17,0,19,185,-35,89
5,67,5,1,24,185,-45,89
5,68,24,1,29,185,-45,89
5,69,40,1,29,175,-35,89
5,70,7,0,14,180,-35,89
5,71,23,1,24,180,-40,89
5,72,57,0,14,180,-40,94
5,73,11,1,19,180,-40,94
5,74,26,1,29,180,-45,94
5,75,13,1,34,185,-45,94
5,76,12,0,29,195,-45,94
5,77,19,1,44,195,-45,94
5,78,39,1,49,195,-45,89
5,79,47,1,49,195,-45,104
5,80,9,0,44,195,-45,109
5,81,8,0,44,200,-55,109
5,82,2,1,49,200,-65,109
5,83,32,0,49,205,-80,109
5,84,58,0,49,195,-80,109
5,85,46,0,42,195,-80,114
5,86,3,1,35,195,-80,119
5,87,37,1,45,195,-80,119
5,88,20,1,45,200,-95,119
5,89,1,0,55,200,-110,119
5,90,33,0,85,200,-110,119
5,91,36,0,85,195,-110,121
5,92,26,0,80,195,-110,126
5,93,34,1,95,195,-110,126
5,94,41,0,85,205,-110,126
5,95,16,1,85,205,-120,126
5,96,12,0,80,215,-120,126
5,97,45,0,80,215,-120,131
5,98,22,0,75,215,-115,131
5,99,44,1,80,215,-115,131
6,0,10,1,70,50,40,50
6,1,11,0,65,50,40,52
6,2,25,1,65,55,30,52
6,3,26,1,75,55,25,52
6,4,42,1,75,60,25,52
6,5,46,0,68,60,25,57
6,6,6,1,60,60,25,62
6,7,21,1,60,65,10,62
6,8,31,1,60,65,20,62
6,9,45,0,60,65,20,67
6,10,27,0,70,50,20,67
6,11,12,1,75,50,20,67
6,12,3,0,90,50,15,67
6,13,14,1,90,55,15,67
6,14,5,1,95,55,5,67
6,15,41,1,100,45,5,67
6,16,23,0,95,35,5,72
6,17,20,1,95,40,-10,72
6,18,8,0,95,45,-20,72
6,19,26,1,105,45,-25,72
6,20,21,1,105,50,-40,72
6,21,13,0,105,50,-40,77
6,22,16,1,105,50,-50,77
6,23,17,0,85,60,-50,77
6,24,10,1,105,60,-60,77
6,25,12,0,100,70,-60,77
6,26,3,0,115,70,-65,77
6,27,22,0,110,70,-60,77
6,28,48,0,100,70,-60,82
6,29,5,1,105,70,-70,82
6,30,25,0,105,65,-60,82
6,31,9,0,100,65,-60,87
6,32,20,1,100,70,-75,87
6,33,6,1,92,70,-75,92
6,34,57,1,92,75,-75,92
6,35,32,0,92,80,-90,92
6,36,36,0,92,75,-90,94
6,37,42,1,92,80,-90,94
6,38,2,0,82,80,-85,94
6,39,45,1,82,85,-85,94
6,40,58,0,82,75,-85,94
6,41,11,0,77,75,-85,96
6,42,16,1,77,75,-95,96
6,43,37,1,87,75,-95,96
6,44,13,0,87,75,-95,101
6,45,24,0,82,75,-90,101
6,46,26,0,77,75,-90,106
6,47,12,1,82,75,-90,106
6,48,48,0,72,75,-90,111
6,49,5,0,67,75,-85,111
6,50,23,0,62,65,-85,116
6,51,33,1,62,70,-85,116
6,52,4,1,72,70,-85,111
6,53,27,0,82,55,-85,111
6,54,10,0,77,60,-85,111
6,55,2,0,67,60,-80,111
6,56,15,0,87,55,-80,111
6,57,7,0,72,60,-80,111
6,58,21,0,67,60,-65,111
6,59,34,0,67,45,-50,111
6,60,24,0,62,45,-45,111
6,61,11,0,57,45,-45,113
6,62,14,0,57,45,-45,118
6,63,3,1,50,45,-45,123
6,64,22,1,50,50,-55,123
6,65,4,0,35,55,-55,123
6,66,23,1,45,55,-60,123
6,67,1,0,55,55,-75,123
6,68,26,1,65,55,-80,123
6,69,44,0,65,55,-70,128
6,70,6,1,57,55,-70,133
6,71,2,1,62,55,-80,133
6,72,5,1,67,55,-90,133
6,73,11,0,62,55,-90,135
6,74,43,1,62,55,-85,120
6,75,3,0,77,55,-90,120
6,76,8,0,77,60,-100,120
6,77,49,1,77,65,-100,120
6,78,4,0,62,70,-100,120
6,79,16,1,62,70,-110,120
6,80,10,1,82,70,-120,120
6,81,41,1,87,60,-120,120
6,82,20,1,87,65,-135,120
6,83,27,1,87,70,-140,120
6,84,26,1,97,70,-145,120
6,85,15,1,97,75,-145,120
6,86,21,0,92,75,-130,120
6,87,3,1,85,75,-130,125
6,88,11,0,80,75,-130,127
6,89,14,0,80,75,-130,132
6,90,1,1,72,75,-125,132
6,91,5,1,77,75,-135,132
6,92,24,1,82,75,-135,132
6,93,16,0,72,80,-135,132
6,94,45,0,72,80,-135,137
6,95,12,0,67,90,-135,137
6,96,26,1,77,90,-140,137
6,97,22,1,77,95,-150,137
6,98,27,0,87,80,-150,137
6,99,42,0,79,80,-150,147
7,0,12,0,45,60,50,50
7,1,10,0,40,65,50,50
7,2,49,0,40,65,50,55
7,3,1,0,50,65,35,55
7,4,48,1,50,70,35,45
7,5,50,1,50,70,45,45
7,6,2,1,55,70,35,45
7,7,16,0,45,75,35,45
7,8,14,0,45,75,35,50
7,9,15,0,65,70,35,50
7,10,12,1,70,70,35,50
7,11,36,0,70,65,35,52
7,12,29,0,60,65,40,52
7,13,28,1,70,65,40,52
7,14,5,0,65,65,45,52
7,15,13,1,70,70,45,52
7,16,3,1,63,70,45,57
7,17,43,1,63,70,50,42
7,18,10,0,58,75,50,42
7,19,37,0,46,85,50,42
7,20,41,1,51,75,50,42
7,21,31,0,51,80,40,42
7,22,8,0,51,85,30,42
7,23,51,0,51,65,30,52
7,24,57,1,51,70,30,52
7,25,2,0,41,70,35,52
7,26,32,0,41,75,20,52
7,27,22,1,41,80,10,52
7,28,42,1,41,85,10,52
7,29,12,0,36,95,10,52
7,30,23,1,46,95,5,52
7,31,14,0,46,95,5,57
7,32,52,1,46,105,5,42
7,33,9,0,41,105,5,47
7,34,24,1,46,105,5,47
7,35,20,1,46,110,-10,47
7,36,8,0,46,115,-20,47
7,37,7,1,51,115,-20,42
7,38,5,0,46,115,-15,42
7,39,3,0,61,115,-20,42
7,40,29,0,51,115,-15,42
7,41,37,0,39,125,-15,42
7,42,36,0,39,120,-15,44
7,43,53,1,39,120,-5,44
7,44,33,0,69,120,-5,44
7,45,22,1,69,125,-15,44
7,46,58,0,69,115,-15,44
7,47,4,0,54,120,-15,44
7,48,44,0,54,120,-5,49
7,49,13,1,59,125,-5,49
7,50,2,1,64,125,-15,49
7,51,23,0,59,115,-15,54
7,52,3,1,52,115,-15,59
7,53,25,1,52,120,-25,59
7,54,20,0,47,120,-10,59
7,55,41,1,52,110,-10,59
7,56,12,1,57,110,-10,59
7,57,11,0,52,110,-10,61
7,58,27,1,52,115,-15,61
7,59,39,0,45,120,-15,61
7,60,5,0,40,120,-10,61
7,61,4,1,50,120,-10,56
7,62,6,0,60,120,-15,56
7,63,21,1,60,125,-30,56
7,64,3,0,75,125,-35,56
7,65,54,1,75,130,-35,46
7,66,45,0,75,130,-35,51
7,67,10,0,70,135,-35,51
7,68,59,1,70,140,-35,51
7,69,41,1,75,130,-35,51
7,70,19,1,90,130,-35,51
7,71,11,1,95,130,-35,51
7,72,60,1,95,140,-35,51
7,73,1,0,105,140,-50,51
7,74,43,1,105,140,-45,36
7,75,36,0,105,135,-45,38
7,76,5,1,110,135,-55,38
7,77,14,0,110,135,-55,43
7,78,61,1,110,145,-55,43
7,79,25,0,110,140,-45,43
7,80,41,0,100,150,-45,43
7,81,13,1,105,155,-45,43
7,82,18,0,80,155,-45,53
7,83,39,0,73,160,-45,53
7,84,22,0,68,160,-40,53
7,85,3,0,83,160,-45,53
7,86,55,0,98,160,-45,53
7,87,34,1,113,160,-45,53
7,88,1,1,105,160,-40,53
7,89,14,1,105,165,-40,53
7,90,20,0,100,165,-25,53
7,91,37,0,88,175,-25,53
7,92,26,0,83,175,-25,58
7,93,25,1,83,180,-35,58
7,94,7,0,68,185,-35,58
7,95,11,0,63,185,-35,60
7,96,62,1,33,205,-35,60
7,97,27,0,43,190,-35,60
7,98,21,1,43,195,-50,60
7,99,39,0,36,200,-50,60
8,0,9,1,55,50,50,50
8,1,20,0,50,50,65,50
8,2,13,0,50,50,65,55
8,3,16,1,50,50,55,55
8,4,40,0,50,60,45,55
8,5,38,0,45,65,45,55
8,6,23,0,40,55,45,60
8,7,4,0,25,60,45,60
8,8,10,0,20,65,45,60
8,9,1,1,12,65,50,60
8,10,41,1,17,55,50,60
8,11,26,0,12,55,50,65
8,12,49,0,12,55,50,70
8,13,44,1,17,55,50,70
8,14,12,1,22,55,50,70
8,15,27,1,22,60,45,70
8,16,36,0,22,55,45,72
8,17,16,1,22,55,35,72
8,18,2,1,27,55,25,72
8,19,11,1,32,55,25,72
8,20,29,0,22,55,30,72
8,21,38,1,27,55,30,72
8,22,22,0,22,55,35,72
8,23,21,0,17,55,50,72
8,24,9,0,12,55,50,77
8,25,6,1,4,55,50,82
8,26,3,1,-3,55,50,87
8,27,4,0,-18,60,50,87
8,28,39,1,-13,60,50,82
8,29,15,1,-13,65,50,82
8,30,8,1,-23,65,50,87
8,31,41,0,-33,75,50,87
8,32,20,1,-33,80,35,87
8,33,26,0,-38,80,35,92
8,34,19,0,-58,80,45,102
8,35,27,0,-48,65,45,102
8,36,31,1,-48,65,55,102
8,37,36,0,-48,60,55,104
8,38,28,1,-38,60,55,104
8,39,10,0,-43,65,55,104
8,40,18,1,-33,65,55,104
8,41,9,1,-28,65,55,104
8,42,16,0,-38,70,55,104
8,43,3,0,-23,70,50,104
8,44,2,0,-33,70,55,104
8,45,42,1,-33,75,55,104
8,46,25,0,-33,70,65,104
8,47,1,0,-23,70,50,104
8,48,43,1,-23,70,55,89
8,49,22,1,-23,75,45,89
8,50,17,1,-38,75,55,89
8,51,15,0,-18,70,55,89
8,52,46,0,-25,70,55,94
8,53,23,1,-15,70,50,94
8,54,28,0,-25,70,60,94
8,55,20,1,-25,75,45,94
8,56,9,1,-20,75,45,94
8,57,41,0,-30,85,45,94
8,58,48,1,-30,90,45,84
8,59,50,0,-30,100,45,84
8,60,16,0,-40,105,45,84
8,61,12,1,-35,105,45,84
8,62,2,0,-45,105,50,84
8,63,27,1,-45,110,45,84
8,64,25,0,-45,105,55,84
8,65,22,0,-50,105,60,84
8,66,21,1,-50,110,45,84
8,67,41,0,-60,120,45,84
8,68,4,0,-75,125,45,84
8,69,1,0,-65,125,30,84
8,70,51,1,-65,130,30,84
8,71,14,0,-65,130,30,89
8,72,12,1,-60,130,30,89
8,73,16,1,-60,130,20,89
8,74,15,1,-60,135,20,89
8,75,38,1,-55,135,20,89
8,76,3,1,-62,135,20,94
8,77,46,1,-57,135,20,89
8,78,23,1,-47,135,15,89
8,79,24,1,-42,135,15,89
8,80,25,1,-42,140,5,89
8,81,5,1,-37,140,-5,89
8,82,20,1,-37,145,-20,89
8,83,4,1,-27,145,-20,84
8,84,32,1,-27,135,-5,84
8,85,33,1,-27,140,-5,84
8,86,6,0,-17,140,-10,84
8,87,42,0,-25,140,-10,94
8,88,12,0,-30,150,-10,94
8,89,39,0,-37,155,-10,94
8,90,46,0,-44,155,-10,99
8,91,14,0,-44,155,-10,104
8,92,1,0,-34,155,-25,104
8,93,16,1,-34,155,-35,104
8,94,5,0,-39,155,-30,104
8,95,2,0,-49,155,-25,104
8,96,8,1,-59,155,-25,109
8,97,52,1,-59,165,-25,94
8,98,53,0,-59,180,-40,94
8,99,20,0,-64,180,-25,94
9,0,15,0,70,45,50,50
9,1,46,1,75,45,50,45
9,2,13,0,75,45,50,50
9,3,19,0,55,45,60,60
9,4,16,1,55,45,50,60
9,5,37,0,43,55,50,60
9,6,44,1,48,55,50,60
9,7,18,1,58,55,50,60
9,8,10,0,53,60,50,60
9,9,24,0,48,60,55,60
9,10,21,1,48,65,40,60
9,11,11,1,53,65,40,60
9,12,38,0,48,70,40,60
9,13,22,1,48,75,30,60
9,14,30,0,48,75,20,70
9,15,25,1,48,80,10,70
9,16,9,0,43,80,10,75
9,17,12,1,48,80,10,75
9,18,43,1,48,80,15,60
9,19,45,1,48,85,15,60
9,20,31,0,48,90,5,60
9,21,36,1,48,95,5,55
9,22,11,1,53,95,5,55
9,23,26,0,48,95,5,60
9,24,8,0,48,100,-5,60
9,25,4,1,58,100,-5,55
9,26,42,0,50,100,-5,65
9,27,2,1,55,100,-15,65
9,28,40,0,55,110,-25,65
9,29,39,0,48,115,-25,65
9,30,23,0,43,105,-25,70
9,31,13,1,48,110,-25,70
9,32,1,1,40,110,-20,70
9,33,44,0,40,110,-10,75
9,34,10,0,35,115,-10,75
9,35,9,0,30,115,-10,80
9,36,46,0,23,115,-10,85
9,37,57,0,13,115,-10,90
9,38,11,1,18,115,-10,90
9,39,14,1,18,120,-10,90
9,40,32,0,18,125,-25,90
9,41,3,1,11,125,-25,95
9,42,4,0,-4,130,-25,95
9,43,15,1,-4,135,-25,95
9,44,26,0,-9,135,-25,100
9,45,33,0,21,135,-25,100
9,46,27,1,21,140,-30,100
9,47,5,0,16,140,-25,100
9,48,13,0,16,140,-25,105
9,49,1,0,26,140,-40,105
9,50,21,0,21,140,-25,105
9,51,36,0,21,135,-25,107
9,52,10,0,16,140,-25,107
9,53,3,0,31,140,-30,107
9,54,43,0,51,140,-40,107
9,55,15,1,51,145,-40,107
9,56,16,0,41,150,-40,107
9,57,12,1,46,150,-40,107
9,58,14,0,46,150,-40,112
9,59,29,1,46,165,-60,112
9,60,11,0,41,165,-60,114
9,61,58,1,41,170,-60,114
9,62,34,1,56,170,-60,114
9,63,25,1,56,175,-70,114
9,64,22,0,51,175,-65,114
9,65,15,1,51,180,-65,114
9,66,46,0,44,180,-65,119
9,67,24,0,39,180,-60,119
9,68,2,0,29,180,-55,119
9,69,44,0,29,180,-45,124
9,70,23,0,24,170,-45,129
9,71,39,0,17,175,-45,129
9,72,40,1,17,165,-35,129
9,73,14,1,17,170,-35,129
9,74,36,0,17,165,-35,131
9,75,3,0,32,165,-40,131
9,76,43,0,52,165,-50,131
9,77,11,0,47,165,-50,133
9,78,4,0,32,170,-50,133
9,79,22,1,32,175,-60,133
9,80,7,0,17,180,-60,133
9,81,6,1,9,180,-60,138
9,82,26,0,4,180,-60,143
9,83,59,1,4,185,-60,143
9,84,12,1,9,185,-60,143
9,85,23,0,4,175,-60,148
9,86,42,1,4,180,-60,148
9,87,46,1,9,180,-60,143
9,88,39,1,14,180,-60,138
9,89,13,1,19,185,-60,138
9,90,25,0,19,180,-50,138
9,91,20,1,19,185,-65,138
9,92,36,0,19,180,-65,140
9,93,10,0,14,185,-65,140
9,94,38,0,9,190,-65,140
9,95,3,1,2,190,-65,145
9,96,5,1,7,190,-75,145
9,97,2,0,-3,190,-70,145
9,98,43,0,17,190,-80,145
9,99,7,0,2,195,-80,145
10,0,49,1,50,55,50,50
10,1,6,0,60,55,45,50
10,2,5,0,55,55,50,50
10,3,7,0,40,60,50,50
10,4,2,1,45,60,40,50
10,5,11,0,40,60,40,52
10,6,10,1,60,60,30,52
10,7,38,0,55,65,30,52
10,8,20,1,55,70,15,52
10,9,41,1,60,60,15,52
10,10,39,1,65,60,15,47
10,11,43,0,85,60,5,47
10,12,12,0,80,70,5,47
10,13,36,1,80,75,5,42
10,14,22,0,75,75,10,42
10,15,6,1,67,75,10,47
10,16,13,1,72,80,10,47
10,17,11,0,67,80,10,49
10,18,31,1,67,80,20,49
10,19,29,0,57,80,25,49
10,20,42,1,57,85,25,49
10,21,27,0,67,70,25,49
10,22,5,0,62,70,30,49
10,23,26,1,72,70,25,49
10,24,14,0,72,70,25,54
10,25,4,0,57,75,25,54
10,26,12,0,52,85,25,54
10,27,41,1,57,75,25,54
10,28,6,1,49,75,25,59
10,29,16,1,49,75,15,59
10,30,46,0,42,75,15,64
10,31,25,0,42,70,25,64
10,32,36,1,42,75,25,59
10,33,13,1,47,80,25,59
10,34,23,1,57,80,20,59
10,35,39,1,62,80,20,54
10,36,5,0,57,80,25,54
10,37,21,1,57,85,10,54
10,38,2,0,47,85,15,54
10,39,26,0,42,85,15,59
10,40,12,0,37,95,15,59
10,41,22,0,32,95,20,59
10,42,15,0,52,90,20,59
10,43,41,1,57,80,20,59
10,44,11,0,52,80,20,61
10,45,27,1,52,85,15,61
10,46,16,0,42,90,15,61
10,47,32,1,42,80,30,61
10,48,4,1,52,80,30,56
10,49,30,0,52,80,20,66
10,50,1,1,44,80,25,66
10,51,9,1,49,80,25,66
10,52,5,0,44,80,30,66
10,53,38,1,49,80,30,66
10,54,48,1,49,85,30,56
10,55,43,1,49,85,35,41
10,56,7,0,34,90,35,41
10,57,21,1,34,95,20,41
10,58,14,0,34,95,20,46
10,59,44,0,34,95,30,51
10,60,12,1,39,95,30,51
10,61,4,0,24,100,30,51
10,62,41,0,14,110,30,51
10,63,8,0,14,115,20,51
10,64,26,0,9,115,20,56
10,65,39,1,14,115,20,51
10,66,18,0,-11,115,20,61
10,67,24,1,-6,115,20,61
10,68,25,1,-6,120,10,61
10,69,33,1,-6,125,10,61
10,70,9,1,-1,125,10,61
10,71,16,1,-1,125,0,61
10,72,15,0,19,120,0,61
10,73,7,1,24,120,0,56
10,74,38,1,29,120,0,56
10,75,3,1,22,120,0,61
10,76,43,1,22,120,5,46
10,77,37,1,32,120,5,46
10,78,23,0,27,110,5,51
10,79,45,1,27,115,5,51
10,80,44,1,32,115,5,51
10,81,40,1,32,105,15,51
10,82,42,0,24,105,15,61
10,83,46,1,29,105,15,56
10,84,17,0,9,115,15,56
10,85,13,0,9,115,15,61
10,86,1,0,19,115,0,61
10,87,12,0,14,125,0,61
10,88,26,0,9,125,0,66
10,89,20,1,9,130,-15,66
10,90,2,1,14,130,-25,66
10,91,22,1,14,135,-35,66
10,92,39,1,19,135,-35,61
10,93,6,0,29,135,-40,61
10,94,14,0,29,135,-40,66
10,95,16,0,19,140,-40,66
10,96,8,0,19,145,-50,66
10,97,4,0,4,150,-50,66
10,98,47,1,4,150,-50,81
10,99,1,0,14,150,-65,81
11,0,20,0,45,50,65,50
11,1,7,0,30,55,65,50
11,2,47,1,30,55,65,65
11,3,31,1,30,55,75,65
11,4,3,0,45,55,70,65
11,5,26,1,55,55,65,65
11,6,8,0,55,60,55,65
11,7,39,1,60,60,55,60
11,8,1,0,70,60,40,60
11,9,14,1,70,65,40,60
11,10,2,0,60,65,45,60
11,11,44,1,65,65,45,60
11,12,16,1,65,65,35,60
11,13,10,1,85,65,25,60
11,14,25,1,85,70,15,60
11,15,5,1,90,70,5,60
11,16,13,0,90,70,5,65
11,17,21,1,90,75,-10,65
11,18,40,1,90,65,0,65
11,19,12,1,95,65,0,65
11,20,37,0,83,75,0,65
11,21,43,1,83,75,5,50
11,22,48,1,83,80,5,40
11,23,41,1,88,70,5,40
11,24,11,0,83,70,5,42
11,25,45,0,83,70,5,47
11,26,15,0,103,65,5,47
11,27,14,1,103,70,5,47
11,28,22,0,98,70,10,47
11,29,20,0,93,70,25,47
11,30,27,0,103,55,25,47
11,31,8,0,103,60,15,47
11,32,6,1,95,60,15,52
11,33,28,0,85,60,25,52
11,34,13,1,90,65,25,52
11,35,11,0,85,65,25,54
11,36,47,0,110,65,25,54
11,37,4,1,120,65,25,49
11,38,42,1,120,70,25,49
11,39,23,1,130,70,20,49
11,40,36,1,130,75,20,44
11,41,3,0,145,75,15,44
11,42,1,0,155,75,0,44
11,43,5,1,160,75,-10,44
11,44,17,0,140,85,-10,44
11,45,45,1,140,90,-10,44
11,46,30,0,140,90,-20,54
11,47,18,1,150,90,-20,54
11,48,20,0,145,90,-5,54
11,49,12,0,140,100,-5,54
11,50,15,1,140,105,-5,54
11,51,26,0,135,105,-5,59
11,52,22,1,135,110,-15,59
11,53,25,0,135,105,-5,59
11,54,24,1,140,105,-5,59
11,55,14,1,140,110,-5,59
11,56,42,0,132,110,-5,69
11,57,13,0,132,110,-5,74
11,58,5,0,127,110,0,74
11,59,4,1,137,110,0,69
11,60,19,1,152,110,0,69
11,61,23,1,162,110,-5,69
11,62,16,0,152,115,-5,69
11,63,44,0,152,115,5,74
11,64,6,0,162,115,0,74
11,65,7,1,167,115,0,69
11,66,1,0,177,115,-15,69
11,67,15,1,177,120,-15,69
11,68,3,0,192,120,-20,69
11,69,40,1,192,110,-10,69
11,70,5,1,197,110,-20,69
11,71,24,1,202,110,-20,69
11,72,47,1,202,110,-20,84
11,73,25,1,202,115,-30,84
11,74,32,0,202,120,-45,84
11,75,10,0,197,125,-45,84
11,76,22,0,192,125,-40,84
11,77,14,0,192,125,-40,89
11,78,33,1,192,130,-40,89
11,79,21,0,187,130,-25,89
11,80,3,1,180,130,-25,94
11,81,39,0,173,135,-25,94
11,82,16,0,163,140,-25,94
11,83,1,1,155,140,-20,94
11,84,4,0,140,145,-20,94
11,85,7,0,125,150,-20,94
11,86,43,1,125,150,-15,79
11,87,10,1,145,150,-25,79
11,88,25,1,145,155,-35,79
11,89,37,1,155,155,-35,79
11,90,28,1,165,155,-35,79
11,91,44,0,165,155,-25,84
11,92,17,1,150,155,-15,84
11,93,5,0,145,155,-10,84
11,94,21,1,145,160,-25,84
11,95,14,1,145,165,-25,84
11,96,24,1,150,165,-25,84
11,97,26,1,160,165,-30,84
11,98,16,1,160,165,-40,84
11,99,47,1,160,165,-40,99
12,0,46,0,43,50,50,55
12,1,29,1,43,65,30,55
12,2,16,1,43,65,20,55
12,3,1,0,53,65,5,55
12,4,42,0,45,65,5,65
12,5,2,1,50,65,-5,65
12,6,20,1,50,70,-20,65
12,7,21,1,50,75,-35,65
12,8,14,0,50,75,-35,70
12,9,22,1,50,80,-45,70
12,10,4,0,35,85,-45,70
12,11,12,1,40,85,-45,70
12,12,31,1,40,85,-35,70
12,13,41,1,45,75,-35,70
12,14,16,0,35,80,-35,70
12,15,48,1,35,85,-35,60
12,16,1,1,27,85,-30,60
12,17,49,0,27,85,-30,65
12,18,8,1,17,85,-30,70
12,19,5,0,12,85,-25,70
12,20,2,1,17,85,-35,70
12,21,43,0,37,85,-45,70
12,22,24,0,32,85,-40,70
12,23,46,0,25,85,-40,75
12,24,17,0,5,95,-40,75
12,25,25,1,5,100,-50,75
12,26,14,1,5,105,-50,75
12,27,13,1,10,110,-50,75
12,28,12,1,15,110,-50,75
12,29,50,1,15,110,-40,75
12,30,7,1,20,110,-40,70
12,31,15,0,40,105,-40,70
12,32,26,1,50,105,-45,70
12,33,11,0,45,105,-45,72
12,34,51,1,45,110,-45,72
12,35,42,1,45,115,-45,72
12,36,41,1,50,105,-45,72
12,37,52,0,70,95,-45,72
12,38,20,0,65,95,-30,72
12,39,5,1,70,95,-40,72
12,40,10,1,90,95,-50,72
12,41,28,1,100,95,-50,72
12,42,27,0,110,80,-50,72
12,43,44,0,110,80,-40,77
12,44,3,1,103,80,-40,82
12,45,16,1,103,80,-50,82
12,46,40,0,103,90,-60,82
12,47,30,1,103,90,-50,82
12,48,39,1,108,90,-50,77
12,49,46,0,101,90,-50,82
12,50,25,1,101,95,-60,82
12,51,48,0,91,95,-60,87
12,52,4,0,76,100,-60,87
12,53,36,1,76,105,-60,82
12,54,7,0,61,110,-60,82
12,55,23,0,56,100,-60,87
12,56,32,1,56,90,-45,87
12,57,8,0,56,95,-55,87
12,58,37,0,44,105,-55,87
12,59,13,1,49,110,-55,87
12,60,57,1,49,115,-55,87
12,61,53,0,49,130,-70,87
12,62,21,1,49,135,-85,87
12,63,20,1,49,140,-100,87
12,64,26,1,59,140,-105,87
12,65,47,1,59,140,-105,102
12,66,5,0,54,140,-100,102
12,67,44,1,59,140,-100,102
12,68,11,0,54,140,-100,104
12,69,58,1,54,145,-100,104
12,70,15,0,74,140,-100,104
12,71,9,1,79,140,-100,104
12,72,25,0,79,135,-90,104
12,73,45,1,79,140,-90,104
12,74,2,0,69,140,-85,104
12,75,54,1,69,145,-85,94
12,76,41,1,74,135,-85,94
12,77,16,1,74,135,-95,94
12,78,26,1,84,135,-100,94
12,79,28,1,94,135,-100,94
12,80,40,0,94,145,-110,94
12,81,43,1,94,145,-105,79
12,82,4,1,104,145,-105,74
12,83,13,0,104,145,-105,79
12,84,3,1,97,145,-105,84
12,85,33,1,97,150,-105,84
12,86,41,0,87,160,-105,84
12,87,38,0,82,165,-105,84
12,88,25,1,82,170,-115,84
12,89,59,0,82,170,-125,89
12,90,44,0,82,170,-115,94
12,91,29,0,72,170,-110,94
12,92,2,0,62,170,-105,94
12,93,15,1,62,175,-105,94
12,94,9,1,67,175,-105,94
12,95,27,1,67,180,-110,94
12,96,6,0,77,180,-115,94
12,97,18,0,52,180,-115,104
12,98,14,0,52,180,-115,109
12,99,1,1,44,180,-110,109
13,0,41,1,55,40,50,50
13,1,22,0,50,40,55,50
13,2,20,1,50,45,40,50
13,3,57,0,40,45,40,55
13,4,4,1,50,45,40,50
13,5,36,0,50,40,40,52
13,6,10,0,45,45,40,52
13,7,40,1,45,35,50,52
13,8,14,0,45,35,50,57
13,9,29,1,45,50,30,57
13,10,38,0,40,55,30,57
13,11,46,1,45,55,30,52
13,12,15,0,65,50,30,52
13,13,2,1,70,50,20,52
13,14,1,1,62,50,25,52
13,15,19,1,77,50,25,52
13,16,9,0,72,50,25,57
13,17,12,1,77,50,25,57
13,18,6,1,69,50,25,62
13,19,44,0,69,50,35,67
13,20,41,0,59,60,35,67
13,21,25,1,59,65,25,67
13,22,37,1,69,65,25,67
13,23,28,0,59,65,35,67
13,24,4,0,44,70,35,67
13,25,39,0,37,75,35,67
13,26,58,1,37,80,35,67
13,27,31,0,37,85,25,67
13,28,8,0,37,90,15,67
13,29,20,1,37,95,0,67
13,30,43,0,57,95,-10,67
13,31,22,0,52,95,-5,67
13,32,16,1,52,95,-15,67
13,33,2,0,42,95,-10,67
13,34,5,0,37,95,-5,67
13,35,13,1,42,100,-5,67
13,36,15,0,62,95,-5,67
13,37,18,1,72,95,-5,67
13,38,1,1,64,95,0,67
13,39,30,0,64,95,-10,77
13,40,11,1,69,95,-10,77
13,41,24,0,64,95,-5,77
13,42,29,0,54,95,0,77
13,43,3,0,69,95,-5,77
13,44,44,0,69,95,5,82
13,45,20,0,64,95,20,82
13,46,37,1,74,95,20,82
13,47,6,1,66,95,20,87
13,48,46,0,59,95,20,92
13,49,26,1,69,95,15,92
13,50,23,0,64,85,15,97
13,51,59,1,64,90,15,97
13,52,12,1,69,90,15,97
13,53,9,1,74,90,15,97
13,54,48,0,64,90,15,102
13,55,22,1,64,95,5,102
13,56,10,0,59,100,5,102
13,57,11,0,54,100,5,104
13,58,40,1,54,90,15,104
13,59,60,1,54,100,15,104
13,60,32,1,54,90,30,104
13,61,46,1,59,90,30,99
13,62,42,0,51,90,30,109
13,63,41,0,41,100,30,109
13,64,5,0,36,100,35,109
13,65,38,0,31,105,35,109
13,66,16,0,21,110,35,109
13,67,6,1,13,110,35,114
13,68,25,1,13,115,25,114
13,69,23,0,8,105,25,119
13,70,13,1,13,110,25,119
13,71,22,0,8,110,30,119
13,72,45,0,8,110,30,124
13,73,46,1,13,110,30,119
13,74,41,0,3,120,30,119
13,75,33,1,3,125,30,119
13,76,26,0,-2,125,30,124
13,77,44,0,-2,125,40,129
13,78,5,1,3,125,30,129
13,79,34,1,18,125,30,129
13,80,9,1,23,125,30,129
13,81,27,1,23,130,25,129
13,82,15,0,43,125,25,129
13,83,38,1,48,125,25,129
13,84,18,0,23,125,25,139
13,85,7,1,28,125,25,134
13,86,10,0,23,130,25,134
13,87,13,0,23,130,25,139
13,88,41,1,28,120,25,139
13,89,1,0,38,120,10,139
13,90,5,1,43,120,0,139
13,91,45,0,43,120,0,144
13,92,35,1,43,110,10,144
13,93,22,0,38,110,15,144
13,94,15,1,38,115,15,144
13,95,26,0,33,115,15,149
13,96,2,0,23,115,20,149
13,97,25,0,23,110,30,149
13,98,61,0,23,110,50,149
13,99,14,0,23,110,50,154
14,0,16,1,50,50,40,50
14,1,5,1,55,50,30,50
14,2,9,1,60,50,30,50
14,3,38,0,55,55,30,50
14,4,41,0,45,65,30,50
14,5,57,0,35,65,30,55
14,6,24,1,40,65,30,55
14,7,29,0,30,65,35,55
14,8,1,0,40,65,20,55
14,9,15,1,40,70,20,55
14,10,10,1,60,70,10,55
14,11,16,1,60,70,0,55
14,12,42,1,60,75,0,55
14,13,22,1,60,80,-10,55
14,14,14,0,60,80,-10,60
14,15,45,0,60,80,-10,65
14,16,18,0,35,80,-10,75
14,17,46,0,28,80,-10,80
14,18,5,1,33,80,-20,80
14,19,9,1,38,80,-20,80
14,20,13,1,43,85,-20,80
14,21,15,1,43,90,-20,80
14,22,19,0,23,90,-10,90
14,23,31,0,23,95,-20,90
14,24,7,1,28,95,-20,85
14,25,36,0,28,90,-20,87
14,26,12,0,23,100,-20,87
14,27,4,1,33,100,-20,82
14,28,20,1,33,105,-35,82
14,29,11,0,28,105,-35,84
14,30,47,0,53,105,-35,84
14,31,3,0,68,105,-40,84
14,32,46,0,61,105,-40,89
14,33,22,1,61,110,-50,89
14,34,14,0,61,110,-50,94
14,35,24,1,66,110,-50,94
14,36,2,1,71,110,-60,94
14,37,9,1,76,110,-60,94
14,38,26,1,86,110,-65,94
14,39,15,0,106,105,-65,94
14,40,43,0,126,105,-75,94
14,41,48,0,116,105,-75,99
14,42,4,1,126,105,-75,94
14,43,42,0,118,105,-75,104
14,44,13,1,123,110,-75,104
14,45,8,0,123,115,-85,104
14,46,46,1,128,115,-85,99
14,47,58,1,128,120,-85,99
14,48,27,1,128,125,-90,99
14,49,20,0,123,125,-75,99
14,50,15,0,143,120,-75,99
14,51,1,0,153,120,-90,99
14,52,25,1,153,125,-100,99
14,53,45,1,153,130,-100,99
14,54,2,1,158,130,-110,99
14,55,26,1,168,130,-115,99
14,56,4,0,153,135,-115,99
14,57,28,1,163,135,-115,99
14,58,21,0,158,135,-100,99
14,59,23,0,153,125,-100,104
14,60,16,1,153,125,-110,104
14,61,6,1,145,125,-110,109
14,62,12,1,150,125,-110,109
14,63,10,1,170,125,-120,109
14,64,14,0,170,125,-120,114
14,65,24,1,175,125,-120,114
14,66,25,1,175,130,-130,114
14,67,15,0,195,125,-130,114
14,68,4,1,205,125,-130,109
14,69,9,0,200,125,-130,114
14,70,39,0,193,130,-130,114
14,71,42,0,185,130,-130,124
14,72,59,1,185,135,-130,124
14,73,3,0,200,135,-135,124
14,74,10,0,195,140,-135,124
14,75,20,1,195,145,-150,124
14,76,60,0,225,145,-150,124
14,77,11,1,230,145,-150,124
14,78,23,0,225,135,-150,129
14,79,17,0,205,145,-150,129
14,80,40,0,205,155,-160,129
14,81,15,0,225,150,-160,129
14,82,2,1,230,150,-170,129
14,83,37,0,218,160,-170,129
14,84,6,0,228,160,-175,129
14,85,26,0,223,160,-175,134
14,86,43,1,223,160,-170,119
14,87,10,1,243,160,-180,119
14,88,8,0,243,165,-190,119
14,89,61,1,243,175,-190,119
14,90,44,1,248,175,-190,119
14,91,36,0,248,170,-190,121
14,92,13,0,248,170,-190,126
14,93,49,0,248,170,-190,131
14,94,41,1,253,160,-190,131
14,95,16,0,243,165,-190,131
14,96,46,0,236,165,-190,136
14,97,28,1,246,165,-190,136
14,98,14,1,246,170,-190,136
14,99,18,1,256,170,-190,136
15,0,21,1,50,55,35,50
15,1,9,1,55,55,35,50
15,2,46,0,48,55,35,55
15,3,7,1,53,55,35,50
15,4,4,1,63,55,35,45
15,5,43,1,63,55,40,30
15,6,42,1,63,60,40,30
15,7,10,1,83,60,30,30
15,8,38,0,78,65,30,30
15,9,26,0,73,65,30,35
15,10,12,1,78,65,30,35
15,11,57,0,68,65,30,40
15,12,41,1,73,55,30,40
15,13,11,1,78,55,30,40
15,14,5,1,83,55,20,40
15,15,20,1,83,60,5,40
15,16,31,0,83,65,-5,40
15,17,6,1,75,65,-5,45
15,18,16,1,75,65,-15,45
15,19,8,0,75,70,-25,45
15,20,58,0,75,60,-25,45
15,21,45,1,75,65,-25,45
15,22,22,1,75,70,-35,45
15,23,10,1,95,70,-45,45
15,24,24,1,100,70,-45,45
15,25,4,0,85,75,-45,45
15,26,26,0,80,75,-45,50
15,27,3,0,95,75,-50,50
15,28,16,0,85,80,-50,50
15,29,42,0,77,80,-50,60
15,30,44,1,82,80,-50,60
15,31,43,1,82,80,-45,45
15,32,7,1,87,80,-45,40
15,33,12,0,82,90,-45,40
15,34,47,1,82,90,-45,55
15,35,38,0,77,95,-45,55
15,36,11,0,72,95,-45,57
15,37,24,0,67,95,-40,57
15,38,22,1,67,100,-50,57
15,39,25,0,67,95,-40,57
15,40,3,1,60,95,-40,62
15,41,32,0,60,100,-55,62
15,42,5,0,55,100,-50,62
15,43,1,1,47,100,-45,62
15,44,33,1,47,105,-45,62
15,45,2,0,37,105,-40,62
15,46,7,0,22,110,-40,62
15,47,34,1,37,110,-40,62
15,48,37,1,47,110,-40,62
15,49,10,0,42,115,-40,62
15,50,21,1,42,120,-55,62
15,51,41,1,47,110,-55,62
15,52,13,1,52,115,-55,62
15,53,22,1,52,120,-65,62
15,54,59,0,52,120,-75,67
15,55,12,1,57,120,-75,67
15,56,25,0,57,115,-65,67
15,57,15,0,77,110,-65,67
15,58,42,0,69,110,-65,77
15,59,39,0,62,115,-65,77
15,60,14,0,62,115,-65,82
15,61,48,1,62,120,-65,72
15,62,1,1,54,120,-60,72
15,63,20,0,49,120,-45,72
15,64,3,1,42,120,-45,77
15,65,2,0,32,120,-40,77
15,66,36,1,32,125,-40,72
15,67,26,0,27,125,-40,77
15,68,25,0,27,120,-30,77
15,69,9,0,22,120,-30,82
15,70,7,1,27,120,-30,77
15,71,47,1,27,120,-30,92
15,72,41,0,17,130,-30,92
15,73,60,0,47,130,-30,92
15,74,18,1,57,130,-30,92
15,75,21,1,57,135,-45,92
15,76,42,1,57,140,-45,92
15,77,16,0,47,145,-45,92
15,78,20,0,42,145,-30,92
15,79,14,0,42,145,-30,97
15,80,29,0,32,145,-25,97
15,81,61,1,32,155,-25,97
15,82,1,1,24,155,-20,97
15,83,28,1,34,155,-20,97
15,84,4,0,19,160,-20,97
15,85,13,0,19,160,-20,102
15,86,15,1,19,165,-20,102
15,87,35,1,19,155,-10,102
15,88,8,1,9,155,-10,107
15,89,27,1,9,160,-15,107
15,90,30,1,9,160,-5,107
15,91,46,0,2,160,-5,112
15,92,21,0,-3,160,10,112
15,93,22,1,-3,165,0,112
15,94,44,0,-3,165,10,117
15,95,17,1,-18,165,20,117
15,96,18,0,-43,165,20,127
15,97,1,1,-51,165,25,127
15,98,10,0,-56,170,25,127
15,99,23,1,-46,170,20,127
16,0,57,1,50,55,50,50
16,1,2,0,40,55,55,50
16,2,13,0,40,55,55,55
16,3,15,1,40,60,55,55
16,4,12,0,35,70,55,55
16,5,3,1,28,70,55,60
16,6,16,1,28,70,45,60
16,7,17,1,13,70,55,60
16,8,27,0,23,55,55,60
16,9,11,0,18,55,55,62
16,10,22,0,13,55,60,62
16,11,14,1,13,60,60,62
16,12,8,1,3,60,60,67
16,13,39,0,-4,65,60,67
16,14,31,0,-4,70,50,67
16,15,43,1,-4,70,55,52
16,16,18,1,6,70,55,52
16,17,12,0,1,80,55,52
16,18,48,1,1,85,55,42
16,19,36,0,1,80,55,44
16,20,25,1,1,85,45,44
16,21,9,1,6,85,45,44
16,22,5,1,11,85,35,44
16,23,2,1,16,85,25,44
16,24,58,0,16,75,25,44
16,25,40,1,16,65,35,44
16,26,13,1,21,70,35,44
16,27,16,0,11,75,35,44
16,28,15,0,31,70,35,44
16,29,11,1,36,70,35,44
16,30,12,1,41,70,35,44
16,31,28,0,31,70,45,44
16,32,17,0,11,80,45,44
16,33,26,1,21,80,40,44
16,34,44,0,21,80,50,49
16,35,29,1,21,95,30,49
16,36,23,0,16,85,30,54
16,37,46,1,21,85,30,49
16,38,5,0,16,85,35,49
16,39,8,0,16,90,25,49
16,40,10,0,11,95,25,49
16,41,6,0,21,95,20,49
16,42,21,0,16,95,35,49
16,43,36,0,16,90,35,51
16,44,12,0,11,100,35,51
16,45,26,1,21,100,30,51
16,46,42,0,13,100,30,61
16,47,28,0,3,100,40,61
16,48,9,1,8,100,40,61
16,49,16,1,8,100,30,61
16,50,3,0,23,100,25,61
16,51,37,1,33,100,25,61
16,52,25,0,33,95,35,61
16,53,23,1,43,95,30,61
16,54,1,1,35,95,35,61
16,55,6,1,27,95,35,66
16,56,38,0,22,100,35,66
16,57,26,1,32,100,30,66
16,58,24,1,37,100,30,66
16,59,43,1,37,100,35,51
16,60,10,0,32,105,35,51
16,61,7,1,37,105,35,46
16,62,4,0,22,110,35,46
16,63,59,1,22,115,35,46
16,64,47,1,22,115,35,61
16,65,20,1,22,120,20,61
16,66,25,1,22,125,10,61
16,67,28,1,32,125,10,61
16,68,42,1,32,130,10,61
16,69,23,0,27,120,10,66
16,70,46,1,32,120,10,61
16,71,24,0,27,120,15,61
16,72,39,0,20,125,15,61
16,73,12,1,25,125,15,61
16,74,48,1,25,130,15,51
16,75,16,0,15,135,15,51
16,76,4,0,0,140,15,51
16,77,60,0,30,140,15,51
16,78,6,1,22,140,15,56
16,79,13,1,27,145,15,56
16,80,10,0,22,150,15,56
16,81,25,0,22,145,25,56
16,82,22,0,17,145,30,56
16,83,7,1,22,145,30,51
16,84,15,0,42,140,30,51
16,85,21,1,42,145,15,51
16,86,32,1,42,135,30,51
16,87,61,0,42,135,50,51
16,88,1,1,34,135,55,51
16,89,23,1,44,135,50,51
16,90,9,0,39,135,50,56
16,91,4,0,24,140,50,56
16,92,12,1,29,140,50,56
16,93,16,0,19,145,50,56
16,94,10,1,39,145,40,56
16,95,15,0,59,140,40,56
16,96,20,0,54,140,55,56
16,97,22,1,54,145,45,56
16,98,38,0,49,150,45,56
16,99,36,0,49,145,45,58
17,0,1,1,42,50,55,50
17,1,49,1,42,55,55,50
17,2,46,0,35,55,55,55
17,3,40,0,35,65,45,55
17,4,4,0,20,70,45,55
17,5,15,1,20,75,45,55
17,6,3,0,35,75,40,55
17,7,45,0,35,75,40,60
17,8,16,0,25,80,40,60
17,9,13,0,25,80,40,65
17,10,23,1,35,80,35,65
17,11,19,1,50,80,35,65
17,12,57,0,40,80,35,70
17,13,47,0,65,80,35,70
17,14,5,1,70,80,25,70
17,15,15,0,90,75,25,70
17,16,21,0,85,75,40,70
17,17,58,0,85,65,40,70
17,18,46,1,90,65,40,65
17,19,12,1,95,65,40,65
17,20,28,0,85,65,50,65
17,21,22,1,85,70,40,65
17,22,31,0,85,75,30,65
17,23,1,0,95,75,15,65
17,24,10,1,115,75,5,65
17,25,23,1,125,75,0,65
17,26,14,0,125,75,0,70
17,27,26,1,135,75,-5,70
17,28,17,0,115,85,-5,70
17,29,59,0,115,85,-15,75
17,30,41,0,105,95,-15,75
17,31,32,1,105,85,0,75
17,32,40,0,105,95,-10,75
17,33,15,0,125,90,-10,75
17,34,4,0,110,95,-10,75
17,35,12,1,115,95,-10,75
17,36,22,1,115,100,-20,75
17,37,20,1,115,105,-35,75
17,38,37,0,103,115,-35,75
17,39,26,1,113,115,-40,75
17,40,60,0,143,115,-40,75
17,41,16,1,143,115,-50,75
17,42,8,0,143,120,-60,75
17,43,18,0,118,120,-60,85
17,44,41,0,108,130,-60,85
17,45,5,0,103,130,-55,85
17,46,2,0,93,130,-50,85
17,47,47,0,118,130,-50,85
17,48,27,1,118,135,-55,85
17,49,39,0,111,140,-55,85
17,50,4,1,121,140,-55,80
17,51,45,1,121,145,-55,80
17,52,25,1,121,150,-65,80
17,53,14,0,121,150,-65,85
17,54,22,0,116,150,-60,85
17,55,10,1,136,150,-70,85
17,56,3,1,129,150,-70,90
17,57,20,1,129,155,-85,90
17,58,16,1,129,155,-95,90
17,59,12,1,134,155,-95,90
17,60,13,1,139,160,-95,90
17,61,11,1,144,160,-95,90
17,62,29,0,134,160,-90,90
17,63,36,1,134,165,-90,85
17,64,9,1,139,165,-90,85
17,65,41,0,129,175,-90,85
17,66,7,0,114,180,-90,85
17,67,21,1,114,185,-105,85
17,68,26,1,124,185,-110,85
17,69,2,0,114,185,-105,85
17,70,33,1,114,190,-105,85
17,71,3,1,107,190,-105,90
17,72,34,1,122,190,-105,90
17,73,61,1,122,200,-105,90
17,74,35,0,122,208,-120,90
17,75,1,0,132,208,-135,90
17,76,20,1,132,213,-150,90
17,77,13,0,132,213,-150,95
17,78,14,0,132,213,-150,100
17,79,12,1,137,213,-150,100
17,80,11,1,142,213,-150,100
17,81,29,1,142,228,-170,100
17,82,41,0,132,238,-170,100
17,83,10,0,127,243,-170,100
17,84,15,0,147,238,-170,100
17,85,62,0,147,238,-170,100
17,86,21,1,147,243,-185,100
17,87,37,1,157,243,-185,100
17,88,5,1,162,243,-195,100
17,89,18,1,172,243,-195,100
17,90,23,1,182,243,-200,100
17,91,17,1,167,243,-190,100
17,92,3,0,182,243,-195,100
17,93,27,0,192,228,-195,100
17,94,20,0,187,228,-180,100
17,95,26,1,197,228,-185,100
17,96,16,0,187,233,-185,100
17,97,11,0,182,233,-185,102
17,98,13,0,182,233,-185,107
17,99,45,1,182,238,-185,107
18,0,2,0,40,50,55,50
18,1,3,0,55,50,50,50
18,2,19,1,70,50,50,50
18,3,15,1,70,55,50,50
18,4,25,1,70,60,40,50
18,5,16,0,60,65,40,50
18,6,20,1,60,70,25,50
18,7,46,1,65,70,25,45
18,8,9,1,70,70,25,45
18,9,7,1,75,70,25,40
18,10,44,0,75,70,35,45
18,11,57,0,65,70,35,50
18,12,6,1,57,70,35,55
18,13,47,0,82,70,35,55
18,14,23,0,77,60,35,60
18,15,8,1,67,60,35,65
18,16,45,0,67,60,35,70
18,17,12,0,62,70,35,70
18,18,21,1,62,75,20,70
18,19,22,1,62,80,10,70
18,20,1,1,54,80,15,70
18,21,10,1,74,80,5,70
18,22,43,0,94,80,-5,70
18,23,18,0,69,80,-5,80
18,24,15,1,69,85,-5,80
18,25,41,0,59,95,-5,80
18,26,23,0,54,85,-5,85
18,27,26,1,64,85,-10,85
18,28,25,0,64,80,0,85
18,29,31,1,64,80,10,85
18,30,11,1,69,80,10,85
18,31,8,1,59,80,10,90
18,32,16,1,59,80,0,90
18,33,9,0,54,80,0,95
18,34,13,1,59,85,0,95
18,35,45,1,59,90,0,95
18,36,42,1,59,95,0,95
18,37,10,1,79,95,-10,95
18,38,37,1,89,95,-10,95
18,39,58,0,89,85,-10,95
18,40,32,0,89,90,-25,95
18,41,59,0,89,90,-35,100
18,42,12,0,84,100,-35,100
18,43,44,0,84,100,-25,105
18,44,36,0,84,95,-25,107
18,45,30,0,84,95,-35,117
18,46,33,0,114,95,-35,117
18,47,34,0,114,80,-20,117
18,48,21,1,114,85,-35,117
18,49,26,1,124,85,-40,117
18,50,28,0,114,85,-30,117
18,51,16,0,104,90,-30,117
18,52,5,0,99,90,-25,117
18,53,3,1,92,90,-25,122
18,54,13,1,97,95,-25,122
18,55,43,1,97,95,-20,107
18,56,6,0,107,95,-25,107
18,57,7,0,92,100,-25,107
18,58,15,0,112,95,-25,107
18,59,38,1,117,95,-25,107
18,60,35,1,117,85,-15,107
18,61,60,0,147,85,-15,107
18,62,9,0,142,85,-15,112
18,63,23,0,137,75,-15,117
18,64,17,0,117,85,-15,117
18,65,16,0,107,90,-15,117
18,66,25,1,107,95,-25,117
18,67,24,0,102,95,-20,117
18,68,41,0,92,105,-20,117
18,69,14,1,92,110,-20,117
18,70,61,0,92,110,0,117
18,71,1,1,84,110,5,117
18,72,36,1,84,115,5,112
18,73,13,0,84,115,5,117
18,74,11,1,89,115,5,117
18,75,2,1,94,115,-5,117
18,76,26,0,89,115,-5,122
18,77,5,1,94,115,-15,122
18,78,47,1,94,115,-15,137
18,79,40,0,94,125,-25,137
18,80,20,1,94,130,-40,137
18,81,23,0,89,120,-40,142
18,82,25,0,89,115,-30,142
18,83,39,0,82,120,-30,142
18,84,6,0,92,120,-35,142
18,85,12,0,87,130,-35,142
18,86,1,1,79,130,-30,142
18,87,9,0,74,130,-30,147
18,88,46,0,67,130,-30,152
18,89,24,1,72,130,-30,152
18,90,4,0,57,135,-30,152
18,91,45,0,57,135,-30,157
18,92,41,1,62,125,-30,157
18,93,22,1,62,130,-40,157
18,94,13,1,67,135,-40,157
18,95,26,1,77,135,-45,157
18,96,8,0,77,140,-55,157
18,97,12,0,72,150,-55,157
18,98,23,0,67,140,-55,162
18,99,38,1,72,140,-55,162
19,0,42,1,50,55,50,50
19,1,16,1,50,55,40,50
19,2,3,0,65,55,35,50
19,3,45,1,65,60,35,50
19,4,10,0,60,65,35,50
19,5,26,1,70,65,30,50
19,6,15,0,90,60,30,50
19,7,2,1,95,60,20,50
19,8,28,0,85,60,30,50
19,9,49,1,85,65,30,50
19,10,38,0,80,70,30,50
19,11,9,1,85,70,30,50
19,12,16,1,85,70,20,50
19,13,4,1,95,70,20,45
19,14,22,0,90,70,25,45
19,15,10,1,110,70,15,45
19,16,14,0,110,70,15,50
19,17,17,1,95,70,25,50
19,18,8,0,95,75,15,50
19,19,5,0,90,75,20,50
19,20,19,0,70,75,30,60
19,21,43,1,70,75,35,45
19,22,20,0,65,75,50,45
19,23,23,0,60,65,50,50
19,24,1,1,52,65,55,50
19,25,44,1,57,65,55,50
19,26,2,0,47,65,60,50
19,27,13,0,47,65,60,55
19,28,46,0,40,65,60,60
19,29,10,1,60,65,50,60
19,30,8,0,60,70,40,60
19,31,14,1,60,75,40,60
19,32,11,1,65,75,40,60
19,33,39,1,70,75,40,55
19,34,5,0,65,75,45,55
19,35,12,1,70,75,45,55
19,36,48,0,60,75,45,60
19,37,40,1,60,65,55,60
19,38,42,1,60,70,55,60
19,39,25,1,60,75,45,60
19,40,3,0,75,75,40,60
19,41,37,0,63,85,40,60
19,42,13,1,68,90,40,60
19,43,18,1,78,90,40,60
19,44,44,0,78,90,50,65
19,45,29,0,68,90,55,65
19,46,6,1,60,90,55,70
19,47,16,1,60,90,45,70
19,48,8,1,50,90,45,75
19,49,26,1,60,90,40,75
19,50,9,1,65,90,40,75
19,51,15,1,65,95,40,75
19,52,24,0,60,95,45,75
19,53,38,0,55,100,45,75
19,54,31,0,55,105,35,75
19,55,46,1,60,105,35,70
19,56,22,1,60,110,25,70
19,57,12,1,65,110,25,70
19,58,13,1,70,115,25,70
19,59,43,1,70,115,30,55
19,60,16,1,70,115,20,55
19,61,40,0,70,125,10,55
19,62,39,0,63,130,10,55
19,63,57,0,53,130,10,60
19,64,25,1,53,135,0,60
19,65,6,0,63,135,-5,60
19,66,18,1,73,135,-5,60
19,67,17,1,58,135,5,60
19,68,20,1,58,140,-10,60
19,69,7,0,43,145,-10,60
19,70,8,1,33,145,-10,65
19,71,30,0,33,145,-20,75
19,72,15,0,53,140,-20,75
19,73,14,1,53,145,-20,75
19,74,9,0,48,145,-20,80
19,75,32,0,48,150,-35,80
19,76,58,1,48,155,-35,80
19,77,1,1,40,155,-30,80
19,78,19,1,55,155,-30,80
19,79,26,1,65,155,-35,80
19,80,28,1,75,155,-35,80
19,81,33,0,105,155,-35,80
19,82,2,0,95,155,-30,80
19,83,3,1,88,155,-30,85
19,84,38,1,93,155,-30,85
19,85,4,1,103,155,-30,80
19,86,20,0,98,155,-15,80
19,87,16,1,98,155,-25,80
19,88,12,0,93,165,-25,80
19,89,9,1,98,165,-25,80
19,90,59,0,98,165,-35,85
19,91,48,0,88,165,-35,90
19,92,13,0,88,165,-35,95
19,93,41,0,78,175,-35,95
19,94,1,0,88,175,-50,95
19,95,24,1,93,175,-50,95
19,96,42,1,93,180,-50,95
19,97,40,0,93,190,-60,95
19,98,34,0,93,175,-45,95
19,99,4,1,103,175,-45,90
20,0,26,0,45,50,50,55
20,1,31,1,45,50,60,55
20,2,14,1,45,55,60,55
20,3,1,0,55,55,45,55
20,4,9,0,50,55,45,60
20,5,27,0,60,40,45,60
20,6,30,0,60,40,35,70
20,7,2,1,65,40,25,70
20,8,22,1,65,45,15,70
20,9,8,0,65,50,5,70
20,10,4,1,75,50,5,65
20,11,13,1,80,55,5,65
20,12,15,1,80,60,5,65
20,13,5,0,75,60,10,65
20,14,57,0,65,60,10,70
20,15,26,1,75,60,5,70
20,16,23,0,70,50,5,75
20,17,21,0,65,50,20,75
20,18,11,0,60,50,20,77
20,19,3,0,75,50,15,77
20,20,38,1,80,50,15,77
20,21,10,0,75,55,15,77
20,22,58,1,75,60,15,77
20,23,29,0,65,60,20,77
20,24,41,1,70,50,20,77
20,25,59,0,70,50,10,82
20,26,39,0,63,55,10,82
20,27,25,0,63,50,20,82
20,28,2,1,68,50,10,82
20,29,5,0,63,50,15,82
20,30,23,0,58,40,15,87
20,31,47,1,58,40,15,102
20,32,32,1,58,30,30,102
20,33,48,1,58,35,30,92
20,34,28,0,48,35,40,92
20,35,19,1,63,35,40,92
20,36,36,0,63,30,40,94
20,37,9,1,68,30,40,94
20,38,40,0,68,40,30,94
20,39,17,1,53,40,40,94
20,40,4,1,63,40,40,89
20,41,41,1,68,30,40,89
20,42,10,0,63,35,40,89
20,43,21,1,63,40,25,89
20,44,15,1,63,45,25,89
20,45,39,1,68,45,25,84
20,46,42,1,68,50,25,84
20,47,3,0,83,50,20,84
20,48,20,1,83,55,5,84
20,49,14,0,83,55,5,89
20,50,44,0,83,55,15,94
20,51,33,1,83,60,15,94
20,52,4,1,93,60,15,89
20,53,41,1,98,50,15,89
20,54,12,0,93,60,15,89
20,55,21,1,93,65,0,89
20,56,43,1,93,65,5,74
20,57,10,0,88,70,5,74
20,58,25,0,88,65,15,74
20,59,23,1,98,65,10,74
20,60,30,1,98,65,20,74
20,61,8,1,88,65,20,79
20,62,46,0,81,65,20,84
20,63,34,0,81,50,35,84
20,64,9,0,76,50,35,89
20,65,15,0,96,45,35,89
20,66,48,1,96,50,35,79
20,67,35,1,96,40,45,79
20,68,24,0,91,40,50,79
20,69,27,1,91,45,45,79
20,70,25,0,91,40,55,79
20,71,41,0,81,50,55,79
20,72,38,0,76,55,55,79
20,73,49,0,76,55,55,84
20,74,28,1,86,55,55,84
20,75,1,0,96,55,40,84
20,76,26,1,106,55,35,84
20,77,4,1,116,55,35,79
20,78,14,1,116,60,35,79
20,79,36,0,116,55,35,81
20,80,5,1,121,55,25,81
20,81,43,0,141,55,15,81
20,82,17,0,121,65,15,81
20,83,2,0,111,65,20,81
20,84,13,1,116,70,20,81
20,85,37,0,104,80,20,81
20,86,25,1,104,85,10,81
20,87,18,1,114,85,10,81
20,88,3,1,107,85,10,86
20,89,10,0,102,90,10,86
20,90,50,0,102,100,10,86
20,91,38,1,107,100,10,86
20,92,6,1,99,100,10,91
20,93,60,1,99,110,10,91
20,94,40,0,99,120,0,91
20,95,14,0,99,120,0,96
20,96,41,1,104,110,0,96
20,97,11,1,109,110,0,96
20,98,20,0,104,110,15,96
20,99,16,1,104,110,5,96
21,0,31,0,50,55,40,50
21,1,46,0,43,55,40,55
21,2,30,0,43,55,30,65
21,3,47,0,68,55,30,65
21,4,5,1,73,55,20,65
21,5,15,0,93,50,20,65
21,6,24,1,98,50,20,65
21,7,4,1,108,50,20,60
21,8,45,1,108,55,20,60
21,9,19,1,123,55,20,60
21,10,13,0,123,55,20,65
21,11,3,0,138,55,15,65
21,12,14,1,138,60,15,65
21,13,16,0,128,65,15,65
21,14,44,0,128,65,25,70
21,15,11,1,133,65,25,70
21,16,18,1,143,65,25,70
21,17,23,0,138,55,25,75
21,18,38,0,133,60,25,75
21,19,22,0,128,60,30,75
21,20,39,1,133,60,30,70
21,21,9,0,128,60,30,75
21,22,5,1,133,60,20,75
21,23,25,0,133,55,30,75
21,24,15,1,133,60,30,75
21,25,10,0,128,65,30,75
21,26,2,0,118,65,35,75
21,27,21,0,113,65,50,75
21,28,4,0,98,70,50,75
21,29,17,0,78,80,50,75
21,30,6,1,70,80,50,80
21,31,42,1,70,85,50,80
21,32,45,1,70,90,50,80
21,33,14,0,70,90,50,85
21,34,8,0,70,95,40,85
21,35,13,0,70,95,40,90
21,36,32,0,70,100,25,90
21,37,22,1,70,105,15,90
21,38,12,1,75,105,15,90
21,39,15,1,75,110,15,90
21,40,41,0,65,120,15,90
21,41,25,1,65,125,5,90
21,42,1,0,75,125,-10,90
21,43,9,0,70,125,-10,95
21,44,33,0,100,125,-10,95
21,45,2,0,90,125,-5,95
21,46,26,0,85,125,-5,100
21,47,3,1,78,125,-5,105
21,48,46,0,71,125,-5,110
21,49,57,1,71,130,-5,110
21,50,10,1,91,130,-15,110
21,51,21,0,86,130,0,110
21,52,4,1,96,130,0,105
21,53,39,1,101,130,0,100
21,54,43,1,101,130,5,85
21,55,34,1,116,130,5,85
21,56,25,1,116,135,-5,85
21,57,45,0,116,135,-5,90
21,58,47,0,141,135,-5,90
21,59,23,0,136,125,-5,95
21,60,15,0,156,120,-5,95
21,61,22,1,156,125,-15,95
21,62,12,1,161,125,-15,95
21,63,26,0,156,125,-15,100
21,64,9,0,151,125,-15,105
21,65,4,0,136,130,-15,105
21,66,2,0,126,130,-10,105
21,67,58,0,126,120,-10,105
21,68,6,1,118,120,-10,110
21,69,38,1,123,120,-10,110
21,70,13,1,128,125,-10,110
21,71,48,0,118,125,-10,115
21,72,30,0,118,125,-20,125
21,73,3,0,133,125,-25,125
21,74,1,1,125,125,-20,125
21,75,25,0,125,120,-10,125
21,76,22,0,120,120,-5,125
21,77,23,0,115,110,-5,130
21,78,10,0,110,115,-5,130
21,79,9,0,105,115,-5,135
21,80,17,1,90,115,5,135
21,81,20,1,90,120,-10,135
21,82,59,0,90,120,-20,140
21,83,21,1,90,125,-35,140
21,84,24,1,95,125,-35,140
21,85,12,1,100,125,-35,140
21,86,1,0,110,125,-50,140
21,87,14,0,110,125,-50,145
21,88,27,0,120,110,-50,145
21,89,15,1,120,115,-50,145
21,90,5,0,115,115,-45,145
21,91,38,0,110,120,-45,145
21,92,18,0,85,120,-45,155
21,93,7,0,70,125,-45,155
21,94,19,1,85,125,-45,155
21,95,35,0,85,133,-60,155
21,96,6,0,95,133,-65,155
21,97,11,0,90,133,-65,157
21,98,10,0,85,138,-65,157
21,99,21,0,80,138,-50,157
22,0,16,1,50,50,40,50
22,1,41,0,40,60,40,50
22,2,36,0,40,55,40,52
22,3,43,0,60,55,30,52
22,4,11,1,65,55,30,52
22,5,28,0,55,55,40,52
22,6,46,0,48,55,40,57
22,7,1,1,40,55,45,57
22,8,27,1,40,60,40,57
22,9,39,0,33,65,40,57
22,10,19,1,48,65,40,57
22,11,4,1,58,65,40,52
22,12,5,1,63,65,30,52
22,13,21,0,58,65,45,52
22,14,11,1,63,65,45,52
22,15,14,1,63,70,45,52
22,16,22,1,63,75,35,52
22,17,36,0,63,70,35,54
22,18,26,0,58,70,35,59
22,19,15,0,78,65,35,59
22,20,31,1,78,65,45,59
22,21,12,1,83,65,45,59
22,22,38,0,78,70,45,59
22,23,43,1,78,70,50,44
22,24,27,1,78,75,45,44
22,25,4,0,63,80,45,44
22,26,2,0,53,80,50,44
22,27,32,1,53,70,65,44
22,28,42,1,53,75,65,44
22,29,33,1,53,80,65,44
22,30,8,1,43,80,65,49
22,31,3,1,36,80,65,54
22,32,10,0,31,85,65,54
22,33,36,1,31,90,65,49
22,34,57,0,21,90,65,54
22,35,23,1,31,90,60,54
22,36,14,0,31,90,60,59
22,37,29,0,21,90,65,59
22,38,16,1,21,90,55,59
22,39,25,1,21,95,45,59
22,40,6,0,31,95,40,59
22,41,34,0,31,80,55,59
22,42,11,0,26,80,55,61
22,43,41,0,16,90,55,61
22,44,3,0,31,90,50,61
22,45,2,0,21,90,55,61
22,46,22,0,16,90,60,61
22,47,20,0,11,90,75,61
22,48,10,1,31,90,65,61
22,49,35,1,31,80,75,61
22,50,38,1,36,80,75,61
22,51,48,0,26,80,75,66
22,52,58,1,26,85,75,66
22,53,59,0,26,85,65,71
22,54,46,1,31,85,65,66
22,55,26,0,26,85,65,71
22,56,30,1,26,85,75,71
22,57,49,1,26,90,75,71
22,58,3,1,19,90,75,76
22,59,11,1,24,90,75,76
22,60,37,1,34,90,75,76
22,61,23,0,29,80,75,81
22,62,27,0,39,65,75,81
22,63,24,0,34,65,80,81
22,64,2,1,39,65,70,81
22,65,16,1,39,65,60,81
22,66,12,0,34,75,60,81
22,67,44,1,39,75,60,81
22,68,15,1,39,80,60,81
22,69,36,1,39,85,60,76
22,70,20,0,34,85,75,76
22,71,46,1,39,85,75,71
22,72,38,0,34,90,75,71
22,73,11,0,29,90,75,73
22,74,27,1,29,95,70,73
22,75,23,1,39,95,65,73
22,76,5,0,34,95,70,73
22,77,29,0,24,95,75,73
22,78,13,1,29,100,75,73
22,79,3,1,22,100,75,78
22,80,21,0,17,100,90,78
22,81,25,1,17,105,80,78
22,82,6,1,9,105,80,83
22,83,22,0,4,105,85,83
22,84,14,1,4,110,85,83
22,85,9,1,9,110,85,83
22,86,46,0,2,110,85,88
22,87,15,1,2,115,85,88
22,88,60,1,2,125,85,88
22,89,7,0,-13,130,85,88
22,90,28,1,-3,130,85,88
22,91,40,1,-3,120,95,88
22,92,5,1,2,120,85,88
22,93,12,1,7,120,85,88
22,94,1,0,17,120,70,88
22,95,29,1,17,135,50,88
22,96,30,0,17,135,40,98
22,97,10,0,12,140,40,98
22,98,37,0,0,150,40,98
22,99,45,1,0,155,40,98
23,0,16,0,40,55,50,50
23,1,47,1,40,55,50,65
23,2,4,1,50,55,50,60
23,3,37,1,60,55,50,60
23,4,20,1,60,60,35,60
23,5,8,0,60,65,25,60
23,6,46,0,53,65,25,65
23,7,31,1,53,65,35,65
23,8,40,1,53,55,45,65
23,9,6,0,63,55,40,65
23,10,36,0,63,50,40,67
23,11,1,1,55,50,45,67
23,12,9,1,60,50,45,67
23,13,5,0,55,50,50,67
23,14,24,1,60,50,50,67
23,15,2,0,50,50,55,67
23,16,41,0,40,60,55,67
23,17,44,0,40,60,65,72
23,18,22,0,35,60,70,72
23,19,23,1,45,60,65,72
23,20,26,1,55,60,60,72
23,21,3,1,48,60,60,77
23,22,16,1,48,60,50,77
23,23,25,0,48,55,60,77
23,24,19,0,28,55,70,87
23,25,40,1,28,45,80,87
23,26,28,1,38,45,80,87
23,27,14,0,38,45,80,92
23,28,41,0,28,55,80,92
23,29,10,1,48,55,70,92
23,30,43,1,48,55,75,77
23,31,30,1,48,55,85,77
23,32,12,1,53,55,85,77
23,33,5,0,48,55,90,77
23,34,27,0,58,40,90,77
23,35,48,1,58,45,90,67
23,36,7,0,43,50,90,67
23,37,23,1,53,50,85,67
23,38,3,0,68,50,80,67
23,39,2,1,73,50,70,67
23,40,8,0,73,55,60,67
23,41,18,1,83,55,60,67
23,42,47,0,108,55,60,67
23,43,22,0,103,55,65,67
23,44,37,0,91,65,65,67
23,45,42,1,91,70,65,67
23,46,4,0,76,75,65,67
23,47,57,1,76,80,65,67
23,48,13,1,81,85,65,67
23,49,26,0,76,85,65,72
23,50,58,1,76,90,65,72
23,51,21,1,76,95,50,72
23,52,20,0,71,95,65,72
23,53,59,0,71,95,55,77
23,54,16,0,61,100,55,77
23,55,12,0,56,110,55,77
23,56,23,1,66,110,50,77
23,57,1,1,58,110,55,77
23,58,10,0,53,115,55,77
23,59,2,1,58,115,45,77
23,60,3,1,51,115,45,82
23,61,14,0,51,115,45,87
23,62,39,1,56,115,45,82
23,63,6,0,66,115,40,82
23,64,22,0,61,115,45,82
23,65,42,0,53,115,45,92
23,66,38,1,58,115,45,92
23,67,9,0,53,115,45,97
23,68,46,0,46,115,45,102
23,69,8,1,36,115,45,107
23,70,18,1,46,115,45,107
23,71,12,1,51,115,45,107
23,72,5,1,56,115,35,107
23,73,16,1,56,115,25,107
23,74,4,1,66,115,25,102
23,75,47,1,66,115,25,117
23,76,2,1,71,115,15,117
23,77,60,1,71,125,15,117
23,78,10,1,91,125,5,117
23,79,11,0,86,125,5,119
23,80,46,0,79,125,5,124
23,81,8,1,69,125,5,129
23,82,27,0,79,110,5,129
23,83,3,0,94,110,0,129
23,84,45,1,94,115,0,129
23,85,39,1,99,115,0,124
23,86,23,1,109,115,-5,124
23,87,44,1,114,115,-5,124
23,88,9,0,109,115,-5,129
23,89,24,0,104,115,0,129
23,90,13,0,104,115,0,134
23,91,61,1,104,125,0,134
23,92,16,1,104,125,-10,134
23,93,12,0,99,135,-10,134
23,94,1,1,91,135,-5,134
23,95,3,0,106,135,-10,134
23,96,14,1,106,140,-10,134
23,97,21,1,106,145,-25,134
23,98,7,0,91,150,-25,134
23,99,41,1,96,140,-25,134
24,0,16,1,50,50,40,50
24,1,3,1,43,50,40,55
24,2,25,0,43,45,50,55
24,3,8,1,33,45,50,60
24,4,31,0,33,50,40,60
24,5,11,0,28,50,40,62
24,6,14,0,28,50,40,67
24,7,40,1,28,40,50,67
24,8,57,1,28,45,50,67
24,9,15,1,28,50,50,67
24,10,36,0,28,45,50,69
24,11,16,0,18,50,50,69
24,12,44,0,18,50,60,74
24,13,26,0,13,50,60,79
24,14,58,1,13,55,60,79
24,15,39,1,18,55,60,74
24,16,9,0,13,55,60,79
24,17,6,1,5,55,60,84
24,18,45,0,5,55,60,89
24,19,47,1,5,55,60,104
24,20,3,1,-2,55,60,109
24,21,24,0,-7,55,65,109
24,22,59,1,-7,60,65,109
24,23,2,1,-2,60,55,109
24,24,5,0,-7,60,60,109
24,25,15,0,13,55,60,109
24,26,11,1,18,55,60,109
24,27,37,1,28,55,60,109
24,28,12,1,33,55,60,109
24,29,28,0,23,55,70,109
24,30,22,1,23,60,60,109
24,31,10,0,18,65,60,109
24,32,14,0,18,65,60,114
24,33,19,0,-2,65,70,124
24,34,46,0,-9,65,70,129
24,35,43,1,-9,65,75,114
24,36,25,0,-9,60,85,114
24,37,48,1,-9,65,85,104
24,38,11,0,-14,65,85,106
24,39,41,1,-9,55,85,106
24,40,39,0,-16,60,85,106
24,41,13,0,-16,60,85,111
24,42,23,0,-21,50,85,116
24,43,5,1,-16,50,75,116
24,44,2,1,-11,50,65,116
24,45,22,0,-16,50,70,116
24,46,45,0,-16,50,70,121
24,47,12,0,-21,60,70,121
24,48,30,1,-21,60,80,121
24,49,4,1,-11,60,80,116
24,50,15,1,-11,65,80,116
24,51,27,1,-11,70,75,116
24,52,16,1,-11,70,65,116
24,53,26,1,-1,70,60,116
24,54,20,1,-1,75,45,116
24,55,38,1,4,75,45,116
24,56,39,1,9,75,45,111
24,57,3,1,2,75,45,116
24,58,10,1,22,75,35,116
24,59,60,0,52,75,35,116
24,60,2,0,42,75,40,116
24,61,37,0,30,85,40,116
24,62,9,0,25,85,40,121
24,63,32,0,25,90,25,121
24,64,8,0,25,95,15,121
24,65,27,0,35,80,15,121
24,66,41,1,40,70,15,121
24,67,33,1,40,75,15,121
24,68,44,0,40,75,25,126
24,69,25,0,40,70,35,126
24,70,34,1,55,70,35,126
24,71,22,1,55,75,25,126
24,72,13,0,55,75,25,131
24,73,35,1,55,65,35,131
24,74,61,1,55,75,35,131
24,75,18,0,30,75,35,141
24,76,42,0,22,75,35,151
24,77,36,0,22,70,35,153
24,78,19,1,37,70,35,153
24,79,29,1,37,85,15,153
24,80,6,0,47,85,10,153
24,81,62,0,47,85,10,153
24,82,10,1,67,85,0,153
24,83,43,1,67,85,5,138
24,84,44,0,67,85,15,143
24,85,17,0,47,95,15,143
24,86,16,0,37,100,15,143
24,87,25,1,37,105,5,143
24,88,9,1,42,105,5,143
24,89,41,0,32,115,5,143
24,90,40,1,32,105,15,143
24,91,4,1,42,105,15,138
24,92,14,1,42,110,15,138
24,93,42,1,42,115,15,138
24,94,20,0,37,115,30,138
24,95,11,0,32,115,30,140
24,96,16,0,22,120,30,140
24,97,36,1,22,125,30,135
24,98,13,1,27,130,30,135
24,99,45,1,27,135,30,135
25,0,16,0,40,55,50,50
25,1,46,1,45,55,50,45
25,2,39,1,50,55,50,40
25,3,9,1,55,55,50,40
25,4,4,1,65,55,50,35
25,5,15,1,65,60,50,35
25,6,25,0,65,55,60,35
25,7,7,0,50,60,60,35
25,8,1,1,42,60,65,35
25,9,44,0,42,60,75,40
25,10,10,0,37,65,75,40
25,11,5,1,42,65,65,40
25,12,40,1,42,55,75,40
25,13,16,1,42,55,65,40
25,14,13,1,47,60,65,40
25,15,22,1,47,65,55,40
25,16,38,0,42,70,55,40
25,17,20,1,42,75,40,40
25,18,15,1,42,80,40,40
25,19,21,1,42,85,25,40
25,20,25,0,42,80,35,40
25,21,7,0,27,85,35,40
25,22,12,0,22,95,35,40
25,23,43,0,42,95,25,40
25,24,10,1,62,95,15,40
25,25,24,0,57,95,20,40
25,26,6,0,67,95,15,40
25,27,31,1,67,95,25,40
25,28,9,1,72,95,25,40
25,29,27,1,72,100,20,40
25,30,4,1,82,100,20,35
25,31,11,0,77,100,20,37
25,32,16,0,67,105,20,37
25,33,2,1,72,105,10,37
25,34,12,1,77,105,10,37
25,35,57,0,67,105,10,42
25,36,32,0,67,110,-5,42
25,37,40,0,67,120,-15,42
25,38,17,1,52,120,-5,42
25,39,13,1,57,125,-5,42
25,40,15,0,77,120,-5,42
25,41,14,1,77,125,-5,42
25,42,33,0,107,125,-5,42
25,43,22,1,107,130,-15,42
25,44,25,1,107,135,-25,42
25,45,42,0,99,135,-25,52
25,46,3,0,114,135,-30,52
25,47,19,0,94,135,-20,62
25,48,24,1,99,135,-20,62
25,49,34,1,114,135,-20,62
25,50,39,0,107,140,-20,62
25,51,11,1,112,140,-20,62
25,52,43,0,132,140,-30,62
25,53,30,1,132,140,-20,62
25,54,44,1,137,140,-20,62
25,55,13,0,137,140,-20,67
25,56,41,0,127,150,-20,67
25,57,27,0,137,135,-20,67
25,58,58,0,137,125,-20,67
25,59,26,0,132,125,-20,72
25,60,46,1,137,125,-20,67
25,61,5,0,132,125,-15,67
25,62,7,1,137,125,-15,62
25,63,45,0,137,125,-15,67
25,64,10,1,157,125,-25,67
25,65,3,0,172,125,-30,67
25,66,11,0,167,125,-30,69
25,67,21,1,167,130,-45,69
25,68,47,0,192,130,-45,69
25,69,1,1,184,130,-40,69
25,70,23,0,179,120,-40,74
25,71,28,0,169,120,-30,74
25,72,20,0,164,120,-15,74
25,73,14,0,164,120,-15,79
25,74,36,0,164,115,-15,81
25,75,35,0,164,123,-30,81
25,76,25,0,164,118,-20,81
25,77,24,0,159,118,-15,81
25,78,7,1,164,118,-15,76
25,79,38,0,159,123,-15,76
25,80,44,0,159,123,-5,81
25,81,49,0,159,123,-5,86
25,82,37,0,147,133,-5,86
25,83,21,1,147,138,-20,86
25,84,13,0,147,138,-20,91
25,85,15,0,167,133,-20,91
25,86,41,0,157,143,-20,91
25,87,1,1,149,143,-15,91
25,88,28,1,159,143,-15,91
25,89,8,1,149,143,-15,96
25,90,25,0,149,138,-5,96
25,91,7,0,134,143,-5,96
25,92,5,0,129,143,0,96
25,93,20,1,129,148,-15,96
25,94,46,1,134,148,-15,91
25,95,43,0,154,148,-25,91
25,96,10,0,149,153,-25,91
25,97,38,0,144,158,-25,91
25,98,44,1,149,158,-25,91
25,99,13,1,154,163,-25,91
26,0,15,0,70,45,50,50
26,1,11,1,75,45,50,50
26,2,39,1,80,45,50,45
26,3,46,1,85,45,50,40
26,4,16,0,75,50,50,40
26,5,37,1,85,50,50,40
26,6,5,0,80,50,55,40
26,7,18,0,55,50,55,50
26,8,45,0,55,50,55,55
26,9,14,1,55,55,55,55
26,10,8,1,45,55,55,60
26,11,30,0,45,55,45,70
26,12,4,1,55,55,45,65
26,13,26,1,65,55,40,65
26,14,42,0,57,55,40,75
26,15,49,0,57,55,40,80
26,16,57,1,57,60,40,80
26,17,41,1,62,50,40,80
26,18,5,0,57,50,45,80
26,19,47,1,57,50,45,95
26,20,13,0,57,50,45,100
26,21,6,0,67,50,40,100
26,22,14,1,67,55,40,100
26,23,16,0,57,60,40,100
26,24,27,0,67,45,40,100
26,25,15,1,67,50,40,100
26,26,8,0,67,55,30,100
26,27,25,0,67,50,40,100
26,28,31,0,67,55,30,100
26,29,10,1,87,55,20,100
26,30,39,1,92,55,20,95
26,31,42,1,92,60,20,95
26,32,21,1,92,65,5,95
26,33,24,0,87,65,10,95
26,34,20,1,87,70,-5,95
26,35,26,1,97,70,-10,95
26,36,5,1,102,70,-20,95
26,37,38,0,97,75,-20,95
26,38,58,1,97,80,-20,95
26,39,59,0,97,80,-30,100
26,40,60,0,127,80,-30,100
26,41,19,0,107,80,-20,110
26,42,45,0,107,80,-20,115
26,43,50,1,107,80,-10,115
26,44,6,0,117,80,-15,115
26,45,23,1,127,80,-20,115
26,46,3,0,142,80,-25,115
26,47,61,0,142,80,-5,115
26,48,51,1,142,85,-5,115
26,49,44,0,142,85,5,120
26,50,41,1,147,75,5,120
26,51,17,0,127,85,5,120
26,52,22,0,122,85,10,120
26,53,11,0,117,85,10,122
26,54,40,1,117,75,20,122
26,55,32,0,117,80,5,122
26,56,33,0,147,80,5,122
26,57,36,0,147,75,5,124
26,58,24,0,142,75,10,124
26,59,46,1,147,75,10,119
26,60,12,0,142,85,10,119
26,61,8,1,132,85,10,124
26,62,13,1,137,90,10,124
26,63,14,0,137,90,10,129
26,64,2,0,127,90,15,129
26,65,18,0,102,90,15,139
26,66,27,1,102,95,10,139
26,67,5,0,97,95,15,139
26,68,41,0,87,105,15,139
26,69,26,0,82,105,15,144
26,70,10,0,77,110,15,144
26,71,11,1,82,110,15,144
26,72,3,0,97,110,10,144
26,73,1,0,107,110,-5,144
26,74,20,1,107,115,-20,144
26,75,21,1,107,120,-35,144
26,76,22,0,102,120,-30,144
26,77,8,1,92,120,-30,149
26,78,62,1,62,140,-30,149
26,79,13,1,67,145,-30,149
26,80,41,1,72,135,-30,149
26,81,34,0,72,120,-15,149
26,82,2,1,77,120,-25,149
26,83,44,0,77,120,-15,154
26,84,4,0,62,125,-15,154
26,85,3,1,55,125,-15,159
26,86,30,1,55,125,-5,159
26,87,1,1,47,125,0,159
26,88,25,1,47,130,-10,159
26,89,21,1,47,135,-25,159
26,90,6,1,39,135,-25,164
26,91,12,0,34,145,-25,164
26,92,20,0,29,145,-10,164
26,93,16,1,29,145,-20,164
26,94,18,1,39,145,-20,164
26,95,42,0,31,145,-20,174
26,96,15,0,51,140,-20,174
26,97,7,1,56,140,-20,169
26,98,10,1,76,140,-30,169
26,99,3,1,69,140,-30,174
27,0,42,0,42,50,50,60
27,1,47,1,42,50,50,75
27,2,45,1,42,55,50,75
27,3,20,0,37,55,65,75
27,4,12,0,32,65,65,75
27,5,40,0,32,75,55,75
27,6,9,1,37,75,55,75
27,7,29,1,37,90,35,75
27,8,10,1,57,90,25,75
27,9,31,0,57,95,15,75
27,10,44,0,57,95,25,80
27,11,19,1,72,95,25,80
27,12,7,0,57,100,25,80
27,13,57,0,47,100,25,85
27,14,58,0,47,90,25,85
27,15,22,1,47,95,15,85
27,16,36,1,47,100,15,80
27,17,42,1,47,105,15,80
27,18,13,1,52,110,15,80
27,19,2,0,42,110,20,80
27,20,1,0,52,110,5,80
27,21,45,1,52,115,5,80
27,22,26,0,47,115,5,85
27,23,41,1,52,105,5,85
27,24,29,1,52,120,-15,85
27,25,4,0,37,125,-15,85
27,26,16,1,37,125,-25,85
27,27,59,0,37,125,-35,90
27,28,32,0,37,130,-50,90
27,29,33,0,67,130,-50,90
27,30,18,1,77,130,-50,90
27,31,38,0,72,135,-50,90
27,32,28,1,82,135,-50,90
27,33,46,1,87,135,-50,85
27,34,12,1,92,135,-50,85
27,35,2,0,82,135,-45,85
27,36,11,0,77,135,-45,87
27,37,4,0,62,140,-45,87
27,38,26,0,57,140,-45,92
27,39,21,1,57,145,-60,92
27,40,20,1,57,150,-75,92
27,41,23,1,67,150,-80,92
27,42,10,1,87,150,-90,92
27,43,7,0,72,155,-90,92
27,44,34,1,87,155,-90,92
27,45,41,0,77,165,-90,92
27,46,35,1,77,155,-80,92
27,47,27,0,87,140,-80,92
27,48,11,1,92,140,-80,92
27,49,47,0,117,140,-80,92
27,50,22,1,117,145,-90,92
27,51,15,0,137,140,-90,92
27,52,45,0,137,140,-90,97
27,53,10,1,157,140,-100,97
27,54,8,1,147,140,-100,102
27,55,20,0,142,140,-85,102
27,56,41,0,132,150,-85,102
27,57,26,0,127,150,-85,107
27,58,2,1,132,150,-95,107
27,59,60,1,132,160,-95,107
27,60,4,1,142,160,-95,102
27,61,49,1,142,165,-95,102
27,62,27,0,152,150,-95,102
27,63,13,1,157,155,-95,102
27,64,28,1,167,155,-95,102
27,65,46,0,160,155,-95,107
27,66,16,1,160,155,-105,107
27,67,23,1,170,155,-110,107
27,68,21,0,165,155,-95,107
27,69,9,1,170,155,-95,107
27,70,39,0,163,160,-95,107
27,71,15,0,183,155,-95,107
27,72,42,1,183,160,-95,107
27,73,44,0,183,160,-85,112
27,74,24,0,178,160,-80,112
27,75,45,1,178,165,-80,112
27,76,14,1,178,170,-80,112
27,77,46,1,183,170,-80,107
27,78,37,1,193,170,-80,107
27,79,36,0,193,165,-80,109
27,80,22,0,188,165,-75,109
27,81,20,1,188,170,-90,109
27,82,28,1,198,170,-90,109
27,83,11,0,193,170,-90,111
27,84,3,1,186,170,-90,116
27,85,21,1,186,175,-105,116
27,86,9,0,181,175,-105,121
27,87,61,1,181,185,-105,121
27,88,47,1,181,185,-105,136
27,89,4,1,191,185,-105,131
27,90,8,0,191,190,-115,131
27,91,15,0,211,185,-115,131
27,92,12,0,206,195,-115,131
27,93,26,1,216,195,-120,131
27,94,11,0,211,195,-120,133
27,95,2,0,201,195,-115,133
27,96,20,1,201,200,-130,133
27,97,14,0,201,200,-130,138
27,98,22,1,201,205,-140,138
27,99,1,0,211,205,-155,138
28,0,24,1,55,50,50,50
28,1,3,1,48,50,50,55
28,2,4,0,33,55,50,55
28,3,1,1,25,55,55,55
28,4,20,0,20,55,70,55
28,5,31,0,20,60,60,55
28,6,22,1,20,65,50,55
28,7,7,0,5,70,50,55
28,8,32,1,5,60,65,55
28,9,5,0,0,60,70,55
28,10,23,1,10,60,65,55
28,11,44,0,10,60,75,60
28,12,9,0,5,60,75,65
28,13,6,0,15,60,70,65
28,14,33,1,15,65,70,65
28,15,57,0,5,65,70,70
28,16,25,1,5,70,60,70
28,17,13,1,10,75,60,70
28,18,17,0,-10,85,60,70
28,19,38,1,-5,85,60,70
28,20,15,1,-5,90,60,70
28,21,24,1,0,90,60,70
28,22,28,0,-10,90,70,70
28,23,43,0,10,90,60,70
28,24,34,1,25,90,60,70
28,25,20,1,25,95,45,70
28,26,40,1,25,85,55,70
28,27,22,1,25,90,45,70
28,28,11,0,20,90,45,72
28,29,2,1,25,90,35,72
28,30,15,0,45,85,35,72
28,31,58,0,45,75,35,72
28,32,35,0,45,83,20,72
28,33,25,0,45,78,30,72
28,34,30,0,45,78,20,82
28,35,14,1,45,83,20,82
28,36,24,1,50,83,20,82
28,37,12,0,45,93,20,82
28,38,26,1,55,93,15,82
28,39,8,0,55,98,5,82
28,40,7,1,60,98,5,77
28,41,23,0,55,88,5,82
28,42,3,0,70,88,0,82
28,43,11,1,75,88,0,82
28,44,36,0,75,83,0,84
28,45,15,0,95,78,0,84
28,46,59,1,95,83,0,84
28,47,18,0,70,83,0,94
28,48,9,0,65,83,0,99
28,49,10,0,60,88,0,99
28,50,6,0,70,88,-5,99
28,51,39,0,63,93,-5,99
28,52,16,0,53,98,-5,99
28,53,60,0,83,98,-5,99
28,54,38,1,88,98,-5,99
28,55,45,1,88,103,-5,99
28,56,15,0,108,98,-5,99
28,57,29,0,98,98,0,99
28,58,44,1,103,98,0,99
28,59,1,0,113,98,-15,99
28,60,4,1,123,98,-15,94
28,61,49,0,123,98,-15,99
28,62,20,0,118,98,0,99
28,63,16,0,108,103,0,99
28,64,11,1,113,103,0,99
28,65,30,0,113,103,-10,109
28,66,50,1,113,103,0,109
28,67,9,0,108,103,0,114
28,68,37,1,118,103,0,114
28,69,22,1,118,108,-10,114
28,70,61,1,118,118,-10,114
28,71,14,0,118,118,-10,119
28,72,23,0,113,108,-10,124
28,73,5,0,108,108,-5,124
28,74,28,0,98,108,5,124
28,75,51,0,98,88,5,134
28,76,7,1,103,88,5,129
28,77,15,0,123,83,5,129
28,78,20,1,123,88,-10,129
28,79,24,0,118,88,-5,129
28,80,52,1,118,98,-5,114
28,81,36,1,118,103,-5,109
28,82,26,0,113,103,-5,114
28,83,9,1,118,103,-5,114
28,84,2,1,123,103,-15,114
28,85,3,1,116,103,-15,119
28,86,40,0,116,113,-25,119
28,87,11,0,111,113,-25,121
28,88,53,1,111,113,-15,121
28,89,29,0,101,113,-10,121
28,90,28,1,111,113,-10,121
28,91,13,1,116,118,-10,121
28,92,22,0,111,118,-5,121
28,93,16,1,111,118,-15,121
28,94,42,0,103,118,-15,131
28,95,30,1,103,118,-5,131
28,96,26,1,113,118,-10,131
28,97,45,0,113,118,-10,136
28,98,8,1,103,118,-10,141
28,99,10,1,123,118,-20,141
29,0,26,0,45,50,50,55
29,1,4,0,30,55,50,55
29,2,8,1,20,55,50,60
29,3,22,1,20,60,40,60
29,4,28,0,10,60,50,60
29,5,1,1,2,60,55,60
29,6,15,1,2,65,55,60
29,7,20,0,-3,65,70,60
29,8,10,0,-8,70,70,60
29,9,57,0,-18,70,70,65
29,10,30,1,-18,70,80,65
29,11,46,0,-25,70,80,70
29,12,47,1,-25,70,80,85
29,13,2,1,-20,70,70,85
29,14,49,1,-20,75,70,85
29,15,26,1,-10,75,65,85
29,16,5,0,-15,75,70,85
29,17,23,1,-5,75,65,85
29,18,31,1,-5,75,75,85
29,19,37,0,-17,85,75,85
29,20,14,0,-17,85,75,90
29,21,38,1,-12,85,75,90
29,22,39,1,-7,85,75,85
29,23,19,0,-27,85,85,95
29,24,13,0,-27,85,85,100
29,25,11,1,-22,85,85,100
29,26,10,0,-27,90,85,100
29,27,26,0,-32,90,85,105
29,28,36,1,-32,95,85,100
29,29,32,0,-32,100,70,100
29,30,21,1,-32,105,55,100
29,31,23,1,-22,105,50,100
29,32,15,0,-2,100,50,100
29,33,25,0,-2,95,60,100
29,34,2,1,3,95,50,100
29,35,14,0,3,95,50,105
29,36,17,1,-12,95,60,105
29,37,12,0,-17,105,60,105
29,38,6,0,-7,105,55,105
29,39,44,0,-7,105,65,110
29,40,18,0,-32,105,65,120
29,41,37,0,-44,115,65,120
29,42,33,1,-44,120,65,120
29,43,26,0,-49,120,65,125
29,44,58,1,-49,125,65,125
29,45,20,1,-49,130,50,125
29,46,24,0,-54,130,55,125
29,47,47,1,-54,130,55,140
29,48,23,0,-59,120,55,145
29,49,4,0,-74,125,55,145
29,50,9,1,-69,125,55,145
29,51,6,1,-77,125,55,150
29,52,36,1,-77,130,55,145
29,53,41,1,-72,120,55,145
29,54,11,1,-67,120,55,145
29,55,10,1,-47,120,45,145
29,56,3,0,-32,120,40,145
29,57,13,1,-27,125,40,145
29,58,14,0,-27,125,40,150
29,59,1,0,-17,125,25,150
29,60,28,0,-27,125,35,150
29,61,8,1,-37,125,35,155
29,62,37,0,-49,135,35,155
29,63,59,0,-49,135,25,160
29,64,43,0,-29,135,15,160
29,65,26,1,-19,135,10,160
29,66,38,0,-24,140,10,160
29,67,23,0,-29,130,10,165
29,68,16,0,-39,135,10,165
29,69,22,1,-39,140,0,165
29,70,2,0,-49,140,5,165
29,71,11,0,-54,140,5,167
29,72,13,1,-49,145,5,167
29,73,27,1,-49,150,0,167
29,74,39,1,-44,150,0,162
29,75,44,1,-39,150,0,162
29,76,41,1,-34,140,0,162
29,77,34,1,-19,140,0,162
29,78,20,1,-19,145,-15,162
29,79,26,0,-24,145,-15,167
29,80,5,1,-19,145,-25,167
29,81,10,1,1,145,-35,167
29,82,36,1,1,150,-35,162
29,83,19,0,-19,150,-25,172
29,84,46,1,-14,150,-25,167
29,85,38,1,-9,150,-25,167
29,86,12,0,-14,160,-25,167
29,87,23,1,-4,160,-30,167
29,88,18,1,6,160,-30,167
29,89,13,1,11,165,-30,167
29,90,4,0,-4,170,-30,167
29,91,48,1,-4,175,-30,157
29,92,9,0,-9,175,-30,162
29,93,20,1,-9,180,-45,162
29,94,1,1,-17,180,-40,162
29,95,28,1,-7,180,-40,162
29,96,39,1,-2,180,-40,157
29,97,46,1,3,180,-40,152
29,98,25,0,3,175,-30,152
29,99,15,0,23,170,-30,152
30,0,42,0,42,50,50,60
30,1,14,1,42,55,50,60
30,2,12,0,37,65,50,60
30,3,11,0,32,65,50,62
30,4,28,0,22,65,60,62
30,5,49,0,22,65,60,67
30,6,57,1,22,70,60,67
30,7,9,0,17,70,60,72
30,8,1,0,27,70,45,72
30,9,2,0,17,70,50,72
30,10,3,1,10,70,50,77
30,11,8,0,10,75,40,77
30,12,58,0,10,65,40,77
30,13,50,1,10,65,50,77
30,14,44,0,10,65,60,82
30,15,20,1,10,70,45,82
30,16,15,1,10,75,45,82
30,17,30,0,10,75,35,92
30,18,21,0,5,75,50,92
30,19,38,1,10,75,50,92
30,20,41,1,15,65,50,92
30,21,10,1,35,65,40,92
30,22,23,1,45,65,35,92
30,23,40,1,45,55,45,92
30,24,31,1,45,55,55,92
30,25,9,0,40,55,55,97
30,26,51,0,40,35,55,107
30,27,59,0,40,35,45,112
30,28,52,1,40,45,45,97
30,29,14,0,40,45,45,102
30,30,60,0,70,45,45,102
30,31,41,1,75,35,45,102
30,32,53,1,75,35,55,102
30,33,12,0,70,45,55,102
30,34,26,1,80,45,50,102
30,35,36,0,80,40,50,104
30,36,20,0,75,40,65,104
30,37,15,1,75,45,65,104
30,38,5,0,70,45,70,104
30,39,25,1,70,50,60,104
30,40,54,1,70,55,60,94
30,41,23,0,65,45,60,99
30,42,46,1,70,45,60,94
30,43,16,1,70,45,50,94
30,44,38,1,75,45,50,94
30,45,12,1,80,45,50,94
30,46,2,0,70,45,55,94
30,47,15,0,90,40,55,94
30,48,42,1,90,45,55,94
30,49,8,0,90,50,45,94
30,50,22,1,90,55,35,94
30,51,44,0,90,55,45,99
30,52,10,0,85,60,45,99
30,53,45,1,85,65,45,99
30,54,36,1,85,70,45,94
30,55,5,1,90,70,35,94
30,56,11,1,95,70,35,94
30,57,14,1,95,75,35,94
30,58,23,0,90,65,35,99
30,59,12,1,95,65,35,99
30,60,16,1,95,65,25,99
30,61,26,1,105,65,20,99
30,62,40,0,105,75,10,99
30,63,24,1,110,75,10,99
30,64,55,0,125,75,10,99
30,65,20,1,125,80,-5,99
30,66,9,1,130,80,-5,99
30,67,42,0,122,80,-5,109
30,68,15,1,122,85,-5,109
30,69,11,0,117,85,-5,111
30,70,5,0,112,85,0,111
30,71,3,1,105,85,0,116
30,72,32,1,105,75,15,116
30,73,33,0,135,75,15,116
30,74,48,1,135,80,15,106
30,75,34,1,150,80,15,106
30,76,44,1,155,80,15,106
30,77,39,1,160,80,15,101
30,78,41,0,150,90,15,101
30,79,25,0,150,85,25,101
30,80,12,0,145,95,25,101
30,81,14,1,145,100,25,101
30,82,16,0,135,105,25,101
30,83,13,0,135,105,25,106
30,84,22,1,135,110,15,106
30,85,4,1,145,110,15,101
30,86,46,0,138,110,15,106
30,87,2,1,143,110,5,106
30,88,6,1,135,110,5,111
30,89,3,0,150,110,0,111
30,90,20,1,150,115,-15,111
30,91,19,0,130,115,-5,121
30,92,5,0,125,115,0,121
30,93,12,0,120,125,0,121
30,94,28,0,110,125,10,121
30,95,35,1,110,115,20,121
30,96,8,0,110,120,10,121
30,97,11,0,105,120,10,123
30,98,46,0,98,120,10,128
30,99,18,0,73,120,10,138
31,0,29,0,40,50,55,50
31,1,6,0,50,50,50,50
31,2,31,1,50,50,60,50
31,3,57,0,40,50,60,55
31,4,1,1,32,50,65,55
31,5,10,0,27,55,65,55
31,6,7,0,12,60,65,55
31,7,13,0,12,60,65,60
31,8,42,0,4,60,65,70
31,9,11,0,-1,60,65,72
31,10,41,0,-11,70,65,72
31,11,20,0,-16,70,80,72
31,12,36,0,-16,65,80,74
31,13,12,0,-21,75,80,74
31,14,58,0,-21,65,80,74
31,15,39,0,-28,70,80,74
31,16,47,0,-3,70,80,74
31,17,15,1,-3,75,80,74
31,18,26,1,7,75,75,74
31,19,24,1,12,75,75,74
31,20,48,1,12,80,75,64
31,21,9,0,7,80,75,69
31,22,5,0,2,80,80,69
31,23,43,1,2,80,85,54
31,24,44,1,7,80,85,54
31,25,59,1,7,85,85,54
31,26,32,1,7,75,100,54
31,27,22,0,2,75,105,54
31,28,18,1,12,75,105,54
31,29,25,1,12,80,95,54
31,30,4,0,-3,85,95,54
31,31,37,0,-15,95,95,54
31,32,27,0,-5,80,95,54
31,33,10,0,-10,85,95,54
31,34,3,1,-17,85,95,59
31,35,39,1,-12,85,95,54
31,36,8,0,-12,90,85,54
31,37,60,1,-12,100,85,54
31,38,42,1,-12,105,85,54
31,39,11,1,-7,105,85,54
31,40,28,1,3,105,85,54
31,41,19,0,-17,105,95,64
31,42,25,0,-17,100,105,64
31,43,16,0,-27,105,105,64
31,44,5,1,-22,105,95,64
31,45,21,0,-27,105,110,64
31,46,13,0,-27,105,110,69
31,47,47,1,-27,105,110,84
31,48,2,0,-37,105,115,84
31,49,4,0,-52,110,115,84
31,50,26,0,-57,110,115,89
31,51,38,0,-62,115,115,89
31,52,9,0,-67,115,115,94
31,53,17,1,-82,115,125,94
31,54,33,1,-82,120,125,94
31,55,14,1,-82,125,125,94
31,56,10,0,-87,130,125,94
31,57,15,1,-87,135,125,94
31,58,41,1,-82,125,125,94
31,59,34,1,-67,125,125,94
31,60,25,0,-67,120,135,94
31,61,40,1,-67,110,145,94
31,62,8,0,-67,115,135,94
31,63,18,0,-92,115,135,104
31,64,3,0,-77,115,130,104
31,65,20,1,-77,120,115,104
31,66,28,0,-87,120,125,104
31,67,27,1,-87,125,120,104
31,68,41,0,-97,135,120,104
31,69,61,1,-97,145,120,104
31,70,24,0,-102,145,125,104
31,71,10,1,-82,145,115,104
31,72,45,0,-82,145,115,109
31,73,39,0,-89,150,115,109
31,74,23,1,-79,150,110,109
31,75,13,1,-74,155,110,109
31,76,22,0,-79,155,115,109
31,77,43,0,-59,155,105,109
31,78,48,1,-59,160,105,99
31,79,42,1,-59,165,105,99
31,80,40,0,-59,175,95,99
31,81,1,0,-49,175,80,99
31,82,21,0,-54,175,95,99
31,83,47,0,-29,175,95,99
31,84,9,0,-34,175,95,104
31,85,12,1,-29,175,95,104
31,86,8,0,-29,180,85,104
31,87,41,1,-24,170,85,104
31,88,20,0,-29,170,100,104
31,89,30,0,-29,170,90,114
31,90,14,0,-29,170,90,119
31,91,4,0,-44,175,90,119
31,92,13,1,-39,180,90,119
31,93,37,1,-29,180,90,119
31,94,11,0,-34,180,90,121
31,95,3,1,-41,180,90,126
31,96,12,1,-36,180,90,126
31,97,25,1,-36,185,80,126
31,98,6,0,-26,185,75,126
31,99,23,1,-16,185,70,126
32,0,7,1,55,50,50,45
32,1,11,0,50,50,50,47
32,2,22,1,50,55,40,47
32,3,23,0,45,45,40,52
32,4,16,1,45,45,30,52
32,5,42,1,45,50,30,52
32,6,5,1,50,50,20,52
32,7,18,1,60,50,20,52
32,8,4,1,70,50,20,47
32,9,9,0,65,50,20,52
32,10,39,0,58,55,20,52
32,11,3,1,51,55,20,57
32,12,15,0,71,50,20,57
32,13,26,1,81,50,15,57
32,14,2,0,71,50,20,57
32,15,28,1,81,50,20,57
32,16,14,0,81,50,20,62
32,17,31,1,81,50,30,62
32,18,45,1,81,55,30,62
32,19,11,0,76,55,30,64
32,20,40,0,76,65,20,64
32,21,38,0,71,70,20,64
32,22,10,1,91,70,10,64
32,23,3,1,84,70,10,69
32,24,46,1,89,70,10,64
32,25,8,0,89,75,0,64
32,26,27,1,89,80,-5,64
32,27,37,0,77,90,-5,64
32,28,14,0,77,90,-5,69
32,29,7,1,82,90,-5,64
32,30,12,1,87,90,-5,64
32,31,48,1,87,95,-5,54
32,32,29,1,87,110,-25,54
32,33,2,1,92,110,-35,54
32,34,21,0,87,110,-20,54
32,35,28,0,77,110,-10,54
32,36,16,1,77,110,-20,54
32,37,25,1,77,115,-30,54
32,38,32,0,77,120,-45,54
32,39,9,0,72,120,-45,59
32,40,23,1,82,120,-50,59
32,41,20,0,77,120,-35,59
32,42,15,1,77,125,-35,59
32,43,33,0,107,125,-35,59
32,44,8,0,107,130,-45,59
32,45,4,0,92,135,-45,59
32,46,5,1,97,135,-55,59
32,47,57,0,87,135,-55,64
32,48,14,1,87,140,-55,64
32,49,17,0,67,150,-55,64
32,50,43,0,87,150,-65,64
32,51,3,0,102,150,-70,64
32,52,40,0,102,160,-80,64
32,53,10,0,97,165,-80,64
32,54,41,1,102,155,-80,64
32,55,26,1,112,155,-85,64
32,56,22,1,112,160,-95,64
32,57,2,0,102,160,-90,64
32,58,13,1,107,165,-90,64
32,59,5,0,102,165,-85,64
32,60,25,1,102,170,-95,64
32,61,49,1,102,175,-95,64
32,62,58,0,102,165,-95,64
32,63,34,0,102,150,-80,64
32,64,16,1,102,150,-90,64
32,65,15,1,102,155,-90,64
32,66,24,1,107,155,-90,64
32,67,4,0,92,160,-90,64
32,68,20,1,92,165,-105,64
32,69,40,1,92,155,-95,64
32,70,39,0,85,160,-95,64
32,71,18,1,95,160,-95,64
32,72,41,0,85,170,-95,64
32,73,35,0,85,178,-110,64
32,74,21,0,80,178,-95,64
32,75,26,0,75,178,-95,69
32,76,45,1,75,183,-95,69
32,77,29,1,75,198,-115,69
32,78,7,1,80,198,-115,64
32,79,28,1,90,198,-115,64
32,80,13,1,95,203,-115,64
32,81,25,0,95,198,-105,64
32,82,43,1,95,198,-100,49
32,83,23,0,90,188,-100,54
32,84,6,1,82,188,-100,59
32,85,41,1,87,178,-100,59
32,86,11,1,92,178,-100,59
32,87,27,0,102,163,-100,59
32,88,2,1,107,163,-110,59
32,89,3,1,100,163,-110,64
32,90,15,1,100,168,-110,64
32,91,16,1,100,168,-120,64
32,92,22,1,100,173,-130,64
32,93,1,0,110,173,-145,64
32,94,9,0,105,173,-145,69
32,95,10,1,125,173,-155,69
32,96,5,0,120,173,-150,69
32,97,14,1,120,178,-150,69
32,98,39,1,125,178,-150,64
32,99,41,1,130,168,-150,64
33,0,4,1,60,50,50,45
33,1,22,0,55,50,55,45
33,2,41,1,60,40,55,45
33,3,57,0,50,40,55,50
33,4,8,1,40,40,55,55
33,5,47,1,40,40,55,70
33,6,45,0,40,40,55,75
33,7,49,0,40,40,55,80
33,8,3,1,33,40,55,85
33,9,2,0,23,40,60,85
33,10,50,0,23,50,60,85
33,11,26,1,33,50,55,85
33,12,28,1,43,50,55,85
33,13,12,1,48,50,55,85
33,14,44,1,53,50,55,85
33,15,51,1,53,55,55,85
33,16,9,0,48,55,55,90
33,17,4,1,58,55,55,85
33,18,41,1,63,45,55,85
33,19,1,1,55,45,60,85
33,20,23,0,50,35,60,90
33,21,14,1,50,40,60,90
33,22,22,1,50,45,50,90
33,23,26,0,45,45,50,95
33,24,58,1,45,50,50,95
33,25,21,0,40,50,65,95
33,26,15,0,60,45,65,95
33,27,38,1,65,45,65,95
33,28,45,0,65,45,65,100
33,29,5,1,70,45,55,100
33,30,25,1,70,50,45,100
33,31,48,0,60,50,45,105
33,32,12,0,55,60,45,105
33,33,59,0,55,60,35,110
33,34,39,1,60,60,35,105
33,35,10,1,80,60,25,105
33,36,31,1,80,60,35,105
33,37,1,1,72,60,40,105
33,38,27,0,82,45,40,105
33,39,2,0,72,45,45,105
33,40,36,0,72,40,45,107
33,41,20,0,67,40,60,107
33,42,26,0,62,40,60,112
33,43,21,0,57,40,75,112
33,44,52,1,57,50,75,97
33,45,12,1,62,50,75,97
33,46,37,0,50,60,75,97
33,47,10,0,45,65,75,97
33,48,43,1,45,65,80,82
33,49,39,0,38,70,80,82
33,50,19,0,18,70,90,92
33,51,30,0,18,70,80,102
33,52,17,0,-2,80,80,102
33,53,32,0,-2,85,65,102
33,54,9,1,3,85,65,102
33,55,1,0,13,85,50,102
33,56,44,1,18,85,50,102
33,57,20,0,13,85,65,102
33,58,60,1,13,95,65,102
33,59,42,0,5,95,65,112
33,60,40,1,5,85,75,112
33,61,26,1,15,85,70,112
33,62,14,1,15,90,70,112
33,63,28,1,25,90,70,112
33,64,45,0,25,90,70,117
33,65,4,1,35,90,70,112
33,66,36,1,35,95,70,107
33,67,16,0,25,100,70,107
33,68,5,1,30,100,60,107
33,69,18,1,40,100,60,107
33,70,9,1,45,100,60,107
33,71,27,1,45,105,55,107
33,72,15,0,65,100,55,107
33,73,10,0,60,105,55,107
33,74,1,0,70,105,40,107
33,75,20,1,70,110,25,107
33,76,11,1,75,110,25,107
33,77,21,0,70,110,40,107
33,78,30,0,70,110,30,117
33,79,33,0,100,110,30,117
33,80,42,1,100,115,30,117
33,81,41,1,105,105,30,117
33,82,16,1,105,105,20,117
33,83,38,1,110,105,20,117
33,84,10,0,105,110,20,117
33,85,45,0,105,110,20,122
33,86,12,1,110,110,20,122
33,87,24,1,115,110,20,122
33,88,23,1,125,110,15,122
33,89,15,0,145,105,15,122
33,90,20,1,145,110,0,122
33,91,8,1,135,110,0,127
33,92,11,1,140,110,0,127
33,93,26,1,150,110,-5,127
33,94,16,0,140,115,-5,127
33,95,10,0,135,120,-5,127
33,96,1,1,127,120,0,127
33,97,9,0,122,120,0,132
33,98,12,1,127,120,0,132
33,99,13,0,127,120,0,137
34,0,22,1,50,55,40,50
34,1,20,0,45,55,55,50
34,2,13,0,45,55,55,55
34,3,25,0,45,50,65,55
34,4,24,0,40,50,70,55
34,5,14,0,40,50,70,60
34,6,31,1,40,50,80,60
34,7,12,0,35,60,80,60
34,8,8,0,35,65,70,60
34,9,2,1,40,65,60,60
34,10,23,0,35,55,60,65
34,11,49,1,35,60,60,65
34,12,18,0,10,60,60,75
34,13,41,0,0,70,60,75
34,14,3,0,15,70,55,75
34,15,9,1,20,70,55,75
34,16,1,0,30,70,40,75
34,17,20,1,30,75,25,75
34,18,45,1,30,80,25,75
34,19,43,0,50,80,15,75
34,20,4,0,35,85,15,75
34,21,11,1,40,85,15,75
34,22,47,1,40,85,15,90
34,23,13,1,45,90,15,90
34,24,36,1,45,95,15,85
34,25,41,0,35,105,15,85
34,26,3,0,50,105,10,85
34,27,22,1,50,110,0,85
34,28,25,1,50,115,-10,85
34,29,5,1,55,115,-20,85
34,30,32,0,55,120,-35,85
34,31,10,1,75,120,-45,85
34,32,26,1,85,120,-50,85
34,33,39,1,90,120,-50,80
34,34,16,1,90,120,-60,80
34,35,23,1,100,120,-65,80
34,36,20,1,100,125,-80,80
34,37,21,1,100,130,-95,80
34,38,9,0,95,130,-95,85
34,39,15,0,115,125,-95,85
34,40,42,0,107,125,-95,95
34,41,33,1,107,130,-95,95
34,42,2,1,112,130,-105,95
34,43,13,1,117,135,-105,95
34,44,40,1,117,125,-95,95
34,45,43,1,117,125,-90,80
34,46,24,0,112,125,-85,80
34,47,41,0,102,135,-85,80
34,48,14,0,102,135,-85,85
34,49,38,0,97,140,-85,85
34,50,34,1,112,140,-85,85
34,51,4,0,97,145,-85,85
34,52,25,1,97,150,-95,85
34,53,11,1,102,150,-95,85
34,54,47,1,102,150,-95,100
34,55,48,1,102,155,-95,90
34,56,16,0,92,160,-95,90
34,57,36,0,92,155,-95,92
34,58,23,1,102,155,-100,92
34,59,41,1,107,145,-100,92
34,60,9,1,112,145,-100,92
34,61,8,1,102,145,-100,97
34,62,15,0,122,140,-100,97
34,63,13,0,122,140,-100,102
34,64,6,1,114,140,-100,107
34,65,37,1,124,140,-100,107
34,66,12,0,119,150,-100,107
34,67,20,0,114,150,-85,107
34,68,2,1,119,150,-95,107
34,69,39,0,112,155,-95,107
34,70,44,1,117,155,-95,107
34,71,10,0,112,160,-95,107
34,72,22,1,112,165,-105,107
34,73,36,0,112,160,-105,109
34,74,14,1,112,165,-105,109
34,75,5,0,107,165,-100,109
34,76,16,0,97,170,-100,109
34,77,23,1,107,170,-105,109
34,78,21,1,107,175,-120,109
34,79,57,1,107,180,-120,109
34,80,41,0,97,190,-120,109
34,81,25,0,97,185,-110,109
34,82,13,1,102,190,-110,109
34,83,43,1,102,190,-105,94
34,84,26,0,97,190,-105,99
34,85,58,0,97,180,-105,99
34,86,42,0,89,180,-105,109
34,87,3,0,104,180,-110,109
34,88,4,1,114,180,-110,104
34,89,35,0,114,188,-125,104
34,90,37,0,102,198,-125,104
34,91,15,1,102,203,-125,104
34,92,19,1,117,203,-125,104
34,93,36,1,117,208,-125,99
34,94,20,0,112,208,-110,99
34,95,23,1,122,208,-115,99
34,96,5,0,117,208,-110,99
34,97,12,0,112,218,-110,99
34,98,25,1,112,223,-120,99
34,99,16,1,112,223,-130,99
35,0,10,1,70,50,40,50
35,1,22,0,65,50,45,50
35,2,9,1,70,50,45,50
35,3,16,1,70,50,35,50
35,4,46,0,63,50,35,55
35,5,11,0,58,50,35,57
35,6,25,0,58,45,45,57
35,7,47,0,83,45,45,57
35,8,41,1,88,35,45,57
35,9,26,1,98,35,40,57
35,10,44,1,103,35,40,57
35,11,57,0,93,35,40,62
35,12,58,0,93,25,40,62
35,13,18,0,68,25,40,72
35,14,10,1,88,25,30,72
35,15,31,1,88,25,40,72
35,16,12,0,83,35,40,72
35,17,23,1,93,35,35,72
35,18,1,1,85,35,40,72
35,19,16,0,75,40,40,72
35,20,11,0,70,40,40,74
35,21,20,0,65,40,55,74
35,22,22,0,60,40,60,74
35,23,42,0,52,40,60,84
35,24,5,0,47,40,65,84
35,25,10,0,42,45,65,84
35,26,46,0,35,45,65,89
35,27,3,1,28,45,65,94
35,28,41,0,18,55,65,94
35,29,24,0,13,55,70,94
35,30,26,0,8,55,70,99
35,31,32,0,8,60,55,99
35,32,13,0,8,60,55,104
35,33,12,1,13,60,55,104
35,34,2,0,3,60,60,104
35,35,6,0,13,60,55,104
35,36,11,0,8,60,55,106
35,37,20,0,3,60,70,106
35,38,25,1,3,65,60,106
35,39,22,1,3,70,50,106
35,40,37,0,-9,80,50,106
35,41,59,1,-9,85,50,106
35,42,3,0,6,85,45,106
35,43,33,0,36,85,45,106
35,44,14,1,36,90,45,106
35,45,5,1,41,90,35,106
35,46,15,0,61,85,35,106
35,47,7,1,66,85,35,101
35,48,4,0,51,90,35,101
35,49,2,0,41,90,40,101
35,50,38,1,46,90,40,101
35,51,23,1,56,90,35,101
35,52,47,0,81,90,35,101
35,53,28,0,71,90,45,101
35,54,43,0,91,90,35,101
35,55,25,0,91,85,45,101
35,56,27,1,91,90,40,101
35,57,16,1,91,90,30,101
35,58,26,0,86,90,30,106
35,59,39,1,91,90,30,101
35,60,29,1,91,105,10,101
35,61,14,0,91,105,10,106
35,62,34,0,91,90,25,106
35,63,6,0,101,90,20,106
35,64,9,1,106,90,20,106
35,65,12,0,101,100,20,106
35,66,22,0,96,100,25,106
35,67,44,0,96,100,35,111
35,68,23,1,106,100,30,111
35,69,5,1,111,100,20,111
35,70,42,1,111,105,20,111
35,71,16,1,111,105,10,111
35,72,45,0,111,105,10,116
35,73,28,1,121,105,10,116
35,74,4,1,131,105,10,111
35,75,26,1,141,105,5,111
35,76,41,1,146,95,5,111
35,77,48,1,146,100,5,101
35,78,20,0,141,100,20,101
35,79,3,0,156,100,15,101
35,80,9,1,161,100,15,101
35,81,29,0,151,100,20,101
35,82,23,0,146,90,20,106
35,83,46,0,139,90,20,111
35,84,1,0,149,90,5,111
35,85,60,1,149,100,5,111
35,86,13,1,154,105,5,111
35,87,22,1,154,110,-5,111
35,88,12,1,159,110,-5,111
35,89,8,0,159,115,-15,111
35,90,17,1,144,115,-5,111
35,91,19,0,124,115,5,121
35,92,16,0,114,120,5,121
35,93,44,1,119,120,5,121
35,94,41,1,124,110,5,121
35,95,2,0,114,110,10,121
35,96,28,1,124,110,10,121
35,97,6,0,134,110,5,121
35,98,15,0,154,105,5,121
35,99,14,0,154,105,5,126
36,0,22,0,45,50,55,50
36,1,5,1,50,50,45,50
36,2,10,1,70,50,35,50
36,3,3,1,63,50,35,55
36,4,21,1,63,55,20,55
36,5,13,1,68,60,20,55
36,6,1,0,78,60,5,55
36,7,12,0,73,70,5,55
36,8,20,1,73,75,-10,55
36,9,41,0,63,85,-10,55
36,10,16,0,53,90,-10,55
36,11,4,0,38,95,-10,55
36,12,39,1,43,95,-10,50
36,13,15,0,63,90,-10,50
36,14,5,0,58,90,-5,50
36,15,44,0,58,90,5,55
36,16,18,1,68,90,5,55
36,17,11,0,63,90,5,57
36,18,42,1,63,95,5,57
36,19,12,0,58,105,5,57
36,20,45,1,58,110,5,57
36,21,40,1,58,100,15,57
36,22,37,1,68,100,15,57
36,23,20,1,68,105,0,57
36,24,36,1,68,110,0,52
36,25,17,1,53,110,10,52
36,26,21,1,53,115,-5,52
36,27,2,0,43,115,0,52
36,28,16,0,33,120,0,52
36,29,31,0,33,125,-10,52
36,30,3,1,26,125,-10,57
36,31,23,1,36,125,-15,57
36,32,12,0,31,135,-15,57
36,33,14,0,31,135,-15,62
36,34,15,0,51,130,-15,62
36,35,45,0,51,130,-15,67
36,36,5,1,56,130,-25,67
36,37,37,1,66,130,-25,67
36,38,1,1,58,130,-20,67
36,39,6,0,68,130,-25,67
36,40,40,0,68,140,-35,67
36,41,38,1,73,140,-35,67
36,42,2,0,63,140,-30,67
36,43,11,0,58,140,-30,69
36,44,23,0,53,130,-30,74
36,45,7,1,58,130,-30,69
36,46,22,1,58,135,-40,69
36,47,25,0,58,130,-30,69
36,48,43,0,78,130,-40,69
36,49,5,1,83,130,-50,69
36,50,9,1,88,130,-50,69
36,51,16,1,88,130,-60,69
36,52,57,1,88,135,-60,69
36,53,3,1,81,135,-60,74
36,54,20,0,76,135,-45,74
36,55,4,0,61,140,-45,74
36,56,26,0,56,140,-45,79
36,57,36,1,56,145,-45,74
36,58,1,0,66,145,-60,74
36,59,8,0,66,150,-70,74
36,60,10,1,86,150,-80,74
36,61,6,0,96,150,-85,74
36,62,2,0,86,150,-80,74
36,63,19,1,101,150,-80,74
36,64,11,1,106,150,-80,74
36,65,23,1,116,150,-85,74
36,66,38,0,111,155,-85,74
36,67,44,0,111,155,-75,79
36,68,22,1,111,160,-85,79
36,69,7,1,116,160,-85,74
36,70,16,1,116,160,-95,74
36,71,25,1,116,165,-105,74
36,72,49,0,116,165,-105,79
36,73,21,1,116,170,-120,79
36,74,3,1,109,170,-120,84
36,75,58,0,109,160,-120,84
36,76,18,1,119,160,-120,84
36,77,50,1,119,160,-110,84
36,78,40,1,119,150,-100,84
36,79,12,1,124,150,-100,84
36,80,16,0,114,155,-100,84
36,81,4,0,99,160,-100,84
36,82,2,0,89,160,-95,84
36,83,22,0,84,160,-90,84
36,84,38,0,79,165,-90,84
36,85,20,1,79,170,-105,84
36,86,8,0,79,175,-115,84
36,87,36,0,79,170,-115,86
36,88,23,1,89,170,-120,86
36,89,37,0,77,180,-120,86
36,90,14,1,77,185,-120,86
36,91,12,1,82,185,-120,86
36,92,25,0,82,180,-110,86
36,93,11,1,87,180,-110,86
36,94,51,1,87,185,-110,86
36,95,26,1,97,185,-115,86
36,96,59,1,97,190,-115,86
36,97,43,1,97,190,-110,71
36,98,21,0,92,190,-95,71
36,99,7,0,77,195,-95,71
37,0,13,1,55,55,50,50
37,1,7,0,40,60,50,50
37,2,15,0,60,55,50,50
37,3,45,1,60,60,50,50
37,4,16,1,60,60,40,50
37,5,31,0,60,65,30,50
37,6,12,1,65,65,30,50
37,7,11,1,70,65,30,50
37,8,37,1,80,65,30,50
37,9,47,1,80,65,30,65
37,10,22,0,75,65,35,65
37,11,4,1,85,65,35,60
37,12,41,1,90,55,35,60
37,13,42,0,82,55,35,70
37,14,7,1,87,55,35,65
37,15,23,1,97,55,30,65
37,16,16,0,87,60,30,65
37,17,18,1,97,60,30,65
37,18,12,0,92,70,30,65
37,19,2,0,82,70,35,65
37,20,9,1,87,70,35,65
37,21,14,0,87,70,35,70
37,22,32,0,87,75,20,70
37,23,27,1,87,80,15,70
37,24,15,0,107,75,15,70
37,25,1,0,117,75,0,70
37,26,33,0,147,75,0,70
37,27,34,0,147,60,15,70
37,28,5,1,152,60,5,70
37,29,43,1,152,60,10,55
37,30,3,1,145,60,10,60
37,31,17,0,125,70,10,60
37,32,26,1,135,70,5,60
37,33,11,0,130,70,5,62
37,34,14,0,130,70,5,67
37,35,24,0,125,70,10,67
37,36,46,1,130,70,10,62
37,37,8,1,120,70,10,67
37,38,37,0,108,80,10,67
37,39,12,1,113,80,10,67
37,40,35,0,113,88,-5,67
37,41,15,1,113,93,-5,67
37,42,38,0,108,98,-5,67
37,43,23,1,118,98,-10,67
37,44,25,1,118,103,-20,67
37,45,41,0,108,113,-20,67
37,46,57,1,108,118,-20,67
37,47,22,1,108,123,-30,67
37,48,14,1,108,128,-30,67
37,49,27,1,108,133,-35,67
37,50,17,1,93,133,-25,67
37,51,40,1,93,123,-15,67
37,52,5,0,88,123,-10,67
37,53,15,0,108,118,-10,67
37,54,16,1,108,118,-20,67
37,55,21,0,103,118,-5,67
37,56,41,0,93,128,-5,67
37,57,8,0,93,133,-15,67
37,58,6,0,103,133,-20,67
37,59,37,1,113,133,-20,67
37,60,49,0,113,133,-20,72
37,61,19,0,93,133,-10,82
37,62,2,0,83,133,-5,82
37,63,22,0,78,133,0,82
37,64,29,0,68,133,5,82
37,65,9,0,63,133,5,87
37,66,5,0,58,133,10,87
37,67,23,1,68,133,5,87
37,68,4,1,78,133,5,82
37,69,40,0,78,143,-5,82
37,70,21,0,73,143,10,82
37,71,20,1,73,148,-5,82
37,72,58,1,73,153,-5,82
37,73,12,1,78,153,-5,82
37,74,25,1,78,158,-15,82
37,75,14,0,78,158,-15,87
37,76,41,1,83,148,-15,87
37,77,15,1,83,153,-15,87
37,78,16,0,73,158,-15,87
37,79,59,0,73,158,-25,92
37,80,46,1,78,158,-25,87
37,81,9,1,83,158,-25,87
37,82,50,0,83,168,-25,87
37,83,60,1,83,178,-25,87
37,84,22,0,78,178,-20,87
37,85,17,0,58,188,-20,87
37,86,3,0,73,188,-25,87
37,87,26,0,68,188,-25,92
37,88,29,0,58,188,-20,92
37,89,48,0,48,188,-20,97
37,90,23,1,58,188,-25,97
37,91,61,0,58,188,-5,97
37,92,14,1,58,193,-5,97
37,93,39,0,51,198,-5,97
37,94,62,0,51,198,-5,97
37,95,21,0,46,198,10,97
37,96,27,0,56,183,10,97
37,97,15,1,56,188,10,97
37,98,41,0,46,198,10,97
37,99,43,0,66,198,0,97
38,0,23,1,60,50,45,50
38,1,9,1,65,50,45,50
38,2,3,1,58,50,45,55
38,3,8,1,48,50,45,60
38,4,46,0,41,50,45,65
38,5,28,1,51,50,45,65
38,6,36,0,51,45,45,67
38,7,4,1,61,45,45,62
38,8,41,1,66,35,45,62
38,9,14,0,66,35,45,67
38,10,15,1,66,40,45,67
38,11,17,1,51,40,55,67
38,12,21,1,51,45,40,67
38,13,13,0,51,45,40,72
38,14,26,0,46,45,40,77
38,15,10,0,41,50,40,77
38,16,24,1,46,50,40,77
38,17,6,0,56,50,35,77
38,18,38,0,51,55,35,77
38,19,16,1,51,55,25,77
38,20,4,1,61,55,25,72
38,21,31,1,61,55,35,72
38,22,15,0,81,50,35,72
38,23,22,0,76,50,40,72
38,24,47,0,101,50,40,72
38,25,9,1,106,50,40,72
38,26,25,1,106,55,30,72
38,27,7,1,111,55,30,67
38,28,36,0,111,50,30,69
38,29,45,0,111,50,30,74
38,30,5,1,116,50,20,74
38,31,11,0,111,50,20,76
38,32,15,0,131,45,20,76
38,33,21,1,131,50,5,76
38,34,41,1,136,40,5,76
38,35,2,0,126,40,10,76
38,36,32,0,126,45,-5,76
38,37,13,1,131,50,-5,76
38,38,33,0,161,50,-5,76
38,39,34,0,161,35,10,76
38,40,38,0,156,40,10,76
38,41,23,0,151,30,10,81
38,42,11,1,156,30,10,81
38,43,3,0,171,30,5,81
38,44,36,1,171,35,5,76
38,45,14,1,171,40,5,76
38,46,27,0,181,25,5,76
38,47,24,1,186,25,5,76
38,48,21,1,186,30,-10,76
38,49,12,0,181,40,-10,76
38,50,41,0,171,50,-10,76
38,51,1,1,163,50,-5,76
38,52,5,1,168,50,-15,76
38,53,25,0,168,45,-5,76
38,54,13,0,168,45,-5,81
38,55,43,0,188,45,-15,81
38,56,40,0,188,55,-25,81
38,57,2,0,178,55,-20,81
38,58,10,1,198,55,-30,81
38,59,44,1,203,55,-30,81
38,60,16,1,203,55,-40,81
38,61,9,0,198,55,-40,86
38,62,3,0,213,55,-45,86
38,63,28,0,203,55,-35,86
38,64,42,1,203,60,-35,86
38,65,45,1,203,65,-35,86
38,66,7,0,188,70,-35,86
38,67,20,0,183,70,-20,86
38,68,57,0,173,70,-20,91
38,69,23,0,168,60,-20,96
38,70,14,1,168,65,-20,96
38,71,41,1,173,55,-20,96
38,72,11,0,168,55,-20,98
38,73,15,0,188,50,-20,98
38,74,4,0,173,55,-20,98
38,75,8,1,163,55,-20,103
38,76,36,1,163,60,-20,98
38,77,2,1,168,60,-30,98
38,78,38,0,163,65,-30,98
38,79,3,1,156,65,-30,103
38,80,1,0,166,65,-45,103
38,81,43,0,186,65,-55,103
38,82,26,0,181,65,-55,108
38,83,22,1,181,70,-65,108
38,84,41,0,171,80,-65,108
38,85,28,1,181,80,-65,108
38,86,13,1,186,85,-65,108
38,87,16,0,176,90,-65,108
38,88,11,1,181,90,-65,108
38,89,58,0,181,80,-65,108
38,90,59,1,181,85,-65,108
38,91,7,0,166,90,-65,108
38,92,8,1,156,90,-65,113
38,93,60,1,156,100,-65,113
38,94,27,0,166,85,-65,113
38,95,2,0,156,85,-60,113
38,96,9,0,151,85,-60,118
38,97,18,1,161,85,-60,118
38,98,36,1,161,90,-60,113
38,99,3,1,154,90,-60,118
39,0,16,0,40,55,50,50
39,1,5,0,35,55,55,50
39,2,2,1,40,55,45,50
39,3,3,1,33,55,45,55
39,4,31,0,33,60,35,55
39,5,41,0,23,70,35,55
39,6,26,0,18,70,35,60
39,7,42,1,18,75,35,60
39,8,14,0,18,75,35,65
39,9,21,0,13,75,50,65
39,10,1,0,23,75,35,65
39,11,23,0,18,65,35,70
39,12,9,1,23,65,35,70
39,13,48,1,23,70,35,60
39,14,15,0,43,65,35,60
39,15,17,0,23,75,35,60
39,16,10,0,18,80,35,60
39,17,27,0,28,65,35,60
39,18,12,1,33,65,35,60
39,19,32,0,33,70,20,60
39,20,13,0,33,70,20,65
39,21,4,1,43,70,20,60
39,22,20,0,38,70,35,60
39,23,5,1,43,70,25,60
39,24,33,0,73,70,25,60
39,25,36,1,73,75,25,55
39,26,23,0,68,65,25,60
39,27,2,1,73,65,15,60
39,28,39,0,66,70,15,60
39,29,46,1,71,70,15,55
39,30,57,0,61,70,15,60
39,31,58,0,61,60,15,60
39,32,7,0,46,65,15,60
39,33,22,0,41,65,20,60
39,34,1,1,33,65,25,60
39,35,8,0,33,70,15,60
39,36,11,1,38,70,15,60
39,37,5,0,33,70,20,60
39,38,21,1,33,75,5,60
39,39,41,0,23,85,5,60
39,40,6,1,15,85,5,65
39,41,29,0,5,85,10,65
39,42,40,1,5,75,20,65
39,43,2,0,-5,75,25,65
39,44,42,1,-5,80,25,65
39,45,7,0,-20,85,25,65
39,46,3,1,-27,85,25,70
39,47,27,1,-27,90,20,70
39,48,39,1,-22,90,20,65
39,49,34,0,-22,75,35,65
39,50,5,1,-17,75,25,65
39,51,12,1,-12,75,25,65
39,52,9,0,-17,75,25,70
39,53,59,0,-17,75,15,75
39,54,20,0,-22,75,30,75
39,55,4,1,-12,75,30,70
39,56,41,1,-7,65,30,70
39,57,6,1,-15,65,30,75
39,58,1,0,-5,65,15,75
39,59,10,0,-10,70,15,75
39,60,24,0,-15,70,20,75
39,61,16,0,-25,75,20,75
39,62,60,1,-25,85,20,75
39,63,30,1,-25,85,30,75
39,64,44,0,-25,85,40,80
39,65,5,1,-20,85,30,80
39,66,23,0,-25,75,30,85
39,67,15,0,-5,70,30,85
39,68,14,1,-5,75,30,85
39,69,61,1,-5,85,30,85
39,70,3,1,-12,85,30,90
39,71,21,1,-12,90,15,90
39,72,6,1,-20,90,15,95
39,73,29,1,-20,105,-5,95
39,74,27,1,-20,110,-10,95
39,75,45,0,-20,110,-10,100
39,76,12,1,-15,110,-10,100
39,77,25,0,-15,105,0,100
39,78,47,1,-15,105,0,115
39,79,20,0,-20,105,15,115
39,80,14,0,-20,105,15,120
39,81,26,0,-25,105,15,125
39,82,13,1,-20,110,15,125
39,83,22,1,-20,115,5,125
39,84,7,1,-15,115,5,120
39,85,9,0,-20,115,5,125
39,86,39,1,-15,115,5,120
39,87,38,0,-20,120,5,120
39,88,12,1,-15,120,5,120
39,89,6,1,-23,120,5,125
39,90,4,0,-38,125,5,125
39,91,21,0,-43,125,20,125
39,92,2,1,-38,125,10,125
39,93,10,1,-18,125,0,125
39,94,16,1,-18,125,-10,125
39,95,11,0,-23,125,-10,127
39,96,25,1,-23,130,-20,127
39,97,46,0,-30,130,-20,132
39,98,12,0,-35,140,-20,132
39,99,28,1,-25,140,-20,132
40,0,29,1,50,65,30,50
40,1,22,0,45,65,35,50
40,2,13,0,45,65,35,55
40,3,10,0,40,70,35,55
40,4,57,1,40,75,35,55
40,5,26,1,50,75,30,55
40,6,25,1,50,80,20,55
40,7,3,1,43,80,20,60
40,8,58,0,43,70,20,60
40,9,24,1,48,70,20,60
40,10,4,1,58,70,20,55
40,11,14,1,58,75,20,55
40,12,41,0,48,85,20,55
40,13,59,0,48,85,10,60
40,14,7,0,33,90,10,60
40,15,15,1,33,95,10,60
40,16,28,1,43,95,10,60
40,17,22,0,38,95,15,60
40,18,37,0,26,105,15,60
40,19,60,0,56,105,15,60
40,20,3,1,49,105,15,65
40,21,43,1,49,105,20,50
40,22,36,0,49,100,20,52
40,23,26,1,59,100,15,52
40,24,61,0,59,100,35,52
40,25,29,1,59,115,15,52
40,26,40,0,59,125,5,52
40,27,10,0,54,130,5,52
40,28,1,1,46,130,10,52
40,29,6,1,38,130,10,57
40,30,13,1,43,135,10,57
40,31,47,1,43,135,10,72
40,32,23,1,53,135,5,72
40,33,45,1,53,140,5,72
40,34,31,0,53,145,-5,72
40,35,41,0,43,155,-5,72
40,36,21,1,43,160,-20,72
40,37,7,1,48,160,-20,67
40,38,38,0,43,165,-20,67
40,39,15,0,63,160,-20,67
40,40,20,0,58,160,-5,67
40,41,36,1,58,165,-5,62
40,42,24,0,53,165,0,62
40,43,6,0,63,165,-5,62
40,44,10,0,58,170,-5,62
40,45,5,1,63,170,-15,62
40,46,29,1,63,185,-35,62
40,47,14,0,63,185,-35,67
40,48,44,1,68,185,-35,67
40,49,39,0,61,190,-35,67
40,50,23,1,71,190,-40,67
40,51,3,0,86,190,-45,67
40,52,21,1,86,195,-60,67
40,53,26,0,81,195,-60,72
40,54,10,0,76,200,-60,72
40,55,2,1,81,200,-70,72
40,56,12,1,86,200,-70,72
40,57,40,1,86,190,-60,72
40,58,15,1,86,195,-60,72
40,59,13,0,86,195,-60,77
40,60,20,1,86,200,-75,77
40,61,5,0,81,200,-70,77
40,62,4,1,91,200,-70,72
40,63,9,1,96,200,-70,72
40,64,22,0,91,200,-65,72
40,65,39,0,84,205,-65,72
40,66,37,1,94,205,-65,72
40,67,27,1,94,210,-70,72
40,68,48,1,94,215,-70,62
40,69,1,1,86,215,-65,62
40,70,21,0,81,215,-50,62
40,71,32,1,81,205,-35,62
40,72,11,0,76,205,-35,64
40,73,8,0,76,210,-45,64
40,74,33,0,106,210,-45,64
40,75,12,1,111,210,-45,64
40,76,13,0,111,210,-45,69
40,77,20,1,111,215,-60,69
40,78,14,1,111,220,-60,69
40,79,25,0,111,215,-50,69
40,80,17,0,91,225,-50,69
40,81,46,0,84,225,-50,74
40,82,16,1,84,225,-60,74
40,83,26,1,94,225,-65,74
40,84,37,1,104,225,-65,74
40,85,62,1,74,245,-65,74
40,86,39,0,67,250,-65,74
40,87,6,0,77,250,-70,74
40,88,28,0,67,250,-60,74
40,89,10,1,87,250,-70,74
40,90,3,0,102,250,-75,74
40,91,30,1,102,250,-65,74
40,92,16,0,92,255,-65,74
40,93,34,1,107,255,-65,74
40,94,22,0,102,255,-60,74
40,95,35,1,102,245,-50,74
40,96,2,1,107,245,-60,74
40,97,18,1,117,245,-60,74
40,98,12,0,112,255,-60,74
40,99,10,1,132,255,-70,74
41,0,20,1,50,55,35,50
41,1,14,0,50,55,35,55
41,2,16,0,40,60,35,55
41,3,24,1,45,60,35,55
41,4,1,0,55,60,20,55
41,5,46,0,48,60,20,60
41,6,31,0,48,65,10,60
41,7,40,1,48,55,20,60
41,8,26,0,43,55,20,65
41,9,21,1,43,60,5,65
41,10,45,1,43,65,5,65
41,11,10,1,63,65,-5,65
41,12,27,1,63,70,-10,65
41,13,15,0,83,65,-10,65
41,14,23,1,93,65,-15,65
41,15,16,0,83,70,-15,65
41,16,13,1,88,75,-15,65
41,17,2,0,78,75,-10,65
41,18,47,0,103,75,-10,65
41,19,20,1,103,80,-25,65
41,20,11,0,98,80,-25,67
41,21,18,1,108,80,-25,67
41,22,10,0,103,85,-25,67
41,23,26,1,113,85,-30,67
41,24,24,0,108,85,-25,67
41,25,44,0,108,85,-15,72
41,26,7,0,93,90,-15,72
41,27,14,0,93,90,-15,77
41,28,30,1,93,90,-5,77
41,29,23,1,103,90,-10,77
41,30,11,1,108,90,-10,77
41,31,1,0,118,90,-25,77
41,32,12,0,113,100,-25,77
41,33,42,1,113,105,-25,77
41,34,10,0,108,110,-25,77
41,35,40,0,108,120,-35,77
41,36,20,1,108,125,-50,77
41,37,26,0,103,125,-50,82
41,38,19,0,83,125,-40,92
41,39,15,1,83,130,-40,92
41,40,32,1,83,120,-25,92
41,41,24,0,78,120,-20,92
41,42,12,0,73,130,-20,92
41,43,33,0,103,130,-20,92
41,44,21,0,98,130,-5,92
41,45,37,0,86,140,-5,92
41,46,39,0,79,145,-5,92
41,47,4,1,89,145,-5,87
41,48,14,0,89,145,-5,92
41,49,23,1,99,145,-10,92
41,50,16,1,99,145,-20,92
41,51,9,1,104,145,-20,92
41,52,48,1,104,150,-20,82
41,53,3,1,97,150,-20,87
41,54,12,0,92,160,-20,87
41,55,46,0,85,160,-20,92
41,56,2,0,75,160,-15,92
41,57,6,1,67,160,-15,97
41,58,10,0,62,165,-15,97
41,59,42,1,62,170,-15,97
41,60,44,0,62,170,-5,102
41,61,23,1,72,170,-10,102
41,62,57,1,72,175,-10,102
41,63,22,1,72,180,-20,102
41,64,7,1,77,180,-20,97
41,65,14,0,77,180,-20,102
41,66,25,0,77,175,-10,102
41,67,39,1,82,175,-10,97
41,68,13,1,87,180,-10,97
41,69,4,0,72,185,-10,97
41,70,58,1,72,190,-10,97
41,71,16,0,62,195,-10,97
41,72,11,0,57,195,-10,99
41,73,17,0,37,205,-10,99
41,74,45,1,37,210,-10,99
41,75,44,0,37,210,0,104
41,76,10,1,57,210,-10,104
41,77,20,1,57,215,-25,104
41,78,23,1,67,215,-30,104
41,79,59,0,67,215,-40,109
41,80,2,0,57,215,-35,109
41,81,38,0,52,220,-35,109
41,82,3,0,67,220,-40,109
41,83,26,0,62,220,-40,114
41,84,46,0,55,220,-40,119
41,85,42,0,47,220,-40,129
41,86,9,1,52,220,-40,129
41,87,24,1,57,220,-40,129
41,88,12,1,62,220,-40,129
41,89,14,0,62,220,-40,134
41,90,21,1,62,225,-55,134
41,91,13,0,62,225,-55,139
41,92,20,0,57,225,-40,139
41,93,41,1,62,215,-40,139
41,94,1,1,54,215,-35,139
41,95,25,1,54,220,-45,139
41,96,45,0,54,220,-45,144
41,97,60,0,84,220,-45,144
41,98,26,1,94,220,-50,144
41,99,28,0,84,220,-40,144
42,0,42,0,42,50,50,60
42,1,44,0,42,50,60,65
42,2,22,1,42,55,50,65
42,3,26,0,37,55,50,70
42,4,27,0,47,40,50,70
42,5,49,1,47,45,50,70
42,6,12,0,42,55,50,70
42,7,8,0,42,60,40,70
42,8,31,1,42,60,50,70
42,9,5,1,47,60,40,70
42,10,10,0,42,65,40,70
42,11,16,1,42,65,30,70
42,12,20,0,37,65,45,70
42,13,13,1,42,70,45,70
42,14,40,0,42,80,35,70
42,15,21,1,42,85,20,70
42,16,12,1,47,85,20,70
42,17,9,0,42,85,20,75
42,18,39,1,47,85,20,70
42,19,19,1,62,85,20,70
42,20,25,1,62,90,10,70
42,21,47,1,62,90,10,85
42,22,11,1,67,90,10,85
42,23,23,0,62,80,10,90
42,24,26,1,72,80,5,90
42,25,45,1,72,85,5,90
42,26,14,0,72,85,5,95
42,27,15,0,92,80,5,95
42,28,32,0,92,85,-10,95
42,29,13,1,97,90,-10,95
42,30,41,0,87,100,-10,95
42,31,10,1,107,100,-20,95
42,32,40,0,107,110,-30,95
42,33,24,0,102,110,-25,95
42,34,9,0,97,110,-25,100
42,35,36,1,97,115,-25,95
42,36,57,0,87,115,-25,100
42,37,22,1,87,120,-35,100
42,38,4,0,72,125,-35,100
42,39,39,1,77,125,-35,95
42,40,30,0,77,125,-45,105
42,41,33,0,107,125,-45,105
42,42,8,0,107,130,-55,105
42,43,7,1,112,130,-55,100
42,44,27,1,112,135,-60,100
42,45,48,1,112,140,-60,90
42,46,16,0,102,145,-60,90
42,47,12,1,107,145,-60,90
42,48,41,1,112,135,-60,90
42,49,13,0,112,135,-60,95
42,50,37,1,122,135,-60,95
42,51,14,1,122,140,-60,95
42,52,9,0,117,140,-60,100
42,53,23,0,112,130,-60,105
42,54,24,1,117,130,-60,105
42,55,15,0,137,125,-60,105
42,56,38,1,142,125,-60,105
42,57,25,1,142,130,-70,105
42,58,18,0,117,130,-70,115
42,59,44,1,122,130,-70,115
42,60,5,0,117,130,-65,115
42,61,58,1,117,135,-65,115
42,62,2,1,122,135,-75,115
42,63,42,1,122,140,-75,115
42,64,36,0,122,135,-75,117
42,65,11,0,117,135,-75,119
42,66,21,0,112,135,-60,119
42,67,15,1,112,140,-60,119
42,68,8,1,102,140,-60,124
42,69,13,0,102,140,-60,129
42,70,37,1,112,140,-60,129
42,71,9,1,117,140,-60,129
42,72,3,1,110,140,-60,134
42,73,26,0,105,140,-60,139
42,74,34,0,105,125,-45,139
42,75,12,1,110,125,-45,139
42,76,35,1,110,115,-35,139
42,77,6,0,120,115,-40,139
42,78,11,1,125,115,-40,139
42,79,22,0,120,115,-35,139
42,80,25,1,120,120,-45,139
42,81,18,1,130,120,-45,139
42,82,46,1,135,120,-45,134
42,83,40,0,135,130,-55,134
42,84,14,1,135,135,-55,134
42,85,8,0,135,140,-65,134
42,86,16,1,135,140,-75,134
42,87,9,1,140,140,-75,134
42,88,10,1,160,140,-85,134
42,89,41,0,150,150,-85,134
42,90,37,1,160,150,-85,134
42,91,39,1,165,150,-85,129
42,92,2,0,155,150,-80,129
42,93,1,1,147,150,-75,129
42,94,43,0,167,150,-85,129
42,95,28,0,157,150,-75,129
42,96,13,0,157,150,-75,134
42,97,30,1,157,150,-65,134
42,98,21,1,157,155,-80,134
42,99,16,1,157,155,-90,134
43,0,27,1,50,55,45,50
43,1,4,1,60,55,45,45
43,2,16,0,50,60,45,45
43,3,20,0,45,60,60,45
43,4,23,0,40,50,60,50
43,5,57,0,30,50,60,55
43,6,41,0,20,60,60,55
43,7,48,1,20,65,60,45
43,8,24,1,25,65,60,45
43,9,28,0,15,65,70,45
43,10,26,1,25,65,65,45
43,11,13,1,30,70,65,45
43,12,47,1,30,70,65,60
43,13,15,1,30,75,65,60
43,14,37,1,40,75,65,60
43,15,45,1,40,80,65,60
43,16,11,0,35,80,65,62
43,17,12,1,40,80,65,62
43,18,21,0,35,80,80,62
43,19,20,0,30,80,95,62
43,20,7,0,15,85,95,62
43,21,49,1,15,90,95,62
43,22,22,0,10,90,100,62
43,23,44,1,15,90,100,62
43,24,15,1,15,95,100,62
43,25,24,0,10,95,105,62
43,26,13,1,15,100,105,62
43,27,1,1,7,100,110,62
43,28,14,1,7,105,110,62
43,29,40,1,7,95,120,62
43,30,28,0,-3,95,130,62
43,31,31,1,-3,95,140,62
43,32,38,0,-8,100,140,62
43,33,9,0,-13,100,140,67
43,34,58,0,-13,90,140,67
43,35,41,0,-23,100,140,67
43,36,15,0,-3,95,140,67
43,37,23,0,-8,85,140,72
43,38,11,1,-3,85,140,72
43,39,10,1,17,85,130,72
43,40,17,0,-3,95,130,72
43,41,16,1,-3,95,120,72
43,42,39,0,-10,100,120,72
43,43,12,1,-5,100,120,72
43,44,22,0,-10,100,125,72
43,45,3,1,-17,100,125,77
43,46,36,1,-17,105,125,72
43,47,42,1,-17,110,125,72
43,48,13,1,-12,115,125,72
43,49,5,0,-17,115,130,72
43,50,2,0,-27,115,135,72
43,51,27,0,-17,100,135,72
43,52,59,1,-17,105,135,72
43,53,32,1,-17,95,150,72
43,54,11,0,-22,95,150,74
43,55,15,1,-22,100,150,74
43,56,41,0,-32,110,150,74
43,57,12,0,-37,120,150,74
43,58,10,1,-17,120,140,74
43,59,4,1,-7,120,140,69
43,60,28,0,-17,120,150,69
43,61,21,1,-17,125,135,69
43,62,60,1,-17,135,135,69
43,63,46,1,-12,135,135,64
43,64,36,1,-12,140,135,59
43,65,3,1,-19,140,135,64
43,66,16,0,-29,145,135,64
43,67,12,0,-34,155,135,64
43,68,11,0,-39,155,135,66
43,69,26,0,-44,155,135,71
43,70,38,1,-39,155,135,71
43,71,41,1,-34,145,135,71
43,72,13,1,-29,150,135,71
43,73,25,1,-29,155,125,71
43,74,17,0,-49,165,125,71
43,75,33,1,-49,170,125,71
43,76,4,1,-39,170,125,66
43,77,46,1,-34,170,125,61
43,78,10,1,-14,170,115,61
43,79,5,1,-9,170,105,61
43,80,2,1,-4,170,95,61
43,81,1,1,-12,170,100,61
43,82,9,0,-17,170,100,66
43,83,39,0,-24,175,100,66
43,84,18,0,-49,175,100,76
43,85,34,1,-34,175,100,76
43,86,36,1,-34,180,100,71
43,87,38,0,-39,185,100,71
43,88,21,1,-39,190,85,71
43,89,20,1,-39,195,70,71
43,90,4,0,-54,200,70,71
43,91,8,1,-64,200,70,76
43,92,12,1,-59,200,70,76
43,93,15,1,-59,205,70,76
43,94,13,0,-59,205,70,81
43,95,22,1,-59,210,60,81
43,96,26,1,-49,210,55,81
43,97,19,1,-34,210,55,81
43,98,42,1,-34,215,55,81
43,99,29,1,-34,230,35,81
44,0,25,0,50,45,60,50
44,1,5,0,45,45,65,50
44,2,40,0,45,55,55,50
44,3,9,1,50,55,55,50
44,4,16,0,40,60,55,50
44,5,26,0,35,60,55,55
44,6,10,1,55,60,45,55
44,7,13,0,55,60,45,60
44,8,11,1,60,60,45,60
44,9,12,0,55,70,45,60
44,10,23,0,50,60,45,65
44,11,41,1,55,50,45,65
44,12,14,0,55,50,45,70
44,13,5,1,60,50,35,70
44,14,25,0,60,45,45,70
44,15,37,1,70,45,45,70
44,16,31,1,70,45,55,70
44,17,15,1,70,50,55,70
44,18,18,0,45,50,55,80
44,19,17,0,25,60,55,80
44,20,26,0,20,60,55,85
44,21,3,0,35,60,50,85
44,22,32,1,35,50,65,85
44,23,11,1,40,50,65,85
44,24,41,0,30,60,65,85
44,25,5,1,35,60,55,85
44,26,14,0,35,60,55,90
44,27,29,0,25,60,60,90
44,28,2,0,15,60,65,90
44,29,25,1,15,65,55,90
44,30,33,1,15,70,55,90
44,31,16,1,15,70,45,90
44,32,8,0,15,75,35,90
44,33,10,0,10,80,35,90
44,34,26,0,5,80,35,95
44,35,9,1,10,80,35,95
44,36,1,0,20,80,20,95
44,37,43,0,40,80,10,95
44,38,22,0,35,80,15,95
44,39,14,0,35,80,15,100
44,40,39,1,40,80,15,95
44,41,29,1,40,95,-5,95
44,42,5,0,35,95,0,95
44,43,41,1,40,85,0,95
44,44,57,1,40,90,0,95
44,45,34,0,40,75,15,95
44,46,18,1,50,75,15,95
44,47,4,1,60,75,15,90
44,48,20,1,60,80,0,90
44,49,28,1,70,80,0,90
44,50,12,1,75,80,0,90
44,51,8,0,75,85,-10,90
44,52,46,1,80,85,-10,85
44,53,25,0,80,80,0,85
44,54,35,1,80,70,10,85
44,55,23,1,90,70,5,85
44,56,16,0,80,75,5,85
44,57,21,0,75,75,20,85
44,58,15,0,95,70,20,85
44,59,10,0,90,75,20,85
44,60,17,1,75,75,30,85
44,61,14,1,75,80,30,85
44,62,1,1,67,80,35,85
44,63,13,0,67,80,35,90
44,64,26,0,62,80,35,95
44,65,48,0,52,80,35,100
44,66,36,0,52,75,35,102
44,67,47,0,77,75,35,102
44,68,25,0,77,70,45,102
44,69,8,0,77,75,35,102
44,70,30,1,77,75,45,102
44,71,20,0,72,75,60,102
44,72,3,1,65,75,60,107
44,73,4,0,50,80,60,107
44,74,58,1,50,85,60,107
44,75,9,1,55,85,60,107
44,76,27,0,65,70,60,107
44,77,44,0,65,70,70,112
44,78,18,1,75,70,70,112
44,79,13,0,75,70,70,117
44,80,26,1,85,70,65,117
44,81,15,1,85,75,65,117
44,82,2,0,75,75,70,117
44,83,41,0,65,85,70,117
44,84,3,1,58,85,70,122
44,85,1,1,50,85,75,122
44,86,49,1,50,90,75,122
44,87,25,0,50,85,85,122
44,88,8,1,40,85,85,127
44,89,20,0,35,85,100,127
44,90,45,1,35,90,100,127
44,91,17,0,15,100,100,127
44,92,6,1,7,100,100,132
44,93,5,0,2,100,105,132
44,94,9,0,-3,100,105,137
44,95,13,0,-3,100,105,142
44,96,7,0,-18,105,105,142
44,97,22,0,-23,105,110,142
44,98,38,1,-18,105,110,142
44,99,48,1,-18,110,110,132
45,0,57,0,40,50,50,55
45,1,23,1,50,50,45,55
45,2,16,0,40,55,45,55
45,3,19,1,55,55,45,55
45,4,10,1,75,55,35,55
45,5,3,1,68,55,35,60
45,6,5,1,73,55,25,60
45,7,31,0,73,60,15,60
45,8,1,0,83,60,0,60
45,9,26,0,78,60,0,65
45,10,41,1,83,50,0,65
45,11,4,0,68,55,0,65
45,12,2,0,58,55,5,65
45,13,48,0,48,55,5,70
45,14,10,1,68,55,-5,70
45,15,7,1,73,55,-5,65
45,16,39,0,66,60,-5,65
45,17,13,0,66,60,-5,70
45,18,58,1,66,65,-5,70
45,19,32,1,66,55,10,70
45,20,11,0,61,55,10,72
45,21,36,0,61,50,10,74
45,22,26,0,56,50,10,79
45,23,59,0,56,50,0,84
45,24,12,0,51,60,0,84
45,25,4,0,36,65,0,84
45,26,28,1,46,65,0,84
45,27,6,0,56,65,-5,84
45,28,2,1,61,65,-15,84
45,29,23,1,71,65,-20,84
45,30,25,1,71,70,-30,84
45,31,41,0,61,80,-30,84
45,32,60,1,61,90,-30,84
45,33,11,0,56,90,-30,86
45,34,46,0,49,90,-30,91
45,35,61,0,49,90,-10,91
45,36,26,0,44,90,-10,96
45,37,21,0,39,90,5,96
45,38,10,0,34,95,5,96
45,39,44,0,34,95,15,101
45,40,9,1,39,95,15,101
45,41,47,0,64,95,15,101
45,42,5,0,59,95,20,101
45,43,33,1,59,100,20,101
45,44,8,0,59,105,10,101
45,45,11,0,54,105,10,103
45,46,20,1,54,110,-5,103
45,47,14,1,54,115,-5,103
45,48,2,1,59,115,-15,103
45,49,15,0,79,110,-15,103
45,50,45,0,79,110,-15,108
45,51,22,0,74,110,-10,108
45,52,13,0,74,110,-10,113
45,53,41,1,79,100,-10,113
45,54,39,0,72,105,-10,113
45,55,21,0,67,105,5,113
45,56,4,0,52,110,5,113
45,57,12,0,47,120,5,113
45,58,44,1,52,120,5,113
45,59,9,0,47,120,5,118
45,60,5,0,42,120,10,118
45,61,1,1,34,120,15,118
45,62,23,0,29,110,15,123
45,63,47,1,29,110,15,138
45,64,28,0,19,110,25,138
45,65,24,0,14,110,30,138
45,66,2,0,4,110,35,138
45,67,12,0,-1,120,35,138
45,68,16,1,-1,120,25,138
45,69,8,0,-1,125,15,138
45,70,36,1,-1,130,15,133
45,71,45,1,-1,135,15,133
45,72,10,1,19,135,5,133
45,73,20,1,19,140,-10,133
45,74,23,1,29,140,-15,133
45,75,5,1,34,140,-25,133
45,76,22,0,29,140,-20,133
45,77,13,0,29,140,-20,138
45,78,46,0,22,140,-20,143
45,79,21,1,22,145,-35,143
45,80,3,0,37,145,-40,143
45,81,14,0,37,145,-40,148
45,82,42,1,37,150,-40,148
45,83,11,1,42,150,-40,148
45,84,28,1,52,150,-40,148
45,85,7,0,37,155,-40,148
45,86,16,1,37,155,-50,148
45,87,47,1,37,155,-50,163
45,88,5,0,32,155,-45,163
45,89,41,1,37,145,-45,163
45,90,34,1,52,145,-45,163
45,91,1,0,62,145,-60,163
45,92,37,0,50,155,-60,163
45,93,15,0,70,150,-60,163
45,94,12,0,65,160,-60,163
45,95,40,1,65,150,-50,163
45,96,4,0,50,155,-50,163
45,97,25,0,50,150,-40,163
45,98,29,1,50,165,-60,163
45,99,23,0,45,155,-60,168
46,0,10,1,70,50,40,50
46,1,3,1,63,50,40,55
46,2,45,1,63,55,40,55
46,3,31,1,63,55,50,55
46,4,23,1,73,55,45,55
46,5,22,1,73,60,35,55
46,6,28,0,63,60,45,55
46,7,37,1,73,60,45,55
46,8,9,0,68,60,45,60
46,9,27,1,68,65,40,60
46,10,32,0,68,70,25,60
46,11,38,1,73,70,25,60
46,12,4,1,83,70,25,55
46,13,43,1,83,70,30,40
46,14,26,1,93,70,25,40
46,15,2,0,83,70,30,40
46,16,23,0,78,60,30,45
46,17,1,1,70,60,35,45
46,18,10,0,65,65,35,45
46,19,40,0,65,75,25,45
46,20,13,1,70,80,25,45
46,21,17,1,55,80,35,45
46,22,12,1,60,80,35,45
46,23,9,1,65,80,35,45
46,24,16,1,65,80,25,45
46,25,42,0,57,80,25,55
46,26,26,1,67,80,20,55
46,27,41,0,57,90,20,55
46,28,24,0,52,90,25,55
46,29,15,1,52,95,25,55
46,30,19,0,32,95,35,65
46,31,25,1,32,100,25,65
46,32,39,1,37,100,25,60
46,33,8,1,27,100,25,65
46,34,20,0,22,100,40,65
46,35,43,0,42,100,30,65
46,36,13,0,42,100,30,70
46,37,2,1,47,100,20,70
46,38,3,0,62,100,15,70
46,39,22,0,57,100,20,70
46,40,5,1,62,100,10,70
46,41,16,0,52,105,10,70
46,42,17,0,32,115,10,70
46,43,4,1,42,115,10,65
46,44,40,1,42,105,20,65
46,45,33,1,42,110,20,65
46,46,34,1,57,110,20,65
46,47,14,1,57,115,20,65
46,48,9,0,52,115,20,70
46,49,21,0,47,115,35,70
46,50,57,0,37,115,35,75
46,51,16,1,37,115,25,75
46,52,11,0,32,115,25,77
46,53,28,0,22,115,35,77
46,54,35,0,22,123,20,77
46,55,38,1,27,123,20,77
46,56,3,1,20,123,20,82
46,57,39,1,25,123,20,77
46,58,22,0,20,123,25,77
46,59,8,1,10,123,25,82
46,60,23,1,20,123,20,82
46,61,2,1,25,123,10,82
46,62,16,0,15,128,10,82
46,63,13,1,20,133,10,82
46,64,43,1,20,133,15,67
46,65,58,0,20,123,15,67
46,66,14,0,20,123,15,72
46,67,24,0,15,123,20,72
46,68,7,1,20,123,20,67
46,69,5,0,15,123,25,67
46,70,46,0,8,123,25,72
46,71,42,0,0,123,25,82
46,72,59,0,0,123,15,87
46,73,36,0,0,118,15,89
46,74,3,0,15,118,10,89
46,75,60,0,45,118,10,89
46,76,17,0,25,128,10,89
46,77,41,1,30,118,10,89
46,78,14,0,30,118,10,94
46,79,23,1,40,118,5,94
46,80,30,1,40,118,15,94
46,81,9,0,35,118,15,99
46,82,27,0,45,103,15,99
46,83,10,0,40,108,15,99
46,84,2,1,45,108,5,99
46,85,21,1,45,113,-10,99
46,86,39,1,50,113,-10,94
46,87,12,1,55,113,-10,94
46,88,5,0,50,113,-5,94
46,89,41,0,40,123,-5,94
46,90,40,1,40,113,5,94
46,91,20,0,35,113,20,94
46,92,13,1,40,118,20,94
46,93,25,0,40,113,30,94
46,94,11,1,45,113,30,94
46,95,61,0,45,113,50,94
46,96,26,1,55,113,45,94
46,97,22,0,50,113,50,94
46,98,42,1,50,118,50,94
46,99,37,0,38,128,50,94
47,0,23,0,45,40,50,55
47,1,42,1,45,45,50,55
47,2,57,0,35,45,50,60
47,3,16,0,25,50,50,60
47,4,7,1,30,50,50,55
47,5,29,1,30,65,30,55
47,6,31,0,30,70,20,55
47,7,13,1,35,75,20,55
47,8,14,1,35,80,20,55
47,9,41,1,40,70,20,55
47,10,17,0,20,80,20,55
47,11,25,1,20,85,10,55
47,12,15,0,40,80,10,55
47,13,3,1,33,80,10,60
47,14,21,0,28,80,25,60
47,15,38,1,33,80,25,60
47,16,12,1,38,80,25,60
47,17,37,1,48,80,25,60
47,18,11,0,43,80,25,62
47,19,16,0,33,85,25,62
47,20,44,1,38,85,25,62
47,21,28,1,48,85,25,62
47,22,46,0,41,85,25,67
47,23,5,0,36,85,30,67
47,24,14,0,36,85,30,72
47,25,22,1,36,90,20,72
47,26,36,0,36,85,20,74
47,27,58,0,36,75,20,74
47,28,13,0,36,75,20,79
47,29,15,1,36,80,20,79
47,30,9,0,31,80,20,84
47,31,25,0,31,75,30,84
47,32,41,1,36,65,30,84
47,33,24,1,41,65,30,84
47,34,38,1,46,65,30,84
47,35,59,1,46,70,30,84
47,36,2,0,36,70,35,84
47,37,12,1,41,70,35,84
47,38,39,1,46,70,35,79
47,39,16,0,36,75,35,79
47,40,43,1,36,75,40,64
47,41,14,1,36,80,40,64
47,42,45,1,36,85,40,64
47,43,44,0,36,85,50,69
47,44,20,0,31,85,65,69
47,45,15,1,31,90,65,69
47,46,4,1,41,90,65,64
47,47,24,1,46,90,65,64
47,48,7,0,31,95,65,64
47,49,16,0,21,100,65,64
47,50,36,0,21,95,65,66
47,51,10,1,41,95,55,66
47,52,29,1,41,110,35,66
47,53,12,0,36,120,35,66
47,54,22,0,31,120,40,66
47,55,5,0,26,120,45,66
47,56,9,0,21,120,45,71
47,57,48,0,11,120,45,76
47,58,15,1,11,125,45,76
47,59,13,1,16,130,45,76
47,60,6,1,8,130,45,81
47,61,43,0,28,130,35,81
47,62,10,1,48,130,25,81
47,63,2,1,53,130,15,81
47,64,14,1,53,135,15,81
47,65,36,1,53,140,15,76
47,66,11,0,48,140,15,78
47,67,16,0,38,145,15,78
47,68,28,1,48,145,15,78
47,69,22,0,43,145,20,78
47,70,5,0,38,145,25,78
47,71,23,1,48,145,20,78
47,72,44,0,48,145,30,83
47,73,1,0,58,145,15,83
47,74,42,0,50,145,15,93
47,75,41,1,55,135,15,93
47,76,11,1,60,135,15,93
47,77,29,0,50,135,20,93
47,78,14,1,50,140,20,93
47,79,15,1,50,145,20,93
47,80,20,0,45,145,35,93
47,81,2,0,35,145,40,93
47,82,25,1,35,150,30,93
47,83,39,1,40,150,30,88
47,84,12,0,35,160,30,88
47,85,43,1,35,160,35,73
47,86,9,1,40,160,35,73
47,87,23,0,35,150,35,78
47,88,32,1,35,140,50,78
47,89,48,1,35,145,50,68
47,90,4,0,20,150,50,68
47,91,21,0,15,150,65,68
47,92,42,0,7,150,65,78
47,93,14,0,7,150,65,83
47,94,3,1,0,150,65,88
47,95,60,1,0,160,65,88
47,96,28,1,10,160,65,88
47,97,5,0,5,160,70,88
47,98,45,1,5,165,70,88
47,99,40,1,5,155,80,88
48,0,14,0,50,50,50,55
48,1,28,1,60,50,50,55
48,2,38,1,65,50,50,55
48,3,12,1,70,50,50,55
48,4,9,0,65,50,50,60
48,5,16,0,55,55,50,60
48,6,42,1,55,60,50,60
48,7,17,1,40,60,60,60
48,8,11,0,35,60,60,62
48,9,37,1,45,60,60,62
48,10,24,1,50,60,60,62
48,11,3,0,65,60,55,62
48,12,5,0,60,60,60,62
48,13,10,0,55,65,60,62
48,14,20,1,55,70,45,62
48,15,16,1,55,70,35,62
48,16,46,0,48,70,35,67
48,17,25,1,48,75,25,67
48,18,15,0,68,70,25,67
48,19,12,1,73,70,25,67
48,20,57,1,73,75,25,67
48,21,9,1,78,75,25,67
48,22,13,0,78,75,25,72
48,23,31,0,78,80,15,72
48,24,29,1,78,95,-5,72
48,25,41,1,83,85,-5,72
48,26,16,1,83,85,-15,72
48,27,10,1,103,85,-25,72
48,28,22,0,98,85,-20,72
48,29,11,1,103,85,-20,72
48,30,26,0,98,85,-20,77
48,31,4,1,108,85,-20,72
48,32,46,1,113,85,-20,67
48,33,40,1,113,75,-10,67
48,34,58,0,113,65,-10,67
48,35,1,0,123,65,-25,67
48,36,45,0,123,65,-25,72
48,37,12,0,118,75,-25,72
48,38,7,1,123,75,-25,67
48,39,38,1,128,75,-25,67
48,40,32,1,128,65,-10,67
48,41,15,1,128,70,-10,67
48,42,41,1,133,60,-10,67
48,43,10,0,128,65,-10,67
48,44,33,0,158,65,-10,67
48,45,42,1,158,70,-10,67
48,46,19,1,173,70,-10,67
48,47,23,1,183,70,-15,67
48,48,22,1,183,75,-25,67
48,49,12,1,188,75,-25,67
48,50,3,1,181,75,-25,72
48,51,15,0,201,70,-25,72
48,52,59,1,201,75,-25,72
48,53,13,1,206,80,-25,72
48,54,46,1,211,80,-25,67
48,55,25,0,211,75,-15,67
48,56,28,1,221,75,-15,67
48,57,43,0,241,75,-25,67
48,58,8,0,241,80,-35,67
48,59,9,0,236,80,-35,72
48,60,18,0,211,80,-35,82
48,61,16,0,201,85,-35,82
48,62,29,0,191,85,-30,82
48,63,14,1,191,90,-30,82
48,64,21,1,191,95,-45,82
48,65,20,0,186,95,-30,82
48,66,34,1,201,95,-30,82
48,67,60,0,231,95,-30,82
48,68,35,1,231,85,-20,82
48,69,25,0,231,80,-10,82
48,70,15,0,251,75,-10,82
48,71,42,1,251,80,-10,82
48,72,22,1,251,85,-20,82
48,73,24,1,256,85,-20,82
48,74,37,0,244,95,-20,82
48,75,11,1,249,95,-20,82
48,76,45,0,249,95,-20,87
48,77,49,1,249,100,-20,87
48,78,5,1,254,100,-30,87
48,79,13,0,254,100,-30,92
48,80,4,1,264,100,-30,87
48,81,27,0,274,85,-30,87
48,82,2,1,279,85,-40,87
48,83,41,0,269,95,-40,87
48,84,16,0,259,100,-40,87
48,85,24,1,264,100,-40,87
48,86,3,0,279,100,-45,87
48,87,10,1,299,100,-55,87
48,88,23,0,294,90,-55,92
48,89,20,0,289,90,-40,92
48,90,26,1,299,90,-45,92
48,91,1,1,291,90,-40,92
48,92,21,1,291,95,-55,92
48,93,7,0,276,100,-55,92
48,94,25,0,276,95,-45,92
48,95,4,0,261,100,-45,92
48,96,16,0,251,105,-45,92
48,97,15,0,271,100,-45,92
48,98,38,0,266,105,-45,92
48,99,14,0,266,105,-45,97
49,0,20,0,45,50,65,50
49,1,17,1,30,50,75,50
49,2,11,0,25,50,75,52
49,3,23,0,20,40,75,57
49,4,25,0,20,35,85,57
49,5,15,0,40,30,85,57
49,6,39,1,45,30,85,52
49,7,42,0,37,30,85,62
49,8,40,1,37,20,95,62
49,9,9,1,42,20,95,62
49,10,13,0,42,20,95,67
49,11,31,0,42,25,85,67
49,12,44,0,42,25,95,72
49,13,14,1,42,30,95,72
49,14,2,1,47,30,85,72
49,15,3,1,40,30,85,77
49,16,19,1,55,30,85,77
49,17,22,0,50,30,90,77
49,18,47,1,50,30,90,92
49,19,11,0,45,30,90,94
49,20,8,0,45,35,80,94
49,21,23,0,40,25,80,99
49,22,28,0,30,25,90,99
49,23,12,0,25,35,90,99
49,24,49,0,25,35,90,104
49,25,20,0,20,35,105,104
49,26,5,1,25,35,95,104
49,27,50,1,25,35,105,104
49,28,7,1,30,35,105,99
49,29,4,0,15,40,105,99
49,30,51,0,15,20,105,109
49,31,6,1,7,20,105,114
49,32,26,1,17,20,100,114
49,33,22,0,12,20,105,114
49,34,11,0,7,20,105,116
49,35,52,1,7,30,105,101
49,36,13,1,12,35,105,101
49,37,36,1,12,40,105,96
49,38,16,0,2,45,105,96
49,39,2,1,7,45,95,96
49,40,14,0,7,45,95,101
49,41,30,1,7,45,105,101
49,42,38,0,2,50,105,101
49,43,1,1,-6,50,110,101
49,44,20,1,-6,55,95,101
49,45,5,0,-11,55,100,101
49,46,6,0,-1,55,95,101
49,47,40,1,-1,45,105,101
49,48,37,1,9,45,105,101
49,49,53,0,9,60,90,101
49,50,41,0,-1,70,90,101
49,51,26,0,-6,70,90,106
49,52,7,0,-21,75,90,106
49,53,14,0,-21,75,90,111
49,54,54,0,-21,70,80,111
49,55,13,0,-21,70,80,116
49,56,4,1,-11,70,80,111
49,57,17,1,-26,70,90,111
49,58,23,1,-16,70,85,111
49,59,1,0,-6,70,70,111
49,60,39,0,-13,75,70,111
49,61,38,1,-8,75,70,111
49,62,12,1,-3,75,70,111
49,63,10,0,-8,80,70,111
49,64,30,1,-8,80,80,111
49,65,16,0,-18,85,80,111
49,66,15,1,-18,90,80,111
49,67,55,1,-33,110,80,111
49,68,48,0,-43,110,80,116
49,69,7,1,-38,110,80,111
49,70,9,0,-43,110,80,116
49,71,25,0,-43,105,90,116
49,72,12,1,-38,105,90,116
49,73,23,1,-28,105,85,116
49,74,1,1,-36,105,90,116
49,75,47,0,-11,105,90,116
49,76,14,0,-11,105,90,121
49,77,16,0,-21,110,90,121
49,78,38,0,-26,115,90,121
49,79,18,1,-16,115,90,121
49,80,3,0,-1,115,85,121
49,81,26,1,9,115,80,121
49,82,27,1,9,120,75,121
49,83,6,0,19,120,70,121
49,84,24,0,14,120,75,121
49,85,22,1,14,125,65,121
49,86,42,0,6,125,65,131
49,87,5,0,1,125,70,131
49,88,40,0,1,135,60,131
49,89,11,1,6,135,60,131
49,90,15,1,6,140,60,131
49,91,10,1,26,140,50,131
49,92,44,0,26,140,60,136
49,93,13,1,31,145,60,136
49,94,21,0,26,145,75,136
49,95,41,0,16,155,75,136
49,96,32,1,16,145,90,136
49,97,3,0,31,145,85,136
49,98,23,0,26,135,85,141
49,99,33,0,56,135,85,141
50,0,39,1,55,50,50,45
50,1,43,0,75,50,40,45
50,2,40,1,75,40,50,45
50,3,30,1,75,40,60,45
50,4,36,1,75,45,60,40
50,5,48,1,75,50,60,30
50,6,29,1,75,65,40,30
50,7,13,1,80,70,40,30
50,8,20,1,80,75,25,30
50,9,15,0,100,70,25,30
50,10,57,1,100,75,25,30
50,11,4,0,85,80,25,30
50,12,3,1,78,80,25,35
50,13,41,0,68,90,25,35
50,14,23,0,63,80,25,40
50,15,12,1,68,80,25,40
50,16,22,0,63,80,30,40
50,17,46,0,56,80,30,45
50,18,40,0,56,90,20,45
50,19,21,0,51,90,35,45
50,20,27,0,61,75,35,45
50,21,42,1,61,80,35,45
50,22,9,0,56,80,35,50
50,23,8,0,56,85,25,50
50,24,43,0,76,85,15,50
50,25,3,0,91,85,10,50
50,26,5,1,96,85,0,50
50,27,36,0,96,80,0,52
50,28,28,1,106,80,0,52
50,29,14,1,106,85,0,52
50,30,25,0,106,80,10,52
50,31,29,0,96,80,15,52
50,32,10,0,91,85,15,52
50,33,7,1,96,85,15,47
50,34,13,0,96,85,15,52
50,35,11,1,101,85,15,52
50,36,39,1,106,85,15,47
50,37,23,0,101,75,15,52
50,38,46,0,94,75,15,57
50,39,31,1,94,75,25,57
50,40,58,1,94,80,25,57
50,41,12,1,99,80,25,57
50,42,40,0,99,90,15,57
50,43,26,1,109,90,10,57
50,44,16,1,109,90,0,57
50,45,59,1,109,95,0,57
50,46,7,1,114,95,0,52
50,47,15,0,134,90,0,52
50,48,6,1,126,90,0,57
50,49,17,1,111,90,10,57
50,50,60,1,111,100,10,57
50,51,25,1,111,105,0,57
50,52,41,1,116,95,0,57
50,53,27,0,126,80,0,57
50,54,2,0,116,80,5,57
50,55,1,1,108,80,10,57
50,56,21,0,103,80,25,57
50,57,16,0,93,85,25,57
50,58,43,0,113,85,15,57
50,59,3,1,106,85,15,62
50,60,36,1,106,90,15,57
50,61,14,0,106,90,15,62
50,62,10,1,126,90,5,62
50,63,5,0,121,90,10,62
50,64,13,0,121,90,10,67
50,65,44,1,126,90,10,67
50,66,41,1,131,80,10,67
50,67,23,1,141,80,5,67
50,68,46,1,146,80,5,62
50,69,16,0,136,85,5,62
50,70,7,1,141,85,5,57
50,71,20,1,141,90,-10,57
50,72,2,0,131,90,-5,57
50,73,24,0,126,90,0,57
50,74,22,0,121,90,5,57
50,75,9,0,116,90,5,62
50,76,27,0,126,75,5,62
50,77,39,1,131,75,5,57
50,78,1,0,141,75,-10,57
50,79,15,1,141,80,-10,57
50,80,41,1,146,70,-10,57
50,81,25,0,146,65,0,57
50,82,10,0,141,70,0,57
50,83,40,0,141,80,-10,57
50,84,46,1,146,80,-10,52
50,85,24,1,151,80,-10,52
50,86,36,1,151,85,-10,47
50,87,42,1,151,90,-10,47
50,88,12,0,146,100,-10,47
50,89,21,0,141,100,5,47
50,90,14,0,141,100,5,52
50,91,2,1,146,100,-5,52
50,92,29,1,146,115,-25,52
50,93,30,1,146,115,-15,52
50,94,20,1,146,120,-30,52
50,95,48,0,136,120,-30,57
50,96,13,0,136,120,-30,62
50,97,28,1,146,120,-30,62
50,98,25,1,146,125,-40,62
50,99,61,0,146,125,-20,62
51,0,26,1,60,50,45,50
51,1,5,0,55,50,50,50
51,2,39,1,60,50,50,45
51,3,24,1,65,50,50,45
51,4,43,0,85,50,40,45
51,5,4,0,70,55,40,45
51,6,9,0,65,55,40,50
51,7,47,0,90,55,40,50
51,8,12,1,95,55,40,50
51,9,45,1,95,60,40,50
51,10,3,1,88,60,40,55
51,11,14,1,88,65,40,55
51,12,29,1,88,80,20,55
51,13,31,1,88,80,30,55
51,14,10,1,108,80,20,55
51,15,7,1,113,80,20,50
51,16,11,0,108,80,20,52
51,17,2,1,113,80,10,52
51,18,36,0,113,75,10,54
51,19,13,0,113,75,10,59
51,20,40,0,113,85,0,59
51,21,17,1,98,85,10,59
51,22,9,0,93,85,10,64
51,23,1,1,85,85,15,64
51,24,42,1,85,90,15,64
51,25,23,0,80,80,15,69
51,26,19,0,60,80,25,79
51,27,24,1,65,80,25,79
51,28,10,1,85,80,15,79
51,29,26,1,95,80,10,79
51,30,39,1,100,80,10,74
51,31,16,1,100,80,0,74
51,32,14,1,100,85,0,74
51,33,36,1,100,90,0,69
51,34,6,0,110,90,-5,69
51,35,18,0,85,90,-5,79
51,36,37,1,95,90,-5,79
51,37,21,1,95,95,-20,79
51,38,8,1,85,95,-20,84
51,39,11,1,90,95,-20,84
51,40,41,1,95,85,-20,84
51,41,29,0,85,85,-15,84
51,42,10,0,80,90,-15,84
51,43,16,1,80,90,-25,84
51,44,17,1,65,90,-15,84
51,45,20,0,60,90,0,84
51,46,25,0,60,85,10,84
51,47,44,1,65,85,10,84
51,48,14,0,65,85,10,89
51,49,32,1,65,75,25,89
51,50,13,0,65,75,25,94
51,51,57,0,55,75,25,99
51,52,26,1,65,75,20,99
51,53,23,0,60,65,20,104
51,54,15,0,80,60,20,104
51,55,42,0,72,60,20,114
51,56,12,0,67,70,20,114
51,57,1,1,59,70,25,114
51,58,25,0,59,65,35,114
51,59,10,0,54,70,35,114
51,60,2,1,59,70,25,114
51,61,5,1,64,70,15,114
51,62,58,0,64,60,15,114
51,63,16,1,64,60,5,114
51,64,45,1,64,65,5,114
51,65,4,0,49,70,5,114
51,66,37,1,59,70,5,114
51,67,23,0,54,60,5,119
51,68,36,1,54,65,5,114
51,69,41,1,59,55,5,114
51,70,59,1,59,60,5,114
51,71,10,0,54,65,5,114
51,72,24,1,59,65,5,114
51,73,1,0,69,65,-10,114
51,74,60,1,69,75,-10,114
51,75,7,1,74,75,-10,109
51,76,14,1,74,80,-10,109
51,77,33,0,104,80,-10,109
51,78,20,0,99,80,5,109
51,79,38,1,104,80,5,109
51,80,2,0,94,80,10,109
51,81,45,0,94,80,10,114
51,82,26,0,89,80,10,119
51,83,34,0,89,65,25,119
51,84,40,1,89,55,35,119
51,85,12,0,84,65,35,119
51,86,3,0,99,65,30,119
51,87,22,1,99,70,20,119
51,88,11,1,104,70,20,119
51,89,18,0,79,70,20,129
51,90,5,0,74,70,25,129
51,91,48,1,74,75,25,119
51,92,44,0,74,75,35,124
51,93,20,1,74,80,20,124
51,94,1,0,84,80,5,124
51,95,61,0,84,80,25,124
51,96,30,0,84,80,15,134
51,97,16,1,84,80,5,134
51,98,27,1,84,85,0,134
51,99,37,1,94,85,0,134
52,0,41,1,55,40,50,50
52,1,20,1,55,45,35,50
52,2,3,1,48,45,35,55
52,3,23,0,43,35,35,60
52,4,4,0,28,40,35,60
52,5,39,1,33,40,35,55
52,6,57,1,33,45,35,55
52,7,15,1,33,50,35,55
52,8,21,1,33,55,20,55
52,9,28,0,23,55,30,55
52,10,11,0,18,55,30,57
52,11,13,1,23,60,30,57
52,12,58,0,23,50,30,57
52,13,41,1,28,40,30,57
52,14,29,0,18,40,35,57
52,15,24,0,13,40,40,57
52,16,20,0,8,40,55,57
52,17,27,0,18,25,55,57
52,18,12,1,23,25,55,57
52,19,15,0,43,20,55,57
52,20,40,1,43,10,65,57
52,21,43,1,43,10,70,42
52,22,48,1,43,15,70,32
52,23,4,0,28,20,70,32
52,24,45,0,28,20,70,37
52,25,19,1,43,20,70,37
52,26,11,0,38,20,70,39
52,27,25,0,38,15,80,39
52,28,36,1,38,20,80,34
52,29,41,1,43,10,80,34
52,30,22,1,43,15,70,34
52,31,8,0,43,20,60,34
52,32,23,0,38,10,60,39
52,33,2,0,28,10,65,39
52,34,10,1,48,10,55,39
52,35,9,1,53,10,55,39
52,36,5,0,48,10,60,39
52,37,18,1,58,10,60,39
52,38,59,0,58,10,50,44
52,39,6,1,50,10,50,49
52,40,43,1,50,10,55,34
52,41,27,1,50,15,50,34
52,42,13,1,55,20,50,34
52,43,28,1,65,20,50,34
52,44,31,1,65,20,60,34
52,45,25,0,65,15,70,34
52,46,14,1,65,20,70,34
52,47,11,1,70,20,70,34
52,48,1,1,62,20,75,34
52,49,16,1,62,20,65,34
52,50,44,0,62,20,75,39
52,51,20,1,62,25,60,39
52,52,60,0,92,25,60,39
52,53,22,0,87,25,65,39
52,54,32,1,87,15,80,39
52,55,12,0,82,25,80,39
52,56,42,0,74,25,80,49
52,57,41,0,64,35,80,49
52,58,21,0,59,35,95,49
52,59,45,0,59,35,95,54
52,60,4,0,44,40,95,54
52,61,13,1,49,45,95,54
52,62,8,1,39,45,95,59
52,63,29,1,39,60,75,59
52,64,39,1,44,60,75,54
52,65,36,1,44,65,75,49
52,66,14,1,44,70,75,49
52,67,61,1,44,80,75,49
52,68,16,1,44,80,65,49
52,69,12,0,39,90,65,49
52,70,2,1,44,90,55,49
52,71,26,1,54,90,50,49
52,72,22,1,54,95,40,49
52,73,41,1,59,85,40,49
52,74,11,1,64,85,40,49
52,75,8,0,64,90,30,49
52,76,9,0,59,90,30,54
52,77,43,0,79,90,20,54
52,78,21,1,79,95,5,54
52,79,13,0,79,95,5,59
52,80,25,0,79,90,15,59
52,81,14,0,79,90,15,64
52,82,5,0,74,90,20,64
52,83,41,0,64,100,20,64
52,84,3,0,79,100,15,64
52,85,20,1,79,105,0,64
52,86,45,1,79,110,0,64
52,87,22,1,79,115,-10,64
52,88,17,1,64,115,0,64
52,89,7,1,69,115,0,59
52,90,24,0,64,115,5,59
52,91,4,0,49,120,5,59
52,92,16,1,49,120,-5,59
52,93,33,1,49,125,-5,59
52,94,10,0,44,130,-5,59
52,95,21,0,39,130,10,59
52,96,26,1,49,130,5,59
52,97,11,0,44,130,5,61
52,98,46,1,49,130,5,56
52,99,38,1,54,130,5,56
53,0,22,1,50,55,40,50
53,1,16,0,40,60,40,50
53,2,38,1,45,60,40,50
53,3,23,0,40,50,40,55
53,4,25,1,40,55,30,55
53,5,7,1,45,55,30,50
53,6,5,1,50,55,20,50
53,7,20,1,50,60,5,50
53,8,27,1,50,65,0,50
53,9,17,0,30,75,0,50
53,10,40,0,30,85,-10,50
53,11,10,1,50,85,-20,50
53,12,29,1,50,100,-40,50
53,13,12,0,45,110,-40,50
53,14,4,0,30,115,-40,50
53,15,11,0,25,115,-40,52
53,16,2,0,15,115,-35,52
53,17,16,1,15,115,-45,52
53,18,3,1,8,115,-45,57
53,19,43,1,8,115,-40,42
53,20,44,0,8,115,-30,47
53,21,39,1,13,115,-30,42
53,22,22,0,8,115,-25,42
53,23,21,0,3,115,-10,42
53,24,42,1,3,120,-10,42
53,25,18,0,-22,120,-10,52
53,26,4,0,-37,125,-10,52
53,27,57,0,-47,125,-10,57
53,28,5,1,-42,125,-20,57
53,29,6,0,-32,125,-25,57
53,30,3,0,-17,125,-30,57
53,31,26,1,-7,125,-35,57
53,32,11,0,-12,125,-35,59
53,33,7,1,-7,125,-35,54
53,34,45,0,-7,125,-35,59
53,35,41,0,-17,135,-35,59
53,36,9,1,-12,135,-35,59
53,37,14,1,-12,140,-35,59
53,38,31,1,-12,140,-25,59
53,39,12,0,-17,150,-25,59
53,40,43,1,-17,150,-20,44
53,41,44,0,-17,150,-10,49
53,42,36,1,-17,155,-10,44
53,43,58,0,-17,145,-10,44
53,44,3,0,-2,145,-15,44
53,45,10,1,18,145,-25,44
53,46,7,1,23,145,-25,39
53,47,2,0,13,145,-20,39
53,48,42,1,13,150,-20,39
53,49,11,1,18,150,-20,39
53,50,4,1,28,150,-20,34
53,51,9,0,23,150,-20,39
53,52,39,1,28,150,-20,34
53,53,25,1,28,155,-30,34
53,54,17,1,13,155,-20,34
53,55,30,0,13,155,-30,44
53,56,24,1,18,155,-30,44
53,57,16,1,18,155,-40,44
53,58,3,0,33,155,-45,44
53,59,12,0,28,165,-45,44
53,60,1,0,38,165,-60,44
53,61,15,0,58,160,-60,44
53,62,36,0,58,155,-60,46
53,63,14,0,58,155,-60,51
53,64,23,0,53,145,-60,56
53,65,46,0,46,145,-60,61
53,66,44,0,46,145,-50,66
53,67,2,1,51,145,-60,66
53,68,37,0,39,155,-60,66
53,69,10,1,59,155,-70,66
53,70,13,0,59,155,-70,71
53,71,4,1,69,155,-70,66
53,72,32,0,69,160,-85,66
53,73,43,1,69,160,-80,51
53,74,7,1,74,160,-80,46
53,75,20,0,69,160,-65,46
53,76,12,1,74,160,-65,46
53,77,25,0,74,155,-55,46
53,78,59,1,74,160,-55,46
53,79,10,1,94,160,-65,46
53,80,22,0,89,160,-60,46
53,81,14,1,89,165,-60,46
53,82,2,1,94,165,-70,46
53,83,46,0,87,165,-70,51
53,84,9,1,92,165,-70,51
53,85,4,1,102,165,-70,46
53,86,16,0,92,170,-70,46
53,87,33,1,92,175,-70,46
53,88,23,0,87,165,-70,51
53,89,40,1,87,155,-60,51
53,90,42,1,87,160,-60,51
53,91,13,1,92,165,-60,51
53,92,5,0,87,165,-55,51
53,93,41,1,92,155,-55,51
53,94,44,0,92,155,-45,56
53,95,20,1,92,160,-60,56
53,96,27,0,102,145,-60,56
53,97,38,1,107,145,-60,56
53,98,4,1,117,145,-60,51
53,99,46,1,122,145,-60,46
54,0,47,1,50,50,50,65
54,1,13,0,50,50,50,70
54,2,41,1,55,40,50,70
54,3,24,0,50,40,55,70
54,4,40,1,50,30,65,70
54,5,22,0,45,30,70,70
54,6,49,1,45,35,70,70
54,7,43,0,65,35,60,70
54,8,16,0,55,40,60,70
54,9,30,1,55,40,70,70
54,10,12,1,60,40,70,70
54,11,36,0,60,35,70,72
54,12,9,0,55,35,70,77
54,13,28,1,65,35,70,77
54,14,31,0,65,40,60,77
54,15,4,0,50,45,60,77
54,16,57,1,50,50,60,77
54,17,14,1,50,55,60,77
54,18,13,1,55,60,60,77
54,19,3,0,70,60,55,77
54,20,44,0,70,60,65,82
54,21,16,0,60,65,65,82
54,22,11,1,65,65,65,82
54,23,26,0,60,65,65,87
54,24,58,1,60,70,65,87
54,25,15,0,80,65,65,87
54,26,6,1,72,65,65,92
54,27,25,1,72,70,55,92
54,28,36,1,72,75,55,87
54,29,22,1,72,80,45,87
54,30,39,1,77,80,45,82
54,31,20,1,77,85,30,82
54,32,43,1,77,85,35,67
54,33,29,1,77,100,15,67
54,34,10,1,97,100,5,67
54,35,1,0,107,100,-10,67
54,36,12,1,112,100,-10,67
54,37,11,0,107,100,-10,69
54,38,9,0,102,100,-10,74
54,39,15,1,102,105,-10,74
54,40,4,0,87,110,-10,74
54,41,27,1,87,115,-15,74
54,42,23,1,97,115,-20,74
54,43,3,1,90,115,-20,79
54,44,25,0,90,110,-10,79
54,45,59,1,90,115,-10,79
54,46,10,0,85,120,-10,79
54,47,19,0,65,120,0,89
54,48,2,1,70,120,-10,89
54,49,6,0,80,120,-15,89
54,50,41,0,70,130,-15,89
54,51,60,1,70,140,-15,89
54,52,28,0,60,140,-5,89
54,53,15,0,80,135,-5,89
54,54,30,1,80,135,5,89
54,55,23,1,90,135,0,89
54,56,22,1,90,140,-10,89
54,57,38,1,95,140,-10,89
54,58,25,1,95,145,-20,89
54,59,12,0,90,155,-20,89
54,60,39,1,95,155,-20,84
54,61,44,0,95,155,-10,89
54,62,4,0,80,160,-10,89
54,63,1,1,72,160,-5,89
54,64,10,0,67,165,-5,89
54,65,2,0,57,165,0,89
54,66,14,0,57,165,0,94
54,67,21,1,57,170,-15,94
54,68,47,1,57,170,-15,109
54,69,61,0,57,170,5,109
54,70,25,1,57,175,-5,109
54,71,15,0,77,170,-5,109
54,72,12,1,82,170,-5,109
54,73,41,1,87,160,-5,109
54,74,26,0,82,160,-5,114
54,75,8,0,82,165,-15,114
54,76,9,0,77,165,-15,119
54,77,45,1,77,170,-15,119
54,78,14,1,77,175,-15,119
54,79,22,0,72,175,-10,119
54,80,3,1,65,175,-10,124
54,81,15,1,65,180,-10,124
54,82,29,1,65,195,-30,124
54,83,23,1,75,195,-35,124
54,84,44,0,75,195,-25,129
54,85,4,1,85,195,-25,124
54,86,13,1,90,200,-25,124
54,87,62,1,60,220,-25,124
54,88,25,1,60,225,-35,124
54,89,48,0,50,225,-35,129
54,90,10,0,45,230,-35,129
54,91,39,0,38,235,-35,129
54,92,7,0,23,240,-35,129
54,93,9,0,18,240,-35,134
54,94,28,0,8,240,-25,134
54,95,47,1,8,240,-25,149
54,96,22,0,3,240,-20,149
54,97,1,0,13,240,-35,149
54,98,46,0,6,240,-35,154
54,99,17,1,-9,240,-25,154
55,0,1,0,60,50,35,50
55,1,24,1,65,50,35,50
55,2,46,0,58,50,35,55
55,3,18,1,68,50,35,55
55,4,37,1,78,50,35,55
55,5,14,0,78,50,35,60
55,6,30,0,78,50,25,70
55,7,8,0,78,55,15,70
55,8,31,1,78,55,25,70
55,9,5,0,73,55,30,70
55,10,23,1,83,55,25,70
55,11,10,0,78,60,25,70
55,12,41,1,83,50,25,70
55,13,17,0,63,60,25,70
55,14,36,1,63,65,25,65
55,15,45,0,63,65,25,70
55,16,20,1,63,70,10,70
55,17,9,0,58,70,10,75
55,18,38,1,63,70,10,75
55,19,32,0,63,75,-5,75
55,20,33,0,93,75,-5,75
55,21,26,0,88,75,-5,80
55,22,3,0,103,75,-10,80
55,23,41,1,108,65,-10,80
55,24,13,1,113,70,-10,80
55,25,46,1,118,70,-10,75
55,26,16,1,118,70,-20,75
55,27,1,0,128,70,-35,75
55,28,40,1,128,60,-25,75
55,29,36,0,128,55,-25,77
55,30,12,1,133,55,-25,77
55,31,20,0,128,55,-10,77
55,32,34,1,143,55,-10,77
55,33,48,1,143,60,-10,67
55,34,11,0,138,60,-10,69
55,35,10,1,158,60,-20,69
55,36,35,0,158,68,-35,69
55,37,49,1,158,73,-35,69
55,38,41,0,148,83,-35,69
55,39,22,0,143,83,-30,69
55,40,39,1,148,83,-30,64
55,41,26,1,158,83,-35,64
55,42,12,1,163,83,-35,64
55,43,2,1,168,83,-45,64
55,44,11,0,163,83,-45,66
55,45,10,1,183,83,-55,66
55,46,1,1,175,83,-50,66
55,47,9,0,170,83,-50,71
55,48,8,0,170,88,-60,71
55,49,13,1,175,93,-60,71
55,50,14,1,175,98,-60,71
55,51,41,0,165,108,-60,71
55,52,5,0,160,108,-55,71
55,53,43,1,160,108,-50,56
55,54,57,0,150,108,-50,61
55,55,23,0,145,98,-50,66
55,56,39,0,138,103,-50,66
55,57,10,1,158,103,-60,66
55,58,6,1,150,103,-60,71
55,59,26,0,145,103,-60,76
55,60,20,0,140,103,-45,76
55,61,42,0,132,103,-45,86
55,62,37,1,142,103,-45,86
55,63,16,0,132,108,-45,86
55,64,22,1,132,113,-55,86
55,65,21,1,132,118,-70,86
55,66,25,1,132,123,-80,86
55,67,1,1,124,123,-75,86
55,68,40,0,124,133,-85,86
55,69,58,0,124,123,-85,86
55,70,6,1,116,123,-85,91
55,71,47,0,141,123,-85,91
55,72,13,0,141,123,-85,96
55,73,5,1,146,123,-95,96
55,74,11,0,141,123,-95,98
55,75,24,0,136,123,-90,98
55,76,20,1,136,128,-105,98
55,77,7,1,141,128,-105,93
55,78,21,0,136,128,-90,93
55,79,29,0,126,128,-85,93
55,80,1,1,118,128,-80,93
55,81,9,0,113,128,-80,98
55,82,16,0,103,133,-80,98
55,83,43,0,123,133,-90,98
55,84,14,1,123,138,-90,98
55,85,5,1,128,138,-100,98
55,86,25,1,128,143,-110,98
55,87,59,0,128,143,-120,103
55,88,28,0,118,143,-110,103
55,89,36,0,118,138,-110,105
55,90,24,1,123,138,-110,105
55,91,22,1,123,143,-120,105
55,92,20,1,123,148,-135,105
55,93,16,0,113,153,-135,105
55,94,30,0,113,153,-145,115
55,95,10,0,108,158,-145,115
55,96,15,1,108,163,-145,115
55,97,3,1,101,163,-145,120
55,98,7,1,106,163,-145,115
55,99,41,0,96,173,-145,115
56,0,8,1,40,50,50,55
56,1,22,1,40,55,40,55
56,2,15,0,60,50,40,55
56,3,16,1,60,50,30,55
56,4,20,0,55,50,45,55
56,5,10,1,75,50,35,55
56,6,37,1,85,50,35,55
56,7,29,1,85,65,15,55
56,8,31,0,85,70,5,55
56,9,41,0,75,80,5,55
56,10,44,0,75,80,15,60
56,11,26,0,70,80,15,65
56,12,1,1,62,80,20,65
56,13,4,1,72,80,20,60
56,14,19,1,87,80,20,60
56,15,32,0,87,85,5,60
56,16,18,1,97,85,5,60
56,17,13,0,97,85,5,65
56,18,10,1,117,85,-5,65
56,19,33,0,147,85,-5,65
56,20,7,0,132,90,-5,65
56,21,20,0,127,90,10,65
56,22,40,1,127,80,20,65
56,23,42,0,119,80,20,75
56,24,21,1,119,85,5,75
56,25,25,1,119,90,-5,75
56,26,47,1,119,90,-5,90
56,27,41,0,109,100,-5,90
56,28,16,0,99,105,-5,90
56,29,45,0,99,105,-5,95
56,30,23,0,94,95,-5,100
56,31,12,0,89,105,-5,100
56,32,7,1,94,105,-5,95
56,33,10,0,89,110,-5,95
56,34,11,0,84,110,-5,97
56,35,37,1,94,110,-5,97
56,36,44,0,94,110,5,102
56,37,20,1,94,115,-10,102
56,38,27,1,94,120,-15,102
56,39,4,1,104,120,-15,97
56,40,17,0,84,130,-15,97
56,41,6,0,94,130,-20,97
56,42,16,0,84,135,-20,97
56,43,38,0,79,140,-20,97
56,44,26,0,74,140,-20,102
56,45,2,0,64,140,-15,102
56,46,41,1,69,130,-15,102
56,47,43,0,89,130,-25,102
56,48,34,0,89,115,-10,102
56,49,10,0,84,120,-10,102
56,50,24,0,79,120,-5,102
56,51,4,1,89,120,-5,97
56,52,3,0,104,120,-10,97
56,53,45,1,104,125,-10,97
56,54,14,1,104,130,-10,97
56,55,9,0,99,130,-10,102
56,56,41,1,104,120,-10,102
56,57,35,0,104,128,-25,102
56,58,23,0,99,118,-25,107
56,59,29,0,89,118,-20,107
56,60,8,1,79,118,-20,112
56,61,40,1,79,108,-10,112
56,62,16,1,79,108,-20,112
56,63,46,1,84,108,-20,107
56,64,22,1,84,113,-30,107
56,65,57,1,84,118,-30,107
56,66,2,1,89,118,-40,107
56,67,41,0,79,128,-40,107
56,68,11,1,84,128,-40,107
56,69,4,1,94,128,-40,102
56,70,14,1,94,133,-40,102
56,71,43,0,114,133,-50,102
56,72,28,0,104,133,-40,102
56,73,25,0,104,128,-30,102
56,74,5,1,109,128,-40,102
56,75,39,1,114,128,-40,97
56,76,9,0,109,128,-40,102
56,77,3,0,124,128,-45,102
56,78,42,1,124,133,-45,102
56,79,44,1,129,133,-45,102
56,80,48,0,119,133,-45,107
56,81,49,1,119,138,-45,107
56,82,10,1,139,138,-55,107
56,83,14,0,139,138,-55,112
56,84,12,1,144,138,-55,112
56,85,17,0,124,148,-55,112
56,86,25,1,124,153,-65,112
56,87,26,1,134,153,-70,112
56,88,47,1,134,153,-70,127
56,89,1,1,126,153,-65,127
56,90,58,1,126,158,-65,127
56,91,13,0,126,158,-65,132
56,92,16,0,116,163,-65,132
56,93,39,1,121,163,-65,127
56,94,4,1,131,163,-65,122
56,95,20,0,126,163,-50,122
56,96,23,1,136,163,-55,122
56,97,59,0,136,163,-65,127
56,98,45,0,136,163,-65,132
56,99,25,1,136,168,-75,132
57,0,11,0,45,50,50,52
57,1,16,1,45,50,40,52
57,2,23,0,40,40,40,57
57,3,39,0,33,45,40,57
57,4,3,0,48,45,35,57
57,5,22,1,48,50,25,57
57,6,5,1,53,50,15,57
57,7,42,1,53,55,15,57
57,8,25,0,53,50,25,57
57,9,45,1,53,55,25,57
57,10,2,0,43,55,30,57
57,11,37,0,31,65,30,57
57,12,15,0,51,60,30,57
57,13,31,1,51,60,40,57
57,14,1,1,43,60,45,57
57,15,20,1,43,65,30,57
57,16,6,0,53,65,25,57
57,17,14,0,53,65,25,62
57,18,44,0,53,65,35,67
57,19,17,0,33,75,35,67
57,20,24,1,38,75,35,67
57,21,9,1,43,75,35,67
57,22,49,1,43,80,35,67
57,23,57,0,33,80,35,72
57,24,16,1,33,80,25,72
57,25,15,0,53,75,25,72
57,26,25,0,53,70,35,72
57,27,5,0,48,70,40,72
57,28,29,1,48,85,20,72
57,29,41,1,53,75,20,72
57,30,4,1,63,75,20,67
57,31,23,1,73,75,15,67
57,32,30,0,73,75,5,77
57,33,10,0,68,80,5,77
57,34,58,1,68,85,5,77
57,35,59,0,68,85,-5,82
57,36,20,1,68,90,-20,82
57,37,3,0,83,90,-25,82
57,38,38,1,88,90,-25,82
57,39,1,0,98,90,-40,82
57,40,5,1,103,90,-50,82
57,41,47,1,103,90,-50,97
57,42,9,0,98,90,-50,102
57,43,12,0,93,100,-50,102
57,44,11,1,98,100,-50,102
57,45,32,0,98,105,-65,102
57,46,16,0,88,110,-65,102
57,47,6,1,80,110,-65,107
57,48,45,1,80,115,-65,107
57,49,14,0,80,115,-65,112
57,50,42,1,80,120,-65,112
57,51,39,0,73,125,-65,112
57,52,22,0,68,125,-60,112
57,53,40,1,68,115,-50,112
57,54,23,0,63,105,-50,117
57,55,25,0,63,100,-40,117
57,56,16,0,53,105,-40,117
57,57,1,1,45,105,-35,117
57,58,60,1,45,115,-35,117
57,59,15,0,65,110,-35,117
57,60,5,0,60,110,-30,117
57,61,8,0,60,115,-40,117
57,62,29,1,60,130,-60,117
57,63,41,0,50,140,-60,117
57,64,2,0,40,140,-55,117
57,65,27,1,40,145,-60,117
57,66,11,0,35,145,-60,119
57,67,39,0,28,150,-60,119
57,68,61,1,28,160,-60,119
57,69,3,1,21,160,-60,124
57,70,33,0,51,160,-60,124
57,71,9,1,56,160,-60,124
57,72,21,1,56,165,-75,124
57,73,16,1,56,165,-85,124
57,74,26,0,51,165,-85,129
57,75,48,1,51,170,-85,119
57,76,13,0,51,170,-85,124
57,77,4,1,61,170,-85,119
57,78,8,1,51,170,-85,124
57,79,10,0,46,175,-85,124
57,80,1,0,56,175,-100,124
57,81,25,0,56,170,-90,124
57,82,41,1,61,160,-90,124
57,83,16,0,51,165,-90,124
57,84,45,1,51,170,-90,124
57,85,62,0,51,170,-90,124
57,86,26,0,46,170,-90,129
57,87,22,1,46,175,-100,129
57,88,3,1,39,175,-100,134
57,89,9,0,34,175,-100,139
57,90,5,1,39,175,-110,139
57,91,13,0,39,175,-110,144
57,92,28,0,29,175,-100,144
57,93,10,0,24,180,-100,144
57,94,34,1,39,180,-100,144
57,95,42,0,31,180,-100,154
57,96,2,0,21,180,-95,154
57,97,8,1,11,180,-95,159
57,98,7,0,-4,185,-95,159
57,99,14,0,-4,185,-95,164
58,0,37,0,38,60,50,50
58,1,45,1,38,65,50,50
58,2,25,0,38,60,60,50
58,3,2,0,28,60,65,50
58,4,31,1,28,60,75,50
58,5,26,1,38,60,70,50
58,6,20,1,38,65,55,50
58,7,4,0,23,70,55,50
58,8,7,0,8,75,55,50
58,9,29,0,-2,75,60,50
58,10,5,1,3,75,50,50
58,11,12,1,8,75,50,50
58,12,22,1,8,80,40,50
58,13,46,0,1,80,40,55
58,14,10,0,-4,85,40,55
58,15,14,1,-4,90,40,55
58,16,13,0,-4,90,40,60
58,17,11,0,-9,90,40,62
58,18,21,1,-9,95,25,62
58,19,26,0,-14,95,25,67
58,20,43,1,-14,95,30,52
58,21,27,1,-14,100,25,52
58,22,28,0,-24,100,35,52
58,23,9,1,-19,100,35,52
58,24,41,0,-29,110,35,52
58,25,1,0,-19,110,20,52
58,26,10,1,1,110,10,52
58,27,22,0,-4,110,15,52
58,28,5,0,-9,110,20,52
58,29,39,0,-16,115,20,52
58,30,46,1,-11,115,20,47
58,31,25,0,-11,110,30,47
58,32,37,1,-1,110,30,47
58,33,29,1,-1,125,10,47
58,34,15,1,-1,130,10,47
58,35,49,1,-1,135,10,47
58,36,7,1,4,135,10,42
58,37,30,1,4,135,20,42
58,38,9,1,9,135,20,42
58,39,10,1,29,135,10,42
58,40,43,0,49,135,0,42
58,41,57,0,39,135,0,47
58,42,28,0,29,135,10,47
58,43,45,1,29,140,10,47
58,44,12,0,24,150,10,47
58,45,22,1,24,155,0,47
58,46,14,1,24,160,0,47
58,47,36,1,24,165,0,42
58,48,7,1,29,165,0,37
58,49,21,1,29,170,-15,37
58,50,4,0,14,175,-15,37
58,51,3,0,29,175,-20,37
58,52,16,0,19,180,-20,37
58,53,10,1,39,180,-30,37
58,54,5,0,34,180,-25,37
58,55,47,1,34,180,-25,52
58,56,39,1,39,180,-25,47
58,57,28,1,49,180,-25,47
58,58,23,1,59,180,-30,47
58,59,32,0,59,185,-45,47
58,60,45,0,59,185,-45,52
58,61,8,1,49,185,-45,57
58,62,9,0,44,185,-45,62
58,63,7,0,29,190,-45,62
58,64,4,0,14,195,-45,62
58,65,12,1,19,195,-45,62
58,66,2,0,9,195,-40,62
58,67,25,1,9,200,-50,62
58,68,20,1,9,205,-65,62
58,69,41,0,-1,215,-65,62
58,70,23,1,9,215,-70,62
58,71,15,1,9,220,-70,62
58,72,44,1,14,220,-70,62
58,73,39,0,7,225,-70,62
58,74,16,0,-3,230,-70,62
58,75,42,0,-11,230,-70,72
58,76,5,1,-6,230,-80,72
58,77,22,0,-11,230,-75,72
58,78,10,1,9,230,-85,72
58,79,33,1,9,235,-85,72
58,80,28,0,-1,235,-75,72
58,81,47,1,-1,235,-75,87
58,82,38,0,-6,240,-75,87
58,83,26,1,4,240,-80,87
58,84,12,0,-1,250,-80,87
58,85,15,0,19,245,-80,87
58,86,1,0,29,245,-95,87
58,87,37,1,39,245,-95,87
58,88,8,1,29,245,-95,92
58,89,23,0,24,235,-95,97
58,90,5,0,19,235,-90,97
58,91,16,1,19,235,-100,97
58,92,14,0,19,235,-100,102
58,93,18,1,29,235,-100,102
58,94,45,1,29,240,-100,102
58,95,29,1,29,255,-120,102
58,96,26,0,24,255,-120,107
58,97,3,0,39,255,-125,107
58,98,7,1,44,255,-125,102
58,99,2,0,34,255,-120,102
59,0,57,1,50,55,50,50
59,1,25,1,50,60,40,50
59,2,40,1,50,50,50,50
59,3,31,0,50,55,40,50
59,4,7,1,55,55,40,45
59,5,58,1,55,60,40,45
59,6,41,1,60,50,40,45
59,7,14,1,60,55,40,45
59,8,32,1,60,45,55,45
59,9,4,0,45,50,55,45
59,10,38,0,40,55,55,45
59,11,45,0,40,55,55,50
59,12,3,1,33,55,55,55
59,13,15,0,53,50,55,55
59,14,6,1,45,50,55,60
59,15,5,1,50,50,45,60
59,16,16,1,50,50,35,60
59,17,33,1,50,55,35,60
59,18,28,1,60,55,35,60
59,19,41,1,65,45,35,60
59,20,34,0,65,30,50,60
59,21,47,0,90,30,50,60
59,22,44,0,90,30,60,65
59,23,40,1,90,20,70,65
59,24,13,0,90,20,70,70
59,25,59,1,90,25,70,70
59,26,6,0,100,25,65,70
59,27,21,1,100,30,50,70
59,28,11,0,95,30,50,72
59,29,12,1,100,30,50,72
59,30,41,0,90,40,50,72
59,31,60,1,90,50,50,72
59,32,36,1,90,55,50,67
59,33,22,1,90,60,40,67
59,34,26,0,85,60,40,72
59,35,4,0,70,65,40,72
59,36,14,1,70,70,40,72
59,37,16,1,70,70,30,72
59,38,10,1,90,70,20,72
59,39,44,1,95,70,20,72
59,40,1,0,105,70,5,72
59,41,13,1,110,75,5,72
59,42,8,1,100,75,5,77
59,43,23,1,110,75,0,77
59,44,15,0,130,70,0,77
59,45,41,0,120,80,0,77
59,46,20,0,115,80,15,77
59,47,7,0,100,85,15,77
59,48,16,0,90,90,15,77
59,49,14,1,90,95,15,77
59,50,47,1,90,95,15,92
59,51,39,0,83,100,15,92
59,52,5,0,78,100,20,92
59,53,12,0,73,110,20,92
59,54,8,0,73,115,10,92
59,55,29,1,73,130,-10,92
59,56,41,0,63,140,-10,92
59,57,23,0,58,130,-10,97
59,58,2,1,63,130,-20,97
59,59,11,0,58,130,-20,99
59,60,25,0,58,125,-10,99
59,61,37,1,68,125,-10,99
59,62,6,1,60,125,-10,104
59,63,38,0,55,130,-10,104
59,64,48,1,55,135,-10,94
59,65,10,1,75,135,-20,94
59,66,7,0,60,140,-20,94
59,67,26,0,55,140,-20,99
59,68,30,0,55,140,-30,109
59,69,3,0,70,140,-35,109
59,70,35,1,70,130,-25,109
59,71,28,0,60,130,-15,109
59,72,44,1,65,130,-15,109
59,73,20,0,60,130,0,109
59,74,11,0,55,130,0,111
59,75,61,0,55,130,20,111
59,76,24,1,60,130,20,111
59,77,4,1,70,130,20,106
59,78,12,0,65,140,20,106
59,79,26,1,75,140,15,106
59,80,10,1,95,140,5,106
59,81,17,0,75,150,5,106
59,82,16,0,65,155,5,106
59,83,25,1,65,160,-5,106
59,84,13,0,65,160,-5,111
59,85,40,1,65,150,5,111
59,86,41,1,70,140,5,111
59,87,11,1,75,140,5,111
59,88,42,1,75,145,5,111
59,89,44,0,75,145,15,116
59,90,20,0,70,145,30,116
59,91,49,0,70,145,30,121
59,92,12,1,75,145,30,121
59,93,26,0,70,145,30,126
59,94,9,0,65,145,30,131
59,95,7,0,50,150,30,131
59,96,8,1,40,150,30,136
59,97,15,0,60,145,30,136
59,98,43,0,80,145,20,136
59,99,13,0,80,145,20,141
60,0,30,0,50,50,40,60
60,1,48,0,40,50,40,65
60,2,25,0,40,45,50,65
60,3,12,1,45,45,50,65
60,4,3,0,60,45,45,65
60,5,26,1,70,45,40,65
60,6,13,0,70,45,40,70
60,7,28,0,60,45,50,70
60,8,15,0,80,40,50,70
60,9,24,0,75,40,55,70
60,10,23,1,85,40,50,70
60,11,45,0,85,40,50,75
60,12,36,1,85,45,50,70
60,13,14,0,85,45,50,75
60,14,10,1,105,45,40,75
60,15,16,1,105,45,30,75
60,16,11,1,110,45,30,75
60,17,27,1,110,50,25,75
60,18,1,0,120,50,10,75
60,19,6,0,130,50,5,75
60,20,31,1,130,50,15,75
60,21,15,0,150,45,15,75
60,22,7,0,135,50,15,75
60,23,25,1,135,55,5,75
60,24,13,1,140,60,5,75
60,25,2,0,130,60,10,75
60,26,9,0,125,60,10,80
60,27,5,0,120,60,15,80
60,28,26,0,115,60,15,85
60,29,4,1,125,60,15,80
60,30,23,1,135,60,10,80
60,31,21,0,130,60,25,80
60,32,1,1,122,60,30,80
60,33,3,1,115,60,30,85
60,34,8,0,115,65,20,85
60,35,10,1,135,65,10,85
60,36,15,1,135,70,10,85
60,37,42,1,135,75,10,85
60,38,57,0,125,75,10,90
60,39,6,0,135,75,5,90
60,40,58,0,135,65,5,90
60,41,36,1,135,70,5,85
60,42,26,0,130,70,5,90
60,43,11,1,135,70,5,90
60,44,1,0,145,70,-10,90
60,45,27,0,155,55,-10,90
60,46,39,0,148,60,-10,90
60,47,12,1,153,60,-10,90
60,48,24,1,158,60,-10,90
60,49,16,0,148,65,-10,90
60,50,5,0,143,65,-5,90
60,51,28,1,153,65,-5,90
60,52,8,0,153,70,-15,90
60,53,3,0,168,70,-20,90
60,54,17,1,153,70,-10,90
60,55,42,0,145,70,-10,100
60,56,41,0,135,80,-10,100
60,57,12,1,140,80,-10,100
60,58,43,1,140,80,-5,85
60,59,11,1,145,80,-5,85
60,60,27,1,145,85,-10,85
60,61,20,1,145,90,-25,85
60,62,21,0,140,90,-10,85
60,63,40,0,140,100,-20,85
60,64,5,0,135,100,-15,85
60,65,16,0,125,105,-15,85
60,66,22,0,120,105,-10,85
60,67,48,0,110,105,-10,90
60,68,4,0,95,110,-10,90
60,69,11,0,90,110,-10,92
60,70,3,0,105,110,-15,92
60,71,59,0,105,110,-25,97
60,72,9,0,100,110,-25,102
60,73,2,1,105,110,-35,102
60,74,25,0,105,105,-25,102
60,75,7,0,90,110,-25,102
60,76,38,1,95,110,-25,102
60,77,8,1,85,110,-25,107
60,78,41,1,90,100,-25,107
60,79,60,1,90,110,-25,107
60,80,32,0,90,115,-40,107
60,81,18,0,65,115,-40,117
60,82,14,1,65,120,-40,117
60,83,36,1,65,125,-40,112
60,84,33,0,95,125,-40,112
60,85,40,0,95,135,-50,112
60,86,15,0,115,130,-50,112
60,87,16,0,105,135,-50,112
60,88,13,0,105,135,-50,117
60,89,11,0,100,135,-50,119
60,90,22,1,100,140,-60,119
60,91,3,0,115,140,-65,119
60,92,39,0,108,145,-65,119
60,93,12,0,103,155,-65,119
60,94,26,1,113,155,-70,119
60,95,14,1,113,160,-70,119
60,96,5,1,118,160,-80,119
60,97,42,1,118,165,-80,119
60,98,37,1,128,165,-80,119
60,99,23,0,123,155,-80,124
61,0,20,1,50,55,35,50
61,1,8,0,50,60,25,50
61,2,25,0,50,55,35,50
61,3,41,1,55,45,35,50
61,4,39,0,48,50,35,50
61,5,23,0,43,40,35,55
61,6,38,1,48,40,35,55
61,7,6,1,40,40,35,60
61,8,57,0,30,40,35,65
61,9,10,1,50,40,25,65
61,10,2,1,55,40,15,65
61,11,7,0,40,45,15,65
61,12,14,1,40,50,15,65
61,13,8,0,40,55,5,65
61,14,4,1,50,55,5,60
61,15,41,0,40,65,5,60
61,16,9,1,45,65,5,60
61,17,31,1,45,65,15,60
61,18,43,0,65,65,5,60
61,19,44,1,70,65,5,60
61,20,32,1,70,55,20,60
61,21,5,0,65,55,25,60
61,22,30,1,65,55,35,60
61,23,26,1,75,55,30,60
61,24,12,0,70,65,30,60
61,25,11,0,65,65,30,62
61,26,1,1,57,65,35,62
61,27,47,1,57,65,35,77
61,28,20,0,52,65,50,77
61,29,8,0,52,70,40,77
61,30,58,1,52,75,40,77
61,31,36,0,52,70,40,79
61,32,33,0,82,70,40,79
61,33,4,0,67,75,40,79
61,34,59,0,67,75,30,84
61,35,39,1,72,75,30,79
61,36,2,0,62,75,35,79
61,37,16,1,62,75,25,79
61,38,23,0,57,65,25,84
61,39,10,1,77,65,15,84
61,40,1,0,87,65,0,84
61,41,18,1,97,65,0,84
61,42,3,1,90,65,0,89
61,43,60,1,90,75,0,89
61,44,20,0,85,75,15,89
61,45,26,1,95,75,10,89
61,46,34,0,95,60,25,89
61,47,14,1,95,65,25,89
61,48,41,1,100,55,25,89
61,49,11,0,95,55,25,91
61,50,35,1,95,45,35,91
61,51,15,0,115,40,35,91
61,52,40,1,115,30,45,91
61,53,42,1,115,35,45,91
61,54,49,1,115,40,45,91
61,55,25,0,115,35,55,91
61,56,2,1,120,35,45,91
61,57,1,0,130,35,30,91
61,58,10,1,150,35,20,91
61,59,12,0,145,45,20,91
61,60,41,1,150,35,20,91
61,61,38,0,145,40,20,91
61,62,11,1,150,40,20,91
61,63,13,0,150,40,20,96
61,64,46,1,155,40,20,91
61,65,48,1,155,45,20,81
61,66,45,0,155,45,20,86
61,67,4,1,165,45,20,81
61,68,26,0,160,45,20,86
61,69,25,1,160,50,10,86
61,70,1,1,152,50,15,86
61,71,41,0,142,60,15,86
61,72,5,1,147,60,5,86
61,73,17,0,127,70,5,86
61,74,24,1,132,70,5,86
61,75,43,1,132,70,10,71
61,76,44,0,132,70,20,76
61,77,38,0,127,75,20,76
61,78,15,0,147,70,20,76
61,79,21,0,142,70,35,76
61,80,11,0,137,70,35,78
61,81,10,1,157,70,25,78
61,82,1,0,167,70,10,78
61,83,14,0,167,70,10,83
61,84,61,1,167,80,10,83
61,85,2,0,157,80,15,83
61,86,26,0,152,80,15,88
61,87,9,0,147,80,15,93
61,88,6,0,157,80,10,93
61,89,16,1,157,80,0,93
61,90,15,1,157,85,0,93
61,91,46,1,162,85,0,88
61,92,41,0,152,95,0,88
61,93,12,1,157,95,0,88
61,94,43,1,157,95,5,73
61,95,62,0,157,95,5,73
61,96,47,1,157,95,5,88
61,97,14,1,157,100,5,88
61,98,29,1,157,115,-15,88
61,99,26,0,152,115,-15,93
62,0,2,0,40,50,55,50
62,1,17,0,20,60,55,50
62,2,26,0,15,60,55,55
62,3,16,0,5,65,55,55
62,4,14,0,5,65,55,60
62,5,45,0,5,65,55,65
62,6,15,1,5,70,55,65
62,7,18,0,-20,70,55,75
62,8,42,0,-28,70,55,85
62,9,25,1,-28,75,45,85
62,10,11,0,-33,75,45,87
62,11,49,1,-33,80,45,87
62,12,38,1,-28,80,45,87
62,13,31,0,-28,85,35,87
62,14,20,0,-33,85,50,87
62,15,43,1,-33,85,55,72
62,16,22,1,-33,90,45,72
62,17,23,1,-23,90,40,72
62,18,7,0,-38,95,40,72
62,19,40,0,-38,105,30,72
62,20,19,1,-23,105,30,72
62,21,5,1,-18,105,20,72
62,22,46,0,-25,105,20,77
62,23,45,0,-25,105,20,82
62,24,2,0,-35,105,25,82
62,25,48,0,-45,105,25,87
62,26,16,1,-45,105,15,87
62,27,25,0,-45,100,25,87
62,28,10,1,-25,100,15,87
62,29,9,0,-30,100,15,92
62,30,27,0,-20,85,15,92
62,31,57,1,-20,90,15,92
62,32,11,0,-25,90,15,94
62,33,1,1,-33,90,20,94
62,34,5,1,-28,90,10,94
62,35,44,1,-23,90,10,94
62,36,58,0,-23,80,10,94
62,37,26,0,-28,80,10,99
62,38,10,0,-33,85,10,99
62,39,23,1,-23,85,5,99
62,40,40,0,-23,95,-5,99
62,41,59,1,-23,100,-5,99
62,42,25,1,-23,105,-15,99
62,43,42,0,-31,105,-15,109
62,44,36,1,-31,110,-15,104
62,45,43,1,-31,110,-10,89
62,46,7,0,-46,115,-10,89
62,47,13,1,-41,120,-10,89
62,48,9,0,-46,120,-10,94
62,49,14,0,-46,120,-10,99
62,50,30,0,-46,120,-20,109
62,51,4,1,-36,120,-20,104
62,52,15,0,-16,115,-20,104
62,53,3,1,-23,115,-20,109
62,54,22,1,-23,120,-30,109
62,55,25,0,-23,115,-20,109
62,56,46,0,-30,115,-20,114
62,57,24,1,-25,115,-20,114
62,58,7,1,-20,115,-20,109
62,59,12,0,-25,125,-20,109
62,60,10,0,-30,130,-20,109
62,61,26,0,-35,130,-20,114
62,62,11,0,-40,130,-20,116
62,63,42,0,-48,130,-20,126
62,64,40,1,-48,120,-10,126
62,65,5,0,-53,120,-5,126
62,66,20,0,-58,120,10,126
62,67,14,1,-58,125,10,126
62,68,27,0,-48,110,10,126
62,69,16,0,-58,115,10,126
62,70,12,1,-53,115,10,126
62,71,22,1,-53,120,0,126
62,72,4,0,-68,125,0,126
62,73,26,1,-58,125,-5,126
62,74,1,1,-66,125,0,126
62,75,38,1,-61,125,0,126
62,76,9,1,-56,125,0,126
62,77,25,1,-56,130,-10,126
62,78,47,0,-31,130,-10,126
62,79,5,1,-26,130,-20,126
62,80,3,0,-11,130,-25,126
62,81,10,1,9,130,-35,126
62,82,41,1,14,120,-35,126
62,83,46,1,19,120,-35,121
62,84,4,1,29,120,-35,116
62,85,21,1,29,125,-50,116
62,86,16,1,29,125,-60,116
62,87,12,1,34,125,-60,116
62,88,37,0,22,135,-60,116
62,89,28,0,12,135,-50,116
62,90,25,0,12,130,-40,116
62,91,30,1,12,130,-30,116
62,92,23,1,22,130,-35,116
62,93,10,0,17,135,-35,116
62,94,60,0,47,135,-35,116
62,95,13,0,47,135,-35,121
62,96,9,0,42,135,-35,126
62,97,2,1,47,135,-45,126
62,98,15,0,67,130,-45,126
62,99,3,0,82,130,-50,126
63,0,22,1,50,55,40,50
63,1,4,0,35,60,40,50
63,2,57,1,35,65,40,50
63,3,23,0,30,55,40,55
63,4,43,1,30,55,45,40
63,5,44,1,35,55,45,40
63,6,9,0,30,55,45,45
63,7,26,1,40,55,40,45
63,8,11,0,35,55,40,47
63,9,20,0,30,55,55,47
63,10,7,1,35,55,55,42
63,11,40,0,35,65,45,42
63,12,31,0,35,70,35,42
63,13,41,1,40,60,35,42
63,14,21,1,40,65,20,42
63,15,1,0,50,65,5,42
63,16,42,0,42,65,5,52
63,17,8,0,42,70,-5,52
63,18,6,0,52,70,-10,52
63,19,19,1,67,70,-10,52
63,20,17,0,47,80,-10,52
63,21,11,1,52,80,-10,52
63,22,7,1,57,80,-10,47
63,23,23,1,67,80,-15,47
63,24,25,1,67,85,-25,47
63,25,2,0,57,85,-20,47
63,26,10,1,77,85,-30,47
63,27,48,1,77,90,-30,37
63,28,40,0,77,100,-40,37
63,29,9,1,82,100,-40,37
63,30,30,0,82,100,-50,47
63,31,24,0,77,100,-45,47
63,32,26,0,72,100,-45,52
63,33,32,0,72,105,-60,52
63,34,58,0,72,95,-60,52
63,35,14,0,72,95,-60,57
63,36,12,1,77,95,-60,57
63,37,29,0,67,95,-55,57
63,38,3,1,60,95,-55,62
63,39,16,1,60,95,-65,62
63,40,27,1,60,100,-70,62
63,41,1,1,52,100,-65,62
63,42,43,1,52,100,-60,47
63,43,23,0,47,90,-60,52
63,44,28,0,37,90,-50,52
63,45,39,1,42,90,-50,47
63,46,59,0,42,90,-60,52
63,47,5,1,47,90,-70,52
63,48,10,1,67,90,-80,52
63,49,13,1,72,95,-80,52
63,50,60,0,102,95,-80,52
63,51,16,1,102,95,-90,52
63,52,11,0,97,95,-90,54
63,53,21,0,92,95,-75,54
63,54,27,1,92,100,-80,54
63,55,9,0,87,100,-80,59
63,56,1,1,79,100,-75,59
63,57,15,1,79,105,-75,59
63,58,3,1,72,105,-75,64
63,59,42,0,64,105,-75,74
63,60,5,1,69,105,-85,74
63,61,39,1,74,105,-85,69
63,62,28,0,64,105,-75,69
63,63,11,0,59,105,-75,71
63,64,12,1,64,105,-75,71
63,65,33,0,94,105,-75,71
63,66,14,0,94,105,-75,76
63,67,48,1,94,110,-75,66
63,68,26,0,89,110,-75,71
63,69,7,1,94,110,-75,66
63,70,41,1,99,100,-75,66
63,71,15,0,119,95,-75,66
63,72,38,0,114,100,-75,66
63,73,8,1,104,100,-75,71
63,74,4,0,89,105,-75,71
63,75,10,1,109,105,-85,71
63,76,1,0,119,105,-100,71
63,77,11,0,114,105,-100,73
63,78,27,0,124,90,-100,73
63,79,16,0,114,95,-100,73
63,80,34,1,129,95,-100,73
63,81,44,1,134,95,-100,73
63,82,20,0,129,95,-85,73
63,83,14,1,129,100,-85,73
63,84,41,0,119,110,-85,73
63,85,49,1,119,115,-85,73
63,86,40,0,119,125,-95,73
63,87,47,0,144,125,-95,73
63,88,61,0,144,125,-75,73
63,89,8,1,134,125,-75,78
63,90,35,0,134,133,-90,78
63,91,7,0,119,138,-90,78
63,92,27,0,129,123,-90,78
63,93,45,1,129,128,-90,78
63,94,11,0,124,128,-90,80
63,95,24,0,119,128,-85,80
63,96,26,1,129,128,-90,80
63,97,18,0,104,128,-90,90
63,98,37,1,114,128,-90,90
63,99,39,1,119,128,-90,85
64,0,16,0,40,55,50,50
64,1,15,1,40,60,50,50
64,2,21,0,35,60,65,50
64,3,2,1,40,60,55,50
64,4,42,1,40,65,55,50
64,5,3,0,55,65,50,50
64,6,25,0,55,60,60,50
64,7,24,1,60,60,60,50
64,8,31,0,60,65,50,50
64,9,44,1,65,65,50,50
64,10,26,1,75,65,45,50
64,11,8,0,75,70,35,50
64,12,57,1,75,75,35,50
64,13,43,0,95,75,25,50
64,14,7,0,80,80,25,50
64,15,16,1,80,80,15,50
64,16,15,1,80,85,15,50
64,17,4,0,65,90,15,50
64,18,22,1,65,95,5,50
64,19,20,0,60,95,20,50
64,20,21,1,60,100,5,50
64,21,5,0,55,100,10,50
64,22,24,1,60,100,10,50
64,23,46,1,65,100,10,45
64,24,23,0,60,90,10,50
64,25,38,0,55,95,10,50
64,26,28,0,45,95,20,50
64,27,14,0,45,95,20,55
64,28,45,0,45,95,20,60
64,29,25,1,45,100,10,60
64,30,12,0,40,110,10,60
64,31,27,1,40,115,5,60
64,32,16,1,40,115,-5,60
64,33,26,0,35,115,-5,65
64,34,7,0,20,120,-5,65
64,35,19,1,35,120,-5,65
64,36,9,0,30,120,-5,70
64,37,6,1,22,120,-5,75
64,38,23,1,32,120,-10,75
64,39,15,1,32,125,-10,75
64,40,20,1,32,130,-25,75
64,41,4,0,17,135,-25,75
64,42,40,1,17,125,-15,75
64,43,5,0,12,125,-10,75
64,44,39,1,17,125,-10,70
64,45,42,1,17,130,-10,70
64,46,24,1,22,130,-10,70
64,47,47,0,47,130,-10,70
64,48,11,0,42,130,-10,72
64,49,18,0,17,130,-10,82
64,50,12,0,12,140,-10,82
64,51,43,0,32,140,-20,82
64,52,41,0,22,150,-20,82
64,53,6,1,14,150,-20,87
64,54,3,1,7,150,-20,92
64,55,10,0,2,155,-20,92
64,56,16,0,-8,160,-20,92
64,57,23,0,-13,150,-20,97
64,58,37,1,-3,150,-20,97
64,59,58,1,-3,155,-20,97
64,60,27,0,7,140,-20,97
64,61,39,0,0,145,-20,97
64,62,13,0,0,145,-20,102
64,63,12,1,5,145,-20,102
64,64,14,0,5,145,-20,107
64,65,21,1,5,150,-35,107
64,66,2,0,-5,150,-30,107
64,67,25,1,-5,155,-40,107
64,68,41,0,-15,165,-40,107
64,69,48,0,-25,165,-40,112
64,70,5,1,-20,165,-50,112
64,71,44,1,-15,165,-50,112
64,72,22,0,-20,165,-45,112
64,73,4,1,-10,165,-45,107
64,74,10,1,10,165,-55,107
64,75,46,1,15,165,-55,102
64,76,17,1,0,165,-45,102
64,77,18,1,10,165,-45,102
64,78,27,1,10,170,-50,102
64,79,1,1,2,170,-45,102
64,80,25,1,2,175,-55,102
64,81,26,1,12,175,-60,102
64,82,2,0,2,175,-55,102
64,83,45,1,2,180,-55,102
64,84,15,1,2,185,-55,102
64,85,9,0,-3,185,-55,107
64,86,3,0,12,185,-60,107
64,87,12,0,7,195,-60,107
64,88,5,1,12,195,-70,107
64,89,32,0,12,200,-85,107
64,90,33,1,12,205,-85,107
64,91,28,0,2,205,-75,107
64,92,27,0,12,190,-75,107
64,93,22,0,7,190,-70,107
64,94,20,0,2,190,-55,107
64,95,6,0,12,190,-60,107
64,96,40,0,12,200,-70,107
64,97,18,1,22,200,-70,107
64,98,46,1,27,200,-70,102
64,99,11,0,22,200,-70,104
65,0,22,0,45,50,55,50
65,1,21,1,45,55,40,50
65,2,41,1,50,45,40,50
65,3,2,1,55,45,30,50
65,4,43,0,75,45,20,50
65,5,45,0,75,45,20,55
65,6,11,1,80,45,20,55
65,7,8,0,80,50,10,55
65,8,13,1,85,55,10,55
65,9,6,0,95,55,5,55
65,10,40,1,95,45,15,55
65,11,16,1,95,45,5,55
65,12,1,0,105,45,-10,55
65,13,30,0,105,45,-20,65
65,14,31,1,105,45,-10,65
65,15,3,0,120,45,-15,65
65,16,17,0,100,55,-15,65
65,17,20,1,100,60,-30,65
65,18,37,1,110,60,-30,65
65,19,4,1,120,60,-30,60
65,20,25,1,120,65,-40,60
65,21,2,1,125,65,-50,60
65,22,21,1,125,70,-65,60
65,23,26,1,135,70,-70,60
65,24,42,0,127,70,-70,70
65,25,12,1,132,70,-70,70
65,26,38,0,127,75,-70,70
65,27,13,0,127,75,-70,75
65,28,27,0,137,60,-70,75
65,29,44,0,137,60,-60,80
65,30,11,1,142,60,-60,80
65,31,32,0,142,65,-75,80
65,32,14,0,142,65,-75,85
65,33,9,1,147,65,-75,85
65,34,10,1,167,65,-85,85
65,35,33,1,167,70,-85,85
65,36,34,1,182,70,-85,85
65,37,6,0,192,70,-90,85
65,38,15,1,192,75,-90,85
65,39,41,1,197,65,-90,85
65,40,25,0,197,60,-80,85
65,41,37,1,207,60,-80,85
65,42,1,0,217,60,-95,85
65,43,48,1,217,65,-95,75
65,44,2,1,222,65,-105,75
65,45,16,1,222,65,-115,75
65,46,26,0,217,65,-115,80
65,47,10,0,212,70,-115,80
65,48,5,1,217,70,-125,80
65,49,4,1,227,70,-125,75
65,50,39,0,220,75,-125,75
65,51,43,0,240,75,-135,75
65,52,20,1,240,80,-150,75
65,53,23,1,250,80,-155,75
65,54,28,0,240,80,-145,75
65,55,12,0,235,90,-145,75
65,56,22,0,230,90,-140,75
65,57,45,1,230,95,-140,75
65,58,15,0,250,90,-140,75
65,59,42,0,242,90,-140,85
65,60,35,0,242,98,-155,85
65,61,37,0,230,108,-155,85
65,62,17,0,210,118,-155,85
65,63,13,1,215,123,-155,85
65,64,10,0,210,128,-155,85
65,65,16,0,200,133,-155,85
65,66,12,0,195,143,-155,85
65,67,2,0,185,143,-150,85
65,68,7,1,190,143,-150,80
65,69,14,1,190,148,-150,80
65,70,38,0,185,153,-150,80
65,71,3,0,200,153,-155,80
65,72,25,1,200,158,-165,80
65,73,43,1,200,158,-160,65
65,74,15,1,200,163,-160,65
65,75,26,1,210,163,-165,65
65,76,41,0,200,173,-165,65
65,77,5,1,205,173,-175,65
65,78,16,1,205,173,-185,65
65,79,23,1,215,173,-190,65
65,80,17,1,200,173,-180,65
65,81,42,0,192,173,-180,75
65,82,40,1,192,163,-170,75
65,83,28,0,182,163,-160,75
65,84,25,0,182,158,-150,75
65,85,44,1,187,158,-150,75
65,86,15,1,187,163,-150,75
65,87,13,0,187,163,-150,80
65,88,10,1,207,163,-160,80
65,89,16,0,197,168,-160,80
65,90,6,0,207,168,-165,80
65,91,22,0,202,168,-160,80
65,92,11,1,207,168,-160,80
65,93,36,0,207,163,-160,82
65,94,3,0,222,163,-165,82
65,95,49,0,222,163,-165,87
65,96,20,0,217,163,-150,87
65,97,23,0,212,153,-150,92
65,98,29,0,202,153,-145,92
65,99,14,0,202,153,-145,97
66,0,16,0,40,55,50,50
66,1,20,0,35,55,65,50
66,2,27,0,45,40,65,50
66,3,6,1,37,40,65,55
66,4,12,1,42,40,65,55
66,5,23,0,37,30,65,60
66,6,14,0,37,30,65,65
66,7,8,0,37,35,55,65
66,8,41,0,27,45,55,65
66,9,25,1,27,50,45,65
66,10,48,1,27,55,45,55
66,11,36,0,27,50,45,57
66,12,5,0,22,50,50,57
66,13,57,0,12,50,50,62
66,14,10,0,7,55,50,62
66,15,3,0,22,55,45,62
66,16,44,0,22,55,55,67
66,17,4,1,32,55,55,62
66,18,13,1,37,60,55,62
66,19,16,1,37,60,45,62
66,20,46,0,30,60,45,67
66,21,58,1,30,65,45,67
66,22,25,0,30,60,55,67
66,23,12,0,25,70,55,67
66,24,40,0,25,80,45,67
66,25,17,0,5,90,45,67
66,26,30,0,5,90,35,77
66,27,45,1,5,95,35,77
66,28,37,0,-7,105,35,77
66,29,10,0,-12,110,35,77
66,30,24,0,-17,110,40,77
66,31,31,0,-17,115,30,77
66,32,1,0,-7,115,15,77
66,33,13,1,-2,120,15,77
66,34,15,1,-2,125,15,77
66,35,29,0,-12,125,20,77
66,36,59,1,-12,130,20,77
66,37,14,1,-12,135,20,77
66,38,38,0,-17,140,20,77
66,39,60,1,-17,150,20,77
66,40,42,1,-17,155,20,77
66,41,12,1,-12,155,20,77
66,42,3,0,3,155,15,77
66,43,22,1,3,160,5,77
66,44,5,1,8,160,-5,77
66,45,16,0,-2,165,-5,77
66,46,15,0,18,160,-5,77
66,47,61,0,18,160,15,77
66,48,28,1,28,160,15,77
66,49,23,1,38,160,10,77
66,50,47,0,63,160,10,77
66,51,46,1,68,160,10,72
66,52,41,1,73,150,10,72
66,53,25,1,73,155,0,72
66,54,30,0,73,155,-10,82
66,55,27,1,73,160,-15,82
66,56,36,1,73,165,-15,77
66,57,29,1,73,180,-35,77
66,58,32,1,73,170,-20,77
66,59,40,0,73,180,-30,77
66,60,2,1,78,180,-40,77
66,61,44,0,78,180,-30,82
66,62,12,0,73,190,-30,82
66,63,11,0,68,190,-30,84
66,64,19,0,48,190,-20,94
66,65,15,0,68,185,-20,94
66,66,23,1,78,185,-25,94
66,67,1,1,70,185,-20,94
66,68,42,1,70,190,-20,94
66,69,38,1,75,190,-20,94
66,70,16,0,65,195,-20,94
66,71,8,0,65,200,-30,94
66,72,6,0,75,200,-35,94
66,73,43,0,95,200,-45,94
66,74,33,1,95,205,-45,94
66,75,10,1,115,205,-55,94
66,76,9,0,110,205,-55,99
66,77,14,1,110,210,-55,99
66,78,28,0,100,210,-45,99
66,79,26,1,110,210,-50,99
66,80,34,1,125,210,-50,99
66,81,25,0,125,205,-40,99
66,82,41,0,115,215,-40,99
66,83,16,0,105,220,-40,99
66,84,5,1,110,220,-50,99
66,85,22,0,105,220,-45,99
66,86,62,0,105,220,-45,99
66,87,45,0,105,220,-45,104
66,88,20,0,100,220,-30,104
66,89,39,1,105,220,-30,99
66,90,10,1,125,220,-40,99
66,91,38,1,130,220,-40,99
66,92,29,0,120,220,-35,99
66,93,43,1,120,220,-30,84
66,94,23,0,115,210,-30,89
66,95,37,1,125,210,-30,89
66,96,5,0,120,210,-25,89
66,97,16,0,110,215,-25,89
66,98,9,0,105,215,-25,94
66,99,4,0,90,220,-25,94
67,0,5,1,55,50,40,50
67,1,22,0,50,50,45,50
67,2,45,1,50,55,45,50
67,3,19,0,30,55,55,60
67,4,16,0,20,60,55,60
67,5,37,0,8,70,55,60
67,6,44,1,13,70,55,60
67,7,36,0,13,65,55,62
67,8,3,1,6,65,55,67
67,9,25,0,6,60,65,67
67,10,15,1,6,65,65,67
67,11,6,1,-2,65,65,72
67,12,13,0,-2,65,65,77
67,13,11,1,3,65,65,77
67,14,20,1,3,70,50,77
67,15,23,1,13,70,45,77
67,16,14,0,13,70,45,82
67,17,31,1,13,70,55,82
67,18,49,0,13,70,55,87
67,19,16,1,13,70,45,87
67,20,3,1,6,70,45,92
67,21,26,1,16,70,40,92
67,22,44,0,16,70,50,97
67,23,38,0,11,75,50,97
67,24,25,0,11,70,60,97
67,25,10,1,31,70,50,97
67,26,1,0,41,70,35,97
67,27,6,0,51,70,30,97
67,28,47,1,51,70,30,112
67,29,50,1,51,70,40,112
67,30,22,1,51,75,30,112
67,31,36,0,51,70,30,114
67,32,27,0,61,55,30,114
67,33,45,0,61,55,30,119
67,34,24,0,56,55,35,119
67,35,10,1,76,55,25,119
67,36,13,1,81,60,25,119
67,37,32,1,81,50,40,119
67,38,57,1,81,55,40,119
67,39,25,0,81,50,50,119
67,40,20,0,76,50,65,119
67,41,1,1,68,50,70,119
67,42,51,1,68,55,70,119
67,43,18,0,43,55,70,129
67,44,7,0,28,60,70,129
67,45,14,0,28,60,70,134
67,46,5,1,33,60,60,134
67,47,15,1,33,65,60,134
67,48,3,1,26,65,60,139
67,49,23,1,36,65,55,139
67,50,2,0,26,65,60,139
67,51,22,1,26,70,50,139
67,52,9,1,31,70,50,139
67,53,37,1,41,70,50,139
67,54,4,0,26,75,50,139
67,55,16,1,26,75,40,139
67,56,58,0,26,65,40,139
67,57,26,1,36,65,35,139
67,58,1,0,46,65,20,139
67,59,33,1,46,70,20,139
67,60,7,1,51,70,20,134
67,61,39,1,56,70,20,129
67,62,23,1,66,70,15,129
67,63,18,0,41,70,15,139
67,64,11,1,46,70,15,139
67,65,6,1,38,70,15,144
67,66,5,1,43,70,5,144
67,67,14,1,43,75,5,144
67,68,25,0,43,70,15,144
67,69,22,0,38,70,20,144
67,70,34,1,53,70,20,144
67,71,16,0,43,75,20,144
67,72,4,0,28,80,20,144
67,73,7,0,13,85,20,144
67,74,59,1,13,90,20,144
67,75,9,1,18,90,20,144
67,76,20,1,18,95,5,144
67,77,6,1,10,95,5,149
67,78,39,1,15,95,5,144
67,79,44,1,20,95,5,144
67,80,28,0,10,95,15,144
67,81,3,1,3,95,15,149
67,82,5,0,-2,95,20,149
67,83,26,0,-7,95,20,154
67,84,52,1,-7,105,20,139
67,85,12,0,-12,115,20,139
67,86,10,0,-17,120,20,139
67,87,42,0,-25,120,20,149
67,88,18,1,-15,120,20,149
67,89,30,0,-15,120,10,159
67,90,53,0,-15,135,-5,159
67,91,43,1,-15,135,0,144
67,92,8,0,-15,140,-10,144
67,93,22,1,-15,145,-20,144
67,94,25,0,-15,140,-10,144
67,95,16,1,-15,140,-20,144
67,96,4,0,-30,145,-20,144
67,97,12,0,-35,155,-20,144
67,98,7,0,-50,160,-20,144
67,99,38,0,-55,165,-20,144
68,0,31,1,50,50,60,50
68,1,41,0,40,60,60,50
68,2,11,0,35,60,60,52
68,3,37,1,45,60,60,52
68,4,57,1,45,65,60,52
68,5,9,0,40,65,60,57
68,6,19,0,20,65,70,67
68,7,4,0,5,70,70,67
68,8,16,1,5,70,60,67
68,9,58,0,5,60,60,67
68,10,26,1,15,60,55,67
68,11,59,1,15,65,55,67
68,12,12,1,20,65,55,67
68,13,39,0,13,70,55,67
68,14,48,1,13,75,55,57
68,15,25,0,13,70,65,57
68,16,23,0,8,60,65,62
68,17,30,1,8,60,75,62
68,18,10,0,3,65,75,62
68,19,11,0,-2,65,75,64
68,20,27,1,-2,70,70,64
68,21,15,1,-2,75,70,64
68,22,18,1,8,75,70,64
68,23,38,1,13,75,70,64
68,24,24,1,18,75,70,64
68,25,3,1,11,75,70,69
68,26,42,1,11,80,70,69
68,27,16,0,1,85,70,69
68,28,60,1,1,95,70,69
68,29,21,0,-4,95,85,69
68,30,12,1,1,95,85,69
68,31,46,0,-6,95,85,74
68,32,15,0,14,90,85,74
68,33,13,1,19,95,85,74
68,34,20,0,14,95,100,74
68,35,5,0,9,95,105,74
68,36,10,0,4,100,105,74
68,37,11,0,-1,100,105,76
68,38,41,0,-11,110,105,76
68,39,3,1,-18,110,105,81
68,40,24,0,-23,110,110,81
68,41,38,1,-18,110,110,81
68,42,14,0,-18,110,110,86
68,43,32,0,-18,115,95,86
68,44,26,0,-23,115,95,91
68,45,48,0,-33,115,95,96
68,46,25,1,-33,120,85,96
68,47,27,0,-23,105,85,96
68,48,33,0,7,105,85,96
68,49,28,0,-3,105,95,96
68,50,17,0,-23,115,95,96
68,51,23,0,-28,105,95,101
68,52,42,0,-36,105,95,111
68,53,12,0,-41,115,95,111
68,54,16,1,-41,115,85,111
68,55,24,1,-36,115,85,111
68,56,39,1,-31,115,85,106
68,57,20,1,-31,120,70,106
68,58,13,0,-31,120,70,111
68,59,34,0,-31,105,85,111
68,60,1,0,-21,105,70,111
68,61,10,0,-26,110,70,111
68,62,9,1,-21,110,70,111
68,63,46,1,-16,110,70,106
68,64,8,1,-26,110,70,111
68,65,35,1,-26,100,80,111
68,66,6,0,-16,100,75,111
68,67,41,0,-26,110,75,111
68,68,27,1,-26,115,70,111
68,69,22,0,-31,115,75,111
68,70,12,0,-36,125,75,111
68,71,49,0,-36,125,75,116
68,72,25,1,-36,130,65,116
68,73,19,0,-56,130,75,126
68,74,26,0,-61,130,75,131
68,75,1,0,-51,130,60,131
68,76,14,0,-51,130,60,136
68,77,4,1,-41,130,60,131
68,78,48,1,-41,135,60,121
68,79,15,1,-41,140,60,121
68,80,16,0,-51,145,60,121
68,81,36,1,-51,150,60,116
68,82,2,1,-46,150,50,116
68,83,24,0,-51,150,55,116
68,84,50,0,-51,160,55,116
68,85,41,0,-61,170,55,116
68,86,46,1,-56,170,55,111
68,87,40,1,-56,160,65,111
68,88,37,1,-46,160,65,111
68,89,15,0,-26,155,65,111
68,90,11,0,-31,155,65,113
68,91,13,1,-26,160,65,113
68,92,22,0,-31,160,70,113
68,93,23,0,-36,150,70,118
68,94,12,1,-31,150,70,118
68,95,16,1,-31,150,60,118
68,96,18,0,-56,150,60,128
68,97,28,0,-66,150,70,128
68,98,3,1,-73,150,70,133
68,99,8,0,-73,155,60,133
69,0,41,1,55,40,50,50
69,1,16,0,45,45,50,50
69,2,43,0,65,45,40,50
69,3,44,1,70,45,40,50
69,4,8,1,60,45,40,55
69,5,29,0,50,45,45,55
69,6,6,1,42,45,45,60
69,7,3,0,57,45,40,60
69,8,36,1,57,50,40,55
69,9,1,0,67,50,25,55
69,10,2,0,57,50,30,55
69,11,38,1,62,50,30,55
69,12,47,0,87,50,30,55
69,13,41,1,92,40,30,55
69,14,23,0,87,30,30,60
69,15,9,1,92,30,30,60
69,16,16,1,92,30,20,60
69,17,26,0,87,30,20,65
69,18,22,1,87,35,10,65
69,19,13,0,87,35,10,70
69,20,57,0,77,35,10,75
69,21,1,0,87,35,-5,75
69,22,40,1,87,25,5,75
69,23,45,1,87,30,5,75
69,24,3,1,80,30,5,80
69,25,24,1,85,30,5,80
69,26,4,1,95,30,5,75
69,27,30,1,95,30,15,75
69,28,29,0,85,30,20,75
69,29,10,0,80,35,20,75
69,30,58,0,80,25,20,75
69,31,44,1,85,25,20,75
69,32,31,0,85,30,10,75
69,33,2,0,75,30,15,75
69,34,16,1,75,30,5,75
69,35,20,1,75,35,-10,75
69,36,32,0,75,40,-25,75
69,37,13,0,75,40,-25,80
69,38,14,1,75,45,-25,80
69,39,10,0,70,50,-25,80
69,40,8,1,60,50,-25,85
69,41,18,0,35,50,-25,95
69,42,3,0,50,50,-30,95
69,43,7,0,35,55,-30,95
69,44,29,1,35,70,-50,95
69,45,26,0,30,70,-50,100
69,46,12,1,35,70,-50,100
69,47,6,1,27,70,-50,105
69,48,46,1,32,70,-50,100
69,49,22,1,32,75,-60,100
69,50,38,0,27,80,-60,100
69,51,2,0,17,80,-55,100
69,52,5,0,12,80,-50,100
69,53,17,0,-8,90,-50,100
69,54,16,1,-8,90,-60,100
69,55,3,0,7,90,-65,100
69,56,29,1,7,105,-85,100
69,57,47,1,7,105,-85,115
69,58,59,0,7,105,-95,120
69,59,9,0,2,105,-95,125
69,60,33,0,32,105,-95,125
69,61,24,0,27,105,-90,125
69,62,15,1,27,110,-90,125
69,63,41,0,17,120,-90,125
69,64,40,1,17,110,-80,125
69,65,4,0,2,115,-80,125
69,66,49,1,2,120,-80,125
69,67,23,1,12,120,-85,125
69,68,5,1,17,120,-95,125
69,69,60,1,17,130,-95,125
69,70,46,0,10,130,-95,130
69,71,12,0,5,140,-95,130
69,72,42,1,5,145,-95,130
69,73,6,1,-3,145,-95,135
69,74,8,0,-3,150,-105,135
69,75,18,1,7,150,-105,135
69,76,21,0,2,150,-90,135
69,77,1,1,-6,150,-85,135
69,78,11,0,-11,150,-85,137
69,79,39,1,-6,150,-85,132
69,80,16,1,-6,150,-95,132
69,81,36,1,-6,155,-95,127
69,82,4,0,-21,160,-95,127
69,83,13,0,-21,160,-95,132
69,84,10,1,-1,160,-105,132
69,85,22,1,-1,165,-115,132
69,86,8,1,-11,165,-115,137
69,87,23,1,-1,165,-120,137
69,88,25,0,-1,160,-110,137
69,89,24,0,-6,160,-105,137
69,90,28,1,4,160,-105,137
69,91,21,0,-1,160,-90,137
69,92,34,0,-1,145,-75,137
69,93,26,0,-6,145,-75,142
69,94,61,0,-6,145,-55,142
69,95,42,0,-14,145,-55,152
69,96,20,0,-19,145,-40,152
69,97,12,0,-24,155,-40,152
69,98,1,0,-14,155,-55,152
69,99,3,0,1,155,-60,152
70,0,36,0,50,45,50,52
70,1,19,1,65,45,50,52
70,2,22,0,60,45,55,52
70,3,25,0,60,40,65,52
70,4,38,1,65,40,65,52
70,5,45,1,65,45,65,52
70,6,1,1,57,45,70,52
70,7,5,0,52,45,75,52
70,8,46,1,57,45,75,47
70,9,15,0,77,40,75,47
70,10,42,0,69,40,75,57
70,11,49,0,69,40,75,62
70,12,39,1,74,40,75,57
70,13,26,0,69,40,75,62
70,14,40,0,69,50,65,62
70,15,23,1,79,50,60,62
70,16,37,1,89,50,60,62
70,17,50,1,89,50,70,62
70,18,43,0,109,50,60,62
70,19,41,1,114,40,60,62
70,20,57,0,104,40,60,67
70,21,4,1,114,40,60,62
70,22,51,0,114,20,60,72
70,23,6,1,106,20,60,77
70,24,16,0,96,25,60,77
70,25,14,0,96,25,60,82
70,26,27,1,96,30,55,82
70,27,20,1,96,35,40,82
70,28,7,1,101,35,40,77
70,29,46,1,106,35,40,72
70,30,3,0,121,35,35,72
70,31,31,0,121,40,25,72
70,32,22,0,116,40,30,72
70,33,28,0,106,40,40,72
70,34,10,0,101,45,40,72
70,35,47,0,126,45,40,72
70,36,25,1,126,50,30,72
70,37,41,0,116,60,30,72
70,38,2,1,121,60,20,72
70,39,58,1,121,65,20,72
70,40,27,1,121,70,15,72
70,41,9,1,126,70,15,72
70,42,18,1,136,70,15,72
70,43,21,0,131,70,30,72
70,44,44,0,131,70,40,77
70,45,48,0,121,70,40,82
70,46,26,0,116,70,40,87
70,47,22,0,111,70,45,87
70,48,15,0,131,65,45,87
70,49,5,1,136,65,35,87
70,50,3,0,151,65,30,87
70,51,42,0,143,65,30,97
70,52,10,1,163,65,20,97
70,53,39,1,168,65,20,92
70,54,16,0,158,70,20,92
70,55,23,1,168,70,15,92
70,56,20,1,168,75,0,92
70,57,14,1,168,80,0,92
70,58,41,1,173,70,0,92
70,59,11,1,178,70,0,92
70,60,2,1,183,70,-10,92
70,61,13,0,183,70,-10,97
70,62,25,0,183,65,0,97
70,63,43,1,183,65,5,82
70,64,27,0,193,50,5,82
70,65,4,0,178,55,5,82
70,66,3,0,193,55,0,82
70,67,45,0,193,55,0,87
70,68,32,1,193,45,15,87
70,69,59,1,193,50,15,87
70,70,24,1,198,50,15,87
70,71,33,0,228,50,15,87
70,72,34,0,228,35,30,87
70,73,9,0,223,35,30,92
70,74,25,0,223,30,40,92
70,75,8,1,213,30,40,97
70,76,6,0,223,30,35,97
70,77,26,1,233,30,30,97
70,78,17,0,213,40,30,97
70,79,14,1,213,45,30,97
70,80,1,1,205,45,35,97
70,81,38,1,210,45,35,97
70,82,27,1,210,50,30,97
70,83,60,0,240,50,30,97
70,84,16,0,230,55,30,97
70,85,11,1,235,55,30,97
70,86,5,0,230,55,35,97
70,87,23,1,240,55,30,97
70,88,15,1,240,60,30,97
70,89,20,0,235,60,45,97
70,90,45,1,235,65,45,97
70,91,9,0,230,65,45,102
70,92,61,1,230,75,45,102
70,93,1,0,240,75,30,102
70,94,2,0,230,75,35,102
70,95,22,1,230,80,25,102
70,96,26,1,240,80,20,102
70,97,27,0,250,65,20,102
70,98,25,0,250,60,30,102
70,99,44,1,255,60,30,102
71,0,21,0,45,50,65,50
71,1,14,0,45,50,65,55
71,2,16,1,45,50,55,55
71,3,6,0,55,50,50,55
71,4,20,1,55,55,35,55
71,5,28,0,45,55,45,55
71,6,27,0,55,40,45,55
71,7,10,0,50,45,45,55
71,8,49,1,50,50,45,55
71,9,26,0,45,50,45,60
71,10,39,1,50,50,45,55
71,11,57,1,50,55,45,55
71,12,31,1,50,55,55,55
71,13,14,1,50,60,55,55
71,14,41,0,40,70,55,55
71,15,58,1,40,75,55,55
71,16,43,0,60,75,45,55
71,17,48,1,60,80,45,45
71,18,29,1,60,95,25,45
71,19,10,1,80,95,15,45
71,20,13,1,85,100,15,45
71,21,5,1,90,100,5,45
71,22,11,1,95,100,5,45
71,23,7,1,100,100,5,40
71,24,1,1,92,100,10,40
71,25,59,1,92,105,10,40
71,26,18,0,67,105,10,50
71,27,46,1,72,105,10,45
71,28,38,0,67,110,10,45
71,29,60,1,67,120,10,45
71,30,44,0,67,120,20,50
71,31,19,0,47,120,30,60
71,32,9,0,42,120,30,65
71,33,47,1,42,120,30,80
71,34,22,1,42,125,20,80
71,35,2,1,47,125,10,80
71,36,14,0,47,125,10,85
71,37,11,0,42,125,10,87
71,38,4,0,27,130,10,87
71,39,42,0,19,130,10,97
71,40,46,1,24,130,10,92
71,41,16,0,14,135,10,92
71,42,25,0,14,130,20,92
71,43,13,1,19,135,20,92
71,44,23,0,14,125,20,97
71,45,10,1,34,125,10,97
71,46,30,0,34,125,0,107
71,47,12,1,39,125,0,107
71,48,18,0,14,125,0,117
71,49,28,1,24,125,0,117
71,50,7,0,9,130,0,117
71,51,20,1,9,135,-15,117
71,52,61,1,9,145,-15,117
71,53,14,0,9,145,-15,122
71,54,3,0,24,145,-20,122
71,55,25,1,24,150,-30,122
71,56,40,0,24,160,-40,122
71,57,41,1,29,150,-40,122
71,58,9,1,34,150,-40,122
71,59,16,1,34,150,-50,122
71,60,32,0,34,155,-65,122
71,61,4,0,19,160,-65,122
71,62,33,1,19,165,-65,122
71,63,6,0,29,165,-70,122
71,64,45,0,29,165,-70,127
71,65,38,1,34,165,-70,127
71,66,23,0,29,155,-70,132
71,67,13,0,29,155,-70,137
71,68,20,0,24,155,-55,137
71,69,16,1,24,155,-65,137
71,70,30,1,24,155,-55,137
71,71,26,1,34,155,-60,137
71,72,43,1,34,155,-55,122
71,73,42,1,34,160,-55,122
71,74,22,1,34,165,-65,122
71,75,4,0,19,170,-65,122
71,76,36,1,19,175,-65,117
71,77,7,0,4,180,-65,117
71,78,1,1,-4,180,-60,117
71,79,23,0,-9,170,-60,122
71,80,2,1,-4,170,-70,122
71,81,12,0,-9,180,-70,122
71,82,45,0,-9,180,-70,127
71,83,26,1,1,180,-75,127
71,84,20,0,-4,180,-60,127
71,85,17,0,-24,190,-60,127
71,86,46,1,-19,190,-60,122
71,87,29,1,-19,205,-80,122
71,88,44,1,-14,205,-80,122
71,89,19,0,-34,205,-70,132
71,90,15,0,-14,200,-70,132
71,91,9,0,-19,200,-70,137
71,92,34,1,-4,200,-70,137
71,93,10,0,-9,205,-70,137
71,94,42,0,-17,205,-70,147
71,95,6,1,-25,205,-70,152
71,96,28,1,-15,205,-70,152
71,97,11,1,-10,205,-70,152
71,98,13,0,-10,205,-70,157
71,99,22,1,-10,210,-80,157
72,0,57,1,50,55,50,50
72,1,3,1,43,55,50,55
72,2,8,0,43,60,40,55
72,3,23,0,38,50,40,60
72,4,31,0,38,55,30,60
72,5,1,1,30,55,35,60
72,6,42,0,22,55,35,70
72,7,25,0,22,50,45,70
72,8,27,1,22,55,40,70
72,9,47,0,47,55,40,70
72,10,20,0,42,55,55,70
72,11,12,0,37,65,55,70
72,12,14,0,37,65,55,75
72,13,9,0,32,65,55,80
72,14,21,0,27,65,70,80
72,15,5,1,32,65,60,80
72,16,22,0,27,65,65,80
72,17,1,0,37,65,50,80
72,18,11,0,32,65,50,82
72,19,16,0,22,70,50,82
72,20,4,1,32,70,50,77
72,21,15,0,52,65,50,77
72,22,13,0,52,65,50,82
72,23,58,0,52,55,50,82
72,24,36,0,52,50,50,84
72,25,24,1,57,50,50,84
72,26,8,0,57,55,40,84
72,27,20,1,57,60,25,84
72,28,9,0,52,60,25,89
72,29,10,1,72,60,15,89
72,30,44,0,72,60,25,94
72,31,1,1,64,60,30,94
72,32,43,0,84,60,20,94
72,33,18,1,94,60,20,94
72,34,12,0,89,70,20,94
72,35,16,1,89,70,10,94
72,36,30,0,89,70,0,104
72,37,41,1,94,60,0,104
72,38,38,0,89,65,0,104
72,39,42,0,81,65,0,114
72,40,24,0,76,65,5,114
72,41,8,1,66,65,5,119
72,42,14,1,66,70,5,119
72,43,1,1,58,70,10,119
72,44,4,1,68,70,10,114
72,45,22,0,63,70,15,114
72,46,59,1,63,75,15,114
72,47,15,0,83,70,15,114
72,48,60,1,83,80,15,114
72,49,3,0,98,80,10,114
72,50,48,0,88,80,10,119
72,51,23,1,98,80,5,119
72,52,45,1,98,85,5,119
72,53,13,1,103,90,5,119
72,54,16,0,93,95,5,119
72,55,36,0,93,90,5,121
72,56,10,0,88,95,5,121
72,57,29,0,78,95,10,121
72,58,46,1,83,95,10,116
72,59,44,1,88,95,10,116
72,60,37,0,76,105,10,116
72,61,42,0,68,105,10,126
72,62,2,1,73,105,0,126
72,63,9,0,68,105,0,131
72,64,4,1,78,105,0,126
72,65,43,0,98,105,-10,126
72,66,40,1,98,95,0,126
72,67,61,1,98,105,0,126
72,68,14,0,98,105,0,131
72,69,28,1,108,105,0,131
72,70,15,1,108,110,0,131
72,71,26,1,118,110,-5,131
72,72,22,1,118,115,-15,131
72,73,21,0,113,115,0,131
72,74,23,0,108,105,0,136
72,75,47,0,133,105,0,136
72,76,16,0,123,110,0,136
72,77,25,1,123,115,-10,136
72,78,36,0,123,110,-10,138
72,79,3,1,116,110,-10,143
72,80,13,1,121,115,-10,143
72,81,11,0,116,115,-10,145
72,82,4,1,126,115,-10,140
72,83,41,0,116,125,-10,140
72,84,12,1,121,125,-10,140
72,85,26,1,131,125,-15,140
72,86,7,1,136,125,-15,135
72,87,15,0,156,120,-15,135
72,88,45,0,156,120,-15,140
72,89,1,0,166,120,-30,140
72,90,39,0,159,125,-30,140
72,91,25,1,159,130,-40,140
72,92,20,1,159,135,-55,140
72,93,2,0,149,135,-50,140
72,94,36,0,149,130,-50,142
72,95,40,1,149,120,-40,142
72,96,22,1,149,125,-50,142
72,97,23,0,144,115,-50,147
72,98,16,0,134,120,-50,147
72,99,15,0,154,115,-50,147
73,0,14,0,50,50,50,55
73,1,25,0,50,45,60,55
73,2,15,0,70,40,60,55
73,3,44,1,75,40,60,55
73,4,10,1,95,40,50,55
73,5,5,0,90,40,55,55
73,6,26,0,85,40,55,60
73,7,39,1,90,40,55,55
73,8,57,1,90,45,55,55
73,9,45,1,90,50,55,55
73,10,20,0,85,50,70,55
73,11,18,0,60,50,70,65
73,12,3,1,53,50,70,70
73,13,12,0,48,60,70,70
73,14,31,1,48,60,80,70
73,15,32,1,48,50,95,70
73,16,2,1,53,50,85,70
73,17,48,0,43,50,85,75
73,18,6,1,35,50,85,80
73,19,36,0,35,45,85,82
73,20,4,0,20,50,85,82
73,21,8,0,20,55,75,82
73,22,1,1,12,55,80,82
73,23,23,0,7,45,80,87
73,24,5,1,12,45,70,87
73,25,44,0,12,45,80,92
73,26,41,1,17,35,80,92
73,27,22,0,12,35,85,92
73,28,12,1,17,35,85,92
73,29,37,0,5,45,85,92
73,30,11,0,0,45,85,94
73,31,43,0,20,45,75,94
73,32,4,1,30,45,75,89
73,33,16,0,20,50,75,89
73,34,13,0,20,50,75,94
73,35,58,1,20,55,75,94
73,36,41,1,25,45,75,94
73,37,46,0,18,45,75,99
73,38,38,1,23,45,75,99
73,39,2,0,13,45,80,99
73,40,29,0,3,45,85,99
73,41,33,0,33,45,85,99
73,42,15,0,53,40,85,99
73,43,44,1,58,40,85,99
73,44,12,0,53,50,85,99
73,45,23,1,63,50,80,99
73,46,16,0,53,55,80,99
73,47,10,0,48,60,80,99
73,48,25,1,48,65,70,99
73,49,17,0,28,75,70,99
73,50,3,1,21,75,70,104
73,51,9,1,26,75,70,104
73,52,59,0,26,75,60,109
73,53,11,1,31,75,60,109
73,54,41,1,36,65,60,109
73,55,20,0,31,65,75,109
73,56,12,1,36,65,75,109
73,57,28,1,46,65,75,109
73,58,6,1,38,65,75,114
73,59,10,1,58,65,65,114
73,60,37,1,68,65,65,114
73,61,38,1,73,65,65,114
73,62,27,1,73,70,60,114
73,63,29,0,63,70,65,114
73,64,23,1,73,70,60,114
73,65,11,1,78,70,60,114
73,66,13,0,78,70,60,119
73,67,26,0,73,70,60,124
73,68,41,0,63,80,60,124
73,69,44,1,68,80,60,124
73,70,22,0,63,80,65,124
73,71,36,1,63,85,65,119
73,72,14,0,63,85,65,124
73,73,17,0,43,95,65,124
73,74,39,1,48,95,65,119
73,75,4,1,58,95,65,114
73,76,1,1,50,95,70,114
73,77,40,1,50,85,80,114
73,78,24,0,45,85,85,114
73,79,45,0,45,85,85,119
73,80,25,0,45,80,95,119
73,81,12,1,50,80,95,119
73,82,43,1,50,80,100,104
73,83,23,0,45,70,100,109
73,84,18,0,20,70,100,119
73,85,22,0,15,70,105,119
73,86,20,1,15,75,90,119
73,87,41,0,5,85,90,119
73,88,34,0,5,70,105,119
73,89,14,0,5,70,105,124
73,90,38,0,0,75,105,124
73,91,3,1,-7,75,105,129
73,92,60,0,23,75,105,129
73,93,21,0,18,75,120,129
73,94,37,0,6,85,120,129
73,95,46,0,-1,85,120,134
73,96,35,0,-1,93,105,134
73,97,8,0,-1,98,95,134
73,98,26,1,9,98,90,134
73,99,28,1,19,98,90,134
74,0,23,0,45,40,50,55
74,1,9,1,50,40,50,55
74,2,57,0,40,40,50,60
74,3,20,0,35,40,65,60
74,4,22,1,35,45,55,60
74,5,6,1,27,45,55,65
74,6,49,0,27,45,55,70
74,7,28,1,37,45,55,70
74,8,42,1,37,50,55,70
74,9,11,1,42,50,55,70
74,10,25,1,42,55,45,70
74,11,41,0,32,65,45,70
74,12,23,0,27,55,45,75
74,13,16,1,27,55,35,75
74,14,58,0,27,45,35,75
74,15,48,1,27,50,35,65
74,16,31,1,27,50,45,65
74,17,15,0,47,45,45,65
74,18,2,0,37,45,50,65
74,19,59,1,37,50,50,65
74,20,9,0,32,50,50,70
74,21,4,1,42,50,50,65
74,22,46,1,47,50,50,60
74,23,29,0,37,50,55,60
74,24,26,1,47,50,50,60
74,25,32,1,47,40,65,60
74,26,12,0,42,50,65,60
74,27,40,0,42,60,55,60
74,28,38,1,47,60,55,60
74,29,13,1,52,65,55,60
74,30,14,1,52,70,55,60
74,31,1,0,62,70,40,60
74,32,37,0,50,80,40,60
74,33,17,1,35,80,50,60
74,34,41,1,40,70,50,60
74,35,5,0,35,70,55,60
74,36,4,0,20,75,55,60
74,37,3,0,35,75,50,60
74,38,15,1,35,80,50,60
74,39,12,0,30,90,50,60
74,40,26,1,40,90,45,60
74,41,28,0,30,90,55,60
74,42,33,0,60,90,55,60
74,43,8,0,60,95,45,60
74,44,9,0,55,95,45,65
74,45,14,1,55,100,45,65
74,46,1,1,47,100,50,65
74,47,46,0,40,100,50,70
74,48,60,0,70,100,50,70
74,49,42,0,62,100,50,80
74,50,41,1,67,90,50,80
74,51,50,0,67,100,50,80
74,52,39,0,60,105,50,80
74,53,51,0,60,85,50,90
74,54,44,1,65,85,50,90
74,55,22,0,60,85,55,90
74,56,38,1,65,85,55,90
74,57,7,0,50,90,55,90
74,58,25,0,50,85,65,90
74,59,21,1,50,90,50,90
74,60,45,1,50,95,50,90
74,61,12,1,55,95,50,90
74,62,14,0,55,95,50,95
74,63,5,0,50,95,55,95
74,64,6,1,42,95,55,100
74,65,26,0,37,95,55,105
74,66,8,1,27,95,55,110
74,67,2,1,32,95,45,110
74,68,10,1,52,95,35,110
74,69,30,1,52,95,45,110
74,70,52,1,52,105,45,95
74,71,41,1,57,95,45,95
74,72,40,0,57,105,35,95
74,73,3,1,50,105,35,100
74,74,27,0,60,90,35,100
74,75,13,0,60,90,35,105
74,76,22,1,60,95,25,105
74,77,9,1,65,95,25,105
74,78,37,0,53,105,25,105
74,79,25,1,53,110,15,105
74,80,7,0,38,115,15,105
74,81,5,1,43,115,5,105
74,82,38,1,48,115,5,105
74,83,28,0,38,115,15,105
74,84,4,1,48,115,15,100
74,85,12,0,43,125,15,100
74,86,44,1,48,125,15,100
74,87,1,0,58,125,0,100
74,88,53,0,58,140,-15,100
74,89,39,1,63,140,-15,95
74,90,34,0,63,125,0,95
74,91,22,0,58,125,5,95
74,92,9,1,63,125,5,95
74,93,23,0,58,115,5,100
74,94,3,1,51,115,5,105
74,95,15,0,71,110,5,105
74,96,6,1,63,110,5,110
74,97,48,1,63,115,5,100
74,98,40,0,63,125,-5,100
74,99,36,0,63,120,-5,102
75,0,49,1,50,55,50,50
75,1,48,0,40,55,50,55
75,2,22,1,40,60,40,55
75,3,14,0,40,60,40,60
75,4,3,0,55,60,35,60
75,5,6,1,47,60,35,65
75,6,15,0,67,55,35,65
75,7,9,1,72,55,35,65
75,8,30,1,72,55,45,65
75,9,20,0,67,55,60,65
75,10,16,0,57,60,60,65
75,11,41,1,62,50,60,65
75,12,21,1,62,55,45,65
75,13,45,0,62,55,45,70
75,14,10,1,82,55,35,70
75,15,43,0,102,55,25,70
75,16,25,0,102,50,35,70
75,17,18,1,112,50,35,70
75,18,7,0,97,55,35,70
75,19,6,1,89,55,35,75
75,20,11,1,94,55,35,75
75,21,15,0,114,50,35,75
75,22,1,0,124,50,20,75
75,23,41,1,129,40,20,75
75,24,24,1,134,40,20,75
75,25,42,0,126,40,20,85
75,26,20,1,126,45,5,85
75,27,13,1,131,50,5,85
75,28,47,1,131,50,5,100
75,29,48,0,121,50,5,105
75,30,19,0,101,50,15,115
75,31,25,0,101,45,25,115
75,32,16,0,91,50,25,115
75,33,40,0,91,60,15,115
75,34,27,0,101,45,15,115
75,35,57,1,101,50,15,115
75,36,1,1,93,50,20,115
75,37,22,0,88,50,25,115
75,38,8,0,88,55,15,115
75,39,39,1,93,55,15,110
75,40,11,1,98,55,15,110
75,41,15,0,118,50,15,110
75,42,3,1,111,50,15,115
75,43,28,1,121,50,15,115
75,44,58,1,121,55,15,115
75,45,14,1,121,60,15,115
75,46,20,1,121,65,0,115
75,47,12,0,116,75,0,115
75,48,26,0,111,75,0,120
75,49,9,1,116,75,0,120
75,50,42,0,108,75,0,130
75,51,21,0,103,75,15,130
75,52,40,0,103,85,5,130
75,53,24,0,98,85,10,130
75,54,47,0,123,85,10,130
75,55,44,0,123,85,20,135
75,56,48,0,113,85,20,140
75,57,15,1,113,90,20,140
75,58,31,1,113,90,30,140
75,59,23,1,123,90,25,140
75,60,16,1,123,90,15,140
75,61,20,0,118,90,30,140
75,62,14,0,118,90,30,145
75,63,21,0,113,90,45,145
75,64,10,1,133,90,35,145
75,65,5,0,128,90,40,145
75,66,9,0,123,90,40,150
75,67,2,1,128,90,30,150
75,68,6,1,120,90,30,155
75,69,40,1,120,80,40,155
75,70,22,0,115,80,45,155
75,71,11,1,120,80,45,155
75,72,36,0,120,75,45,157
75,73,25,0,120,70,55,157
75,74,26,1,130,70,50,157
75,75,16,1,130,70,40,157
75,76,23,0,125,60,40,162
75,77,24,0,120,60,45,162
75,78,17,1,105,60,55,162
75,79,27,0,115,45,55,162
75,80,12,1,120,45,55,162
75,81,28,0,110,45,65,162
75,82,14,0,110,45,65,167
75,83,37,1,120,45,65,167
75,84,13,0,120,45,65,172
75,85,10,0,115,50,65,172
75,86,25,1,115,55,55,172
75,87,11,0,110,55,55,174
75,88,59,0,110,55,45,179
75,89,29,0,100,55,50,179
75,90,15,0,120,50,50,179
75,91,6,1,112,50,50,184
75,92,3,0,127,50,45,184
75,93,5,0,122,50,50,184
75,94,39,1,127,50,50,179
75,95,1,1,119,50,55,179
75,96,16,0,109,55,55,179
75,97,44,0,109,55,65,184
75,98,20,0,104,55,80,184
75,99,19,0,84,55,90,194
76,0,31,0,50,55,40,50
76,1,32,1,50,45,55,50
76,2,26,0,45,45,55,55
76,3,46,1,50,45,55,50
76,4,16,1,50,45,45,50
76,5,25,1,50,50,35,50
76,6,22,0,45,50,40,50
76,7,49,0,45,50,40,55
76,8,50,0,45,60,40,55
76,9,5,1,50,60,30,55
76,10,23,0,45,50,30,60
76,11,19,1,60,50,30,60
76,12,11,1,65,50,30,60
76,13,51,1,65,55,30,60
76,14,1,1,57,55,35,60
76,15,16,1,57,55,25,60
76,16,29,0,47,55,30,60
76,17,36,1,47,60,30,55
76,18,33,1,47,65,30,55
76,19,20,0,42,65,45,55
76,20,38,1,47,65,45,55
76,21,22,1,47,70,35,55
76,22,23,0,42,60,35,60
76,23,15,0,62,55,35,60
76,24,21,1,62,60,20,60
76,25,5,1,67,60,10,60
76,26,9,1,72,60,10,60
76,27,10,1,92,60,0,60
76,28,41,1,97,50,0,60
76,29,16,1,97,50,-10,60
76,30,13,1,102,55,-10,60
76,31,28,0,92,55,0,60
76,32,7,1,97,55,0,55
76,33,11,0,92,55,0,57
76,34,57,0,82,55,0,62
76,35,1,1,74,55,5,62
76,36,3,1,67,55,5,67
76,37,44,1,72,55,5,67
76,38,34,0,72,40,20,67
76,39,52,1,72,50,20,52
76,40,26,0,67,50,20,57
76,41,12,1,72,50,20,57
76,42,27,0,82,35,20,57
76,43,29,1,82,50,0,57
76,44,36,0,82,45,0,59
76,45,22,1,82,50,-10,59
76,46,21,1,82,55,-25,59
76,47,47,1,82,55,-25,74
76,48,18,1,92,55,-25,74
76,49,4,1,102,55,-25,69
76,50,10,1,122,55,-35,69
76,51,39,0,115,60,-35,69
76,52,8,0,115,65,-45,69
76,53,12,0,110,75,-45,69
76,54,5,1,115,75,-55,69
76,55,17,1,100,75,-45,69
76,56,29,0,90,75,-40,69
76,57,14,1,90,80,-40,69
76,58,41,0,80,90,-40,69
76,59,9,1,85,90,-40,69
76,60,16,1,85,90,-50,69
76,61,6,0,95,90,-55,69
76,62,4,1,105,90,-55,64
76,63,20,0,100,90,-40,64
76,64,37,1,110,90,-40,64
76,65,12,1,115,90,-40,64
76,66,22,1,115,95,-50,64
76,67,2,0,105,95,-45,64
76,68,38,0,100,100,-45,64
76,69,21,1,100,105,-60,64
76,70,30,1,100,105,-50,64
76,71,3,1,93,105,-50,69
76,72,27,1,93,110,-55,69
76,73,16,0,83,115,-55,69
76,74,15,1,83,120,-55,69
76,75,4,0,68,125,-55,69
76,76,1,0,78,125,-70,69
76,77,26,0,73,125,-70,74
76,78,47,1,73,125,-70,89
76,79,9,1,78,125,-70,89
76,80,40,0,78,135,-80,89
76,81,19,1,93,135,-80,89
76,82,45,1,93,140,-80,89
76,83,25,1,93,145,-90,89
76,84,24,1,98,145,-90,89
76,85,3,0,113,145,-95,89
76,86,41,1,118,135,-95,89
76,87,12,1,123,135,-95,89
76,88,37,0,111,145,-95,89
76,89,23,1,121,145,-100,89
76,90,53,0,121,160,-115,89
76,91,46,1,126,160,-115,84
76,92,38,0,121,165,-115,84
76,93,1,0,131,165,-130,84
76,94,20,0,126,165,-115,84
76,95,18,1,136,165,-115,84
76,96,15,1,136,170,-115,84
76,97,14,0,136,170,-115,89
76,98,5,1,141,170,-125,89
76,99,12,0,136,180,-125,89
77,0,27,0,60,35,50,50
77,1,10,0,55,40,50,50
77,2,18,1,65,40,50,50
77,3,9,0,60,40,50,55
77,4,16,0,50,45,50,55
77,5,49,1,50,50,50,55
77,6,4,0,35,55,50,55
77,7,57,0,25,55,50,60
77,8,42,1,25,60,50,60
77,9,12,0,20,70,50,60
77,10,15,0,40,65,50,60
77,11,20,1,40,70,35,60
77,12,38,1,45,70,35,60
77,13,41,1,50,60,35,60
77,14,5,0,45,60,40,60
77,15,36,1,45,65,40,55
77,16,11,1,50,65,40,55
77,17,10,1,70,65,30,55
77,18,31,1,70,65,40,55
77,19,4,0,55,70,40,55
77,20,9,0,50,70,40,60
77,21,26,0,45,70,40,65
77,22,43,0,65,70,30,65
77,23,12,1,70,70,30,65
77,24,37,0,58,80,30,65
77,25,8,0,58,85,20,65
77,26,14,1,58,90,20,65
77,27,40,1,58,80,30,65
77,28,16,0,48,85,30,65
77,29,38,1,53,85,30,65
77,30,11,1,58,85,30,65
77,31,27,0,68,70,30,65
77,32,4,1,78,70,30,60
77,33,36,1,78,75,30,55
77,34,2,1,83,75,20,55
77,35,5,0,78,75,25,55
77,36,25,0,78,70,35,55
77,37,20,1,78,75,20,55
77,38,7,0,63,80,20,55
77,39,23,1,73,80,15,55
77,40,12,1,78,80,15,55
77,41,29,1,78,95,-5,55
77,42,45,0,78,95,-5,60
77,43,39,0,71,100,-5,60
77,44,10,0,66,105,-5,60
77,45,3,0,81,105,-10,60
77,46,44,1,86,105,-10,60
77,47,22,1,86,110,-20,60
77,48,8,1,76,110,-20,65
77,49,11,1,81,110,-20,65
77,50,18,0,56,110,-20,75
77,51,6,1,48,110,-20,80
77,52,32,0,48,115,-35,80
77,53,27,0,58,100,-35,80
77,54,58,1,58,105,-35,80
77,55,48,0,48,105,-35,85
77,56,13,0,48,105,-35,90
77,57,20,1,48,110,-50,90
77,58,14,1,48,115,-50,90
77,59,40,0,48,125,-60,90
77,60,21,0,43,125,-45,90
77,61,16,0,33,130,-45,90
77,62,5,0,28,130,-40,90
77,63,1,0,38,130,-55,90
77,64,25,0,38,125,-45,90
77,65,8,1,28,125,-45,95
77,66,44,1,33,125,-45,95
77,67,47,0,58,125,-45,95
77,68,29,1,58,140,-65,95
77,69,46,0,51,140,-65,100
77,70,7,1,56,140,-65,95
77,71,59,1,56,145,-65,95
77,72,28,1,66,145,-65,95
77,73,14,0,66,145,-65,100
77,74,5,1,71,145,-75,100
77,75,20,0,66,145,-60,100
77,76,25,1,66,150,-70,100
77,77,16,1,66,150,-80,100
77,78,11,1,71,150,-80,100
77,79,48,1,71,155,-80,90
77,80,41,1,76,145,-80,90
77,81,9,0,71,145,-80,95
77,82,18,0,46,145,-80,105
77,83,60,0,76,145,-80,105
77,84,26,0,71,145,-80,110
77,85,36,1,71,150,-80,105
77,86,21,0,66,150,-65,105
77,87,13,1,71,155,-65,105
77,88,12,0,66,165,-65,105
77,89,3,0,81,165,-70,105
77,90,5,1,86,165,-80,105
77,91,40,1,86,155,-70,105
77,92,7,1,91,155,-70,100
77,93,20,0,86,155,-55,100
77,94,25,1,86,160,-65,100
77,95,43,1,86,160,-60,85
77,96,46,0,79,160,-60,90
77,97,16,1,79,160,-70,90
77,98,26,0,74,160,-70,95
77,99,2,0,64,160,-65,95
78,0,5,0,45,50,55,50
78,1,21,0,40,50,70,50
78,2,41,0,30,60,70,50
78,3,15,1,30,65,70,50
78,4,9,1,35,65,70,50
78,5,2,0,25,65,75,50
78,6,28,1,35,65,75,50
78,7,49,0,35,65,75,55
78,8,11,0,30,65,75,57
78,9,16,1,30,65,65,57
78,10,1,1,22,65,70,57
78,11,6,1,14,65,70,62
78,12,27,0,24,50,70,62
78,13,4,1,34,50,70,57
78,14,30,1,34,50,80,57
78,15,50,0,34,60,80,57
78,16,43,0,54,60,70,57
78,17,46,1,59,60,70,52
78,18,31,0,59,65,60,52
78,19,23,1,69,65,55,52
78,20,36,0,69,60,55,54
78,21,57,1,69,65,55,54
78,22,2,1,74,65,45,54
78,23,28,1,84,65,45,54
78,24,47,1,84,65,45,69
78,25,24,0,79,65,50,69
78,26,20,0,74,65,65,69
78,27,26,1,84,65,60,69
78,28,40,1,84,55,70,69
78,29,42,0,76,55,70,79
78,30,21,0,71,55,85,79
78,31,15,0,91,50,85,79
78,32,44,1,96,50,85,79
78,33,46,0,89,50,85,84
78,34,41,1,94,40,85,84
78,35,7,1,99,40,85,79
78,36,3,0,114,40,80,79
78,37,23,0,109,30,80,84
78,38,28,0,99,30,90,84
78,39,11,0,94,30,90,86
78,40,29,1,94,45,70,86
78,41,45,0,94,45,70,91
78,42,2,0,84,45,75,91
78,43,5,1,89,45,65,91
78,44,9,1,94,45,65,91
78,45,4,1,104,45,65,86
78,46,40,1,104,35,75,86
78,47,46,1,109,35,75,81
78,48,10,0,104,40,75,81
78,49,41,0,94,50,75,81
78,50,39,1,99,50,75,76
78,51,3,0,114,50,70,76
78,52,20,0,109,50,85,76
78,53,42,0,101,50,85,86
78,54,25,0,101,45,95,86
78,55,15,1,101,50,95,86
78,56,8,0,101,55,85,86
78,57,23,1,111,55,80,86
78,58,10,1,131,55,70,86
78,59,7,0,116,60,70,86
78,60,16,1,116,60,60,86
78,61,44,0,116,60,70,91
78,62,12,1,121,60,70,91
78,63,45,0,121,60,70,96
78,64,3,1,114,60,70,101
78,65,24,1,119,60,70,101
78,66,5,0,114,60,75,101
78,67,20,1,114,65,60,101
78,68,43,1,114,65,65,86
78,69,14,1,114,70,65,86
78,70,22,1,114,75,55,86
78,71,46,0,107,75,55,91
78,72,23,0,102,65,55,96
78,73,18,1,112,65,55,96
78,74,32,0,112,70,40,96
78,75,30,0,112,70,30,106
78,76,41,0,102,80,30,106
78,77,40,1,102,70,40,106
78,78,1,1,94,70,45,106
78,79,45,0,94,70,45,111
78,80,15,1,94,75,45,111
78,81,51,0,94,55,45,121
78,82,16,0,84,60,45,121
78,83,4,1,94,60,45,116
78,84,26,0,89,60,45,121
78,85,7,1,94,60,45,116
78,86,41,1,99,50,45,116
78,87,23,1,109,50,40,116
78,88,13,1,114,55,40,116
78,89,25,1,114,60,30,116
78,90,44,0,114,60,40,121
78,91,28,0,104,60,50,121
78,92,6,1,96,60,50,126
78,93,39,0,89,65,50,126
78,94,1,0,99,65,35,126
78,95,40,1,99,55,45,126
78,96,37,1,109,55,45,126
78,97,46,1,114,55,45,121
78,98,5,1,119,55,35,121
78,99,21,1,119,60,20,121
79,0,12,1,55,50,50,50
79,1,44,1,60,50,50,50
79,2,14,1,60,55,50,50
79,3,4,0,45,60,50,50
79,4,36,1,45,65,50,45
79,5,40,0,45,75,40,45
79,6,5,1,50,75,30,45
79,7,39,1,55,75,30,40
79,8,24,1,60,75,30,40
79,9,20,0,55,75,45,40
79,10,27,0,65,60,45,40
79,11,6,0,75,60,40,40
79,12,22,0,70,60,45,40
79,13,3,0,85,60,40,40
79,14,12,0,80,70,40,40
79,15,25,0,80,65,50,40
79,16,47,0,105,65,50,40
79,17,21,1,105,70,35,40
79,18,9,1,110,70,35,40
79,19,16,1,110,70,25,40
79,20,29,1,110,85,5,40
79,21,4,0,95,90,5,40
79,22,15,0,115,85,5,40
79,23,24,1,120,85,5,40
79,24,8,1,110,85,5,45
79,25,40,1,110,75,15,45
79,26,11,1,115,75,15,45
79,27,38,1,120,75,15,45
79,28,31,1,120,75,25,45
79,29,20,0,115,75,40,45
79,30,1,1,107,75,45,45
79,31,5,1,112,75,35,45
79,32,44,1,117,75,35,45
79,33,10,1,137,75,25,45
79,34,16,0,127,80,25,45
79,35,29,0,117,80,30,45
79,36,46,1,122,80,30,40
79,37,41,1,127,70,30,40
79,38,43,0,147,70,20,40
79,39,26,0,142,70,20,45
79,40,3,1,135,70,20,50
79,41,15,0,155,65,20,50
79,42,45,0,155,65,20,55
79,43,23,0,150,55,20,60
79,44,57,1,150,60,20,60
79,45,58,1,150,65,20,60
79,46,32,1,150,55,35,60
79,47,18,0,125,55,35,70
79,48,9,0,120,55,35,75
79,49,44,1,125,55,35,75
79,50,16,0,115,60,35,75
79,51,4,1,125,60,35,70
79,52,14,1,125,65,35,70
79,53,33,0,155,65,35,70
79,54,12,0,150,75,35,70
79,55,25,1,150,80,25,70
79,56,6,1,142,80,25,75
79,57,8,1,132,80,25,80
79,58,2,0,122,80,30,80
79,59,7,1,127,80,30,75
79,60,5,0,122,80,35,75
79,61,26,0,117,80,35,80
79,62,41,1,122,70,35,80
79,63,16,1,122,70,25,80
79,64,23,1,132,70,20,80
79,65,43,0,152,70,10,80
79,66,59,1,152,75,10,80
79,67,11,0,147,75,10,82
79,68,60,1,147,85,10,82
79,69,1,0,157,85,-5,82
79,70,13,1,162,90,-5,82
79,71,44,1,167,90,-5,82
79,72,15,1,167,95,-5,82
79,73,34,1,182,95,-5,82
79,74,41,0,172,105,-5,82
79,75,28,1,182,105,-5,82
79,76,5,1,187,105,-15,82
79,77,4,0,172,110,-15,82
79,78,12,1,177,110,-15,82
79,79,42,1,177,115,-15,82
79,80,35,1,177,105,-5,82
79,81,10,0,172,110,-5,82
79,82,11,1,177,110,-5,82
79,83,29,0,167,110,0,82
79,84,61,1,167,120,0,82
79,85,16,1,167,120,-10,82
79,86,43,0,187,120,-20,82
79,87,45,1,187,125,-20,82
79,88,8,0,187,130,-30,82
79,89,21,1,187,135,-45,82
79,90,5,0,182,135,-40,82
79,91,9,0,177,135,-40,87
79,92,62,0,177,135,-40,87
79,93,2,0,167,135,-35,87
79,94,30,0,167,135,-45,97
79,95,1,0,177,135,-60,97
79,96,37,0,165,145,-60,97
79,97,40,0,165,155,-70,97
79,98,41,0,155,165,-70,97
79,99,36,1,155,170,-70,92
80,0,28,1,60,50,50,50
80,1,1,0,70,50,35,50
80,2,16,0,60,55,35,50
80,3,44,1,65,55,35,50
80,4,9,1,70,55,35,50
80,5,29,1,70,70,15,50
80,6,5,1,75,70,5,50
80,7,46,0,68,70,5,55
80,8,3,0,83,70,0,55
80,9,13,1,88,75,0,55
80,10,31,0,88,80,-10,55
80,11,22,0,83,80,-5,55
80,12,7,0,68,85,-5,55
80,13,21,0,63,85,10,55
80,14,26,0,58,85,10,60
80,15,12,1,63,85,10,60
80,16,57,0,53,85,10,65
80,17,8,0,53,90,0,65
80,18,23,0,48,80,0,70
80,19,10,0,43,85,0,70
80,20,42,0,35,85,0,80
80,21,46,0,28,85,0,85
80,22,48,0,18,85,0,90
80,23,16,1,18,85,-10,90
80,24,38,0,13,90,-10,90
80,25,9,0,8,90,-10,95
80,26,4,1,18,90,-10,90
80,27,2,1,23,90,-20,90
80,28,11,1,28,90,-20,90
80,29,12,0,23,100,-20,90
80,30,3,0,38,100,-25,90
80,31,26,1,48,100,-30,90
80,32,44,1,53,100,-30,90
80,33,29,0,43,100,-25,90
80,34,5,0,38,100,-20,90
80,35,24,0,33,100,-15,90
80,36,16,1,33,100,-25,90
80,37,22,1,33,105,-35,90
80,38,10,1,53,105,-45,90
80,39,11,1,58,105,-45,90
80,40,43,0,78,105,-55,90
80,41,38,0,73,110,-55,90
80,42,20,0,68,110,-40,90
80,43,4,1,78,110,-40,85
80,44,15,0,98,105,-40,85
80,45,26,0,93,105,-40,90
80,46,37,0,81,115,-40,90
80,47,6,0,91,115,-45,90
80,48,25,0,91,110,-35,90
80,49,10,0,86,115,-35,90
80,50,7,0,71,120,-35,90
80,51,3,1,64,120,-35,95
80,52,39,1,69,120,-35,90
80,53,40,1,69,110,-25,90
80,54,23,1,79,110,-30,90
80,55,12,1,84,110,-30,90
80,56,13,1,89,115,-30,90
80,57,17,1,74,115,-20,90
80,58,41,1,79,105,-20,90
80,59,16,1,79,105,-30,90
80,60,58,1,79,110,-30,90
80,61,11,0,74,110,-30,92
80,62,1,1,66,110,-25,92
80,63,43,1,66,110,-20,77
80,64,26,1,76,110,-25,77
80,65,47,1,76,110,-25,92
80,66,38,1,81,110,-25,92
80,67,19,1,96,110,-25,92
80,68,41,0,86,120,-25,92
80,69,8,1,76,120,-25,97
80,70,14,0,76,120,-25,102
80,71,12,1,81,120,-25,102
80,72,4,0,66,125,-25,102
80,73,22,1,66,130,-35,102
80,74,24,1,71,130,-35,102
80,75,5,1,76,130,-45,102
80,76,1,1,68,130,-40,102
80,77,37,0,56,140,-40,102
80,78,2,1,61,140,-50,102
80,79,13,0,61,140,-50,107
80,80,25,0,61,135,-40,107
80,81,15,1,61,140,-40,107
80,82,26,1,71,140,-45,107
80,83,59,0,71,140,-55,112
80,84,20,0,66,140,-40,112
80,85,9,0,61,140,-40,117
80,86,3,0,76,140,-45,117
80,87,44,0,76,140,-35,122
80,88,29,1,76,155,-55,122
80,89,45,1,76,160,-55,122
80,90,39,1,81,160,-55,117
80,91,22,0,76,160,-50,117
80,92,37,1,86,160,-50,117
80,93,16,0,76,165,-50,117
80,94,60,1,76,175,-50,117
80,95,7,1,81,175,-50,112
80,96,1,0,91,175,-65,112
80,97,25,0,91,170,-55,112
80,98,10,1,111,170,-65,112
80,99,38,0,106,175,-65,112
81,0,15,0,70,45,50,50
81,1,20,1,70,50,35,50
81,2,29,1,70,65,15,50
81,3,57,0,60,65,15,55
81,4,26,1,70,65,10,55
81,5,39,1,75,65,10,50
81,6,16,0,65,70,10,50
81,7,14,1,65,75,10,50
81,8,5,0,60,75,15,50
81,9,11,1,65,75,15,50
81,10,1,0,75,75,0,50
81,11,31,1,75,75,10,50
81,12,32,1,75,65,25,50
81,13,36,1,75,70,25,45
81,14,25,1,75,75,15,45
81,15,4,1,85,75,15,40
81,16,41,0,75,85,15,40
81,17,44,1,80,85,15,40
81,18,22,0,75,85,20,40
81,19,9,0,70,85,20,45
81,20,23,0,65,75,20,50
81,21,20,1,65,80,5,50
81,22,10,1,85,80,-5,50
81,23,18,0,60,80,-5,60
81,24,16,0,50,85,-5,60
81,25,6,0,60,85,-10,60
81,26,2,1,65,85,-20,60
81,27,33,0,95,85,-20,60
81,28,3,0,110,85,-25,60
81,29,28,0,100,85,-15,60
81,30,12,1,105,85,-15,60
81,31,41,0,95,95,-15,60
81,32,37,0,83,105,-15,60
81,33,58,1,83,110,-15,60
81,34,24,1,88,110,-15,60
81,35,23,1,98,110,-20,60
81,36,16,0,88,115,-20,60
81,37,15,1,88,120,-20,60
81,38,59,1,88,125,-20,60
81,39,17,0,68,135,-20,60
81,40,11,1,73,135,-20,60
81,41,39,0,66,140,-20,60
81,42,25,0,66,135,-10,60
81,43,26,1,76,135,-15,60
81,44,22,1,76,140,-25,60
81,45,14,0,76,140,-25,65
81,46,5,0,71,140,-20,65
81,47,15,0,91,135,-20,65
81,48,7,1,96,135,-20,60
81,49,2,1,101,135,-30,60
81,50,4,0,86,140,-30,60
81,51,34,1,101,140,-30,60
81,52,60,0,131,140,-30,60
81,53,20,1,131,145,-45,60
81,54,43,1,131,145,-40,45
81,55,9,0,126,145,-40,50
81,56,11,0,121,145,-40,52
81,57,28,1,131,145,-40,52
81,58,46,0,124,145,-40,57
81,59,13,1,129,150,-40,57
81,60,6,0,139,150,-45,57
81,61,36,1,139,155,-45,52
81,62,4,0,124,160,-45,52
81,63,23,0,119,150,-45,57
81,64,44,0,119,150,-35,62
81,65,12,1,124,150,-35,62
81,66,37,0,112,160,-35,62
81,67,26,1,122,160,-40,62
81,68,3,1,115,160,-40,67
81,69,41,1,120,150,-40,67
81,70,48,0,110,150,-40,72
81,71,22,0,105,150,-35,72
81,72,40,1,105,140,-25,72
81,73,1,0,115,140,-40,72
81,74,16,0,105,145,-40,72
81,75,43,1,105,145,-35,57
81,76,27,1,105,150,-40,57
81,77,35,1,105,140,-30,57
81,78,13,1,110,145,-30,57
81,79,9,1,115,145,-30,57
81,80,61,1,115,155,-30,57
81,81,11,1,120,155,-30,57
81,82,47,0,145,155,-30,57
81,83,23,0,140,145,-30,62
81,84,12,1,145,145,-30,62
81,85,62,0,145,145,-30,62
81,86,10,0,140,150,-30,62
81,87,5,0,135,150,-25,62
81,88,14,1,135,155,-25,62
81,89,49,1,135,160,-25,62
81,90,15,1,135,165,-25,62
81,91,1,0,145,165,-40,62
81,92,22,0,140,165,-35,62
81,93,11,1,145,165,-35,62
81,94,25,1,145,170,-45,62
81,95,9,0,140,170,-45,67
81,96,41,0,130,180,-45,67
81,97,30,1,130,180,-35,67
81,98,44,0,130,180,-25,72
81,99,26,1,140,180,-30,72
82,0,9,1,55,50,50,50
82,1,31,0,55,55,40,50
82,2,42,1,55,60,40,50
82,3,45,1,55,65,40,50
82,4,39,1,60,65,40,45
82,5,4,1,70,65,40,40
82,6,57,1,70,70,40,40
82,7,6,1,62,70,40,45
82,8,13,1,67,75,40,45
82,9,28,0,57,75,50,45
82,10,48,0,47,75,50,50
82,11,29,0,37,75,55,50
82,12,11,1,42,75,55,50
82,13,1,1,34,75,60,50
82,14,12,1,39,75,60,50
82,15,23,0,34,65,60,55
82,16,43,1,34,65,65,40
82,17,24,0,29,65,70,40
82,18,58,0,29,55,70,40
82,19,6,1,21,55,70,45
82,20,26,0,16,55,70,50
82,21,22,0,11,55,75,50
82,22,4,0,-4,60,75,50
82,23,59,1,-4,65,75,50
82,24,36,1,-4,70,75,45
82,25,40,0,-4,80,65,45
82,26,9,0,-9,80,65,50
82,27,15,1,-9,85,65,50
82,28,41,1,-4,75,65,50
82,29,14,1,-4,80,65,50
82,30,12,0,-9,90,65,50
82,31,46,0,-16,90,65,55
82,32,42,1,-16,95,65,55
82,33,3,1,-23,95,65,60
82,34,2,0,-33,95,70,60
82,35,20,0,-38,95,85,60
82,36,25,0,-38,90,95,60
82,37,17,0,-58,100,95,60
82,38,7,1,-53,100,95,55
82,39,41,1,-48,90,95,55
82,40,43,0,-28,90,85,55
82,41,16,1,-28,90,75,55
82,42,27,1,-28,95,70,55
82,43,23,0,-33,85,70,60
82,44,13,0,-33,85,70,65
82,45,60,1,-33,95,70,65
82,46,61,0,-33,95,90,65
82,47,45,0,-33,95,90,70
82,48,39,1,-28,95,90,65
82,49,22,1,-28,100,80,65
82,50,26,0,-33,100,80,70
82,51,44,1,-28,100,80,70
82,52,12,0,-33,110,80,70
82,53,10,1,-13,110,70,70
82,54,1,1,-21,110,75,70
82,55,37,1,-11,110,75,70
82,56,9,0,-16,110,75,75
82,57,8,1,-26,110,75,80
82,58,20,0,-31,110,90,80
82,59,25,0,-31,105,100,80
82,60,40,0,-31,115,90,80
82,61,6,1,-39,115,90,85
82,62,14,0,-39,115,90,90
82,63,5,0,-44,115,95,90
82,64,3,1,-51,115,95,95
82,65,47,0,-26,115,95,95
82,66,15,0,-6,110,95,95
82,67,13,1,-1,115,95,95
82,68,45,0,-1,115,95,100
82,69,4,0,-16,120,95,100
82,70,22,1,-16,125,85,100
82,71,23,1,-6,125,80,100
82,72,1,1,-14,125,85,100
82,73,41,1,-9,115,85,100
82,74,12,1,-4,115,85,100
82,75,2,1,1,115,75,100
82,76,28,1,11,115,75,100
82,77,21,1,11,120,60,100
82,78,18,0,-14,120,60,110
82,79,10,1,6,120,50,110
82,80,9,1,11,120,50,110
82,81,16,0,1,125,50,110
82,82,20,1,1,130,35,110
82,83,4,0,-14,135,35,110
82,84,14,0,-14,135,35,115
82,85,15,0,6,130,35,115
82,86,5,1,11,130,25,115
82,87,25,0,11,125,35,115
82,88,46,1,16,125,35,110
82,89,29,0,6,125,40,110
82,90,45,0,6,125,40,115
82,91,11,0,1,125,40,117
82,92,23,1,11,125,35,117
82,93,36,0,11,120,35,119
82,94,22,1,11,125,25,119
82,95,41,1,16,115,25,119
82,96,44,0,16,115,35,124
82,97,32,0,16,120,20,124
82,98,1,0,26,120,5,124
82,99,37,1,36,120,5,124
83,0,3,1,43,50,50,55
83,1,11,0,38,50,50,57
83,2,27,1,38,55,45,57
83,3,20,1,38,60,30,57
83,4,36,1,38,65,30,52
83,5,4,0,23,70,30,52
83,6,57,1,23,75,30,52
83,7,44,1,28,75,30,52
83,8,37,0,16,85,30,52
83,9,2,1,21,85,20,52
83,10,46,0,14,85,20,57
83,11,5,1,19,85,10,57
83,12,16,1,19,85,0,57
83,13,58,0,19,75,0,57
83,14,30,1,19,75,10,57
83,15,48,0,9,75,10,62
83,16,28,1,19,75,10,62
83,17,11,1,24,75,10,62
83,18,14,1,24,80,10,62
83,19,22,0,19,80,15,62
83,20,4,0,4,85,15,62
83,21,1,1,-4,85,20,62
83,22,13,1,1,90,20,62
83,23,6,1,-7,90,20,67
83,24,27,1,-7,95,15,67
83,25,20,0,-12,95,30,67
83,26,19,0,-32,95,40,77
83,27,40,0,-32,105,30,77
83,28,43,1,-32,105,35,62
83,29,26,1,-22,105,30,62
83,30,41,1,-17,95,30,62
83,31,8,1,-27,95,30,67
83,32,3,1,-34,95,30,72
83,33,5,0,-39,95,35,72
83,34,4,0,-54,100,35,72
83,35,6,0,-44,100,30,72
83,36,31,0,-44,105,20,72
83,37,59,0,-44,105,10,77
83,38,9,1,-39,105,10,77
83,39,21,0,-44,105,25,77
83,40,44,0,-44,105,35,82
83,41,41,0,-54,115,35,82
83,42,12,0,-59,125,35,82
83,43,13,1,-54,130,35,82
83,44,28,0,-64,130,45,82
83,45,29,0,-74,130,50,82
83,46,36,1,-74,135,50,77
83,47,11,0,-79,135,50,79
83,48,14,0,-79,135,50,84
83,49,15,0,-59,130,50,84
83,50,20,1,-59,135,35,84
83,51,10,0,-64,140,35,84
83,52,4,0,-79,145,35,84
83,53,23,1,-69,145,30,84
83,54,16,0,-79,150,30,84
83,55,43,1,-79,150,35,69
83,56,32,0,-79,155,20,69
83,57,12,1,-74,155,20,69
83,58,41,1,-69,145,20,69
83,59,26,0,-74,145,20,74
83,60,14,0,-74,145,20,79
83,61,38,0,-79,150,20,79
83,62,45,1,-79,155,20,79
83,63,10,0,-84,160,20,79
83,64,22,0,-89,160,25,79
83,65,23,1,-79,160,20,79
83,66,15,0,-59,155,20,79
83,67,11,0,-64,155,20,81
83,68,16,0,-74,160,20,81
83,69,4,0,-89,165,20,81
83,70,13,1,-84,170,20,81
83,71,6,1,-92,170,20,86
83,72,2,0,-102,170,25,86
83,73,28,1,-92,170,25,86
83,74,9,0,-97,170,25,91
83,75,3,1,-104,170,25,96
83,76,33,1,-104,175,25,96
83,77,20,1,-104,180,10,96
83,78,29,0,-114,180,15,96
83,79,8,1,-124,180,15,101
83,80,42,1,-124,185,15,101
83,81,12,0,-129,195,15,101
83,82,5,0,-134,195,20,101
83,83,19,0,-154,195,30,111
83,84,38,0,-159,200,30,111
83,85,45,1,-159,205,30,111
83,86,6,1,-167,205,30,116
83,87,14,1,-167,210,30,116
83,88,41,1,-162,200,30,116
83,89,2,1,-157,200,20,116
83,90,17,0,-177,210,20,116
83,91,37,1,-167,210,20,116
83,92,15,1,-167,215,20,116
83,93,28,1,-157,215,20,116
83,94,12,0,-162,225,20,116
83,95,39,0,-169,230,20,116
83,96,13,1,-164,235,20,116
83,97,5,1,-159,235,10,116
83,98,22,0,-164,235,15,116
83,99,11,1,-159,235,15,116
84,0,30,1,50,50,60,50
84,1,41,1,55,40,60,50
84,2,3,1,48,40,60,55
84,3,23,0,43,30,60,60
84,4,2,0,33,30,65,60
84,5,18,0,8,30,65,70
84,6,22,0,3,30,70,70
84,7,57,0,-7,30,70,75
84,8,5,0,-12,30,75,75
84,9,31,1,-12,30,85,75
84,10,37,0,-24,40,85,75
84,11,25,1,-24,45,75,75
84,12,14,1,-24,50,75,75
84,13,26,1,-14,50,70,75
84,14,9,1,-9,50,70,75
84,15,21,1,-9,55,55,75
84,16,15,1,-9,60,55,75
84,17,48,1,-9,65,55,65
84,18,58,1,-9,70,55,65
84,19,41,0,-19,80,55,65
84,20,47,1,-19,80,55,80
84,21,28,0,-29,80,65,80
84,22,3,0,-14,80,60,80
84,23,11,0,-19,80,60,82
84,24,38,1,-14,80,60,82
84,25,12,1,-9,80,60,82
84,26,19,0,-29,80,70,92
84,27,21,0,-34,80,85,92
84,28,15,1,-34,85,85,92
84,29,26,1,-24,85,80,92
84,30,16,1,-24,85,70,92
84,31,40,0,-24,95,60,92
84,32,13,1,-19,100,60,92
84,33,32,1,-19,90,75,92
84,34,1,0,-9,90,60,92
84,35,22,1,-9,95,50,92
84,36,9,0,-14,95,50,97
84,37,4,1,-4,95,50,92
84,38,33,0,26,95,50,92
84,39,25,1,26,100,40,92
84,40,34,1,41,100,40,92
84,41,59,1,41,105,40,92
84,42,6,1,33,105,40,97
84,43,16,0,23,110,40,97
84,44,20,0,18,110,55,97
84,45,3,1,11,110,55,102
84,46,24,1,16,110,55,102
84,47,2,1,21,110,45,102
84,48,5,1,26,110,35,102
84,49,35,0,26,118,20,102
84,50,13,0,26,118,20,107
84,51,23,1,36,118,15,107
84,52,21,0,31,118,30,107
84,53,11,0,26,118,30,109
84,54,17,1,11,118,40,109
84,55,37,1,21,118,40,109
84,56,10,0,16,123,40,109
84,57,3,1,9,123,40,114
84,58,4,0,-6,128,40,114
84,59,9,0,-11,128,40,119
84,60,26,1,-1,128,35,119
84,61,1,0,9,128,20,119
84,62,7,1,14,128,20,114
84,63,18,1,24,128,20,114
84,64,42,0,16,128,20,124
84,65,14,0,16,128,20,129
84,66,13,0,16,128,20,134
84,67,45,1,16,133,20,134
84,68,20,1,16,138,5,134
84,69,19,1,31,138,5,134
84,70,36,1,31,143,5,129
84,71,46,1,36,143,5,124
84,72,25,0,36,138,15,124
84,73,29,1,36,153,-5,124
84,74,5,1,41,153,-15,124
84,75,15,0,61,148,-15,124
84,76,30,0,61,148,-25,134
84,77,4,0,46,153,-25,134
84,78,16,1,46,153,-35,134
84,79,41,0,36,163,-35,134
84,80,17,0,16,173,-35,134
84,81,38,0,11,178,-35,134
84,82,40,0,11,188,-45,134
84,83,1,1,3,188,-40,134
84,84,14,1,3,193,-40,134
84,85,3,0,18,193,-45,134
84,86,49,0,18,193,-45,139
84,87,23,0,13,183,-45,144
84,88,39,0,6,188,-45,144
84,89,20,0,1,188,-30,144
84,90,47,1,1,188,-30,159
84,91,13,0,1,188,-30,164
84,92,36,1,1,193,-30,159
84,93,41,0,-9,203,-30,159
84,94,50,0,-9,213,-30,159
84,95,16,0,-19,218,-30,159
84,96,14,0,-19,218,-30,164
84,97,46,0,-26,218,-30,169
84,98,15,1,-26,223,-30,169
84,99,11,1,-21,223,-30,169
85,0,15,1,50,55,50,50
85,1,49,0,50,55,50,55
85,2,13,1,55,60,50,55
85,3,31,0,55,65,40,55
85,4,25,0,55,60,50,55
85,5,7,1,60,60,50,50
85,6,48,0,50,60,50,55
85,7,50,0,50,70,50,55
85,8,5,1,55,70,40,55
85,9,20,0,50,70,55,55
85,10,4,0,35,75,55,55
85,11,2,1,40,75,45,55
85,12,16,1,40,75,35,55
85,13,11,0,35,75,35,57
85,14,29,1,35,90,15,57
85,15,23,0,30,80,15,62
85,16,3,0,45,80,10,62
85,17,22,1,45,85,0,62
85,18,40,1,45,75,10,62
85,19,51,1,45,80,10,62
85,20,21,0,40,80,25,62
85,21,30,0,40,80,15,72
85,22,4,0,25,85,15,72
85,23,9,0,20,85,15,77
85,24,14,0,20,85,15,82
85,25,38,0,15,90,15,82
85,26,37,1,25,90,15,82
85,27,25,1,25,95,5,82
85,28,23,1,35,95,0,82
85,29,13,1,40,100,0,82
85,30,16,1,40,100,-10,82
85,31,3,1,33,100,-10,87
85,32,8,0,33,105,-20,87
85,33,40,1,33,95,-10,87
85,34,19,1,48,95,-10,87
85,35,11,1,53,95,-10,87
85,36,26,0,48,95,-10,92
85,37,45,1,48,100,-10,92
85,38,15,1,48,105,-10,92
85,39,32,1,48,95,5,92
85,40,17,1,33,95,15,92
85,41,2,1,38,95,5,92
85,42,36,1,38,100,5,87
85,43,33,0,68,100,5,87
85,44,25,1,68,105,-5,87
85,45,23,1,78,105,-10,87
85,46,42,0,70,105,-10,97
85,47,9,0,65,105,-10,102
85,48,11,0,60,105,-10,104
85,49,10,0,55,110,-10,104
85,50,40,1,55,100,0,104
85,51,1,1,47,100,5,104
85,52,15,0,67,95,5,104
85,53,18,0,42,95,5,114
85,54,6,1,34,95,5,119
85,55,29,1,34,110,-15,119
85,56,16,1,34,110,-25,119
85,57,3,1,27,110,-25,124
85,58,20,1,27,115,-40,124
85,59,41,1,32,105,-40,124
85,60,28,0,22,105,-30,124
85,61,12,1,27,105,-30,124
85,62,15,1,27,110,-30,124
85,63,43,0,47,110,-40,124
85,64,52,1,47,120,-40,109
85,65,27,1,47,125,-45,109
85,66,16,0,37,130,-45,109
85,67,4,0,22,135,-45,109
85,68,23,1,32,135,-50,109
85,69,10,1,52,135,-60,109
85,70,5,0,47,135,-55,109
85,71,34,1,62,135,-55,109
85,72,3,0,77,135,-60,109
85,73,25,0,77,130,-50,109
85,74,15,0,97,125,-50,109
85,75,14,0,97,125,-50,114
85,76,11,1,102,125,-50,114
85,77,1,0,112,125,-65,114
85,78,41,1,117,115,-65,114
85,79,2,1,122,115,-75,114
85,80,47,1,122,115,-75,129
85,81,16,0,112,120,-75,129
85,82,27,0,122,105,-75,129
85,83,20,0,117,105,-60,129
85,84,21,1,117,110,-75,129
85,85,45,0,117,110,-75,134
85,86,35,0,117,118,-90,134
85,87,10,0,112,123,-90,134
85,88,22,0,107,123,-85,134
85,89,38,1,112,123,-85,134
85,90,14,1,112,128,-85,134
85,91,15,1,112,133,-85,134
85,92,16,0,102,138,-85,134
85,93,43,0,122,138,-95,134
85,94,53,1,122,138,-85,134
85,95,17,0,102,148,-85,134
85,96,26,1,112,148,-90,134
85,97,21,0,107,148,-75,134
85,98,13,1,112,153,-75,134
85,99,57,1,112,158,-75,134
86,0,5,1,55,50,40,50
86,1,12,0,50,60,40,50
86,2,39,0,43,65,40,50
86,3,13,0,43,65,40,55
86,4,8,0,43,70,30,55
86,5,47,0,68,70,30,55
86,6,1,1,60,70,35,55
86,7,14,1,60,75,35,55
86,8,16,0,50,80,35,55
86,9,24,0,45,80,40,55
86,10,38,1,50,80,40,55
86,11,21,0,45,80,55,55
86,12,11,0,40,80,55,57
86,13,28,1,50,80,55,57
86,14,4,1,60,80,55,52
86,15,46,1,65,80,55,47
86,16,31,0,65,85,45,47
86,17,10,0,60,90,45,47
86,18,5,1,65,90,35,47
86,19,25,1,65,95,25,47
86,20,36,1,65,100,25,42
86,21,26,0,60,100,25,47
86,22,15,0,80,95,25,47
86,23,3,1,73,95,25,52
86,24,23,0,68,85,25,57
86,25,9,1,73,85,25,57
86,26,45,1,73,90,25,57
86,27,4,1,83,90,25,52
86,28,40,0,83,100,15,52
86,29,28,1,93,100,15,52
86,30,46,0,86,100,15,57
86,31,41,0,76,110,15,57
86,32,12,0,71,120,15,57
86,33,1,0,81,120,0,57
86,34,13,1,86,125,0,57
86,35,26,1,96,125,-5,57
86,36,25,0,96,120,5,57
86,37,32,1,96,110,20,57
86,38,8,0,96,115,10,57
86,39,5,1,101,115,0,57
86,40,3,1,94,115,0,62
86,41,4,1,104,115,0,57
86,42,57,1,104,120,0,57
86,43,10,0,99,125,0,57
86,44,16,0,89,130,0,57
86,45,11,0,84,130,0,59
86,46,22,0,79,130,5,59
86,47,14,1,79,135,5,59
86,48,30,0,79,135,-5,69
86,49,18,1,89,135,-5,69
86,50,24,1,94,135,-5,69
86,51,43,0,114,135,-15,69
86,52,41,1,119,125,-15,69
86,53,28,1,129,125,-15,69
86,54,16,0,119,130,-15,69
86,55,15,1,119,135,-15,69
86,56,58,0,119,125,-15,69
86,57,38,1,124,125,-15,69
86,58,13,0,124,125,-15,74
86,59,33,1,124,130,-15,74
86,60,27,0,134,115,-15,74
86,61,5,0,129,115,-10,74
86,62,4,0,114,120,-10,74
86,63,9,0,109,120,-10,79
86,64,44,1,114,120,-10,79
86,65,25,0,114,115,0,79
86,66,16,0,104,120,0,79
86,67,7,0,89,125,0,79
86,68,15,0,109,120,0,79
86,69,29,1,109,135,-20,79
86,70,23,1,119,135,-25,79
86,71,28,0,109,135,-15,79
86,72,12,0,104,145,-15,79
86,73,13,0,104,145,-15,84
86,74,10,1,124,145,-25,84
86,75,20,1,124,150,-40,84
86,76,26,0,119,150,-40,89
86,77,45,1,119,155,-40,89
86,78,5,1,124,155,-50,89
86,79,9,1,129,155,-50,89
86,80,22,0,124,155,-45,89
86,81,36,0,124,150,-45,91
86,82,41,0,114,160,-45,91
86,83,15,0,134,155,-45,91
86,84,16,0,124,160,-45,91
86,85,4,1,134,160,-45,86
86,86,14,0,134,160,-45,91
86,87,23,0,129,150,-45,96
86,88,25,0,129,145,-35,96
86,89,37,0,117,155,-35,96
86,90,13,0,117,155,-35,101
86,91,44,0,117,155,-25,106
86,92,1,1,109,155,-20,106
86,93,12,1,114,155,-20,106
86,94,45,0,114,155,-20,111
86,95,5,0,109,155,-15,111
86,96,47,0,134,155,-15,111
86,97,22,1,134,160,-25,111
86,98,59,1,134,165,-25,111
86,99,26,0,129,165,-25,116
87,0,1,1,42,50,55,50
87,1,12,1,47,50,55,50
87,2,37,0,35,60,55,50
87,3,16,0,25,65,55,50
87,4,20,1,25,70,40,50
87,5,31,1,25,70,50,50
87,6,24,1,30,70,50,50
87,7,40,1,30,60,60,50
87,8,4,0,15,65,60,50
87,9,44,0,15,65,70,55
87,10,10,1,35,65,60,55
87,11,17,0,15,75,60,55
87,12,43,0,35,75,50,55
87,13,1,1,27,75,55,55
87,14,14,1,27,80,55,55
87,15,36,0,27,75,55,57
87,16,3,1,20,75,55,62
87,17,13,1,25,80,55,62
87,18,24,1,30,80,55,62
87,19,5,0,25,80,60,62
87,20,20,0,20,80,75,62
87,21,42,0,12,80,75,72
87,22,26,1,22,80,70,72
87,23,57,0,12,80,70,77
87,24,58,0,12,70,70,77
87,25,2,1,17,70,60,77
87,26,32,1,17,60,75,77
87,27,16,0,7,65,75,77
87,28,33,0,37,65,75,77
87,29,44,0,37,65,85,82
87,30,15,1,37,70,85,82
87,31,10,0,32,75,85,82
87,32,27,1,32,80,80,82
87,33,3,1,25,80,80,87
87,34,43,0,45,80,70,87
87,35,48,1,45,85,70,77
87,36,17,0,25,95,70,77
87,37,23,1,35,95,65,77
87,38,11,1,40,95,65,77
87,39,5,0,35,95,70,77
87,40,2,0,25,95,75,77
87,41,4,1,35,95,75,72
87,42,22,0,30,95,80,72
87,43,13,1,35,100,80,72
87,44,24,0,30,100,85,72
87,45,28,0,20,100,95,72
87,46,20,0,15,100,110,72
87,47,37,1,25,100,110,72
87,48,59,0,25,100,100,77
87,49,15,1,25,105,100,77
87,50,26,0,20,105,100,82
87,51,12,0,15,115,100,82
87,52,34,0,15,100,115,82
87,53,38,1,20,100,115,82
87,54,4,1,30,100,115,77
87,55,39,0,23,105,115,77
87,56,11,0,18,105,115,79
87,57,2,1,23,105,105,79
87,58,23,1,33,105,100,79
87,59,42,0,25,105,100,89
87,60,15,1,25,110,100,89
87,61,13,0,25,110,100,94
87,62,36,0,25,105,100,96
87,63,12,0,20,115,100,96
87,64,41,1,25,105,100,96
87,65,45,1,25,110,100,96
87,66,26,1,35,110,95,96
87,67,46,1,40,110,95,91
87,68,10,0,35,115,95,91
87,69,9,1,40,115,95,91
87,70,47,0,65,115,95,91
87,71,15,1,65,120,95,91
87,72,16,1,65,120,85,91
87,73,25,0,65,115,95,91
87,74,4,1,75,115,95,86
87,75,27,0,85,100,95,86
87,76,22,0,80,100,100,86
87,77,8,1,70,100,100,91
87,78,37,0,58,110,100,91
87,79,60,1,58,120,100,91
87,80,39,0,51,125,100,91
87,81,6,0,61,125,95,91
87,82,3,0,76,125,90,91
87,83,15,0,96,120,90,91
87,84,7,1,101,120,90,86
87,85,25,0,101,115,100,86
87,86,46,1,106,115,100,81
87,87,5,0,101,115,105,81
87,88,26,0,96,115,105,86
87,89,4,0,81,120,105,86
87,90,48,1,81,125,105,76
87,91,43,0,101,125,95,76
87,92,12,0,96,135,95,76
87,93,19,1,111,135,95,76
87,94,22,1,111,140,85,76
87,95,13,1,116,145,85,76
87,96,1,1,108,145,90,76
87,97,2,0,98,145,95,76
87,98,46,1,103,145,95,71
87,99,25,0,103,140,105,71
88,0,43,1,50,50,55,35
88,1,39,1,55,50,55,30
88,2,25,1,55,55,45,30
88,3,31,1,55,55,55,30
88,4,14,1,55,60,55,30
88,5,36,1,55,65,55,25
88,6,28,0,45,65,65,25
88,7,32,1,45,55,80,25
88,8,19,0,25,55,90,35
88,9,22,1,25,60,80,35
88,10,3,1,18,60,80,40
88,11,29,0,8,60,85,40
88,12,10,0,3,65,85,40
88,13,13,0,3,65,85,45
88,14,9,0,-2,65,85,50
88,15,20,0,-7,65,100,50
88,16,49,0,-7,65,100,55
88,17,41,0,-17,75,100,55
88,18,16,1,-17,75,90,55
88,19,23,1,-7,75,85,55
88,20,44,1,-2,75,85,55
88,21,1,0,8,75,70,55
88,22,26,1,18,75,65,55
88,23,50,0,18,85,65,55
88,24,3,0,33,85,60,55
88,25,29,0,23,85,65,55
88,26,24,0,18,85,70,55
88,27,33,1,18,90,70,55
88,28,34,1,33,90,70,55
88,29,7,0,18,95,70,55
88,30,38,0,13,100,70,55
88,31,4,0,-2,105,70,55
88,32,51,0,-2,85,70,65
88,33,1,0,8,85,55,65
88,34,41,1,13,75,55,65
88,35,6,0,23,75,50,65
88,36,20,1,23,80,35,65
88,37,45,0,23,80,35,70
88,38,9,1,28,80,35,70
88,39,40,0,28,90,25,70
88,40,21,1,28,95,10,70
88,41,15,1,28,100,10,70
88,42,39,0,21,105,10,70
88,43,16,0,11,110,10,70
88,44,11,1,16,110,10,70
88,45,35,1,16,100,20,70
88,46,41,1,21,90,20,70
88,47,26,1,31,90,15,70
88,48,52,0,51,80,15,70
88,49,2,0,41,80,20,70
88,50,38,0,36,85,20,70
88,51,37,0,24,95,20,70
88,52,15,0,44,90,20,70
88,53,30,0,44,90,10,80
88,54,46,1,49,90,10,75
88,55,22,0,44,90,15,75
88,56,9,1,49,90,15,75
88,57,19,0,29,90,25,85
88,58,53,0,29,105,10,85
88,59,16,1,29,105,0,85
88,60,5,0,24,105,5,85
88,61,13,0,24,105,5,90
88,62,10,0,19,110,5,90
88,63,48,1,19,115,5,80
88,64,57,0,9,115,5,85
88,65,2,0,-1,115,10,85
88,66,15,0,19,110,10,85
88,67,58,1,19,115,10,85
88,68,37,0,7,125,10,85
88,69,1,1,-1,125,15,85
88,70,28,1,9,125,15,85
88,71,54,0,9,120,5,85
88,72,24,0,4,120,10,85
88,73,20,1,4,125,-5,85
88,74,7,1,9,125,-5,80
88,75,10,1,29,125,-15,80
88,76,43,0,49,125,-25,80
88,77,18,1,59,125,-25,80
88,78,6,0,69,125,-30,80
88,79,14,1,69,130,-30,80
88,80,29,0,59,130,-25,80
88,81,38,1,64,130,-25,80
88,82,3,0,79,130,-30,80
88,83,11,1,84,130,-30,80
88,84,23,1,94,130,-35,80
88,85,16,0,84,135,-35,80
88,86,10,1,104,135,-45,80
88,87,13,1,109,140,-45,80
88,88,25,1,109,145,-55,80
88,89,8,1,99,145,-55,85
88,90,2,1,104,145,-65,85
88,91,1,1,96,145,-60,85
88,92,37,1,106,145,-60,85
88,93,59,1,106,150,-60,85
88,94,15,0,126,145,-60,85
88,95,22,0,121,145,-55,85
88,96,41,1,126,135,-55,85
88,97,17,1,111,135,-45,85
88,98,26,1,121,135,-50,85
88,99,11,0,116,135,-50,87
89,0,23,1,60,50,45,50
89,1,31,0,60,55,35,50
89,2,2,0,50,55,40,50
89,3,1,0,60,55,25,50
89,4,25,1,60,60,15,50
89,5,16,1,60,60,5,50
89,6,28,0,50,60,15,50
89,7,11,1,55,60,15,50
89,8,41,0,45,70,15,50
89,9,12,0,40,80,15,50
89,10,36,1,40,85,15,45
89,11,15,1,40,90,15,45
89,12,9,1,45,90,15,45
89,13,42,0,37,90,15,55
89,14,14,0,37,90,15,60
89,15,3,1,30,90,15,65
89,16,22,1,30,95,5,65
89,17,39,0,23,100,5,65
89,18,41,1,28,90,5,65
89,19,43,0,48,90,-5,65
89,20,46,1,53,90,-5,60
89,21,8,0,53,95,-15,60
89,22,7,0,38,100,-15,60
89,23,32,1,38,90,0,60
89,24,23,0,33,80,0,65
89,25,30,1,33,80,10,65
89,26,37,0,21,90,10,65
89,27,12,1,26,90,10,65
89,28,3,0,41,90,5,65
89,29,10,0,36,95,5,65
89,30,5,1,41,95,-5,65
89,31,48,1,41,100,-5,55
89,32,27,0,51,85,-5,55
89,33,45,1,51,90,-5,55
89,34,22,1,51,95,-15,55
89,35,40,1,51,85,-5,55
89,36,11,1,56,85,-5,55
89,37,9,1,61,85,-5,55
89,38,57,0,51,85,-5,60
89,39,41,1,56,75,-5,60
89,40,3,0,71,75,-10,60
89,41,44,0,71,75,0,65
89,42,39,0,64,80,0,65
89,43,38,0,59,85,0,65
89,44,23,0,54,75,0,70
89,45,26,1,64,75,-5,70
89,46,33,0,94,75,-5,70
89,47,10,0,89,80,-5,70
89,48,2,1,94,80,-15,70
89,49,34,0,94,65,0,70
89,50,15,0,114,60,0,70
89,51,22,1,114,65,-10,70
89,52,41,0,104,75,-10,70
89,53,1,1,96,75,-5,70
89,54,25,0,96,70,5,70
89,55,42,0,88,70,5,80
89,56,14,0,88,70,5,85
89,57,45,0,88,70,5,90
89,58,20,1,88,75,-10,90
89,59,4,0,73,80,-10,90
89,60,15,0,93,75,-10,90
89,61,3,0,108,75,-15,90
89,62,23,1,118,75,-20,90
89,63,11,0,113,75,-20,92
89,64,29,1,113,90,-40,92
89,65,10,1,133,90,-50,92
89,66,38,0,128,95,-50,92
89,67,13,0,128,95,-50,97
89,68,46,0,121,95,-50,102
89,69,1,0,131,95,-65,102
89,70,9,1,136,95,-65,102
89,71,58,1,136,100,-65,102
89,72,2,0,126,100,-60,102
89,73,42,0,118,100,-60,112
89,74,30,1,118,100,-50,112
89,75,19,0,98,100,-40,122
89,76,15,1,98,105,-40,122
89,77,14,1,98,110,-40,122
89,78,11,0,93,110,-40,124
89,79,22,1,93,115,-50,124
89,80,16,1,93,115,-60,124
89,81,48,1,93,120,-60,114
89,82,4,1,103,120,-60,109
89,83,10,1,123,120,-70,109
89,84,13,1,128,125,-70,109
89,85,35,0,128,133,-85,109
89,86,36,0,128,128,-85,111
89,87,59,1,128,133,-85,111
89,88,7,0,113,138,-85,111
89,89,1,1,105,138,-80,111
89,90,39,0,98,143,-80,111
89,91,38,0,93,148,-80,111
89,92,60,1,93,158,-80,111
89,93,3,1,86,158,-80,116
89,94,28,0,76,158,-70,116
89,95,4,0,61,163,-70,116
89,96,22,1,61,168,-80,116
89,97,10,0,56,173,-80,116
89,98,37,1,66,173,-80,116
89,99,21,1,66,178,-95,116
90,0,6,0,60,50,45,50
90,1,18,1,70,50,45,50
90,2,1,0,80,50,30,50
90,3,10,0,75,55,30,50
90,4,21,1,75,60,15,50
90,5,2,1,80,60,5,50
90,6,31,0,80,65,-5,50
90,7,3,0,95,65,-10,50
90,8,46,0,88,65,-10,55
90,9,24,0,83,65,-5,55
90,10,16,0,73,70,-5,55
90,11,32,0,73,75,-20,55
90,12,43,0,93,75,-30,55
90,13,9,1,98,75,-30,55
90,14,12,1,103,75,-30,55
90,15,45,0,103,75,-30,60
90,16,4,0,88,80,-30,60
90,17,10,1,108,80,-40,60
90,18,5,1,113,80,-50,60
90,19,57,1,113,85,-50,60
90,20,33,1,113,90,-50,60
90,21,34,1,128,90,-50,60
90,22,2,0,118,90,-45,60
90,23,47,0,143,90,-45,60
90,24,17,0,123,100,-45,60
90,25,7,1,128,100,-45,55
90,26,13,1,133,105,-45,55
90,27,39,1,138,105,-45,50
90,28,18,0,113,105,-45,60
90,29,35,0,113,113,-60,60
90,30,4,0,98,118,-60,60
90,31,43,0,118,118,-70,60
90,32,26,0,113,118,-70,65
90,33,20,1,113,123,-85,65
90,34,5,1,118,123,-95,65
90,35,38,0,113,128,-95,65
90,36,28,1,123,128,-95,65
90,37,19,0,103,128,-85,75
90,38,41,1,108,118,-85,75
90,39,10,1,128,118,-95,75
90,40,8,0,128,123,-105,75
90,41,49,1,128,128,-105,75
90,42,39,0,121,133,-105,75
90,43,48,1,121,138,-105,65
90,44,30,0,121,138,-115,75
90,45,1,0,131,138,-130,75
90,46,23,1,141,138,-135,75
90,47,24,0,136,138,-130,75
90,48,12,0,131,148,-130,75
90,49,15,0,151,143,-130,75
90,50,58,1,151,148,-130,75
90,51,4,1,161,148,-130,70
90,52,13,1,166,153,-130,70
90,53,6,0,176,153,-135,70
90,54,29,1,176,168,-155,70
90,55,11,0,171,168,-155,72
90,56,16,0,161,173,-155,72
90,57,26,1,171,173,-160,72
90,58,9,0,166,173,-160,77
90,59,45,1,166,178,-160,77
90,60,25,1,166,183,-170,77
90,61,22,0,161,183,-165,77
90,62,27,1,161,188,-170,77
90,63,20,0,156,188,-155,77
90,64,10,1,176,188,-165,77
90,65,30,0,176,188,-175,87
90,66,23,0,171,178,-175,92
90,67,41,0,161,188,-175,92
90,68,15,0,181,183,-175,92
90,69,5,0,176,183,-170,92
90,70,12,0,171,193,-170,92
90,71,14,1,171,198,-170,92
90,72,1,0,181,198,-185,92
90,73,47,1,181,198,-185,107
90,74,38,0,176,203,-185,107
90,75,17,0,156,213,-185,107
90,76,4,0,141,218,-185,107
90,77,11,0,136,218,-185,109
90,78,24,0,131,218,-180,109
90,79,27,0,141,203,-180,109
90,80,2,0,131,203,-175,109
90,81,12,0,126,213,-175,109
90,82,45,0,126,213,-175,114
90,83,15,0,146,208,-175,114
90,84,42,1,146,213,-175,114
90,85,6,0,156,213,-180,114
90,86,20,1,156,218,-195,114
90,87,14,0,156,218,-195,119
90,88,10,1,176,218,-205,119
90,89,8,1,166,218,-205,124
90,90,38,0,161,223,-205,124
90,91,22,0,156,223,-200,124
90,92,26,1,166,223,-205,124
90,93,27,1,166,228,-210,124
90,94,41,0,156,238,-210,124
90,95,23,1,166,238,-215,124
90,96,25,0,166,233,-205,124
90,97,16,1,166,233,-215,124
90,98,40,0,166,243,-225,124
90,99,48,0,156,243,-225,129
91,0,22,1,50,55,40,50
91,1,46,0,43,55,40,55
91,2,1,0,53,55,25,55
91,3,45,0,53,55,25,60
91,4,43,1,53,55,30,45
91,5,16,0,43,60,30,45
91,6,15,0,63,55,30,45
91,7,39,0,56,60,30,45
91,8,9,1,61,60,30,45
91,9,11,0,56,60,30,47
91,10,28,1,66,60,30,47
91,11,4,1,76,60,30,42
91,12,21,0,71,60,45,42
91,13,29,1,71,75,25,42
91,14,36,1,71,80,25,37
91,15,13,1,76,85,25,37
91,16,27,0,86,70,25,37
91,17,12,0,81,80,25,37
91,18,2,1,86,80,15,37
91,19,25,1,86,85,5,37
91,20,14,0,86,85,5,42
91,21,37,1,96,85,5,42
91,22,6,0,106,85,0,42
91,23,9,0,101,85,0,47
91,24,4,0,86,90,0,47
91,25,57,0,76,90,0,52
91,26,38,0,71,95,0,52
91,27,22,0,66,95,5,52
91,28,10,1,86,95,-5,52
91,29,12,1,91,95,-5,52
91,30,46,0,84,95,-5,57
91,31,23,0,79,85,-5,62
91,32,25,1,79,90,-15,62
91,33,31,0,79,95,-25,62
91,34,14,1,79,100,-25,62
91,35,26,0,74,100,-25,67
91,36,6,0,84,100,-30,67
91,37,28,0,74,100,-20,67
91,38,32,0,74,105,-35,67
91,39,27,0,84,90,-35,67
91,40,1,1,76,90,-30,67
91,41,4,1,86,90,-30,62
91,42,21,1,86,95,-45,62
91,43,12,1,91,95,-45,62
91,44,39,0,84,100,-45,62
91,45,2,1,89,100,-55,62
91,46,14,1,89,105,-55,62
91,47,13,0,89,105,-55,67
91,48,20,1,89,110,-70,67
91,49,22,1,89,115,-80,67
91,50,25,0,89,110,-70,67
91,51,16,1,89,110,-80,67
91,52,9,0,84,110,-80,72
91,53,6,0,94,110,-85,72
91,54,48,0,84,110,-85,77
91,55,3,1,77,110,-85,82
91,56,38,0,72,115,-85,82
91,57,26,1,82,115,-90,82
91,58,4,1,92,115,-90,77
91,59,33,1,92,120,-90,77
91,60,42,1,92,125,-90,77
91,61,5,1,97,125,-100,77
91,62,13,1,102,130,-100,77
91,63,20,1,102,135,-115,77
91,64,1,0,112,135,-130,77
91,65,49,1,112,140,-130,77
91,66,19,0,92,140,-120,87
91,67,41,1,97,130,-120,87
91,68,3,1,90,130,-120,92
91,69,58,1,90,135,-120,92
91,70,14,1,90,140,-120,92
91,71,28,0,80,140,-110,92
91,72,40,1,80,130,-100,92
91,73,2,0,70,130,-95,92
91,74,23,0,65,120,-95,97
91,75,4,0,50,125,-95,97
91,76,34,1,65,125,-95,97
91,77,9,0,60,125,-95,102
91,78,1,0,70,125,-110,102
91,79,15,0,90,120,-110,102
91,80,11,1,95,120,-110,102
91,81,5,0,90,120,-105,102
91,82,20,1,90,125,-120,102
91,83,26,1,100,125,-125,102
91,84,3,0,115,125,-130,102
91,85,13,0,115,125,-130,107
91,86,36,0,115,120,-130,109
91,87,59,0,115,120,-140,114
91,88,12,0,110,130,-140,114
91,89,15,1,110,135,-140,114
91,90,17,1,95,135,-130,114
91,91,45,1,95,140,-130,114
91,92,24,1,100,140,-130,114
91,93,42,0,92,140,-130,124
91,94,41,1,97,130,-130,124
91,95,60,1,97,140,-130,124
91,96,38,1,102,140,-130,124
91,97,25,0,102,135,-120,124
91,98,16,0,92,140,-120,124
91,99,10,1,112,140,-130,124
92,0,40,1,50,40,60,50
92,1,41,0,40,50,60,50
92,2,4,1,50,50,60,45
92,3,46,0,43,50,60,50
92,4,57,0,33,50,60,55
92,5,37,0,21,60,60,55
92,6,31,1,21,60,70,55
92,7,48,0,11,60,70,60
92,8,38,1,16,60,70,60
92,9,19,0,-4,60,80,70
92,10,28,0,-14,60,90,70
92,11,22,0,-19,60,95,70
92,12,39,1,-14,60,95,65
92,13,30,0,-14,60,85,75
92,14,10,1,6,60,75,75
92,15,13,0,6,60,75,80
92,16,23,1,16,60,70,80
92,17,25,1,16,65,60,80
92,18,3,0,31,65,55,80
92,19,5,1,36,65,45,80
92,20,43,0,56,65,35,80
92,21,11,1,61,65,35,80
92,22,1,0,71,65,20,80
92,23,14,1,71,70,20,80
92,24,46,0,64,70,20,85
92,25,58,0,64,60,20,85
92,26,26,0,59,60,20,90
92,27,41,0,49,70,20,90
92,28,39,0,42,75,20,90
92,29,21,1,42,80,5,90
92,30,24,0,37,80,10,90
92,31,32,1,37,70,25,90
92,32,3,0,52,70,20,90
92,33,2,1,57,70,10,90
92,34,23,0,52,60,10,95
92,35,4,0,37,65,10,95
92,36,9,0,32,65,10,100
92,37,25,1,32,70,0,100
92,38,26,1,42,70,-5,100
92,39,13,1,47,75,-5,100
92,40,16,0,37,80,-5,100
92,41,7,1,42,80,-5,95
92,42,24,0,37,80,0,95
92,43,27,0,47,65,0,95
92,44,10,0,42,70,0,95
92,45,30,0,42,70,-10,105
92,46,59,1,42,75,-10,105
92,47,28,0,32,75,0,105
92,48,5,0,27,75,5,105
92,49,1,1,19,75,10,105
92,50,37,0,7,85,10,105
92,51,15,1,7,90,10,105
92,52,60,0,37,90,10,105
92,53,46,1,42,90,10,100
92,54,11,1,47,90,10,100
92,55,41,0,37,100,10,100
92,56,61,0,37,100,30,100
92,57,8,1,27,100,30,105
92,58,23,0,22,90,30,110
92,59,13,0,22,90,30,115
92,60,26,1,32,90,25,115
92,61,44,1,37,90,25,115
92,62,36,0,37,85,25,117
92,63,2,0,27,85,30,117
92,64,22,1,27,90,20,117
92,65,7,1,32,90,20,112
92,66,12,0,27,100,20,112
92,67,3,0,42,100,15,112
92,68,33,0,72,100,15,112
92,69,15,0,92,95,15,112
92,70,37,1,102,95,15,112
92,71,10,1,122,95,5,112
92,72,39,1,127,95,5,107
92,73,1,1,119,95,10,107
92,74,14,0,119,95,10,112
92,75,25,1,119,100,0,112
92,76,8,1,109,100,0,117
92,77,30,0,109,100,-10,127
92,78,16,0,99,105,-10,127
92,79,41,0,89,115,-10,127
92,80,20,1,89,120,-25,127
92,81,12,1,94,120,-25,127
92,82,22,1,94,125,-35,127
92,83,9,0,89,125,-35,132
92,84,42,1,89,130,-35,132
92,85,4,1,99,130,-35,127
92,86,19,1,114,130,-35,127
92,87,46,0,107,130,-35,132
92,88,21,0,102,130,-20,132
92,89,37,0,90,140,-20,132
92,90,16,1,90,140,-30,132
92,91,39,0,83,145,-30,132
92,92,10,1,103,145,-40,132
92,93,34,0,103,130,-25,132
92,94,18,1,113,130,-25,132
92,95,12,1,118,130,-25,132
92,96,20,1,118,135,-40,132
92,97,44,1,123,135,-40,132
92,98,35,1,123,125,-30,132
92,99,41,0,113,135,-30,132
93,0,22,0,45,50,55,50
93,1,46,0,38,50,55,55
93,2,12,0,33,60,55,55
93,3,28,1,43,60,55,55
93,4,37,0,31,70,55,55
93,5,13,0,31,70,55,60
93,6,10,0,26,75,55,60
93,7,2,0,16,75,60,60
93,8,9,0,11,75,60,65
93,9,15,1,11,80,60,65
93,10,23,1,21,80,55,65
93,11,38,1,26,80,55,65
93,12,16,1,26,80,45,65
93,13,25,1,26,85,35,65
93,14,12,1,31,85,35,65
93,15,22,0,26,85,40,65
93,16,20,0,21,85,55,65
93,17,29,1,21,100,35,65
93,18,18,0,-4,100,35,75
93,19,1,1,-12,100,40,75
93,20,7,1,-7,100,40,70
93,21,15,0,13,95,40,70
93,22,23,1,23,95,35,70
93,23,14,1,23,100,35,70
93,24,5,0,18,100,40,70
93,25,16,0,8,105,40,70
93,26,57,0,-2,105,40,75
93,27,11,1,3,105,40,75
93,28,9,0,-2,105,40,80
93,29,25,1,-2,110,30,80
93,30,3,0,13,110,25,80
93,31,24,0,8,110,30,80
93,32,26,1,18,110,25,80
93,33,10,1,38,110,15,80
93,34,21,1,38,115,0,80
93,35,45,0,38,115,0,85
93,36,6,0,48,115,-5,85
93,37,41,0,38,125,-5,85
93,38,27,0,48,110,-5,85
93,39,46,0,41,110,-5,90
93,40,15,1,41,115,-5,90
93,41,17,0,21,125,-5,90
93,42,11,0,16,125,-5,92
93,43,13,1,21,130,-5,92
93,44,22,0,16,130,0,92
93,45,58,0,16,120,0,92
93,46,3,1,9,120,0,97
93,47,4,0,-6,125,0,97
93,48,1,0,4,125,-15,97
93,49,23,0,-1,115,-15,102
93,50,36,0,-1,110,-15,104
93,51,46,0,-8,110,-15,109
93,52,47,0,17,110,-15,109
93,53,31,1,17,110,-5,109
93,54,28,1,27,110,-5,109
93,55,5,0,22,110,0,109
93,56,32,1,22,100,15,109
93,57,33,0,52,100,15,109
93,58,14,0,52,100,15,114
93,59,16,0,42,105,15,114
93,60,21,0,37,105,30,114
93,61,48,0,27,105,30,119
93,62,34,1,42,105,30,119
93,63,10,1,62,105,20,119
93,64,17,0,42,115,20,119
93,65,36,0,42,110,20,121
93,66,20,0,37,110,35,121
93,67,5,1,42,110,25,121
93,68,39,1,47,110,25,116
93,69,41,0,37,120,25,116
93,70,2,0,27,120,30,116
93,71,25,1,27,125,20,116
93,72,28,0,17,125,30,116
93,73,7,1,22,125,30,111
93,74,22,0,17,125,35,111
93,75,12,0,12,135,35,111
93,76,26,0,7,135,35,116
93,77,23,0,2,125,35,121
93,78,21,0,-3,125,50,121
93,79,16,0,-13,130,50,121
93,80,41,0,-23,140,50,121
93,81,3,1,-30,140,50,126
93,82,4,0,-45,145,50,126
93,83,46,0,-52,145,50,131
93,84,20,1,-52,150,35,131
93,85,13,0,-52,150,35,136
93,86,47,0,-27,150,35,136
93,87,7,0,-42,155,35,136
93,88,39,0,-49,160,35,136
93,89,14,0,-49,160,35,141
93,90,15,0,-29,155,35,141
93,91,8,1,-39,155,35,146
93,92,1,1,-47,155,40,146
93,93,26,0,-52,155,40,151
93,94,42,0,-60,155,40,161
93,95,30,1,-60,155,50,161
93,96,43,0,-40,155,40,161
93,97,2,1,-35,155,30,161
93,98,17,1,-50,155,40,161
93,99,41,1,-45,145,40,161
94,0,15,0,70,45,50,50
94,1,14,0,70,45,50,55
94,2,24,0,65,45,55,55
94,3,44,0,65,45,65,60
94,4,1,0,75,45,50,60
94,5,57,0,65,45,50,65
94,6,47,0,90,45,50,65
94,7,25,1,90,50,40,65
94,8,13,1,95,55,40,65
94,9,22,0,90,55,45,65
94,10,3,0,105,55,40,65
94,11,9,1,110,55,40,65
94,12,27,1,110,60,35,65
94,13,4,1,120,60,35,60
94,14,31,0,120,65,25,60
94,15,11,1,125,65,25,60
94,16,5,0,120,65,30,60
94,17,16,1,120,65,20,60
94,18,39,1,125,65,20,55
94,19,14,0,125,65,20,60
94,20,42,1,125,70,20,60
94,21,15,0,145,65,20,60
94,22,12,1,150,65,20,60
94,23,10,0,145,70,20,60
94,24,47,1,145,70,20,75
94,25,36,0,145,65,20,77
94,26,4,1,155,65,20,72
94,27,1,0,165,65,5,72
94,28,23,0,160,55,5,77
94,29,41,0,150,65,5,77
94,30,40,0,150,75,-5,77
94,31,38,1,155,75,-5,77
94,32,3,1,148,75,-5,82
94,33,43,0,168,75,-15,82
94,34,16,1,168,75,-25,82
94,35,14,0,168,75,-25,87
94,36,11,1,173,75,-25,87
94,37,20,0,168,75,-10,87
94,38,18,1,178,75,-10,87
94,39,32,1,178,65,5,87
94,40,12,0,173,75,5,87
94,41,33,0,203,75,5,87
94,42,23,0,198,65,5,92
94,43,2,1,203,65,-5,92
94,44,25,0,203,60,5,92
94,45,41,0,193,70,5,92
94,46,3,1,186,70,5,97
94,47,36,0,186,65,5,99
94,48,58,1,186,70,5,99
94,49,30,0,186,70,-5,109
94,50,28,0,176,70,5,109
94,51,8,1,166,70,5,114
94,52,9,1,171,70,5,114
94,53,12,0,166,80,5,114
94,54,43,1,166,80,10,99
94,55,39,1,171,80,10,94
94,56,20,0,166,80,25,94
94,57,47,0,191,80,25,94
94,58,21,0,186,80,40,94
94,59,26,0,181,80,40,99
94,60,4,1,191,80,40,94
94,61,37,1,201,80,40,94
94,62,38,0,196,85,40,94
94,63,8,1,186,85,40,99
94,64,59,1,186,90,40,99
94,65,12,0,181,100,40,99
94,66,7,0,166,105,40,99
94,67,9,0,161,105,40,104
94,68,36,0,161,100,40,106
94,69,48,1,161,105,40,96
94,70,60,0,191,105,40,96
94,71,34,0,191,90,55,96
94,72,27,1,191,95,50,96
94,73,26,0,186,95,50,101
94,74,4,1,196,95,50,96
94,75,16,0,186,100,50,96
94,76,8,0,186,105,40,96
94,77,23,1,196,105,35,96
94,78,15,0,216,100,35,96
94,79,28,1,226,100,35,96
94,80,6,1,218,100,35,101
94,81,40,1,218,90,45,101
94,82,38,0,213,95,45,101
94,83,3,0,228,95,40,101
94,84,2,1,233,95,30,101
94,85,42,0,225,95,30,111
94,86,61,1,225,105,30,111
94,87,16,0,215,110,30,111
94,88,47,1,215,110,30,126
94,89,13,0,215,110,30,131
94,90,25,1,215,115,20,131
94,91,11,1,220,115,20,131
94,92,10,1,240,115,10,131
94,93,15,1,240,120,10,131
94,94,22,1,240,125,0,131
94,95,41,1,245,115,0,131
94,96,28,0,235,115,10,131
94,97,43,1,235,115,15,116
94,98,7,1,240,115,15,111
94,99,14,0,240,115,15,116
95,0,3,0,65,50,45,50
95,1,37,0,53,60,45,50
95,2,14,1,53,65,45,50
95,3,1,0,63,65,30,50
95,4,16,0,53,70,30,50
95,5,27,0,63,55,30,50
95,6,9,1,68,55,30,50
95,7,7,0,53,60,30,50
95,8,22,1,53,65,20,50
95,9,48,0,43,65,20,55
95,10,24,1,48,65,20,55
95,11,38,1,53,65,20,55
95,12,31,0,53,70,10,55
95,13,36,1,53,75,10,50
95,14,4,0,38,80,10,50
95,15,3,1,31,80,10,55
95,16,40,0,31,90,0,55
95,17,11,1,36,90,0,55
95,18,12,1,41,90,0,55
95,19,49,1,41,95,0,55
95,20,26,0,36,95,0,60
95,21,41,0,26,105,0,60
95,22,16,0,16,110,0,60
95,23,9,0,11,110,0,65
95,24,20,0,6,110,15,65
95,25,30,0,6,110,5,75
95,26,25,1,6,115,-5,75
95,27,15,0,26,110,-5,75
95,28,57,0,16,110,-5,80
95,29,3,1,9,110,-5,85
95,30,10,0,4,115,-5,85
95,31,5,0,-1,115,0,85
95,32,16,1,-1,115,-10,85
95,33,18,1,9,115,-10,85
95,34,43,1,9,115,-5,70
95,35,1,0,19,115,-20,70
95,36,26,0,14,115,-20,75
95,37,17,1,-1,115,-10,75
95,38,39,0,-8,120,-10,75
95,39,22,0,-13,120,-5,75
95,40,20,1,-13,125,-20,75
95,41,41,1,-8,115,-20,75
95,42,44,1,-3,115,-20,75
95,43,46,0,-10,115,-20,80
95,44,27,0,0,100,-20,80
95,45,23,1,10,100,-25,80
95,46,58,0,10,90,-25,80
95,47,36,1,10,95,-25,75
95,48,13,0,10,95,-25,80
95,49,1,0,20,95,-40,80
95,50,37,1,30,95,-40,80
95,51,12,1,35,95,-40,80
95,52,28,0,25,95,-30,80
95,53,42,0,17,95,-30,90
95,54,24,0,12,95,-25,90
95,55,18,1,22,95,-25,90
95,56,27,0,32,80,-25,90
95,57,7,1,37,80,-25,85
95,58,25,1,37,85,-35,85
95,59,11,1,42,85,-35,85
95,60,2,1,47,85,-45,85
95,61,12,1,52,85,-45,85
95,62,8,1,42,85,-45,90
95,63,16,1,42,85,-55,90
95,64,40,1,42,75,-45,90
95,65,9,1,47,75,-45,90
95,66,45,1,47,80,-45,90
95,67,13,1,52,85,-45,90
95,68,44,1,57,85,-45,90
95,69,29,1,57,100,-65,90
95,70,22,1,57,105,-75,90
95,71,23,1,67,105,-80,90
95,72,32,0,67,110,-95,90
95,73,39,0,60,115,-95,90
95,74,24,1,65,115,-95,90
95,75,41,0,55,125,-95,90
95,76,38,1,60,125,-95,90
95,77,4,1,70,125,-95,85
95,78,48,0,60,125,-95,90
95,79,11,1,65,125,-95,90
95,80,14,1,65,130,-95,90
95,81,15,0,85,125,-95,90
95,82,10,1,105,125,-105,90
95,83,5,0,100,125,-100,90
95,84,33,0,130,125,-100,90
95,85,45,1,130,130,-100,90
95,86,18,1,140,130,-100,90
95,87,47,1,140,130,-100,105
95,88,24,1,145,130,-100,105
95,89,4,0,130,135,-100,105
95,90,9,0,125,135,-100,110
95,91,15,1,125,140,-100,110
95,92,13,0,125,140,-100,115
95,93,27,0,135,125,-100,115
95,94,59,1,135,130,-100,115
95,95,38,0,130,135,-100,115
95,96,1,0,140,135,-115,115
95,97,2,1,145,135,-125,115
95,98,37,0,133,145,-125,115
95,99,3,0,148,145,-130,115
96,0,7,0,35,55,50,50
96,1,22,1,35,60,40,50
96,2,39,1,40,60,40,45
96,3,8,1,30,60,40,50
96,4,31,1,30,60,50,50
96,5,26,0,25,60,50,55
96,6,3,1,18,60,50,60
96,7,44,0,18,60,60,65
96,8,25,1,18,65,50,65
96,9,5,0,13,65,55,65
96,10,45,1,13,70,55,65
96,11,28,0,3,70,65,65
96,12,10,1,23,70,55,65
96,13,13,0,23,70,55,70
96,14,57,1,23,75,55,70
96,15,11,1,28,75,55,70
96,16,58,0,28,65,55,70
96,17,32,0,28,70,40,70
96,18,23,0,23,60,40,75
96,19,40,0,23,70,30,75
96,20,8,0,23,75,20,75
96,21,16,1,23,75,10,75
96,22,1,1,15,75,15,75
96,23,5,1,20,75,5,75
96,24,21,0,15,75,20,75
96,25,9,0,10,75,20,80
96,26,3,1,3,75,20,85
96,27,22,0,-2,75,25,85
96,28,15,1,-2,80,25,85
96,29,48,1,-2,85,25,75
96,30,25,0,-2,80,35,75
96,31,24,0,-7,80,40,75
96,32,10,1,13,80,30,75
96,33,47,1,13,80,30,90
96,34,33,0,43,80,30,90
96,35,11,1,48,80,30,90
96,36,17,0,28,90,30,90
96,37,23,0,23,80,30,95
96,38,20,1,23,85,15,95
96,39,1,0,33,85,0,95
96,40,39,0,26,90,0,95
96,41,12,0,21,100,0,95
96,42,37,0,9,110,0,95
96,43,2,1,14,110,-10,95
96,44,16,1,14,110,-20,95
96,45,8,1,4,110,-20,100
96,46,15,0,24,105,-20,100
96,47,46,1,29,105,-20,95
96,48,42,1,29,110,-20,95
96,49,34,1,44,110,-20,95
96,50,4,0,29,115,-20,95
96,51,14,1,29,120,-20,95
96,52,26,1,39,120,-25,95
96,53,23,0,34,110,-25,100
96,54,28,0,24,110,-15,100
96,55,11,0,19,110,-15,102
96,56,16,0,9,115,-15,102
96,57,43,0,29,115,-25,102
96,58,13,1,34,120,-25,102
96,59,21,1,34,125,-40,102
96,60,48,0,24,125,-40,107
96,61,22,0,19,125,-35,107
96,62,27,1,19,130,-40,107
96,63,8,1,9,130,-40,112
96,64,10,1,29,130,-50,112
96,65,23,0,24,120,-50,117
96,66,20,0,19,120,-35,117
96,67,3,1,12,120,-35,122
96,68,17,0,-8,130,-35,122
96,69,41,1,-3,120,-35,122
96,70,2,0,-13,120,-30,122
96,71,5,1,-8,120,-40,122
96,72,36,0,-8,115,-40,124
96,73,4,0,-23,120,-40,124
96,74,6,0,-13,120,-45,124
96,75,14,0,-13,120,-45,129
96,76,59,0,-13,120,-55,134
96,77,11,1,-8,120,-55,134
96,78,45,0,-8,120,-55,139
96,79,38,0,-13,125,-55,139
96,80,26,0,-18,125,-55,144
96,81,35,0,-18,133,-70,144
96,82,21,1,-18,138,-85,144
96,83,3,0,-3,138,-90,144
96,84,12,1,2,138,-90,144
96,85,29,1,2,153,-110,144
96,86,44,0,2,153,-100,149
96,87,20,1,2,158,-115,149
96,88,43,1,2,158,-110,134
96,89,2,0,-8,158,-105,134
96,90,25,0,-8,153,-95,134
96,91,36,1,-8,158,-95,129
96,92,1,1,-16,158,-90,129
96,93,14,1,-16,163,-90,129
96,94,10,0,-21,168,-90,129
96,95,45,0,-21,168,-90,134
96,96,8,1,-31,168,-90,139
96,97,46,1,-26,168,-90,134
96,98,48,1,-26,173,-90,124
96,99,41,1,-21,163,-90,124
97,0,36,1,50,55,50,45
97,1,12,0,45,65,50,45
97,2,5,0,40,65,55,45
97,3,40,0,40,75,45,45
97,4,26,1,50,75,40,45
97,5,3,1,43,75,40,50
97,6,9,0,38,75,40,55
97,7,2,1,43,75,30,55
97,8,29,0,33,75,35,55
97,9,23,1,43,75,30,55
97,10,57,1,43,80,30,55
97,11,16,1,43,80,20,55
97,12,4,0,28,85,20,55
97,13,12,1,33,85,20,55
97,14,21,1,33,90,5,55
97,15,20,0,28,90,20,55
97,16,44,1,33,90,20,55
97,17,47,0,58,90,20,55
97,18,10,1,78,90,10,55
97,19,46,1,83,90,10,50
97,20,31,0,83,95,0,50
97,21,32,0,83,100,-15,50
97,22,41,0,73,110,-15,50
97,23,13,1,78,115,-15,50
97,24,3,0,93,115,-20,50
97,25,23,0,88,105,-20,55
97,26,4,0,73,110,-20,55
97,27,27,1,73,115,-25,55
97,28,11,1,78,115,-25,55
97,29,16,1,78,115,-35,55
97,30,2,1,83,115,-45,55
97,31,33,1,83,120,-45,55
97,32,5,0,78,120,-40,55
97,33,14,1,78,125,-40,55
97,34,21,1,78,130,-55,55
97,35,26,0,73,130,-55,60
97,36,24,0,68,130,-50,60
97,37,58,1,68,135,-50,60
97,38,11,1,73,135,-50,60
97,39,59,0,73,135,-60,65
97,40,9,0,68,135,-60,70
97,41,4,1,78,135,-60,65
97,42,34,0,78,120,-45,65
97,43,19,1,93,120,-45,65
97,44,29,1,93,135,-65,65
97,45,1,1,85,135,-60,65
97,46,42,1,85,140,-60,65
97,47,5,0,80,140,-55,65
97,48,22,0,75,140,-50,65
97,49,45,1,75,145,-50,65
97,50,3,0,90,145,-55,65
97,51,20,0,85,145,-40,65
97,52,35,1,85,135,-30,65
97,53,13,1,90,140,-30,65
97,54,25,0,90,135,-20,65
97,55,24,0,85,135,-15,65
97,56,29,1,85,150,-35,65
97,57,2,1,90,150,-45,65
97,58,12,0,85,160,-45,65
97,59,60,0,115,160,-45,65
97,60,7,0,100,165,-45,65
97,61,14,0,100,165,-45,70
97,62,15,1,100,170,-45,70
97,63,1,1,92,170,-40,70
97,64,49,0,92,170,-40,75
97,65,26,1,102,170,-45,75
97,66,10,1,122,170,-55,75
97,67,48,1,122,175,-55,65
97,68,12,0,117,185,-55,65
97,69,50,1,117,185,-45,65
97,70,40,1,117,175,-35,65
97,71,41,0,107,185,-35,65
97,72,51,1,107,190,-35,65
97,73,52,0,127,180,-35,65
97,74,5,0,122,180,-30,65
97,75,18,0,97,180,-30,75
97,76,45,1,97,185,-30,75
97,77,16,1,97,185,-40,75
97,78,12,1,102,185,-40,75
97,79,10,0,97,190,-40,75
97,80,22,0,92,190,-35,75
97,81,17,1,77,190,-25,75
97,82,13,0,77,190,-25,80
97,83,1,0,87,190,-40,80
97,84,8,0,87,195,-50,80
97,85,9,1,92,195,-50,80
97,86,23,0,87,185,-50,85
97,87,21,0,82,185,-35,85
97,88,14,1,82,190,-35,85
97,89,16,1,82,190,-45,85
97,90,11,1,87,190,-45,85
97,91,12,1,92,190,-45,85
97,92,39,1,97,190,-45,80
97,93,29,1,97,205,-65,80
97,94,3,0,112,205,-70,80
97,95,2,0,102,205,-65,80
97,96,26,0,97,205,-65,85
97,97,24,1,102,205,-65,85
97,98,22,1,102,210,-75,85
97,99,41,1,107,200,-75,85
98,0,15,1,50,55,50,50
98,1,8,1,40,55,50,55
98,2,1,0,50,55,35,55
98,3,6,1,42,55,35,60
98,4,27,0,52,40,35,60
98,5,14,1,52,45,35,60
98,6,11,0,47,45,35,62
98,7,45,0,47,45,35,67
98,8,31,1,47,45,45,67
98,9,3,0,62,45,40,67
98,10,16,0,52,50,40,67
98,11,5,1,57,50,30,67
98,12,12,1,62,50,30,67
98,13,57,1,62,55,30,67
98,14,9,0,57,55,30,72
98,15,13,1,62,60,30,72
98,16,43,0,82,60,20,72
98,17,36,1,82,65,20,67
98,18,41,0,72,75,20,67
98,19,15,0,92,70,20,67
98,20,28,1,102,70,20,67
98,21,19,0,82,70,30,77
98,22,10,0,77,75,30,77
98,23,40,0,77,85,20,77
98,24,4,0,62,90,20,77
98,25,27,0,72,75,20,77
98,26,44,1,77,75,20,77
98,27,7,1,82,75,20,72
98,28,30,1,82,75,30,72
98,29,22,0,77,75,35,72
98,30,13,1,82,80,35,72
98,31,5,1,87,80,25,72
98,32,26,0,82,80,25,77
98,33,23,0,77,70,25,82
98,34,16,1,77,70,15,82
98,35,41,1,82,60,15,82
98,36,21,0,77,60,30,82
98,37,25,0,77,55,40,82
98,38,17,1,62,55,50,82
98,39,32,0,62,60,35,82
98,40,37,1,72,60,35,82
98,41,12,1,77,60,35,82
98,42,58,0,77,50,35,82
98,43,14,1,77,55,35,82
98,44,27,1,77,60,30,82
98,45,23,1,87,60,25,82
98,46,18,0,62,60,25,92
98,47,40,0,62,70,15,92
98,48,11,0,57,70,15,94
98,49,4,0,42,75,15,94
98,50,41,1,47,65,15,94
98,51,24,1,52,65,15,94
98,52,15,0,72,60,15,94
98,53,20,1,72,65,0,94
98,54,45,1,72,70,0,94
98,55,21,1,72,75,-15,94
98,56,59,1,72,80,-15,94
98,57,16,0,62,85,-15,94
98,58,30,1,62,85,-5,94
98,59,26,1,72,85,-10,94
98,60,23,0,67,75,-10,99
98,61,12,0,62,85,-10,99
98,62,14,1,62,90,-10,99
98,63,47,1,62,90,-10,114
98,64,5,1,67,90,-20,114
98,65,1,0,77,90,-35,114
98,66,13,1,82,95,-35,114
98,67,24,0,77,95,-30,114
98,68,38,0,72,100,-30,114
98,69,4,0,57,105,-30,114
98,70,6,0,67,105,-35,114
98,71,21,1,67,110,-50,114
98,72,33,0,97,110,-50,114
98,73,3,0,112,110,-55,114
98,74,22,0,107,110,-50,114
98,75,9,1,112,110,-50,114
98,76,23,0,107,100,-50,119
98,77,27,1,107,105,-55,119
98,78,2,1,112,105,-65,119
98,79,14,0,112,105,-65,124
98,80,26,0,107,105,-65,129
98,81,43,0,127,105,-75,129
98,82,30,1,127,105,-65,129
98,83,6,1,119,105,-65,134
98,84,41,1,124,95,-65,134
98,85,20,1,124,100,-80,134
98,86,5,1,129,100,-90,134
98,87,10,0,124,105,-90,134
98,88,12,1,129,105,-90,134
98,89,11,0,124,105,-90,136
98,90,24,1,129,105,-90,136
98,91,36,1,129,110,-90,131
98,92,28,1,139,110,-90,131
98,93,15,1,139,115,-90,131
98,94,40,0,139,125,-100,131
98,95,46,0,132,125,-100,136
98,96,6,1,124,125,-100,141
98,97,22,0,119,125,-95,141
98,98,10,1,139,125,-105,141
98,99,14,0,139,125,-105,146
99,0,26,0,45,50,50,55
99,1,5,0,40,50,55,55
99,2,15,1,40,55,55,55
99,3,21,1,40,60,40,55
99,4,41,0,30,70,40,55
99,5,25,1,30,75,30,55
99,6,31,0,30,80,20,55
99,7,36,0,30,75,20,57
99,8,48,1,30,80,20,47
99,9,2,0,20,80,25,47
99,10,43,0,40,80,15,47
99,11,27,0,50,65,15,47
99,12,45,0,50,65,15,52
99,13,9,0,45,65,15,57
99,14,12,0,40,75,15,57
99,15,26,1,50,75,10,57
99,16,10,1,70,75,0,57
99,17,41,0,60,85,0,57
99,18,40,1,60,75,10,57
99,19,57,1,60,80,10,57
99,20,38,0,55,85,10,57
99,21,14,0,55,85,10,62
99,22,3,0,70,85,5,62
99,23,7,1,75,85,5,57
99,24,11,1,80,85,5,57
99,25,32,1,80,75,20,57
99,26,25,1,80,80,10,57
99,27,19,0,60,80,20,67
99,28,41,0,50,90,20,67
99,29,33,1,50,95,20,67
99,30,22,1,50,100,10,67
99,31,2,0,40,100,15,67
99,32,20,0,35,100,30,67
99,33,15,0,55,95,30,67
99,34,14,1,55,100,30,67
99,35,4,1,65,100,30,62
99,36,13,0,65,100,30,67
99,37,12,0,60,110,30,67
99,38,34,0,60,95,45,67
99,39,41,1,65,85,45,67
99,40,35,1,65,75,55,67
99,41,28,1,75,75,55,67
99,42,24,1,80,75,55,67
99,43,58,0,80,65,55,67
99,44,16,1,80,65,45,67
99,45,25,0,80,60,55,67
99,46,36,0,80,55,55,69
99,47,9,1,85,55,55,69
99,48,6,1,77,55,55,74
99,49,21,1,77,60,40,74
99,50,3,0,92,60,35,74
99,51,1,1,84,60,40,74
99,52,44,0,84,60,50,79
99,53,23,0,79,50,50,84
99,54,2,0,69,50,55,84
99,55,41,0,59,60,55,84
99,56,10,0,54,65,55,84
99,57,15,0,74,60,55,84
99,58,28,0,64,60,65,84
99,59,20,0,59,60,80,84
99,60,29,1,59,75,60,84
99,61,40,1,59,65,70,84
99,62,27,1,59,70,65,84
99,63,45,0,59,70,65,89
99,64,9,1,64,70,65,89
99,65,43,1,64,70,70,74
99,66,25,0,64,65,80,74
99,67,44,0,64,65,90,79
99,68,3,1,57,65,90,84
99,69,24,1,62,65,90,84
99,70,16,0,52,70,90,84
99,71,2,1,57,70,80,84
99,72,17,0,37,80,80,84
99,73,19,0,17,80,90,94
99,74,36,0,17,75,90,96
99,75,12,1,22,75,90,96
99,76,37,0,10,85,90,96
99,77,41,0,0,95,90,96
99,78,47,0,25,95,90,96
99,79,21,1,25,100,75,96
99,80,42,0,17,100,75,106
99,81,45,1,17,105,75,106
99,82,16,0,7,110,75,106
99,83,49,1,7,115,75,106
99,84,22,0,2,115,80,106
99,85,4,1,12,115,80,101
99,86,1,1,4,115,85,101
99,87,20,0,-1,115,100,101
99,88,39,1,4,115,100,96
99,89,3,0,19,115,95,96
99,90,14,0,19,115,95,101
99,91,7,1,24,115,95,96
99,92,11,1,29,115,95,96
99,93,10,1,49,115,85,96
99,94,28,0,39,115,95,96
99,95,12,1,44,115,95,96
99,96,25,0,44,110,105,96
99,97,4,1,54,110,105,91
99,98,16,1,54,110,95,91
99,99,5,0,49,110,100,91
