run,turn,card_id,choice,resources,security,moral,progress
0,0,26,0,45,50,50,55
0,1,15,1,45,55,50,55
0,2,2,0,35,55,55,55
0,3,39,0,28,60,55,55
0,4,48,0,18,60,55,60
0,5,12,1,23,60,55,60
0,6,11,1,28,60,55,60
0,7,40,0,28,70,45,60
0,8,12,0,23,80,45,60
0,9,11,1,28,80,45,60
0,10,26,1,38,80,40,60
0,11,10,1,58,80,30,60
0,12,21,0,53,80,45,60
0,13,16,1,53,80,35,60
0,14,41,0,43,90,35,60
0,15,10,1,63,90,25,60
0,16,28,1,73,90,25,60
0,17,39,0,66,95,25,60
0,18,1,1,58,95,30,60
0,19,5,0,53,95,35,60
0,20,9,0,48,95,35,65
0,21,29,0,38,95,40,65
0,22,19,0,18,95,50,75
0,23,4,0,3,100,50,75
0,24,20,1,3,105,35,75
0,25,16,1,3,105,25,75
0,26,14,1,3,110,25,75
0,27,21,0,-2,110,40,75
0,28,12,0,-7,120,40,75
0,29,3,1,-14,120,40,80
0,30,24,1,-9,120,40,80
0,31,42,1,-9,125,40,80
0,32,10,0,-14,130,40,80
0,33,4,0,-29,135,40,80
0,34,37,0,-41,145,40,80
0,35,26,0,-46,145,40,85
0,36,2,1,-41,145,30,85
0,37,38,1,-36,145,30,85
0,38,41,0,-46,155,30,85
0,39,12,1,-41,155,30,85
0,40,38,0,-46,160,30,85
0,41,38,1,-41,160,30,85
0,42,24,0,-46,160,35,85
0,43,23,0,-51,150,35,90
0,44,12,1,-46,150,35,90
0,45,8,0,-46,155,25,90
0,46,36,0,-46,150,25,92
0,47,2,1,-41,150,15,92
0,48,28,1,-31,150,15,92
0,49,8,1,-41,150,15,97
0,50,21,1,-41,155,0,97
0,51,13,1,-36,160,0,97
0,52,6,1,-44,160,0,102
0,53,10,0,-49,165,0,102
0,54,15,1,-49,170,0,102
0,55,5,0,-54,170,5,102
0,56,25,0,-54,165,15,102
0,57,38,0,-59,170,15,102
0,58,13,0,-59,170,15,107
0,59,41,1,-54,160,15,107
0,60,24,1,-49,160,15,107
0,61,10,0,-54,165,15,107
0,62,38,0,-59,170,15,107
0,63,45,1,-59,175,15,107
0,64,23,1,-49,175,10,107
0,65,13,1,-44,180,10,107
0,66,36,1,-44,185,10,102
0,67,46,1,-39,185,10,97
0,68,26,0,-44,185,10,102
0,69,43,0,-24,185,0,102
0,70,26,0,-29,185,0,107
0,71,27,0,-19,170,0,107
0,72,3,1,-26,170,0,112
0,73,26,1,-16,170,-5,112
0,74,12,0,-21,180,-5,112
0,75,12,1,-16,180,-5,112
0,76,14,1,-16,185,-5,112
0,77,2,1,-11,185,-15,112
0,78,20,1,-11,190,-30,112
0,79,3,0,4,190,-35,112
0,80,9,0,-1,190,-35,117
0,81,20,1,-1,195,-50,117
0,82,39,0,-8,200,-50,117
0,83,27,0,2,185,-50,117
0,84,2,1,7,185,-60,117
0,85,5,0,2,185,-55,117
0,86,22,1,2,190,-65,117
0,87,41,0,-8,200,-65,117
0,88,26,1,2,200,-70,117
0,89,15,0,22,195,-70,117
0,90,48,1,22,200,-70,107
0,91,27,0,32,185,-70,107
0,92,15,1,32,190,-70,107
0,93,40,1,32,180,-60,107
0,94,10,0,27,185,-60,107
0,95,20,0,22,185,-45,107
0,96,25,1,22,190,-55,107
0,97,11,1,27,190,-55,107
0,98,10,1,47,190,-65,107
0,99,9,1,52,190,-65,107
1,0,16,1,50,50,40,50
1,1,15,0,70,45,40,50
1,2,13,1,75,50,40,50
1,3,10,1,95,50,30,50
1,4,2,1,100,50,20,50
1,5,41,1,105,40,20,50
1,6,14,0,105,40,20,55
1,7,48,1,105,45,20,45
1,8,9,0,100,45,20,50
1,9,37,0,88,55,20,50
1,10,44,1,93,55,20,50
1,11,45,1,93,60,20,50
1,12,29,1,93,75,0,50
1,13,15,1,93,80,0,50
1,14,4,1,103,80,0,45
1,15,2,0,93,80,5,45
1,16,1,1,85,80,10,45
1,17,11,1,90,80,10,45
1,18,11,0,85,80,10,47
1,19,25,0,85,75,20,47
1,20,10,0,80,80,20,47
1,21,3,1,73,80,20,52
1,22,7,0,58,85,20,52
1,23,16,0,48,90,20,52
1,24,43,0,68,90,10,52
1,25,13,0,68,90,10,57
1,26,46,1,73,90,10,52
1,27,1,1,65,90,15,52
1,28,42,1,65,95,15,52
1,29,1,1,57,95,20,52
1,30,38,1,62,95,20,52
1,31,11,1,67,95,20,52
1,32,29,0,57,95,25,52
1,33,26,1,67,95,20,52
1,34,16,1,67,95,10,52
1,35,48,0,57,95,10,57
1,36,48,1,57,100,10,47
1,37,18,0,32,100,10,57
1,38,12,0,27,110,10,57
1,39,44,0,27,110,20,62
1,40,25,0,27,105,30,62
1,41,20,0,22,105,45,62
1,42,3,1,15,105,45,67
1,43,16,1,15,105,35,67
1,44,5,0,10,105,40,67
1,45,15,0,30,100,40,67
1,46,17,1,15,100,50,67
1,47,7,0,0,105,50,67
1,48,36,1,0,110,50,62
1,49,17,0,-20,120,50,62
1,50,12,0,-25,130,50,62
1,51,28,1,-15,130,50,62
1,52,26,1,-5,130,45,62
1,53,25,1,-5,135,35,62
1,54,38,1,0,135,35,62
1,55,11,0,-5,135,35,64
1,56,45,0,-5,135,35,69
1,57,1,1,-13,135,40,69
1,58,2,1,-8,135,30,69
1,59,4,1,2,135,30,64
1,60,45,1,2,140,30,64
1,61,43,0,22,140,20,64
1,62,9,0,17,140,20,69
1,63,30,0,17,140,10,79
1,64,9,1,22,140,10,79
1,65,12,0,17,150,10,79
1,66,1,0,27,150,-5,79
1,67,46,0,20,150,-5,84
1,68,11,1,25,150,-5,84
1,69,10,0,20,155,-5,84
1,70,9,1,25,155,-5,84
1,71,36,0,25,150,-5,86
1,72,17,1,10,150,5,86
1,73,3,0,25,150,0,86
1,74,40,0,25,160,-10,86
1,75,6,0,35,160,-15,86
1,76,37,1,45,160,-15,86
1,77,25,0,45,155,-5,86
1,78,21,1,45,160,-20,86
1,79,13,1,50,165,-20,86
1,80,25,0,50,160,-10,86
1,81,13,0,50,160,-10,91
1,82,16,1,50,160,-20,91
1,83,10,1,70,160,-30,91
1,84,15,0,90,155,-30,91
1,85,2,0,80,155,-25,91
1,86,23,0,75,145,-25,96
1,87,6,1,67,145,-25,101
1,88,5,1,72,145,-35,101
1,89,47,1,72,145,-35,116
1,90,20,0,67,145,-20,116
1,91,43,0,87,145,-30,116
1,92,7,1,92,145,-30,111
1,93,12,1,97,145,-30,111
1,94,37,0,85,155,-30,111
1,95,15,0,105,150,-30,111
1,96,5,1,110,150,-40,111
1,97,44,0,110,150,-30,116
1,98,38,1,115,150,-30,116
1,99,40,0,115,160,-40,116
2,0,30,0,50,50,40,60
2,1,3,0,65,50,35,60
2,2,45,0,65,50,35,65
2,3,1,0,75,50,20,65
2,4,24,0,70,50,25,65
2,5,13,1,75,55,25,65
2,6,24,1,80,55,25,65
2,7,27,1,80,60,20,65
2,8,27,0,90,45,20,65
2,9,23,0,85,35,20,70
2,10,9,0,80,35,20,75
2,11,1,0,90,35,5,75
2,12,5,0,85,35,10,75
2,13,23,0,80,25,10,80
2,14,45,1,80,30,10,80
2,15,10,0,75,35,10,80
2,16,45,0,75,35,10,85
2,17,11,0,70,35,10,87
2,18,13,1,75,40,10,87
2,19,12,1,80,40,10,87
2,20,9,1,85,40,10,87
2,21,1,1,77,40,15,87
2,22,16,0,67,45,15,87
2,23,12,0,62,55,15,87
2,24,8,1,52,55,15,92
2,25,10,0,47,60,15,92
2,26,8,1,37,60,15,97
2,27,25,1,37,65,5,97
2,28,36,1,37,70,5,92
2,29,1,0,47,70,-10,92
2,30,39,0,40,75,-10,92
2,31,26,0,35,75,-10,97
2,32,11,0,30,75,-10,99
2,33,17,1,15,75,0,99
2,34,9,0,10,75,0,104
2,35,22,0,5,75,5,104
2,36,13,1,10,80,5,104
2,37,10,0,5,85,5,104
2,38,46,0,-2,85,5,109
2,39,4,1,8,85,5,104
2,40,23,1,18,85,0,104
2,41,24,1,23,85,0,104
2,42,7,0,8,90,0,104
2,43,19,0,-12,90,10,114
2,44,45,1,-12,95,10,114
2,45,1,1,-20,95,15,114
2,46,3,1,-27,95,15,119
2,47,24,0,-32,95,20,119
2,48,3,0,-17,95,15,119
2,49,24,1,-12,95,15,119
2,50,16,1,-12,95,5,119
2,51,37,1,-2,95,5,119
2,52,2,0,-12,95,10,119
2,53,15,1,-12,100,10,119
2,54,45,1,-12,105,10,119
2,55,23,1,-2,105,5,119
2,56,18,0,-27,105,5,129
2,57,24,1,-22,105,5,129
2,58,8,1,-32,105,5,134
2,59,44,0,-32,105,15,139
2,60,46,0,-39,105,15,144
2,61,13,1,-34,110,15,144
2,62,1,1,-42,110,20,144
2,63,13,0,-42,110,20,149
2,64,15,1,-42,115,20,149
2,65,6,0,-32,115,15,149
2,66,17,0,-52,125,15,149
2,67,16,0,-62,130,15,149
2,68,14,1,-62,135,15,149
2,69,11,0,-67,135,15,151
2,70,23,0,-72,125,15,156
2,71,5,1,-67,125,5,156
2,72,21,1,-67,130,-10,156
2,73,8,0,-67,135,-20,156
2,74,39,1,-62,135,-20,151
2,75,2,0,-72,135,-15,151
2,76,9,0,-77,135,-15,156
2,77,13,0,-77,135,-15,161
2,78,42,1,-77,140,-15,161
2,79,5,1,-72,140,-25,161
2,80,43,1,-72,140,-20,146
2,81,3,0,-57,140,-25,146
2,82,12,0,-62,150,-25,146
2,83,8,1,-72,150,-25,151
2,84,27,1,-72,155,-30,151
2,85,3,1,-79,155,-30,156
2,86,12,0,-84,165,-30,156
2,87,2,0,-94,165,-25,156
2,88,10,0,-99,170,-25,156
2,89,3,0,-84,170,-30,156
2,90,15,0,-64,165,-30,156
2,91,16,0,-74,170,-30,156
2,92,13,1,-69,175,-30,156
2,93,37,0,-81,185,-30,156
2,94,41,0,-91,195,-30,156
2,95,22,1,-91,200,-40,156
2,96,13,1,-86,205,-40,156
2,97,5,1,-81,205,-50,156
2,98,14,0,-81,205,-50,161
2,99,16,0,-91,210,-50,161
3,0,46,0,43,50,50,55
3,1,48,0,33,50,50,60
3,2,14,0,33,50,50,65
3,3,43,1,33,50,55,50
3,4,19,1,48,50,55,50
3,5,1,0,58,50,40,50
3,6,40,1,58,40,50,50
3,7,40,1,58,30,60,50
3,8,38,0,53,35,60,50
3,9,21,0,48,35,75,50
3,10,1,1,40,35,80,50
3,11,21,1,40,40,65,50
3,12,40,1,40,30,75,50
3,13,4,1,50,30,75,45
3,14,15,1,50,35,75,45
3,15,7,0,35,40,75,45
3,16,3,1,28,40,75,50
3,17,36,0,28,35,75,52
3,18,11,0,23,35,75,54
3,19,18,0,-2,35,75,64
3,20,26,1,8,35,70,64
3,21,10,1,28,35,60,64
3,22,10,1,48,35,50,64
3,23,7,0,33,40,50,64
3,24,13,0,33,40,50,69
3,25,7,0,18,45,50,69
3,26,11,0,13,45,50,71
3,27,2,0,3,45,55,71
3,28,16,0,-7,50,55,71
3,29,20,0,-12,50,70,71
3,30,4,0,-27,55,70,71
3,31,24,1,-22,55,70,71
3,32,12,0,-27,65,70,71
3,33,27,0,-17,50,70,71
3,34,9,1,-12,50,70,71
3,35,39,1,-7,50,70,66
3,36,11,1,-2,50,70,66
3,37,13,0,-2,50,70,71
3,38,26,0,-7,50,70,76
3,39,37,0,-19,60,70,76
3,40,16,1,-19,60,60,76
3,41,47,1,-19,60,60,91
3,42,41,0,-29,70,60,91
3,43,47,1,-29,70,60,106
3,44,20,0,-34,70,75,106
3,45,41,1,-29,60,75,106
3,46,25,0,-29,55,85,106
3,47,4,1,-19,55,85,101
3,48,6,0,-9,55,80,101
3,49,2,1,-4,55,70,101
3,50,25,1,-4,60,60,101
3,51,14,0,-4,60,60,106
3,52,27,0,6,45,60,106
3,53,5,0,1,45,65,106
3,54,12,0,-4,55,65,106
3,55,6,0,6,55,60,106
3,56,20,1,6,60,45,106
3,57,13,0,6,60,45,111
3,58,13,0,6,60,45,116
3,59,26,0,1,60,45,121
3,60,26,0,-4,60,45,126
3,61,15,0,16,55,45,126
3,62,23,0,11,45,45,131
3,63,5,1,16,45,35,131
3,64,13,0,16,45,35,136
3,65,25,1,16,50,25,136
3,66,48,1,16,55,25,126
3,67,22,1,16,60,15,126
3,68,11,0,11,60,15,128
3,69,36,1,11,65,15,123
3,70,48,0,1,65,15,128
3,71,10,1,21,65,5,128
3,72,42,1,21,70,5,128
3,73,47,1,21,70,5,143
3,74,25,0,21,65,15,143
3,75,5,0,16,65,20,143
3,76,23,1,26,65,15,143
3,77,15,1,26,70,15,143
3,78,1,1,18,70,20,143
3,79,16,0,8,75,20,143
3,80,25,1,8,80,10,143
3,81,12,1,13,80,10,143
3,82,41,1,18,70,10,143
3,83,16,1,18,70,0,143
3,84,6,1,10,70,0,148
3,85,26,1,20,70,-5,148
3,86,39,1,25,70,-5,143
3,87,26,1,35,70,-10,143
3,88,17,0,15,80,-10,143
3,89,29,1,15,95,-30,143
3,90,41,1,20,85,-30,143
3,91,46,0,13,85,-30,148
3,92,19,0,-7,85,-20,158
3,93,22,0,-12,85,-15,158
3,94,11,0,-17,85,-15,160
3,95,20,0,-22,85,0,160
3,96,24,0,-27,85,5,160
3,97,3,0,-12,85,0,160
3,98,21,0,-17,85,15,160
3,99,1,1,-25,85,20,160
4,0,26,1,60,50,45,50
4,1,16,1,60,50,35,50
4,2,4,0,45,55,35,50
4,3,47,1,45,55,35,65
4,4,36,1,45,60,35,60
4,5,27,0,55,45,35,60
4,6,39,1,60,45,35,55
4,7,6,0,70,45,30,55
4,8,48,0,60,45,30,60
4,9,20,0,55,45,45,60
4,10,47,1,55,45,45,75
4,11,44,0,55,45,55,80
4,12,22,0,50,45,60,80
4,13,42,1,50,50,60,80
4,14,18,0,25,50,60,90
4,15,5,1,30,50,50,90
4,16,12,1,35,50,50,90
4,17,9,1,40,50,50,90
4,18,7,0,25,55,50,90
4,19,30,1,25,55,60,90
4,20,44,1,30,55,60,90
4,21,42,1,30,60,60,90
4,22,42,0,22,60,60,100
4,23,6,1,14,60,60,105
4,24,47,0,39,60,60,105
4,25,5,0,34,60,65,105
4,26,42,0,26,60,65,115
4,27,40,0,26,70,55,115
4,28,11,0,21,70,55,117
4,29,15,0,41,65,55,117
4,30,12,1,46,65,55,117
4,31,3,1,39,65,55,122
4,32,41,0,29,75,55,122
4,33,9,0,24,75,55,127
4,34,44,0,24,75,65,132
4,35,39,1,29,75,65,127
4,36,20,1,29,80,50,127
4,37,3,0,44,80,45,127
4,38,16,0,34,85,45,127
4,39,22,1,34,90,35,127
4,40,15,0,54,85,35,127
4,41,23,0,49,75,35,132
4,42,10,1,69,75,25,132
4,43,9,0,64,75,25,137
4,44,4,0,49,80,25,137
4,45,17,0,29,90,25,137
4,46,12,1,34,90,25,137
4,47,12,0,29,100,25,137
4,48,20,0,24,100,40,137
4,49,23,0,19,90,40,142
4,50,36,1,19,95,40,137
4,51,6,1,11,95,40,142
4,52,36,1,11,100,40,137
4,53,26,1,21,100,35,137
4,54,40,0,21,110,25,137
4,55,14,0,21,110,25,142
4,56,8,0,21,115,15,142
4,57,40,0,21,125,5,142
4,58,9,1,26,125,5,142
4,59,29,0,16,125,10,142
4,60,10,1,36,125,0,142
4,61,26,0,31,125,0,147
4,62,5,0,26,125,5,147
4,63,6,1,18,125,5,152
4,64,44,0,18,125,15,157
4,65,11,0,13,125,15,159
4,66,9,0,8,125,15,164
4,67,5,1,13,125,5,164
4,68,22,1,13,130,-5,164
4,69,7,1,18,130,-5,159
4,70,5,1,23,130,-15,159
4,71,47,0,48,130,-15,159
4,72,2,1,53,130,-25,159
4,73,20,0,48,130,-10,159
4,74,10,0,43,135,-10,159
4,75,45,1,43,140,-10,159
4,76,1,1,35,140,-5,159
4,77,16,1,35,140,-15,159
4,78,18,0,10,140,-15,169
4,79,7,0,-5,145,-15,169
4,80,22,1,-5,150,-25,169
4,81,1,1,-13,150,-20,169
4,82,3,0,2,150,-25,169
4,83,9,1,7,150,-25,169
4,84,46,0,0,150,-25,174
4,85,14,0,0,150,-25,179
4,86,16,1,0,150,-35,179
4,87,27,1,0,155,-40,179
4,88,22,1,0,160,-50,179
4,89,17,1,-15,160,-40,179
4,90,37,0,-27,170,-40,179
4,91,39,1,-22,170,-40,174
4,92,37,0,-34,180,-40,174
4,93,36,1,-34,185,-40,169
4,94,4,0,-49,190,-40,169
4,95,47,1,-49,190,-40,184
4,96,1,0,-39,190,-55,184
4,97,39,0,-46,195,-55,184
4,98,43,1,-46,195,-50,169
4,99,23,1,-36,195,-55,169
5,0,24,0,45,50,55,50
5,1,46,1,50,50,55,45
5,2,20,1,50,55,40,45
5,3,8,1,40,55,40,50
5,4,22,0,35,55,45,50
5,5,40,0,35,65,35,50
5,6,16,1,35,65,25,50
5,7,5,0,30,65,30,50
5,8,9,1,35,65,30,50
5,9,8,0,35,70,20,50
5,10,39,0,28,75,20,50
5,11,16,1,28,75,10,50
5,12,23,1,38,75,5,50
5,13,26,1,48,75,0,50
5,14,48,0,38,75,0,55
5,15,4,1,48,75,0,50
5,16,41,1,53,65,0,50
5,17,28,0,43,65,10,50
5,18,5,0,38,65,15,50
5,19,13,0,38,65,15,55
5,20,10,0,33,70,15,55
5,21,23,0,28,60,15,60
5,22,25,0,28,55,25,60
5,23,24,0,23,55,30,60
5,24,22,0,18,55,35,60
5,25,44,0,18,55,45,65
5,26,3,1,11,55,45,70
5,27,15,1,11,60,45,70
5,28,37,1,21,60,45,70
5,29,10,1,41,60,35,70
5,30,22,1,41,65,25,70
5,31,48,0,31,65,25,75
5,32,41,1,36,55,25,75
5,33,46,1,41,55,25,70
5,34,11,1,46,55,25,70
5,35,19,0,26,55,35,80
5,36,15,1,26,60,35,80
5,37,43,0,46,60,25,80
5,38,25,1,46,65,15,80
5,39,40,0,46,75,5,80
5,40,21,1,46,80,-10,80
5,41,41,1,51,70,-10,80
5,42,16,0,41,75,-10,80
5,43,11,0,36,75,-10,82
5,44,12,1,41,75,-10,82
5,45,14,0,41,75,-10,87
5,46,11,1,46,75,-10,87
5,47,47,1,46,75,-10,102
5,48,41,0,36,85,-10,102
5,49,5,1,41,85,-20,102
5,50,25,1,41,90,-30,102
5,51,25,1,41,95,-40,102
5,52,10,0,36,100,-40,102
5,53,21,0,31,100,-25,102
5,54,6,0,41,100,-30,102
5,55,41,0,31,110,-30,102
5,56,48,0,21,110,-30,107
5,57,15,0,41,105,-30,107
5,58,23,0,36,95,-30,112
5,59,14,1,36,100,-30,112
5,60,5,0,31,100,-25,112
5,61,36,0,31,95,-25,114
5,62,10,1,51,95,-35,114
5,63,16,0,41,100,-35,114
5,64,39,0,34,105,-35,114
5,65,22,0,29,105,-30,114
5,66,1,1,21,105,-25,114
5,67,18,1,31,105,-25,114
5,68,41,1,36,95,-25,114
5,69,47,0,61,95,-25,114
5,70,30,0,61,95,-35,124
5,71,20,1,61,100,-50,124
5,72,26,1,71,100,-55,124
5,73,23,0,66,90,-55,129
5,74,4,1,76,90,-55,124
5,75,30,1,76,90,-45,124
5,76,43,1,76,90,-40,109
5,77,38,0,71,95,-40,109
5,78,41,1,76,85,-40,109
5,79,13,0,76,85,-40,114
5,80,21,0,71,85,-25,114
5,81,26,1,81,85,-30,114
5,82,45,0,81,85,-30,119
5,83,39,1,86,85,-30,114
5,84,12,0,81,95,-30,114
5,85,12,0,76,105,-30,114
5,86,29,0,66,105,-25,114
5,87,14,1,66,110,-25,114
5,88,2,0,56,110,-20,114
5,89,46,1,61,110,-20,109
5,90,2,1,66,110,-30,109
5,91,13,1,71,115,-30,109
5,92,13,0,71,115,-30,114
5,93,2,0,61,115,-25,114
5,94,2,0,51,115,-20,114
5,95,23,1,61,115,-25,114
5,96,1,0,71,115,-40,114
5,97,42,1,71,120,-40,114
5,98,11,1,76,120,-40,114
5,99,41,1,81,110,-40,114
6,0,42,1,50,55,50,50
6,1,4,0,35,60,50,50
6,2,8,1,25,60,50,55
6,3,44,0,25,60,60,60
6,4,41,0,15,70,60,60
6,5,24,0,10,70,65,60
6,6,38,0,5,75,65,60
6,7,26,1,15,75,60,60
6,8,39,1,20,75,60,55
6,9,25,0,20,70,70,55
6,10,40,1,20,60,80,55
6,11,41,0,10,70,80,55
6,12,4,1,20,70,80,50
6,13,5,0,15,70,85,50
6,14,27,0,25,55,85,50
6,15,5,1,30,55,75,50
6,16,11,0,25,55,75,52
6,17,1,1,17,55,80,52
6,18,24,0,12,55,85,52
6,19,41,0,2,65,85,52
6,20,44,1,7,65,85,52
6,21,26,0,2,65,85,57
6,22,17,1,-13,65,95,57
6,23,20,1,-13,70,80,57
6,24,41,1,-8,60,80,57
6,25,23,1,2,60,75,57
6,26,7,1,7,60,75,52
6,27,15,0,27,55,75,52
6,28,8,0,27,60,65,52
6,29,8,1,17,60,65,57
6,30,24,1,22,60,65,57
6,31,16,0,12,65,65,57
6,32,8,1,2,65,65,62
6,33,38,0,-3,70,65,62
6,34,23,0,-8,60,65,67
6,35,44,1,-3,60,65,67
6,36,3,1,-10,60,65,72
6,37,1,1,-18,60,70,72
6,38,14,0,-18,60,70,77
6,39,21,1,-18,65,55,77
6,40,21,1,-18,70,40,77
6,41,14,1,-18,75,40,77
6,42,9,0,-23,75,40,82
6,43,46,1,-18,75,40,77
6,44,11,1,-13,75,40,77
6,45,36,0,-13,70,40,79
6,46,23,0,-18,60,40,84
6,47,43,1,-18,60,45,69
6,48,40,0,-18,70,35,69
6,49,40,1,-18,60,45,69
6,50,9,1,-13,60,45,69
6,51,4,0,-28,65,45,69
6,52,39,0,-35,70,45,69
6,53,22,1,-35,75,35,69
6,54,20,1,-35,80,20,69
6,55,9,1,-30,80,20,69
6,56,22,1,-30,85,10,69
6,57,14,1,-30,90,10,69
6,58,18,1,-20,90,10,69
6,59,36,1,-20,95,10,64
6,60,25,1,-20,100,0,64
6,61,11,1,-15,100,0,64
6,62,7,1,-10,100,0,59
6,63,5,1,-5,100,-10,59
6,64,27,1,-5,105,-15,59
6,65,46,1,0,105,-15,54
6,66,20,1,0,110,-30,54
6,67,22,0,-5,110,-25,54
6,68,22,0,-10,110,-20,54
6,69,41,0,-20,120,-20,54
6,70,9,1,-15,120,-20,54
6,71,42,0,-23,120,-20,64
6,72,23,0,-28,110,-20,69
6,73,44,1,-23,110,-20,69
6,74,29,0,-33,110,-15,69
6,75,27,0,-23,95,-15,69
6,76,13,0,-23,95,-15,74
6,77,15,1,-23,100,-15,74
6,78,2,0,-33,100,-10,74
6,79,44,1,-28,100,-10,74
6,80,26,0,-33,100,-10,79
6,81,24,1,-28,100,-10,79
6,82,17,1,-43,100,0,79
6,83,42,1,-43,105,0,79
6,84,26,0,-48,105,0,84
6,85,25,0,-48,100,10,84
6,86,10,1,-28,100,0,84
6,87,29,0,-38,100,5,84
6,88,23,0,-43,90,5,89
6,89,1,0,-33,90,-10,89
6,90,12,0,-38,100,-10,89
6,91,15,0,-18,95,-10,89
6,92,15,1,-18,100,-10,89
6,93,13,1,-13,105,-10,89
6,94,25,0,-13,100,0,89
6,95,10,1,7,100,-10,89
6,96,13,1,12,105,-10,89
6,97,5,0,7,105,-5,89
6,98,13,1,12,110,-5,89
6,99,44,1,17,110,-5,89
7,0,5,1,55,50,40,50
7,1,4,0,40,55,40,50
7,2,36,0,40,50,40,52
7,3,3,1,33,50,40,57
7,4,16,0,23,55,40,57
7,5,4,1,33,55,40,52
7,6,9,1,38,55,40,52
7,7,3,0,53,55,35,52
7,8,13,1,58,60,35,52
7,9,12,0,53,70,35,52
7,10,20,1,53,75,20,52
7,11,12,0,48,85,20,52
7,12,13,1,53,90,20,52
7,13,21,1,53,95,5,52
7,14,46,1,58,95,5,47
7,15,47,0,83,95,5,47
7,16,41,0,73,105,5,47
7,17,6,1,65,105,5,52
7,18,10,1,85,105,-5,52
7,19,16,1,85,105,-15,52
7,20,10,0,80,110,-15,52
7,21,15,0,100,105,-15,52
7,22,41,0,90,115,-15,52
7,23,1,1,82,115,-10,52
7,24,23,0,77,105,-10,57
7,25,9,0,72,105,-10,62
7,26,10,0,67,110,-10,62
7,27,24,0,62,110,-5,62
7,28,1,1,54,110,0,62
7,29,13,0,54,110,0,67
7,30,21,1,54,115,-15,67
7,31,10,1,74,115,-25,67
7,32,6,1,66,115,-25,72
7,33,28,1,76,115,-25,72
7,34,20,0,71,115,-10,72
7,35,24,1,76,115,-10,72
7,36,37,0,64,125,-10,72
7,37,22,1,64,130,-20,72
7,38,26,1,74,130,-25,72
7,39,12,1,79,130,-25,72
7,40,42,1,79,135,-25,72
7,41,10,1,99,135,-35,72
7,42,39,1,104,135,-35,67
7,43,14,0,104,135,-35,72
7,44,40,0,104,145,-45,72
7,45,7,0,89,150,-45,72
7,46,41,0,79,160,-45,72
7,47,21,1,79,165,-60,72
7,48,5,1,84,165,-70,72
7,49,23,0,79,155,-70,77
7,50,23,0,74,145,-70,82
7,51,36,0,74,140,-70,84
7,52,15,0,94,135,-70,84
7,53,16,1,94,135,-80,84
7,54,10,1,114,135,-90,84
7,55,24,1,119,135,-90,84
7,56,14,0,119,135,-90,89
7,57,23,1,129,135,-95,89
7,58,42,1,129,140,-95,89
7,59,4,1,139,140,-95,84
7,60,11,0,134,140,-95,86
7,61,2,0,124,140,-90,86
7,62,27,0,134,125,-90,86
7,63,15,1,134,130,-90,86
7,64,46,1,139,130,-90,81
7,65,38,0,134,135,-90,81
7,66,22,1,134,140,-100,81
7,67,27,1,134,145,-105,81
7,68,36,0,134,140,-105,83
7,69,11,1,139,140,-105,83
7,70,26,1,149,140,-110,83
7,71,13,1,154,145,-110,83
7,72,7,0,139,150,-110,83
7,73,3,0,154,150,-115,83
7,74,14,1,154,155,-115,83
7,75,38,1,159,155,-115,83
7,76,30,1,159,155,-105,83
7,77,38,1,164,155,-105,83
7,78,9,1,169,155,-105,83
7,79,1,1,161,155,-100,83
7,80,44,0,161,155,-90,88
7,81,5,0,156,155,-85,88
7,82,17,1,141,155,-75,88
7,83,41,1,146,145,-75,88
7,84,26,1,156,145,-80,88
7,85,23,1,166,145,-85,88
7,86,22,0,161,145,-80,88
7,87,21,1,161,150,-95,88
7,88,1,1,153,150,-90,88
7,89,40,0,153,160,-100,88
7,90,9,1,158,160,-100,88
7,91,15,0,178,155,-100,88
7,92,26,1,188,155,-105,88
7,93,25,0,188,150,-95,88
7,94,16,0,178,155,-95,88
7,95,9,0,173,155,-95,93
7,96,47,0,198,155,-95,93
7,97,41,1,203,145,-95,93
7,98,14,1,203,150,-95,93
7,99,11,1,208,150,-95,93
8,0,5,0,45,50,55,50
8,1,9,1,50,50,55,50
8,2,9,0,45,50,55,55
8,3,28,0,35,50,65,55
8,4,38,1,40,50,65,55
8,5,14,0,40,50,65,60
8,6,16,1,40,50,55,60
8,7,21,1,40,55,40,60
8,8,16,1,40,55,30,60
8,9,3,1,33,55,30,65
8,10,9,1,38,55,30,65
8,11,21,0,33,55,45,65
8,12,25,1,33,60,35,65
8,13,12,0,28,70,35,65
8,14,18,1,38,70,35,65
8,15,23,1,48,70,30,65
8,16,12,1,53,70,30,65
8,17,25,1,53,75,20,65
8,18,30,1,53,75,30,65
8,19,26,0,48,75,30,70
8,20,13,0,48,75,30,75
8,21,5,1,53,75,20,75
8,22,15,0,73,70,20,75
8,23,20,0,68,70,35,75
8,24,24,0,63,70,40,75
8,25,8,0,63,75,30,75
8,26,11,0,58,75,30,77
8,27,11,1,63,75,30,77
8,28,6,0,73,75,25,77
8,29,4,1,83,75,25,72
8,30,26,0,78,75,25,77
8,31,46,1,83,75,25,72
8,32,40,0,83,85,15,72
8,33,9,0,78,85,15,77
8,34,10,0,73,90,15,77
8,35,18,1,83,90,15,77
8,36,25,1,83,95,5,77
8,37,13,0,83,95,5,82
8,38,22,1,83,100,-5,82
8,39,6,0,93,100,-10,82
8,40,3,0,108,100,-15,82
8,41,42,0,100,100,-15,92
8,42,20,0,95,100,0,92
8,43,5,1,100,100,-10,92
8,44,4,1,110,100,-10,87
8,45,37,0,98,110,-10,87
8,46,39,1,103,110,-10,82
8,47,21,0,98,110,5,82
8,48,20,1,98,115,-10,82
8,49,14,1,98,120,-10,82
8,50,11,0,93,120,-10,84
8,51,43,1,93,120,-5,69
8,52,3,0,108,120,-10,69
8,53,44,0,108,120,0,74
8,54,22,1,108,125,-10,74
8,55,28,0,98,125,0,74
8,56,1,1,90,125,5,74
8,57,17,1,75,125,15,74
8,58,7,1,80,125,15,69
8,59,45,1,80,130,15,69
8,60,30,1,80,130,25,69
8,61,16,1,80,130,15,69
8,62,23,1,90,130,10,69
8,63,13,0,90,130,10,74
8,64,43,0,110,130,0,74
8,65,11,0,105,130,0,76
8,66,3,0,120,130,-5,76
8,67,13,0,120,130,-5,81
8,68,2,0,110,130,0,81
8,69,24,1,115,130,0,81
8,70,10,1,135,130,-10,81
8,71,41,1,140,120,-10,81
8,72,13,1,145,125,-10,81
8,73,23,0,140,115,-10,86
8,74,30,1,140,115,0,86
8,75,3,1,133,115,0,91
8,76,16,0,123,120,0,91
8,77,3,0,138,120,-5,91
8,78,4,0,123,125,-5,91
8,79,12,0,118,135,-5,91
8,80,24,1,123,135,-5,91
8,81,20,0,118,135,10,91
8,82,5,1,123,135,0,91
8,83,3,1,116,135,0,96
8,84,10,0,111,140,0,96
8,85,14,1,111,145,0,96
8,86,16,0,101,150,0,96
8,87,15,1,101,155,0,96
8,88,20,0,96,155,15,96
8,89,27,1,96,160,10,96
8,90,39,0,89,165,10,96
8,91,3,0,104,165,5,96
8,92,5,0,99,165,10,96
8,93,26,1,109,165,5,96
8,94,9,0,104,165,5,101
8,95,25,0,104,160,15,101
8,96,48,1,104,165,15,91
8,97,22,1,104,170,5,91
8,98,5,0,99,170,10,91
8,99,48,1,99,175,10,81
9,0,25,0,50,45,60,50
9,1,41,0,40,55,60,50
9,2,7,1,45,55,60,45
9,3,48,1,45,60,60,35
9,4,41,0,35,70,60,35
9,5,17,0,15,80,60,35
9,6,48,1,15,85,60,25
9,7,14,1,15,90,60,25
9,8,3,0,30,90,55,25
9,9,5,0,25,90,60,25
9,10,4,0,10,95,60,25
9,11,2,1,15,95,50,25
9,12,4,1,25,95,50,20
9,13,4,1,35,95,50,15
9,14,46,0,28,95,50,20
9,15,22,1,28,100,40,20
9,16,15,0,48,95,40,20
9,17,36,1,48,100,40,15
9,18,14,1,48,105,40,15
9,19,3,0,63,105,35,15
9,20,1,0,73,105,20,15
9,21,28,1,83,105,20,15
9,22,37,0,71,115,20,15
9,23,27,0,81,100,20,15
9,24,26,0,76,100,20,20
9,25,46,1,81,100,20,15
9,26,26,1,91,100,15,15
9,27,14,1,91,105,15,15
9,28,8,1,81,105,15,20
9,29,23,1,91,105,10,20
9,30,15,0,111,100,10,20
9,31,5,0,106,100,15,20
9,32,24,0,101,100,20,20
9,33,1,0,111,100,5,20
9,34,5,0,106,100,10,20
9,35,26,1,116,100,5,20
9,36,25,1,116,105,-5,20
9,37,28,1,126,105,-5,20
9,38,12,0,121,115,-5,20
9,39,37,0,109,125,-5,20
9,40,5,1,114,125,-15,20
9,41,4,1,124,125,-15,15
9,42,14,0,124,125,-15,20
9,43,22,0,119,125,-10,20
9,44,37,0,107,135,-10,20
9,45,43,0,127,135,-20,20
9,46,30,1,127,135,-10,20
9,47,23,0,122,125,-10,25
9,48,10,0,117,130,-10,25
9,49,22,0,112,130,-5,25
9,50,21,0,107,130,10,25
9,51,16,0,97,135,10,25
9,52,12,1,102,135,10,25
9,53,16,0,92,140,10,25
9,54,28,1,102,140,10,25
9,55,25,1,102,145,0,25
9,56,27,1,102,150,-5,25
9,57,40,1,102,140,5,25
9,58,17,0,82,150,5,25
9,59,15,0,102,145,5,25
9,60,25,1,102,150,-5,25
9,61,45,0,102,150,-5,30
9,62,24,1,107,150,-5,30
9,63,16,0,97,155,-5,30
9,64,37,1,107,155,-5,30
9,65,22,0,102,155,0,30
9,66,11,0,97,155,0,32
9,67,41,1,102,145,0,32
9,68,2,1,107,145,-10,32
9,69,27,1,107,150,-15,32
9,70,20,0,102,150,0,32
9,71,13,0,102,150,0,37
9,72,26,1,112,150,-5,37
9,73,22,1,112,155,-15,37
9,74,3,1,105,155,-15,42
9,75,37,0,93,165,-15,42
9,76,2,0,83,165,-10,42
9,77,43,0,103,165,-20,42
9,78,45,1,103,170,-20,42
9,79,22,0,98,170,-15,42
9,80,4,1,108,170,-15,37
9,81,8,0,108,175,-25,37
9,82,48,0,98,175,-25,42
9,83,16,1,98,175,-35,42
9,84,10,1,118,175,-45,42
9,85,44,0,118,175,-35,47
9,86,12,1,123,175,-35,47
9,87,16,0,113,180,-35,47
9,88,5,1,118,180,-45,47
9,89,26,0,113,180,-45,52
9,90,15,0,133,175,-45,52
9,91,23,1,143,175,-50,52
9,92,11,0,138,175,-50,54
9,93,4,1,148,175,-50,49
9,94,10,0,143,180,-50,49
9,95,3,1,136,180,-50,54
9,96,24,1,141,180,-50,54
9,97,12,0,136,190,-50,54
9,98,5,0,131,190,-45,54
9,99,8,1,121,190,-45,59
10,0,3,1,43,50,50,55
10,1,11,0,38,50,50,57
10,2,40,1,38,40,60,57
10,3,2,1,43,40,50,57
10,4,4,1,53,40,50,52
10,5,9,1,58,40,50,52
10,6,11,1,63,40,50,52
10,7,16,1,63,40,40,52
10,8,26,1,73,40,35,52
10,9,2,0,63,40,40,52
10,10,4,0,48,45,40,52
10,11,5,1,53,45,30,52
10,12,25,0,53,40,40,52
10,13,27,0,63,25,40,52
10,14,28,0,53,25,50,52
10,15,11,0,48,25,50,54
10,16,48,1,48,30,50,44
10,17,29,0,38,30,55,44
10,18,21,0,33,30,70,44
10,19,41,0,23,40,70,44
10,20,41,0,13,50,70,44
10,21,6,0,23,50,65,44
10,22,13,0,23,50,65,49
10,23,23,0,18,40,65,54
10,24,30,1,18,40,75,54
10,25,7,1,23,40,75,49
10,26,23,1,33,40,70,49
10,27,5,0,28,40,75,49
10,28,14,1,28,45,75,49
10,29,2,1,33,45,65,49
10,30,12,1,38,45,65,49
10,31,41,0,28,55,65,49
10,32,25,0,28,50,75,49
10,33,22,0,23,50,80,49
10,34,38,1,28,50,80,49
10,35,39,0,21,55,80,49
10,36,38,0,16,60,80,49
10,37,7,0,1,65,80,49
10,38,16,1,1,65,70,49
10,39,1,1,-7,65,75,49
10,40,12,1,-2,65,75,49
10,41,4,1,8,65,75,44
10,42,24,1,13,65,75,44
10,43,2,1,18,65,65,44
10,44,23,0,13,55,65,49
10,45,1,1,5,55,70,49
10,46,13,0,5,55,70,54
10,47,23,1,15,55,65,54
10,48,39,0,8,60,65,54
10,49,4,1,18,60,65,49
10,50,13,0,18,60,65,54
10,51,1,1,10,60,70,54
10,52,16,0,0,65,70,54
10,53,20,0,-5,65,85,54
10,54,2,1,0,65,75,54
10,55,7,0,-15,70,75,54
10,56,5,1,-10,70,65,54
10,57,16,0,-20,75,65,54
10,58,8,0,-20,80,55,54
10,59,16,1,-20,80,45,54
10,60,3,1,-27,80,45,59
10,61,12,0,-32,90,45,59
10,62,3,1,-39,90,45,64
10,63,1,0,-29,90,30,64
10,64,9,1,-24,90,30,64
10,65,8,0,-24,95,20,64
10,66,13,0,-24,95,20,69
10,67,3,1,-31,95,20,74
10,68,6,1,-39,95,20,79
10,69,39,0,-46,100,20,79
10,70,3,0,-31,100,15,79
10,71,10,0,-36,105,15,79
10,72,26,0,-41,105,15,84
10,73,10,1,-21,105,5,84
10,74,13,0,-21,105,5,89
10,75,24,0,-26,105,10,89
10,76,11,1,-21,105,10,89
10,77,3,1,-28,105,10,94
10,78,11,1,-23,105,10,94
10,79,14,1,-23,110,10,94
10,80,42,1,-23,115,10,94
10,81,42,0,-31,115,10,104
10,82,25,0,-31,110,20,104
10,83,7,1,-26,110,20,99
10,84,43,0,-6,110,10,99
10,85,39,0,-13,115,10,99
10,86,38,0,-18,120,10,99
10,87,41,0,-28,130,10,99
10,88,26,0,-33,130,10,104
10,89,14,0,-33,130,10,109
10,90,11,0,-38,130,10,111
10,91,36,1,-38,135,10,106
10,92,46,0,-45,135,10,111
10,93,13,1,-40,140,10,111
10,94,16,1,-40,140,0,111
10,95,15,1,-40,145,0,111
10,96,3,0,-25,145,-5,111
10,97,9,0,-30,145,-5,116
10,98,15,1,-30,150,-5,116
10,99,30,1,-30,150,5,116
11,0,12,1,55,50,50,50
11,1,12,1,60,50,50,50
11,2,41,0,50,60,50,50
11,3,23,1,60,60,45,50
11,4,26,0,55,60,45,55
11,5,15,0,75,55,45,55
11,6,23,0,70,45,45,60
11,7,4,1,80,45,45,55
11,8,15,1,80,50,45,55
11,9,24,0,75,50,50,55
11,10,15,0,95,45,50,55
11,11,5,1,100,45,40,55
11,12,15,0,120,40,40,55
11,13,15,0,140,35,40,55
11,14,48,0,130,35,40,60
11,15,38,0,125,40,40,60
11,16,24,0,120,40,45,60
11,17,4,1,130,40,45,55
11,18,1,1,122,40,50,55
11,19,10,0,117,45,50,55
11,20,10,1,137,45,40,55
11,21,19,0,117,45,50,65
11,22,19,0,97,45,60,75
11,23,1,1,89,45,65,75
11,24,22,0,84,45,70,75
11,25,7,0,69,50,70,75
11,26,26,1,79,50,65,75
11,27,22,1,79,55,55,75
11,28,46,0,72,55,55,80
11,29,26,1,82,55,50,80
11,30,38,1,87,55,50,80
11,31,12,0,82,65,50,80
11,32,17,1,67,65,60,80
11,33,10,0,62,70,60,80
11,34,38,0,57,75,60,80
11,35,9,1,62,75,60,80
11,36,38,0,57,80,60,80
11,37,17,0,37,90,60,80
11,38,2,1,42,90,50,80
11,39,11,0,37,90,50,82
11,40,14,0,37,90,50,87
11,41,15,0,57,85,50,87
11,42,7,1,62,85,50,82
11,43,21,1,62,90,35,82
11,44,8,1,52,90,35,87
11,45,3,1,45,90,35,92
11,46,20,1,45,95,20,92
11,47,8,0,45,100,10,92
11,48,23,1,55,100,5,92
11,49,15,1,55,105,5,92
11,50,22,1,55,110,-5,92
11,51,3,1,48,110,-5,97
11,52,25,0,48,105,5,97
11,53,45,0,48,105,5,102
11,54,2,1,53,105,-5,102
11,55,21,1,53,110,-20,102
11,56,15,0,73,105,-20,102
11,57,26,0,68,105,-20,107
11,58,5,0,63,105,-15,107
11,59,1,0,73,105,-30,107
11,60,42,0,65,105,-30,117
11,61,16,0,55,110,-30,117
11,62,23,1,65,110,-35,117
11,63,20,1,65,115,-50,117
11,64,6,0,75,115,-55,117
11,65,12,1,80,115,-55,117
11,66,13,1,85,120,-55,117
11,67,9,0,80,120,-55,122
11,68,10,0,75,125,-55,122
11,69,39,0,68,130,-55,122
11,70,2,1,73,130,-65,122
11,71,13,0,73,130,-65,127
11,72,10,0,68,135,-65,127
11,73,25,0,68,130,-55,127
11,74,5,0,63,130,-50,127
11,75,41,1,68,120,-50,127
11,76,25,1,68,125,-60,127
11,77,23,0,63,115,-60,132
11,78,8,0,63,120,-70,132
11,79,44,1,68,120,-70,132
11,80,26,0,63,120,-70,137
11,81,3,0,78,120,-75,137
11,82,25,0,78,115,-65,137
11,83,41,1,83,105,-65,137
11,84,20,1,83,110,-80,137
11,85,3,1,76,110,-80,142
11,86,15,1,76,115,-80,142
11,87,24,1,81,115,-80,142
11,88,5,0,76,115,-75,142
11,89,36,1,76,120,-75,137
11,90,12,1,81,120,-75,137
11,91,15,0,101,115,-75,137
11,92,39,0,94,120,-75,137
11,93,48,0,84,120,-75,142
11,94,39,0,77,125,-75,142
11,95,21,0,72,125,-60,142
11,96,47,0,97,125,-60,142
11,97,7,0,82,130,-60,142
11,98,46,0,75,130,-60,147
11,99,10,1,95,130,-70,147
12,0,36,1,50,55,50,45
12,1,48,0,40,55,50,50
12,2,45,0,40,55,50,55
12,3,26,1,50,55,45,55
12,4,27,0,60,40,45,55
12,5,7,1,65,40,45,50
12,6,45,0,65,40,45,55
12,7,41,0,55,50,45,55
12,8,12,0,50,60,45,55
12,9,16,1,50,60,35,55
12,10,26,0,45,60,35,60
12,11,9,1,50,60,35,60
12,12,14,1,50,65,35,60
12,13,9,0,45,65,35,65
12,14,40,0,45,75,25,65
12,15,11,1,50,75,25,65
12,16,1,1,42,75,30,65
12,17,42,1,42,80,30,65
12,18,45,0,42,80,30,70
12,19,37,1,52,80,30,70
12,20,36,1,52,85,30,65
12,21,47,0,77,85,30,65
12,22,17,1,62,85,40,65
12,23,9,0,57,85,40,70
12,24,38,0,52,90,40,70
12,25,11,0,47,90,40,72
12,26,9,1,52,90,40,72
12,27,39,0,45,95,40,72
12,28,16,0,35,100,40,72
12,29,7,0,20,105,40,72
12,30,15,0,40,100,40,72
12,31,11,0,35,100,40,74
12,32,20,0,30,100,55,74
12,33,41,1,35,90,55,74
12,34,20,1,35,95,40,74
12,35,25,1,35,100,30,74
12,36,47,1,35,100,30,89
12,37,41,1,40,90,30,89
12,38,16,1,40,90,20,89
12,39,4,1,50,90,20,84
12,40,25,1,50,95,10,84
12,41,25,1,50,100,0,84
12,42,10,0,45,105,0,84
12,43,8,0,45,110,-10,84
12,44,3,0,60,110,-15,84
12,45,28,0,50,110,-5,84
12,46,2,1,55,110,-15,84
12,47,4,1,65,110,-15,79
12,48,4,1,75,110,-15,74
12,49,39,0,68,115,-15,74
12,50,37,1,78,115,-15,74
12,51,23,1,88,115,-20,74
12,52,44,1,93,115,-20,74
12,53,2,1,98,115,-30,74
12,54,30,0,98,115,-40,84
12,55,9,1,103,115,-40,84
12,56,7,0,88,120,-40,84
12,57,2,0,78,120,-35,84
12,58,38,0,73,125,-35,84
12,59,11,0,68,125,-35,86
12,60,22,0,63,125,-30,86
12,61,37,1,73,125,-30,86
12,62,39,0,66,130,-30,86
12,63,23,1,76,130,-35,86
12,64,20,0,71,130,-20,86
12,65,4,0,56,135,-20,86
12,66,4,1,66,135,-20,81
12,67,20,0,61,135,-5,81
12,68,24,1,66,135,-5,81
12,69,38,1,71,135,-5,81
12,70,20,0,66,135,10,81
12,71,1,1,58,135,15,81
12,72,36,1,58,140,15,76
12,73,1,0,68,140,0,76
12,74,14,0,68,140,0,81
12,75,12,0,63,150,0,81
12,76,11,0,58,150,0,83
12,77,47,1,58,150,0,98
12,78,19,0,38,150,10,108
12,79,14,0,38,150,10,113
12,80,7,1,43,150,10,108
12,81,13,0,43,150,10,113
12,82,2,1,48,150,0,113
12,83,25,0,48,145,10,113
12,84,2,0,38,145,15,113
12,85,4,0,23,150,15,113
12,86,41,0,13,160,15,113
12,87,15,0,33,155,15,113
12,88,22,0,28,155,20,113
12,89,10,1,48,155,10,113
12,90,42,1,48,160,10,113
12,91,14,1,48,165,10,113
12,92,3,1,41,165,10,118
12,93,18,1,51,165,10,118
12,94,22,1,51,170,0,118
12,95,4,0,36,175,0,118
12,96,19,0,16,175,10,128
12,97,30,0,16,175,0,138
12,98,37,0,4,185,0,138
12,99,12,1,9,185,0,138
13,0,25,0,50,45,60,50
13,1,29,0,40,45,65,50
13,2,24,1,45,45,65,50
13,3,14,0,45,45,65,55
13,4,7,0,30,50,65,55
13,5,21,1,30,55,50,55
13,6,39,0,23,60,50,55
13,7,16,0,13,65,50,55
13,8,2,1,18,65,40,55
13,9,15,0,38,60,40,55
13,10,27,0,48,45,40,55
13,11,25,1,48,50,30,55
13,12,25,1,48,55,20,55
13,13,9,1,53,55,20,55
13,14,21,1,53,60,5,55
13,15,3,1,46,60,5,60
13,16,23,0,41,50,5,65
13,17,4,0,26,55,5,65
13,18,40,1,26,45,15,65
13,19,12,0,21,55,15,65
13,20,6,0,31,55,10,65
13,21,46,0,24,55,10,70
13,22,41,0,14,65,10,70
13,23,14,1,14,70,10,70
13,24,9,1,19,70,10,70
13,25,6,1,11,70,10,75
13,26,12,1,16,70,10,75
13,27,14,1,16,75,10,75
13,28,2,0,6,75,15,75
13,29,30,0,6,75,5,85
13,30,48,1,6,80,5,75
13,31,25,1,6,85,-5,75
13,32,29,0,-4,85,0,75
13,33,11,0,-9,85,0,77
13,34,19,0,-29,85,10,87
13,35,41,1,-24,75,10,87
13,36,38,1,-19,75,10,87
13,37,20,0,-24,75,25,87
13,38,4,0,-39,80,25,87
13,39,26,1,-29,80,20,87
13,40,16,0,-39,85,20,87
13,41,44,1,-34,85,20,87
13,42,13,0,-34,85,20,92
13,43,36,0,-34,80,20,94
13,44,36,0,-34,75,20,96
13,45,21,1,-34,80,5,96
13,46,27,0,-24,65,5,96
13,47,22,0,-29,65,10,96
13,48,16,1,-29,65,0,96
13,49,22,1,-29,70,-10,96
13,50,4,1,-19,70,-10,91
13,51,8,0,-19,75,-20,91
13,52,41,1,-14,65,-20,91
13,53,6,0,-4,65,-25,91
13,54,36,1,-4,70,-25,86
13,55,9,0,-9,70,-25,91
13,56,39,1,-4,70,-25,86
13,57,16,0,-14,75,-25,86
13,58,14,1,-14,80,-25,86
13,59,46,1,-9,80,-25,81
13,60,37,1,1,80,-25,81
13,61,2,0,-9,80,-20,81
13,62,40,1,-9,70,-10,81
13,63,15,1,-9,75,-10,81
13,64,16,1,-9,75,-20,81
13,65,11,1,-4,75,-20,81
13,66,5,1,1,75,-30,81
13,67,5,0,-4,75,-25,81
13,68,23,1,6,75,-30,81
13,69,18,1,16,75,-30,81
13,70,20,0,11,75,-15,81
13,71,3,0,26,75,-20,81
13,72,21,1,26,80,-35,81
13,73,43,1,26,80,-30,66
13,74,3,1,19,80,-30,71
13,75,21,1,19,85,-45,71
13,76,4,1,29,85,-45,66
13,77,15,0,49,80,-45,66
13,78,12,1,54,80,-45,66
13,79,2,0,44,80,-40,66
13,80,23,0,39,70,-40,71
13,81,5,1,44,70,-50,71
13,82,4,0,29,75,-50,71
13,83,47,0,54,75,-50,71
13,84,25,0,54,70,-40,71
13,85,13,1,59,75,-40,71
13,86,38,0,54,80,-40,71
13,87,41,0,44,90,-40,71
13,88,36,1,44,95,-40,66
13,89,16,0,34,100,-40,66
13,90,20,0,29,100,-25,66
13,91,16,0,19,105,-25,66
13,92,26,1,29,105,-30,66
13,93,16,1,29,105,-40,66
13,94,45,1,29,110,-40,66
13,95,30,0,29,110,-50,76
13,96,10,1,49,110,-60,76
13,97,45,1,49,115,-60,76
13,98,7,0,34,120,-60,76
13,99,16,0,24,125,-60,76
14,0,15,0,70,45,50,50
14,1,3,1,63,45,50,55
14,2,44,0,63,45,60,60
14,3,14,0,63,45,60,65
14,4,9,1,68,45,60,65
14,5,18,0,43,45,60,75
14,6,42,0,35,45,60,85
14,7,38,0,30,50,60,85
14,8,16,1,30,50,50,85
14,9,44,0,30,50,60,90
14,10,2,1,35,50,50,90
14,11,24,1,40,50,50,90
14,12,37,0,28,60,50,90
14,13,14,0,28,60,50,95
14,14,12,1,33,60,50,95
14,15,17,1,18,60,60,95
14,16,3,1,11,60,60,100
14,17,26,1,21,60,55,100
14,18,44,1,26,60,55,100
14,19,1,1,18,60,60,100
14,20,9,1,23,60,60,100
14,21,30,0,23,60,50,110
14,22,38,1,28,60,50,110
14,23,2,1,33,60,40,110
14,24,16,1,33,60,30,110
14,25,41,1,38,50,30,110
14,26,4,0,23,55,30,110
14,27,46,0,16,55,30,115
14,28,7,0,1,60,30,115
14,29,14,1,1,65,30,115
14,30,10,1,21,65,20,115
14,31,22,0,16,65,25,115
14,32,25,1,16,70,15,115
14,33,14,0,16,70,15,120
14,34,41,1,21,60,15,120
14,35,13,1,26,65,15,120
14,36,3,1,19,65,15,125
14,37,26,1,29,65,10,125
14,38,6,1,21,65,10,130
14,39,24,0,16,65,15,130
14,40,14,1,16,70,15,130
14,41,26,1,26,70,10,130
14,42,10,0,21,75,10,130
14,43,44,0,21,75,20,135
14,44,20,1,21,80,5,135
14,45,41,0,11,90,5,135
14,46,20,0,6,90,20,135
14,47,9,1,11,90,20,135
14,48,39,1,16,90,20,130
14,49,22,1,16,95,10,130
14,50,12,1,21,95,10,130
14,51,4,1,31,95,10,125
14,52,9,0,26,95,10,130
14,53,12,1,31,95,10,130
14,54,48,0,21,95,10,135
14,55,30,0,21,95,0,145
14,56,11,0,16,95,0,147
14,57,43,0,36,95,-10,147
14,58,14,1,36,100,-10,147
14,59,9,1,41,100,-10,147
14,60,16,1,41,100,-20,147
14,61,4,1,51,100,-20,142
14,62,21,1,51,105,-35,142
14,63,37,1,61,105,-35,142
14,64,10,1,81,105,-45,142
14,65,21,1,81,110,-60,142
14,66,42,0,73,110,-60,152
14,67,18,1,83,110,-60,152
14,68,11,0,78,110,-60,154
14,69,16,0,68,115,-60,154
14,70,29,1,68,130,-80,154
14,71,16,1,68,130,-90,154
14,72,15,1,68,135,-90,154
14,73,38,1,73,135,-90,154
14,74,10,0,68,140,-90,154
14,75,13,0,68,140,-90,159
14,76,15,1,68,145,-90,159
14,77,10,1,88,145,-100,159
14,78,24,0,83,145,-95,159
14,79,40,0,83,155,-105,159
14,80,4,1,93,155,-105,154
14,81,21,0,88,155,-90,154
14,82,22,1,88,160,-100,154
14,83,9,1,93,160,-100,154
14,84,8,0,93,165,-110,154
14,85,20,1,93,170,-125,154
14,86,19,1,108,170,-125,154
14,87,23,0,103,160,-125,159
14,88,9,0,98,160,-125,164
14,89,25,1,98,165,-135,164
14,90,17,0,78,175,-135,164
14,91,11,1,83,175,-135,164
14,92,26,1,93,175,-140,164
14,93,13,1,98,180,-140,164
14,94,5,0,93,180,-135,164
14,95,5,1,98,180,-145,164
14,96,10,1,118,180,-155,164
14,97,23,0,113,170,-155,169
14,98,28,1,123,170,-155,169
14,99,23,1,133,170,-160,169
15,0,46,0,43,50,50,55
15,1,9,0,38,50,50,60
15,2,7,0,23,55,50,60
15,3,28,0,13,55,60,60
15,4,20,0,8,55,75,60
15,5,11,0,3,55,75,62
15,6,5,0,-2,55,80,62
15,7,10,0,-7,60,80,62
15,8,20,1,-7,65,65,62
15,9,23,1,3,65,60,62
15,10,17,1,-12,65,70,62
15,11,16,0,-22,70,70,62
15,12,16,0,-32,75,70,62
15,13,4,1,-22,75,70,57
15,14,9,0,-27,75,70,62
15,15,22,0,-32,75,75,62
15,16,43,1,-32,75,80,47
15,17,28,1,-22,75,80,47
15,18,17,0,-42,85,80,47
15,19,5,0,-47,85,85,47
15,20,25,1,-47,90,75,47
15,21,12,1,-42,90,75,47
15,22,25,1,-42,95,65,47
15,23,9,1,-37,95,65,47
15,24,45,1,-37,100,65,47
15,25,11,1,-32,100,65,47
15,26,5,0,-37,100,70,47
15,27,29,0,-47,100,75,47
15,28,36,1,-47,105,75,42
15,29,3,0,-32,105,70,42
15,30,39,1,-27,105,70,37
15,31,25,1,-27,110,60,37
15,32,1,0,-17,110,45,37
15,33,3,1,-24,110,45,42
15,34,26,0,-29,110,45,47
15,35,10,0,-34,115,45,47
15,36,2,0,-44,115,50,47
15,37,7,0,-59,120,50,47
15,38,17,1,-74,120,60,47
15,39,37,0,-86,130,60,47
15,40,23,1,-76,130,55,47
15,41,9,1,-71,130,55,47
15,42,24,1,-66,130,55,47
15,43,24,0,-71,130,60,47
15,44,11,1,-66,130,60,47
15,45,16,0,-76,135,60,47
15,46,22,0,-81,135,65,47
15,47,24,1,-76,135,65,47
15,48,3,0,-61,135,60,47
15,49,10,1,-41,135,50,47
15,50,16,1,-41,135,40,47
15,51,15,1,-41,140,40,47
15,52,3,0,-26,140,35,47
15,53,26,1,-16,140,30,47
15,54,13,0,-16,140,30,52
15,55,10,1,4,140,20,52
15,56,45,0,4,140,20,57
15,57,11,1,9,140,20,57
15,58,19,0,-11,140,30,67
15,59,23,0,-16,130,30,72
15,60,38,1,-11,130,30,72
15,61,4,1,-1,130,30,67
15,62,26,1,9,130,25,67
15,63,43,1,9,130,30,52
15,64,36,0,9,125,30,54
15,65,14,1,9,130,30,54
15,66,15,0,29,125,30,54
15,67,13,1,34,130,30,54
15,68,15,1,34,135,30,54
15,69,2,1,39,135,20,54
15,70,15,1,39,140,20,54
15,71,29,0,29,140,25,54
15,72,15,0,49,135,25,54
15,73,15,0,69,130,25,54
15,74,27,1,69,135,20,54
15,75,1,1,61,135,25,54
15,76,9,1,66,135,25,54
15,77,3,0,81,135,20,54
15,78,16,1,81,135,10,54
15,79,2,0,71,135,15,54
15,80,12,1,76,135,15,54
15,81,39,1,81,135,15,49
15,82,5,0,76,135,20,49
15,83,24,1,81,135,20,49
15,84,16,0,71,140,20,49
15,85,41,0,61,150,20,49
15,86,11,0,56,150,20,51
15,87,16,0,46,155,20,51
15,88,1,1,38,155,25,51
15,89,24,1,43,155,25,51
15,90,45,1,43,160,25,51
15,91,28,0,33,160,35,51
15,92,39,0,26,165,35,51
15,93,10,1,46,165,25,51
15,94,21,0,41,165,40,51
15,95,18,0,16,165,40,61
15,96,41,0,6,175,40,61
15,97,10,0,1,180,40,61
15,98,11,1,6,180,40,61
15,99,15,0,26,175,40,61
16,0,5,0,45,50,55,50
16,1,9,0,40,50,55,55
16,2,12,1,45,50,55,55
16,3,37,1,55,50,55,55
16,4,20,0,50,50,70,55
16,5,41,1,55,40,70,55
16,6,25,0,55,35,80,55
16,7,45,0,55,35,80,60
16,8,1,1,47,35,85,60
16,9,17,1,32,35,95,60
16,10,1,0,42,35,80,60
16,11,15,0,62,30,80,60
16,12,7,1,67,30,80,55
16,13,9,1,72,30,80,55
16,14,26,1,82,30,75,55
16,15,4,1,92,30,75,50
16,16,9,1,97,30,75,50
16,17,14,1,97,35,75,50
16,18,16,0,87,40,75,50
16,19,37,1,97,40,75,50
16,20,5,1,102,40,65,50
16,21,8,0,102,45,55,50
16,22,38,1,107,45,55,50
16,23,37,0,95,55,55,50
16,24,3,1,88,55,55,55
16,25,12,0,83,65,55,55
16,26,41,1,88,55,55,55
16,27,3,0,103,55,50,55
16,28,1,0,113,55,35,55
16,29,25,0,113,50,45,55
16,30,16,0,103,55,45,55
16,31,39,0,96,60,45,55
16,32,4,0,81,65,45,55
16,33,8,1,71,65,45,60
16,34,8,1,61,65,45,65
16,35,1,0,71,65,30,65
16,36,9,1,76,65,30,65
16,37,22,1,76,70,20,65
16,38,10,1,96,70,10,65
16,39,8,0,96,75,0,65
16,40,25,0,96,70,10,65
16,41,44,0,96,70,20,70
16,42,1,0,106,70,5,70
16,43,11,0,101,70,5,72
16,44,5,1,106,70,-5,72
16,45,44,0,106,70,5,77
16,46,27,1,106,75,0,77
16,47,15,0,126,70,0,77
16,48,37,0,114,80,0,77
16,49,4,0,99,85,0,77
16,50,30,1,99,85,10,77
16,51,6,1,91,85,10,82
16,52,24,0,86,85,15,82
16,53,13,0,86,85,15,87
16,54,1,1,78,85,20,87
16,55,9,0,73,85,20,92
16,56,25,0,73,80,30,92
16,57,13,1,78,85,30,92
16,58,14,0,78,85,30,97
16,59,23,0,73,75,30,102
16,60,45,1,73,80,30,102
16,61,23,0,68,70,30,107
16,62,16,1,68,70,20,107
16,63,1,0,78,70,5,107
16,64,5,0,73,70,10,107
16,65,11,1,78,70,10,107
16,66,18,1,88,70,10,107
16,67,15,0,108,65,10,107
16,68,12,1,113,65,10,107
16,69,16,0,103,70,10,107
16,70,40,1,103,60,20,107
16,71,10,0,98,65,20,107
16,72,20,0,93,65,35,107
16,73,36,0,93,60,35,109
16,74,28,0,83,60,45,109
16,75,16,1,83,60,35,109
16,76,26,1,93,60,30,109
16,77,15,0,113,55,30,109
16,78,25,0,113,50,40,109
16,79,26,1,123,50,35,109
16,80,39,0,116,55,35,109
16,81,10,1,136,55,25,109
16,82,44,1,141,55,25,109
16,83,37,0,129,65,25,109
16,84,7,1,134,65,25,104
16,85,1,1,126,65,30,104
16,86,42,0,118,65,30,114
16,87,39,0,111,70,30,114
16,88,44,1,116,70,30,114
16,89,13,0,116,70,30,119
16,90,37,1,126,70,30,119
16,91,36,0,126,65,30,121
16,92,15,0,146,60,30,121
16,93,25,1,146,65,20,121
16,94,41,1,151,55,20,121
16,95,25,0,151,50,30,121
16,96,47,0,176,50,30,121
16,97,45,1,176,55,30,121
16,98,11,0,171,55,30,123
16,99,26,0,166,55,30,128
17,0,28,0,40,50,60,50
17,1,1,1,32,50,65,50
17,2,20,1,32,55,50,50
17,3,11,0,27,55,50,52
17,4,36,1,27,60,50,47
17,5,36,1,27,65,50,42
17,6,9,0,22,65,50,47
17,7,13,1,27,70,50,47
17,8,20,1,27,75,35,47
17,9,13,0,27,75,35,52
17,10,20,1,27,80,20,52
17,11,39,1,32,80,20,47
17,12,3,0,47,80,15,47
17,13,47,1,47,80,15,62
17,14,25,0,47,75,25,62
17,15,9,1,52,75,25,62
17,16,14,1,52,80,25,62
17,17,37,0,40,90,25,62
17,18,16,1,40,90,15,62
17,19,16,0,30,95,15,62
17,20,6,1,22,95,15,67
17,21,3,0,37,95,10,67
17,22,20,1,37,100,-5,67
17,23,4,0,22,105,-5,67
17,24,17,1,7,105,5,67
17,25,39,1,12,105,5,62
17,26,12,0,7,115,5,62
17,27,48,1,7,120,5,52
17,28,2,1,12,120,-5,52
17,29,26,0,7,120,-5,57
17,30,6,0,17,120,-10,57
17,31,26,0,12,120,-10,62
17,32,15,0,32,115,-10,62
17,33,46,1,37,115,-10,57
17,34,5,0,32,115,-5,57
17,35,15,1,32,120,-5,57
17,36,18,0,7,120,-5,67
17,37,36,1,7,125,-5,62
17,38,14,1,7,130,-5,62
17,39,22,1,7,135,-15,62
17,40,14,1,7,140,-15,62
17,41,4,1,17,140,-15,57
17,42,15,0,37,135,-15,57
17,43,13,1,42,140,-15,57
17,44,9,0,37,140,-15,62
17,45,45,0,37,140,-15,67
17,46,10,1,57,140,-25,67
17,47,6,1,49,140,-25,72
17,48,18,0,24,140,-25,82
17,49,27,0,34,125,-25,82
17,50,24,0,29,125,-20,82
17,51,22,0,24,125,-15,82
17,52,2,1,29,125,-25,82
17,53,42,0,21,125,-25,92
17,54,3,1,14,125,-25,97
17,55,16,1,14,125,-35,97
17,56,28,1,24,125,-35,97
17,57,3,1,17,125,-35,102
17,58,23,1,27,125,-40,102
17,59,44,1,32,125,-40,102
17,60,10,0,27,130,-40,102
17,61,41,1,32,120,-40,102
17,62,39,0,25,125,-40,102
17,63,43,1,25,125,-35,87
17,64,4,1,35,125,-35,82
17,65,22,0,30,125,-30,82
17,66,42,1,30,130,-30,82
17,67,11,1,35,130,-30,82
17,68,22,1,35,135,-40,82
17,69,8,0,35,140,-50,82
17,70,3,1,28,140,-50,87
17,71,36,0,28,135,-50,89
17,72,36,0,28,130,-50,91
17,73,27,1,28,135,-55,91
17,74,20,0,23,135,-40,91
17,75,21,0,18,135,-25,91
17,76,4,0,3,140,-25,91
17,77,3,0,18,140,-30,91
17,78,45,0,18,140,-30,96
17,79,2,1,23,140,-40,96
17,80,5,0,18,140,-35,96
17,81,16,1,18,140,-45,96
17,82,10,1,38,140,-55,96
17,83,23,1,48,140,-60,96
17,84,7,1,53,140,-60,91
17,85,1,0,63,140,-75,91
17,86,43,0,83,140,-85,91
17,87,45,1,83,145,-85,91
17,88,11,0,78,145,-85,93
17,89,3,1,71,145,-85,98
17,90,16,0,61,150,-85,98
17,91,15,1,61,155,-85,98
17,92,4,0,46,160,-85,98
17,93,41,0,36,170,-85,98
17,94,14,0,36,170,-85,103
17,95,11,0,31,170,-85,105
17,96,25,1,31,175,-95,105
17,97,25,0,31,170,-85,105
17,98,5,1,36,170,-95,105
17,99,45,1,36,175,-95,105
18,0,8,0,50,55,40,50
18,1,16,0,40,60,40,50
18,2,10,0,35,65,40,50
18,3,7,0,20,70,40,50
18,4,5,1,25,70,30,50
18,5,41,1,30,60,30,50
18,6,16,1,30,60,20,50
18,7,12,0,25,70,20,50
18,8,14,1,25,75,20,50
18,9,16,1,25,75,10,50
18,10,20,0,20,75,25,50
18,11,11,1,25,75,25,50
18,12,26,1,35,75,20,50
18,13,22,1,35,80,10,50
18,14,3,0,50,80,5,50
18,15,5,1,55,80,-5,50
18,16,16,1,55,80,-15,50
18,17,24,1,60,80,-15,50
18,18,20,0,55,80,0,50
18,19,20,0,50,80,15,50
18,20,5,1,55,80,5,50
18,21,41,1,60,70,5,50
18,22,41,1,65,60,5,50
18,23,12,1,70,60,5,50
18,24,29,0,60,60,10,50
18,25,10,1,80,60,0,50
18,26,15,1,80,65,0,50
18,27,16,0,70,70,0,50
18,28,14,1,70,75,0,50
18,29,1,0,80,75,-15,50
18,30,11,1,85,75,-15,50
18,31,29,1,85,90,-35,50
18,32,8,1,75,90,-35,55
18,33,25,1,75,95,-45,55
18,34,22,0,70,95,-40,55
18,35,20,1,70,100,-55,55
18,36,13,1,75,105,-55,55
18,37,10,1,95,105,-65,55
18,38,2,1,100,105,-75,55
18,39,24,0,95,105,-70,55
18,40,28,0,85,105,-60,55
18,41,26,0,80,105,-60,60
18,42,24,1,85,105,-60,60
18,43,1,0,95,105,-75,60
18,44,38,1,100,105,-75,60
18,45,21,0,95,105,-60,60
18,46,5,1,100,105,-70,60
18,47,29,1,100,120,-90,60
18,48,29,0,90,120,-85,60
18,49,26,1,100,120,-90,60
18,50,28,0,90,120,-80,60
18,51,8,1,80,120,-80,65
18,52,41,0,70,130,-80,65
18,53,11,1,75,130,-80,65
18,54,2,0,65,130,-75,65
18,55,24,1,70,130,-75,65
18,56,41,1,75,120,-75,65
18,57,12,0,70,130,-75,65
18,58,11,0,65,130,-75,67
18,59,9,0,60,130,-75,72
18,60,23,0,55,120,-75,77
18,61,16,0,45,125,-75,77
18,62,25,0,45,120,-65,77
18,63,21,1,45,125,-80,77
18,64,4,0,30,130,-80,77
18,65,12,1,35,130,-80,77
18,66,10,1,55,130,-90,77
18,67,14,0,55,130,-90,82
18,68,45,0,55,130,-90,87
18,69,20,1,55,135,-105,87
18,70,41,1,60,125,-105,87
18,71,3,0,75,125,-110,87
18,72,12,1,80,125,-110,87
18,73,7,0,65,130,-110,87
18,74,15,0,85,125,-110,87
18,75,42,0,77,125,-110,97
18,76,17,1,62,125,-100,97
18,77,22,1,62,130,-110,97
18,78,12,0,57,140,-110,97
18,79,1,0,67,140,-125,97
18,80,27,0,77,125,-125,97
18,81,13,1,82,130,-125,97
18,82,15,0,102,125,-125,97
18,83,26,0,97,125,-125,102
18,84,14,0,97,125,-125,107
18,85,5,0,92,125,-120,107
18,86,4,0,77,130,-120,107
18,87,3,1,70,130,-120,112
18,88,38,0,65,135,-120,112
18,89,26,1,75,135,-125,112
18,90,3,0,90,135,-130,112
18,91,13,0,90,135,-130,117
18,92,14,1,90,140,-130,117
18,93,10,1,110,140,-140,117
18,94,41,0,100,150,-140,117
18,95,45,0,100,150,-140,122
18,96,26,1,110,150,-145,122
18,97,4,0,95,155,-145,122
18,98,9,1,100,155,-145,122
18,99,36,0,100,150,-145,124
19,0,37,1,60,50,50,50
19,1,3,0,75,50,45,50
19,2,15,1,75,55,45,50
19,3,20,1,75,60,30,50
19,4,12,1,80,60,30,50
19,5,26,1,90,60,25,50
19,6,14,0,90,60,25,55
19,7,22,1,90,65,15,55
19,8,45,0,90,65,15,60
19,9,46,0,83,65,15,65
19,10,1,1,75,65,20,65
19,11,16,0,65,70,20,65
19,12,1,1,57,70,25,65
19,13,13,0,57,70,25,70
19,14,12,0,52,80,25,70
19,15,4,1,62,80,25,65
19,16,23,0,57,70,25,70
19,17,12,1,62,70,25,70
19,18,5,0,57,70,30,70
19,19,7,0,42,75,30,70
19,20,23,0,37,65,30,75
19,21,14,1,37,70,30,75
19,22,9,0,32,70,30,80
19,23,5,1,37,70,20,80
19,24,36,1,37,75,20,75
19,25,4,1,47,75,20,70
19,26,14,0,47,75,20,75
19,27,24,1,52,75,20,75
19,28,9,0,47,75,20,80
19,29,23,0,42,65,20,85
19,30,9,0,37,65,20,90
19,31,15,1,37,70,20,90
19,32,26,0,32,70,20,95
19,33,38,0,27,75,20,95
19,34,9,0,22,75,20,100
19,35,43,1,22,75,25,85
19,36,4,1,32,75,25,80
19,37,41,0,22,85,25,80
19,38,23,0,17,75,25,85
19,39,47,1,17,75,25,100
19,40,16,1,17,75,15,100
19,41,1,1,9,75,20,100
19,42,43,1,9,75,25,85
19,43,1,1,1,75,30,85
19,44,23,1,11,75,25,85
19,45,5,0,6,75,30,85
19,46,21,1,6,80,15,85
19,47,40,0,6,90,5,85
19,48,30,0,6,90,-5,95
19,49,26,1,16,90,-10,95
19,50,15,1,16,95,-10,95
19,51,25,1,16,100,-20,95
19,52,11,0,11,100,-20,97
19,53,36,1,11,105,-20,92
19,54,25,0,11,100,-10,92
19,55,25,1,11,105,-20,92
19,56,12,0,6,115,-20,92
19,57,22,1,6,120,-30,92
19,58,5,1,11,120,-40,92
19,59,41,0,1,130,-40,92
19,60,16,1,1,130,-50,92
19,61,27,0,11,115,-50,92
19,62,15,0,31,110,-50,92
19,63,2,1,36,110,-60,92
19,64,40,0,36,120,-70,92
19,65,28,0,26,120,-60,92
19,66,46,1,31,120,-60,87
19,67,12,0,26,130,-60,87
19,68,41,1,31,120,-60,87
19,69,48,1,31,125,-60,77
19,70,5,0,26,125,-55,77
19,71,10,0,21,130,-55,77
19,72,25,0,21,125,-45,77
19,73,17,0,1,135,-45,77
19,74,2,1,6,135,-55,77
19,75,41,1,11,125,-55,77
19,76,15,1,11,130,-55,77
19,77,1,1,3,130,-50,77
19,78,46,1,8,130,-50,72
19,79,1,0,18,130,-65,72
19,80,19,0,-2,130,-55,82
19,81,22,0,-7,130,-50,82
19,82,40,1,-7,120,-40,82
19,83,30,1,-7,120,-30,82
19,84,16,1,-7,120,-40,82
19,85,42,1,-7,125,-40,82
19,86,3,1,-14,125,-40,87
19,87,3,0,1,125,-45,87
19,88,12,0,-4,135,-45,87
19,89,27,1,-4,140,-50,87
19,90,39,0,-11,145,-50,87
19,91,14,0,-11,145,-50,92
19,92,36,0,-11,140,-50,94
19,93,12,1,-6,140,-50,94
19,94,24,1,-1,140,-50,94
19,95,4,0,-16,145,-50,94
19,96,11,0,-21,145,-50,96
19,97,4,0,-36,150,-50,96
19,98,23,1,-26,150,-55,96
19,99,48,0,-36,150,-55,101
20,0,43,1,50,50,55,35
20,1,11,1,55,50,55,35
20,2,5,1,60,50,45,35
20,3,42,0,52,50,45,45
20,4,4,1,62,50,45,40
20,5,3,0,77,50,40,40
20,6,24,1,82,50,40,40
20,7,8,1,72,50,40,45
20,8,15,0,92,45,40,45
20,9,42,0,84,45,40,55
20,10,11,1,89,45,40,55
20,11,28,1,99,45,40,55
20,12,7,0,84,50,40,55
20,13,1,0,94,50,25,55
20,14,22,0,89,50,30,55
20,15,42,0,81,50,30,65
20,16,15,1,81,55,30,65
20,17,7,0,66,60,30,65
20,18,16,0,56,65,30,65
20,19,27,0,66,50,30,65
20,20,29,1,66,65,10,65
20,21,15,1,66,70,10,65
20,22,48,0,56,70,10,70
20,23,43,1,56,70,15,55
20,24,39,0,49,75,15,55
20,25,13,0,49,75,15,60
20,26,14,1,49,80,15,60
20,27,21,0,44,80,30,60
20,28,10,0,39,85,30,60
20,29,36,1,39,90,30,55
20,30,1,0,49,90,15,55
20,31,5,0,44,90,20,55
20,32,23,1,54,90,15,55
20,33,5,1,59,90,5,55
20,34,22,0,54,90,10,55
20,35,15,1,54,95,10,55
20,36,8,1,44,95,10,60
20,37,40,1,44,85,20,60
20,38,27,1,44,90,15,60
20,39,5,1,49,90,5,60
20,40,44,0,49,90,15,65
20,41,1,0,59,90,0,65
20,42,37,0,47,100,0,65
20,43,39,1,52,100,0,60
20,44,41,1,57,90,0,60
20,45,20,1,57,95,-15,60
20,46,10,1,77,95,-25,60
20,47,16,1,77,95,-35,60
20,48,8,0,77,100,-45,60
20,49,13,0,77,100,-45,65
20,50,12,0,72,110,-45,65
20,51,13,0,72,110,-45,70
20,52,22,0,67,110,-40,70
20,53,30,0,67,110,-50,80
20,54,40,0,67,120,-60,80
20,55,15,1,67,125,-60,80
20,56,3,1,60,125,-60,85
20,57,22,1,60,130,-70,85
20,58,9,1,65,130,-70,85
20,59,13,0,65,130,-70,90
20,60,12,1,70,130,-70,90
20,61,5,1,75,130,-80,90
20,62,3,0,90,130,-85,90
20,63,30,0,90,130,-95,100
20,64,24,1,95,130,-95,100
20,65,24,0,90,130,-90,100
20,66,45,0,90,130,-90,105
20,67,27,0,100,115,-90,105
20,68,14,0,100,115,-90,110
20,69,27,0,110,100,-90,110
20,70,20,1,110,105,-105,110
20,71,9,0,105,105,-105,115
20,72,8,1,95,105,-105,120
20,73,38,1,100,105,-105,120
20,74,9,0,95,105,-105,125
20,75,24,0,90,105,-100,125
20,76,23,1,100,105,-105,125
20,77,12,0,95,115,-105,125
20,78,12,0,90,125,-105,125
20,79,44,0,90,125,-95,130
20,80,13,1,95,130,-95,130
20,81,16,0,85,135,-95,130
20,82,4,1,95,135,-95,125
20,83,23,0,90,125,-95,130
20,84,27,0,100,110,-95,130
20,85,28,1,110,110,-95,130
20,86,16,0,100,115,-95,130
20,87,24,1,105,115,-95,130
20,88,20,1,105,120,-110,130
20,89,25,0,105,115,-100,130
20,90,26,0,100,115,-100,135
20,91,22,0,95,115,-95,135
20,92,41,1,100,105,-95,135
20,93,14,1,100,110,-95,135
20,94,19,1,115,110,-95,135
20,95,2,0,105,110,-90,135
20,96,42,1,105,115,-90,135
20,97,30,1,105,115,-80,135
20,98,13,1,110,120,-80,135
20,99,41,1,115,110,-80,135
21,0,23,0,45,40,50,55
21,1,13,0,45,40,50,60
21,2,10,0,40,45,50,60
21,3,43,1,40,45,55,45
21,4,16,0,30,50,55,45
21,5,5,1,35,50,45,45
21,6,27,0,45,35,45,45
21,7,21,1,45,40,30,45
21,8,10,1,65,40,20,45
21,9,28,1,75,40,20,45
21,10,14,1,75,45,20,45
21,11,39,0,68,50,20,45
21,12,20,1,68,55,5,45
21,13,1,1,60,55,10,45
21,14,12,0,55,65,10,45
21,15,13,1,60,70,10,45
21,16,37,0,48,80,10,45
21,17,22,0,43,80,15,45
21,18,16,1,43,80,5,45
21,19,41,1,48,70,5,45
21,20,21,0,43,70,20,45
21,21,30,0,43,70,10,55
21,22,21,0,38,70,25,55
21,23,1,0,48,70,10,55
21,24,27,0,58,55,10,55
21,25,41,1,63,45,10,55
21,26,3,1,56,45,10,60
21,27,12,0,51,55,10,60
21,28,46,1,56,55,10,55
21,29,6,0,66,55,5,55
21,30,16,1,66,55,-5,55
21,31,22,1,66,60,-15,55
21,32,43,1,66,60,-10,40
21,33,41,0,56,70,-10,40
21,34,15,0,76,65,-10,40
21,35,14,1,76,70,-10,40
21,36,25,0,76,65,0,40
21,37,15,0,96,60,0,40
21,38,16,0,86,65,0,40
21,39,20,0,81,65,15,40
21,40,28,1,91,65,15,40
21,41,39,0,84,70,15,40
21,42,3,0,99,70,10,40
21,43,29,0,89,70,15,40
21,44,16,0,79,75,15,40
21,45,16,1,79,75,5,40
21,46,12,0,74,85,5,40
21,47,41,1,79,75,5,40
21,48,22,0,74,75,10,40
21,49,20,0,69,75,25,40
21,50,20,1,69,80,10,40
21,51,22,1,69,85,0,40
21,52,48,1,69,90,0,30
21,53,40,0,69,100,-10,30
21,54,46,1,74,100,-10,25
21,55,12,0,69,110,-10,25
21,56,1,1,61,110,-5,25
21,57,4,0,46,115,-5,25
21,58,6,1,38,115,-5,30
21,59,11,1,43,115,-5,30
21,60,26,0,38,115,-5,35
21,61,14,1,38,120,-5,35
21,62,23,0,33,110,-5,40
21,63,4,0,18,115,-5,40
21,64,47,1,18,115,-5,55
21,65,4,0,3,120,-5,55
21,66,29,0,-7,120,0,55
21,67,42,1,-7,125,0,55
21,68,6,0,3,125,-5,55
21,69,5,1,8,125,-15,55
21,70,5,0,3,125,-10,55
21,71,29,1,3,140,-30,55
21,72,15,1,3,145,-30,55
21,73,9,0,-2,145,-30,60
21,74,23,0,-7,135,-30,65
21,75,39,1,-2,135,-30,60
21,76,22,1,-2,140,-40,60
21,77,9,0,-7,140,-40,65
21,78,22,1,-7,145,-50,65
21,79,16,1,-7,145,-60,65
21,80,1,0,3,145,-75,65
21,81,27,1,3,150,-80,65
21,82,8,1,-7,150,-80,70
21,83,20,0,-12,150,-65,70
21,84,1,0,-2,150,-80,70
21,85,26,1,8,150,-85,70
21,86,42,0,0,150,-85,80
21,87,20,0,-5,150,-70,80
21,88,25,1,-5,155,-80,80
21,89,13,0,-5,155,-80,85
21,90,45,0,-5,155,-80,90
21,91,44,1,0,155,-80,90
21,92,41,0,-10,165,-80,90
21,93,23,0,-15,155,-80,95
21,94,11,1,-10,155,-80,95
21,95,45,0,-10,155,-80,100
21,96,11,0,-15,155,-80,102
21,97,27,1,-15,160,-85,102
21,98,3,0,0,160,-90,102
21,99,25,0,0,155,-80,102
22,0,21,1,50,55,35,50
22,1,14,0,50,55,35,55
22,2,37,1,60,55,35,55
22,3,26,0,55,55,35,60
22,4,16,1,55,55,25,60
22,5,1,1,47,55,30,60
22,6,20,1,47,60,15,60
22,7,22,1,47,65,5,60
22,8,12,0,42,75,5,60
22,9,26,1,52,75,0,60
22,10,38,1,57,75,0,60
22,11,41,0,47,85,0,60
22,12,2,0,37,85,5,60
22,13,2,1,42,85,-5,60
22,14,7,1,47,85,-5,55
22,15,22,1,47,90,-15,55
22,16,9,0,42,90,-15,60
22,17,16,1,42,90,-25,60
22,18,2,0,32,90,-20,60
22,19,28,0,22,90,-10,60
22,20,3,0,37,90,-15,60
22,21,1,1,29,90,-10,60
22,22,15,0,49,85,-10,60
22,23,16,0,39,90,-10,60
22,24,12,1,44,90,-10,60
22,25,16,0,34,95,-10,60
22,26,26,1,44,95,-15,60
22,27,6,0,54,95,-20,60
22,28,17,0,34,105,-20,60
22,29,14,0,34,105,-20,65
22,30,2,0,24,105,-15,65
22,31,12,0,19,115,-15,65
22,32,13,0,19,115,-15,70
22,33,39,0,12,120,-15,70
22,34,42,1,12,125,-15,70
22,35,30,0,12,125,-25,80
22,36,41,1,17,115,-25,80
22,37,26,1,27,115,-30,80
22,38,3,0,42,115,-35,80
22,39,17,0,22,125,-35,80
22,40,10,1,42,125,-45,80
22,41,11,0,37,125,-45,82
22,42,2,1,42,125,-55,82
22,43,22,1,42,130,-65,82
22,44,9,0,37,130,-65,87
22,45,21,0,32,130,-50,87
22,46,30,1,32,130,-40,87
22,47,47,0,57,130,-40,87
22,48,43,1,57,130,-35,72
22,49,20,0,52,130,-20,72
22,50,20,0,47,130,-5,72
22,51,7,0,32,135,-5,72
22,52,41,0,22,145,-5,72
22,53,46,0,15,145,-5,77
22,54,42,1,15,150,-5,77
22,55,10,1,35,150,-15,77
22,56,26,0,30,150,-15,82
22,57,1,0,40,150,-30,82
22,58,25,0,40,145,-20,82
22,59,1,0,50,145,-35,82
22,60,13,0,50,145,-35,87
22,61,26,0,45,145,-35,92
22,62,21,1,45,150,-50,92
22,63,7,0,30,155,-50,92
22,64,17,0,10,165,-50,92
22,65,16,1,10,165,-60,92
22,66,2,1,15,165,-70,92
22,67,41,1,20,155,-70,92
22,68,16,0,10,160,-70,92
22,69,21,0,5,160,-55,92
22,70,4,1,15,160,-55,87
22,71,2,0,5,160,-50,87
22,72,14,1,5,165,-50,87
22,73,1,1,-3,165,-45,87
22,74,11,0,-8,165,-45,89
22,75,11,0,-13,165,-45,91
22,76,48,1,-13,170,-45,81
22,77,11,0,-18,170,-45,83
22,78,42,0,-26,170,-45,93
22,79,45,1,-26,175,-45,93
22,80,36,1,-26,180,-45,88
22,81,23,0,-31,170,-45,93
22,82,13,1,-26,175,-45,93
22,83,2,0,-36,175,-40,93
22,84,16,0,-46,180,-40,93
22,85,23,0,-51,170,-40,98
22,86,13,1,-46,175,-40,98
22,87,18,1,-36,175,-40,98
22,88,3,1,-43,175,-40,103
22,89,26,0,-48,175,-40,108
22,90,22,1,-48,180,-50,108
22,91,16,1,-48,180,-60,108
22,92,14,1,-48,185,-60,108
22,93,16,0,-58,190,-60,108
22,94,3,1,-65,190,-60,113
22,95,26,1,-55,190,-65,113
22,96,39,1,-50,190,-65,108
22,97,16,1,-50,190,-75,108
22,98,25,0,-50,185,-65,108
22,99,46,0,-57,185,-65,113
23,0,21,1,50,55,35,50
23,1,9,0,45,55,35,55
23,2,5,1,50,55,25,55
23,3,20,0,45,55,40,55
23,4,26,1,55,55,35,55
23,5,1,1,47,55,40,55
23,6,19,0,27,55,50,65
23,7,3,0,42,55,45,65
23,8,24,1,47,55,45,65
23,9,6,1,39,55,45,70
23,10,15,0,59,50,45,70
23,11,15,0,79,45,45,70
23,12,16,1,79,45,35,70
23,13,36,0,79,40,35,72
23,14,23,0,74,30,35,77
23,15,5,1,79,30,25,77
23,16,13,0,79,30,25,82
23,17,30,1,79,30,35,82
23,18,42,1,79,35,35,82
23,19,26,1,89,35,30,82
23,20,36,0,89,30,30,84
23,21,17,0,69,40,30,84
23,22,37,0,57,50,30,84
23,23,14,1,57,55,30,84
23,24,39,0,50,60,30,84
23,25,47,1,50,60,30,99
23,26,4,0,35,65,30,99
23,27,45,1,35,70,30,99
23,28,16,0,25,75,30,99
23,29,4,0,10,80,30,99
23,30,22,1,10,85,20,99
23,31,15,0,30,80,20,99
23,32,48,0,20,80,20,104
23,33,29,0,10,80,25,104
23,34,18,0,-15,80,25,114
23,35,6,0,-5,80,20,114
23,36,7,1,0,80,20,109
23,37,25,0,0,75,30,109
23,38,40,0,0,85,20,109
23,39,30,0,0,85,10,119
23,40,1,0,10,85,-5,119
23,41,6,0,20,85,-10,119
23,42,14,1,20,90,-10,119
23,43,39,0,13,95,-10,119
23,44,16,1,13,95,-20,119
23,45,11,1,18,95,-20,119
23,46,4,0,3,100,-20,119
23,47,16,0,-7,105,-20,119
23,48,20,1,-7,110,-35,119
23,49,10,0,-12,115,-35,119
23,50,13,1,-7,120,-35,119
23,51,11,0,-12,120,-35,121
23,52,27,1,-12,125,-40,121
23,53,40,1,-12,115,-30,121
23,54,40,1,-12,105,-20,121
23,55,9,1,-7,105,-20,121
23,56,45,1,-7,110,-20,121
23,57,13,0,-7,110,-20,126
23,58,41,0,-17,120,-20,126
23,59,38,0,-22,125,-20,126
23,60,7,0,-37,130,-20,126
23,61,41,1,-32,120,-20,126
23,62,14,0,-32,120,-20,131
23,63,5,0,-37,120,-15,131
23,64,26,0,-42,120,-15,136
23,65,40,0,-42,130,-25,136
23,66,3,1,-49,130,-25,141
23,67,28,1,-39,130,-25,141
23,68,25,1,-39,135,-35,141
23,69,10,0,-44,140,-35,141
23,70,22,1,-44,145,-45,141
23,71,1,0,-34,145,-60,141
23,72,18,0,-59,145,-60,151
23,73,11,1,-54,145,-60,151
23,74,13,1,-49,150,-60,151
23,75,16,0,-59,155,-60,151
23,76,29,1,-59,170,-80,151
23,77,5,0,-64,170,-75,151
23,78,29,1,-64,185,-95,151
23,79,22,1,-64,190,-105,151
23,80,12,1,-59,190,-105,151
23,81,12,0,-64,200,-105,151
23,82,18,1,-54,200,-105,151
23,83,3,1,-61,200,-105,156
23,84,12,1,-56,200,-105,156
23,85,2,1,-51,200,-115,156
23,86,25,0,-51,195,-105,156
23,87,45,1,-51,200,-105,156
23,88,4,0,-66,205,-105,156
23,89,16,1,-66,205,-115,156
23,90,12,1,-61,205,-115,156
23,91,3,0,-46,205,-120,156
23,92,11,1,-41,205,-120,156
23,93,41,1,-36,195,-120,156
23,94,14,1,-36,200,-120,156
23,95,26,1,-26,200,-125,156
23,96,16,0,-36,205,-125,156
23,97,3,1,-43,205,-125,161
23,98,1,1,-51,205,-120,161
23,99,46,0,-58,205,-120,166
24,0,26,0,45,50,50,55
24,1,13,1,50,55,50,55
24,2,1,0,60,55,35,55
24,3,38,0,55,60,35,55
24,4,46,0,48,60,35,60
24,5,44,1,53,60,35,60
24,6,20,1,53,65,20,60
24,7,29,1,53,80,0,60
24,8,29,0,43,80,5,60
24,9,4,0,28,85,5,60
24,10,18,1,38,85,5,60
24,11,22,0,33,85,10,60
24,12,1,1,25,85,15,60
24,13,3,0,40,85,10,60
24,14,14,0,40,85,10,65
24,15,46,1,45,85,10,60
24,16,6,1,37,85,10,65
24,17,21,0,32,85,25,65
24,18,39,1,37,85,25,60
24,19,30,1,37,85,35,60
24,20,17,0,17,95,35,60
24,21,3,0,32,95,30,60
24,22,16,1,32,95,20,60
24,23,25,1,32,100,10,60
24,24,43,0,52,100,0,60
24,25,15,0,72,95,0,60
24,26,38,0,67,100,0,60
24,27,25,1,67,105,-10,60
24,28,24,1,72,105,-10,60
24,29,43,0,92,105,-20,60
24,30,16,0,82,110,-20,60
24,31,6,0,92,110,-25,60
24,32,36,0,92,105,-25,62
24,33,2,1,97,105,-35,62
24,34,3,1,90,105,-35,67
24,35,2,0,80,105,-30,67
24,36,9,0,75,105,-30,72
24,37,43,1,75,105,-25,57
24,38,20,0,70,105,-10,57
24,39,11,0,65,105,-10,59
24,40,23,0,60,95,-10,64
24,41,36,1,60,100,-10,59
24,42,16,0,50,105,-10,59
24,43,1,0,60,105,-25,59
24,44,13,0,60,105,-25,64
24,45,18,0,35,105,-25,74
24,46,2,1,40,105,-35,74
24,47,40,0,40,115,-45,74
24,48,30,0,40,115,-55,84
24,49,38,0,35,120,-55,84
24,50,12,1,40,120,-55,84
24,51,16,0,30,125,-55,84
24,52,42,1,30,130,-55,84
24,53,17,1,15,130,-45,84
24,54,38,1,20,130,-45,84
24,55,5,1,25,130,-55,84
24,56,22,0,20,130,-50,84
24,57,18,1,30,130,-50,84
24,58,15,0,50,125,-50,84
24,59,7,0,35,130,-50,84
24,60,40,1,35,120,-40,84
24,61,1,1,27,120,-35,84
24,62,48,0,17,120,-35,89
24,63,12,1,22,120,-35,89
24,64,45,0,22,120,-35,94
24,65,20,0,17,120,-20,94
24,66,16,1,17,120,-30,94
24,67,2,0,7,120,-25,94
24,68,24,0,2,120,-20,94
24,69,4,0,-13,125,-20,94
24,70,36,1,-13,130,-20,89
24,71,24,0,-18,130,-15,89
24,72,20,1,-18,135,-30,89
24,73,6,0,-8,135,-35,89
24,74,18,1,2,135,-35,89
24,75,39,0,-5,140,-35,89
24,76,4,1,5,140,-35,84
24,77,21,1,5,145,-50,84
24,78,20,1,5,150,-65,84
24,79,21,0,0,150,-50,84
24,80,46,1,5,150,-50,79
24,81,16,0,-5,155,-50,79
24,82,16,0,-15,160,-50,79
24,83,44,1,-10,160,-50,79
24,84,3,0,5,160,-55,79
24,85,7,0,-10,165,-55,79
24,86,40,0,-10,175,-65,79
24,87,12,0,-15,185,-65,79
24,88,41,0,-25,195,-65,79
24,89,13,0,-25,195,-65,84
24,90,42,0,-33,195,-65,94
24,91,3,1,-40,195,-65,99
24,92,13,1,-35,200,-65,99
24,93,15,1,-35,205,-65,99
24,94,9,1,-30,205,-65,99
24,95,23,0,-35,195,-65,104
24,96,15,0,-15,190,-65,104
24,97,16,1,-15,190,-75,104
24,98,25,0,-15,185,-65,104
24,99,5,0,-20,185,-60,104
25,0,47,0,75,50,50,50
25,1,15,1,75,55,50,50
25,2,22,0,70,55,55,50
25,3,41,1,75,45,55,50
25,4,3,0,90,45,50,50
25,5,18,0,65,45,50,60
25,6,22,1,65,50,40,60
25,7,22,1,65,55,30,60
25,8,9,0,60,55,30,65
25,9,18,0,35,55,30,75
25,10,9,0,30,55,30,80
25,11,4,1,40,55,30,75
25,12,25,0,40,50,40,75
25,13,16,1,40,50,30,75
25,14,29,0,30,50,35,75
25,15,48,1,30,55,35,65
25,16,15,1,30,60,35,65
25,17,10,1,50,60,25,65
25,18,25,0,50,55,35,65
25,19,11,0,45,55,35,67
25,20,5,0,40,55,40,67
25,21,7,0,25,60,40,67
25,22,41,0,15,70,40,67
25,23,42,1,15,75,40,67
25,24,18,0,-10,75,40,77
25,25,18,1,0,75,40,77
25,26,22,0,-5,75,45,77
25,27,13,0,-5,75,45,82
25,28,20,0,-10,75,60,82
25,29,5,1,-5,75,50,82
25,30,16,1,-5,75,40,82
25,31,27,1,-5,80,35,82
25,32,5,1,0,80,25,82
25,33,11,0,-5,80,25,84
25,34,22,0,-10,80,30,84
25,35,28,1,0,80,30,84
25,36,17,1,-15,80,40,84
25,37,39,1,-10,80,40,79
25,38,16,1,-10,80,30,79
25,39,8,1,-20,80,30,84
25,40,13,1,-15,85,30,84
25,41,1,1,-23,85,35,84
25,42,14,1,-23,90,35,84
25,43,3,1,-30,90,35,89
25,44,5,1,-25,90,25,89
25,45,44,1,-20,90,25,89
25,46,20,0,-25,90,40,89
25,47,26,0,-30,90,40,94
25,48,43,0,-10,90,30,94
25,49,26,0,-15,90,30,99
25,50,11,1,-10,90,30,99
25,51,8,0,-10,95,20,99
25,52,8,1,-20,95,20,104
25,53,10,1,0,95,10,104
25,54,9,0,-5,95,10,109
25,55,40,0,-5,105,0,109
25,56,38,1,0,105,0,109
25,57,16,1,0,105,-10,109
25,58,13,1,5,110,-10,109
25,59,46,1,10,110,-10,104
25,60,7,0,-5,115,-10,104
25,61,4,0,-20,120,-10,104
25,62,45,1,-20,125,-10,104
25,63,39,1,-15,125,-10,99
25,64,9,0,-20,125,-10,104
25,65,41,1,-15,115,-10,104
25,66,22,1,-15,120,-20,104
25,67,22,1,-15,125,-30,104
25,68,36,0,-15,120,-30,106
25,69,14,1,-15,125,-30,106
25,70,8,1,-25,125,-30,111
25,71,11,1,-20,125,-30,111
25,72,13,1,-15,130,-30,111
25,73,12,0,-20,140,-30,111
25,74,5,1,-15,140,-40,111
25,75,16,0,-25,145,-40,111
25,76,2,0,-35,145,-35,111
25,77,8,0,-35,150,-45,111
25,78,22,1,-35,155,-55,111
25,79,15,1,-35,160,-55,111
25,80,37,0,-47,170,-55,111
25,81,21,0,-52,170,-40,111
25,82,46,0,-59,170,-40,116
25,83,22,0,-64,170,-35,116
25,84,37,1,-54,170,-35,116
25,85,15,0,-34,165,-35,116
25,86,26,0,-39,165,-35,121
25,87,4,1,-29,165,-35,116
25,88,1,0,-19,165,-50,116
25,89,38,0,-24,170,-50,116
25,90,9,1,-19,170,-50,116
25,91,18,1,-9,170,-50,116
25,92,25,0,-9,165,-40,116
25,93,39,1,-4,165,-40,111
25,94,13,0,-4,165,-40,116
25,95,21,1,-4,170,-55,116
25,96,15,0,16,165,-55,116
25,97,25,0,16,160,-45,116
25,98,23,0,11,150,-45,121
25,99,46,1,16,150,-45,116
26,0,12,1,55,50,50,50
26,1,13,1,60,55,50,50
26,2,2,1,65,55,40,50
26,3,26,1,75,55,35,50
26,4,41,0,65,65,35,50
26,5,48,0,55,65,35,55
26,6,20,1,55,70,20,55
26,7,10,0,50,75,20,55
26,8,28,1,60,75,20,55
26,9,26,0,55,75,20,60
26,10,19,1,70,75,20,60
26,11,1,0,80,75,5,60
26,12,37,0,68,85,5,60
26,13,2,0,58,85,10,60
26,14,15,0,78,80,10,60
26,15,30,1,78,80,20,60
26,16,38,1,83,80,20,60
26,17,4,1,93,80,20,55
26,18,13,1,98,85,20,55
26,19,9,0,93,85,20,60
26,20,23,1,103,85,15,60
26,21,10,1,123,85,5,60
26,22,8,0,123,90,-5,60
26,23,15,0,143,85,-5,60
26,24,3,0,158,85,-10,60
26,25,13,1,163,90,-10,60
26,26,22,0,158,90,-5,60
26,27,5,0,153,90,0,60
26,28,38,0,148,95,0,60
26,29,42,1,148,100,0,60
26,30,25,0,148,95,10,60
26,31,6,0,158,95,5,60
26,32,1,0,168,95,-10,60
26,33,23,0,163,85,-10,65
26,34,20,0,158,85,5,65
26,35,11,1,163,85,5,65
26,36,9,1,168,85,5,65
26,37,21,1,168,90,-10,65
26,38,28,1,178,90,-10,65
26,39,3,0,193,90,-15,65
26,40,45,1,193,95,-15,65
26,41,39,1,198,95,-15,60
26,42,26,0,193,95,-15,65
26,43,9,0,188,95,-15,70
26,44,44,1,193,95,-15,70
26,45,13,1,198,100,-15,70
26,46,43,1,198,100,-10,55
26,47,7,1,203,100,-10,50
26,48,10,0,198,105,-10,50
26,49,5,0,193,105,-5,50
26,50,21,1,193,110,-20,50
26,51,14,1,193,115,-20,50
26,52,30,1,193,115,-10,50
26,53,4,0,178,120,-10,50
26,54,10,1,198,120,-20,50
26,55,7,1,203,120,-20,45
26,56,24,0,198,120,-15,45
26,57,11,0,193,120,-15,47
26,58,13,1,198,125,-15,47
26,59,15,0,218,120,-15,47
26,60,12,0,213,130,-15,47
26,61,9,1,218,130,-15,47
26,62,40,0,218,140,-25,47
26,63,22,0,213,140,-20,47
26,64,4,1,223,140,-20,42
26,65,10,0,218,145,-20,42
26,66,14,1,218,150,-20,42
26,67,36,1,218,155,-20,37
26,68,15,0,238,150,-20,37
26,69,20,1,238,155,-35,37
26,70,44,1,243,155,-35,37
26,71,25,0,243,150,-25,37
26,72,30,1,243,150,-15,37
26,73,3,1,236,150,-15,42
26,74,6,0,246,150,-20,42
26,75,24,0,241,150,-15,42
26,76,3,1,234,150,-15,47
26,77,5,1,239,150,-25,47
26,78,44,1,244,150,-25,47
26,79,18,1,254,150,-25,47
26,80,13,0,254,150,-25,52
26,81,44,0,254,150,-15,57
26,82,12,1,259,150,-15,57
26,83,11,0,254,150,-15,59
26,84,5,1,259,150,-25,59
26,85,38,1,264,150,-25,59
26,86,40,0,264,160,-35,59
26,87,26,0,259,160,-35,64
26,88,1,0,269,160,-50,64
26,89,40,1,269,150,-40,64
26,90,3,0,284,150,-45,64
26,91,3,0,299,150,-50,64
26,92,19,1,314,150,-50,64
26,93,1,0,324,150,-65,64
26,94,22,0,319,150,-60,64
26,95,14,0,319,150,-60,69
26,96,11,0,314,150,-60,71
26,97,14,1,314,155,-60,71
26,98,41,1,319,145,-60,71
26,99,13,1,324,150,-60,71
27,0,1,0,60,50,35,50
27,1,2,0,50,50,40,50
27,2,22,1,50,55,30,50
27,3,20,0,45,55,45,50
27,4,41,1,50,45,45,50
27,5,26,0,45,45,45,55
27,6,25,0,45,40,55,55
27,7,9,1,50,40,55,55
27,8,21,0,45,40,70,55
27,9,14,0,45,40,70,60
27,10,2,1,50,40,60,60
27,11,9,1,55,40,60,60
27,12,48,1,55,45,60,50
27,13,9,1,60,45,60,50
27,14,19,1,75,45,60,50
27,15,25,0,75,40,70,50
27,16,12,1,80,40,70,50
27,17,4,1,90,40,70,45
27,18,28,1,100,40,70,45
27,19,26,1,110,40,65,45
27,20,23,1,120,40,60,45
27,21,15,0,140,35,60,45
27,22,46,0,133,35,60,50
27,23,17,0,113,45,60,50
27,24,37,0,101,55,60,50
27,25,23,1,111,55,55,50
27,26,11,0,106,55,55,52
27,27,26,0,101,55,55,57
27,28,45,1,101,60,55,57
27,29,30,0,101,60,45,67
27,30,26,0,96,60,45,72
27,31,3,0,111,60,40,72
27,32,7,0,96,65,40,72
27,33,25,1,96,70,30,72
27,34,5,0,91,70,35,72
27,35,24,1,96,70,35,72
27,36,10,1,116,70,25,72
27,37,16,1,116,70,15,72
27,38,39,1,121,70,15,67
27,39,4,0,106,75,15,67
27,40,23,1,116,75,10,67
27,41,40,0,116,85,0,67
27,42,21,0,111,85,15,67
27,43,22,0,106,85,20,67
27,44,13,1,111,90,20,67
27,45,24,1,116,90,20,67
27,46,46,1,121,90,20,62
27,47,25,1,121,95,10,62
27,48,11,1,126,95,10,62
27,49,13,1,131,100,10,62
27,50,16,0,121,105,10,62
27,51,3,0,136,105,5,62
27,52,21,1,136,110,-10,62
27,53,12,0,131,120,-10,62
27,54,10,0,126,125,-10,62
27,55,36,1,126,130,-10,57
27,56,38,1,131,130,-10,57
27,57,36,0,131,125,-10,59
27,58,45,1,131,130,-10,59
27,59,15,1,131,135,-10,59
27,60,16,1,131,135,-20,59
27,61,22,0,126,135,-15,59
27,62,23,0,121,125,-15,64
27,63,36,0,121,120,-15,66
27,64,11,1,126,120,-15,66
27,65,18,1,136,120,-15,66
27,66,43,0,156,120,-25,66
27,67,5,1,161,120,-35,66
27,68,16,0,151,125,-35,66
27,69,23,1,161,125,-40,66
27,70,9,0,156,125,-40,71
27,71,36,0,156,120,-40,73
27,72,2,1,161,120,-50,73
27,73,5,0,156,120,-45,73
27,74,5,0,151,120,-40,73
27,75,5,0,146,120,-35,73
27,76,4,0,131,125,-35,73
27,77,18,1,141,125,-35,73
27,78,1,0,151,125,-50,73
27,79,48,1,151,130,-50,63
27,80,15,1,151,135,-50,63
27,81,25,1,151,140,-60,63
27,82,43,0,171,140,-70,63
27,83,11,0,166,140,-70,65
27,84,13,0,166,140,-70,70
27,85,9,1,171,140,-70,70
27,86,23,1,181,140,-75,70
27,87,14,1,181,145,-75,70
27,88,20,1,181,150,-90,70
27,89,16,0,171,155,-90,70
27,90,25,1,171,160,-100,70
27,91,16,0,161,165,-100,70
27,92,20,0,156,165,-85,70
27,93,10,0,151,170,-85,70
27,94,10,0,146,175,-85,70
27,95,28,0,136,175,-75,70
27,96,2,1,141,175,-85,70
27,97,10,1,161,175,-95,70
27,98,41,1,166,165,-95,70
27,99,24,0,161,165,-90,70
28,0,22,0,45,50,55,50
28,1,14,0,45,50,55,55
28,2,46,0,38,50,55,60
28,3,22,1,38,55,45,60
28,4,25,0,38,50,55,60
28,5,19,0,18,50,65,70
28,6,7,1,23,50,65,65
28,7,10,1,43,50,55,65
28,8,11,0,38,50,55,67
28,9,41,1,43,40,55,67
28,10,38,0,38,45,55,67
28,11,3,0,53,45,50,67
28,12,26,1,63,45,45,67
28,13,18,0,38,45,45,77
28,14,21,0,33,45,60,77
28,15,27,1,33,50,55,77
28,16,23,1,43,50,50,77
28,17,15,0,63,45,50,77
28,18,25,1,63,50,40,77
28,19,26,0,58,50,40,82
28,20,25,1,58,55,30,82
28,21,22,0,53,55,35,82
28,22,9,1,58,55,35,82
28,23,3,0,73,55,30,82
28,24,11,0,68,55,30,84
28,25,22,0,63,55,35,84
28,26,14,1,63,60,35,84
28,27,13,1,68,65,35,84
28,28,38,0,63,70,35,84
28,29,5,0,58,70,40,84
28,30,25,0,58,65,50,84
28,31,9,1,63,65,50,84
28,32,20,1,63,70,35,84
28,33,24,1,68,70,35,84
28,34,3,0,83,70,30,84
28,35,10,0,78,75,30,84
28,36,26,1,88,75,25,84
28,37,2,1,93,75,15,84
28,38,23,1,103,75,10,84
28,39,18,0,78,75,10,94
28,40,26,1,88,75,5,94
28,41,9,0,83,75,5,99
28,42,45,0,83,75,5,104
28,43,44,1,88,75,5,104
28,44,22,0,83,75,10,104
28,45,9,0,78,75,10,109
28,46,41,0,68,85,10,109
28,47,14,0,68,85,10,114
28,48,26,1,78,85,5,114
28,49,25,1,78,90,-5,114
28,50,10,1,98,90,-15,114
28,51,42,0,90,90,-15,124
28,52,22,1,90,95,-25,124
28,53,25,0,90,90,-15,124
28,54,37,0,78,100,-15,124
28,55,39,1,83,100,-15,119
28,56,23,1,93,100,-20,119
28,57,24,1,98,100,-20,119
28,58,41,1,103,90,-20,119
28,59,9,1,108,90,-20,119
28,60,41,1,113,80,-20,119
28,61,44,0,113,80,-10,124
28,62,40,0,113,90,-20,124
28,63,21,1,113,95,-35,124
28,64,1,0,123,95,-50,124
28,65,18,1,133,95,-50,124
28,66,29,0,123,95,-45,124
28,67,16,0,113,100,-45,124
28,68,3,1,106,100,-45,129
28,69,3,1,99,100,-45,134
28,70,5,0,94,100,-40,134
28,71,26,1,104,100,-45,134
28,72,3,1,97,100,-45,139
28,73,1,1,89,100,-40,139
28,74,26,1,99,100,-45,139
28,75,4,1,109,100,-45,134
28,76,9,0,104,100,-45,139
28,77,25,0,104,95,-35,139
28,78,4,1,114,95,-35,134
28,79,36,0,114,90,-35,136
28,80,24,0,109,90,-30,136
28,81,4,1,119,90,-30,131
28,82,9,1,124,90,-30,131
28,83,14,0,124,90,-30,136
28,84,2,1,129,90,-40,136
28,85,16,1,129,90,-50,136
28,86,16,1,129,90,-60,136
28,87,20,0,124,90,-45,136
28,88,9,0,119,90,-45,141
28,89,43,0,139,90,-55,141
28,90,15,0,159,85,-55,141
28,91,12,1,164,85,-55,141
28,92,45,1,164,90,-55,141
28,93,28,0,154,90,-45,141
28,94,25,1,154,95,-55,141
28,95,36,1,154,100,-55,136
28,96,20,1,154,105,-70,136
28,97,38,1,159,105,-70,136
28,98,9,0,154,105,-70,141
28,99,4,0,139,110,-70,141
29,0,9,0,45,50,50,55
29,1,22,0,40,50,55,55
29,2,22,0,35,50,60,55
29,3,6,0,45,50,55,55
29,4,13,1,50,55,55,55
29,5,20,0,45,55,70,55
29,6,16,1,45,55,60,55
29,7,1,0,55,55,45,55
29,8,16,0,45,60,45,55
29,9,21,1,45,65,30,55
29,10,12,0,40,75,30,55
29,11,2,1,45,75,20,55
29,12,20,1,45,80,5,55
29,13,24,1,50,80,5,55
29,14,10,0,45,85,5,55
29,15,8,1,35,85,5,60
29,16,46,1,40,85,5,55
29,17,5,1,45,85,-5,55
29,18,11,0,40,85,-5,57
29,19,28,0,30,85,5,57
29,20,3,1,23,85,5,62
29,21,42,0,15,85,5,72
29,22,22,1,15,90,-5,72
29,23,47,0,40,90,-5,72
29,24,19,0,20,90,5,82
29,25,30,0,20,90,-5,92
29,26,20,1,20,95,-20,92
29,27,46,1,25,95,-20,87
29,28,1,0,35,95,-35,87
29,29,25,0,35,90,-25,87
29,30,11,1,40,90,-25,87
29,31,48,1,40,95,-25,77
29,32,25,0,40,90,-15,77
29,33,20,0,35,90,0,77
29,34,10,1,55,90,-10,77
29,35,15,0,75,85,-10,77
29,36,17,1,60,85,0,77
29,37,1,0,70,85,-15,77
29,38,11,0,65,85,-15,79
29,39,5,0,60,85,-10,79
29,40,4,0,45,90,-10,79
29,41,2,0,35,90,-5,79
29,42,22,1,35,95,-15,79
29,43,37,1,45,95,-15,79
29,44,20,1,45,100,-30,79
29,45,39,1,50,100,-30,74
29,46,38,1,55,100,-30,74
29,47,46,0,48,100,-30,79
29,48,46,1,53,100,-30,74
29,49,22,1,53,105,-40,74
29,50,46,0,46,105,-40,79
29,51,7,1,51,105,-40,74
29,52,40,0,51,115,-50,74
29,53,21,0,46,115,-35,74
29,54,29,1,46,130,-55,74
29,55,1,1,38,130,-50,74
29,56,43,0,58,130,-60,74
29,57,16,1,58,130,-70,74
29,58,12,1,63,130,-70,74
29,59,5,1,68,130,-80,74
29,60,7,1,73,130,-80,69
29,61,45,1,73,135,-80,69
29,62,22,0,68,135,-75,69
29,63,4,0,53,140,-75,69
29,64,27,0,63,125,-75,69
29,65,28,0,53,125,-65,69
29,66,14,1,53,130,-65,69
29,67,1,0,63,130,-80,69
29,68,47,0,88,130,-80,69
29,69,36,0,88,125,-80,71
29,70,16,0,78,130,-80,71
29,71,8,1,68,130,-80,76
29,72,12,1,73,130,-80,76
29,73,43,1,73,130,-75,61
29,74,13,1,78,135,-75,61
29,75,12,0,73,145,-75,61
29,76,39,1,78,145,-75,56
29,77,15,0,98,140,-75,56
29,78,16,1,98,140,-85,56
29,79,16,0,88,145,-85,56
29,80,10,1,108,145,-95,56
29,81,7,0,93,150,-95,56
29,82,16,0,83,155,-95,56
29,83,12,0,78,165,-95,56
29,84,26,0,73,165,-95,61
29,85,26,1,83,165,-100,61
29,86,16,0,73,170,-100,61
29,87,30,0,73,170,-110,71
29,88,41,1,78,160,-110,71
29,89,23,1,88,160,-115,71
29,90,25,1,88,165,-125,71
29,91,20,1,88,170,-140,71
29,92,10,1,108,170,-150,71
29,93,22,0,103,170,-145,71
29,94,12,1,108,170,-145,71
29,95,12,1,113,170,-145,71
29,96,4,1,123,170,-145,66
29,97,27,0,133,155,-145,66
29,98,5,0,128,155,-140,66
29,99,2,1,133,155,-150,66
30,0,15,1,50,55,50,50
30,1,30,0,50,55,40,60
30,2,7,0,35,60,40,60
30,3,15,1,35,65,40,60
30,4,22,1,35,70,30,60
30,5,15,0,55,65,30,60
30,6,38,0,50,70,30,60
30,7,16,1,50,70,20,60
30,8,15,0,70,65,20,60
30,9,28,0,60,65,30,60
30,10,7,1,65,65,30,55
30,11,1,1,57,65,35,55
30,12,4,1,67,65,35,50
30,13,28,1,77,65,35,50
30,14,6,1,69,65,35,55
30,15,2,0,59,65,40,55
30,16,44,0,59,65,50,60
30,17,27,0,69,50,50,60
30,18,22,1,69,55,40,60
30,19,4,1,79,55,40,55
30,20,11,1,84,55,40,55
30,21,12,1,89,55,40,55
30,22,25,1,89,60,30,55
30,23,14,1,89,65,30,55
30,24,23,0,84,55,30,60
30,25,26,1,94,55,25,60
30,26,28,0,84,55,35,60
30,27,20,0,79,55,50,60
30,28,20,1,79,60,35,60
30,29,37,0,67,70,35,60
30,30,39,0,60,75,35,60
30,31,22,0,55,75,40,60
30,32,22,0,50,75,45,60
30,33,41,0,40,85,45,60
30,34,25,1,40,90,35,60
30,35,13,0,40,90,35,65
30,36,39,1,45,90,35,60
30,37,22,0,40,90,40,60
30,38,24,1,45,90,40,60
30,39,38,0,40,95,40,60
30,40,10,1,60,95,30,60
30,41,22,0,55,95,35,60
30,42,9,0,50,95,35,65
30,43,3,1,43,95,35,70
30,44,9,1,48,95,35,70
30,45,26,1,58,95,30,70
30,46,42,1,58,100,30,70
30,47,28,1,68,100,30,70
30,48,44,0,68,100,40,75
30,49,5,0,63,100,45,75
30,50,22,1,63,105,35,75
30,51,18,1,73,105,35,75
30,52,3,1,66,105,35,80
30,53,16,0,56,110,35,80
30,54,23,1,66,110,30,80
30,55,36,0,66,105,30,82
30,56,25,0,66,100,40,82
30,57,2,0,56,100,45,82
30,58,26,0,51,100,45,87
30,59,11,1,56,100,45,87
30,60,5,0,51,100,50,87
30,61,42,0,43,100,50,97
30,62,20,0,38,100,65,97
30,63,11,0,33,100,65,99
30,64,11,1,38,100,65,99
30,65,26,1,48,100,60,99
30,66,40,1,48,90,70,99
30,67,48,1,48,95,70,89
30,68,3,1,41,95,70,94
30,69,13,1,46,100,70,94
30,70,5,0,41,100,75,94
30,71,14,0,41,100,75,99
30,72,4,0,26,105,75,99
30,73,16,1,26,105,65,99
30,74,6,1,18,105,65,104
30,75,2,0,8,105,70,104
30,76,3,1,1,105,70,109
30,77,48,1,1,110,70,99
30,78,11,0,-4,110,70,101
30,79,15,0,16,105,70,101
30,80,11,1,21,105,70,101
30,81,46,0,14,105,70,106
30,82,20,0,9,105,85,106
30,83,1,0,19,105,70,106
30,84,18,1,29,105,70,106
30,85,15,0,49,100,70,106
30,86,3,1,42,100,70,111
30,87,9,0,37,100,70,116
30,88,11,0,32,100,70,118
30,89,36,0,32,95,70,120
30,90,47,1,32,95,70,135
30,91,41,1,37,85,70,135
30,92,2,1,42,85,60,135
30,93,18,0,17,85,60,145
30,94,11,0,12,85,60,147
30,95,9,1,17,85,60,147
30,96,45,1,17,90,60,147
30,97,20,1,17,95,45,147
30,98,5,0,12,95,50,147
30,99,13,0,12,95,50,152
31,0,3,0,65,50,45,50
31,1,48,0,55,50,45,55
31,2,2,0,45,50,50,55
31,3,16,0,35,55,50,55
31,4,47,1,35,55,50,70
31,5,9,0,30,55,50,75
31,6,1,0,40,55,35,75
31,7,23,1,50,55,30,75
31,8,30,1,50,55,40,75
31,9,9,1,55,55,40,75
31,10,12,1,60,55,40,75
31,11,9,1,65,55,40,75
31,12,3,0,80,55,35,75
31,13,23,1,90,55,30,75
31,14,14,0,90,55,30,80
31,15,24,0,85,55,35,80
31,16,27,0,95,40,35,80
31,17,2,1,100,40,25,80
31,18,4,0,85,45,25,80
31,19,36,0,85,40,25,82
31,20,2,0,75,40,30,82
31,21,14,0,75,40,30,87
31,22,26,0,70,40,30,92
31,23,23,1,80,40,25,92
31,24,43,0,100,40,15,92
31,25,3,1,93,40,15,97
31,26,45,0,93,40,15,102
31,27,20,0,88,40,30,102
31,28,13,1,93,45,30,102
31,29,24,1,98,45,30,102
31,30,1,0,108,45,15,102
31,31,41,1,113,35,15,102
31,32,22,0,108,35,20,102
31,33,47,0,133,35,20,102
31,34,11,0,128,35,20,104
31,35,38,0,123,40,20,104
31,36,25,0,123,35,30,104
31,37,29,0,113,35,35,104
31,38,13,0,113,35,35,109
31,39,22,1,113,40,25,109
31,40,13,1,118,45,25,109
31,41,16,0,108,50,25,109
31,42,3,0,123,50,20,109
31,43,44,1,128,50,20,109
31,44,18,1,138,50,20,109
31,45,41,1,143,40,20,109
31,46,20,0,138,40,35,109
31,47,1,0,148,40,20,109
31,48,26,1,158,40,15,109
31,49,15,0,178,35,15,109
31,50,4,1,188,35,15,104
31,51,26,1,198,35,10,104
31,52,5,1,203,35,0,104
31,53,8,1,193,35,0,109
31,54,27,1,193,40,-5,109
31,55,14,0,193,40,-5,114
31,56,37,0,181,50,-5,114
31,57,16,0,171,55,-5,114
31,58,27,1,171,60,-10,114
31,59,11,0,166,60,-10,116
31,60,12,0,161,70,-10,116
31,61,43,0,181,70,-20,116
31,62,25,1,181,75,-30,116
31,63,5,0,176,75,-25,116
31,64,27,1,176,80,-30,116
31,65,26,0,171,80,-30,121
31,66,9,1,176,80,-30,121
31,67,16,0,166,85,-30,121
31,68,1,1,158,85,-25,121
31,69,1,0,168,85,-40,121
31,70,25,0,168,80,-30,121
31,71,14,0,168,80,-30,126
31,72,23,1,178,80,-35,126
31,73,11,1,183,80,-35,126
31,74,10,0,178,85,-35,126
31,75,13,1,183,90,-35,126
31,76,12,1,188,90,-35,126
31,77,1,0,198,90,-50,126
31,78,17,1,183,90,-40,126
31,79,41,1,188,80,-40,126
31,80,15,1,188,85,-40,126
31,81,46,1,193,85,-40,121
31,82,3,1,186,85,-40,126
31,83,4,1,196,85,-40,121
31,84,18,1,206,85,-40,121
31,85,7,1,211,85,-40,116
31,86,30,0,211,85,-50,126
31,87,16,0,201,90,-50,126
31,88,14,0,201,90,-50,131
31,89,5,1,206,90,-60,131
31,90,23,1,216,90,-65,131
31,91,10,1,236,90,-75,131
31,92,26,1,246,90,-80,131
31,93,8,1,236,90,-80,136
31,94,41,0,226,100,-80,136
31,95,25,1,226,105,-90,136
31,96,9,0,221,105,-90,141
31,97,25,1,221,110,-100,141
31,98,39,1,226,110,-100,136
31,99,16,1,226,110,-110,136
32,0,12,1,55,50,50,50
32,1,16,0,45,55,50,50
32,2,47,1,45,55,50,65
32,3,2,0,35,55,55,65
32,4,16,1,35,55,45,65
32,5,2,0,25,55,50,65
32,6,15,1,25,60,50,65
32,7,9,0,20,60,50,70
32,8,22,0,15,60,55,70
32,9,22,1,15,65,45,70
32,10,25,1,15,70,35,70
32,11,11,1,20,70,35,70
32,12,30,0,20,70,25,80
32,13,10,1,40,70,15,80
32,14,10,1,60,70,5,80
32,15,9,1,65,70,5,80
32,16,2,0,55,70,10,80
32,17,6,0,65,70,5,80
32,18,3,0,80,70,0,80
32,19,3,1,73,70,0,85
32,20,29,1,73,85,-20,85
32,21,2,1,78,85,-30,85
32,22,41,0,68,95,-30,85
32,23,41,0,58,105,-30,85
32,24,16,0,48,110,-30,85
32,25,17,0,28,120,-30,85
32,26,6,1,20,120,-30,90
32,27,13,0,20,120,-30,95
32,28,8,1,10,120,-30,100
32,29,36,1,10,125,-30,95
32,30,41,0,0,135,-30,95
32,31,3,0,15,135,-35,95
32,32,15,0,35,130,-35,95
32,33,9,1,40,130,-35,95
32,34,4,0,25,135,-35,95
32,35,24,1,30,135,-35,95
32,36,39,0,23,140,-35,95
32,37,22,0,18,140,-30,95
32,38,10,1,38,140,-40,95
32,39,2,1,43,140,-50,95
32,40,45,1,43,145,-50,95
32,41,13,0,43,145,-50,100
32,42,44,1,48,145,-50,100
32,43,12,1,53,145,-50,100
32,44,2,0,43,145,-45,100
32,45,27,0,53,130,-45,100
32,46,36,1,53,135,-45,95
32,47,28,1,63,135,-45,95
32,48,6,1,55,135,-45,100
32,49,9,1,60,135,-45,100
32,50,1,1,52,135,-40,100
32,51,2,1,57,135,-50,100
32,52,43,0,77,135,-60,100
32,53,25,1,77,140,-70,100
32,54,9,0,72,140,-70,105
32,55,26,0,67,140,-70,110
32,56,29,0,57,140,-65,110
32,57,12,1,62,140,-65,110
32,58,44,0,62,140,-55,115
32,59,19,1,77,140,-55,115
32,60,6,1,69,140,-55,120
32,61,4,0,54,145,-55,120
32,62,14,0,54,145,-55,125
32,63,23,1,64,145,-60,125
32,64,47,1,64,145,-60,140
32,65,1,0,74,145,-75,140
32,66,17,1,59,145,-65,140
32,67,25,1,59,150,-75,140
32,68,14,0,59,150,-75,145
32,69,4,0,44,155,-75,145
32,70,15,0,64,150,-75,145
32,71,41,0,54,160,-75,145
32,72,38,1,59,160,-75,145
32,73,3,0,74,160,-80,145
32,74,15,1,74,165,-80,145
32,75,12,0,69,175,-80,145
32,76,5,0,64,175,-75,145
32,77,2,0,54,175,-70,145
32,78,45,0,54,175,-70,150
32,79,13,1,59,180,-70,150
32,80,9,1,64,180,-70,150
32,81,43,0,84,180,-80,150
32,82,24,1,89,180,-80,150
32,83,36,0,89,175,-80,152
32,84,16,1,89,175,-90,152
32,85,10,0,84,180,-90,152
32,86,5,0,79,180,-85,152
32,87,14,1,79,185,-85,152
32,88,46,1,84,185,-85,147
32,89,3,0,99,185,-90,147
32,90,41,1,104,175,-90,147
32,91,12,1,109,175,-90,147
32,92,28,1,119,175,-90,147
32,93,11,1,124,175,-90,147
32,94,23,0,119,165,-90,152
32,95,7,1,124,165,-90,147
32,96,7,0,109,170,-90,147
32,97,20,1,109,175,-105,147
32,98,3,0,124,175,-110,147
32,99,26,0,119,175,-110,152
33,0,10,1,70,50,40,50
33,1,2,1,75,50,30,50
33,2,11,0,70,50,30,52
33,3,41,1,75,40,30,52
33,4,3,1,68,40,30,57
33,5,12,0,63,50,30,57
33,6,1,1,55,50,35,57
33,7,17,1,40,50,45,57
33,8,13,0,40,50,45,62
33,9,12,0,35,60,45,62
33,10,24,1,40,60,45,62
33,11,48,0,30,60,45,67
33,12,16,0,20,65,45,67
33,13,16,1,20,65,35,67
33,14,21,0,15,65,50,67
33,15,11,0,10,65,50,69
33,16,43,1,10,65,55,54
33,17,10,1,30,65,45,54
33,18,3,1,23,65,45,59
33,19,16,1,23,65,35,59
33,20,42,0,15,65,35,69
33,21,8,0,15,70,25,69
33,22,1,1,7,70,30,69
33,23,36,1,7,75,30,64
33,24,41,1,12,65,30,64
33,25,38,1,17,65,30,64
33,26,15,1,17,70,30,64
33,27,16,0,7,75,30,64
33,28,44,1,12,75,30,64
33,29,48,1,12,80,30,54
33,30,9,0,7,80,30,59
33,31,5,0,2,80,35,59
33,32,25,1,2,85,25,59
33,33,42,1,2,90,25,59
33,34,8,1,-8,90,25,64
33,35,16,0,-18,95,25,64
33,36,15,1,-18,100,25,64
33,37,10,0,-23,105,25,64
33,38,3,1,-30,105,25,69
33,39,20,1,-30,110,10,69
33,40,3,1,-37,110,10,74
33,41,12,0,-42,120,10,74
33,42,14,1,-42,125,10,74
33,43,12,1,-37,125,10,74
33,44,13,1,-32,130,10,74
33,45,5,0,-37,130,15,74
33,46,3,1,-44,130,15,79
33,47,15,1,-44,135,15,79
33,48,9,0,-49,135,15,84
33,49,9,1,-44,135,15,84
33,50,38,0,-49,140,15,84
33,51,25,1,-49,145,5,84
33,52,9,0,-54,145,5,89
33,53,13,1,-49,150,5,89
33,54,1,0,-39,150,-10,89
33,55,24,0,-44,150,-5,89
33,56,6,1,-52,150,-5,94
33,57,27,0,-42,135,-5,94
33,58,4,1,-32,135,-5,89
33,59,5,1,-27,135,-15,89
33,60,16,0,-37,140,-15,89
33,61,15,1,-37,145,-15,89
33,62,2,1,-32,145,-25,89
33,63,46,0,-39,145,-25,94
33,64,24,0,-44,145,-20,94
33,65,15,1,-44,150,-20,94
33,66,9,0,-49,150,-20,99
33,67,4,1,-39,150,-20,94
33,68,38,0,-44,155,-20,94
33,69,23,0,-49,145,-20,99
33,70,20,1,-49,150,-35,99
33,71,14,0,-49,150,-35,104
33,72,39,1,-44,150,-35,99
33,73,1,0,-34,150,-50,99
33,74,15,0,-14,145,-50,99
33,75,4,0,-29,150,-50,99
33,76,11,0,-34,150,-50,101
33,77,43,0,-14,150,-60,101
33,78,10,1,6,150,-70,101
33,79,38,0,1,155,-70,101
33,80,43,1,1,155,-65,86
33,81,11,1,6,155,-65,86
33,82,16,0,-4,160,-65,86
33,83,5,1,1,160,-75,86
33,84,42,1,1,165,-75,86
33,85,2,1,6,165,-85,86
33,86,20,1,6,170,-100,86
33,87,41,0,-4,180,-100,86
33,88,45,1,-4,185,-100,86
33,89,37,0,-16,195,-100,86
33,90,3,0,-1,195,-105,86
33,91,14,0,-1,195,-105,91
33,92,15,1,-1,200,-105,91
33,93,20,0,-6,200,-90,91
33,94,27,0,4,185,-90,91
33,95,20,1,4,190,-105,91
33,96,40,1,4,180,-95,91
33,97,11,1,9,180,-95,91
33,98,4,1,19,180,-95,86
33,99,15,1,19,185,-95,86
34,0,3,1,43,50,50,55
34,1,47,1,43,50,50,70
34,2,14,0,43,50,50,75
34,3,16,1,43,50,40,75
34,4,45,1,43,55,40,75
34,5,10,0,38,60,40,75
34,6,8,1,28,60,40,80
34,7,41,1,33,50,40,80
34,8,4,1,43,50,40,75
34,9,2,0,33,50,45,75
34,10,4,1,43,50,45,70
34,11,24,0,38,50,50,70
34,12,26,1,48,50,45,70
34,13,45,0,48,50,45,75
34,14,6,0,58,50,40,75
34,15,15,0,78,45,40,75
34,16,1,1,70,45,45,75
34,17,15,1,70,50,45,75
34,18,12,0,65,60,45,75
34,19,27,1,65,65,40,75
34,20,40,1,65,55,50,75
34,21,14,0,65,55,50,80
34,22,11,0,60,55,50,82
34,23,15,1,60,60,50,82
34,24,3,0,75,60,45,82
34,25,21,0,70,60,60,82
34,26,45,0,70,60,60,87
34,27,30,0,70,60,50,97
34,28,9,1,75,60,50,97
34,29,23,1,85,60,45,97
34,30,23,1,95,60,40,97
34,31,26,1,105,60,35,97
34,32,10,0,100,65,35,97
34,33,11,0,95,65,35,99
34,34,41,1,100,55,35,99
34,35,1,1,92,55,40,99
34,36,26,0,87,55,40,104
34,37,41,0,77,65,40,104
34,38,39,1,82,65,40,99
34,39,3,1,75,65,40,104
34,40,1,1,67,65,45,104
34,41,45,1,67,70,45,104
34,42,29,0,57,70,50,104
34,43,13,0,57,70,50,109
34,44,42,0,49,70,50,119
34,45,16,0,39,75,50,119
34,46,38,1,44,75,50,119
34,47,1,0,54,75,35,119
34,48,40,1,54,65,45,119
34,49,39,0,47,70,45,119
34,50,2,1,52,70,35,119
34,51,7,1,57,70,35,114
34,52,25,0,57,65,45,114
34,53,8,0,57,70,35,114
34,54,15,0,77,65,35,114
34,55,48,1,77,70,35,104
34,56,4,0,62,75,35,104
34,57,1,0,72,75,20,104
34,58,11,1,77,75,20,104
34,59,25,0,77,70,30,104
34,60,24,1,82,70,30,104
34,61,30,1,82,70,40,104
34,62,16,0,72,75,40,104
34,63,2,1,77,75,30,104
34,64,10,0,72,80,30,104
34,65,10,0,67,85,30,104
34,66,36,1,67,90,30,99
34,67,5,0,62,90,35,99
34,68,2,1,67,90,25,99
34,69,26,1,77,90,20,99
34,70,9,1,82,90,20,99
34,71,1,1,74,90,25,99
34,72,6,0,84,90,20,99
34,73,19,1,99,90,20,99
34,74,29,1,99,105,0,99
34,75,47,1,99,105,0,114
34,76,12,0,94,115,0,114
34,77,16,1,94,115,-10,114
34,78,22,0,89,115,-5,114
34,79,12,1,94,115,-5,114
34,80,11,1,99,115,-5,114
34,81,13,0,99,115,-5,119
34,82,15,1,99,120,-5,119
34,83,11,1,104,120,-5,119
34,84,24,0,99,120,0,119
34,85,19,0,79,120,10,129
34,86,7,1,84,120,10,124
34,87,19,1,99,120,10,124
34,88,2,1,104,120,0,124
34,89,3,1,97,120,0,129
34,90,14,1,97,125,0,129
34,91,44,0,97,125,10,134
34,92,9,1,102,125,10,134
34,93,12,1,107,125,10,134
34,94,37,1,117,125,10,134
34,95,20,1,117,130,-5,134
34,96,41,0,107,140,-5,134
34,97,41,1,112,130,-5,134
34,98,9,1,117,130,-5,134
34,99,27,1,117,135,-10,134
35,0,19,0,30,50,60,60
35,1,20,1,30,55,45,60
35,2,16,1,30,55,35,60
35,3,23,1,40,55,30,60
35,4,9,0,35,55,30,65
35,5,3,1,28,55,30,70
35,6,14,1,28,60,30,70
35,7,29,1,28,75,10,70
35,8,44,1,33,75,10,70
35,9,20,0,28,75,25,70
35,10,12,1,33,75,25,70
35,11,43,0,53,75,15,70
35,12,2,1,58,75,5,70
35,13,4,0,43,80,5,70
35,14,17,1,28,80,15,70
35,15,29,0,18,80,20,70
35,16,26,1,28,80,15,70
35,17,27,1,28,85,10,70
35,18,5,1,33,85,0,70
35,19,38,1,38,85,0,70
35,20,26,0,33,85,0,75
35,21,13,0,33,85,0,80
35,22,7,1,38,85,0,75
35,23,42,0,30,85,0,85
35,24,6,0,40,85,-5,85
35,25,1,0,50,85,-20,85
35,26,2,0,40,85,-15,85
35,27,41,1,45,75,-15,85
35,28,23,1,55,75,-20,85
35,29,20,0,50,75,-5,85
35,30,12,0,45,85,-5,85
35,31,26,0,40,85,-5,90
35,32,18,0,15,85,-5,100
35,33,15,1,15,90,-5,100
35,34,42,0,7,90,-5,110
35,35,6,0,17,90,-10,110
35,36,48,1,17,95,-10,100
35,37,26,1,27,95,-15,100
35,38,41,0,17,105,-15,100
35,39,40,1,17,95,-5,100
35,40,7,0,2,100,-5,100
35,41,23,1,12,100,-10,100
35,42,2,1,17,100,-20,100
35,43,16,1,17,100,-30,100
35,44,9,0,12,100,-30,105
35,45,22,0,7,100,-25,105
35,46,14,0,7,100,-25,110
35,47,3,0,22,100,-30,110
35,48,39,1,27,100,-30,105
35,49,21,1,27,105,-45,105
35,50,4,0,12,110,-45,105
35,51,15,0,32,105,-45,105
35,52,42,1,32,110,-45,105
35,53,6,0,42,110,-50,105
35,54,4,0,27,115,-50,105
35,55,41,0,17,125,-50,105
35,56,38,0,12,130,-50,105
35,57,40,1,12,120,-40,105
35,58,14,1,12,125,-40,105
35,59,25,0,12,120,-30,105
35,60,5,0,7,120,-25,105
35,61,23,0,2,110,-25,110
35,62,41,0,-8,120,-25,110
35,63,22,1,-8,125,-35,110
35,64,8,0,-8,130,-45,110
35,65,3,0,7,130,-50,110
35,66,4,1,17,130,-50,105
35,67,21,0,12,130,-35,105
35,68,21,1,12,135,-50,105
35,69,11,0,7,135,-50,107
35,70,20,0,2,135,-35,107
35,71,38,1,7,135,-35,107
35,72,16,1,7,135,-45,107
35,73,43,1,7,135,-40,92
35,74,47,0,32,135,-40,92
35,75,46,0,25,135,-40,97
35,76,4,0,10,140,-40,97
35,77,16,0,0,145,-40,97
35,78,26,0,-5,145,-40,102
35,79,26,0,-10,145,-40,107
35,80,38,1,-5,145,-40,107
35,81,24,0,-10,145,-35,107
35,82,25,0,-10,140,-25,107
35,83,43,1,-10,140,-20,92
35,84,1,1,-18,140,-15,92
35,85,12,1,-13,140,-15,92
35,86,39,0,-20,145,-15,92
35,87,27,0,-10,130,-15,92
35,88,15,1,-10,135,-15,92
35,89,10,1,10,135,-25,92
35,90,45,0,10,135,-25,97
35,91,39,0,3,140,-25,97
35,92,22,1,3,145,-35,97
35,93,24,1,8,145,-35,97
35,94,38,1,13,145,-35,97
35,95,41,0,3,155,-35,97
35,96,41,0,-7,165,-35,97
35,97,16,0,-17,170,-35,97
35,98,1,0,-7,170,-50,97
35,99,10,1,13,170,-60,97
36,0,16,0,40,55,50,50
36,1,12,0,35,65,50,50
36,2,12,0,30,75,50,50
36,3,44,0,30,75,60,55
36,4,42,1,30,80,60,55
36,5,11,1,35,80,60,55
36,6,26,0,30,80,60,60
36,7,2,0,20,80,65,60
36,8,39,1,25,80,65,55
36,9,4,1,35,80,65,50
36,10,39,1,40,80,65,45
36,11,46,0,33,80,65,50
36,12,3,1,26,80,65,55
36,13,12,1,31,80,65,55
36,14,23,0,26,70,65,60
36,15,4,1,36,70,65,55
36,16,25,1,36,75,55,55
36,17,40,0,36,85,45,55
36,18,44,0,36,85,55,60
36,19,16,1,36,85,45,60
36,20,5,0,31,85,50,60
36,21,11,0,26,85,50,62
36,22,4,0,11,90,50,62
36,23,13,1,16,95,50,62
36,24,13,1,21,100,50,62
36,25,2,1,26,100,40,62
36,26,9,0,21,100,40,67
36,27,26,1,31,100,35,67
36,28,26,1,41,100,30,67
36,29,27,0,51,85,30,67
36,30,20,1,51,90,15,67
36,31,17,0,31,100,15,67
36,32,1,0,41,100,0,67
36,33,17,1,26,100,10,67
36,34,15,1,26,105,10,67
36,35,3,0,41,105,5,67
36,36,5,0,36,105,10,67
36,37,3,1,29,105,10,72
36,38,46,0,22,105,10,77
36,39,24,1,27,105,10,77
36,40,21,1,27,110,-5,77
36,41,2,0,17,110,0,77
36,42,10,1,37,110,-10,77
36,43,17,1,22,110,0,77
36,44,2,0,12,110,5,77
36,45,40,0,12,120,-5,77
36,46,16,1,12,120,-15,77
36,47,13,0,12,120,-15,82
36,48,20,0,7,120,0,82
36,49,26,0,2,120,0,87
36,50,28,0,-8,120,10,87
36,51,48,1,-8,125,10,77
36,52,26,0,-13,125,10,82
36,53,2,1,-8,125,0,82
36,54,15,1,-8,130,0,82
36,55,14,0,-8,130,0,87
36,56,8,0,-8,135,-10,87
36,57,23,0,-13,125,-10,92
36,58,16,1,-13,125,-20,92
36,59,46,0,-20,125,-20,97
36,60,41,0,-30,135,-20,97
36,61,9,1,-25,135,-20,97
36,62,25,1,-25,140,-30,97
36,63,27,1,-25,145,-35,97
36,64,14,0,-25,145,-35,102
36,65,36,1,-25,150,-35,97
36,66,41,0,-35,160,-35,97
36,67,23,0,-40,150,-35,102
36,68,5,1,-35,150,-45,102
36,69,3,1,-42,150,-45,107
36,70,16,0,-52,155,-45,107
36,71,23,0,-57,145,-45,112
36,72,9,1,-52,145,-45,112
36,73,36,1,-52,150,-45,107
36,74,2,1,-47,150,-55,107
36,75,14,0,-47,150,-55,112
36,76,22,0,-52,150,-50,112
36,77,42,1,-52,155,-50,112
36,78,25,1,-52,160,-60,112
36,79,30,0,-52,160,-70,122
36,80,3,0,-37,160,-75,122
36,81,1,1,-45,160,-70,122
36,82,20,1,-45,165,-85,122
36,83,40,1,-45,155,-75,122
36,84,42,0,-53,155,-75,132
36,85,13,1,-48,160,-75,132
36,86,14,1,-48,165,-75,132
36,87,22,0,-53,165,-70,132
36,88,39,1,-48,165,-70,127
36,89,9,0,-53,165,-70,132
36,90,23,1,-43,165,-75,132
36,91,47,0,-18,165,-75,132
36,92,5,1,-13,165,-85,132
36,93,16,1,-13,165,-95,132
36,94,29,0,-23,165,-90,132
36,95,1,1,-31,165,-85,132
36,96,22,0,-36,165,-80,132
36,97,26,0,-41,165,-80,137
36,98,1,0,-31,165,-95,137
36,99,21,0,-36,165,-80,137
37,0,11,0,45,50,50,52
37,1,20,0,40,50,65,52
37,2,11,0,35,50,65,54
37,3,11,0,30,50,65,56
37,4,24,0,25,50,70,56
37,5,14,0,25,50,70,61
37,6,40,1,25,40,80,61
37,7,24,0,20,40,85,61
37,8,37,0,8,50,85,61
37,9,22,0,3,50,90,61
37,10,43,1,3,50,95,46
37,11,15,1,3,55,95,46
37,12,23,1,13,55,90,46
37,13,22,1,13,60,80,46
37,14,10,0,8,65,80,46
37,15,11,0,3,65,80,48
37,16,9,1,8,65,80,48
37,17,20,1,8,70,65,48
37,18,28,0,-2,70,75,48
37,19,25,1,-2,75,65,48
37,20,5,1,3,75,55,48
37,21,16,0,-7,80,55,48
37,22,44,1,-2,80,55,48
37,23,5,0,-7,80,60,48
37,24,11,1,-2,80,60,48
37,25,41,0,-12,90,60,48
37,26,11,1,-7,90,60,48
37,27,14,0,-7,90,60,53
37,28,45,1,-7,95,60,53
37,29,3,1,-14,95,60,58
37,30,25,0,-14,90,70,58
37,31,44,1,-9,90,70,58
37,32,43,1,-9,90,75,43
37,33,3,0,6,90,70,43
37,34,12,0,1,100,70,43
37,35,14,0,1,100,70,48
37,36,11,0,-4,100,70,50
37,37,39,0,-11,105,70,50
37,38,18,0,-36,105,70,60
37,39,8,1,-46,105,70,65
37,40,23,1,-36,105,65,65
37,41,7,0,-51,110,65,65
37,42,10,0,-56,115,65,65
37,43,2,0,-66,115,70,65
37,44,41,1,-61,105,70,65
37,45,26,0,-66,105,70,70
37,46,12,1,-61,105,70,70
37,47,41,1,-56,95,70,70
37,48,22,1,-56,100,60,70
37,49,21,1,-56,105,45,70
37,50,5,0,-61,105,50,70
37,51,12,0,-66,115,50,70
37,52,43,0,-46,115,40,70
37,53,25,0,-46,110,50,70
37,54,16,0,-56,115,50,70
37,55,45,0,-56,115,50,75
37,56,4,1,-46,115,50,70
37,57,13,1,-41,120,50,70
37,58,3,0,-26,120,45,70
37,59,22,0,-31,120,50,70
37,60,36,0,-31,115,50,72
37,61,4,1,-21,115,50,67
37,62,7,1,-16,115,50,62
37,63,4,1,-6,115,50,57
37,64,12,0,-11,125,50,57
37,65,5,1,-6,125,40,57
37,66,16,1,-6,125,30,57
37,67,30,0,-6,125,20,67
37,68,40,1,-6,115,30,67
37,69,40,0,-6,125,20,67
37,70,9,0,-11,125,20,72
37,71,22,1,-11,130,10,72
37,72,26,1,-1,130,5,72
37,73,44,1,4,130,5,72
37,74,3,1,-3,130,5,77
37,75,41,1,2,120,5,77
37,76,15,1,2,125,5,77
37,77,9,0,-3,125,5,82
37,78,9,1,2,125,5,82
37,79,41,0,-8,135,5,82
37,80,10,1,12,135,-5,82
37,81,21,0,7,135,10,82
37,82,11,0,2,135,10,84
37,83,8,0,2,140,0,84
37,84,11,0,-3,140,0,86
37,85,43,1,-3,140,5,71
37,86,4,1,7,140,5,66
37,87,1,1,-1,140,10,66
37,88,2,1,4,140,0,66
37,89,3,1,-3,140,0,71
37,90,39,0,-10,145,0,71
37,91,29,0,-20,145,5,71
37,92,2,0,-30,145,10,71
37,93,2,0,-40,145,15,71
37,94,41,0,-50,155,15,71
37,95,11,1,-45,155,15,71
37,96,4,1,-35,155,15,66
37,97,37,0,-47,165,15,66
37,98,25,0,-47,160,25,66
37,99,23,0,-52,150,25,71
38,0,37,1,60,50,50,50
38,1,16,0,50,55,50,50
38,2,15,0,70,50,50,50
38,3,28,0,60,50,60,50
38,4,44,1,65,50,60,50
38,5,7,1,70,50,60,45
38,6,20,1,70,55,45,45
38,7,42,1,70,60,45,45
38,8,26,0,65,60,45,50
38,9,39,0,58,65,45,50
38,10,7,0,43,70,45,50
38,11,9,1,48,70,45,50
38,12,25,1,48,75,35,50
38,13,40,0,48,85,25,50
38,14,12,0,43,95,25,50
38,15,7,1,48,95,25,45
38,16,22,0,43,95,30,45
38,17,9,1,48,95,30,45
38,18,45,0,48,95,30,50
38,19,13,1,53,100,30,50
38,20,7,1,58,100,30,45
38,21,2,0,48,100,35,45
38,22,47,0,73,100,35,45
38,23,14,1,73,105,35,45
38,24,22,1,73,110,25,45
38,25,25,1,73,115,15,45
38,26,16,0,63,120,15,45
38,27,16,1,63,120,5,45
38,28,7,1,68,120,5,40
38,29,12,0,63,130,5,40
38,30,1,0,73,130,-10,40
38,31,4,1,83,130,-10,35
38,32,2,0,73,130,-5,35
38,33,7,0,58,135,-5,35
38,34,3,1,51,135,-5,40
38,35,5,1,56,135,-15,40
38,36,41,0,46,145,-15,40
38,37,14,1,46,150,-15,40
38,38,7,1,51,150,-15,35
38,39,48,0,41,150,-15,40
38,40,5,1,46,150,-25,40
38,41,39,1,51,150,-25,35
38,42,8,1,41,150,-25,40
38,43,11,0,36,150,-25,42
38,44,15,0,56,145,-25,42
38,45,11,0,51,145,-25,44
38,46,26,0,46,145,-25,49
38,47,12,1,51,145,-25,49
38,48,41,1,56,135,-25,49
38,49,1,0,66,135,-40,49
38,50,38,1,71,135,-40,49
38,51,36,0,71,130,-40,51
38,52,9,1,76,130,-40,51
38,53,2,0,66,130,-35,51
38,54,5,0,61,130,-30,51
38,55,16,1,61,130,-40,51
38,56,12,1,66,130,-40,51
38,57,3,0,81,130,-45,51
38,58,2,0,71,130,-40,51
38,59,46,1,76,130,-40,46
38,60,43,0,96,130,-50,46
38,61,26,0,91,130,-50,51
38,62,20,1,91,135,-65,51
38,63,23,0,86,125,-65,56
38,64,21,0,81,125,-50,56
38,65,42,1,81,130,-50,56
38,66,8,0,81,135,-60,56
38,67,23,0,76,125,-60,61
38,68,39,1,81,125,-60,56
38,69,6,1,73,125,-60,61
38,70,14,0,73,125,-60,66
38,71,24,1,78,125,-60,66
38,72,37,1,88,125,-60,66
38,73,36,0,88,120,-60,68
38,74,18,1,98,120,-60,68
38,75,25,1,98,125,-70,68
38,76,12,0,93,135,-70,68
38,77,5,1,98,135,-80,68
38,78,3,0,113,135,-85,68
38,79,3,0,128,135,-90,68
38,80,27,1,128,140,-95,68
38,81,7,0,113,145,-95,68
38,82,38,0,108,150,-95,68
38,83,12,0,103,160,-95,68
38,84,25,1,103,165,-105,68
38,85,20,0,98,165,-90,68
38,86,23,0,93,155,-90,73
38,87,2,1,98,155,-100,73
38,88,22,1,98,160,-110,73
38,89,23,1,108,160,-115,73
38,90,36,0,108,155,-115,75
38,91,4,0,93,160,-115,75
38,92,47,0,118,160,-115,75
38,93,43,0,138,160,-125,75
38,94,15,1,138,165,-125,75
38,95,4,0,123,170,-125,75
38,96,11,0,118,170,-125,77
38,97,36,0,118,165,-125,79
38,98,4,0,103,170,-125,79
38,99,7,1,108,170,-125,74
39,0,4,0,35,55,50,50
39,1,11,0,30,55,50,52
39,2,25,0,30,50,60,52
39,3,22,0,25,50,65,52
39,4,9,1,30,50,65,52
39,5,10,1,50,50,55,52
39,6,16,0,40,55,55,52
39,7,44,0,40,55,65,57
39,8,20,1,40,60,50,57
39,9,11,1,45,60,50,57
39,10,41,1,50,50,50,57
39,11,22,1,50,55,40,57
39,12,6,1,42,55,40,62
39,13,12,0,37,65,40,62
39,14,28,1,47,65,40,62
39,15,4,0,32,70,40,62
39,16,4,0,17,75,40,62
39,17,29,1,17,90,20,62
39,18,12,0,12,100,20,62
39,19,13,1,17,105,20,62
39,20,38,1,22,105,20,62
39,21,10,0,17,110,20,62
39,22,44,0,17,110,30,67
39,23,46,0,10,110,30,72
39,24,11,0,5,110,30,74
39,25,36,0,5,105,30,76
39,26,6,1,-3,105,30,81
39,27,2,0,-13,105,35,81
39,28,16,0,-23,110,35,81
39,29,14,1,-23,115,35,81
39,30,47,0,2,115,35,81
39,31,5,0,-3,115,40,81
39,32,10,1,17,115,30,81
39,33,29,0,7,115,35,81
39,34,28,1,17,115,35,81
39,35,45,0,17,115,35,86
39,36,45,0,17,115,35,91
39,37,12,1,22,115,35,91
39,38,1,0,32,115,20,91
39,39,10,0,27,120,20,91
39,40,38,0,22,125,20,91
39,41,26,1,32,125,15,91
39,42,18,0,7,125,15,101
39,43,26,0,2,125,15,106
39,44,43,1,2,125,20,91
39,45,5,1,7,125,10,91
39,46,14,1,7,130,10,91
39,47,15,1,7,135,10,91
39,48,15,1,7,140,10,91
39,49,9,0,2,140,10,96
39,50,11,0,-3,140,10,98
39,51,15,0,17,135,10,98
39,52,16,1,17,135,0,98
39,53,41,0,7,145,0,98
39,54,12,0,2,155,0,98
39,55,41,1,7,145,0,98
39,56,13,1,12,150,0,98
39,57,23,1,22,150,-5,98
39,58,24,1,27,150,-5,98
39,59,2,0,17,150,0,98
39,60,23,0,12,140,0,103
39,61,1,0,22,140,-15,103
39,62,24,1,27,140,-15,103
39,63,4,1,37,140,-15,98
39,64,36,1,37,145,-15,93
39,65,2,0,27,145,-10,93
39,66,23,1,37,145,-15,93
39,67,16,1,37,145,-25,93
39,68,42,1,37,150,-25,93
39,69,13,1,42,155,-25,93
39,70,23,0,37,145,-25,98
39,71,6,0,47,145,-30,98
39,72,14,1,47,150,-30,98
39,73,37,1,57,150,-30,98
39,74,22,0,52,150,-25,98
39,75,3,1,45,150,-25,103
39,76,9,1,50,150,-25,103
39,77,23,1,60,150,-30,103
39,78,44,1,65,150,-30,103
39,79,26,0,60,150,-30,108
39,80,2,0,50,150,-25,108
39,81,11,0,45,150,-25,110
39,82,13,1,50,155,-25,110
39,83,9,0,45,155,-25,115
39,84,47,1,45,155,-25,130
39,85,26,0,40,155,-25,135
39,86,21,1,40,160,-40,135
39,87,12,1,45,160,-40,135
39,88,36,0,45,155,-40,137
39,89,2,0,35,155,-35,137
39,90,11,1,40,155,-35,137
39,91,3,0,55,155,-40,137
39,92,14,1,55,160,-40,137
39,93,4,0,40,165,-40,137
39,94,24,1,45,165,-40,137
39,95,2,0,35,165,-35,137
39,96,29,1,35,180,-55,137
39,97,15,0,55,175,-55,137
39,98,45,0,55,175,-55,142
39,99,42,1,55,180,-55,142
40,0,14,0,50,50,50,55
40,1,15,0,70,45,50,55
40,2,13,0,70,45,50,60
40,3,45,1,70,50,50,60
40,4,39,1,75,50,50,55
40,5,22,1,75,55,40,55
40,6,7,0,60,60,40,55
40,7,3,1,53,60,40,60
40,8,8,0,53,65,30,60
40,9,26,1,63,65,25,60
40,10,26,1,73,65,20,60
40,11,1,1,65,65,25,60
40,12,3,1,58,65,25,65
40,13,2,0,48,65,30,65
40,14,3,0,63,65,25,65
40,15,48,0,53,65,25,70
40,16,15,1,53,70,25,70
40,17,27,1,53,75,20,70
40,18,23,0,48,65,20,75
40,19,12,1,53,65,20,75
40,20,12,0,48,75,20,75
40,21,43,0,68,75,10,75
40,22,47,0,93,75,10,75
40,23,2,1,98,75,0,75
40,24,24,1,103,75,0,75
40,25,11,1,108,75,0,75
40,26,22,0,103,75,5,75
40,27,14,0,103,75,5,80
40,28,13,0,103,75,5,85
40,29,25,1,103,80,-5,85
40,30,9,0,98,80,-5,90
40,31,44,0,98,80,5,95
40,32,27,1,98,85,0,95
40,33,48,1,98,90,0,85
40,34,26,1,108,90,-5,85
40,35,11,0,103,90,-5,87
40,36,45,1,103,95,-5,87
40,37,13,1,108,100,-5,87
40,38,2,0,98,100,0,87
40,39,18,0,73,100,0,97
40,40,26,1,83,100,-5,97
40,41,22,1,83,105,-15,97
40,42,42,0,75,105,-15,107
40,43,9,0,70,105,-15,112
40,44,21,1,70,110,-30,112
40,45,24,1,75,110,-30,112
40,46,1,0,85,110,-45,112
40,47,38,0,80,115,-45,112
40,48,20,0,75,115,-30,112
40,49,5,1,80,115,-40,112
40,50,47,1,80,115,-40,127
40,51,22,0,75,115,-35,127
40,52,1,0,85,115,-50,127
40,53,41,0,75,125,-50,127
40,54,23,1,85,125,-55,127
40,55,20,0,80,125,-40,127
40,56,21,0,75,125,-25,127
40,57,8,0,75,130,-35,127
40,58,4,1,85,130,-35,122
40,59,1,0,95,130,-50,122
40,60,25,1,95,135,-60,122
40,61,42,0,87,135,-60,132
40,62,15,1,87,140,-60,132
40,63,2,0,77,140,-55,132
40,64,14,0,77,140,-55,137
40,65,23,1,87,140,-60,137
40,66,42,1,87,145,-60,137
40,67,37,0,75,155,-60,137
40,68,43,0,95,155,-70,137
40,69,27,0,105,140,-70,137
40,70,12,0,100,150,-70,137
40,71,9,1,105,150,-70,137
40,72,18,0,80,150,-70,147
40,73,44,0,80,150,-60,152
40,74,12,0,75,160,-60,152
40,75,44,1,80,160,-60,152
40,76,8,0,80,165,-70,152
40,77,25,1,80,170,-80,152
40,78,29,0,70,170,-75,152
40,79,1,1,62,170,-70,152
40,80,45,0,62,170,-70,157
40,81,15,1,62,175,-70,157
40,82,2,0,52,175,-65,157
40,83,4,0,37,180,-65,157
40,84,1,1,29,180,-60,157
40,85,37,1,39,180,-60,157
40,86,23,0,34,170,-60,162
40,87,11,1,39,170,-60,162
40,88,25,1,39,175,-70,162
40,89,29,0,29,175,-65,162
40,90,16,0,19,180,-65,162
40,91,13,1,24,185,-65,162
40,92,2,1,29,185,-75,162
40,93,13,1,34,190,-75,162
40,94,48,0,24,190,-75,167
40,95,42,1,24,195,-75,167
40,96,14,0,24,195,-75,172
40,97,22,1,24,200,-85,172
40,98,5,0,19,200,-80,172
40,99,45,0,19,200,-80,177
41,0,23,0,45,40,50,55
41,1,25,0,45,35,60,55
41,2,15,0,65,30,60,55
41,3,12,0,60,40,60,55
41,4,20,0,55,40,75,55
41,5,14,0,55,40,75,60
41,6,36,0,55,35,75,62
41,7,45,0,55,35,75,67
41,8,36,0,55,30,75,69
41,9,1,0,65,30,60,69
41,10,15,0,85,25,60,69
41,11,14,1,85,30,60,69
41,12,38,1,90,30,60,69
41,13,5,0,85,30,65,69
41,14,3,0,100,30,60,69
41,15,43,0,120,30,50,69
41,16,25,1,120,35,40,69
41,17,26,0,115,35,40,74
41,18,26,0,110,35,40,79
41,19,30,0,110,35,30,89
41,20,7,1,115,35,30,84
41,21,18,1,125,35,30,84
41,22,1,0,135,35,15,84
41,23,46,0,128,35,15,89
41,24,28,1,138,35,15,89
41,25,12,1,143,35,15,89
41,26,5,0,138,35,20,89
41,27,8,0,138,40,10,89
41,28,2,0,128,40,15,89
41,29,3,0,143,40,10,89
41,30,11,0,138,40,10,91
41,31,41,0,128,50,10,91
41,32,28,0,118,50,20,91
41,33,10,0,113,55,20,91
41,34,12,1,118,55,20,91
41,35,25,0,118,50,30,91
41,36,9,1,123,50,30,91
41,37,43,1,123,50,35,76
41,38,17,1,108,50,45,76
41,39,3,0,123,50,40,76
41,40,8,1,113,50,40,81
41,41,38,1,118,50,40,81
41,42,18,0,93,50,40,91
41,43,25,0,93,45,50,91
41,44,9,0,88,45,50,96
41,45,11,0,83,45,50,98
41,46,5,1,88,45,40,98
41,47,36,0,88,40,40,100
41,48,12,1,93,40,40,100
41,49,14,1,93,45,40,100
41,50,43,0,113,45,30,100
41,51,39,0,106,50,30,100
41,52,2,0,96,50,35,100
41,53,24,0,91,50,40,100
41,54,44,1,96,50,40,100
41,55,23,1,106,50,35,100
41,56,27,1,106,55,30,100
41,57,12,0,101,65,30,100
41,58,4,0,86,70,30,100
41,59,11,0,81,70,30,102
41,60,4,1,91,70,30,97
41,61,36,1,91,75,30,92
41,62,23,0,86,65,30,97
41,63,44,1,91,65,30,97
41,64,11,1,96,65,30,97
41,65,6,0,106,65,25,97
41,66,4,0,91,70,25,97
41,67,41,0,81,80,25,97
41,68,11,0,76,80,25,99
41,69,5,0,71,80,30,99
41,70,20,1,71,85,15,99
41,71,41,1,76,75,15,99
41,72,20,1,76,80,0,99
41,73,39,0,69,85,0,99
41,74,21,1,69,90,-15,99
41,75,23,1,79,90,-20,99
41,76,25,1,79,95,-30,99
41,77,11,0,74,95,-30,101
41,78,39,0,67,100,-30,101
41,79,26,0,62,100,-30,106
41,80,16,1,62,100,-40,106
41,81,15,0,82,95,-40,106
41,82,14,0,82,95,-40,111
41,83,44,1,87,95,-40,111
41,84,17,0,67,105,-40,111
41,85,9,0,62,105,-40,116
41,86,27,1,62,110,-45,116
41,87,2,0,52,110,-40,116
41,88,8,0,52,115,-50,116
41,89,41,1,57,105,-50,116
41,90,29,1,57,120,-70,116
41,91,14,0,57,120,-70,121
41,92,7,0,42,125,-70,121
41,93,42,0,34,125,-70,131
41,94,42,0,26,125,-70,141
41,95,15,1,26,130,-70,141
41,96,16,0,16,135,-70,141
41,97,21,0,11,135,-55,141
41,98,12,1,16,135,-55,141
41,99,14,0,16,135,-55,146
42,0,24,0,45,50,55,50
42,1,11,0,40,50,55,52
42,2,23,0,35,40,55,57
42,3,8,0,35,45,45,57
42,4,44,1,40,45,45,57
42,5,47,1,40,45,45,72
42,6,23,1,50,45,40,72
42,7,7,0,35,50,40,72
42,8,17,1,20,50,50,72
42,9,1,0,30,50,35,72
42,10,1,1,22,50,40,72
42,11,13,0,22,50,40,77
42,12,6,0,32,50,35,77
42,13,2,1,37,50,25,77
42,14,23,0,32,40,25,82
42,15,42,1,32,45,25,82
42,16,36,1,32,50,25,77
42,17,1,0,42,50,10,77
42,18,36,0,42,45,10,79
42,19,3,0,57,45,5,79
42,20,12,0,52,55,5,79
42,21,28,1,62,55,5,79
42,22,6,0,72,55,0,79
42,23,19,0,52,55,10,89
42,24,1,1,44,55,15,89
42,25,18,0,19,55,15,99
42,26,46,0,12,55,15,104
42,27,13,1,17,60,15,104
42,28,15,0,37,55,15,104
42,29,13,1,42,60,15,104
42,30,12,1,47,60,15,104
42,31,16,1,47,60,5,104
42,32,3,0,62,60,0,104
42,33,48,1,62,65,0,94
42,34,43,0,82,65,-10,94
42,35,16,1,82,65,-20,94
42,36,30,1,82,65,-10,94
42,37,15,1,82,70,-10,94
42,38,27,1,82,75,-15,94
42,39,8,0,82,80,-25,94
42,40,41,0,72,90,-25,94
42,41,4,1,82,90,-25,89
42,42,4,1,92,90,-25,84
42,43,5,0,87,90,-20,84
42,44,36,0,87,85,-20,86
42,45,3,0,102,85,-25,86
42,46,38,1,107,85,-25,86
42,47,3,1,100,85,-25,91
42,48,25,0,100,80,-15,91
42,49,14,1,100,85,-15,91
42,50,2,1,105,85,-25,91
42,51,8,0,105,90,-35,91
42,52,40,0,105,100,-45,91
42,53,48,1,105,105,-45,81
42,54,39,0,98,110,-45,81
42,55,8,0,98,115,-55,81
42,56,4,1,108,115,-55,76
42,57,9,0,103,115,-55,81
42,58,42,0,95,115,-55,91
42,59,4,1,105,115,-55,86
42,60,46,1,110,115,-55,81
42,61,24,0,105,115,-50,81
42,62,1,1,97,115,-45,81
42,63,15,0,117,110,-45,81
42,64,39,1,122,110,-45,76
42,65,12,0,117,120,-45,76
42,66,8,1,107,120,-45,81
42,67,2,1,112,120,-55,81
42,68,12,0,107,130,-55,81
42,69,41,1,112,120,-55,81
42,70,45,0,112,120,-55,86
42,71,23,1,122,120,-60,86
42,72,2,1,127,120,-70,86
42,73,4,1,137,120,-70,81
42,74,11,0,132,120,-70,83
42,75,5,0,127,120,-65,83
42,76,42,0,119,120,-65,93
42,77,43,0,139,120,-75,93
42,78,6,0,149,120,-80,93
42,79,5,1,154,120,-90,93
42,80,7,1,159,120,-90,88
42,81,41,0,149,130,-90,88
42,82,23,0,144,120,-90,93
42,83,11,1,149,120,-90,93
42,84,14,1,149,125,-90,93
42,85,2,1,154,125,-100,93
42,86,36,1,154,130,-100,88
42,87,27,1,154,135,-105,88
42,88,16,0,144,140,-105,88
42,89,48,0,134,140,-105,93
42,90,41,1,139,130,-105,93
42,91,3,0,154,130,-110,93
42,92,14,0,154,130,-110,98
42,93,23,0,149,120,-110,103
42,94,11,1,154,120,-110,103
42,95,20,0,149,120,-95,103
42,96,7,1,154,120,-95,98
42,97,8,0,154,125,-105,98
42,98,23,1,164,125,-110,98
42,99,4,0,149,130,-110,98
43,0,1,1,42,50,55,50
43,1,29,1,42,65,35,50
43,2,8,0,42,70,25,50
43,3,47,1,42,70,25,65
43,4,45,0,42,70,25,70
43,5,10,0,37,75,25,70
43,6,37,0,25,85,25,70
43,7,22,1,25,90,15,70
43,8,41,0,15,100,15,70
43,9,16,1,15,100,5,70
43,10,29,0,5,100,10,70
43,11,21,0,0,100,25,70
43,12,44,0,0,100,35,75
43,13,44,1,5,100,35,75
43,14,45,1,5,105,35,75
43,15,18,1,15,105,35,75
43,16,46,1,20,105,35,70
43,17,4,1,30,105,35,65
43,18,17,1,15,105,45,65
43,19,11,0,10,105,45,67
43,20,38,1,15,105,45,67
43,21,36,0,15,100,45,69
43,22,25,0,15,95,55,69
43,23,28,1,25,95,55,69
43,24,40,1,25,85,65,69
43,25,1,0,35,85,50,69
43,26,38,0,30,90,50,69
43,27,15,1,30,95,50,69
43,28,1,0,40,95,35,69
43,29,15,1,40,100,35,69
43,30,3,0,55,100,30,69
43,31,6,1,47,100,30,74
43,32,18,1,57,100,30,74
43,33,3,0,72,100,25,74
43,34,13,0,72,100,25,79
43,35,22,0,67,100,30,79
43,36,26,0,62,100,30,84
43,37,8,0,62,105,20,84
43,38,24,1,67,105,20,84
43,39,44,0,67,105,30,89
43,40,48,0,57,105,30,94
43,41,4,1,67,105,30,89
43,42,42,0,59,105,30,99
43,43,24,1,64,105,30,99
43,44,18,0,39,105,30,109
43,45,22,1,39,110,20,109
43,46,40,0,39,120,10,109
43,47,11,0,34,120,10,111
43,48,20,1,34,125,-5,111
43,49,15,1,34,130,-5,111
43,50,21,1,34,135,-20,111
43,51,30,0,34,135,-30,121
43,52,18,0,9,135,-30,131
43,53,20,1,9,140,-45,131
43,54,3,1,2,140,-45,136
43,55,11,1,7,140,-45,136
43,56,5,0,2,140,-40,136
43,57,42,1,2,145,-40,136
43,58,42,1,2,150,-40,136
43,59,5,1,7,150,-50,136
43,60,9,0,2,150,-50,141
43,61,22,0,-3,150,-45,141
43,62,47,1,-3,150,-45,156
43,63,11,0,-8,150,-45,158
43,64,1,1,-16,150,-40,158
43,65,45,1,-16,155,-40,158
43,66,6,1,-24,155,-40,163
43,67,41,0,-34,165,-40,163
43,68,14,1,-34,170,-40,163
43,69,26,0,-39,170,-40,168
43,70,14,0,-39,170,-40,173
43,71,42,0,-47,170,-40,183
43,72,15,0,-27,165,-40,183
43,73,18,1,-17,165,-40,183
43,74,15,1,-17,170,-40,183
43,75,41,1,-12,160,-40,183
43,76,12,1,-7,160,-40,183
43,77,30,0,-7,160,-50,193
43,78,23,0,-12,150,-50,198
43,79,6,1,-20,150,-50,203
43,80,13,1,-15,155,-50,203
43,81,37,0,-27,165,-50,203
43,82,22,1,-27,170,-60,203
43,83,4,1,-17,170,-60,198
43,84,13,1,-12,175,-60,198
43,85,20,0,-17,175,-45,198
43,86,27,1,-17,180,-50,198
43,87,25,1,-17,185,-60,198
43,88,14,0,-17,185,-60,203
43,89,7,0,-32,190,-60,203
43,90,15,0,-12,185,-60,203
43,91,39,0,-19,190,-60,203
43,92,43,0,1,190,-70,203
43,93,36,1,1,195,-70,198
43,94,42,1,1,200,-70,198
43,95,22,1,1,205,-80,198
43,96,45,1,1,210,-80,198
43,97,4,0,-14,215,-80,198
43,98,45,0,-14,215,-80,203
43,99,12,1,-9,215,-80,203
44,0,23,1,60,50,45,50
44,1,23,1,70,50,40,50
44,2,45,0,70,50,40,55
44,3,5,0,65,50,45,55
44,4,14,1,65,55,45,55
44,5,27,1,65,60,40,55
44,6,26,0,60,60,40,60
44,7,41,1,65,50,40,60
44,8,3,1,58,50,40,65
44,9,15,1,58,55,40,65
44,10,13,1,63,60,40,65
44,11,3,0,78,60,35,65
44,12,38,0,73,65,35,65
44,13,38,1,78,65,35,65
44,14,36,1,78,70,35,60
44,15,1,0,88,70,20,60
44,16,5,1,93,70,10,60
44,17,47,1,93,70,10,75
44,18,43,0,113,70,0,75
44,19,9,1,118,70,0,75
44,20,39,1,123,70,0,70
44,21,2,0,113,70,5,70
44,22,39,0,106,75,5,70
44,23,9,1,111,75,5,70
44,24,11,1,116,75,5,70
44,25,8,0,116,80,-5,70
44,26,9,0,111,80,-5,75
44,27,6,1,103,80,-5,80
44,28,48,1,103,85,-5,70
44,29,26,1,113,85,-10,70
44,30,9,1,118,85,-10,70
44,31,18,0,93,85,-10,80
44,32,23,1,103,85,-15,80
44,33,13,0,103,85,-15,85
44,34,24,0,98,85,-10,85
44,35,14,0,98,85,-10,90
44,36,15,1,98,90,-10,90
44,37,8,1,88,90,-10,95
44,38,25,0,88,85,0,95
44,39,10,1,108,85,-10,95
44,40,20,1,108,90,-25,95
44,41,3,1,101,90,-25,100
44,42,37,0,89,100,-25,100
44,43,44,1,94,100,-25,100
44,44,1,1,86,100,-20,100
44,45,2,1,91,100,-30,100
44,46,10,0,86,105,-30,100
44,47,1,1,78,105,-25,100
44,48,4,0,63,110,-25,100
44,49,10,1,83,110,-35,100
44,50,1,0,93,110,-50,100
44,51,4,1,103,110,-50,95
44,52,10,0,98,115,-50,95
44,53,39,0,91,120,-50,95
44,54,23,0,86,110,-50,100
44,55,21,0,81,110,-35,100
44,56,47,0,106,110,-35,100
44,57,20,1,106,115,-50,100
44,58,14,1,106,120,-50,100
44,59,29,1,106,135,-70,100
44,60,21,1,106,140,-85,100
44,61,27,0,116,125,-85,100
44,62,39,1,121,125,-85,95
44,63,15,0,141,120,-85,95
44,64,16,0,131,125,-85,95
44,65,16,1,131,125,-95,95
44,66,28,0,121,125,-85,95
44,67,27,1,121,130,-90,95
44,68,15,0,141,125,-90,95
44,69,28,1,151,125,-90,95
44,70,38,0,146,130,-90,95
44,71,41,0,136,140,-90,95
44,72,14,0,136,140,-90,100
44,73,10,1,156,140,-100,100
44,74,39,0,149,145,-100,100
44,75,20,1,149,150,-115,100
44,76,37,1,159,150,-115,100
44,77,26,1,169,150,-120,100
44,78,14,0,169,150,-120,105
44,79,17,1,154,150,-110,105
44,80,13,1,159,155,-110,105
44,81,44,1,164,155,-110,105
44,82,43,1,164,155,-105,90
44,83,42,0,156,155,-105,100
44,84,28,0,146,155,-95,100
44,85,10,1,166,155,-105,100
44,86,22,1,166,160,-115,100
44,87,25,0,166,155,-105,100
44,88,39,0,159,160,-105,100
44,89,7,0,144,165,-105,100
44,90,37,0,132,175,-105,100
44,91,11,0,127,175,-105,102
44,92,3,0,142,175,-110,102
44,93,3,1,135,175,-110,107
44,94,36,0,135,170,-110,109
44,95,19,1,150,170,-110,109
44,96,37,0,138,180,-110,109
44,97,16,0,128,185,-110,109
44,98,23,0,123,175,-110,114
44,99,5,1,128,175,-120,114
45,0,14,0,50,50,50,55
45,1,30,1,50,50,60,55
45,2,4,1,60,50,60,50
45,3,13,1,65,55,60,50
45,4,8,1,55,55,60,55
45,5,6,1,47,55,60,60
45,6,23,1,57,55,55,60
45,7,26,0,52,55,55,65
45,8,9,1,57,55,55,65
45,9,13,0,57,55,55,70
45,10,3,1,50,55,55,75
45,11,13,1,55,60,55,75
45,12,3,0,70,60,50,75
45,13,1,0,80,60,35,75
45,14,23,1,90,60,30,75
45,15,15,0,110,55,30,75
45,16,13,1,115,60,30,75
45,17,39,0,108,65,30,75
45,18,22,0,103,65,35,75
45,19,45,0,103,65,35,80
45,20,13,0,103,65,35,85
45,21,44,1,108,65,35,85
45,22,6,1,100,65,35,90
45,23,16,1,100,65,25,90
45,24,10,1,120,65,15,90
45,25,40,1,120,55,25,90
45,26,1,0,130,55,10,90
45,27,19,1,145,55,10,90
45,28,10,1,165,55,0,90
45,29,26,0,160,55,0,95
45,30,15,0,180,50,0,95
45,31,46,0,173,50,0,100
45,32,46,0,166,50,0,105
45,33,11,0,161,50,0,107
45,34,3,0,176,50,-5,107
45,35,42,0,168,50,-5,117
45,36,22,0,163,50,0,117
45,37,43,1,163,50,5,102
45,38,28,1,173,50,5,102
45,39,9,1,178,50,5,102
45,40,43,1,178,50,10,87
45,41,10,0,173,55,10,87
45,42,16,0,163,60,10,87
45,43,4,1,173,60,10,82
45,44,11,0,168,60,10,84
45,45,3,1,161,60,10,89
45,46,37,0,149,70,10,89
45,47,5,1,154,70,0,89
45,48,10,0,149,75,0,89
45,49,3,0,164,75,-5,89
45,50,13,0,164,75,-5,94
45,51,15,1,164,80,-5,94
45,52,13,1,169,85,-5,94
45,53,11,0,164,85,-5,96
45,54,4,0,149,90,-5,96
45,55,16,1,149,90,-15,96
45,56,7,1,154,90,-15,91
45,57,14,1,154,95,-15,91
45,58,5,1,159,95,-25,91
45,59,18,0,134,95,-25,101
45,60,16,0,124,100,-25,101
45,61,9,1,129,100,-25,101
45,62,23,1,139,100,-30,101
45,63,9,1,144,100,-30,101
45,64,25,0,144,95,-20,101
45,65,17,0,124,105,-20,101
45,66,41,1,129,95,-20,101
45,67,12,0,124,105,-20,101
45,68,14,1,124,110,-20,101
45,69,9,1,129,110,-20,101
45,70,3,1,122,110,-20,106
45,71,39,0,115,115,-20,106
45,72,15,1,115,120,-20,106
45,73,37,1,125,120,-20,106
45,74,1,0,135,120,-35,106
45,75,14,1,135,125,-35,106
45,76,36,0,135,120,-35,108
45,77,39,0,128,125,-35,108
45,78,5,1,133,125,-45,108
45,79,14,0,133,125,-45,113
45,80,12,0,128,135,-45,113
45,81,27,1,128,140,-50,113
45,82,25,0,128,135,-40,113
45,83,11,1,133,135,-40,113
45,84,25,1,133,140,-50,113
45,85,42,1,133,145,-50,113
45,86,2,1,138,145,-60,113
45,87,46,0,131,145,-60,118
45,88,28,1,141,145,-60,118
45,89,16,0,131,150,-60,118
45,90,2,0,121,150,-55,118
45,91,1,1,113,150,-50,118
45,92,22,0,108,150,-45,118
45,93,15,1,108,155,-45,118
45,94,27,0,118,140,-45,118
45,95,23,1,128,140,-50,118
45,96,17,0,108,150,-50,118
45,97,15,1,108,155,-50,118
45,98,37,1,118,155,-50,118
45,99,38,0,113,160,-50,118
46,0,26,1,60,50,45,50
46,1,26,0,55,50,45,55
46,2,48,0,45,50,45,60
46,3,37,1,55,50,45,60
46,4,13,0,55,50,45,65
46,5,28,1,65,50,45,65
46,6,16,0,55,55,45,65
46,7,25,0,55,50,55,65
46,8,4,0,40,55,55,65
46,9,4,0,25,60,55,65
46,10,3,0,40,60,50,65
46,11,46,1,45,60,50,60
46,12,5,1,50,60,40,60
46,13,26,1,60,60,35,60
46,14,14,0,60,60,35,65
46,15,27,0,70,45,35,65
46,16,25,0,70,40,45,65
46,17,38,0,65,45,45,65
46,18,12,0,60,55,45,65
46,19,2,0,50,55,50,65
46,20,38,0,45,60,50,65
46,21,5,1,50,60,40,65
46,22,22,0,45,60,45,65
46,23,25,1,45,65,35,65
46,24,7,1,50,65,35,60
46,25,2,1,55,65,25,60
46,26,39,0,48,70,25,60
46,27,44,0,48,70,35,65
46,28,20,1,48,75,20,65
46,29,41,1,53,65,20,65
46,30,2,1,58,65,10,65
46,31,46,1,63,65,10,60
46,32,40,1,63,55,20,60
46,33,1,0,73,55,5,60
46,34,36,1,73,60,5,55
46,35,16,0,63,65,5,55
46,36,11,0,58,65,5,57
46,37,16,0,48,70,5,57
46,38,47,0,73,70,5,57
46,39,46,0,66,70,5,62
46,40,40,1,66,60,15,62
46,41,10,1,86,60,5,62
46,42,25,0,86,55,15,62
46,43,39,0,79,60,15,62
46,44,14,1,79,65,15,62
46,45,2,1,84,65,5,62
46,46,15,0,104,60,5,62
46,47,42,1,104,65,5,62
46,48,37,0,92,75,5,62
46,49,1,0,102,75,-10,62
46,50,11,1,107,75,-10,62
46,51,44,0,107,75,0,67
46,52,4,0,92,80,0,67
46,53,38,1,97,80,0,67
46,54,22,1,97,85,-10,67
46,55,13,1,102,90,-10,67
46,56,9,1,107,90,-10,67
46,57,11,1,112,90,-10,67
46,58,24,0,107,90,-5,67
46,59,47,1,107,90,-5,82
46,60,46,0,100,90,-5,87
46,61,12,1,105,90,-5,87
46,62,42,0,97,90,-5,97
46,63,41,1,102,80,-5,97
46,64,5,0,97,80,0,97
46,65,15,0,117,75,0,97
46,66,9,0,112,75,0,102
46,67,26,0,107,75,0,107
46,68,8,0,107,80,-10,107
46,69,5,0,102,80,-5,107
46,70,10,1,122,80,-15,107
46,71,38,1,127,80,-15,107
46,72,16,1,127,80,-25,107
46,73,9,0,122,80,-25,112
46,74,43,1,122,80,-20,97
46,75,25,1,122,85,-30,97
46,76,36,1,122,90,-30,92
46,77,41,1,127,80,-30,92
46,78,4,1,137,80,-30,87
46,79,28,1,147,80,-30,87
46,80,13,1,152,85,-30,87
46,81,9,1,157,85,-30,87
46,82,12,1,162,85,-30,87
46,83,41,0,152,95,-30,87
46,84,26,0,147,95,-30,92
46,85,48,1,147,100,-30,82
46,86,10,0,142,105,-30,82
46,87,40,0,142,115,-40,82
46,88,25,1,142,120,-50,82
46,89,1,1,134,120,-45,82
46,90,22,1,134,125,-55,82
46,91,8,1,124,125,-55,87
46,92,13,1,129,130,-55,87
46,93,38,1,134,130,-55,87
46,94,48,1,134,135,-55,77
46,95,12,0,129,145,-55,77
46,96,7,0,114,150,-55,77
46,97,28,1,124,150,-55,77
46,98,42,1,124,155,-55,77
46,99,38,0,119,160,-55,77
47,0,6,1,42,50,50,55
47,1,4,0,27,55,50,55
47,2,41,0,17,65,50,55
47,3,38,0,12,70,50,55
47,4,21,0,7,70,65,55
47,5,14,1,7,75,65,55
47,6,4,1,17,75,65,50
47,7,4,1,27,75,65,45
47,8,23,0,22,65,65,50
47,9,6,0,32,65,60,50
47,10,5,0,27,65,65,50
47,11,6,1,19,65,65,55
47,12,6,0,29,65,60,55
47,13,5,0,24,65,65,55
47,14,3,0,39,65,60,55
47,15,9,0,34,65,60,60
47,16,14,1,34,70,60,60
47,17,5,1,39,70,50,60
47,18,27,0,49,55,50,60
47,19,20,0,44,55,65,60
47,20,25,1,44,60,55,60
47,21,20,0,39,60,70,60
47,22,24,1,44,60,70,60
47,23,13,1,49,65,70,60
47,24,28,0,39,65,80,60
47,25,21,1,39,70,65,60
47,26,47,1,39,70,65,75
47,27,47,0,64,70,65,75
47,28,48,1,64,75,65,65
47,29,12,1,69,75,65,65
47,30,1,1,61,75,70,65
47,31,10,0,56,80,70,65
47,32,16,1,56,80,60,65
47,33,20,0,51,80,75,65
47,34,11,1,56,80,75,65
47,35,16,0,46,85,75,65
47,36,4,0,31,90,75,65
47,37,15,1,31,95,75,65
47,38,46,0,24,95,75,70
47,39,4,1,34,95,75,65
47,40,2,0,24,95,80,65
47,41,23,0,19,85,80,70
47,42,13,0,19,85,80,75
47,43,26,1,29,85,75,75
47,44,13,1,34,90,75,75
47,45,6,1,26,90,75,80
47,46,11,0,21,90,75,82
47,47,12,0,16,100,75,82
47,48,3,1,9,100,75,87
47,49,23,1,19,100,70,87
47,50,8,0,19,105,60,87
47,51,22,1,19,110,50,87
47,52,4,1,29,110,50,82
47,53,45,0,29,110,50,87
47,54,42,1,29,115,50,87
47,55,14,0,29,115,50,92
47,56,42,0,21,115,50,102
47,57,19,0,1,115,60,112
47,58,3,1,-6,115,60,117
47,59,12,0,-11,125,60,117
47,60,20,1,-11,130,45,117
47,61,2,1,-6,130,35,117
47,62,16,1,-6,130,25,117
47,63,9,1,-1,130,25,117
47,64,38,0,-6,135,25,117
47,65,3,0,9,135,20,117
47,66,19,0,-11,135,30,127
47,67,28,0,-21,135,40,127
47,68,2,0,-31,135,45,127
47,69,17,0,-51,145,45,127
47,70,23,0,-56,135,45,132
47,71,42,1,-56,140,45,132
47,72,43,1,-56,140,50,117
47,73,42,1,-56,145,50,117
47,74,1,0,-46,145,35,117
47,75,16,0,-56,150,35,117
47,76,25,1,-56,155,25,117
47,77,11,1,-51,155,25,117
47,78,8,1,-61,155,25,122
47,79,21,0,-66,155,40,122
47,80,46,0,-73,155,40,127
47,81,6,0,-63,155,35,127
47,82,21,0,-68,155,50,127
47,83,25,1,-68,160,40,127
47,84,3,1,-75,160,40,132
47,85,39,0,-82,165,40,132
47,86,13,0,-82,165,40,137
47,87,2,0,-92,165,45,137
47,88,6,0,-82,165,40,137
47,89,2,1,-77,165,30,137
47,90,19,0,-97,165,40,147
47,91,13,0,-97,165,40,152
47,92,24,1,-92,165,40,152
47,93,3,0,-77,165,35,152
47,94,24,1,-72,165,35,152
47,95,23,0,-77,155,35,157
47,96,4,0,-92,160,35,157
47,97,11,0,-97,160,35,159
47,98,7,1,-92,160,35,154
47,99,37,1,-82,160,35,154
48,0,23,1,60,50,45,50
48,1,41,1,65,40,45,50
48,2,38,1,70,40,45,50
48,3,13,1,75,45,45,50
48,4,25,0,75,40,55,50
48,5,30,1,75,40,65,50
48,6,37,1,85,40,65,50
48,7,14,0,85,40,65,55
48,8,47,0,110,40,65,55
48,9,42,1,110,45,65,55
48,10,47,1,110,45,65,70
48,11,25,1,110,50,55,70
48,12,36,0,110,45,55,72
48,13,48,1,110,50,55,62
48,14,10,1,130,50,45,62
48,15,41,0,120,60,45,62
48,16,24,0,115,60,50,62
48,17,14,0,115,60,50,67
48,18,20,0,110,60,65,67
48,19,9,1,115,60,65,67
48,20,28,1,125,60,65,67
48,21,26,0,120,60,65,72
48,22,12,1,125,60,65,72
48,23,24,0,120,60,70,72
48,24,20,1,120,65,55,72
48,25,45,1,120,70,55,72
48,26,48,0,110,70,55,77
48,27,9,0,105,70,55,82
48,28,28,1,115,70,55,82
48,29,14,1,115,75,55,82
48,30,4,0,100,80,55,82
48,31,5,0,95,80,60,82
48,32,46,1,100,80,60,77
48,33,13,0,100,80,60,82
48,34,38,0,95,85,60,82
48,35,7,1,100,85,60,77
48,36,4,1,110,85,60,72
48,37,4,0,95,90,60,72
48,38,14,0,95,90,60,77
48,39,8,0,95,95,50,77
48,40,26,0,90,95,50,82
48,41,3,1,83,95,50,87
48,42,10,0,78,100,50,87
48,43,2,0,68,100,55,87
48,44,23,0,63,90,55,92
48,45,9,0,58,90,55,97
48,46,14,1,58,95,55,97
48,47,6,0,68,95,50,97
48,48,16,1,68,95,40,97
48,49,16,0,58,100,40,97
48,50,8,1,48,100,40,102
48,51,44,1,53,100,40,102
48,52,39,1,58,100,40,97
48,53,39,1,63,100,40,92
48,54,13,0,63,100,40,97
48,55,43,0,83,100,30,97
48,56,38,1,88,100,30,97
48,57,43,0,108,100,20,97
48,58,26,1,118,100,15,97
48,59,16,0,108,105,15,97
48,60,14,1,108,110,15,97
48,61,24,1,113,110,15,97
48,62,10,1,133,110,5,97
48,63,11,1,138,110,5,97
48,64,2,1,143,110,-5,97
48,65,41,1,148,100,-5,97
48,66,26,1,158,100,-10,97
48,67,23,1,168,100,-15,97
48,68,17,1,153,100,-5,97
48,69,11,1,158,100,-5,97
48,70,20,0,153,100,10,97
48,71,10,1,173,100,0,97
48,72,13,1,178,105,0,97
48,73,15,1,178,110,0,97
48,74,15,0,198,105,0,97
48,75,16,0,188,110,0,97
48,76,11,1,193,110,0,97
48,77,3,0,208,110,-5,97
48,78,6,0,218,110,-10,97
48,79,15,0,238,105,-10,97
48,80,17,1,223,105,0,97
48,81,13,0,223,105,0,102
48,82,13,1,228,110,0,102
48,83,22,1,228,115,-10,102
48,84,5,0,223,115,-5,102
48,85,19,1,238,115,-5,102
48,86,2,0,228,115,0,102
48,87,44,0,228,115,10,107
48,88,47,0,253,115,10,107
48,89,11,0,248,115,10,109
48,90,10,0,243,120,10,109
48,91,13,0,243,120,10,114
48,92,27,1,243,125,5,114
48,93,15,0,263,120,5,114
48,94,23,1,273,120,0,114
48,95,25,0,273,115,10,114
48,96,48,1,273,120,10,104
48,97,16,0,263,125,10,104
48,98,21,0,258,125,25,104
48,99,5,0,253,125,30,104
49,0,43,1,50,50,55,35
49,1,11,0,45,50,55,37
49,2,25,1,45,55,45,37
49,3,38,1,50,55,45,37
49,4,3,1,43,55,45,42
49,5,13,0,43,55,45,47
49,6,7,0,28,60,45,47
49,7,23,1,38,60,40,47
49,8,20,1,38,65,25,47
49,9,43,0,58,65,15,47
49,10,12,1,63,65,15,47
49,11,5,0,58,65,20,47
49,12,41,1,63,55,20,47
49,13,37,0,51,65,20,47
49,14,27,1,51,70,15,47
49,15,13,0,51,70,15,52
49,16,13,0,51,70,15,57
49,17,42,0,43,70,15,67
49,18,21,1,43,75,0,67
49,19,11,1,48,75,0,67
49,20,4,0,33,80,0,67
49,21,20,1,33,85,-15,67
49,22,16,0,23,90,-15,67
49,23,41,1,28,80,-15,67
49,24,24,1,33,80,-15,67
49,25,46,0,26,80,-15,72
49,26,25,1,26,85,-25,72
49,27,23,1,36,85,-30,72
49,28,14,1,36,90,-30,72
49,29,1,0,46,90,-45,72
49,30,9,0,41,90,-45,77
49,31,9,0,36,90,-45,82
49,32,5,0,31,90,-40,82
49,33,19,1,46,90,-40,82
49,34,3,0,61,90,-45,82
49,35,39,1,66,90,-45,77
49,36,10,1,86,90,-55,77
49,37,23,1,96,90,-60,77
49,38,4,0,81,95,-60,77
49,39,16,0,71,100,-60,77
49,40,23,1,81,100,-65,77
49,41,36,1,81,105,-65,72
49,42,4,1,91,105,-65,67
49,43,20,1,91,110,-80,67
49,44,16,1,91,110,-90,67
49,45,38,0,86,115,-90,67
49,46,21,0,81,115,-75,67
49,47,30,0,81,115,-85,77
49,48,25,1,81,120,-95,77
49,49,3,1,74,120,-95,82
49,50,36,1,74,125,-95,77
49,51,27,1,74,130,-100,77
49,52,22,0,69,130,-95,77
49,53,45,0,69,130,-95,82
49,54,45,0,69,130,-95,87
49,55,4,0,54,135,-95,87
49,56,10,1,74,135,-105,87
49,57,46,1,79,135,-105,82
49,58,30,0,79,135,-115,92
49,59,10,1,99,135,-125,92
49,60,13,0,99,135,-125,97
49,61,3,0,114,135,-130,97
49,62,2,0,104,135,-125,97
49,63,22,0,99,135,-120,97
49,64,16,1,99,135,-130,97
49,65,29,0,89,135,-125,97
49,66,26,0,84,135,-125,102
49,67,9,0,79,135,-125,107
49,68,38,1,84,135,-125,107
49,69,10,1,104,135,-135,107
49,70,20,0,99,135,-120,107
49,71,23,1,109,135,-125,107
49,72,16,0,99,140,-125,107
49,73,2,0,89,140,-120,107
49,74,12,0,84,150,-120,107
49,75,21,0,79,150,-105,107
49,76,36,1,79,155,-105,102
49,77,19,0,59,155,-95,112
49,78,42,1,59,160,-95,112
49,79,16,0,49,165,-95,112
49,80,29,0,39,165,-90,112
49,81,13,0,39,165,-90,117
49,82,11,0,34,165,-90,119
49,83,20,1,34,170,-105,119
49,84,6,1,26,170,-105,124
49,85,3,1,19,170,-105,129
49,86,2,0,9,170,-100,129
49,87,20,1,9,175,-115,129
49,88,6,0,19,175,-120,129
49,89,2,1,24,175,-130,129
49,90,46,0,17,175,-130,134
49,91,36,0,17,170,-130,136
49,92,43,1,17,170,-125,121
49,93,5,0,12,170,-120,121
49,94,28,0,2,170,-110,121
49,95,46,1,7,170,-110,116
49,96,25,1,7,175,-120,116
49,97,3,0,22,175,-125,116
49,98,40,1,22,165,-115,116
49,99,15,1,22,170,-115,116
50,0,20,1,50,55,35,50
50,1,25,1,50,60,25,50
50,2,12,1,55,60,25,50
50,3,5,1,60,60,15,50
50,4,14,1,60,65,15,50
50,5,3,0,75,65,10,50
50,6,25,0,75,60,20,50
50,7,23,1,85,60,15,50
50,8,40,1,85,50,25,50
50,9,4,0,70,55,25,50
50,10,15,1,70,60,25,50
50,11,16,0,60,65,25,50
50,12,18,0,35,65,25,60
50,13,11,1,40,65,25,60
50,14,4,0,25,70,25,60
50,15,3,0,40,70,20,60
50,16,12,0,35,80,20,60
50,17,15,0,55,75,20,60
50,18,2,1,60,75,10,60
50,19,20,0,55,75,25,60
50,20,1,1,47,75,30,60
50,21,43,1,47,75,35,45
50,22,19,0,27,75,45,55
50,23,43,0,47,75,35,55
50,24,38,1,52,75,35,55
50,25,7,0,37,80,35,55
50,26,15,1,37,85,35,55
50,27,9,0,32,85,35,60
50,28,1,0,42,85,20,60
50,29,2,1,47,85,10,60
50,30,16,0,37,90,10,60
50,31,16,0,27,95,10,60
50,32,13,0,27,95,10,65
50,33,38,1,32,95,10,65
50,34,4,0,17,100,10,65
50,35,47,1,17,100,10,80
50,36,20,0,12,100,25,80
50,37,1,1,4,100,30,80
50,38,16,1,4,100,20,80
50,39,38,0,-1,105,20,80
50,40,27,1,-1,110,15,80
50,41,13,1,4,115,15,80
50,42,11,0,-1,115,15,82
50,43,45,0,-1,115,15,87
50,44,14,1,-1,120,15,87
50,45,16,1,-1,120,5,87
50,46,23,0,-6,110,5,92
50,47,44,1,-1,110,5,92
50,48,23,1,9,110,0,92
50,49,12,0,4,120,0,92
50,50,1,1,-4,120,5,92
50,51,20,1,-4,125,-10,92
50,52,41,1,1,115,-10,92
50,53,28,1,11,115,-10,92
50,54,1,0,21,115,-25,92
50,55,38,0,16,120,-25,92
50,56,21,0,11,120,-10,92
50,57,28,0,1,120,0,92
50,58,21,1,1,125,-15,92
50,59,2,1,6,125,-25,92
50,60,16,0,-4,130,-25,92
50,61,13,1,1,135,-25,92
50,62,2,0,-9,135,-20,92
50,63,24,1,-4,135,-20,92
50,64,45,0,-4,135,-20,97
50,65,4,1,6,135,-20,92
50,66,11,0,1,135,-20,94
50,67,11,0,-4,135,-20,96
50,68,22,0,-9,135,-15,96
50,69,22,0,-14,135,-10,96
50,70,40,0,-14,145,-20,96
50,71,16,1,-14,145,-30,96
50,72,5,1,-9,145,-40,96
50,73,26,0,-14,145,-40,101
50,74,23,1,-4,145,-45,101
50,75,5,1,1,145,-55,101
50,76,2,0,-9,145,-50,101
50,77,45,1,-9,150,-50,101
50,78,43,0,11,150,-60,101
50,79,20,0,6,150,-45,101
50,80,1,1,-2,150,-40,101
50,81,16,0,-12,155,-40,101
50,82,26,0,-17,155,-40,106
50,83,25,0,-17,150,-30,106
50,84,23,0,-22,140,-30,111
50,85,48,1,-22,145,-30,101
50,86,11,1,-17,145,-30,101
50,87,15,0,3,140,-30,101
50,88,11,1,8,140,-30,101
50,89,9,1,13,140,-30,101
50,90,5,0,8,140,-25,101
50,91,23,1,18,140,-30,101
50,92,11,0,13,140,-30,103
50,93,1,0,23,140,-45,103
50,94,21,0,18,140,-30,103
50,95,5,1,23,140,-40,103
50,96,12,1,28,140,-40,103
50,97,44,1,33,140,-40,103
50,98,13,0,33,140,-40,108
50,99,24,0,28,140,-35,108
51,0,14,1,50,55,50,50
51,1,25,1,50,60,40,50
51,2,36,0,50,55,40,52
51,3,8,0,50,60,30,52
51,4,37,0,38,70,30,52
51,5,7,1,43,70,30,47
51,6,13,0,43,70,30,52
51,7,9,1,48,70,30,52
51,8,48,1,48,75,30,42
51,9,46,1,53,75,30,37
51,10,4,1,63,75,30,32
51,11,23,0,58,65,30,37
51,12,47,1,58,65,30,52
51,13,40,0,58,75,20,52
51,14,13,0,58,75,20,57
51,15,13,0,58,75,20,62
51,16,22,1,58,80,10,62
51,17,1,0,68,80,-5,62
51,18,37,1,78,80,-5,62
51,19,25,1,78,85,-15,62
51,20,28,1,88,85,-15,62
51,21,19,1,103,85,-15,62
51,22,15,1,103,90,-15,62
51,23,3,1,96,90,-15,67
51,24,20,0,91,90,0,67
51,25,43,0,111,90,-10,67
51,26,40,1,111,80,0,67
51,27,23,1,121,80,-5,67
51,28,16,0,111,85,-5,67
51,29,40,0,111,95,-15,67
51,30,10,1,131,95,-25,67
51,31,25,1,131,100,-35,67
51,32,42,0,123,100,-35,77
51,33,13,1,128,105,-35,77
51,34,5,1,133,105,-45,77
51,35,15,1,133,110,-45,77
51,36,42,0,125,110,-45,87
51,37,22,0,120,110,-40,87
51,38,15,1,120,115,-40,87
51,39,25,0,120,110,-30,87
51,40,22,0,115,110,-25,87
51,41,36,1,115,115,-25,82
51,42,5,1,120,115,-35,82
51,43,38,1,125,115,-35,82
51,44,14,0,125,115,-35,87
51,45,20,0,120,115,-20,87
51,46,3,1,113,115,-20,92
51,47,23,0,108,105,-20,97
51,48,14,0,108,105,-20,102
51,49,1,1,100,105,-15,102
51,50,4,1,110,105,-15,97
51,51,2,0,100,105,-10,97
51,52,20,1,100,110,-25,97
51,53,47,0,125,110,-25,97
51,54,41,0,115,120,-25,97
51,55,24,1,120,120,-25,97
51,56,4,0,105,125,-25,97
51,57,41,0,95,135,-25,97
51,58,22,1,95,140,-35,97
51,59,20,1,95,145,-50,97
51,60,25,1,95,150,-60,97
51,61,30,0,95,150,-70,107
51,62,6,1,87,150,-70,112
51,63,8,1,77,150,-70,117
51,64,2,1,82,150,-80,117
51,65,20,0,77,150,-65,117
51,66,44,1,82,150,-65,117
51,67,7,1,87,150,-65,112
51,68,9,1,92,150,-65,112
51,69,25,0,92,145,-55,112
51,70,16,1,92,145,-65,112
51,71,40,0,92,155,-75,112
51,72,4,0,77,160,-75,112
51,73,25,0,77,155,-65,112
51,74,44,1,82,155,-65,112
51,75,21,0,77,155,-50,112
51,76,22,1,77,160,-60,112
51,77,16,1,77,160,-70,112
51,78,22,0,72,160,-65,112
51,79,28,1,82,160,-65,112
51,80,9,1,87,160,-65,112
51,81,6,1,79,160,-65,117
51,82,48,1,79,165,-65,107
51,83,42,0,71,165,-65,117
51,84,26,1,81,165,-70,117
51,85,6,0,91,165,-75,117
51,86,11,0,86,165,-75,119
51,87,46,0,79,165,-75,124
51,88,10,0,74,170,-75,124
51,89,21,0,69,170,-60,124
51,90,3,1,62,170,-60,129
51,91,29,0,52,170,-55,129
51,92,23,1,62,170,-60,129
51,93,14,0,62,170,-60,134
51,94,1,1,54,170,-55,134
51,95,43,1,54,170,-50,119
51,96,5,0,49,170,-45,119
51,97,16,1,49,170,-55,119
51,98,24,0,44,170,-50,119
51,99,14,0,44,170,-50,124
52,0,29,1,50,65,30,50
52,1,13,1,55,70,30,50
52,2,8,0,55,75,20,50
52,3,12,1,60,75,20,50
52,4,10,1,80,75,10,50
52,5,12,1,85,75,10,50
52,6,16,0,75,80,10,50
52,7,36,0,75,75,10,52
52,8,43,0,95,75,0,52
52,9,3,0,110,75,-5,52
52,10,10,1,130,75,-15,52
52,11,16,1,130,75,-25,52
52,12,47,0,155,75,-25,52
52,13,30,1,155,75,-15,52
52,14,20,1,155,80,-30,52
52,15,42,0,147,80,-30,62
52,16,12,1,152,80,-30,62
52,17,41,1,157,70,-30,62
52,18,40,1,157,60,-20,62
52,19,29,0,147,60,-15,62
52,20,41,0,137,70,-15,62
52,21,25,1,137,75,-25,62
52,22,26,1,147,75,-30,62
52,23,13,1,152,80,-30,62
52,24,25,0,152,75,-20,62
52,25,10,0,147,80,-20,62
52,26,22,0,142,80,-15,62
52,27,9,0,137,80,-15,67
52,28,2,0,127,80,-10,67
52,29,42,0,119,80,-10,77
52,30,24,1,124,80,-10,77
52,31,15,0,144,75,-10,77
52,32,9,1,149,75,-10,77
52,33,3,0,164,75,-15,77
52,34,1,0,174,75,-30,77
52,35,12,1,179,75,-30,77
52,36,2,0,169,75,-25,77
52,37,16,0,159,80,-25,77
52,38,12,1,164,80,-25,77
52,39,10,0,159,85,-25,77
52,40,5,0,154,85,-20,77
52,41,13,1,159,90,-20,77
52,42,10,1,179,90,-30,77
52,43,46,1,184,90,-30,72
52,44,2,1,189,90,-40,72
52,45,43,0,209,90,-50,72
52,46,42,0,201,90,-50,82
52,47,21,1,201,95,-65,82
52,48,45,1,201,100,-65,82
52,49,44,0,201,100,-55,87
52,50,26,1,211,100,-60,87
52,51,48,1,211,105,-60,77
52,52,12,1,216,105,-60,77
52,53,20,1,216,110,-75,77
52,54,20,1,216,115,-90,77
52,55,43,1,216,115,-85,62
52,56,14,0,216,115,-85,67
52,57,8,1,206,115,-85,72
52,58,6,1,198,115,-85,77
52,59,23,0,193,105,-85,82
52,60,37,1,203,105,-85,82
52,61,3,1,196,105,-85,87
52,62,29,1,196,120,-105,87
52,63,40,0,196,130,-115,87
52,64,41,1,201,120,-115,87
52,65,23,1,211,120,-120,87
52,66,12,0,206,130,-120,87
52,67,11,1,211,130,-120,87
52,68,27,0,221,115,-120,87
52,69,2,0,211,115,-115,87
52,70,2,0,201,115,-110,87
52,71,41,1,206,105,-110,87
52,72,22,1,206,110,-120,87
52,73,11,1,211,110,-120,87
52,74,41,1,216,100,-120,87
52,75,13,0,216,100,-120,92
52,76,21,0,211,100,-105,92
52,77,38,0,206,105,-105,92
52,78,10,1,226,105,-115,92
52,79,17,1,211,105,-105,92
52,80,4,0,196,110,-105,92
52,81,11,1,201,110,-105,92
52,82,23,1,211,110,-110,92
52,83,21,1,211,115,-125,92
52,84,36,0,211,110,-125,94
52,85,15,0,231,105,-125,94
52,86,48,1,231,110,-125,84
52,87,5,1,236,110,-135,84
52,88,16,1,236,110,-145,84
52,89,25,1,236,115,-155,84
52,90,3,0,251,115,-160,84
52,91,15,1,251,120,-160,84
52,92,38,0,246,125,-160,84
52,93,16,0,236,130,-160,84
52,94,17,1,221,130,-150,84
52,95,26,0,216,130,-150,89
52,96,30,1,216,130,-140,89
52,97,21,1,216,135,-155,89
52,98,16,1,216,135,-165,89
52,99,38,1,221,135,-165,89
53,0,3,0,65,50,45,50
53,1,25,1,65,55,35,50
53,2,22,0,60,55,40,50
53,3,10,0,55,60,40,50
53,4,3,0,70,60,35,50
53,5,1,0,80,60,20,50
53,6,10,1,100,60,10,50
53,7,15,1,100,65,10,50
53,8,22,1,100,70,0,50
53,9,4,0,85,75,0,50
53,10,25,0,85,70,10,50
53,11,1,0,95,70,-5,50
53,12,41,1,100,60,-5,50
53,13,4,0,85,65,-5,50
53,14,1,0,95,65,-20,50
53,15,12,1,100,65,-20,50
53,16,17,1,85,65,-10,50
53,17,3,1,78,65,-10,55
53,18,28,0,68,65,0,55
53,19,1,1,60,65,5,55
53,20,22,1,60,70,-5,55
53,21,45,0,60,70,-5,60
53,22,18,1,70,70,-5,60
53,23,22,0,65,70,0,60
53,24,11,0,60,70,0,62
53,25,21,1,60,75,-15,62
53,26,41,1,65,65,-15,62
53,27,16,1,65,65,-25,62
53,28,38,1,70,65,-25,62
53,29,4,0,55,70,-25,62
53,30,26,0,50,70,-25,67
53,31,39,0,43,75,-25,67
53,32,9,0,38,75,-25,72
53,33,2,1,43,75,-35,72
53,34,10,0,38,80,-35,72
53,35,39,0,31,85,-35,72
53,36,23,1,41,85,-40,72
53,37,20,0,36,85,-25,72
53,38,2,1,41,85,-35,72
53,39,6,0,51,85,-40,72
53,40,5,0,46,85,-35,72
53,41,48,0,36,85,-35,77
53,42,38,1,41,85,-35,77
53,43,18,1,51,85,-35,77
53,44,39,1,56,85,-35,72
53,45,36,1,56,90,-35,67
53,46,4,1,66,90,-35,62
53,47,14,1,66,95,-35,62
53,48,6,1,58,95,-35,67
53,49,10,1,78,95,-45,67
53,50,1,0,88,95,-60,67
53,51,16,0,78,100,-60,67
53,52,42,0,70,100,-60,77
53,53,48,1,70,105,-60,67
53,54,1,1,62,105,-55,67
53,55,36,0,62,100,-55,69
53,56,23,0,57,90,-55,74
53,57,3,1,50,90,-55,79
53,58,15,1,50,95,-55,79
53,59,21,1,50,100,-70,79
53,60,30,1,50,100,-60,79
53,61,42,0,42,100,-60,89
53,62,10,1,62,100,-70,89
53,63,42,1,62,105,-70,89
53,64,37,1,72,105,-70,89
53,65,2,0,62,105,-65,89
53,66,44,1,67,105,-65,89
53,67,30,1,67,105,-55,89
53,68,4,0,52,110,-55,89
53,69,22,1,52,115,-65,89
53,70,10,0,47,120,-65,89
53,71,25,0,47,115,-55,89
53,72,26,0,42,115,-55,94
53,73,25,1,42,120,-65,94
53,74,30,0,42,120,-75,104
53,75,43,0,62,120,-85,104
53,76,12,0,57,130,-85,104
53,77,26,1,67,130,-90,104
53,78,16,0,57,135,-90,104
53,79,3,1,50,135,-90,109
53,80,22,1,50,140,-100,109
53,81,15,1,50,145,-100,109
53,82,10,1,70,145,-110,109
53,83,14,0,70,145,-110,114
53,84,13,0,70,145,-110,119
53,85,41,1,75,135,-110,119
53,86,2,1,80,135,-120,119
53,87,18,1,90,135,-120,119
53,88,12,1,95,135,-120,119
53,89,16,0,85,140,-120,119
53,90,16,1,85,140,-130,119
53,91,10,1,105,140,-140,119
53,92,2,1,110,140,-150,119
53,93,15,1,110,145,-150,119
53,94,44,1,115,145,-150,119
53,95,9,1,120,145,-150,119
53,96,24,0,115,145,-145,119
53,97,8,1,105,145,-145,124
53,98,47,1,105,145,-145,139
53,99,45,0,105,145,-145,144
54,0,23,0,45,40,50,55
54,1,24,1,50,40,50,55
54,2,9,0,45,40,50,60
54,3,8,1,35,40,50,65
54,4,2,1,40,40,40,65
54,5,5,1,45,40,30,65
54,6,1,1,37,40,35,65
54,7,23,1,47,40,30,65
54,8,15,0,67,35,30,65
54,9,14,0,67,35,30,70
54,10,46,0,60,35,30,75
54,11,2,1,65,35,20,75
54,12,1,0,75,35,5,75
54,13,20,1,75,40,-10,75
54,14,25,0,75,35,0,75
54,15,26,1,85,35,-5,75
54,16,41,1,90,25,-5,75
54,17,16,1,90,25,-15,75
54,18,15,0,110,20,-15,75
54,19,22,0,105,20,-10,75
54,20,48,1,105,25,-10,65
54,21,24,1,110,25,-10,65
54,22,15,1,110,30,-10,65
54,23,26,0,105,30,-10,70
54,24,8,0,105,35,-20,70
54,25,13,0,105,35,-20,75
54,26,42,0,97,35,-20,85
54,27,38,0,92,40,-20,85
54,28,5,1,97,40,-30,85
54,29,38,1,102,40,-30,85
54,30,20,1,102,45,-45,85
54,31,12,0,97,55,-45,85
54,32,28,0,87,55,-35,85
54,33,45,0,87,55,-35,90
54,34,15,0,107,50,-35,90
54,35,16,0,97,55,-35,90
54,36,16,1,97,55,-45,90
54,37,1,1,89,55,-40,90
54,38,2,1,94,55,-50,90
54,39,26,1,104,55,-55,90
54,40,14,1,104,60,-55,90
54,41,17,0,84,70,-55,90
54,42,21,0,79,70,-40,90
54,43,26,0,74,70,-40,95
54,44,20,1,74,75,-55,95
54,45,26,1,84,75,-60,95
54,46,8,1,74,75,-60,100
54,47,13,1,79,80,-60,100
54,48,10,1,99,80,-70,100
54,49,16,0,89,85,-70,100
54,50,15,0,109,80,-70,100
54,51,7,0,94,85,-70,100
54,52,42,0,86,85,-70,110
54,53,13,1,91,90,-70,110
54,54,2,0,81,90,-65,110
54,55,24,1,86,90,-65,110
54,56,10,0,81,95,-65,110
54,57,12,1,86,95,-65,110
54,58,6,1,78,95,-65,115
54,59,40,1,78,85,-55,115
54,60,20,0,73,85,-40,115
54,61,10,1,93,85,-50,115
54,62,22,1,93,90,-60,115
54,63,7,0,78,95,-60,115
54,64,16,1,78,95,-70,115
54,65,15,0,98,90,-70,115
54,66,17,0,78,100,-70,115
54,67,42,0,70,100,-70,125
54,68,5,1,75,100,-80,125
54,69,46,1,80,100,-80,120
54,70,14,1,80,105,-80,120
54,71,43,1,80,105,-75,105
54,72,42,0,72,105,-75,115
54,73,4,1,82,105,-75,110
54,74,11,0,77,105,-75,112
54,75,16,0,67,110,-75,112
54,76,20,0,62,110,-60,112
54,77,14,0,62,110,-60,117
54,78,15,0,82,105,-60,117
54,79,5,0,77,105,-55,117
54,80,5,1,82,105,-65,117
54,81,22,1,82,110,-75,117
54,82,45,0,82,110,-75,122
54,83,12,0,77,120,-75,122
54,84,23,1,87,120,-80,122
54,85,5,0,82,120,-75,122
54,86,14,1,82,125,-75,122
54,87,25,0,82,120,-65,122
54,88,11,1,87,120,-65,122
54,89,15,0,107,115,-65,122
54,90,9,0,102,115,-65,127
54,91,4,1,112,115,-65,122
54,92,14,0,112,115,-65,127
54,93,42,1,112,120,-65,127
54,94,16,1,112,120,-75,127
54,95,15,1,112,125,-75,127
54,96,8,0,112,130,-85,127
54,97,40,1,112,120,-75,127
54,98,27,1,112,125,-80,127
54,99,12,0,107,135,-80,127
55,0,25,1,50,55,40,50
55,1,47,0,75,55,40,50
55,2,47,0,100,55,40,50
55,3,10,0,95,60,40,50
55,4,39,1,100,60,40,45
55,5,7,1,105,60,40,40
55,6,15,1,105,65,40,40
55,7,14,1,105,70,40,40
55,8,10,0,100,75,40,40
55,9,3,1,93,75,40,45
55,10,25,1,93,80,30,45
55,11,3,0,108,80,25,45
55,12,22,0,103,80,30,45
55,13,48,0,93,80,30,50
55,14,4,0,78,85,30,50
55,15,20,1,78,90,15,50
55,16,20,1,78,95,0,50
55,17,41,1,83,85,0,50
55,18,14,0,83,85,0,55
55,19,36,0,83,80,0,57
55,20,17,1,68,80,10,57
55,21,16,0,58,85,10,57
55,22,16,1,58,85,0,57
55,23,41,0,48,95,0,57
55,24,1,1,40,95,5,57
55,25,12,1,45,95,5,57
55,26,42,0,37,95,5,67
55,27,43,0,57,95,-5,67
55,28,25,1,57,100,-15,67
55,29,7,1,62,100,-15,62
55,30,26,0,57,100,-15,67
55,31,20,1,57,105,-30,67
55,32,20,1,57,110,-45,67
55,33,14,1,57,115,-45,67
55,34,23,0,52,105,-45,72
55,35,7,1,57,105,-45,67
55,36,9,1,62,105,-45,67
55,37,28,0,52,105,-35,67
55,38,11,1,57,105,-35,67
55,39,26,1,67,105,-40,67
55,40,25,0,67,100,-30,67
55,41,43,1,67,100,-25,52
55,42,23,1,77,100,-30,52
55,43,44,0,77,100,-20,57
55,44,44,1,82,100,-20,57
55,45,29,0,72,100,-15,57
55,46,16,1,72,100,-25,57
55,47,2,0,62,100,-20,57
55,48,11,1,67,100,-20,57
55,49,8,0,67,105,-30,57
55,50,1,0,77,105,-45,57
55,51,20,0,72,105,-30,57
55,52,26,0,67,105,-30,62
55,53,23,1,77,105,-35,62
55,54,24,1,82,105,-35,62
55,55,16,0,72,110,-35,62
55,56,9,1,77,110,-35,62
55,57,24,1,82,110,-35,62
55,58,43,1,82,110,-30,47
55,59,12,0,77,120,-30,47
55,60,3,1,70,120,-30,52
55,61,8,1,60,120,-30,57
55,62,15,1,60,125,-30,57
55,63,16,0,50,130,-30,57
55,64,14,0,50,130,-30,62
55,65,22,1,50,135,-40,62
55,66,10,0,45,140,-40,62
55,67,6,1,37,140,-40,67
55,68,5,1,42,140,-50,67
55,69,16,0,32,145,-50,67
55,70,5,1,37,145,-60,67
55,71,15,0,57,140,-60,67
55,72,22,1,57,145,-70,67
55,73,24,0,52,145,-65,67
55,74,1,0,62,145,-80,67
55,75,45,0,62,145,-80,72
55,76,6,1,54,145,-80,77
55,77,1,0,64,145,-95,77
55,78,41,0,54,155,-95,77
55,79,40,0,54,165,-105,77
55,80,48,1,54,170,-105,67
55,81,10,1,74,170,-115,67
55,82,17,1,59,170,-105,67
55,83,1,0,69,170,-120,67
55,84,28,1,79,170,-120,67
55,85,30,1,79,170,-110,67
55,86,8,0,79,175,-120,67
55,87,44,1,84,175,-120,67
55,88,44,1,89,175,-120,67
55,89,4,0,74,180,-120,67
55,90,36,0,74,175,-120,69
55,91,5,0,69,175,-115,69
55,92,15,0,89,170,-115,69
55,93,38,1,94,170,-115,69
55,94,16,1,94,170,-125,69
55,95,26,0,89,170,-125,74
55,96,27,0,99,155,-125,74
55,97,5,0,94,155,-120,74
55,98,41,0,84,165,-120,74
55,99,20,0,79,165,-105,74
56,0,14,0,50,50,50,55
56,1,21,1,50,55,35,55
56,2,15,1,50,60,35,55
56,3,26,1,60,60,30,55
56,4,3,1,53,60,30,60
56,5,22,0,48,60,35,60
56,6,18,1,58,60,35,60
56,7,45,1,58,65,35,60
56,8,19,0,38,65,45,70
56,9,20,1,38,70,30,70
56,10,45,0,38,70,30,75
56,11,43,1,38,70,35,60
56,12,9,1,43,70,35,60
56,13,10,0,38,75,35,60
56,14,44,0,38,75,45,65
56,15,11,0,33,75,45,67
56,16,42,1,33,80,45,67
56,17,30,0,33,80,35,77
56,18,20,0,28,80,50,77
56,19,2,0,18,80,55,77
56,20,20,0,13,80,70,77
56,21,5,0,8,80,75,77
56,22,41,1,13,70,75,77
56,23,14,1,13,75,75,77
56,24,26,0,8,75,75,82
56,25,15,0,28,70,75,82
56,26,44,1,33,70,75,82
56,27,21,1,33,75,60,82
56,28,47,1,33,75,60,97
56,29,3,0,48,75,55,97
56,30,48,1,48,80,55,87
56,31,41,0,38,90,55,87
56,32,45,0,38,90,55,92
56,33,3,0,53,90,50,92
56,34,9,1,58,90,50,92
56,35,9,1,63,90,50,92
56,36,10,1,83,90,40,92
56,37,10,1,103,90,30,92
56,38,9,0,98,90,30,97
56,39,28,0,88,90,40,97
56,40,20,1,88,95,25,97
56,41,5,0,83,95,30,97
56,42,45,1,83,100,30,97
56,43,47,1,83,100,30,112
56,44,37,0,71,110,30,112
56,45,2,0,61,110,35,112
56,46,11,1,66,110,35,112
56,47,25,0,66,105,45,112
56,48,8,0,66,110,35,112
56,49,27,1,66,115,30,112
56,50,24,1,71,115,30,112
56,51,41,0,61,125,30,112
56,52,22,1,61,130,20,112
56,53,2,1,66,130,10,112
56,54,4,1,76,130,10,107
56,55,8,0,76,135,0,107
56,56,25,1,76,140,-10,107
56,57,37,0,64,150,-10,107
56,58,1,1,56,150,-5,107
56,59,5,1,61,150,-15,107
56,60,3,0,76,150,-20,107
56,61,44,0,76,150,-10,112
56,62,12,0,71,160,-10,112
56,63,6,0,81,160,-15,112
56,64,9,1,86,160,-15,112
56,65,25,1,86,165,-25,112
56,66,9,0,81,165,-25,117
56,67,44,1,86,165,-25,117
56,68,7,0,71,170,-25,117
56,69,3,1,64,170,-25,122
56,70,38,1,69,170,-25,122
56,71,6,0,79,170,-30,122
56,72,21,0,74,170,-15,122
56,73,23,1,84,170,-20,122
56,74,5,1,89,170,-30,122
56,75,38,1,94,170,-30,122
56,76,28,1,104,170,-30,122
56,77,1,0,114,170,-45,122
56,78,4,1,124,170,-45,117
56,79,7,0,109,175,-45,117
56,80,14,1,109,180,-45,117
56,81,5,1,114,180,-55,117
56,82,25,1,114,185,-65,117
56,83,37,1,124,185,-65,117
56,84,41,0,114,195,-65,117
56,85,16,1,114,195,-75,117
56,86,5,0,109,195,-70,117
56,87,22,0,104,195,-65,117
56,88,26,0,99,195,-65,122
56,89,9,1,104,195,-65,122
56,90,14,0,104,195,-65,127
56,91,25,0,104,190,-55,127
56,92,39,0,97,195,-55,127
56,93,26,0,92,195,-55,132
56,94,36,0,92,190,-55,134
56,95,38,1,97,190,-55,134
56,96,15,1,97,195,-55,134
56,97,6,1,89,195,-55,139
56,98,23,1,99,195,-60,139
56,99,36,0,99,190,-60,141
57,0,23,1,60,50,45,50
57,1,37,1,70,50,45,50
57,2,37,1,80,50,45,50
57,3,22,1,80,55,35,50
57,4,4,0,65,60,35,50
57,5,36,1,65,65,35,45
57,6,36,1,65,70,35,40
57,7,2,0,55,70,40,40
57,8,7,0,40,75,40,40
57,9,10,1,60,75,30,40
57,10,47,0,85,75,30,40
57,11,27,1,85,80,25,40
57,12,25,1,85,85,15,40
57,13,40,0,85,95,5,40
57,14,22,1,85,100,-5,40
57,15,17,1,70,100,5,40
57,16,1,1,62,100,10,40
57,17,10,1,82,100,0,40
57,18,10,1,102,100,-10,40
57,19,13,1,107,105,-10,40
57,20,41,1,112,95,-10,40
57,21,26,0,107,95,-10,45
57,22,40,1,107,85,0,45
57,23,38,0,102,90,0,45
57,24,46,0,95,90,0,50
57,25,4,0,80,95,0,50
57,26,23,0,75,85,0,55
57,27,14,1,75,90,0,55
57,28,22,1,75,95,-10,55
57,29,36,1,75,100,-10,50
57,30,6,0,85,100,-15,50
57,31,39,1,90,100,-15,45
57,32,28,0,80,100,-5,45
57,33,41,1,85,90,-5,45
57,34,26,1,95,90,-10,45
57,35,10,1,115,90,-20,45
57,36,24,0,110,90,-15,45
57,37,12,0,105,100,-15,45
57,38,42,0,97,100,-15,55
57,39,47,1,97,100,-15,70
57,40,9,0,92,100,-15,75
57,41,5,1,97,100,-25,75
57,42,21,1,97,105,-40,75
57,43,25,0,97,100,-30,75
57,44,1,1,89,100,-25,75
57,45,45,0,89,100,-25,80
57,46,13,0,89,100,-25,85
57,47,25,1,89,105,-35,85
57,48,26,0,84,105,-35,90
57,49,6,0,94,105,-40,90
57,50,28,1,104,105,-40,90
57,51,25,1,104,110,-50,90
57,52,48,1,104,115,-50,80
57,53,3,0,119,115,-55,80
57,54,26,0,114,115,-55,85
57,55,5,0,109,115,-50,85
57,56,11,1,114,115,-50,85
57,57,16,1,114,115,-60,85
57,58,28,1,124,115,-60,85
57,59,7,1,129,115,-60,80
57,60,14,1,129,120,-60,80
57,61,1,0,139,120,-75,80
57,62,42,0,131,120,-75,90
57,63,21,0,126,120,-60,90
57,64,23,1,136,120,-65,90
57,65,21,1,136,125,-80,90
57,66,11,1,141,125,-80,90
57,67,16,1,141,125,-90,90
57,68,48,1,141,130,-90,80
57,69,39,0,134,135,-90,80
57,70,41,0,124,145,-90,80
57,71,5,0,119,145,-85,80
57,72,25,1,119,150,-95,80
57,73,42,0,111,150,-95,90
57,74,12,0,106,160,-95,90
57,75,13,0,106,160,-95,95
57,76,16,0,96,165,-95,95
57,77,10,0,91,170,-95,95
57,78,2,1,96,170,-105,95
57,79,15,0,116,165,-105,95
57,80,23,0,111,155,-105,100
57,81,20,0,106,155,-90,100
57,82,37,1,116,155,-90,100
57,83,11,0,111,155,-90,102
57,84,5,1,116,155,-100,102
57,85,42,0,108,155,-100,112
57,86,26,1,118,155,-105,112
57,87,25,1,118,160,-115,112
57,88,14,1,118,165,-115,112
57,89,13,1,123,170,-115,112
57,90,1,0,133,170,-130,112
57,91,19,0,113,170,-120,122
57,92,23,0,108,160,-120,127
57,93,15,1,108,165,-120,127
57,94,21,0,103,165,-105,127
57,95,44,1,108,165,-105,127
57,96,7,0,93,170,-105,127
57,97,16,0,83,175,-105,127
57,98,4,0,68,180,-105,127
57,99,23,1,78,180,-110,127
58,0,16,1,50,50,40,50
58,1,45,0,50,50,40,55
58,2,39,1,55,50,40,50
58,3,26,0,50,50,40,55
58,4,13,0,50,50,40,60
58,5,38,1,55,50,40,60
58,6,4,0,40,55,40,60
58,7,11,1,45,55,40,60
58,8,45,0,45,55,40,65
58,9,26,1,55,55,35,65
58,10,15,1,55,60,35,65
58,11,6,0,65,60,30,65
58,12,12,0,60,70,30,65
58,13,26,1,70,70,25,65
58,14,14,0,70,70,25,70
58,15,40,0,70,80,15,70
58,16,39,1,75,80,15,65
58,17,28,0,65,80,25,65
58,18,25,1,65,85,15,65
58,19,23,1,75,85,10,65
58,20,24,0,70,85,15,65
58,21,13,1,75,90,15,65
58,22,39,1,80,90,15,60
58,23,10,1,100,90,5,60
58,24,19,1,115,90,5,60
58,25,45,0,115,90,5,65
58,26,5,0,110,90,10,65
58,27,11,1,115,90,10,65
58,28,26,0,110,90,10,70
58,29,3,1,103,90,10,75
58,30,23,0,98,80,10,80
58,31,45,1,98,85,10,80
58,32,13,0,98,85,10,85
58,33,16,0,88,90,10,85
58,34,45,0,88,90,10,90
58,35,4,0,73,95,10,90
58,36,10,1,93,95,0,90
58,37,16,0,83,100,0,90
58,38,22,0,78,100,5,90
58,39,10,0,73,105,5,90
58,40,48,0,63,105,5,95
58,41,16,0,53,110,5,95
58,42,26,1,63,110,0,95
58,43,13,0,63,110,0,100
58,44,43,1,63,110,5,85
58,45,36,1,63,115,5,80
58,46,27,0,73,100,5,80
58,47,13,0,73,100,5,85
58,48,23,0,68,90,5,90
58,49,21,1,68,95,-10,90
58,50,26,1,78,95,-15,90
58,51,41,1,83,85,-15,90
58,52,14,1,83,90,-15,90
58,53,10,1,103,90,-25,90
58,54,16,0,93,95,-25,90
58,55,10,0,88,100,-25,90
58,56,23,0,83,90,-25,95
58,57,13,0,83,90,-25,100
58,58,30,0,83,90,-35,110
58,59,18,0,58,90,-35,120
58,60,10,1,78,90,-45,120
58,61,12,0,73,100,-45,120
58,62,14,0,73,100,-45,125
58,63,22,0,68,100,-40,125
58,64,3,1,61,100,-40,130
58,65,7,1,66,100,-40,125
58,66,11,0,61,100,-40,127
58,67,23,0,56,90,-40,132
58,68,23,1,66,90,-45,132
58,69,43,0,86,90,-55,132
58,70,24,0,81,90,-50,132
58,71,19,1,96,90,-50,132
58,72,1,1,88,90,-45,132
58,73,1,1,80,90,-40,132
58,74,11,1,85,90,-40,132
58,75,2,1,90,90,-50,132
58,76,18,0,65,90,-50,142
58,77,22,1,65,95,-60,142
58,78,4,1,75,95,-60,137
58,79,23,0,70,85,-60,142
58,80,48,1,70,90,-60,132
58,81,19,0,50,90,-50,142
58,82,5,0,45,90,-45,142
58,83,5,1,50,90,-55,142
58,84,1,1,42,90,-50,142
58,85,16,1,42,90,-60,142
58,86,20,0,37,90,-45,142
58,87,29,1,37,105,-65,142
58,88,45,1,37,110,-65,142
58,89,17,0,17,120,-65,142
58,90,43,1,17,120,-60,127
58,91,14,1,17,125,-60,127
58,92,44,0,17,125,-50,132
58,93,25,0,17,120,-40,132
58,94,38,0,12,125,-40,132
58,95,22,1,12,130,-50,132
58,96,11,0,7,130,-50,134
58,97,1,1,-1,130,-45,134
58,98,13,1,4,135,-45,134
58,99,25,0,4,130,-35,134
59,0,6,0,60,50,45,50
59,1,9,1,65,50,45,50
59,2,36,1,65,55,45,45
59,3,39,0,58,60,45,45
59,4,45,1,58,65,45,45
59,5,26,0,53,65,45,50
59,6,13,1,58,70,45,50
59,7,41,1,63,60,45,50
59,8,28,0,53,60,55,50
59,9,13,0,53,60,55,55
59,10,45,0,53,60,55,60
59,11,11,1,58,60,55,60
59,12,37,1,68,60,55,60
59,13,13,0,68,60,55,65
59,14,21,0,63,60,70,65
59,15,23,0,58,50,70,70
59,16,15,0,78,45,70,70
59,17,11,1,83,45,70,70
59,18,23,1,93,45,65,70
59,19,21,0,88,45,80,70
59,20,3,1,81,45,80,75
59,21,20,1,81,50,65,75
59,22,15,1,81,55,65,75
59,23,39,1,86,55,65,70
59,24,14,1,86,60,65,70
59,25,26,1,96,60,60,70
59,26,26,1,106,60,55,70
59,27,12,1,111,60,55,70
59,28,1,1,103,60,60,70
59,29,7,1,108,60,60,65
59,30,30,0,108,60,50,75
59,31,10,1,128,60,40,75
59,32,20,1,128,65,25,75
59,33,18,0,103,65,25,85
59,34,5,0,98,65,30,85
59,35,10,1,118,65,20,85
59,36,40,0,118,75,10,85
59,37,22,0,113,75,15,85
59,38,9,0,108,75,15,90
59,39,4,1,118,75,15,85
59,40,46,1,123,75,15,80
59,41,16,0,113,80,15,80
59,42,6,0,123,80,10,80
59,43,12,0,118,90,10,80
59,44,3,1,111,90,10,85
59,45,7,1,116,90,10,80
59,46,41,0,106,100,10,80
59,47,5,1,111,100,0,80
59,48,2,1,116,100,-10,80
59,49,16,0,106,105,-10,80
59,50,29,0,96,105,-5,80
59,51,45,0,96,105,-5,85
59,52,4,1,106,105,-5,80
59,53,1,1,98,105,0,80
59,54,7,0,83,110,0,80
59,55,13,1,88,115,0,80
59,56,36,1,88,120,0,75
59,57,17,1,73,120,10,75
59,58,48,1,73,125,10,65
59,59,14,1,73,130,10,65
59,60,25,1,73,135,0,65
59,61,9,0,68,135,0,70
59,62,41,1,73,125,0,70
59,63,2,1,78,125,-10,70
59,64,2,0,68,125,-5,70
59,65,8,0,68,130,-15,70
59,66,23,1,78,130,-20,70
59,67,4,0,63,135,-20,70
59,68,15,0,83,130,-20,70
59,69,36,0,83,125,-20,72
59,70,5,0,78,125,-15,72
59,71,3,1,71,125,-15,77
59,72,7,0,56,130,-15,77
59,73,39,0,49,135,-15,77
59,74,36,1,49,140,-15,72
59,75,25,1,49,145,-25,72
59,76,25,0,49,140,-15,72
59,77,28,1,59,140,-15,72
59,78,25,1,59,145,-25,72
59,79,17,0,39,155,-25,72
59,80,11,0,34,155,-25,74
59,81,44,0,34,155,-15,79
59,82,43,1,34,155,-10,64
59,83,43,1,34,155,-5,49
59,84,17,1,19,155,5,49
59,85,1,1,11,155,10,49
59,86,36,1,11,160,10,44
59,87,20,1,11,165,-5,44
59,88,5,0,6,165,0,44
59,89,2,0,-4,165,5,44
59,90,26,0,-9,165,5,49
59,91,2,1,-4,165,-5,49
59,92,41,0,-14,175,-5,49
59,93,16,1,-14,175,-15,49
59,94,18,0,-39,175,-15,59
59,95,20,0,-44,175,0,59
59,96,26,0,-49,175,0,64
59,97,39,0,-56,180,0,64
59,98,38,0,-61,185,0,64
59,99,13,0,-61,185,0,69
60,0,6,1,42,50,50,55
60,1,1,1,34,50,55,55
60,2,22,0,29,50,60,55
60,3,39,0,22,55,60,55
60,4,15,0,42,50,60,55
60,5,39,0,35,55,60,55
60,6,46,0,28,55,60,60
60,7,22,1,28,60,50,60
60,8,24,1,33,60,50,60
60,9,26,1,43,60,45,60
60,10,40,0,43,70,35,60
60,11,2,0,33,70,40,60
60,12,15,0,53,65,40,60
60,13,30,1,53,65,50,60
60,14,23,0,48,55,50,65
60,15,15,1,48,60,50,65
60,16,9,0,43,60,50,70
60,17,14,0,43,60,50,75
60,18,9,1,48,60,50,75
60,19,12,1,53,60,50,75
60,20,11,0,48,60,50,77
60,21,41,0,38,70,50,77
60,22,2,1,43,70,40,77
60,23,44,1,48,70,40,77
60,24,9,0,43,70,40,82
60,25,39,0,36,75,40,82
60,26,1,1,28,75,45,82
60,27,14,0,28,75,45,87
60,28,40,0,28,85,35,87
60,29,14,0,28,85,35,92
60,30,4,0,13,90,35,92
60,31,14,1,13,95,35,92
60,32,4,1,23,95,35,87
60,33,45,0,23,95,35,92
60,34,3,1,16,95,35,97
60,35,42,1,16,100,35,97
60,36,22,0,11,100,40,97
60,37,22,0,6,100,45,97
60,38,1,0,16,100,30,97
60,39,26,1,26,100,25,97
60,40,3,1,19,100,25,102
60,41,15,1,19,105,25,102
60,42,5,0,14,105,30,102
60,43,22,1,14,110,20,102
60,44,9,1,19,110,20,102
60,45,13,0,19,110,20,107
60,46,4,0,4,115,20,107
60,47,25,0,4,110,30,107
60,48,40,0,4,120,20,107
60,49,42,0,-4,120,20,117
60,50,26,0,-9,120,20,122
60,51,13,0,-9,120,20,127
60,52,16,0,-19,125,20,127
60,53,10,1,1,125,10,127
60,54,23,0,-4,115,10,132
60,55,14,0,-4,115,10,137
60,56,40,1,-4,105,20,137
60,57,41,1,1,95,20,137
60,58,44,1,6,95,20,137
60,59,25,0,6,90,30,137
60,60,26,0,1,90,30,142
60,61,16,1,1,90,20,142
60,62,3,1,-6,90,20,147
60,63,4,1,4,90,20,142
60,64,4,0,-11,95,20,142
60,65,1,0,-1,95,5,142
60,66,1,1,-9,95,10,142
60,67,22,0,-14,95,15,142
60,68,11,0,-19,95,15,144
60,69,14,1,-19,100,15,144
60,70,13,0,-19,100,15,149
60,71,23,1,-9,100,10,149
60,72,38,1,-4,100,10,149
60,73,42,0,-12,100,10,159
60,74,44,0,-12,100,20,164
60,75,48,0,-22,100,20,169
60,76,5,0,-27,100,25,169
60,77,16,1,-27,100,15,169
60,78,41,0,-37,110,15,169
60,79,4,0,-52,115,15,169
60,80,22,0,-57,115,20,169
60,81,3,0,-42,115,15,169
60,82,21,0,-47,115,30,169
60,83,22,0,-52,115,35,169
60,84,38,1,-47,115,35,169
60,85,11,1,-42,115,35,169
60,86,5,1,-37,115,25,169
60,87,5,0,-42,115,30,169
60,88,27,1,-42,120,25,169
60,89,9,1,-37,120,25,169
60,90,12,1,-32,120,25,169
60,91,46,1,-27,120,25,164
60,92,16,1,-27,120,15,164
60,93,12,1,-22,120,15,164
60,94,37,1,-12,120,15,164
60,95,39,0,-19,125,15,164
60,96,11,1,-14,125,15,164
60,97,1,0,-4,125,0,164
60,98,43,1,-4,125,5,149
60,99,27,0,6,110,5,149
61,0,13,0,50,50,50,55
61,1,40,1,50,40,60,55
61,2,20,0,45,40,75,55
61,3,16,0,35,45,75,55
61,4,9,0,30,45,75,60
61,5,3,1,23,45,75,65
61,6,26,0,18,45,75,70
61,7,3,1,11,45,75,75
61,8,16,1,11,45,65,75
61,9,27,1,11,50,60,75
61,10,6,1,3,50,60,80
61,11,15,1,3,55,60,80
61,12,41,0,-7,65,60,80
61,13,1,0,3,65,45,80
61,14,11,0,-2,65,45,82
61,15,3,0,13,65,40,82
61,16,25,1,13,70,30,82
61,17,17,0,-7,80,30,82
61,18,36,1,-7,85,30,77
61,19,41,0,-17,95,30,77
61,20,22,1,-17,100,20,77
61,21,47,1,-17,100,20,92
61,22,13,1,-12,105,20,92
61,23,2,1,-7,105,10,92
61,24,5,0,-12,105,15,92
61,25,5,0,-17,105,20,92
61,26,3,0,-2,105,15,92
61,27,1,1,-10,105,20,92
61,28,22,0,-15,105,25,92
61,29,5,1,-10,105,15,92
61,30,17,0,-30,115,15,92
61,31,2,0,-40,115,20,92
61,32,14,1,-40,120,20,92
61,33,3,0,-25,120,15,92
61,34,42,0,-33,120,15,102
61,35,20,1,-33,125,0,102
61,36,15,0,-13,120,0,102
61,37,47,0,12,120,0,102
61,38,12,1,17,120,0,102
61,39,42,0,9,120,0,112
61,40,48,0,-1,120,0,117
61,41,25,0,-1,115,10,117
61,42,10,1,19,115,0,117
61,43,20,0,14,115,15,117
61,44,47,0,39,115,15,117
61,45,8,0,39,120,5,117
61,46,22,0,34,120,10,117
61,47,29,0,24,120,15,117
61,48,9,1,29,120,15,117
61,49,13,1,34,125,15,117
61,50,1,0,44,125,0,117
61,51,28,1,54,125,0,117
61,52,20,1,54,130,-15,117
61,53,30,1,54,130,-5,117
61,54,40,1,54,120,5,117
61,55,37,0,42,130,5,117
61,56,45,0,42,130,5,122
61,57,25,0,42,125,15,122
61,58,19,1,57,125,15,122
61,59,4,0,42,130,15,122
61,60,41,0,32,140,15,122
61,61,43,1,32,140,20,107
61,62,14,1,32,145,20,107
61,63,4,1,42,145,20,102
61,64,13,1,47,150,20,102
61,65,26,1,57,150,15,102
61,66,41,0,47,160,15,102
61,67,20,0,42,160,30,102
61,68,37,1,52,160,30,102
61,69,11,1,57,160,30,102
61,70,38,1,62,160,30,102
61,71,29,0,52,160,35,102
61,72,8,0,52,165,25,102
61,73,48,0,42,165,25,107
61,74,12,0,37,175,25,107
61,75,23,0,32,165,25,112
61,76,10,1,52,165,15,112
61,77,13,0,52,165,15,117
61,78,27,0,62,150,15,117
61,79,45,1,62,155,15,117
61,80,45,0,62,155,15,122
61,81,7,0,47,160,15,122
61,82,43,0,67,160,5,122
61,83,27,0,77,145,5,122
61,84,5,0,72,145,10,122
61,85,48,1,72,150,10,112
61,86,1,1,64,150,15,112
61,87,26,0,59,150,15,117
61,88,6,1,51,150,15,122
61,89,43,1,51,150,20,107
61,90,12,0,46,160,20,107
61,91,44,0,46,160,30,112
61,92,16,1,46,160,20,112
61,93,23,0,41,150,20,117
61,94,12,1,46,150,20,117
61,95,25,0,46,145,30,117
61,96,40,0,46,155,20,117
61,97,12,1,51,155,20,117
61,98,1,1,43,155,25,117
61,99,25,0,43,150,35,117
62,0,37,0,38,60,50,50
62,1,26,1,48,60,45,50
62,2,16,1,48,60,35,50
62,3,16,0,38,65,35,50
62,4,23,0,33,55,35,55
62,5,4,0,18,60,35,55
62,6,44,1,23,60,35,55
62,7,41,1,28,50,35,55
62,8,22,0,23,50,40,55
62,9,9,0,18,50,40,60
62,10,9,1,23,50,40,60
62,11,17,1,8,50,50,60
62,12,12,0,3,60,50,60
62,13,14,0,3,60,50,65
62,14,13,1,8,65,50,65
62,15,29,1,8,80,30,65
62,16,10,1,28,80,20,65
62,17,1,0,38,80,5,65
62,18,36,0,38,75,5,67
62,19,14,0,38,75,5,72
62,20,23,1,48,75,0,72
62,21,28,0,38,75,10,72
62,22,13,0,38,75,10,77
62,23,26,1,48,75,5,77
62,24,19,0,28,75,15,87
62,25,1,1,20,75,20,87
62,26,5,1,25,75,10,87
62,27,11,0,20,75,10,89
62,28,10,1,40,75,0,89
62,29,44,1,45,75,0,89
62,30,3,0,60,75,-5,89
62,31,11,0,55,75,-5,91
62,32,22,0,50,75,0,91
62,33,9,0,45,75,0,96
62,34,11,0,40,75,0,98
62,35,1,1,32,75,5,98
62,36,6,1,24,75,5,103
62,37,25,0,24,70,15,103
62,38,29,1,24,85,-5,103
62,39,28,0,14,85,5,103
62,40,46,1,19,85,5,98
62,41,29,0,9,85,10,98
62,42,48,0,-1,85,10,103
62,43,40,1,-1,75,20,103
62,44,9,0,-6,75,20,108
62,45,23,1,4,75,15,108
62,46,9,0,-1,75,15,113
62,47,11,0,-6,75,15,115
62,48,14,0,-6,75,15,120
62,49,3,1,-13,75,15,125
62,50,12,0,-18,85,15,125
62,51,30,1,-18,85,25,125
62,52,16,1,-18,85,15,125
62,53,47,0,7,85,15,125
62,54,13,0,7,85,15,130
62,55,45,0,7,85,15,135
62,56,45,0,7,85,15,140
62,57,37,1,17,85,15,140
62,58,10,0,12,90,15,140
62,59,30,0,12,90,5,150
62,60,12,0,7,100,5,150
62,61,7,1,12,100,5,145
62,62,42,1,12,105,5,145
62,63,26,0,7,105,5,150
62,64,8,1,-3,105,5,155
62,65,24,0,-8,105,10,155
62,66,8,0,-8,110,0,155
62,67,1,0,2,110,-15,155
62,68,43,1,2,110,-10,140
62,69,43,0,22,110,-20,140
62,70,26,1,32,110,-25,140
62,71,13,1,37,115,-25,140
62,72,4,1,47,115,-25,135
62,73,23,1,57,115,-30,135
62,74,1,1,49,115,-25,135
62,75,18,1,59,115,-25,135
62,76,12,1,64,115,-25,135
62,77,16,1,64,115,-35,135
62,78,19,0,44,115,-25,145
62,79,37,0,32,125,-25,145
62,80,14,1,32,130,-25,145
62,81,24,0,27,130,-20,145
62,82,20,1,27,135,-35,145
62,83,15,0,47,130,-35,145
62,84,21,1,47,135,-50,145
62,85,7,0,32,140,-50,145
62,86,15,1,32,145,-50,145
62,87,26,0,27,145,-50,150
62,88,15,0,47,140,-50,150
62,89,25,1,47,145,-60,150
62,90,2,0,37,145,-55,150
62,91,8,0,37,150,-65,150
62,92,8,0,37,155,-75,150
62,93,16,0,27,160,-75,150
62,94,15,1,27,165,-75,150
62,95,1,1,19,165,-70,150
62,96,9,0,14,165,-70,155
62,97,28,0,4,165,-60,155
62,98,12,1,9,165,-60,155
62,99,25,1,9,170,-70,155
63,0,46,0,43,50,50,55
63,1,13,0,43,50,50,60
63,2,22,0,38,50,55,60
63,3,47,0,63,50,55,60
63,4,5,0,58,50,60,60
63,5,26,1,68,50,55,60
63,6,6,1,60,50,55,65
63,7,10,0,55,55,55,65
63,8,43,0,75,55,45,65
63,9,11,1,80,55,45,65
63,10,45,0,80,55,45,70
63,11,20,0,75,55,60,70
63,12,4,1,85,55,60,65
63,13,17,1,70,55,70,65
63,14,23,0,65,45,70,70
63,15,43,1,65,45,75,55
63,16,5,0,60,45,80,55
63,17,3,0,75,45,75,55
63,18,9,0,70,45,75,60
63,19,43,0,90,45,65,60
63,20,1,1,82,45,70,60
63,21,14,0,82,45,70,65
63,22,38,1,87,45,70,65
63,23,26,1,97,45,65,65
63,24,41,0,87,55,65,65
63,25,2,0,77,55,70,65
63,26,10,1,97,55,60,65
63,27,6,1,89,55,60,70
63,28,48,0,79,55,60,75
63,29,10,1,99,55,50,75
63,30,7,1,104,55,50,70
63,31,25,0,104,50,60,70
63,32,40,1,104,40,70,70
63,33,22,1,104,45,60,70
63,34,17,1,89,45,70,70
63,35,39,1,94,45,70,65
63,36,9,0,89,45,70,70
63,37,23,1,99,45,65,70
63,38,23,1,109,45,60,70
63,39,45,1,109,50,60,70
63,40,7,0,94,55,60,70
63,41,44,0,94,55,70,75
63,42,13,1,99,60,70,75
63,43,9,0,94,60,70,80
63,44,12,0,89,70,70,80
63,45,13,1,94,75,70,80
63,46,41,0,84,85,70,80
63,47,41,1,89,75,70,80
63,48,2,0,79,75,75,80
63,49,11,1,84,75,75,80
63,50,22,1,84,80,65,80
63,51,15,1,84,85,65,80
63,52,16,1,84,85,55,80
63,53,11,1,89,85,55,80
63,54,23,0,84,75,55,85
63,55,4,0,69,80,55,85
63,56,22,1,69,85,45,85
63,57,11,1,74,85,45,85
63,58,8,0,74,90,35,85
63,59,12,1,79,90,35,85
63,60,39,0,72,95,35,85
63,61,16,1,72,95,25,85
63,62,9,0,67,95,25,90
63,63,5,1,72,95,15,90
63,64,4,1,82,95,15,85
63,65,6,1,74,95,15,90
63,66,13,0,74,95,15,95
63,67,10,1,94,95,5,95
63,68,11,1,99,95,5,95
63,69,47,0,124,95,5,95
63,70,4,1,134,95,5,90
63,71,3,0,149,95,0,90
63,72,21,1,149,100,-15,90
63,73,43,1,149,100,-10,75
63,74,23,0,144,90,-10,80
63,75,26,0,139,90,-10,85
63,76,15,1,139,95,-10,85
63,77,23,0,134,85,-10,90
63,78,12,0,129,95,-10,90
63,79,25,0,129,90,0,90
63,80,12,0,124,100,0,90
63,81,1,0,134,100,-15,90
63,82,8,0,134,105,-25,90
63,83,36,1,134,110,-25,85
63,84,14,0,134,110,-25,90
63,85,5,0,129,110,-20,90
63,86,38,0,124,115,-20,90
63,87,3,1,117,115,-20,95
63,88,16,0,107,120,-20,95
63,89,27,0,117,105,-20,95
63,90,23,1,127,105,-25,95
63,91,39,1,132,105,-25,90
63,92,4,1,142,105,-25,85
63,93,25,1,142,110,-35,85
63,94,47,1,142,110,-35,100
63,95,26,0,137,110,-35,105
63,96,39,1,142,110,-35,100
63,97,10,0,137,115,-35,100
63,98,27,0,147,100,-35,100
63,99,39,1,152,100,-35,95
64,0,22,0,45,50,55,50
64,1,7,0,30,55,55,50
64,2,8,1,20,55,55,55
64,3,41,0,10,65,55,55
64,4,19,1,25,65,55,55
64,5,30,0,25,65,45,65
64,6,40,0,25,75,35,65
64,7,40,0,25,85,25,65
64,8,7,1,30,85,25,60
64,9,46,0,23,85,25,65
64,10,6,1,15,85,25,70
64,11,48,0,5,85,25,75
64,12,24,0,0,85,30,75
64,13,9,1,5,85,30,75
64,14,13,1,10,90,30,75
64,15,27,1,10,95,25,75
64,16,1,1,2,95,30,75
64,17,1,0,12,95,15,75
64,18,43,0,32,95,5,75
64,19,12,1,37,95,5,75
64,20,15,1,37,100,5,75
64,21,9,1,42,100,5,75
64,22,3,0,57,100,0,75
64,23,10,1,77,100,-10,75
64,24,2,0,67,100,-5,75
64,25,10,0,62,105,-5,75
64,26,11,0,57,105,-5,77
64,27,46,1,62,105,-5,72
64,28,29,1,62,120,-25,72
64,29,13,0,62,120,-25,77
64,30,11,1,67,120,-25,77
64,31,19,1,82,120,-25,77
64,32,22,1,82,125,-35,77
64,33,2,1,87,125,-45,77
64,34,36,0,87,120,-45,79
64,35,14,0,87,120,-45,84
64,36,8,0,87,125,-55,84
64,37,3,0,102,125,-60,84
64,38,21,1,102,130,-75,84
64,39,6,1,94,130,-75,89
64,40,22,0,89,130,-70,89
64,41,9,0,84,130,-70,94
64,42,22,0,79,130,-65,94
64,43,1,1,71,130,-60,94
64,44,21,0,66,130,-45,94
64,45,15,1,66,135,-45,94
64,46,37,0,54,145,-45,94
64,47,4,1,64,145,-45,89
64,48,25,0,64,140,-35,89
64,49,41,1,69,130,-35,89
64,50,8,1,59,130,-35,94
64,51,3,1,52,130,-35,99
64,52,28,0,42,130,-25,99
64,53,26,1,52,130,-30,99
64,54,25,0,52,125,-20,99
64,55,6,0,62,125,-25,99
64,56,24,0,57,125,-20,99
64,57,15,0,77,120,-20,99
64,58,38,0,72,125,-20,99
64,59,20,0,67,125,-5,99
64,60,2,1,72,125,-15,99
64,61,43,0,92,125,-25,99
64,62,14,1,92,130,-25,99
64,63,27,1,92,135,-30,99
64,64,4,1,102,135,-30,94
64,65,27,0,112,120,-30,94
64,66,46,0,105,120,-30,99
64,67,29,1,105,135,-50,99
64,68,12,1,110,135,-50,99
64,69,24,1,115,135,-50,99
64,70,3,1,108,135,-50,104
64,71,16,1,108,135,-60,104
64,72,13,1,113,140,-60,104
64,73,6,0,123,140,-65,104
64,74,26,0,118,140,-65,109
64,75,9,1,123,140,-65,109
64,76,2,0,113,140,-60,109
64,77,12,1,118,140,-60,109
64,78,25,1,118,145,-70,109
64,79,38,1,123,145,-70,109
64,80,12,0,118,155,-70,109
64,81,22,0,113,155,-65,109
64,82,9,0,108,155,-65,114
64,83,42,1,108,160,-65,114
64,84,37,1,118,160,-65,114
64,85,5,1,123,160,-75,114
64,86,15,0,143,155,-75,114
64,87,17,1,128,155,-65,114
64,88,20,0,123,155,-50,114
64,89,24,0,118,155,-45,114
64,90,2,1,123,155,-55,114
64,91,46,0,116,155,-55,119
64,92,13,1,121,160,-55,119
64,93,22,1,121,165,-65,119
64,94,10,1,141,165,-75,119
64,95,11,0,136,165,-75,121
64,96,2,1,141,165,-85,121
64,97,2,0,131,165,-80,121
64,98,4,1,141,165,-80,116
64,99,41,0,131,175,-80,116
65,0,7,0,35,55,50,50
65,1,22,0,30,55,55,50
65,2,38,1,35,55,55,50
65,3,6,1,27,55,55,55
65,4,45,1,27,60,55,55
65,5,18,1,37,60,55,55
65,6,6,0,47,60,50,55
65,7,40,0,47,70,40,55
65,8,7,1,52,70,40,50
65,9,22,1,52,75,30,50
65,10,24,0,47,75,35,50
65,11,48,0,37,75,35,55
65,12,6,1,29,75,35,60
65,13,14,1,29,80,35,60
65,14,24,1,34,80,35,60
65,15,22,0,29,80,40,60
65,16,28,1,39,80,40,60
65,17,30,1,39,80,50,60
65,18,16,1,39,80,40,60
65,19,23,1,49,80,35,60
65,20,46,1,54,80,35,55
65,21,13,0,54,80,35,60
65,22,41,1,59,70,35,60
65,23,8,0,59,75,25,60
65,24,13,0,59,75,25,65
65,25,4,1,69,75,25,60
65,26,7,0,54,80,25,60
65,27,45,1,54,85,25,60
65,28,7,1,59,85,25,55
65,29,38,1,64,85,25,55
65,30,46,0,57,85,25,60
65,31,41,0,47,95,25,60
65,32,20,1,47,100,10,60
65,33,41,1,52,90,10,60
65,34,3,0,67,90,5,60
65,35,10,0,62,95,5,60
65,36,3,1,55,95,5,65
65,37,47,1,55,95,5,80
65,38,10,0,50,100,5,80
65,39,13,0,50,100,5,85
65,40,43,1,50,100,10,70
65,41,9,1,55,100,10,70
65,42,14,0,55,100,10,75
65,43,18,1,65,100,10,75
65,44,12,0,60,110,10,75
65,45,1,1,52,110,15,75
65,46,11,0,47,110,15,77
65,47,43,0,67,110,5,77
65,48,14,1,67,115,5,77
65,49,3,1,60,115,5,82
65,50,14,0,60,115,5,87
65,51,38,0,55,120,5,87
65,52,14,1,55,125,5,87
65,53,43,0,75,125,-5,87
65,54,3,1,68,125,-5,92
65,55,42,1,68,130,-5,92
65,56,26,0,63,130,-5,97
65,57,25,1,63,135,-15,97
65,58,25,1,63,140,-25,97
65,59,27,1,63,145,-30,97
65,60,42,1,63,150,-30,97
65,61,4,1,73,150,-30,92
65,62,17,1,58,150,-20,92
65,63,8,0,58,155,-30,92
65,64,13,1,63,160,-30,92
65,65,41,1,68,150,-30,92
65,66,26,1,78,150,-35,92
65,67,30,1,78,150,-25,92
65,68,11,1,83,150,-25,92
65,69,14,1,83,155,-25,92
65,70,8,1,73,155,-25,97
65,71,36,1,73,160,-25,92
65,72,14,1,73,165,-25,92
65,73,22,1,73,170,-35,92
65,74,5,1,78,170,-45,92
65,75,23,1,88,170,-50,92
65,76,15,1,88,175,-50,92
65,77,2,1,93,175,-60,92
65,78,20,0,88,175,-45,92
65,79,26,1,98,175,-50,92
65,80,14,0,98,175,-50,97
65,81,11,0,93,175,-50,99
65,82,20,1,93,180,-65,99
65,83,22,1,93,185,-75,99
65,84,38,1,98,185,-75,99
65,85,36,0,98,180,-75,101
65,86,2,0,88,180,-70,101
65,87,39,0,81,185,-70,101
65,88,41,1,86,175,-70,101
65,89,42,0,78,175,-70,111
65,90,25,0,78,170,-60,111
65,91,16,1,78,170,-70,111
65,92,23,1,88,170,-75,111
65,93,24,1,93,170,-75,111
65,94,41,0,83,180,-75,111
65,95,11,1,88,180,-75,111
65,96,46,1,93,180,-75,106
65,97,24,1,98,180,-75,106
65,98,15,1,98,185,-75,106
65,99,44,0,98,185,-65,111
66,0,5,0,45,50,55,50
66,1,47,0,70,50,55,50
66,2,37,1,80,50,55,50
66,3,23,1,90,50,50,50
66,4,40,0,90,60,40,50
66,5,22,0,85,60,45,50
66,6,9,1,90,60,45,50
66,7,14,0,90,60,45,55
66,8,16,0,80,65,45,55
66,9,40,0,80,75,35,55
66,10,22,0,75,75,40,55
66,11,41,0,65,85,40,55
66,12,27,0,75,70,40,55
66,13,8,1,65,70,40,60
66,14,1,1,57,70,45,60
66,15,15,0,77,65,45,60
66,16,1,0,87,65,30,60
66,17,22,0,82,65,35,60
66,18,20,0,77,65,50,60
66,19,44,0,77,65,60,65
66,20,10,1,97,65,50,65
66,21,30,0,97,65,40,75
66,22,7,1,102,65,40,70
66,23,27,1,102,70,35,70
66,24,36,1,102,75,35,65
66,25,15,0,122,70,35,65
66,26,5,0,117,70,40,65
66,27,26,1,127,70,35,65
66,28,20,1,127,75,20,65
66,29,42,1,127,80,20,65
66,30,26,0,122,80,20,70
66,31,16,0,112,85,20,70
66,32,45,1,112,90,20,70
66,33,9,0,107,90,20,75
66,34,37,1,117,90,20,75
66,35,13,1,122,95,20,75
66,36,1,1,114,95,25,75
66,37,48,0,104,95,25,80
66,38,18,0,79,95,25,90
66,39,22,1,79,100,15,90
66,40,6,0,89,100,10,90
66,41,38,1,94,100,10,90
66,42,28,1,104,100,10,90
66,43,2,0,94,100,15,90
66,44,14,1,94,105,15,90
66,45,11,1,99,105,15,90
66,46,1,0,109,105,0,90
66,47,13,0,109,105,0,95
66,48,15,0,129,100,0,95
66,49,26,1,139,100,-5,95
66,50,13,1,144,105,-5,95
66,51,12,0,139,115,-5,95
66,52,41,1,144,105,-5,95
66,53,25,1,144,110,-15,95
66,54,25,1,144,115,-25,95
66,55,26,1,154,115,-30,95
66,56,39,0,147,120,-30,95
66,57,20,1,147,125,-45,95
66,58,9,1,152,125,-45,95
66,59,1,0,162,125,-60,95
66,60,40,1,162,115,-50,95
66,61,9,1,167,115,-50,95
66,62,5,1,172,115,-60,95
66,63,9,0,167,115,-60,100
66,64,22,1,167,120,-70,100
66,65,41,0,157,130,-70,100
66,66,16,0,147,135,-70,100
66,67,14,1,147,140,-70,100
66,68,1,0,157,140,-85,100
66,69,48,1,157,145,-85,90
66,70,37,0,145,155,-85,90
66,71,5,1,150,155,-95,90
66,72,41,1,155,145,-95,90
66,73,10,0,150,150,-95,90
66,74,45,1,150,155,-95,90
66,75,41,0,140,165,-95,90
66,76,25,0,140,160,-85,90
66,77,46,1,145,160,-85,85
66,78,23,0,140,150,-85,90
66,79,16,1,140,150,-95,90
66,80,42,1,140,155,-95,90
66,81,22,1,140,160,-105,90
66,82,44,1,145,160,-105,90
66,83,24,0,140,160,-100,90
66,84,10,1,160,160,-110,90
66,85,26,0,155,160,-110,95
66,86,15,0,175,155,-110,95
66,87,5,1,180,155,-120,95
66,88,26,1,190,155,-125,95
66,89,4,1,200,155,-125,90
66,90,8,0,200,160,-135,90
66,91,15,1,200,165,-135,90
66,92,22,0,195,165,-130,90
66,93,28,1,205,165,-130,90
66,94,22,0,200,165,-125,90
66,95,46,1,205,165,-125,85
66,96,20,1,205,170,-140,85
66,97,25,0,205,165,-130,85
66,98,3,0,220,165,-135,85
66,99,46,1,225,165,-135,80
67,0,14,0,50,50,50,55
67,1,3,1,43,50,50,60
67,2,7,0,28,55,50,60
67,3,2,0,18,55,55,60
67,4,14,0,18,55,55,65
67,5,3,0,33,55,50,65
67,6,28,1,43,55,50,65
67,7,38,0,38,60,50,65
67,8,8,1,28,60,50,70
67,9,12,0,23,70,50,70
67,10,44,0,23,70,60,75
67,11,18,1,33,70,60,75
67,12,23,1,43,70,55,75
67,13,23,0,38,60,55,80
67,14,10,0,33,65,55,80
67,15,6,0,43,65,50,80
67,16,42,0,35,65,50,90
67,17,26,1,45,65,45,90
67,18,16,1,45,65,35,90
67,19,13,0,45,65,35,95
67,20,39,0,38,70,35,95
67,21,41,1,43,60,35,95
67,22,29,0,33,60,40,95
67,23,18,0,8,60,40,105
67,24,4,1,18,60,40,100
67,25,6,0,28,60,35,100
67,26,21,1,28,65,20,100
67,27,4,1,38,65,20,95
67,28,2,1,43,65,10,95
67,29,23,0,38,55,10,100
67,30,20,0,33,55,25,100
67,31,36,0,33,50,25,102
67,32,46,0,26,50,25,107
67,33,29,0,16,50,30,107
67,34,18,1,26,50,30,107
67,35,41,1,31,40,30,107
67,36,30,1,31,40,40,107
67,37,16,1,31,40,30,107
67,38,12,1,36,40,30,107
67,39,16,1,36,40,20,107
67,40,28,1,46,40,20,107
67,41,14,1,46,45,20,107
67,42,18,1,56,45,20,107
67,43,13,0,56,45,20,112
67,44,37,1,66,45,20,112
67,45,16,1,66,45,10,112
67,46,23,1,76,45,5,112
67,47,22,1,76,50,-5,112
67,48,4,1,86,50,-5,107
67,49,16,0,76,55,-5,107
67,50,27,1,76,60,-10,107
67,51,24,1,81,60,-10,107
67,52,11,1,86,60,-10,107
67,53,27,1,86,65,-15,107
67,54,4,1,96,65,-15,102
67,55,14,0,96,65,-15,107
67,56,42,0,88,65,-15,117
67,57,13,1,93,70,-15,117
67,58,8,0,93,75,-25,117
67,59,15,1,93,80,-25,117
67,60,2,0,83,80,-20,117
67,61,24,0,78,80,-15,117
67,62,10,0,73,85,-15,117
67,63,37,1,83,85,-15,117
67,64,38,0,78,90,-15,117
67,65,12,0,73,100,-15,117
67,66,4,0,58,105,-15,117
67,67,20,0,53,105,0,117
67,68,21,1,53,110,-15,117
67,69,21,0,48,110,0,117
67,70,20,0,43,110,15,117
67,71,46,1,48,110,15,112
67,72,8,1,38,110,15,117
67,73,25,1,38,115,5,117
67,74,4,0,23,120,5,117
67,75,2,1,28,120,-5,117
67,76,47,1,28,120,-5,132
67,77,16,1,28,120,-15,132
67,78,3,1,21,120,-15,137
67,79,11,0,16,120,-15,139
67,80,1,1,8,120,-10,139
67,81,8,0,8,125,-20,139
67,82,23,1,18,125,-25,139
67,83,38,1,23,125,-25,139
67,84,15,1,23,130,-25,139
67,85,13,0,23,130,-25,144
67,86,38,0,18,135,-25,144
67,87,25,0,18,130,-15,144
67,88,2,0,8,130,-10,144
67,89,14,0,8,130,-10,149
67,90,23,1,18,130,-15,149
67,91,10,1,38,130,-25,149
67,92,41,1,43,120,-25,149
67,93,39,0,36,125,-25,149
67,94,9,1,41,125,-25,149
67,95,18,0,16,125,-25,159
67,96,44,0,16,125,-15,164
67,97,13,0,16,125,-15,169
67,98,18,1,26,125,-15,169
67,99,14,1,26,130,-15,169
68,0,44,1,55,50,50,50
68,1,26,1,65,50,45,50
68,2,14,0,65,50,45,55
68,3,40,1,65,40,55,55
68,4,41,0,55,50,55,55
68,5,12,1,60,50,55,55
68,6,26,0,55,50,55,60
68,7,23,1,65,50,50,60
68,8,22,0,60,50,55,60
68,9,23,0,55,40,55,65
68,10,8,0,55,45,45,65
68,11,26,0,50,45,45,70
68,12,10,1,70,45,35,70
68,13,11,0,65,45,35,72
68,14,21,1,65,50,20,72
68,15,21,1,65,55,5,72
68,16,45,0,65,55,5,77
68,17,8,1,55,55,5,82
68,18,10,0,50,60,5,82
68,19,5,0,45,60,10,82
68,20,24,1,50,60,10,82
68,21,16,1,50,60,0,82
68,22,26,1,60,60,-5,82
68,23,4,1,70,60,-5,77
68,24,7,1,75,60,-5,72
68,25,13,0,75,60,-5,77
68,26,6,1,67,60,-5,82
68,27,41,0,57,70,-5,82
68,28,4,1,67,70,-5,77
68,29,13,0,67,70,-5,82
68,30,4,1,77,70,-5,77
68,31,4,1,87,70,-5,72
68,32,5,0,82,70,0,72
68,33,3,0,97,70,-5,72
68,34,3,1,90,70,-5,77
68,35,38,1,95,70,-5,77
68,36,14,0,95,70,-5,82
68,37,16,0,85,75,-5,82
68,38,23,1,95,75,-10,82
68,39,1,1,87,75,-5,82
68,40,41,0,77,85,-5,82
68,41,1,0,87,85,-20,82
68,42,19,0,67,85,-10,92
68,43,18,0,42,85,-10,102
68,44,10,1,62,85,-20,102
68,45,14,0,62,85,-20,107
68,46,29,0,52,85,-15,107
68,47,38,0,47,90,-15,107
68,48,26,1,57,90,-20,107
68,49,13,1,62,95,-20,107
68,50,43,0,82,95,-30,107
68,51,29,0,72,95,-25,107
68,52,6,0,82,95,-30,107
68,53,1,0,92,95,-45,107
68,54,23,0,87,85,-45,112
68,55,14,1,87,90,-45,112
68,56,1,1,79,90,-40,112
68,57,13,1,84,95,-40,112
68,58,13,1,89,100,-40,112
68,59,37,0,77,110,-40,112
68,60,41,0,67,120,-40,112
68,61,25,0,67,115,-30,112
68,62,28,1,77,115,-30,112
68,63,48,0,67,115,-30,117
68,64,1,1,59,115,-25,117
68,65,9,0,54,115,-25,122
68,66,24,1,59,115,-25,122
68,67,22,1,59,120,-35,122
68,68,23,0,54,110,-35,127
68,69,28,0,44,110,-25,127
68,70,23,0,39,100,-25,132
68,71,25,0,39,95,-15,132
68,72,4,1,49,95,-15,127
68,73,10,0,44,100,-15,127
68,74,14,1,44,105,-15,127
68,75,13,1,49,110,-15,127
68,76,5,0,44,110,-10,127
68,77,12,0,39,120,-10,127
68,78,4,1,49,120,-10,122
68,79,42,0,41,120,-10,132
68,80,11,0,36,120,-10,134
68,81,26,0,31,120,-10,139
68,82,26,1,41,120,-15,139
68,83,42,1,41,125,-15,139
68,84,11,1,46,125,-15,139
68,85,39,1,51,125,-15,134
68,86,15,0,71,120,-15,134
68,87,39,0,64,125,-15,134
68,88,28,0,54,125,-5,134
68,89,11,0,49,125,-5,136
68,90,4,0,34,130,-5,136
68,91,29,1,34,145,-25,136
68,92,8,0,34,150,-35,136
68,93,27,0,44,135,-35,136
68,94,23,1,54,135,-40,136
68,95,25,0,54,130,-30,136
68,96,9,1,59,130,-30,136
68,97,27,1,59,135,-35,136
68,98,36,0,59,130,-35,138
68,99,16,0,49,135,-35,138
69,0,41,1,55,40,50,50
69,1,13,0,55,40,50,55
69,2,41,1,60,30,50,55
69,3,1,0,70,30,35,55
69,4,41,1,75,20,35,55
69,5,15,1,75,25,35,55
69,6,1,0,85,25,20,55
69,7,14,0,85,25,20,60
69,8,11,0,80,25,20,62
69,9,45,1,80,30,20,62
69,10,11,1,85,30,20,62
69,11,47,1,85,30,20,77
69,12,39,1,90,30,20,72
69,13,30,0,90,30,10,82
69,14,17,1,75,30,20,82
69,15,4,0,60,35,20,82
69,16,5,0,55,35,25,82
69,17,45,1,55,40,25,82
69,18,19,1,70,40,25,82
69,19,36,1,70,45,25,77
69,20,19,0,50,45,35,87
69,21,47,1,50,45,35,102
69,22,15,1,50,50,35,102
69,23,43,0,70,50,25,102
69,24,5,0,65,50,30,102
69,25,9,1,70,50,30,102
69,26,36,0,70,45,30,104
69,27,5,1,75,45,20,104
69,28,11,1,80,45,20,104
69,29,22,1,80,50,10,104
69,30,12,1,85,50,10,104
69,31,25,1,85,55,0,104
69,32,22,1,85,60,-10,104
69,33,10,1,105,60,-20,104
69,34,27,0,115,45,-20,104
69,35,23,0,110,35,-20,109
69,36,9,1,115,35,-20,109
69,37,41,0,105,45,-20,109
69,38,25,0,105,40,-10,109
69,39,4,0,90,45,-10,109
69,40,10,0,85,50,-10,109
69,41,44,0,85,50,0,114
69,42,21,0,80,50,15,114
69,43,20,1,80,55,0,114
69,44,20,0,75,55,15,114
69,45,8,0,75,60,5,114
69,46,42,1,75,65,5,114
69,47,9,1,80,65,5,114
69,48,10,0,75,70,5,114
69,49,20,1,75,75,-10,114
69,50,23,1,85,75,-15,114
69,51,1,0,95,75,-30,114
69,52,21,0,90,75,-15,114
69,53,6,1,82,75,-15,119
69,54,22,0,77,75,-10,119
69,55,26,1,87,75,-15,119
69,56,10,0,82,80,-15,119
69,57,21,0,77,80,0,119
69,58,15,1,77,85,0,119
69,59,39,1,82,85,0,114
69,60,4,1,92,85,0,109
69,61,14,0,92,85,0,114
69,62,12,1,97,85,0,114
69,63,47,0,122,85,0,114
69,64,19,1,137,85,0,114
69,65,46,1,142,85,0,109
69,66,11,0,137,85,0,111
69,67,2,0,127,85,5,111
69,68,10,1,147,85,-5,111
69,69,20,0,142,85,10,111
69,70,1,0,152,85,-5,111
69,71,3,0,167,85,-10,111
69,72,21,1,167,90,-25,111
69,73,14,0,167,90,-25,116
69,74,37,1,177,90,-25,116
69,75,2,0,167,90,-20,116
69,76,16,1,167,90,-30,116
69,77,37,0,155,100,-30,116
69,78,12,0,150,110,-30,116
69,79,5,0,145,110,-25,116
69,80,38,0,140,115,-25,116
69,81,3,1,133,115,-25,121
69,82,16,0,123,120,-25,121
69,83,25,0,123,115,-15,121
69,84,44,0,123,115,-5,126
69,85,1,1,115,115,0,126
69,86,15,0,135,110,0,126
69,87,24,1,140,110,0,126
69,88,41,0,130,120,0,126
69,89,36,1,130,125,0,121
69,90,15,1,130,130,0,121
69,91,20,1,130,135,-15,121
69,92,12,0,125,145,-15,121
69,93,14,0,125,145,-15,126
69,94,22,0,120,145,-10,126
69,95,20,1,120,150,-25,126
69,96,43,0,140,150,-35,126
69,97,13,1,145,155,-35,126
69,98,47,1,145,155,-35,141
69,99,4,1,155,155,-35,136
70,0,10,1,70,50,40,50
70,1,37,0,58,60,40,50
70,2,16,0,48,65,40,50
70,3,37,1,58,65,40,50
70,4,10,0,53,70,40,50
70,5,3,1,46,70,40,55
70,6,8,1,36,70,40,60
70,7,16,1,36,70,30,60
70,8,39,0,29,75,30,60
70,9,26,1,39,75,25,60
70,10,13,0,39,75,25,65
70,11,18,1,49,75,25,65
70,12,17,0,29,85,25,65
70,13,19,1,44,85,25,65
70,14,10,1,64,85,15,65
70,15,14,1,64,90,15,65
70,16,13,0,64,90,15,70
70,17,16,1,64,90,5,70
70,18,3,0,79,90,0,70
70,19,23,1,89,90,-5,70
70,20,1,1,81,90,0,70
70,21,41,0,71,100,0,70
70,22,20,0,66,100,15,70
70,23,1,1,58,100,20,70
70,24,20,1,58,105,5,70
70,25,6,0,68,105,0,70
70,26,15,0,88,100,0,70
70,27,5,0,83,100,5,70
70,28,28,1,93,100,5,70
70,29,30,0,93,100,-5,80
70,30,38,1,98,100,-5,80
70,31,24,1,103,100,-5,80
70,32,20,1,103,105,-20,80
70,33,1,1,95,105,-15,80
70,34,2,1,100,105,-25,80
70,35,40,1,100,95,-15,80
70,36,26,1,110,95,-20,80
70,37,15,1,110,100,-20,80
70,38,3,1,103,100,-20,85
70,39,3,0,118,100,-25,85
70,40,37,0,106,110,-25,85
70,41,11,0,101,110,-25,87
70,42,9,1,106,110,-25,87
70,43,2,0,96,110,-20,87
70,44,40,1,96,100,-10,87
70,45,41,0,86,110,-10,87
70,46,3,1,79,110,-10,92
70,47,2,1,84,110,-20,92
70,48,16,1,84,110,-30,92
70,49,39,1,89,110,-30,87
70,50,5,0,84,110,-25,87
70,51,13,0,84,110,-25,92
70,52,43,1,84,110,-20,77
70,53,1,0,94,110,-35,77
70,54,27,1,94,115,-40,77
70,55,12,0,89,125,-40,77
70,56,11,1,94,125,-40,77
70,57,3,1,87,125,-40,82
70,58,36,1,87,130,-40,77
70,59,22,0,82,130,-35,77
70,60,10,0,77,135,-35,77
70,61,6,1,69,135,-35,82
70,62,22,0,64,135,-30,82
70,63,14,1,64,140,-30,82
70,64,7,0,49,145,-30,82
70,65,28,1,59,145,-30,82
70,66,1,0,69,145,-45,82
70,67,6,0,79,145,-50,82
70,68,22,1,79,150,-60,82
70,69,1,0,89,150,-75,82
70,70,26,0,84,150,-75,87
70,71,16,1,84,150,-85,87
70,72,4,0,69,155,-85,87
70,73,46,0,62,155,-85,92
70,74,5,1,67,155,-95,92
70,75,27,0,77,140,-95,92
70,76,38,1,82,140,-95,92
70,77,27,0,92,125,-95,92
70,78,46,1,97,125,-95,87
70,79,9,1,102,125,-95,87
70,80,16,1,102,125,-105,87
70,81,14,1,102,130,-105,87
70,82,26,0,97,130,-105,92
70,83,10,1,117,130,-115,92
70,84,2,1,122,130,-125,92
70,85,10,1,142,130,-135,92
70,86,3,0,157,130,-140,92
70,87,25,0,157,125,-130,92
70,88,37,0,145,135,-130,92
70,89,1,0,155,135,-145,92
70,90,7,1,160,135,-145,87
70,91,2,0,150,135,-140,87
70,92,23,1,160,135,-145,87
70,93,1,1,152,135,-140,87
70,94,6,0,162,135,-145,87
70,95,40,0,162,145,-155,87
70,96,28,1,172,145,-155,87
70,97,46,0,165,145,-155,92
70,98,9,1,170,145,-155,92
70,99,15,0,190,140,-155,92
71,0,21,1,50,55,35,50
71,1,17,1,35,55,45,50
71,2,26,0,30,55,45,55
71,3,27,1,30,60,40,55
71,4,9,0,25,60,40,60
71,5,13,0,25,60,40,65
71,6,14,1,25,65,40,65
71,7,2,0,15,65,45,65
71,8,7,1,20,65,45,60
71,9,1,1,12,65,50,60
71,10,48,0,2,65,50,65
71,11,41,0,-8,75,50,65
71,12,20,1,-8,80,35,65
71,13,13,0,-8,80,35,70
71,14,13,1,-3,85,35,70
71,15,1,0,7,85,20,70
71,16,16,1,7,85,10,70
71,17,10,1,27,85,0,70
71,18,38,0,22,90,0,70
71,19,26,0,17,90,0,75
71,20,25,0,17,85,10,75
71,21,44,0,17,85,20,80
71,22,3,0,32,85,15,80
71,23,6,0,42,85,10,80
71,24,11,1,47,85,10,80
71,25,45,0,47,85,10,85
71,26,27,0,57,70,10,85
71,27,14,1,57,75,10,85
71,28,5,1,62,75,0,85
71,29,2,0,52,75,5,85
71,30,25,0,52,70,15,85
71,31,7,0,37,75,15,85
71,32,41,0,27,85,15,85
71,33,10,1,47,85,5,85
71,34,15,0,67,80,5,85
71,35,13,0,67,80,5,90
71,36,16,1,67,80,-5,90
71,37,2,1,72,80,-15,90
71,38,14,0,72,80,-15,95
71,39,15,1,72,85,-15,95
71,40,3,1,65,85,-15,100
71,41,10,0,60,90,-15,100
71,42,43,0,80,90,-25,100
71,43,8,1,70,90,-25,105
71,44,20,0,65,90,-10,105
71,45,22,0,60,90,-5,105
71,46,8,0,60,95,-15,105
71,47,3,0,75,95,-20,105
71,48,22,0,70,95,-15,105
71,49,38,0,65,100,-15,105
71,50,45,1,65,105,-15,105
71,51,4,1,75,105,-15,100
71,52,22,0,70,105,-10,100
71,53,22,1,70,110,-20,100
71,54,9,0,65,110,-20,105
71,55,38,1,70,110,-20,105
71,56,47,1,70,110,-20,120
71,57,3,1,63,110,-20,125
71,58,3,1,56,110,-20,130
71,59,36,1,56,115,-20,125
71,60,43,0,76,115,-30,125
71,61,41,1,81,105,-30,125
71,62,22,0,76,105,-25,125
71,63,40,1,76,95,-15,125
71,64,45,0,76,95,-15,130
71,65,5,0,71,95,-10,130
71,66,3,0,86,95,-15,130
71,67,12,0,81,105,-15,130
71,68,23,0,76,95,-15,135
71,69,6,1,68,95,-15,140
71,70,10,1,88,95,-25,140
71,71,18,0,63,95,-25,150
71,72,6,0,73,95,-30,150
71,73,22,1,73,100,-40,150
71,74,12,1,78,100,-40,150
71,75,19,0,58,100,-30,160
71,76,38,1,63,100,-30,160
71,77,2,0,53,100,-25,160
71,78,9,1,58,100,-25,160
71,79,25,1,58,105,-35,160
71,80,46,1,63,105,-35,155
71,81,9,0,58,105,-35,160
71,82,23,1,68,105,-40,160
71,83,41,0,58,115,-40,160
71,84,14,1,58,120,-40,160
71,85,23,1,68,120,-45,160
71,86,5,1,73,120,-55,160
71,87,14,0,73,120,-55,165
71,88,26,1,83,120,-60,165
71,89,4,1,93,120,-60,160
71,90,9,1,98,120,-60,160
71,91,16,1,98,120,-70,160
71,92,20,1,98,125,-85,160
71,93,17,0,78,135,-85,160
71,94,47,0,103,135,-85,160
71,95,9,0,98,135,-85,165
71,96,4,1,108,135,-85,160
71,97,45,1,108,140,-85,160
71,98,44,0,108,140,-75,165
71,99,14,1,108,145,-75,165
72,0,17,1,35,50,60,50
72,1,47,0,60,50,60,50
72,2,39,0,53,55,60,50
72,3,15,0,73,50,60,50
72,4,4,0,58,55,60,50
72,5,4,1,68,55,60,45
72,6,3,1,61,55,60,50
72,7,4,1,71,55,60,45
72,8,4,0,56,60,60,45
72,9,2,0,46,60,65,45
72,10,41,1,51,50,65,45
72,11,27,1,51,55,60,45
72,12,6,0,61,55,55,45
72,13,20,0,56,55,70,45
72,14,21,0,51,55,85,45
72,15,24,0,46,55,90,45
72,16,10,1,66,55,80,45
72,17,25,1,66,60,70,45
72,18,15,0,86,55,70,45
72,19,38,0,81,60,70,45
72,20,46,1,86,60,70,40
72,21,11,0,81,60,70,42
72,22,7,0,66,65,70,42
72,23,26,1,76,65,65,42
72,24,12,0,71,75,65,42
72,25,5,0,66,75,70,42
72,26,1,0,76,75,55,42
72,27,5,1,81,75,45,42
72,28,15,1,81,80,45,42
72,29,23,0,76,70,45,47
72,30,10,1,96,70,35,47
72,31,13,0,96,70,35,52
72,32,9,1,101,70,35,52
72,33,5,1,106,70,25,52
72,34,21,1,106,75,10,52
72,35,41,1,111,65,10,52
72,36,16,1,111,65,0,52
72,37,3,0,126,65,-5,52
72,38,10,0,121,70,-5,52
72,39,16,1,121,70,-15,52
72,40,1,1,113,70,-10,52
72,41,21,0,108,70,5,52
72,42,2,0,98,70,10,52
72,43,28,0,88,70,20,52
72,44,36,0,88,65,20,54
72,45,26,1,98,65,15,54
72,46,45,0,98,65,15,59
72,47,44,0,98,65,25,64
72,48,28,1,108,65,25,64
72,49,13,1,113,70,25,64
72,50,23,1,123,70,20,64
72,51,12,1,128,70,20,64
72,52,10,1,148,70,10,64
72,53,22,1,148,75,0,64
72,54,3,1,141,75,0,69
72,55,10,0,136,80,0,69
72,56,14,1,136,85,0,69
72,57,1,1,128,85,5,69
72,58,9,1,133,85,5,69
72,59,11,1,138,85,5,69
72,60,37,0,126,95,5,69
72,61,15,1,126,100,5,69
72,62,13,0,126,100,5,74
72,63,36,1,126,105,5,69
72,64,8,0,126,110,-5,69
72,65,29,1,126,125,-25,69
72,66,16,0,116,130,-25,69
72,67,3,0,131,130,-30,69
72,68,39,0,124,135,-30,69
72,69,12,0,119,145,-30,69
72,70,47,0,144,145,-30,69
72,71,37,1,154,145,-30,69
72,72,26,1,164,145,-35,69
72,73,13,0,164,145,-35,74
72,74,15,0,184,140,-35,74
72,75,14,1,184,145,-35,74
72,76,12,0,179,155,-35,74
72,77,26,1,189,155,-40,74
72,78,10,0,184,160,-40,74
72,79,3,1,177,160,-40,79
72,80,25,0,177,155,-30,79
72,81,11,1,182,155,-30,79
72,82,45,0,182,155,-30,84
72,83,22,1,182,160,-40,84
72,84,2,0,172,160,-35,84
72,85,6,1,164,160,-35,89
72,86,11,1,169,160,-35,89
72,87,13,0,169,160,-35,94
72,88,38,1,174,160,-35,94
72,89,7,1,179,160,-35,89
72,90,20,0,174,160,-20,89
72,91,41,1,179,150,-20,89
72,92,21,0,174,150,-5,89
72,93,8,0,174,155,-15,89
72,94,10,0,169,160,-15,89
72,95,4,0,154,165,-15,89
72,96,19,1,169,165,-15,89
72,97,7,0,154,170,-15,89
72,98,41,0,144,180,-15,89
72,99,22,0,139,180,-10,89
73,0,24,1,55,50,50,50
73,1,20,1,55,55,35,50
73,2,5,0,50,55,40,50
73,3,11,1,55,55,40,50
73,4,5,1,60,55,30,50
73,5,23,0,55,45,30,55
73,6,4,0,40,50,30,55
73,7,39,1,45,50,30,50
73,8,4,0,30,55,30,50
73,9,8,0,30,60,20,50
73,10,2,1,35,60,10,50
73,11,15,0,55,55,10,50
73,12,37,1,65,55,10,50
73,13,41,0,55,65,10,50
73,14,13,1,60,70,10,50
73,15,11,1,65,70,10,50
73,16,25,0,65,65,20,50
73,17,24,0,60,65,25,50
73,18,4,0,45,70,25,50
73,19,16,0,35,75,25,50
73,20,43,0,55,75,15,50
73,21,14,1,55,80,15,50
73,22,38,0,50,85,15,50
73,23,22,1,50,90,5,50
73,24,9,1,55,90,5,50
73,25,4,1,65,90,5,45
73,26,24,0,60,90,10,45
73,27,15,1,60,95,10,45
73,28,1,0,70,95,-5,45
73,29,20,1,70,100,-20,45
73,30,41,0,60,110,-20,45
73,31,1,1,52,110,-15,45
73,32,36,0,52,105,-15,47
73,33,46,0,45,105,-15,52
73,34,14,0,45,105,-15,57
73,35,11,0,40,105,-15,59
73,36,16,0,30,110,-15,59
73,37,7,0,15,115,-15,59
73,38,4,1,25,115,-15,54
73,39,12,0,20,125,-15,54
73,40,9,1,25,125,-15,54
73,41,11,1,30,125,-15,54
73,42,10,1,50,125,-25,54
73,43,3,0,65,125,-30,54
73,44,27,0,75,110,-30,54
73,45,22,0,70,110,-25,54
73,46,16,0,60,115,-25,54
73,47,40,1,60,105,-15,54
73,48,15,1,60,110,-15,54
73,49,24,1,65,110,-15,54
73,50,3,1,58,110,-15,59
73,51,22,0,53,110,-10,59
73,52,14,1,53,115,-10,59
73,53,2,0,43,115,-5,59
73,54,48,0,33,115,-5,64
73,55,22,0,28,115,0,64
73,56,3,1,21,115,0,69
73,57,41,0,11,125,0,69
73,58,5,0,6,125,5,69
73,59,39,1,11,125,5,64
73,60,41,0,1,135,5,64
73,61,12,1,6,135,5,64
73,62,14,0,6,135,5,69
73,63,2,0,-4,135,10,69
73,64,23,1,6,135,5,69
73,65,17,0,-14,145,5,69
73,66,38,1,-9,145,5,69
73,67,18,1,1,145,5,69
73,68,39,1,6,145,5,64
73,69,11,0,1,145,5,66
73,70,9,0,-4,145,5,71
73,71,6,0,6,145,0,71
73,72,6,0,16,145,-5,71
73,73,30,0,16,145,-15,81
73,74,2,0,6,145,-10,81
73,75,36,1,6,150,-10,76
73,76,26,0,1,150,-10,81
73,77,25,0,1,145,0,81
73,78,8,0,1,150,-10,81
73,79,25,1,1,155,-20,81
73,80,47,0,26,155,-20,81
73,81,43,0,46,155,-30,81
73,82,1,1,38,155,-25,81
73,83,4,1,48,155,-25,76
73,84,5,0,43,155,-20,76
73,85,14,1,43,160,-20,76
73,86,26,0,38,160,-20,81
73,87,12,0,33,170,-20,81
73,88,38,1,38,170,-20,81
73,89,13,0,38,170,-20,86
73,90,36,0,38,165,-20,88
73,91,16,0,28,170,-20,88
73,92,3,0,43,170,-25,88
73,93,22,1,43,175,-35,88
73,94,43,1,43,175,-30,73
73,95,40,0,43,185,-40,73
73,96,1,0,53,185,-55,73
73,97,2,1,58,185,-65,73
73,98,41,1,63,175,-65,73
73,99,23,0,58,165,-65,78
74,0,20,0,45,50,65,50
74,1,27,0,55,35,65,50
74,2,16,0,45,40,65,50
74,3,9,1,50,40,65,50
74,4,8,1,40,40,65,55
74,5,3,1,33,40,65,60
74,6,16,1,33,40,55,60
74,7,4,1,43,40,55,55
74,8,39,0,36,45,55,55
74,9,9,0,31,45,55,60
74,10,10,0,26,50,55,60
74,11,30,1,26,50,65,60
74,12,10,0,21,55,65,60
74,13,26,1,31,55,60,60
74,14,28,1,41,55,60,60
74,15,5,0,36,55,65,60
74,16,27,1,36,60,60,60
74,17,46,0,29,60,60,65
74,18,27,1,29,65,55,65
74,19,13,1,34,70,55,65
74,20,38,1,39,70,55,65
74,21,12,0,34,80,55,65
74,22,39,1,39,80,55,60
74,23,38,1,44,80,55,60
74,24,2,1,49,80,45,60
74,25,11,1,54,80,45,60
74,26,19,1,69,80,45,60
74,27,15,1,69,85,45,60
74,28,10,1,89,85,35,60
74,29,38,1,94,85,35,60
74,30,12,1,99,85,35,60
74,31,46,0,92,85,35,65
74,32,20,1,92,90,20,65
74,33,7,0,77,95,20,65
74,34,25,0,77,90,30,65
74,35,23,1,87,90,25,65
74,36,12,0,82,100,25,65
74,37,25,0,82,95,35,65
74,38,13,1,87,100,35,65
74,39,8,1,77,100,35,70
74,40,22,1,77,105,25,70
74,41,47,0,102,105,25,70
74,42,20,0,97,105,40,70
74,43,42,0,89,105,40,80
74,44,5,0,84,105,45,80
74,45,11,1,89,105,45,80
74,46,36,1,89,110,45,75
74,47,17,0,69,120,45,75
74,48,22,0,64,120,50,75
74,49,5,0,59,120,55,75
74,50,9,1,64,120,55,75
74,51,14,1,64,125,55,75
74,52,21,1,64,130,40,75
74,53,23,1,74,130,35,75
74,54,17,1,59,130,45,75
74,55,3,0,74,130,40,75
74,56,12,0,69,140,40,75
74,57,14,0,69,140,40,80
74,58,20,0,64,140,55,80
74,59,25,0,64,135,65,80
74,60,36,1,64,140,65,75
74,61,11,0,59,140,65,77
74,62,7,1,64,140,65,72
74,63,1,1,56,140,70,72
74,64,36,0,56,135,70,74
74,65,16,1,56,135,60,74
74,66,29,0,46,135,65,74
74,67,9,1,51,135,65,74
74,68,12,0,46,145,65,74
74,69,16,1,46,145,55,74
74,70,23,1,56,145,50,74
74,71,14,1,56,150,50,74
74,72,26,1,66,150,45,74
74,73,8,0,66,155,35,74
74,74,15,1,66,160,35,74
74,75,2,1,71,160,25,74
74,76,38,1,76,160,25,74
74,77,16,1,76,160,15,74
74,78,12,0,71,170,15,74
74,79,23,1,81,170,10,74
74,80,44,0,81,170,20,79
74,81,22,0,76,170,25,79
74,82,16,0,66,175,25,79
74,83,2,0,56,175,30,79
74,84,43,0,76,175,20,79
74,85,11,0,71,175,20,81
74,86,4,0,56,180,20,81
74,87,26,0,51,180,20,86
74,88,36,0,51,175,20,88
74,89,46,0,44,175,20,93
74,90,2,1,49,175,10,93
74,91,22,1,49,180,0,93
74,92,21,1,49,185,-15,93
74,93,48,1,49,190,-15,83
74,94,3,1,42,190,-15,88
74,95,8,0,42,195,-25,88
74,96,10,0,37,200,-25,88
74,97,4,1,47,200,-25,83
74,98,12,0,42,210,-25,83
74,99,27,0,52,195,-25,83
75,0,13,0,50,50,50,55
75,1,24,1,55,50,50,55
75,2,15,0,75,45,50,55
75,3,29,0,65,45,55,55
75,4,38,1,70,45,55,55
75,5,25,1,70,50,45,55
75,6,26,1,80,50,40,55
75,7,38,0,75,55,40,55
75,8,36,0,75,50,40,57
75,9,13,0,75,50,40,62
75,10,11,1,80,50,40,62
75,11,17,0,60,60,40,62
75,12,41,0,50,70,40,62
75,13,22,1,50,75,30,62
75,14,12,0,45,85,30,62
75,15,22,1,45,90,20,62
75,16,40,1,45,80,30,62
75,17,22,1,45,85,20,62
75,18,23,0,40,75,20,67
75,19,26,0,35,75,20,72
75,20,44,1,40,75,20,72
75,21,5,1,45,75,10,72
75,22,29,0,35,75,15,72
75,23,13,1,40,80,15,72
75,24,10,1,60,80,5,72
75,25,25,0,60,75,15,72
75,26,37,0,48,85,15,72
75,27,2,0,38,85,20,72
75,28,2,1,43,85,10,72
75,29,2,1,48,85,0,72
75,30,40,0,48,95,-10,72
75,31,39,0,41,100,-10,72
75,32,14,0,41,100,-10,77
75,33,47,0,66,100,-10,77
75,34,15,1,66,105,-10,77
75,35,18,1,76,105,-10,77
75,36,17,1,61,105,0,77
75,37,6,1,53,105,0,82
75,38,25,0,53,100,10,82
75,39,3,0,68,100,5,82
75,40,17,1,53,100,15,82
75,41,21,0,48,100,30,82
75,42,14,0,48,100,30,87
75,43,2,0,38,100,35,87
75,44,48,0,28,100,35,92
75,45,23,0,23,90,35,97
75,46,17,1,8,90,45,97
75,47,26,1,18,90,40,97
75,48,21,1,18,95,25,97
75,49,11,1,23,95,25,97
75,50,25,1,23,100,15,97
75,51,1,1,15,100,20,97
75,52,36,0,15,95,20,99
75,53,27,1,15,100,15,99
75,54,42,1,15,105,15,99
75,55,2,0,5,105,20,99
75,56,10,1,25,105,10,99
75,57,16,0,15,110,10,99
75,58,9,0,10,110,10,104
75,59,39,1,15,110,10,99
75,60,38,0,10,115,10,99
75,61,12,0,5,125,10,99
75,62,3,0,20,125,5,99
75,63,15,1,20,130,5,99
75,64,26,0,15,130,5,104
75,65,5,0,10,130,10,104
75,66,26,1,20,130,5,104
75,67,43,1,20,130,10,89
75,68,30,1,20,130,20,89
75,69,41,1,25,120,20,89
75,70,10,1,45,120,10,89
75,71,10,0,40,125,10,89
75,72,9,0,35,125,10,94
75,73,17,1,20,125,20,94
75,74,44,0,20,125,30,99
75,75,10,1,40,125,20,99
75,76,2,1,45,125,10,99
75,77,19,1,60,125,10,99
75,78,10,0,55,130,10,99
75,79,26,0,50,130,10,104
75,80,21,0,45,130,25,104
75,81,13,1,50,135,25,104
75,82,10,0,45,140,25,104
75,83,13,0,45,140,25,109
75,84,6,0,55,140,20,109
75,85,27,1,55,145,15,109
75,86,16,0,45,150,15,109
75,87,2,1,50,150,5,109
75,88,23,0,45,140,5,114
75,89,43,0,65,140,-5,114
75,90,5,0,60,140,0,114
75,91,2,1,65,140,-10,114
75,92,22,1,65,145,-20,114
75,93,16,0,55,150,-20,114
75,94,37,0,43,160,-20,114
75,95,38,0,38,165,-20,114
75,96,15,0,58,160,-20,114
75,97,14,0,58,160,-20,119
75,98,16,0,48,165,-20,119
75,99,13,0,48,165,-20,124
76,0,9,1,55,50,50,50
76,1,23,0,50,40,50,55
76,2,20,1,50,45,35,55
76,3,37,1,60,45,35,55
76,4,5,0,55,45,40,55
76,5,39,0,48,50,40,55
76,6,36,1,48,55,40,50
76,7,10,0,43,60,40,50
76,8,38,1,48,60,40,50
76,9,26,1,58,60,35,50
76,10,21,0,53,60,50,50
76,11,3,1,46,60,50,55
76,12,7,1,51,60,50,50
76,13,7,0,36,65,50,50
76,14,37,1,46,65,50,50
76,15,39,0,39,70,50,50
76,16,40,0,39,80,40,50
76,17,41,1,44,70,40,50
76,18,26,0,39,70,40,55
76,19,4,1,49,70,40,50
76,20,14,0,49,70,40,55
76,21,9,0,44,70,40,60
76,22,40,0,44,80,30,60
76,23,22,0,39,80,35,60
76,24,26,1,49,80,30,60
76,25,15,1,49,85,30,60
76,26,12,1,54,85,30,60
76,27,36,1,54,90,30,55
76,28,23,1,64,90,25,55
76,29,14,1,64,95,25,55
76,30,22,1,64,100,15,55
76,31,14,1,64,105,15,55
76,32,3,1,57,105,15,60
76,33,20,1,57,110,0,60
76,34,17,1,42,110,10,60
76,35,11,1,47,110,10,60
76,36,25,0,47,105,20,60
76,37,10,1,67,105,10,60
76,38,44,0,67,105,20,65
76,39,40,0,67,115,10,65
76,40,20,0,62,115,25,65
76,41,8,1,52,115,25,70
76,42,9,1,57,115,25,70
76,43,4,0,42,120,25,70
76,44,26,0,37,120,25,75
76,45,17,0,17,130,25,75
76,46,20,0,12,130,40,75
76,47,3,1,5,130,40,80
76,48,23,1,15,130,35,80
76,49,2,0,5,130,40,80
76,50,3,1,-2,130,40,85
76,51,25,0,-2,125,50,85
76,52,41,1,3,115,50,85
76,53,30,1,3,115,60,85
76,54,9,0,-2,115,60,90
76,55,30,1,-2,115,70,90
76,56,12,0,-7,125,70,90
76,57,38,0,-12,130,70,90
76,58,23,0,-17,120,70,95
76,59,10,1,3,120,60,95
76,60,5,0,-2,120,65,95
76,61,25,0,-2,115,75,95
76,62,14,1,-2,120,75,95
76,63,10,1,18,120,65,95
76,64,24,1,23,120,65,95
76,65,10,0,18,125,65,95
76,66,28,0,8,125,75,95
76,67,10,0,3,130,75,95
76,68,16,0,-7,135,75,95
76,69,20,0,-12,135,90,95
76,70,20,1,-12,140,75,95
76,71,12,0,-17,150,75,95
76,72,16,0,-27,155,75,95
76,73,44,0,-27,155,85,100
76,74,5,1,-22,155,75,100
76,75,41,1,-17,145,75,100
76,76,4,0,-32,150,75,100
76,77,8,0,-32,155,65,100
76,78,19,1,-17,155,65,100
76,79,5,0,-22,155,70,100
76,80,25,1,-22,160,60,100
76,81,11,1,-17,160,60,100
76,82,26,0,-22,160,60,105
76,83,7,0,-37,165,60,105
76,84,26,1,-27,165,55,105
76,85,14,0,-27,165,55,110
76,86,14,1,-27,170,55,110
76,87,14,1,-27,175,55,110
76,88,1,1,-35,175,60,110
76,89,15,0,-15,170,60,110
76,90,10,1,5,170,50,110
76,91,11,1,10,170,50,110
76,92,23,1,20,170,45,110
76,93,25,0,20,165,55,110
76,94,44,0,20,165,65,115
76,95,43,1,20,165,70,100
76,96,10,0,15,170,70,100
76,97,1,1,7,170,75,100
76,98,16,1,7,170,65,100
76,99,14,0,7,170,65,105
77,0,29,0,40,50,55,50
77,1,4,0,25,55,55,50
77,2,16,0,15,60,55,50
77,3,25,1,15,65,45,50
77,4,27,0,25,50,45,50
77,5,9,1,30,50,45,50
77,6,21,1,30,55,30,50
77,7,4,1,40,55,30,45
77,8,41,0,30,65,30,45
77,9,16,1,30,65,20,45
77,10,17,1,15,65,30,45
77,11,21,0,10,65,45,45
77,12,26,1,20,65,40,45
77,13,27,0,30,50,40,45
77,14,43,0,50,50,30,45
77,15,48,0,40,50,30,50
77,16,2,0,30,50,35,50
77,17,22,1,30,55,25,50
77,18,10,0,25,60,25,50
77,19,10,1,45,60,15,50
77,20,2,0,35,60,20,50
77,21,10,0,30,65,20,50
77,22,25,1,30,70,10,50
77,23,45,0,30,70,10,55
77,24,23,0,25,60,10,60
77,25,11,1,30,60,10,60
77,26,23,0,25,50,10,65
77,27,45,1,25,55,10,65
77,28,8,1,15,55,10,70
77,29,20,1,15,60,-5,70
77,30,9,0,10,60,-5,75
77,31,11,0,5,60,-5,77
77,32,39,0,-2,65,-5,77
77,33,36,0,-2,60,-5,79
77,34,11,1,3,60,-5,79
77,35,24,0,-2,60,0,79
77,36,4,1,8,60,0,74
77,37,28,1,18,60,0,74
77,38,22,1,18,65,-10,74
77,39,26,0,13,65,-10,79
77,40,3,1,6,65,-10,84
77,41,8,0,6,70,-20,84
77,42,39,0,-1,75,-20,84
77,43,1,0,9,75,-35,84
77,44,41,0,-1,85,-35,84
77,45,4,1,9,85,-35,79
77,46,7,0,-6,90,-35,79
77,47,41,1,-1,80,-35,79
77,48,17,0,-21,90,-35,79
77,49,20,1,-21,95,-50,79
77,50,43,0,-1,95,-60,79
77,51,9,0,-6,95,-60,84
77,52,13,1,-1,100,-60,84
77,53,12,1,4,100,-60,84
77,54,5,0,-1,100,-55,84
77,55,21,1,-1,105,-70,84
77,56,23,0,-6,95,-70,89
77,57,6,0,4,95,-75,89
77,58,38,1,9,95,-75,89
77,59,4,0,-6,100,-75,89
77,60,21,1,-6,105,-90,89
77,61,23,1,4,105,-95,89
77,62,13,0,4,105,-95,94
77,63,42,1,4,110,-95,94
77,64,28,1,14,110,-95,94
77,65,24,1,19,110,-95,94
77,66,9,0,14,110,-95,99
77,67,42,0,6,110,-95,109
77,68,4,1,16,110,-95,104
77,69,1,0,26,110,-110,104
77,70,25,0,26,105,-100,104
77,71,42,0,18,105,-100,114
77,72,9,0,13,105,-100,119
77,73,13,1,18,110,-100,119
77,74,15,1,18,115,-100,119
77,75,41,0,8,125,-100,119
77,76,44,1,13,125,-100,119
77,77,26,1,23,125,-105,119
77,78,25,0,23,120,-95,119
77,79,24,1,28,120,-95,119
77,80,46,0,21,120,-95,124
77,81,24,0,16,120,-90,124
77,82,7,0,1,125,-90,124
77,83,42,1,1,130,-90,124
77,84,46,1,6,130,-90,119
77,85,2,0,-4,130,-85,119
77,86,3,0,11,130,-90,119
77,87,10,1,31,130,-100,119
77,88,24,0,26,130,-95,119
77,89,14,0,26,130,-95,124
77,90,10,1,46,130,-105,124
77,91,39,0,39,135,-105,124
77,92,48,1,39,140,-105,114
77,93,25,1,39,145,-115,114
77,94,23,0,34,135,-115,119
77,95,20,1,34,140,-130,119
77,96,12,0,29,150,-130,119
77,97,23,0,24,140,-130,124
77,98,20,1,24,145,-145,124
77,99,1,1,16,145,-140,124
78,0,38,0,45,55,50,50
78,1,4,1,55,55,50,45
78,2,1,1,47,55,55,45
78,3,2,0,37,55,60,45
78,4,24,0,32,55,65,45
78,5,11,1,37,55,65,45
78,6,20,0,32,55,80,45
78,7,20,1,32,60,65,45
78,8,43,1,32,60,70,30
78,9,43,1,32,60,75,15
78,10,26,0,27,60,75,20
78,11,43,0,47,60,65,20
78,12,37,1,57,60,65,20
78,13,6,0,67,60,60,20
78,14,36,0,67,55,60,22
78,15,41,1,72,45,60,22
78,16,36,1,72,50,60,17
78,17,11,0,67,50,60,19
78,18,28,0,57,50,70,19
78,19,45,1,57,55,70,19
78,20,36,1,57,60,70,14
78,21,24,1,62,60,70,14
78,22,36,1,62,65,70,9
78,23,10,0,57,70,70,9
78,24,9,1,62,70,70,9
78,25,46,0,55,70,70,14
78,26,41,0,45,80,70,14
78,27,16,1,45,80,60,14
78,28,44,0,45,80,70,19
78,29,3,0,60,80,65,19
78,30,6,0,70,80,60,19
78,31,46,0,63,80,60,24
78,32,26,0,58,80,60,29
78,33,36,0,58,75,60,31
78,34,14,0,58,75,60,36
78,35,38,1,63,75,60,36
78,36,10,0,58,80,60,36
78,37,4,0,43,85,60,36
78,38,39,0,36,90,60,36
78,39,25,1,36,95,50,36
78,40,48,1,36,100,50,26
78,41,13,0,36,100,50,31
78,42,10,1,56,100,40,31
78,43,16,0,46,105,40,31
78,44,26,1,56,105,35,31
78,45,23,0,51,95,35,36
78,46,11,0,46,95,35,38
78,47,5,0,41,95,40,38
78,48,15,0,61,90,40,38
78,49,26,0,56,90,40,43
78,50,25,1,56,95,30,43
78,51,16,0,46,100,30,43
78,52,6,1,38,100,30,48
78,53,16,0,28,105,30,48
78,54,14,1,28,110,30,48
78,55,9,0,23,110,30,53
78,56,20,1,23,115,15,53
78,57,2,1,28,115,5,53
78,58,5,0,23,115,10,53
78,59,17,0,3,125,10,53
78,60,17,1,-12,125,20,53
78,61,40,0,-12,135,10,53
78,62,7,1,-7,135,10,48
78,63,8,0,-7,140,0,48
78,64,14,1,-7,145,0,48
78,65,3,0,8,145,-5,48
78,66,1,0,18,145,-20,48
78,67,26,1,28,145,-25,48
78,68,40,1,28,135,-15,48
78,69,26,1,38,135,-20,48
78,70,48,0,28,135,-20,53
78,71,7,1,33,135,-20,48
78,72,27,1,33,140,-25,48
78,73,9,1,38,140,-25,48
78,74,7,0,23,145,-25,48
78,75,27,0,33,130,-25,48
78,76,42,1,33,135,-25,48
78,77,5,1,38,135,-35,48
78,78,23,0,33,125,-35,53
78,79,20,0,28,125,-20,53
78,80,25,0,28,120,-10,53
78,81,37,1,38,120,-10,53
78,82,10,1,58,120,-20,53
78,83,10,0,53,125,-20,53
78,84,46,1,58,125,-20,48
78,85,3,0,73,125,-25,48
78,86,20,0,68,125,-10,48
78,87,39,0,61,130,-10,48
78,88,28,1,71,130,-10,48
78,89,41,1,76,120,-10,48
78,90,14,1,76,125,-10,48
78,91,43,0,96,125,-20,48
78,92,44,0,96,125,-10,53
78,93,18,0,71,125,-10,63
78,94,11,0,66,125,-10,65
78,95,10,1,86,125,-20,65
78,96,30,0,86,125,-30,75
78,97,22,1,86,130,-40,75
78,98,26,0,81,130,-40,80
78,99,14,0,81,130,-40,85
79,0,22,1,50,55,40,50
79,1,9,0,45,55,40,55
79,2,1,1,37,55,45,55
79,3,25,0,37,50,55,55
79,4,1,0,47,50,40,55
79,5,23,1,57,50,35,55
79,6,25,1,57,55,25,55
79,7,7,0,42,60,25,55
79,8,2,0,32,60,30,55
79,9,40,1,32,50,40,55
79,10,29,1,32,65,20,55
79,11,12,1,37,65,20,55
79,12,48,1,37,70,20,45
79,13,11,1,42,70,20,45
79,14,2,1,47,70,10,45
79,15,1,1,39,70,15,45
79,16,41,0,29,80,15,45
79,17,12,0,24,90,15,45
79,18,45,1,24,95,15,45
79,19,25,1,24,100,5,45
79,20,23,0,19,90,5,50
79,21,5,0,14,90,10,50
79,22,11,0,9,90,10,52
79,23,1,1,1,90,15,52
79,24,1,1,-7,90,20,52
79,25,3,0,8,90,15,52
79,26,41,0,-2,100,15,52
79,27,15,0,18,95,15,52
79,28,4,0,3,100,15,52
79,29,24,1,8,100,15,52
79,30,16,1,8,100,5,52
79,31,22,0,3,100,10,52
79,32,30,0,3,100,0,62
79,33,22,1,3,105,-10,62
79,34,2,1,8,105,-20,62
79,35,38,0,3,110,-20,62
79,36,4,1,13,110,-20,57
79,37,9,1,18,110,-20,57
79,38,28,0,8,110,-10,57
79,39,22,1,8,115,-20,57
79,40,10,1,28,115,-30,57
79,41,6,1,20,115,-30,62
79,42,3,1,13,115,-30,67
79,43,14,0,13,115,-30,72
79,44,4,0,-2,120,-30,72
79,45,1,1,-10,120,-25,72
79,46,15,0,10,115,-25,72
79,47,45,0,10,115,-25,77
79,48,24,1,15,115,-25,77
79,49,22,0,10,115,-20,77
79,50,3,1,3,115,-20,82
79,51,41,1,8,105,-20,82
79,52,26,0,3,105,-20,87
79,53,6,0,13,105,-25,87
79,54,16,1,13,105,-35,87
79,55,11,1,18,105,-35,87
79,56,9,1,23,105,-35,87
79,57,1,1,15,105,-30,87
79,58,4,0,0,110,-30,87
79,59,16,1,0,110,-40,87
79,60,44,0,0,110,-30,92
79,61,5,1,5,110,-40,92
79,62,44,1,10,110,-40,92
79,63,16,1,10,110,-50,92
79,64,10,1,30,110,-60,92
79,65,38,0,25,115,-60,92
79,66,11,0,20,115,-60,94
79,67,6,1,12,115,-60,99
79,68,3,1,5,115,-60,104
79,69,16,0,-5,120,-60,104
79,70,16,0,-15,125,-60,104
79,71,41,0,-25,135,-60,104
79,72,12,1,-20,135,-60,104
79,73,2,0,-30,135,-55,104
79,74,1,0,-20,135,-70,104
79,75,3,1,-27,135,-70,109
79,76,5,1,-22,135,-80,109
79,77,14,0,-22,135,-80,114
79,78,20,1,-22,140,-95,114
79,79,1,1,-30,140,-90,114
79,80,16,1,-30,140,-100,114
79,81,12,0,-35,150,-100,114
79,82,15,0,-15,145,-100,114
79,83,14,1,-15,150,-100,114
79,84,25,0,-15,145,-90,114
79,85,24,1,-10,145,-90,114
79,86,26,0,-15,145,-90,119
79,87,41,1,-10,135,-90,119
79,88,30,1,-10,135,-80,119
79,89,15,1,-10,140,-80,119
79,90,48,1,-10,145,-80,109
79,91,42,1,-10,150,-80,109
79,92,21,1,-10,155,-95,109
79,93,6,1,-18,155,-95,114
79,94,1,0,-8,155,-110,114
79,95,22,0,-13,155,-105,114
79,96,10,1,7,155,-115,114
79,97,27,1,7,160,-120,114
79,98,1,1,-1,160,-115,114
79,99,43,0,19,160,-125,114
80,0,18,0,25,50,50,60
80,1,23,1,35,50,45,60
80,2,25,0,35,45,55,60
80,3,43,1,35,45,60,45
80,4,17,1,20,45,70,45
80,5,2,1,25,45,60,45
80,6,36,1,25,50,60,40
80,7,17,0,5,60,60,40
80,8,9,0,0,60,60,45
80,9,38,1,5,60,60,45
80,10,1,1,-3,60,65,45
80,11,46,1,2,60,65,40
80,12,1,1,-6,60,70,40
80,13,41,1,-1,50,70,40
80,14,2,0,-11,50,75,40
80,15,10,1,9,50,65,40
80,16,18,1,19,50,65,40
80,17,14,1,19,55,65,40
80,18,16,1,19,55,55,40
80,19,14,1,19,60,55,40
80,20,3,0,34,60,50,40
80,21,20,0,29,60,65,40
80,22,39,1,34,60,65,35
80,23,46,1,39,60,65,30
80,24,16,1,39,60,55,30
80,25,4,0,24,65,55,30
80,26,26,0,19,65,55,35
80,27,5,1,24,65,45,35
80,28,5,0,19,65,50,35
80,29,11,0,14,65,50,37
80,30,5,1,19,65,40,37
80,31,40,1,19,55,50,37
80,32,25,1,19,60,40,37
80,33,41,1,24,50,40,37
80,34,22,0,19,50,45,37
80,35,36,0,19,45,45,39
80,36,7,0,4,50,45,39
80,37,16,0,-6,55,45,39
80,38,9,1,-1,55,45,39
80,39,15,0,19,50,45,39
80,40,42,0,11,50,45,49
80,41,29,0,1,50,50,49
80,42,28,1,11,50,50,49
80,43,20,1,11,55,35,49
80,44,37,1,21,55,35,49
80,45,41,0,11,65,35,49
80,46,9,1,16,65,35,49
80,47,10,1,36,65,25,49
80,48,28,1,46,65,25,49
80,49,48,1,46,70,25,39
80,50,41,1,51,60,25,39
80,51,2,0,41,60,30,39
80,52,41,1,46,50,30,39
80,53,40,0,46,60,20,39
80,54,15,1,46,65,20,39
80,55,5,0,41,65,25,39
80,56,28,1,51,65,25,39
80,57,6,1,43,65,25,44
80,58,47,0,68,65,25,44
80,59,1,1,60,65,30,44
80,60,2,0,50,65,35,44
80,61,39,1,55,65,35,39
80,62,43,0,75,65,25,39
80,63,4,0,60,70,25,39
80,64,4,1,70,70,25,34
80,65,40,1,70,60,35,34
80,66,41,1,75,50,35,34
80,67,14,1,75,55,35,34
80,68,43,1,75,55,40,19
80,69,14,1,75,60,40,19
80,70,4,0,60,65,40,19
80,71,6,1,52,65,40,24
80,72,22,0,47,65,45,24
80,73,19,1,62,65,45,24
80,74,25,0,62,60,55,24
80,75,29,1,62,75,35,24
80,76,11,1,67,75,35,24
80,77,11,1,72,75,35,24
80,78,20,0,67,75,50,24
80,79,6,1,59,75,50,29
80,80,27,0,69,60,50,29
80,81,11,1,74,60,50,29
80,82,40,0,74,70,40,29
80,83,23,1,84,70,35,29
80,84,15,0,104,65,35,29
80,85,19,0,84,65,45,39
80,86,10,0,79,70,45,39
80,87,23,1,89,70,40,39
80,88,9,0,84,70,40,44
80,89,43,0,104,70,30,44
80,90,14,1,104,75,30,44
80,91,45,1,104,80,30,44
80,92,41,0,94,90,30,44
80,93,16,0,84,95,30,44
80,94,43,0,104,95,20,44
80,95,30,1,104,95,30,44
80,96,1,0,114,95,15,44
80,97,12,1,119,95,15,44
80,98,13,1,124,100,15,44
80,99,16,1,124,100,5,44
81,0,6,1,42,50,50,55
81,1,46,0,35,50,50,60
81,2,11,0,30,50,50,62
81,3,19,0,10,50,60,72
81,4,20,0,5,50,75,72
81,5,25,1,5,55,65,72
81,6,26,0,0,55,65,77
81,7,37,1,10,55,65,77
81,8,26,0,5,55,65,82
81,9,41,0,-5,65,65,82
81,10,26,0,-10,65,65,87
81,11,24,1,-5,65,65,87
81,12,47,0,20,65,65,87
81,13,5,0,15,65,70,87
81,14,5,1,20,65,60,87
81,15,1,1,12,65,65,87
81,16,48,0,2,65,65,92
81,17,42,1,2,70,65,92
81,18,28,0,-8,70,75,92
81,19,4,0,-23,75,75,92
81,20,26,0,-28,75,75,97
81,21,4,1,-18,75,75,92
81,22,13,0,-18,75,75,97
81,23,41,1,-13,65,75,97
81,24,1,1,-21,65,80,97
81,25,2,0,-31,65,85,97
81,26,11,1,-26,65,85,97
81,27,41,1,-21,55,85,97
81,28,46,0,-28,55,85,102
81,29,22,1,-28,60,75,102
81,30,12,0,-33,70,75,102
81,31,7,0,-48,75,75,102
81,32,13,0,-48,75,75,107
81,33,16,0,-58,80,75,107
81,34,12,0,-63,90,75,107
81,35,42,1,-63,95,75,107
81,36,40,0,-63,105,65,107
81,37,45,1,-63,110,65,107
81,38,43,0,-43,110,55,107
81,39,13,0,-43,110,55,112
81,40,1,1,-51,110,60,112
81,41,11,0,-56,110,60,114
81,42,45,0,-56,110,60,119
81,43,46,0,-63,110,60,124
81,44,46,1,-58,110,60,119
81,45,28,0,-68,110,70,119
81,46,44,0,-68,110,80,124
81,47,26,0,-73,110,80,129
81,48,11,0,-78,110,80,131
81,49,37,1,-68,110,80,131
81,50,43,1,-68,110,85,116
81,51,42,0,-76,110,85,126
81,52,4,0,-91,115,85,126
81,53,23,0,-96,105,85,131
81,54,29,0,-106,105,90,131
81,55,13,1,-101,110,90,131
81,56,29,1,-101,125,70,131
81,57,23,1,-91,125,65,131
81,58,27,0,-81,110,65,131
81,59,5,1,-76,110,55,131
81,60,47,1,-76,110,55,146
81,61,39,1,-71,110,55,141
81,62,2,1,-66,110,45,141
81,63,4,1,-56,110,45,136
81,64,14,0,-56,110,45,141
81,65,10,1,-36,110,35,141
81,66,25,1,-36,115,25,141
81,67,26,0,-41,115,25,146
81,68,15,1,-41,120,25,146
81,69,16,0,-51,125,25,146
81,70,20,1,-51,130,10,146
81,71,12,0,-56,140,10,146
81,72,27,1,-56,145,5,146
81,73,38,1,-51,145,5,146
81,74,9,0,-56,145,5,151
81,75,20,1,-56,150,-10,151
81,76,12,0,-61,160,-10,151
81,77,3,1,-68,160,-10,156
81,78,13,1,-63,165,-10,156
81,79,27,1,-63,170,-15,156
81,80,25,1,-63,175,-25,156
81,81,23,0,-68,165,-25,161
81,82,10,1,-48,165,-35,161
81,83,16,1,-48,165,-45,161
81,84,41,0,-58,175,-45,161
81,85,7,0,-73,180,-45,161
81,86,5,0,-78,180,-40,161
81,87,22,1,-78,185,-50,161
81,88,11,0,-83,185,-50,163
81,89,13,1,-78,190,-50,163
81,90,10,1,-58,190,-60,163
81,91,2,0,-68,190,-55,163
81,92,10,0,-73,195,-55,163
81,93,20,1,-73,200,-70,163
81,94,46,0,-80,200,-70,168
81,95,23,1,-70,200,-75,168
81,96,13,1,-65,205,-75,168
81,97,24,1,-60,205,-75,168
81,98,22,0,-65,205,-70,168
81,99,20,0,-70,205,-55,168
82,0,23,0,45,40,50,55
82,1,45,0,45,40,50,60
82,2,12,0,40,50,50,60
82,3,26,1,50,50,45,60
82,4,13,0,50,50,45,65
82,5,9,0,45,50,45,70
82,6,16,1,45,50,35,70
82,7,43,0,65,50,25,70
82,8,40,0,65,60,15,70
82,9,2,0,55,60,20,70
82,10,12,0,50,70,20,70
82,11,16,1,50,70,10,70
82,12,20,1,50,75,-5,70
82,13,42,0,42,75,-5,80
82,14,26,1,52,75,-10,80
82,15,23,0,47,65,-10,85
82,16,16,0,37,70,-10,85
82,17,38,1,42,70,-10,85
82,18,23,0,37,60,-10,90
82,19,26,0,32,60,-10,95
82,20,14,1,32,65,-10,95
82,21,14,1,32,70,-10,95
82,22,7,0,17,75,-10,95
82,23,16,0,7,80,-10,95
82,24,4,0,-8,85,-10,95
82,25,25,0,-8,80,0,95
82,26,45,0,-8,80,0,100
82,27,28,0,-18,80,10,100
82,28,1,0,-8,80,-5,100
82,29,5,0,-13,80,0,100
82,30,15,1,-13,85,0,100
82,31,8,1,-23,85,0,105
82,32,39,0,-30,90,0,105
82,33,27,0,-20,75,0,105
82,34,12,0,-25,85,0,105
82,35,26,0,-30,85,0,110
82,36,5,1,-25,85,-10,110
82,37,10,0,-30,90,-10,110
82,38,8,0,-30,95,-20,110
82,39,36,0,-30,90,-20,112
82,40,24,1,-25,90,-20,112
82,41,5,1,-20,90,-30,112
82,42,11,0,-25,90,-30,114
82,43,28,0,-35,90,-20,114
82,44,48,1,-35,95,-20,104
82,45,12,1,-30,95,-20,104
82,46,17,0,-50,105,-20,104
82,47,12,1,-45,105,-20,104
82,48,16,0,-55,110,-20,104
82,49,43,1,-55,110,-15,89
82,50,3,1,-62,110,-15,94
82,51,9,0,-67,110,-15,99
82,52,36,1,-67,115,-15,94
82,53,21,1,-67,120,-30,94
82,54,10,0,-72,125,-30,94
82,55,6,1,-80,125,-30,99
82,56,12,1,-75,125,-30,99
82,57,23,0,-80,115,-30,104
82,58,46,1,-75,115,-30,99
82,59,12,1,-70,115,-30,99
82,60,13,1,-65,120,-30,99
82,61,11,1,-60,120,-30,99
82,62,22,1,-60,125,-40,99
82,63,42,0,-68,125,-40,109
82,64,5,1,-63,125,-50,109
82,65,25,0,-63,120,-40,109
82,66,16,0,-73,125,-40,109
82,67,29,1,-73,140,-60,109
82,68,46,1,-68,140,-60,104
82,69,14,1,-68,145,-60,104
82,70,23,0,-73,135,-60,109
82,71,20,1,-73,140,-75,109
82,72,20,1,-73,145,-90,109
82,73,16,1,-73,145,-100,109
82,74,5,0,-78,145,-95,109
82,75,11,0,-83,145,-95,111
82,76,11,0,-88,145,-95,113
82,77,14,1,-88,150,-95,113
82,78,12,0,-93,160,-95,113
82,79,16,1,-93,160,-105,113
82,80,2,1,-88,160,-115,113
82,81,41,1,-83,150,-115,113
82,82,12,1,-78,150,-115,113
82,83,36,1,-78,155,-115,108
82,84,23,1,-68,155,-120,108
82,85,46,1,-63,155,-120,103
82,86,7,0,-78,160,-120,103
82,87,6,0,-68,160,-125,103
82,88,30,1,-68,160,-115,103
82,89,25,0,-68,155,-105,103
82,90,30,0,-68,155,-115,113
82,91,13,0,-68,155,-115,118
82,92,42,0,-76,155,-115,128
82,93,11,0,-81,155,-115,130
82,94,3,0,-66,155,-120,130
82,95,10,1,-46,155,-130,130
82,96,9,1,-41,155,-130,130
82,97,2,1,-36,155,-140,130
82,98,11,0,-41,155,-140,132
82,99,4,1,-31,155,-140,127
83,0,3,0,65,50,45,50
83,1,2,0,55,50,50,50
83,2,16,1,55,50,40,50
83,3,15,1,55,55,40,50
83,4,25,1,55,60,30,50
83,5,20,0,50,60,45,50
83,6,11,0,45,60,45,52
83,7,10,0,40,65,45,52
83,8,41,1,45,55,45,52
83,9,36,0,45,50,45,54
83,10,41,0,35,60,45,54
83,11,20,0,30,60,60,54
83,12,11,0,25,60,60,56
83,13,10,0,20,65,60,56
83,14,29,1,20,80,40,56
83,15,21,1,20,85,25,56
83,16,7,0,5,90,25,56
83,17,9,0,0,90,25,61
83,18,20,1,0,95,10,61
83,19,4,1,10,95,10,56
83,20,25,0,10,90,20,56
83,21,14,1,10,95,20,56
83,22,12,1,15,95,20,56
83,23,1,1,7,95,25,56
83,24,28,0,-3,95,35,56
83,25,26,0,-8,95,35,61
83,26,39,1,-3,95,35,56
83,27,26,1,7,95,30,56
83,28,25,0,7,90,40,56
83,29,9,0,2,90,40,61
83,30,1,1,-6,90,45,61
83,31,7,1,-1,90,45,56
83,32,38,0,-6,95,45,56
83,33,14,1,-6,100,45,56
83,34,11,0,-11,100,45,58
83,35,2,1,-6,100,35,58
83,36,13,1,-1,105,35,58
83,37,9,1,4,105,35,58
83,38,27,0,14,90,35,58
83,39,29,1,14,105,15,58
83,40,10,1,34,105,5,58
83,41,5,1,39,105,-5,58
83,42,23,1,49,105,-10,58
83,43,2,0,39,105,-5,58
83,44,5,1,44,105,-15,58
83,45,5,0,39,105,-10,58
83,46,41,1,44,95,-10,58
83,47,14,1,44,100,-10,58
83,48,14,0,44,100,-10,63
83,49,3,0,59,100,-15,63
83,50,8,1,49,100,-15,68
83,51,41,0,39,110,-15,68
83,52,8,1,29,110,-15,73
83,53,4,0,14,115,-15,73
83,54,39,0,7,120,-15,73
83,55,28,0,-3,120,-5,73
83,56,37,0,-15,130,-5,73
83,57,12,1,-10,130,-5,73
83,58,29,1,-10,145,-25,73
83,59,10,0,-15,150,-25,73
83,60,16,1,-15,150,-35,73
83,61,25,0,-15,145,-25,73
83,62,5,0,-20,145,-20,73
83,63,27,0,-10,130,-20,73
83,64,27,0,0,115,-20,73
83,65,20,0,-5,115,-5,73
83,66,23,0,-10,105,-5,78
83,67,1,1,-18,105,0,78
83,68,16,0,-28,110,0,78
83,69,4,1,-18,110,0,73
83,70,2,0,-28,110,5,73
83,71,25,0,-28,105,15,73
83,72,15,0,-8,100,15,73
83,73,45,1,-8,105,15,73
83,74,40,0,-8,115,5,73
83,75,20,0,-13,115,20,73
83,76,23,1,-3,115,15,73
83,77,45,1,-3,120,15,73
83,78,41,1,2,110,15,73
83,79,22,1,2,115,5,73
83,80,30,1,2,115,15,73
83,81,14,1,2,120,15,73
83,82,15,1,2,125,15,73
83,83,43,1,2,125,20,58
83,84,9,0,-3,125,20,63
83,85,25,1,-3,130,10,63
83,86,28,0,-13,130,20,63
83,87,4,0,-28,135,20,63
83,88,3,1,-35,135,20,68
83,89,3,0,-20,135,15,68
83,90,3,1,-27,135,15,73
83,91,3,0,-12,135,10,73
83,92,11,1,-7,135,10,73
83,93,41,0,-17,145,10,73
83,94,3,1,-24,145,10,78
83,95,3,0,-9,145,5,78
83,96,30,0,-9,145,-5,88
83,97,14,0,-9,145,-5,93
83,98,15,0,11,140,-5,93
83,99,39,0,4,145,-5,93
84,0,46,0,43,50,50,55
84,1,27,1,43,55,45,55
84,2,2,0,33,55,50,55
84,3,45,0,33,55,50,60
84,4,25,0,33,50,60,60
84,5,46,1,38,50,60,55
84,6,21,0,33,50,75,55
84,7,9,1,38,50,75,55
84,8,23,0,33,40,75,60
84,9,14,1,33,45,75,60
84,10,42,1,33,50,75,60
84,11,45,1,33,55,75,60
84,12,1,1,25,55,80,60
84,13,20,1,25,60,65,60
84,14,2,1,30,60,55,60
84,15,43,1,30,60,60,45
84,16,5,1,35,60,50,45
84,17,26,1,45,60,45,45
84,18,46,0,38,60,45,50
84,19,39,0,31,65,45,50
84,20,13,1,36,70,45,50
84,21,15,0,56,65,45,50
84,22,11,0,51,65,45,52
84,23,7,1,56,65,45,47
84,24,22,0,51,65,50,47
84,25,12,1,56,65,50,47
84,26,15,0,76,60,50,47
84,27,23,1,86,60,45,47
84,28,16,1,86,60,35,47
84,29,4,1,96,60,35,42
84,30,1,1,88,60,40,42
84,31,12,0,83,70,40,42
84,32,39,1,88,70,40,37
84,33,37,0,76,80,40,37
84,34,5,0,71,80,45,37
84,35,9,1,76,80,45,37
84,36,2,1,81,80,35,37
84,37,40,1,81,70,45,37
84,38,5,0,76,70,50,37
84,39,15,1,76,75,50,37
84,40,16,0,66,80,50,37
84,41,3,0,81,80,45,37
84,42,5,0,76,80,50,37
84,43,25,1,76,85,40,37
84,44,43,0,96,85,30,37
84,45,23,0,91,75,30,42
84,46,23,0,86,65,30,47
84,47,16,0,76,70,30,47
84,48,14,0,76,70,30,52
84,49,11,1,81,70,30,52
84,50,14,1,81,75,30,52
84,51,38,0,76,80,30,52
84,52,26,0,71,80,30,57
84,53,4,1,81,80,30,52
84,54,1,1,73,80,35,52
84,55,14,0,73,80,35,57
84,56,3,1,66,80,35,62
84,57,17,0,46,90,35,62
84,58,23,0,41,80,35,67
84,59,2,1,46,80,25,67
84,60,22,0,41,80,30,67
84,61,13,1,46,85,30,67
84,62,17,1,31,85,40,67
84,63,7,1,36,85,40,62
84,64,39,1,41,85,40,57
84,65,20,1,41,90,25,57
84,66,41,0,31,100,25,57
84,67,25,0,31,95,35,57
84,68,2,1,36,95,25,57
84,69,3,0,51,95,20,57
84,70,39,0,44,100,20,57
84,71,16,0,34,105,20,57
84,72,45,1,34,110,20,57
84,73,11,0,29,110,20,59
84,74,45,0,29,110,20,64
84,75,15,0,49,105,20,64
84,76,16,1,49,105,10,64
84,77,23,0,44,95,10,69
84,78,14,1,44,100,10,69
84,79,28,1,54,100,10,69
84,80,6,0,64,100,5,69
84,81,1,0,74,100,-10,69
84,82,4,0,59,105,-10,69
84,83,5,1,64,105,-20,69
84,84,5,1,69,105,-30,69
84,85,28,1,79,105,-30,69
84,86,40,0,79,115,-40,69
84,87,22,0,74,115,-35,69
84,88,42,0,66,115,-35,79
84,89,15,1,66,120,-35,79
84,90,36,1,66,125,-35,74
84,91,13,0,66,125,-35,79
84,92,25,0,66,120,-25,79
84,93,11,0,61,120,-25,81
84,94,15,0,81,115,-25,81
84,95,27,0,91,100,-25,81
84,96,14,1,91,105,-25,81
84,97,22,1,91,110,-35,81
84,98,10,0,86,115,-35,81
84,99,37,1,96,115,-35,81
85,0,46,1,55,50,50,45
85,1,3,0,70,50,45,45
85,2,5,1,75,50,35,45
85,3,5,1,80,50,25,45
85,4,4,0,65,55,25,45
85,5,42,0,57,55,25,55
85,6,20,0,52,55,40,55
85,7,26,0,47,55,40,60
85,8,36,1,47,60,40,55
85,9,1,0,57,60,25,55
85,10,13,1,62,65,25,55
85,11,20,0,57,65,40,55
85,12,24,0,52,65,45,55
85,13,16,0,42,70,45,55
85,14,1,0,52,70,30,55
85,15,16,0,42,75,30,55
85,16,11,1,47,75,30,55
85,17,16,1,47,75,20,55
85,18,25,0,47,70,30,55
85,19,28,0,37,70,40,55
85,20,36,0,37,65,40,57
85,21,12,1,42,65,40,57
85,22,41,0,32,75,40,57
85,23,43,1,32,75,45,42
85,24,22,1,32,80,35,42
85,25,20,0,27,80,50,42
85,26,12,0,22,90,50,42
85,27,44,1,27,90,50,42
85,28,5,0,22,90,55,42
85,29,22,0,17,90,60,42
85,30,9,0,12,90,60,47
85,31,22,1,12,95,50,47
85,32,16,1,12,95,40,47
85,33,13,0,12,95,40,52
85,34,15,1,12,100,40,52
85,35,8,1,2,100,40,57
85,36,44,0,2,100,50,62
85,37,21,0,-3,100,65,62
85,38,21,1,-3,105,50,62
85,39,20,1,-3,110,35,62
85,40,4,1,7,110,35,57
85,41,15,0,27,105,35,57
85,42,23,1,37,105,30,57
85,43,11,0,32,105,30,59
85,44,43,0,52,105,20,59
85,45,20,1,52,110,5,59
85,46,14,1,52,115,5,59
85,47,4,1,62,115,5,54
85,48,43,1,62,115,10,39
85,49,13,1,67,120,10,39
85,50,10,0,62,125,10,39
85,51,3,0,77,125,5,39
85,52,9,0,72,125,5,44
85,53,1,0,82,125,-10,44
85,54,7,1,87,125,-10,39
85,55,15,1,87,130,-10,39
85,56,21,1,87,135,-25,39
85,57,27,0,97,120,-25,39
85,58,5,0,92,120,-20,39
85,59,23,1,102,120,-25,39
85,60,41,1,107,110,-25,39
85,61,21,0,102,110,-10,39
85,62,39,1,107,110,-10,34
85,63,16,1,107,110,-20,34
85,64,15,0,127,105,-20,34
85,65,13,0,127,105,-20,39
85,66,28,1,137,105,-20,39
85,67,47,1,137,105,-20,54
85,68,25,1,137,110,-30,54
85,69,29,1,137,125,-50,54
85,70,14,1,137,130,-50,54
85,71,26,0,132,130,-50,59
85,72,13,0,132,130,-50,64
85,73,10,1,152,130,-60,64
85,74,9,1,157,130,-60,64
85,75,12,0,152,140,-60,64
85,76,30,1,152,140,-50,64
85,77,42,0,144,140,-50,74
85,78,45,1,144,145,-50,74
85,79,42,0,136,145,-50,84
85,80,47,1,136,145,-50,99
85,81,45,1,136,150,-50,99
85,82,2,0,126,150,-45,99
85,83,37,1,136,150,-45,99
85,84,11,0,131,150,-45,101
85,85,42,0,123,150,-45,111
85,86,40,0,123,160,-55,111
85,87,15,0,143,155,-55,111
85,88,16,0,133,160,-55,111
85,89,15,1,133,165,-55,111
85,90,5,1,138,165,-65,111
85,91,30,1,138,165,-55,111
85,92,14,0,138,165,-55,116
85,93,21,0,133,165,-40,116
85,94,14,0,133,165,-40,121
85,95,16,1,133,165,-50,121
85,96,2,0,123,165,-45,121
85,97,11,1,128,165,-45,121
85,98,42,0,120,165,-45,131
85,99,3,1,113,165,-45,136
86,0,21,1,50,55,35,50
86,1,1,1,42,55,40,50
86,2,24,1,47,55,40,50
86,3,12,1,52,55,40,50
86,4,14,1,52,60,40,50
86,5,37,0,40,70,40,50
86,6,5,0,35,70,45,50
86,7,39,0,28,75,45,50
86,8,16,0,18,80,45,50
86,9,1,1,10,80,50,50
86,10,16,1,10,80,40,50
86,11,3,1,3,80,40,55
86,12,24,0,-2,80,45,55
86,13,15,1,-2,85,45,55
86,14,28,0,-12,85,55,55
86,15,25,0,-12,80,65,55
86,16,26,1,-2,80,60,55
86,17,10,1,18,80,50,55
86,18,21,0,13,80,65,55
86,19,3,0,28,80,60,55
86,20,12,1,33,80,60,55
86,21,25,0,33,75,70,55
86,22,45,1,33,80,70,55
86,23,44,1,38,80,70,55
86,24,16,1,38,80,60,55
86,25,4,1,48,80,60,50
86,26,22,0,43,80,65,50
86,27,45,1,43,85,65,50
86,28,9,0,38,85,65,55
86,29,39,1,43,85,65,50
86,30,3,1,36,85,65,55
86,31,13,1,41,90,65,55
86,32,2,1,46,90,55,55
86,33,36,1,46,95,55,50
86,34,11,0,41,95,55,52
86,35,15,1,41,100,55,52
86,36,18,0,16,100,55,62
86,37,41,1,21,90,55,62
86,38,2,1,26,90,45,62
86,39,6,0,36,90,40,62
86,40,9,1,41,90,40,62
86,41,12,1,46,90,40,62
86,42,16,1,46,90,30,62
86,43,2,1,51,90,20,62
86,44,25,1,51,95,10,62
86,45,37,1,61,95,10,62
86,46,10,0,56,100,10,62
86,47,23,1,66,100,5,62
86,48,26,1,76,100,0,62
86,49,15,0,96,95,0,62
86,50,38,1,101,95,0,62
86,51,44,1,106,95,0,62
86,52,48,1,106,100,0,52
86,53,5,0,101,100,5,52
86,54,42,0,93,100,5,62
86,55,45,1,93,105,5,62
86,56,10,0,88,110,5,62
86,57,16,1,88,110,-5,62
86,58,11,1,93,110,-5,62
86,59,26,0,88,110,-5,67
86,60,43,1,88,110,0,52
86,61,17,0,68,120,0,52
86,62,5,0,63,120,5,52
86,63,1,1,55,120,10,52
86,64,28,0,45,120,20,52
86,65,22,1,45,125,10,52
86,66,8,0,45,130,0,52
86,67,10,0,40,135,0,52
86,68,26,1,50,135,-5,52
86,69,15,0,70,130,-5,52
86,70,38,0,65,135,-5,52
86,71,30,1,65,135,5,52
86,72,2,1,70,135,-5,52
86,73,9,0,65,135,-5,57
86,74,21,0,60,135,10,57
86,75,39,1,65,135,10,52
86,76,21,1,65,140,-5,52
86,77,2,0,55,140,0,52
86,78,41,0,45,150,0,52
86,79,5,0,40,150,5,52
86,80,12,0,35,160,5,52
86,81,10,0,30,165,5,52
86,82,36,0,30,160,5,54
86,83,38,0,25,165,5,54
86,84,29,0,15,165,10,54
86,85,5,0,10,165,15,54
86,86,2,0,0,165,20,54
86,87,24,0,-5,165,25,54
86,88,39,0,-12,170,25,54
86,89,46,1,-7,170,25,49
86,90,1,1,-15,170,30,49
86,91,13,0,-15,170,30,54
86,92,3,1,-22,170,30,59
86,93,4,1,-12,170,30,54
86,94,36,0,-12,165,30,56
86,95,10,1,8,165,20,56
86,96,20,0,3,165,35,56
86,97,6,1,-5,165,35,61
86,98,5,0,-10,165,40,61
86,99,36,0,-10,160,40,63
87,0,25,0,50,45,60,50
87,1,5,1,55,45,50,50
87,2,11,0,50,45,50,52
87,3,10,1,70,45,40,52
87,4,12,0,65,55,40,52
87,5,26,1,75,55,35,52
87,6,4,0,60,60,35,52
87,7,30,1,60,60,45,52
87,8,22,0,55,60,50,52
87,9,44,0,55,60,60,57
87,10,41,1,60,50,60,57
87,11,26,1,70,50,55,57
87,12,13,0,70,50,55,62
87,13,41,1,75,40,55,62
87,14,11,0,70,40,55,64
87,15,6,1,62,40,55,69
87,16,3,1,55,40,55,74
87,17,2,0,45,40,60,74
87,18,10,0,40,45,60,74
87,19,9,0,35,45,60,79
87,20,23,1,45,45,55,79
87,21,21,1,45,50,40,79
87,22,39,0,38,55,40,79
87,23,42,1,38,60,40,79
87,24,23,0,33,50,40,84
87,25,8,1,23,50,40,89
87,26,2,0,13,50,45,89
87,27,43,0,33,50,35,89
87,28,24,1,38,50,35,89
87,29,20,1,38,55,20,89
87,30,22,1,38,60,10,89
87,31,40,0,38,70,0,89
87,32,1,0,48,70,-15,89
87,33,22,0,43,70,-10,89
87,34,15,0,63,65,-10,89
87,35,26,0,58,65,-10,94
87,36,10,1,78,65,-20,94
87,37,5,1,83,65,-30,94
87,38,5,0,78,65,-25,94
87,39,1,1,70,65,-20,94
87,40,30,0,70,65,-30,104
87,41,22,1,70,70,-40,104
87,42,10,0,65,75,-40,104
87,43,16,0,55,80,-40,104
87,44,20,0,50,80,-25,104
87,45,14,1,50,85,-25,104
87,46,17,0,30,95,-25,104
87,47,39,1,35,95,-25,99
87,48,37,0,23,105,-25,99
87,49,11,1,28,105,-25,99
87,50,16,1,28,105,-35,99
87,51,25,1,28,110,-45,99
87,52,5,0,23,110,-40,99
87,53,5,0,18,110,-35,99
87,54,20,0,13,110,-20,99
87,55,11,0,8,110,-20,101
87,56,43,1,8,110,-15,86
87,57,17,1,-7,110,-5,86
87,58,29,1,-7,125,-25,86
87,59,22,1,-7,130,-35,86
87,60,1,1,-15,130,-30,86
87,61,5,1,-10,130,-40,86
87,62,24,0,-15,130,-35,86
87,63,3,0,0,130,-40,86
87,64,3,1,-7,130,-40,91
87,65,37,0,-19,140,-40,91
87,66,3,1,-26,140,-40,96
87,67,12,1,-21,140,-40,96
87,68,42,1,-21,145,-40,96
87,69,45,1,-21,150,-40,96
87,70,4,1,-11,150,-40,91
87,71,19,0,-31,150,-30,101
87,72,43,1,-31,150,-25,86
87,73,7,0,-46,155,-25,86
87,74,45,0,-46,155,-25,91
87,75,14,0,-46,155,-25,96
87,76,25,1,-46,160,-35,96
87,77,14,1,-46,165,-35,96
87,78,17,1,-61,165,-25,96
87,79,14,1,-61,170,-25,96
87,80,11,1,-56,170,-25,96
87,81,4,0,-71,175,-25,96
87,82,29,0,-81,175,-20,96
87,83,13,0,-81,175,-20,101
87,84,18,0,-106,175,-20,111
87,85,46,0,-113,175,-20,116
87,86,46,0,-120,175,-20,121
87,87,26,1,-110,175,-25,121
87,88,16,1,-110,175,-35,121
87,89,12,1,-105,175,-35,121
87,90,15,1,-105,180,-35,121
87,91,40,1,-105,170,-25,121
87,92,7,1,-100,170,-25,116
87,93,36,1,-100,175,-25,111
87,94,5,1,-95,175,-35,111
87,95,20,1,-95,180,-50,111
87,96,12,1,-90,180,-50,111
87,97,5,0,-95,180,-45,111
87,98,28,1,-85,180,-45,111
87,99,8,0,-85,185,-55,111
88,0,16,1,50,50,40,50
88,1,16,1,50,50,30,50
88,2,14,1,50,55,30,50
88,3,39,0,43,60,30,50
88,4,15,0,63,55,30,50
88,5,38,1,68,55,30,50
88,6,6,0,78,55,25,50
88,7,40,1,78,45,35,50
88,8,41,0,68,55,35,50
88,9,14,1,68,60,35,50
88,10,28,1,78,60,35,50
88,11,37,1,88,60,35,50
88,12,24,1,93,60,35,50
88,13,23,1,103,60,30,50
88,14,41,1,108,50,30,50
88,15,26,1,118,50,25,50
88,16,7,0,103,55,25,50
88,17,1,0,113,55,10,50
88,18,42,1,113,60,10,50
88,19,45,1,113,65,10,50
88,20,5,1,118,65,0,50
88,21,42,1,118,70,0,50
88,22,41,0,108,80,0,50
88,23,23,0,103,70,0,55
88,24,14,1,103,75,0,55
88,25,16,0,93,80,0,55
88,26,10,0,88,85,0,55
88,27,24,1,93,85,0,55
88,28,3,0,108,85,-5,55
88,29,2,0,98,85,0,55
88,30,28,0,88,85,10,55
88,31,20,1,88,90,-5,55
88,32,13,0,88,90,-5,60
88,33,25,0,88,85,5,60
88,34,1,1,80,85,10,60
88,35,10,1,100,85,0,60
88,36,46,1,105,85,0,55
88,37,22,0,100,85,5,55
88,38,29,1,100,100,-15,55
88,39,11,1,105,100,-15,55
88,40,3,0,120,100,-20,55
88,41,4,0,105,105,-20,55
88,42,28,0,95,105,-10,55
88,43,46,1,100,105,-10,50
88,44,7,0,85,110,-10,50
88,45,16,1,85,110,-20,50
88,46,22,0,80,110,-15,50
88,47,21,0,75,110,0,50
88,48,13,0,75,110,0,55
88,49,9,0,70,110,0,60
88,50,5,0,65,110,5,60
88,51,10,1,85,110,-5,60
88,52,45,1,85,115,-5,60
88,53,26,1,95,115,-10,60
88,54,16,0,85,120,-10,60
88,55,36,0,85,115,-10,62
88,56,23,1,95,115,-15,62
88,57,14,0,95,115,-15,67
88,58,44,1,100,115,-15,67
88,59,2,1,105,115,-25,67
88,60,11,0,100,115,-25,69
88,61,40,1,100,105,-15,69
88,62,7,0,85,110,-15,69
88,63,20,1,85,115,-30,69
88,64,21,1,85,120,-45,69
88,65,14,1,85,125,-45,69
88,66,4,1,95,125,-45,64
88,67,14,1,95,130,-45,64
88,68,13,1,100,135,-45,64
88,69,11,0,95,135,-45,66
88,70,44,1,100,135,-45,66
88,71,44,0,100,135,-35,71
88,72,22,1,100,140,-45,71
88,73,41,0,90,150,-45,71
88,74,47,1,90,150,-45,86
88,75,1,0,100,150,-60,86
88,76,36,1,100,155,-60,81
88,77,41,1,105,145,-60,81
88,78,42,0,97,145,-60,91
88,79,15,0,117,140,-60,91
88,80,29,0,107,140,-55,91
88,81,45,1,107,145,-55,91
88,82,14,1,107,150,-55,91
88,83,15,0,127,145,-55,91
88,84,3,0,142,145,-60,91
88,85,22,1,142,150,-70,91
88,86,25,0,142,145,-60,91
88,87,23,0,137,135,-60,96
88,88,4,1,147,135,-60,91
88,89,48,0,137,135,-60,96
88,90,15,0,157,130,-60,96
88,91,15,0,177,125,-60,96
88,92,10,0,172,130,-60,96
88,93,40,1,172,120,-50,96
88,94,4,1,182,120,-50,91
88,95,13,0,182,120,-50,96
88,96,26,0,177,120,-50,101
88,97,38,0,172,125,-50,101
88,98,41,0,162,135,-50,101
88,99,10,1,182,135,-60,101
89,0,5,0,45,50,55,50
89,1,29,1,45,65,35,50
89,2,12,0,40,75,35,50
89,3,39,0,33,80,35,50
89,4,21,0,28,80,50,50
89,5,22,1,28,85,40,50
89,6,19,1,43,85,40,50
89,7,17,1,28,85,50,50
89,8,11,0,23,85,50,52
89,9,5,0,18,85,55,52
89,10,26,1,28,85,50,52
89,11,10,1,48,85,40,52
89,12,1,0,58,85,25,52
89,13,22,0,53,85,30,52
89,14,10,1,73,85,20,52
89,15,12,1,78,85,20,52
89,16,44,0,78,85,30,57
89,17,3,1,71,85,30,62
89,18,13,0,71,85,30,67
89,19,9,1,76,85,30,67
89,20,2,0,66,85,35,67
89,21,14,0,66,85,35,72
89,22,13,1,71,90,35,72
89,23,22,0,66,90,40,72
89,24,23,0,61,80,40,77
89,25,41,0,51,90,40,77
89,26,20,1,51,95,25,77
89,27,17,1,36,95,35,77
89,28,41,0,26,105,35,77
89,29,25,1,26,110,25,77
89,30,20,1,26,115,10,77
89,31,4,0,11,120,10,77
89,32,5,1,16,120,0,77
89,33,10,0,11,125,0,77
89,34,15,0,31,120,0,77
89,35,16,1,31,120,-10,77
89,36,28,1,41,120,-10,77
89,37,43,0,61,120,-20,77
89,38,1,0,71,120,-35,77
89,39,25,0,71,115,-25,77
89,40,22,1,71,120,-35,77
89,41,44,0,71,120,-25,82
89,42,23,0,66,110,-25,87
89,43,45,1,66,115,-25,87
89,44,10,0,61,120,-25,87
89,45,23,0,56,110,-25,92
89,46,20,0,51,110,-10,92
89,47,2,1,56,110,-20,92
89,48,18,0,31,110,-20,102
89,49,15,0,51,105,-20,102
89,50,16,0,41,110,-20,102
89,51,7,1,46,110,-20,97
89,52,11,1,51,110,-20,97
89,53,4,1,61,110,-20,92
89,54,28,0,51,110,-10,92
89,55,15,0,71,105,-10,92
89,56,10,0,66,110,-10,92
89,57,48,1,66,115,-10,82
89,58,12,1,71,115,-10,82
89,59,20,0,66,115,5,82
89,60,15,0,86,110,5,82
89,61,19,1,101,110,5,82
89,62,17,0,81,120,5,82
89,63,23,0,76,110,5,87
89,64,25,0,76,105,15,87
89,65,20,1,76,110,0,87
89,66,15,1,76,115,0,87
89,67,40,0,76,125,-10,87
89,68,20,1,76,130,-25,87
89,69,9,0,71,130,-25,92
89,70,41,1,76,120,-25,92
89,71,20,0,71,120,-10,92
89,72,6,0,81,120,-15,92
89,73,2,1,86,120,-25,92
89,74,43,0,106,120,-35,92
89,75,42,0,98,120,-35,102
89,76,47,1,98,120,-35,117
89,77,16,1,98,120,-45,117
89,78,1,1,90,120,-40,117
89,79,11,1,95,120,-40,117
89,80,9,0,90,120,-40,122
89,81,17,0,70,130,-40,122
89,82,19,1,85,130,-40,122
89,83,27,1,85,135,-45,122
89,84,1,0,95,135,-60,122
89,85,2,1,100,135,-70,122
89,86,9,0,95,135,-70,127
89,87,39,0,88,140,-70,127
89,88,28,1,98,140,-70,127
89,89,24,1,103,140,-70,127
89,90,11,0,98,140,-70,129
89,91,19,0,78,140,-60,139
89,92,28,0,68,140,-50,139
89,93,26,1,78,140,-55,139
89,94,23,1,88,140,-60,139
89,95,46,0,81,140,-60,144
89,96,27,1,81,145,-65,144
89,97,1,0,91,145,-80,144
89,98,16,1,91,145,-90,144
89,99,8,0,91,150,-100,144
90,0,25,1,50,55,40,50
90,1,20,1,50,60,25,50
90,2,18,0,25,60,25,60
90,3,20,0,20,60,40,60
90,4,7,0,5,65,40,60
90,5,8,0,5,70,30,60
90,6,23,1,15,70,25,60
90,7,11,0,10,70,25,62
90,8,8,1,0,70,25,67
90,9,11,1,5,70,25,67
90,10,16,1,5,70,15,67
90,11,37,1,15,70,15,67
90,12,9,1,20,70,15,67
90,13,14,1,20,75,15,67
90,14,8,0,20,80,5,67
90,15,16,1,20,80,-5,67
90,16,27,0,30,65,-5,67
90,17,25,0,30,60,5,67
90,18,24,0,25,60,10,67
90,19,16,1,25,60,0,67
90,20,25,1,25,65,-10,67
90,21,11,1,30,65,-10,67
90,22,20,0,25,65,5,67
90,23,30,1,25,65,15,67
90,24,41,1,30,55,15,67
90,25,47,0,55,55,15,67
90,26,13,0,55,55,15,72
90,27,41,1,60,45,15,72
90,28,15,0,80,40,15,72
90,29,22,0,75,40,20,72
90,30,10,0,70,45,20,72
90,31,23,1,80,45,15,72
90,32,16,0,70,50,15,72
90,33,21,0,65,50,30,72
90,34,13,0,65,50,30,77
90,35,20,0,60,50,45,77
90,36,9,1,65,50,45,77
90,37,2,1,70,50,35,77
90,38,1,0,80,50,20,77
90,39,11,1,85,50,20,77
90,40,28,0,75,50,30,77
90,41,10,1,95,50,20,77
90,42,22,0,90,50,25,77
90,43,29,0,80,50,30,77
90,44,37,1,90,50,30,77
90,45,4,1,100,50,30,72
90,46,1,0,110,50,15,72
90,47,36,1,110,55,15,67
90,48,16,1,110,55,5,67
90,49,13,0,110,55,5,72
90,50,9,0,105,55,5,77
90,51,39,0,98,60,5,77
90,52,1,0,108,60,-10,77
90,53,47,1,108,60,-10,92
90,54,16,0,98,65,-10,92
90,55,39,0,91,70,-10,92
90,56,16,1,91,70,-20,92
90,57,27,1,91,75,-25,92
90,58,8,1,81,75,-25,97
90,59,26,1,91,75,-30,97
90,60,25,0,91,70,-20,97
90,61,42,0,83,70,-20,107
90,62,21,1,83,75,-35,107
90,63,1,1,75,75,-30,107
90,64,39,0,68,80,-30,107
90,65,38,1,73,80,-30,107
90,66,44,0,73,80,-20,112
90,67,23,0,68,70,-20,117
90,68,2,1,73,70,-30,117
90,69,43,1,73,70,-25,102
90,70,13,0,73,70,-25,107
90,71,14,1,73,75,-25,107
90,72,9,0,68,75,-25,112
90,73,29,0,58,75,-20,112
90,74,2,0,48,75,-15,112
90,75,10,0,43,80,-15,112
90,76,47,0,68,80,-15,112
90,77,37,1,78,80,-15,112
90,78,43,0,98,80,-25,112
90,79,14,0,98,80,-25,117
90,80,46,0,91,80,-25,122
90,81,28,1,101,80,-25,122
90,82,9,1,106,80,-25,122
90,83,16,0,96,85,-25,122
90,84,4,1,106,85,-25,117
90,85,41,1,111,75,-25,117
90,86,7,1,116,75,-25,112
90,87,37,0,104,85,-25,112
90,88,41,1,109,75,-25,112
90,89,12,1,114,75,-25,112
90,90,22,1,114,80,-35,112
90,91,25,1,114,85,-45,112
90,92,9,1,119,85,-45,112
90,93,47,0,144,85,-45,112
90,94,47,0,169,85,-45,112
90,95,26,1,179,85,-50,112
90,96,13,0,179,85,-50,117
90,97,42,0,171,85,-50,127
90,98,46,1,176,85,-50,122
90,99,20,1,176,90,-65,122
91,0,36,0,50,45,50,52
91,1,15,1,50,50,50,52
91,2,9,0,45,50,50,57
91,3,41,0,35,60,50,57
91,4,22,1,35,65,40,57
91,5,1,1,27,65,45,57
91,6,15,1,27,70,45,57
91,7,10,0,22,75,45,57
91,8,13,1,27,80,45,57
91,9,44,1,32,80,45,57
91,10,3,1,25,80,45,62
91,11,3,0,40,80,40,62
91,12,26,0,35,80,40,67
91,13,27,0,45,65,40,67
91,14,42,0,37,65,40,77
91,15,8,0,37,70,30,77
91,16,12,0,32,80,30,77
91,17,22,1,32,85,20,77
91,18,28,0,22,85,30,77
91,19,20,1,22,90,15,77
91,20,16,1,22,90,5,77
91,21,26,1,32,90,0,77
91,22,39,1,37,90,0,72
91,23,27,1,37,95,-5,72
91,24,12,0,32,105,-5,72
91,25,23,1,42,105,-10,72
91,26,26,1,52,105,-15,72
91,27,46,1,57,105,-15,67
91,28,24,0,52,105,-10,67
91,29,9,0,47,105,-10,72
91,30,18,1,57,105,-10,72
91,31,37,0,45,115,-10,72
91,32,43,1,45,115,-5,57
91,33,28,0,35,115,5,57
91,34,20,0,30,115,20,57
91,35,20,0,25,115,35,57
91,36,30,1,25,115,45,57
91,37,23,1,35,115,40,57
91,38,5,1,40,115,30,57
91,39,16,1,40,115,20,57
91,40,16,1,40,115,10,57
91,41,38,1,45,115,10,57
91,42,4,0,30,120,10,57
91,43,9,1,35,120,10,57
91,44,17,1,20,120,20,57
91,45,21,1,20,125,5,57
91,46,26,0,15,125,5,62
91,47,5,1,20,125,-5,62
91,48,38,0,15,130,-5,62
91,49,8,1,5,130,-5,67
91,50,23,1,15,130,-10,67
91,51,11,0,10,130,-10,69
91,52,41,1,15,120,-10,69
91,53,36,0,15,115,-10,71
91,54,15,1,15,120,-10,71
91,55,4,1,25,120,-10,66
91,56,43,1,25,120,-5,51
91,57,26,1,35,120,-10,51
91,58,20,0,30,120,5,51
91,59,41,1,35,110,5,51
91,60,26,0,30,110,5,56
91,61,24,1,35,110,5,56
91,62,16,0,25,115,5,56
91,63,9,1,30,115,5,56
91,64,8,0,30,120,-5,56
91,65,24,0,25,120,0,56
91,66,25,0,25,115,10,56
91,67,22,1,25,120,0,56
91,68,16,1,25,120,-10,56
91,69,16,1,25,120,-20,56
91,70,11,1,30,120,-20,56
91,71,16,0,20,125,-20,56
91,72,14,1,20,130,-20,56
91,73,26,0,15,130,-20,61
91,74,26,1,25,130,-25,61
91,75,36,1,25,135,-25,56
91,76,2,0,15,135,-20,56
91,77,42,1,15,140,-20,56
91,78,9,1,20,140,-20,56
91,79,20,1,20,145,-35,56
91,80,25,0,20,140,-25,56
91,81,44,0,20,140,-15,61
91,82,26,0,15,140,-15,66
91,83,4,0,0,145,-15,66
91,84,11,1,5,145,-15,66
91,85,21,1,5,150,-30,66
91,86,40,0,5,160,-40,66
91,87,3,1,-2,160,-40,71
91,88,7,0,-17,165,-40,71
91,89,20,1,-17,170,-55,71
91,90,21,0,-22,170,-40,71
91,91,9,1,-17,170,-40,71
91,92,38,0,-22,175,-40,71
91,93,37,1,-12,175,-40,71
91,94,9,0,-17,175,-40,76
91,95,25,0,-17,170,-30,76
91,96,14,1,-17,175,-30,76
91,97,2,0,-27,175,-25,76
91,98,11,0,-32,175,-25,78
91,99,45,0,-32,175,-25,83
92,0,20,0,45,50,65,50
92,1,30,1,45,50,75,50
92,2,27,1,45,55,70,50
92,3,3,1,38,55,70,55
92,4,29,1,38,70,50,55
92,5,2,1,43,70,40,55
92,6,5,1,48,70,30,55
92,7,4,0,33,75,30,55
92,8,3,0,48,75,25,55
92,9,16,1,48,75,15,55
92,10,41,0,38,85,15,55
92,11,45,0,38,85,15,60
92,12,16,1,38,85,5,60
92,13,46,1,43,85,5,55
92,14,12,1,48,85,5,55
92,15,16,0,38,90,5,55
92,16,15,0,58,85,5,55
92,17,15,1,58,90,5,55
92,18,41,0,48,100,5,55
92,19,9,1,53,100,5,55
92,20,16,1,53,100,-5,55
92,21,45,1,53,105,-5,55
92,22,45,1,53,110,-5,55
92,23,6,1,45,110,-5,60
92,24,46,0,38,110,-5,65
92,25,43,0,58,110,-15,65
92,26,11,1,63,110,-15,65
92,27,16,1,63,110,-25,65
92,28,14,1,63,115,-25,65
92,29,25,1,63,120,-35,65
92,30,36,1,63,125,-35,60
92,31,18,1,73,125,-35,60
92,32,16,1,73,125,-45,60
92,33,21,1,73,130,-60,60
92,34,13,1,78,135,-60,60
92,35,23,0,73,125,-60,65
92,36,11,0,68,125,-60,67
92,37,6,0,78,125,-65,67
92,38,36,1,78,130,-65,62
92,39,16,0,68,135,-65,62
92,40,13,1,73,140,-65,62
92,41,4,1,83,140,-65,57
92,42,1,0,93,140,-80,57
92,43,20,0,88,140,-65,57
92,44,44,1,93,140,-65,57
92,45,16,1,93,140,-75,57
92,46,1,1,85,140,-70,57
92,47,21,1,85,145,-85,57
92,48,24,0,80,145,-80,57
92,49,6,0,90,145,-85,57
92,50,29,1,90,160,-105,57
92,51,40,1,90,150,-95,57
92,52,23,1,100,150,-100,57
92,53,20,1,100,155,-115,57
92,54,28,0,90,155,-105,57
92,55,11,0,85,155,-105,59
92,56,16,1,85,155,-115,59
92,57,3,1,78,155,-115,64
92,58,17,0,58,165,-115,64
92,59,1,1,50,165,-110,64
92,60,38,0,45,170,-110,64
92,61,15,1,45,175,-110,64
92,62,23,0,40,165,-110,69
92,63,4,0,25,170,-110,69
92,64,15,1,25,175,-110,69
92,65,16,0,15,180,-110,69
92,66,11,1,20,180,-110,69
92,67,9,0,15,180,-110,74
92,68,13,0,15,180,-110,79
92,69,12,1,20,180,-110,79
92,70,2,0,10,180,-105,79
92,71,1,1,2,180,-100,79
92,72,4,0,-13,185,-100,79
92,73,5,1,-8,185,-110,79
92,74,25,1,-8,190,-120,79
92,75,47,1,-8,190,-120,94
92,76,18,1,2,190,-120,94
92,77,12,1,7,190,-120,94
92,78,7,0,-8,195,-120,94
92,79,40,0,-8,205,-130,94
92,80,3,1,-15,205,-130,99
92,81,5,0,-20,205,-125,99
92,82,7,0,-35,210,-125,99
92,83,4,1,-25,210,-125,94
92,84,40,1,-25,200,-115,94
92,85,42,1,-25,205,-115,94
92,86,42,0,-33,205,-115,104
92,87,38,1,-28,205,-115,104
92,88,16,1,-28,205,-125,104
92,89,7,1,-23,205,-125,99
92,90,4,1,-13,205,-125,94
92,91,5,0,-18,205,-120,94
92,92,3,0,-3,205,-125,94
92,93,4,0,-18,210,-125,94
92,94,36,1,-18,215,-125,89
92,95,10,0,-23,220,-125,89
92,96,1,1,-31,220,-120,89
92,97,17,0,-51,230,-120,89
92,98,48,1,-51,235,-120,79
92,99,16,0,-61,240,-120,79
93,0,24,1,55,50,50,50
93,1,15,1,55,55,50,50
93,2,9,1,60,55,50,50
93,3,4,0,45,60,50,50
93,4,10,1,65,60,40,50
93,5,12,1,70,60,40,50
93,6,42,1,70,65,40,50
93,7,45,0,70,65,40,55
93,8,38,1,75,65,40,55
93,9,11,0,70,65,40,57
93,10,12,1,75,65,40,57
93,11,13,1,80,70,40,57
93,12,2,1,85,70,30,57
93,13,16,0,75,75,30,57
93,14,13,0,75,75,30,62
93,15,28,1,85,75,30,62
93,16,20,0,80,75,45,62
93,17,45,1,80,80,45,62
93,18,22,1,80,85,35,62
93,19,3,1,73,85,35,67
93,20,10,0,68,90,35,67
93,21,15,1,68,95,35,67
93,22,8,1,58,95,35,72
93,23,6,0,68,95,30,72
93,24,41,0,58,105,30,72
93,25,5,1,63,105,20,72
93,26,26,1,73,105,15,72
93,27,48,1,73,110,15,62
93,28,15,0,93,105,15,62
93,29,46,1,98,105,15,57
93,30,45,1,98,110,15,57
93,31,36,1,98,115,15,52
93,32,24,0,93,115,20,52
93,33,11,0,88,115,20,54
93,34,12,0,83,125,20,54
93,35,22,1,83,130,10,54
93,36,26,1,93,130,5,54
93,37,23,1,103,130,0,54
93,38,10,0,98,135,0,54
93,39,25,0,98,130,10,54
93,40,19,1,113,130,10,54
93,41,16,1,113,130,0,54
93,42,3,1,106,130,0,59
93,43,1,0,116,130,-15,59
93,44,25,1,116,135,-25,59
93,45,10,1,136,135,-35,59
93,46,13,0,136,135,-35,64
93,47,21,1,136,140,-50,64
93,48,4,0,121,145,-50,64
93,49,11,1,126,145,-50,64
93,50,2,0,116,145,-45,64
93,51,16,0,106,150,-45,64
93,52,27,0,116,135,-45,64
93,53,41,0,106,145,-45,64
93,54,5,0,101,145,-40,64
93,55,11,1,106,145,-40,64
93,56,16,0,96,150,-40,64
93,57,44,1,101,150,-40,64
93,58,5,0,96,150,-35,64
93,59,25,0,96,145,-25,64
93,60,42,0,88,145,-25,74
93,61,10,0,83,150,-25,74
93,62,16,1,83,150,-35,74
93,63,9,1,88,150,-35,74
93,64,18,1,98,150,-35,74
93,65,25,1,98,155,-45,74
93,66,37,0,86,165,-45,74
93,67,7,1,91,165,-45,69
93,68,7,0,76,170,-45,69
93,69,3,1,69,170,-45,74
93,70,14,1,69,175,-45,74
93,71,17,1,54,175,-35,74
93,72,28,0,44,175,-25,74
93,73,25,0,44,170,-15,74
93,74,5,0,39,170,-10,74
93,75,26,1,49,170,-15,74
93,76,10,1,69,170,-25,74
93,77,25,0,69,165,-15,74
93,78,1,0,79,165,-30,74
93,79,19,1,94,165,-30,74
93,80,42,1,94,170,-30,74
93,81,48,1,94,175,-30,64
93,82,45,1,94,180,-30,64
93,83,40,1,94,170,-20,64
93,84,16,0,84,175,-20,64
93,85,8,1,74,175,-20,69
93,86,8,1,64,175,-20,74
93,87,6,0,74,175,-25,74
93,88,45,0,74,175,-25,79
93,89,41,0,64,185,-25,79
93,90,22,1,64,190,-35,79
93,91,14,0,64,190,-35,84
93,92,16,1,64,190,-45,84
93,93,12,0,59,200,-45,84
93,94,12,1,64,200,-45,84
93,95,40,1,64,190,-35,84
93,96,4,1,74,190,-35,79
93,97,39,1,79,190,-35,74
93,98,22,1,79,195,-45,74
93,99,16,1,79,195,-55,74
94,0,1,1,42,50,55,50
94,1,9,0,37,50,55,55
94,2,23,0,32,40,55,60
94,3,23,1,42,40,50,60
94,4,16,0,32,45,50,60
94,5,3,0,47,45,45,60
94,6,41,1,52,35,45,60
94,7,8,0,52,40,35,60
94,8,39,1,57,40,35,55
94,9,40,0,57,50,25,55
94,10,5,0,52,50,30,55
94,11,5,0,47,50,35,55
94,12,23,1,57,50,30,55
94,13,3,1,50,50,30,60
94,14,14,0,50,50,30,65
94,15,9,0,45,50,30,70
94,16,3,0,60,50,25,70
94,17,12,0,55,60,25,70
94,18,25,1,55,65,15,70
94,19,1,0,65,65,0,70
94,20,10,1,85,65,-10,70
94,21,20,1,85,70,-25,70
94,22,26,1,95,70,-30,70
94,23,28,1,105,70,-30,70
94,24,1,1,97,70,-25,70
94,25,12,0,92,80,-25,70
94,26,47,1,92,80,-25,85
94,27,14,0,92,80,-25,90
94,28,10,1,112,80,-35,90
94,29,22,0,107,80,-30,90
94,30,46,0,100,80,-30,95
94,31,39,1,105,80,-30,90
94,32,48,1,105,85,-30,80
94,33,15,1,105,90,-30,80
94,34,25,0,105,85,-20,80
94,35,12,0,100,95,-20,80
94,36,37,0,88,105,-20,80
94,37,26,0,83,105,-20,85
94,38,48,0,73,105,-20,90
94,39,3,0,88,105,-25,90
94,40,26,0,83,105,-25,95
94,41,22,0,78,105,-20,95
94,42,7,1,83,105,-20,90
94,43,5,1,88,105,-30,90
94,44,1,1,80,105,-25,90
94,45,13,1,85,110,-25,90
94,46,18,1,95,110,-25,90
94,47,41,0,85,120,-25,90
94,48,3,1,78,120,-25,95
94,49,22,0,73,120,-20,95
94,50,13,0,73,120,-20,100
94,51,10,0,68,125,-20,100
94,52,28,0,58,125,-10,100
94,53,15,0,78,120,-10,100
94,54,27,1,78,125,-15,100
94,55,24,1,83,125,-15,100
94,56,46,1,88,125,-15,95
94,57,22,1,88,130,-25,95
94,58,6,1,80,130,-25,100
94,59,44,0,80,130,-15,105
94,60,18,0,55,130,-15,115
94,61,2,0,45,130,-10,115
94,62,13,0,45,130,-10,120
94,63,24,1,50,130,-10,120
94,64,5,1,55,130,-20,120
94,65,15,1,55,135,-20,120
94,66,7,1,60,135,-20,115
94,67,24,0,55,135,-15,115
94,68,7,1,60,135,-15,110
94,69,29,1,60,150,-35,110
94,70,4,1,70,150,-35,105
94,71,24,0,65,150,-30,105
94,72,40,1,65,140,-20,105
94,73,4,0,50,145,-20,105
94,74,37,1,60,145,-20,105
94,75,24,0,55,145,-15,105
94,76,30,1,55,145,-5,105
94,77,4,1,65,145,-5,100
94,78,3,1,58,145,-5,105
94,79,7,1,63,145,-5,100
94,80,21,1,63,150,-20,100
94,81,37,1,73,150,-20,100
94,82,26,0,68,150,-20,105
94,83,9,0,63,150,-20,110
94,84,23,1,73,150,-25,110
94,85,20,1,73,155,-40,110
94,86,41,1,78,145,-40,110
94,87,45,0,78,145,-40,115
94,88,23,0,73,135,-40,120
94,89,3,1,66,135,-40,125
94,90,2,1,71,135,-50,125
94,91,6,0,81,135,-55,125
94,92,25,1,81,140,-65,125
94,93,47,1,81,140,-65,140
94,94,20,0,76,140,-50,140
94,95,47,1,76,140,-50,155
94,96,10,1,96,140,-60,155
94,97,9,0,91,140,-60,160
94,98,9,1,96,140,-60,160
94,99,12,1,101,140,-60,160
95,0,1,0,60,50,35,50
95,1,41,1,65,40,35,50
95,2,21,1,65,45,20,50
95,3,26,1,75,45,15,50
95,4,4,1,85,45,15,45
95,5,5,1,90,45,5,45
95,6,46,0,83,45,5,50
95,7,37,1,93,45,5,50
95,8,20,1,93,50,-10,50
95,9,41,0,83,60,-10,50
95,10,39,0,76,65,-10,50
95,11,12,1,81,65,-10,50
95,12,43,1,81,65,-5,35
95,13,4,1,91,65,-5,30
95,14,45,0,91,65,-5,35
95,15,45,0,91,65,-5,40
95,16,9,1,96,65,-5,40
95,17,16,0,86,70,-5,40
95,18,27,1,86,75,-10,40
95,19,15,1,86,80,-10,40
95,20,3,1,79,80,-10,45
95,21,41,0,69,90,-10,45
95,22,12,0,64,100,-10,45
95,23,4,0,49,105,-10,45
95,24,26,1,59,105,-15,45
95,25,41,0,49,115,-15,45
95,26,3,1,42,115,-15,50
95,27,4,0,27,120,-15,50
95,28,4,1,37,120,-15,45
95,29,2,0,27,120,-10,45
95,30,9,0,22,120,-10,50
95,31,36,1,22,125,-10,45
95,32,12,0,17,135,-10,45
95,33,25,1,17,140,-20,45
95,34,23,0,12,130,-20,50
95,35,2,1,17,130,-30,50
95,36,25,0,17,125,-20,50
95,37,25,0,17,120,-10,50
95,38,27,0,27,105,-10,50
95,39,44,1,32,105,-10,50
95,40,2,1,37,105,-20,50
95,41,22,0,32,105,-15,50
95,42,48,0,22,105,-15,55
95,43,10,1,42,105,-25,55
95,44,23,0,37,95,-25,60
95,45,27,0,47,80,-25,60
95,46,26,0,42,80,-25,65
95,47,9,0,37,80,-25,70
95,48,46,1,42,80,-25,65
95,49,43,0,62,80,-35,65
95,50,1,0,72,80,-50,65
95,51,15,1,72,85,-50,65
95,52,2,1,77,85,-60,65
95,53,40,1,77,75,-50,65
95,54,41,1,82,65,-50,65
95,55,24,0,77,65,-45,65
95,56,23,0,72,55,-45,70
95,57,4,0,57,60,-45,70
95,58,26,1,67,60,-50,70
95,59,19,0,47,60,-40,80
95,60,39,0,40,65,-40,80
95,61,15,0,60,60,-40,80
95,62,22,0,55,60,-35,80
95,63,12,0,50,70,-35,80
95,64,37,1,60,70,-35,80
95,65,45,0,60,70,-35,85
95,66,37,1,70,70,-35,85
95,67,10,0,65,75,-35,85
95,68,4,1,75,75,-35,80
95,69,1,1,67,75,-30,80
95,70,16,1,67,75,-40,80
95,71,38,0,62,80,-40,80
95,72,22,0,57,80,-35,80
95,73,30,1,57,80,-25,80
95,74,29,0,47,80,-20,80
95,75,26,1,57,80,-25,80
95,76,25,1,57,85,-35,80
95,77,39,1,62,85,-35,75
95,78,22,0,57,85,-30,75
95,79,1,0,67,85,-45,75
95,80,9,0,62,85,-45,80
95,81,41,0,52,95,-45,80
95,82,9,0,47,95,-45,85
95,83,30,1,47,95,-35,85
95,84,22,0,42,95,-30,85
95,85,25,1,42,100,-40,85
95,86,40,0,42,110,-50,85
95,87,11,0,37,110,-50,87
95,88,26,0,32,110,-50,92
95,89,18,1,42,110,-50,92
95,90,1,1,34,110,-45,92
95,91,12,0,29,120,-45,92
95,92,5,1,34,120,-55,92
95,93,12,0,29,130,-55,92
95,94,36,0,29,125,-55,94
95,95,22,0,24,125,-50,94
95,96,14,0,24,125,-50,99
95,97,17,0,4,135,-50,99
95,98,4,1,14,135,-50,94
95,99,47,0,39,135,-50,94
96,0,3,1,43,50,50,55
96,1,27,1,43,55,45,55
96,2,37,0,31,65,45,55
96,3,24,1,36,65,45,55
96,4,1,1,28,65,50,55
96,5,10,1,48,65,40,55
96,6,46,1,53,65,40,50
96,7,16,1,53,65,30,50
96,8,25,0,53,60,40,50
96,9,20,1,53,65,25,50
96,10,26,1,63,65,20,50
96,11,25,0,63,60,30,50
96,12,27,1,63,65,25,50
96,13,4,1,73,65,25,45
96,14,43,1,73,65,30,30
96,15,17,0,53,75,30,30
96,16,14,0,53,75,30,35
96,17,21,0,48,75,45,35
96,18,9,1,53,75,45,35
96,19,48,0,43,75,45,40
96,20,39,1,48,75,45,35
96,21,37,1,58,75,45,35
96,22,43,0,78,75,35,35
96,23,12,1,83,75,35,35
96,24,12,0,78,85,35,35
96,25,16,1,78,85,25,35
96,26,15,1,78,90,25,35
96,27,27,1,78,95,20,35
96,28,8,0,78,100,10,35
96,29,37,1,88,100,10,35
96,30,25,0,88,95,20,35
96,31,2,0,78,95,25,35
96,32,12,1,83,95,25,35
96,33,27,1,83,100,20,35
96,34,3,0,98,100,15,35
96,35,2,0,88,100,20,35
96,36,42,0,80,100,20,45
96,37,25,0,80,95,30,45
96,38,39,0,73,100,30,45
96,39,23,1,83,100,25,45
96,40,44,1,88,100,25,45
96,41,24,0,83,100,30,45
96,42,9,0,78,100,30,50
96,43,6,0,88,100,25,50
96,44,9,0,83,100,25,55
96,45,3,1,76,100,25,60
96,46,36,0,76,95,25,62
96,47,3,0,91,95,20,62
96,48,22,1,91,100,10,62
96,49,3,0,106,100,5,62
96,50,25,0,106,95,15,62
96,51,27,1,106,100,10,62
96,52,25,1,106,105,0,62
96,53,28,0,96,105,10,62
96,54,20,1,96,110,-5,62
96,55,6,1,88,110,-5,67
96,56,1,0,98,110,-20,67
96,57,22,0,93,110,-15,67
96,58,9,0,88,110,-15,72
96,59,21,1,88,115,-30,72
96,60,12,0,83,125,-30,72
96,61,3,1,76,125,-30,77
96,62,15,0,96,120,-30,77
96,63,12,0,91,130,-30,77
96,64,26,0,86,130,-30,82
96,65,20,1,86,135,-45,82
96,66,30,0,86,135,-55,92
96,67,14,0,86,135,-55,97
96,68,6,0,96,135,-60,97
96,69,5,0,91,135,-55,97
96,70,16,1,91,135,-65,97
96,71,23,1,101,135,-70,97
96,72,14,0,101,135,-70,102
96,73,9,0,96,135,-70,107
96,74,21,0,91,135,-55,107
96,75,23,0,86,125,-55,112
96,76,26,1,96,125,-60,112
96,77,10,1,116,125,-70,112
96,78,3,0,131,125,-75,112
96,79,1,0,141,125,-90,112
96,80,40,1,141,115,-80,112
96,81,44,1,146,115,-80,112
96,82,29,0,136,115,-75,112
96,83,25,1,136,120,-85,112
96,84,12,1,141,120,-85,112
96,85,5,1,146,120,-95,112
96,86,14,0,146,120,-95,117
96,87,37,0,134,130,-95,117
96,88,15,1,134,135,-95,117
96,89,4,0,119,140,-95,117
96,90,10,1,139,140,-105,117
96,91,9,0,134,140,-105,122
96,92,40,1,134,130,-95,122
96,93,48,0,124,130,-95,127
96,94,27,0,134,115,-95,127
96,95,43,1,134,115,-90,112
96,96,46,1,139,115,-90,107
96,97,44,1,144,115,-90,107
96,98,26,0,139,115,-90,112
96,99,5,1,144,115,-100,112
97,0,2,1,55,50,40,50
97,1,1,0,65,50,25,50
97,2,11,1,70,50,25,50
97,3,39,0,63,55,25,50
97,4,16,1,63,55,15,50
97,5,13,0,63,55,15,55
97,6,39,1,68,55,15,50
97,7,24,0,63,55,20,50
97,8,45,1,63,60,20,50
97,9,1,0,73,60,5,50
97,10,5,0,68,60,10,50
97,11,37,1,78,60,10,50
97,12,23,0,73,50,10,55
97,13,39,0,66,55,10,55
97,14,13,1,71,60,10,55
97,15,41,0,61,70,10,55
97,16,30,1,61,70,20,55
97,17,24,0,56,70,25,55
97,18,10,0,51,75,25,55
97,19,7,1,56,75,25,50
97,20,5,0,51,75,30,50
97,21,9,0,46,75,30,55
97,22,18,0,21,75,30,65
97,23,10,0,16,80,30,65
97,24,24,1,21,80,30,65
97,25,10,1,41,80,20,65
97,26,42,0,33,80,20,75
97,27,17,0,13,90,20,75
97,28,20,1,13,95,5,75
97,29,12,1,18,95,5,75
97,30,21,1,18,100,-10,75
97,31,12,0,13,110,-10,75
97,32,8,1,3,110,-10,80
97,33,1,0,13,110,-25,80
97,34,15,1,13,115,-25,80
97,35,24,1,18,115,-25,80
97,36,47,1,18,115,-25,95
97,37,27,1,18,120,-30,95
97,38,3,1,11,120,-30,100
97,39,4,0,-4,125,-30,100
97,40,20,0,-9,125,-15,100
97,41,2,1,-4,125,-25,100
97,42,3,0,11,125,-30,100
97,43,15,0,31,120,-30,100
97,44,19,0,11,120,-20,110
97,45,23,0,6,110,-20,115
97,46,22,1,6,115,-30,115
97,47,3,1,-1,115,-30,120
97,48,5,0,-6,115,-25,120
97,49,45,0,-6,115,-25,125
97,50,28,0,-16,115,-15,125
97,51,9,1,-11,115,-15,125
97,52,42,1,-11,120,-15,125
97,53,14,1,-11,125,-15,125
97,54,22,1,-11,130,-25,125
97,55,41,1,-6,120,-25,125
97,56,16,1,-6,120,-35,125
97,57,44,1,-1,120,-35,125
97,58,25,0,-1,115,-25,125
97,59,22,0,-6,115,-20,125
97,60,15,0,14,110,-20,125
97,61,9,1,19,110,-20,125
97,62,25,1,19,115,-30,125
97,63,14,1,19,120,-30,125
97,64,45,1,19,125,-30,125
97,65,26,0,14,125,-30,130
97,66,41,0,4,135,-30,130
97,67,36,0,4,130,-30,132
97,68,44,1,9,130,-30,132
97,69,27,0,19,115,-30,132
97,70,4,0,4,120,-30,132
97,71,6,1,-4,120,-30,137
97,72,15,1,-4,125,-30,137
97,73,10,0,-9,130,-30,137
97,74,4,1,1,130,-30,132
97,75,29,1,1,145,-50,132
97,76,5,0,-4,145,-45,132
97,77,38,0,-9,150,-45,132
97,78,22,1,-9,155,-55,132
97,79,37,0,-21,165,-55,132
97,80,2,0,-31,165,-50,132
97,81,5,0,-36,165,-45,132
97,82,42,0,-44,165,-45,142
97,83,46,0,-51,165,-45,147
97,84,28,1,-41,165,-45,147
97,85,40,0,-41,175,-55,147
97,86,9,0,-46,175,-55,152
97,87,25,1,-46,180,-65,152
97,88,16,0,-56,185,-65,152
97,89,12,0,-61,195,-65,152
97,90,37,0,-73,205,-65,152
97,91,27,0,-63,190,-65,152
97,92,7,1,-58,190,-65,147
97,93,42,0,-66,190,-65,157
97,94,22,0,-71,190,-60,157
97,95,22,0,-76,190,-55,157
97,96,8,0,-76,195,-65,157
97,97,45,0,-76,195,-65,162
97,98,22,0,-81,195,-60,162
97,99,5,1,-76,195,-70,162
98,0,14,1,50,55,50,50
98,1,20,0,45,55,65,50
98,2,12,0,40,65,65,50
98,3,15,0,60,60,65,50
98,4,14,0,60,60,65,55
98,5,12,1,65,60,65,55
98,6,48,0,55,60,65,60
98,7,14,1,55,65,65,60
98,8,25,0,55,60,75,60
98,9,39,0,48,65,75,60
98,10,4,1,58,65,75,55
98,11,21,0,53,65,90,55
98,12,23,1,63,65,85,55
98,13,25,1,63,70,75,55
98,14,19,0,43,70,85,65
98,15,16,0,33,75,85,65
98,16,16,0,23,80,85,65
98,17,23,0,18,70,85,70
98,18,5,1,23,70,75,70
98,19,5,1,28,70,65,70
98,20,5,1,33,70,55,70
98,21,16,1,33,70,45,70
98,22,5,0,28,70,50,70
98,23,10,1,48,70,40,70
98,24,36,0,48,65,40,72
98,25,48,1,48,70,40,62
98,26,11,1,53,70,40,62
98,27,30,0,53,70,30,72
98,28,10,1,73,70,20,72
98,29,11,1,78,70,20,72
98,30,28,0,68,70,30,72
98,31,6,1,60,70,30,77
98,32,37,0,48,80,30,77
98,33,22,0,43,80,35,77
98,34,14,0,43,80,35,82
98,35,18,0,18,80,35,92
98,36,14,0,18,80,35,97
98,37,24,0,13,80,40,97
98,38,20,0,8,80,55,97
98,39,24,0,3,80,60,97
98,40,26,1,13,80,55,97
98,41,15,0,33,75,55,97
98,42,2,1,38,75,45,97
98,43,14,0,38,75,45,102
98,44,8,1,28,75,45,107
98,45,43,0,48,75,35,107
98,46,29,0,38,75,40,107
98,47,11,1,43,75,40,107
98,48,20,1,43,80,25,107
98,49,41,0,33,90,25,107
98,50,2,1,38,90,15,107
98,51,42,0,30,90,15,117
98,52,11,0,25,90,15,119
98,53,43,0,45,90,5,119
98,54,9,1,50,90,5,119
98,55,16,0,40,95,5,119
98,56,17,1,25,95,15,119
98,57,21,0,20,95,30,119
98,58,14,0,20,95,30,124
98,59,24,0,15,95,35,124
98,60,14,0,15,95,35,129
98,61,24,1,20,95,35,129
98,62,29,1,20,110,15,129
98,63,15,1,20,115,15,129
98,64,9,0,15,115,15,134
98,65,47,0,40,115,15,134
98,66,41,0,30,125,15,134
98,67,41,0,20,135,15,134
98,68,25,1,20,140,5,134
98,69,1,1,12,140,10,134
98,70,5,1,17,140,0,134
98,71,8,0,17,145,-10,134
98,72,26,1,27,145,-15,134
98,73,12,1,32,145,-15,134
98,74,43,0,52,145,-25,134
98,75,20,0,47,145,-10,134
98,76,25,1,47,150,-20,134
98,77,3,1,40,150,-20,139
98,78,5,0,35,150,-15,139
98,79,37,0,23,160,-15,139
98,80,18,0,-2,160,-15,149
98,81,42,1,-2,165,-15,149
98,82,3,0,13,165,-20,149
98,83,41,1,18,155,-20,149
98,84,16,0,8,160,-20,149
98,85,12,1,13,160,-20,149
98,86,15,0,33,155,-20,149
98,87,42,0,25,155,-20,159
98,88,44,0,25,155,-10,164
98,89,26,0,20,155,-10,169
98,90,4,0,5,160,-10,169
98,91,12,1,10,160,-10,169
98,92,41,0,0,170,-10,169
98,93,3,0,15,170,-15,169
98,94,9,1,20,170,-15,169
98,95,40,0,20,180,-25,169
98,96,25,0,20,175,-15,169
98,97,18,0,-5,175,-15,179
98,98,2,0,-15,175,-10,179
98,99,20,0,-20,175,5,179
99,0,42,0,42,50,50,60
99,1,4,0,27,55,50,60
99,2,7,1,32,55,50,55
99,3,46,0,25,55,50,60
99,4,13,1,30,60,50,60
99,5,37,0,18,70,50,60
99,6,36,0,18,65,50,62
99,7,11,0,13,65,50,64
99,8,11,1,18,65,50,64
99,9,27,0,28,50,50,64
99,10,2,1,33,50,40,64
99,11,38,0,28,55,40,64
99,12,26,0,23,55,40,69
99,13,1,0,33,55,25,69
99,14,21,0,28,55,40,69
99,15,44,1,33,55,40,69
99,16,16,0,23,60,40,69
99,17,6,1,15,60,40,74
99,18,22,0,10,60,45,74
99,19,23,0,5,50,45,79
99,20,41,1,10,40,45,79
99,21,6,0,20,40,40,79
99,22,10,1,40,40,30,79
99,23,1,0,50,40,15,79
99,24,15,0,70,35,15,79
99,25,19,1,85,35,15,79
99,26,25,0,85,30,25,79
99,27,38,1,90,30,25,79
99,28,5,1,95,30,15,79
99,29,22,0,90,30,20,79
99,30,10,0,85,35,20,79
99,31,16,1,85,35,10,79
99,32,7,1,90,35,10,74
99,33,41,0,80,45,10,74
99,34,13,0,80,45,10,79
99,35,44,1,85,45,10,79
99,36,13,1,90,50,10,79
99,37,18,1,100,50,10,79
99,38,17,0,80,60,10,79
99,39,26,1,90,60,5,79
99,40,23,1,100,60,0,79
99,41,4,1,110,60,0,74
99,42,29,1,110,75,-20,74
99,43,47,0,135,75,-20,74
99,44,10,0,130,80,-20,74
99,45,22,1,130,85,-30,74
99,46,20,1,130,90,-45,74
99,47,28,0,120,90,-35,74
99,48,23,0,115,80,-35,79
99,49,22,1,115,85,-45,79
99,50,46,1,120,85,-45,74
99,51,2,0,110,85,-40,74
99,52,5,0,105,85,-35,74
99,53,38,0,100,90,-35,74
99,54,8,0,100,95,-45,74
99,55,5,1,105,95,-55,74
99,56,37,1,115,95,-55,74
99,57,47,0,140,95,-55,74
99,58,24,0,135,95,-50,74
99,59,15,1,135,100,-50,74
99,60,3,0,150,100,-55,74
99,61,23,0,145,90,-55,79
99,62,12,1,150,90,-55,79
99,63,7,1,155,90,-55,74
99,64,7,1,160,90,-55,69
99,65,12,1,165,90,-55,69
99,66,21,1,165,95,-70,69
99,67,21,1,165,100,-85,69
99,68,26,1,175,100,-90,69
99,69,15,0,195,95,-90,69
99,70,3,0,210,95,-95,69
99,71,41,1,215,85,-95,69
99,72,45,1,215,90,-95,69
99,73,20,0,210,90,-80,69
99,74,21,0,205,90,-65,69
99,75,2,1,210,90,-75,69
99,76,3,0,225,90,-80,69
99,77,37,0,213,100,-80,69
99,78,11,1,218,100,-80,69
99,79,24,1,223,100,-80,69
99,80,5,1,228,100,-90,69
99,81,41,0,218,110,-90,69
99,82,23,1,228,110,-95,69
99,83,22,1,228,115,-105,69
99,84,3,1,221,115,-105,74
99,85,16,0,211,120,-105,74
99,86,16,1,211,120,-115,74
99,87,3,1,204,120,-115,79
99,88,16,1,204,120,-125,79
99,89,4,1,214,120,-125,74
99,90,44,0,214,120,-115,79
99,91,1,0,224,120,-130,79
99,92,12,1,229,120,-130,79
99,93,26,1,239,120,-135,79
99,94,20,0,234,120,-120,79
99,95,19,1,249,120,-120,79
99,96,43,0,269,120,-130,79
99,97,41,0,259,130,-130,79
99,98,3,1,252,130,-130,84
99,99,28,0,242,130,-120,84
