run,turn,card_id,choice,resources,security,moral,progress
0,0,20,1,50,55,35,50
0,1,16,1,50,55,25,50
0,2,22,0,45,55,30,50
0,3,45,0,45,55,30,55
0,4,15,1,45,60,30,55
0,5,12,1,50,60,30,55
0,6,42,0,42,60,30,65
0,7,4,0,27,65,30,65
0,8,23,0,22,55,30,70
0,9,14,1,22,60,30,70
0,10,21,0,17,60,45,70
0,11,17,0,-3,70,45,70
0,12,26,0,-8,70,45,75
0,13,15,1,-8,75,45,75
0,14,11,0,-13,75,45,77
0,15,23,0,-18,65,45,82
0,16,10,0,-23,70,45,82
0,17,42,0,-31,70,45,92
0,18,28,0,-41,70,55,92
0,19,11,1,-36,70,55,92
0,20,1,0,-26,70,40,92
0,21,23,0,-31,60,40,97
0,22,14,0,-31,60,40,102
0,23,41,0,-41,70,40,102
0,24,42,0,-49,70,40,112
0,25,12,0,-54,80,40,112
0,26,45,0,-54,80,40,117
0,27,10,0,-59,85,40,117
0,28,11,0,-64,85,40,119
0,29,44,1,-59,85,40,119
0,30,21,1,-59,90,25,119
0,31,26,1,-49,90,20,119
0,32,29,1,-49,105,0,119
0,33,15,1,-49,110,0,119
0,34,28,0,-59,110,10,119
0,35,38,1,-54,110,10,119
0,36,7,1,-49,110,10,114
0,37,46,1,-44,110,10,109
0,38,43,0,-24,110,0,109
0,39,40,1,-24,100,10,109
0,40,24,0,-29,100,15,109
0,41,9,1,-24,100,15,109
0,42,36,1,-24,105,15,104
0,43,16,1,-24,105,5,104
0,44,41,1,-19,95,5,104
0,45,3,1,-26,95,5,109
0,46,21,1,-26,100,-10,109
0,47,20,0,-31,100,5,109
0,48,5,0,-36,100,10,109
0,49,15,1,-36,105,10,109
0,50,47,0,-11,105,10,109
0,51,13,0,-11,105,10,114
0,52,36,0,-11,100,10,116
0,53,40,1,-11,90,20,116
0,54,3,1,-18,90,20,121
0,55,14,1,-18,95,20,121
0,56,26,1,-8,95,15,121
0,57,36,1,-8,100,15,116
0,58,40,0,-8,110,5,116
0,59,45,0,-8,110,5,121
0,60,28,0,-18,110,15,121
0,61,9,0,-23,110,15,126
0,62,1,1,-31,110,20,126
0,63,14,0,-31,110,20,131
0,64,19,0,-51,110,30,141
0,65,48,0,-61,110,30,146
0,66,16,0,-71,115,30,146
0,67,45,1,-71,120,30,146
0,68,36,1,-71,125,30,141
0,69,47,0,-46,125,30,141
0,70,1,1,-54,125,35,141
0,71,13,0,-54,125,35,146
0,72,4,0,-69,130,35,146
0,73,23,1,-59,130,30,146
0,74,15,1,-59,135,30,146
0,75,9,0,-64,135,30,151
0,76,26,0,-69,135,30,156
0,77,29,1,-69,150,10,156
0,78,23,1,-59,150,5,156
0,79,12,1,-54,150,5,156
0,80,41,1,-49,140,5,156
0,81,25,0,-49,135,15,156
0,82,19,1,-34,135,15,156
0,83,28,0,-44,135,25,156
0,84,26,1,-34,135,20,156
0,85,1,1,-42,135,25,156
0,86,12,1,-37,135,25,156
0,87,25,1,-37,140,15,156
0,88,44,1,-32,140,15,156
0,89,10,1,-12,140,5,156
0,90,20,0,-17,140,20,156
0,91,24,1,-12,140,20,156
0,92,15,1,-12,145,20,156
0,93,4,1,-2,145,20,151
0,94,38,0,-7,150,20,151
0,95,42,0,-15,150,20,161
0,96,22,1,-15,155,10,161
0,97,3,1,-22,155,10,166
0,98,12,0,-27,165,10,166
0,99,4,0,-42,170,10,166
1,0,9,0,45,50,50,55
1,1,30,0,45,50,40,65
1,2,36,0,45,45,40,67
1,3,41,0,35,55,40,67
1,4,26,1,45,55,35,67
1,5,42,0,37,55,35,77
1,6,38,0,32,60,35,77
1,7,12,1,37,60,35,77
1,8,13,1,42,65,35,77
1,9,1,0,52,65,20,77
1,10,24,0,47,65,25,77
1,11,46,1,52,65,25,72
1,12,9,1,57,65,25,72
1,13,2,1,62,65,15,72
1,14,4,1,72,65,15,67
1,15,29,1,72,80,-5,67
1,16,46,1,77,80,-5,62
1,17,9,0,72,80,-5,67
1,18,36,1,72,85,-5,62
1,19,43,1,72,85,0,47
1,20,39,0,65,90,0,47
1,21,4,0,50,95,0,47
1,22,45,1,50,100,0,47
1,23,13,0,50,100,0,52
1,24,16,0,40,105,0,52
1,25,25,1,40,110,-10,52
1,26,14,0,40,110,-10,57
1,27,37,1,50,110,-10,57
1,28,40,0,50,120,-20,57
1,29,2,1,55,120,-30,57
1,30,16,1,55,120,-40,57
1,31,11,1,60,120,-40,57
1,32,15,1,60,125,-40,57
1,33,5,0,55,125,-35,57
1,34,23,0,50,115,-35,62
1,35,25,0,50,110,-25,62
1,36,7,0,35,115,-25,62
1,37,20,1,35,120,-40,62
1,38,41,0,25,130,-40,62
1,39,10,1,45,130,-50,62
1,40,36,0,45,125,-50,64
1,41,1,1,37,125,-45,64
1,42,20,0,32,125,-30,64
1,43,16,0,22,130,-30,64
1,44,29,1,22,145,-50,64
1,45,44,1,27,145,-50,64
1,46,47,0,52,145,-50,64
1,47,9,1,57,145,-50,64
1,48,40,0,57,155,-60,64
1,49,41,0,47,165,-60,64
1,50,28,1,57,165,-60,64
1,51,5,1,62,165,-70,64
1,52,6,1,54,165,-70,69
1,53,4,0,39,170,-70,69
1,54,38,0,34,175,-70,69
1,55,27,0,44,160,-70,69
1,56,41,1,49,150,-70,69
1,57,7,1,54,150,-70,64
1,58,44,0,54,150,-60,69
1,59,18,0,29,150,-60,79
1,60,21,0,24,150,-45,79
1,61,40,1,24,140,-35,79
1,62,3,1,17,140,-35,84
1,63,13,1,22,145,-35,84
1,64,6,0,32,145,-40,84
1,65,2,1,37,145,-50,84
1,66,41,0,27,155,-50,84
1,67,30,0,27,155,-60,94
1,68,26,0,22,155,-60,99
1,69,25,1,22,160,-70,99
1,70,2,1,27,160,-80,99
1,71,12,1,32,160,-80,99
1,72,1,1,24,160,-75,99
1,73,40,1,24,150,-65,99
1,74,30,1,24,150,-55,99
1,75,9,0,19,150,-55,104
1,76,42,1,19,155,-55,104
1,77,5,1,24,155,-65,104
1,78,6,1,16,155,-65,109
1,79,23,1,26,155,-70,109
1,80,8,1,16,155,-70,114
1,81,13,0,16,155,-70,119
1,82,10,1,36,155,-80,119
1,83,2,1,41,155,-90,119
1,84,37,1,51,155,-90,119
1,85,38,0,46,160,-90,119
1,86,16,1,46,160,-100,119
1,87,15,0,66,155,-100,119
1,88,3,0,81,155,-105,119
1,89,45,0,81,155,-105,124
1,90,6,0,91,155,-110,124
1,91,17,1,76,155,-100,124
1,92,11,0,71,155,-100,126
1,93,23,0,66,145,-100,131
1,94,5,1,71,145,-110,131
1,95,42,1,71,150,-110,131
1,96,39,0,64,155,-110,131
1,97,28,0,54,155,-100,131
1,98,6,1,46,155,-100,136
1,99,16,0,36,160,-100,136
2,0,43,0,70,50,40,50
2,1,15,1,70,55,40,50
2,2,20,1,70,60,25,50
2,3,48,1,70,65,25,40
2,4,23,0,65,55,25,45
2,5,22,1,65,60,15,45
2,6,16,0,55,65,15,45
2,7,13,1,60,70,15,45
2,8,26,1,70,70,10,45
2,9,8,1,60,70,10,50
2,10,40,1,60,60,20,50
2,11,25,0,60,55,30,50
2,12,14,1,60,60,30,50
2,13,2,1,65,60,20,50
2,14,15,0,85,55,20,50
2,15,10,0,80,60,20,50
2,16,5,0,75,60,25,50
2,17,28,0,65,60,35,50
2,18,3,0,80,60,30,50
2,19,42,1,80,65,30,50
2,20,15,1,80,70,30,50
2,21,4,1,90,70,30,45
2,22,13,1,95,75,30,45
2,23,38,1,100,75,30,45
2,24,40,0,100,85,20,45
2,25,43,0,120,85,10,45
2,26,8,1,110,85,10,50
2,27,17,0,90,95,10,50
2,28,46,1,95,95,10,45
2,29,7,1,100,95,10,40
2,30,12,1,105,95,10,40
2,31,4,1,115,95,10,35
2,32,5,1,120,95,0,35
2,33,20,1,120,100,-15,35
2,34,27,1,120,105,-20,35
2,35,14,0,120,105,-20,40
2,36,38,1,125,105,-20,40
2,37,9,1,130,105,-20,40
2,38,44,1,135,105,-20,40
2,39,8,0,135,110,-30,40
2,40,46,0,128,110,-30,45
2,41,16,0,118,115,-30,45
2,42,2,1,123,115,-40,45
2,43,40,0,123,125,-50,45
2,44,36,1,123,130,-50,40
2,45,23,0,118,120,-50,45
2,46,26,0,113,120,-50,50
2,47,16,0,103,125,-50,50
2,48,17,1,88,125,-40,50
2,49,27,1,88,130,-45,50
2,50,28,1,98,130,-45,50
2,51,2,1,103,130,-55,50
2,52,11,0,98,130,-55,52
2,53,16,1,98,130,-65,52
2,54,23,1,108,130,-70,52
2,55,12,1,113,130,-70,52
2,56,20,1,113,135,-85,52
2,57,41,1,118,125,-85,52
2,58,2,0,108,125,-80,52
2,59,25,1,108,130,-90,52
2,60,13,1,113,135,-90,52
2,61,37,0,101,145,-90,52
2,62,39,1,106,145,-90,47
2,63,5,0,101,145,-85,47
2,64,3,1,94,145,-85,52
2,65,14,0,94,145,-85,57
2,66,41,0,84,155,-85,57
2,67,48,1,84,160,-85,47
2,68,28,1,94,160,-85,47
2,69,16,1,94,160,-95,47
2,70,45,1,94,165,-95,47
2,71,24,1,99,165,-95,47
2,72,25,1,99,170,-105,47
2,73,23,1,109,170,-110,47
2,74,7,0,94,175,-110,47
2,75,12,0,89,185,-110,47
2,76,18,1,99,185,-110,47
2,77,24,1,104,185,-110,47
2,78,15,1,104,190,-110,47
2,79,25,0,104,185,-100,47
2,80,29,1,104,200,-120,47
2,81,22,1,104,205,-130,47
2,82,5,1,109,205,-140,47
2,83,23,0,104,195,-140,52
2,84,42,0,96,195,-140,62
2,85,2,0,86,195,-135,62
2,86,41,0,76,205,-135,62
2,87,39,1,81,205,-135,57
2,88,23,1,91,205,-140,57
2,89,30,1,91,205,-130,57
2,90,43,1,91,205,-125,42
2,91,20,0,86,205,-110,42
2,92,10,1,106,205,-120,42
2,93,45,0,106,205,-120,47
2,94,29,0,96,205,-115,47
2,95,4,0,81,210,-115,47
2,96,14,1,81,215,-115,47
2,97,3,0,96,215,-120,47
2,98,28,1,106,215,-120,47
2,99,9,0,101,215,-120,52
3,0,3,1,43,50,50,55
3,1,25,1,43,55,40,55
3,2,15,0,63,50,40,55
3,3,9,0,58,50,40,60
3,4,43,0,78,50,30,60
3,5,41,1,83,40,30,60
3,6,11,0,78,40,30,62
3,7,1,0,88,40,15,62
3,8,10,1,108,40,5,62
3,9,14,0,108,40,5,67
3,10,42,1,108,45,5,67
3,11,39,0,101,50,5,67
3,12,12,1,106,50,5,67
3,13,26,1,116,50,0,67
3,14,37,0,104,60,0,67
3,15,10,1,124,60,-10,67
3,16,5,1,129,60,-20,67
3,17,41,1,134,50,-20,67
3,18,17,1,119,50,-10,67
3,19,42,0,111,50,-10,77
3,20,45,1,111,55,-10,77
3,21,6,0,121,55,-15,77
3,22,36,0,121,50,-15,79
3,23,25,1,121,55,-25,79
3,24,9,0,116,55,-25,84
3,25,28,0,106,55,-15,84
3,26,37,0,94,65,-15,84
3,27,26,0,89,65,-15,89
3,28,23,1,99,65,-20,89
3,29,22,1,99,70,-30,89
3,30,29,0,89,70,-25,89
3,31,25,0,89,65,-15,89
3,32,5,0,84,65,-10,89
3,33,43,1,84,65,-5,74
3,34,21,1,84,70,-20,74
3,35,14,0,84,70,-20,79
3,36,48,0,74,70,-20,84
3,37,2,1,79,70,-30,84
3,38,10,0,74,75,-30,84
3,39,39,1,79,75,-30,79
3,40,15,1,79,80,-30,79
3,41,22,1,79,85,-40,79
3,42,37,1,89,85,-40,79
3,43,23,0,84,75,-40,84
3,44,40,0,84,85,-50,84
3,45,8,1,74,85,-50,89
3,46,5,0,69,85,-45,89
3,47,42,1,69,90,-45,89
3,48,1,1,61,90,-40,89
3,49,19,1,76,90,-40,89
3,50,8,0,76,95,-50,89
3,51,4,1,86,95,-50,84
3,52,3,0,101,95,-55,84
3,53,29,1,101,110,-75,84
3,54,40,0,101,120,-85,84
3,55,45,0,101,120,-85,89
3,56,11,1,106,120,-85,89
3,57,15,1,106,125,-85,89
3,58,1,0,116,125,-100,89
3,59,14,0,116,125,-100,94
3,60,13,0,116,125,-100,99
3,61,7,0,101,130,-100,99
3,62,29,0,91,130,-95,99
3,63,40,0,91,140,-105,99
3,64,9,0,86,140,-105,104
3,65,13,0,86,140,-105,109
3,66,37,0,74,150,-105,109
3,67,47,1,74,150,-105,124
3,68,4,0,59,155,-105,124
3,69,26,1,69,155,-110,124
3,70,28,1,79,155,-110,124
3,71,27,0,89,140,-110,124
3,72,23,1,99,140,-115,124
3,73,15,0,119,135,-115,124
3,74,37,0,107,145,-115,124
3,75,10,1,127,145,-125,124
3,76,45,0,127,145,-125,129
3,77,11,1,132,145,-125,129
3,78,21,0,127,145,-110,129
3,79,13,1,132,150,-110,129
3,80,42,1,132,155,-110,129
3,81,24,0,127,155,-105,129
3,82,4,0,112,160,-105,129
3,83,1,1,104,160,-100,129
3,84,41,1,109,150,-100,129
3,85,28,0,99,150,-90,129
3,86,7,0,84,155,-90,129
3,87,11,1,89,155,-90,129
3,88,37,1,99,155,-90,129
3,89,42,0,91,155,-90,139
3,90,15,1,91,160,-90,139
3,91,16,0,81,165,-90,139
3,92,26,0,76,165,-90,144
3,93,24,0,71,165,-85,144
3,94,13,0,71,165,-85,149
3,95,5,1,76,165,-95,149
3,96,44,0,76,165,-85,154
3,97,37,0,64,175,-85,154
3,98,4,0,49,180,-85,154
3,99,2,1,54,180,-95,154
4,0,21,1,50,55,35,50
4,1,16,1,50,55,25,50
4,2,7,0,35,60,25,50
4,3,10,1,55,60,15,50
4,4,25,1,55,65,5,50
4,5,26,1,65,65,0,50
4,6,27,0,75,50,0,50
4,7,21,1,75,55,-15,50
4,8,36,0,75,50,-15,52
4,9,28,0,65,50,-5,52
4,10,38,1,70,50,-5,52
4,11,10,0,65,55,-5,52
4,12,8,1,55,55,-5,57
4,13,22,1,55,60,-15,57
4,14,1,0,65,60,-30,57
4,15,48,0,55,60,-30,62
4,16,3,0,70,60,-35,62
4,17,43,1,70,60,-30,47
4,18,9,0,65,60,-30,52
4,19,4,0,50,65,-30,52
4,20,25,0,50,60,-20,52
4,21,40,0,50,70,-30,52
4,22,29,1,50,85,-50,52
4,23,5,0,45,85,-45,52
4,24,48,0,35,85,-45,57
4,25,4,0,20,90,-45,57
4,26,28,0,10,90,-35,57
4,27,2,0,0,90,-30,57
4,28,41,0,-10,100,-30,57
4,29,27,0,0,85,-30,57
4,30,26,0,-5,85,-30,62
4,31,44,0,-5,85,-20,67
4,32,40,1,-5,75,-10,67
4,33,3,1,-12,75,-10,72
4,34,12,0,-17,85,-10,72
4,35,16,0,-27,90,-10,72
4,36,11,0,-32,90,-10,74
4,37,23,1,-22,90,-15,74
4,38,25,0,-22,85,-5,74
4,39,17,0,-42,95,-5,74
4,40,5,1,-37,95,-15,74
4,41,20,1,-37,100,-30,74
4,42,21,1,-37,105,-45,74
4,43,25,1,-37,110,-55,74
4,44,12,1,-32,110,-55,74
4,45,10,0,-37,115,-55,74
4,46,3,0,-22,115,-60,74
4,47,39,0,-29,120,-60,74
4,48,13,1,-24,125,-60,74
4,49,47,0,1,125,-60,74
4,50,11,0,-4,125,-60,76
4,51,2,0,-14,125,-55,76
4,52,38,1,-9,125,-55,76
4,53,23,1,1,125,-60,76
4,54,4,0,-14,130,-60,76
4,55,5,0,-19,130,-55,76
4,56,24,1,-14,130,-55,76
4,57,20,0,-19,130,-40,76
4,58,43,0,1,130,-50,76
4,59,45,1,1,135,-50,76
4,60,9,1,6,135,-50,76
4,61,42,1,6,140,-50,76
4,62,48,0,-4,140,-50,81
4,63,3,0,11,140,-55,81
4,64,23,1,21,140,-60,81
4,65,16,1,21,140,-70,81
4,66,37,1,31,140,-70,81
4,67,13,1,36,145,-70,81
4,68,1,1,28,145,-65,81
4,69,41,1,33,135,-65,81
4,70,17,0,13,145,-65,81
4,71,2,0,3,145,-60,81
4,72,5,1,8,145,-70,81
4,73,14,0,8,145,-70,86
4,74,1,0,18,145,-85,86
4,75,12,0,13,155,-85,86
4,76,46,1,18,155,-85,81
4,77,21,1,18,160,-100,81
4,78,27,0,28,145,-100,81
4,79,16,1,28,145,-110,81
4,80,14,1,28,150,-110,81
4,81,25,1,28,155,-120,81
4,82,40,1,28,145,-110,81
4,83,39,1,33,145,-110,76
4,84,30,0,33,145,-120,86
4,85,16,1,33,145,-130,86
4,86,6,1,25,145,-130,91
4,87,1,0,35,145,-145,91
4,88,47,0,60,145,-145,91
4,89,37,1,70,145,-145,91
4,90,25,1,70,150,-155,91
4,91,16,1,70,150,-165,91
4,92,6,0,80,150,-170,91
4,93,46,0,73,150,-170,96
4,94,11,0,68,150,-170,98
4,95,30,1,68,150,-160,98
4,96,16,0,58,155,-160,98
4,97,14,0,58,155,-160,103
4,98,36,0,58,150,-160,105
4,99,41,1,63,140,-160,105
5,0,37,0,38,60,50,50
5,1,29,0,28,60,55,50
5,2,27,0,38,45,55,50
5,3,13,0,38,45,55,55
5,4,43,1,38,45,60,40
5,5,15,0,58,40,60,40
5,6,1,0,68,40,45,40
5,7,10,1,88,40,35,40
5,8,2,1,93,40,25,40
5,9,9,0,88,40,25,45
5,10,20,1,88,45,10,45
5,11,11,0,83,45,10,47
5,12,10,1,103,45,0,47
5,13,26,0,98,45,0,52
5,14,41,1,103,35,0,52
5,15,4,1,113,35,0,47
5,16,11,0,108,35,0,49
5,17,44,0,108,35,10,54
5,18,29,0,98,35,15,54
5,19,42,0,90,35,15,64
5,20,25,0,90,30,25,64
5,21,22,0,85,30,30,64
5,22,16,1,85,30,20,64
5,23,8,0,85,35,10,64
5,24,23,1,95,35,5,64
5,25,4,0,80,40,5,64
5,26,5,0,75,40,10,64
5,27,26,0,70,40,10,69
5,28,13,1,75,45,10,69
5,29,1,1,67,45,15,69
5,30,27,1,67,50,10,69
5,31,15,0,87,45,10,69
5,32,4,0,72,50,10,69
5,33,11,0,67,50,10,71
5,34,14,0,67,50,10,76
5,35,40,1,67,40,20,76
5,36,28,1,77,40,20,76
5,37,23,1,87,40,15,76
5,38,5,0,82,40,20,76
5,39,11,1,87,40,20,76
5,40,29,0,77,40,25,76
5,41,14,1,77,45,25,76
5,42,2,0,67,45,30,76
5,43,25,0,67,40,40,76
5,44,13,0,67,40,40,81
5,45,17,1,52,40,50,81
5,46,12,0,47,50,50,81
5,47,38,0,42,55,50,81
5,48,48,0,32,55,50,86
5,49,13,1,37,60,50,86
5,50,39,1,42,60,50,81
5,51,22,1,42,65,40,81
5,52,10,1,62,65,30,81
5,53,15,1,62,70,30,81
5,54,23,0,57,60,30,86
5,55,2,0,47,60,35,86
5,56,42,1,47,65,35,86
5,57,1,0,57,65,20,86
5,58,47,0,82,65,20,86
5,59,12,1,87,65,20,86
5,60,24,1,92,65,20,86
5,61,37,0,80,75,20,86
5,62,44,0,80,75,30,91
5,63,17,1,65,75,40,91
5,64,4,0,50,80,40,91
5,65,12,1,55,80,40,91
5,66,46,0,48,80,40,96
5,67,15,1,48,85,40,96
5,68,25,1,48,90,30,96
5,69,16,0,38,95,30,96
5,70,27,1,38,100,25,96
5,71,42,0,30,100,25,106
5,72,12,0,25,110,25,106
5,73,36,0,25,105,25,108
5,74,18,1,35,105,25,108
5,75,25,0,35,100,35,108
5,76,2,1,40,100,25,108
5,77,24,1,45,100,25,108
5,78,6,0,55,100,20,108
5,79,10,1,75,100,10,108
5,80,45,0,75,100,10,113
5,81,3,0,90,100,5,113
5,82,9,1,95,100,5,113
5,83,26,1,105,100,0,113
5,84,16,1,105,100,-10,113
5,85,39,0,98,105,-10,113
5,86,14,1,98,110,-10,113
5,87,46,0,91,110,-10,118
5,88,22,1,91,115,-20,118
5,89,20,0,86,115,-5,118
5,90,11,0,81,115,-5,120
5,91,10,0,76,120,-5,120
5,92,12,0,71,130,-5,120
5,93,19,0,51,130,5,130
5,94,15,1,51,135,5,130
5,95,23,0,46,125,5,135
5,96,7,1,51,125,5,130
5,97,10,1,71,125,-5,130
5,98,3,0,86,125,-10,130
5,99,40,1,86,115,0,130
6,0,26,1,60,50,45,50
6,1,25,0,60,45,55,50
6,2,12,0,55,55,55,50
6,3,10,1,75,55,45,50
6,4,9,0,70,55,45,55
6,5,27,0,80,40,45,55
6,6,8,1,70,40,45,60
6,7,45,1,70,45,45,60
6,8,20,0,65,45,60,60
6,9,36,1,65,50,60,55
6,10,42,1,65,55,60,55
6,11,5,0,60,55,65,55
6,12,37,0,48,65,65,55
6,13,41,1,53,55,65,55
6,14,1,0,63,55,50,55
6,15,4,1,73,55,50,50
6,16,43,0,93,55,40,50
6,17,47,0,118,55,40,50
6,18,10,0,113,60,40,50
6,19,7,1,118,60,40,45
6,20,14,0,118,60,40,50
6,21,24,1,123,60,40,50
6,22,38,0,118,65,40,50
6,23,45,1,118,70,40,50
6,24,29,0,108,70,45,50
6,25,2,1,113,70,35,50
6,26,11,0,108,70,35,52
6,27,41,0,98,80,35,52
6,28,7,1,103,80,35,47
6,29,20,1,103,85,20,47
6,30,24,0,98,85,25,47
6,31,9,0,93,85,25,52
6,32,22,1,93,90,15,52
6,33,14,0,93,90,15,57
6,34,7,1,98,90,15,52
6,35,44,1,103,90,15,52
6,36,9,0,98,90,15,57
6,37,5,1,103,90,5,57
6,38,42,1,103,95,5,57
6,39,41,0,93,105,5,57
6,40,28,1,103,105,5,57
6,41,24,1,108,105,5,57
6,42,29,1,108,120,-15,57
6,43,11,0,103,120,-15,59
6,44,39,1,108,120,-15,54
6,45,40,0,108,130,-25,54
6,46,15,1,108,135,-25,54
6,47,7,0,93,140,-25,54
6,48,11,1,98,140,-25,54
6,49,9,0,93,140,-25,59
6,50,10,1,113,140,-35,59
6,51,24,1,118,140,-35,59
6,52,40,0,118,150,-45,59
6,53,5,0,113,150,-40,59
6,54,27,1,113,155,-45,59
6,55,28,0,103,155,-35,59
6,56,23,0,98,145,-35,64
6,57,37,0,86,155,-35,64
6,58,9,1,91,155,-35,64
6,59,40,1,91,145,-25,64
6,60,39,0,84,150,-25,64
6,61,10,1,104,150,-35,64
6,62,2,0,94,150,-30,64
6,63,4,1,104,150,-30,59
6,64,13,1,109,155,-30,59
6,65,25,1,109,160,-40,59
6,66,8,1,99,160,-40,64
6,67,5,1,104,160,-50,64
6,68,44,1,109,160,-50,64
6,69,19,0,89,160,-40,74
6,70,3,0,104,160,-45,74
6,71,17,0,84,170,-45,74
6,72,23,0,79,160,-45,79
6,73,25,1,79,165,-55,79
6,74,24,0,74,165,-50,79
6,75,28,1,84,165,-50,79
6,76,11,0,79,165,-50,81
6,77,44,1,84,165,-50,81
6,78,4,0,69,170,-50,81
6,79,6,1,61,170,-50,86
6,80,2,0,51,170,-45,86
6,81,18,1,61,170,-45,86
6,82,23,0,56,160,-45,91
6,83,16,1,56,160,-55,91
6,84,3,0,71,160,-60,91
6,85,15,0,91,155,-60,91
6,86,26,0,86,155,-60,96
6,87,28,1,96,155,-60,96
6,88,37,1,106,155,-60,96
6,89,22,1,106,160,-70,96
6,90,11,1,111,160,-70,96
6,91,23,0,106,150,-70,101
6,92,15,1,106,155,-70,101
6,93,5,1,111,155,-80,101
6,94,24,1,116,155,-80,101
6,95,14,0,116,155,-80,106
6,96,42,0,108,155,-80,116
6,97,16,1,108,155,-90,116
6,98,23,0,103,145,-90,121
6,99,4,1,113,145,-90,116
7,0,36,1,50,55,50,45
7,1,13,0,50,55,50,50
7,2,9,1,55,55,50,50
7,3,14,0,55,55,50,55
7,4,25,1,55,60,40,55
7,5,29,1,55,75,20,55
7,6,5,1,60,75,10,55
7,7,40,0,60,85,0,55
7,8,1,1,52,85,5,55
7,9,6,1,44,85,5,60
7,10,26,1,54,85,0,60
7,11,13,0,54,85,0,65
7,12,8,1,44,85,0,70
7,13,44,0,44,85,10,75
7,14,23,0,39,75,10,80
7,15,9,1,44,75,10,80
7,16,6,0,54,75,5,80
7,17,4,1,64,75,5,75
7,18,15,1,64,80,5,75
7,19,25,1,64,85,-5,75
7,20,29,0,54,85,0,75
7,21,17,0,34,95,0,75
7,22,16,1,34,95,-10,75
7,23,37,0,22,105,-10,75
7,24,28,1,32,105,-10,75
7,25,36,1,32,110,-10,70
7,26,5,1,37,110,-20,70
7,27,13,1,42,115,-20,70
7,28,45,1,42,120,-20,70
7,29,11,0,37,120,-20,72
7,30,48,0,27,120,-20,77
7,31,15,1,27,125,-20,77
7,32,38,0,22,130,-20,77
7,33,22,0,17,130,-15,77
7,34,43,1,17,130,-10,62
7,35,25,0,17,125,0,62
7,36,40,0,17,135,-10,62
7,37,47,0,42,135,-10,62
7,38,28,1,52,135,-10,62
7,39,22,0,47,135,-5,62
7,40,30,0,47,135,-15,72
7,41,41,0,37,145,-15,72
7,42,39,1,42,145,-15,67
7,43,36,1,42,150,-15,62
7,44,12,1,47,150,-15,62
7,45,21,1,47,155,-30,62
7,46,27,1,47,160,-35,62
7,47,25,1,47,165,-45,62
7,48,4,0,32,170,-45,62
7,49,3,1,25,170,-45,67
7,50,19,1,40,170,-45,67
7,51,20,0,35,170,-30,67
7,52,38,0,30,175,-30,67
7,53,47,0,55,175,-30,67
7,54,42,1,55,180,-30,67
7,55,16,1,55,180,-40,67
7,56,5,1,60,180,-50,67
7,57,9,0,55,180,-50,72
7,58,48,0,45,180,-50,77
7,59,6,1,37,180,-50,82
7,60,27,0,47,165,-50,82
7,61,18,1,57,165,-50,82
7,62,13,1,62,170,-50,82
7,63,26,1,72,170,-55,82
7,64,1,1,64,170,-50,82
7,65,25,1,64,175,-60,82
7,66,10,0,59,180,-60,82
7,67,43,1,59,180,-55,67
7,68,47,1,59,180,-55,82
7,69,24,1,64,180,-55,82
7,70,41,1,69,170,-55,82
7,71,20,1,69,175,-70,82
7,72,43,0,89,175,-80,82
7,73,26,0,84,175,-80,87
7,74,17,0,64,185,-80,87
7,75,37,1,74,185,-80,87
7,76,2,1,79,185,-90,87
7,77,4,0,64,190,-90,87
7,78,1,0,74,190,-105,87
7,79,11,1,79,190,-105,87
7,80,10,1,99,190,-115,87
7,81,20,0,94,190,-100,87
7,82,22,1,94,195,-110,87
7,83,5,1,99,195,-120,87
7,84,16,1,99,195,-130,87
7,85,8,0,99,200,-140,87
7,86,4,1,109,200,-140,82
7,87,3,0,124,200,-145,82
7,88,14,1,124,205,-145,82
7,89,15,1,124,210,-145,82
7,90,20,1,124,215,-160,82
7,91,21,1,124,220,-175,82
7,92,36,1,124,225,-175,77
7,93,10,1,144,225,-185,77
7,94,2,0,134,225,-180,77
7,95,4,0,119,230,-180,77
7,96,14,1,119,235,-180,77
7,97,15,1,119,240,-180,77
7,98,22,1,119,245,-190,77
7,99,40,0,119,255,-200,77
8,0,15,1,50,55,50,50
8,1,12,1,55,55,50,50
8,2,3,0,70,55,45,50
8,3,14,0,70,55,45,55
8,4,10,1,90,55,35,55
8,5,46,1,95,55,35,50
8,6,1,0,105,55,20,50
8,7,45,1,105,60,20,50
8,8,41,0,95,70,20,50
8,9,13,0,95,70,20,55
8,10,10,1,115,70,10,55
8,11,44,1,120,70,10,55
8,12,40,1,120,60,20,55
8,13,14,1,120,65,20,55
8,14,9,1,125,65,20,55
8,15,26,1,135,65,15,55
8,16,10,0,130,70,15,55
8,17,16,0,120,75,15,55
8,18,6,1,112,75,15,60
8,19,29,1,112,90,-5,60
8,20,46,1,117,90,-5,55
8,21,15,1,117,95,-5,55
8,22,44,1,122,95,-5,55
8,23,9,1,127,95,-5,55
8,24,13,1,132,100,-5,55
8,25,46,0,125,100,-5,60
8,26,1,1,117,100,0,60
8,27,16,1,117,100,-10,60
8,28,38,1,122,100,-10,60
8,29,9,1,127,100,-10,60
8,30,19,1,142,100,-10,60
8,31,13,0,142,100,-10,65
8,32,11,0,137,100,-10,67
8,33,3,0,152,100,-15,67
8,34,16,1,152,100,-25,67
8,35,25,1,152,105,-35,67
8,36,37,1,162,105,-35,67
8,37,5,1,167,105,-45,67
8,38,28,1,177,105,-45,67
8,39,10,1,197,105,-55,67
8,40,8,0,197,110,-65,67
8,41,15,0,217,105,-65,67
8,42,13,1,222,110,-65,67
8,43,14,1,222,115,-65,67
8,44,5,0,217,115,-60,67
8,45,11,0,212,115,-60,69
8,46,37,0,200,125,-60,69
8,47,39,0,193,130,-60,69
8,48,9,0,188,130,-60,74
8,49,10,1,208,130,-70,74
8,50,14,0,208,130,-70,79
8,51,1,1,200,130,-65,79
8,52,30,1,200,130,-55,79
8,53,4,1,210,130,-55,74
8,54,5,0,205,130,-50,74
8,55,11,0,200,130,-50,76
8,56,1,0,210,130,-65,76
8,57,36,0,210,125,-65,78
8,58,42,1,210,130,-65,78
8,59,3,0,225,130,-70,78
8,60,37,0,213,140,-70,78
8,61,21,0,208,140,-55,78
8,62,9,1,213,140,-55,78
8,63,14,0,213,140,-55,83
8,64,30,1,213,140,-45,83
8,65,20,0,208,140,-30,83
8,66,6,1,200,140,-30,88
8,67,12,1,205,140,-30,88
8,68,16,1,205,140,-40,88
8,69,13,0,205,140,-40,93
8,70,21,0,200,140,-25,93
8,71,22,1,200,145,-35,93
8,72,26,0,195,145,-35,98
8,73,1,1,187,145,-30,98
8,74,23,0,182,135,-30,103
8,75,16,0,172,140,-30,103
8,76,20,0,167,140,-15,103
8,77,15,1,167,145,-15,103
8,78,11,0,162,145,-15,105
8,79,27,1,162,150,-20,105
8,80,24,0,157,150,-15,105
8,81,17,1,142,150,-5,105
8,82,41,1,147,140,-5,105
8,83,4,0,132,145,-5,105
8,84,20,1,132,150,-20,105
8,85,40,0,132,160,-30,105
8,86,9,1,137,160,-30,105
8,87,22,1,137,165,-40,105
8,88,16,1,137,165,-50,105
8,89,14,1,137,170,-50,105
8,90,25,1,137,175,-60,105
8,91,7,0,122,180,-60,105
8,92,1,1,114,180,-55,105
8,93,42,0,106,180,-55,115
8,94,4,0,91,185,-55,115
8,95,3,0,106,185,-60,115
8,96,28,0,96,185,-50,115
8,97,9,0,91,185,-50,120
8,98,16,1,91,185,-60,120
8,99,15,1,91,190,-60,120
9,0,39,0,43,55,50,50
9,1,2,0,33,55,55,50
9,2,11,1,38,55,55,50
9,3,13,1,43,60,55,50
9,4,15,0,63,55,55,50
9,5,8,1,53,55,55,55
9,6,28,1,63,55,55,55
9,7,9,1,68,55,55,55
9,8,20,1,68,60,40,55
9,9,12,1,73,60,40,55
9,10,4,0,58,65,40,55
9,11,25,1,58,70,30,55
9,12,3,0,73,70,25,55
9,13,40,0,73,80,15,55
9,14,16,0,63,85,15,55
9,15,30,0,63,85,5,65
9,16,20,1,63,90,-10,65
9,17,45,1,63,95,-10,65
9,18,14,0,63,95,-10,70
9,19,21,1,63,100,-25,70
9,20,10,0,58,105,-25,70
9,21,41,0,48,115,-25,70
9,22,16,0,38,120,-25,70
9,23,14,1,38,125,-25,70
9,24,23,0,33,115,-25,75
9,25,9,0,28,115,-25,80
9,26,22,0,23,115,-20,80
9,27,18,1,33,115,-20,80
9,28,10,1,53,115,-30,80
9,29,44,1,58,115,-30,80
9,30,43,1,58,115,-25,65
9,31,4,0,43,120,-25,65
9,32,17,0,23,130,-25,65
9,33,20,0,18,130,-10,65
9,34,26,1,28,130,-15,65
9,35,37,1,38,130,-15,65
9,36,9,0,33,130,-15,70
9,37,15,1,33,135,-15,70
9,38,14,1,33,140,-15,70
9,39,38,1,38,140,-15,70
9,40,39,1,43,140,-15,65
9,41,41,0,33,150,-15,65
9,42,7,0,18,155,-15,65
9,43,48,0,8,155,-15,70
9,44,24,0,3,155,-10,70
9,45,9,0,-2,155,-10,75
9,46,46,0,-9,155,-10,80
9,47,28,1,1,155,-10,80
9,48,25,0,1,150,0,80
9,49,11,1,6,150,0,80
9,50,5,1,11,150,-10,80
9,51,23,1,21,150,-15,80
9,52,26,1,31,150,-20,80
9,53,39,1,36,150,-20,75
9,54,2,1,41,150,-30,75
9,55,3,1,34,150,-30,80
9,56,11,0,29,150,-30,82
9,57,9,0,24,150,-30,87
9,58,40,0,24,160,-40,87
9,59,6,1,16,160,-40,92
9,60,24,0,11,160,-35,92
9,61,21,0,6,160,-20,92
9,62,10,0,1,165,-20,92
9,63,40,1,1,155,-10,92
9,64,15,0,21,150,-10,92
9,65,16,0,11,155,-10,92
9,66,36,0,11,150,-10,94
9,67,9,1,16,150,-10,94
9,68,42,1,16,155,-10,94
9,69,22,1,16,160,-20,94
9,70,2,0,6,160,-15,94
9,71,45,1,6,165,-15,94
9,72,37,1,16,165,-15,94
9,73,41,0,6,175,-15,94
9,74,5,0,1,175,-10,94
9,75,25,0,1,170,0,94
9,76,44,1,6,170,0,94
9,77,2,1,11,170,-10,94
9,78,15,1,11,175,-10,94
9,79,41,1,16,165,-10,94
9,80,5,0,11,165,-5,94
9,81,38,0,6,170,-5,94
9,82,2,1,11,170,-15,94
9,83,6,1,3,170,-15,99
9,84,16,1,3,170,-25,99
9,85,3,0,18,170,-30,99
9,86,36,1,18,175,-30,94
9,87,25,0,18,170,-20,94
9,88,48,1,18,175,-20,84
9,89,47,1,18,175,-20,99
9,90,2,0,8,175,-15,99
9,91,11,0,3,175,-15,101
9,92,18,0,-22,175,-15,111
9,93,5,1,-17,175,-25,111
9,94,16,0,-27,180,-25,111
9,95,38,0,-32,185,-25,111
9,96,23,1,-22,185,-30,111
9,97,27,1,-22,190,-35,111
9,98,17,1,-37,190,-25,111
9,99,4,1,-27,190,-25,106
10,0,45,0,50,50,50,55
10,1,8,0,50,55,40,55
10,2,9,0,45,55,40,60
10,3,13,1,50,60,40,60
10,4,23,0,45,50,40,65
10,5,1,0,55,50,25,65
10,6,8,0,55,55,15,65
10,7,16,0,45,60,15,65
10,8,27,1,45,65,10,65
10,9,4,0,30,70,10,65
10,10,6,1,22,70,10,70
10,11,24,1,27,70,10,70
10,12,13,0,27,70,10,75
10,13,11,0,22,70,10,77
10,14,12,0,17,80,10,77
10,15,44,1,22,80,10,77
10,16,36,0,22,75,10,79
10,17,10,1,42,75,0,79
10,18,46,1,47,75,0,74
10,19,8,0,47,80,-10,74
10,20,48,0,37,80,-10,79
10,21,11,0,32,80,-10,81
10,22,14,0,32,80,-10,86
10,23,21,1,32,85,-25,86
10,24,16,0,22,90,-25,86
10,25,27,0,32,75,-25,86
10,26,13,0,32,75,-25,91
10,27,24,0,27,75,-20,91
10,28,20,1,27,80,-35,91
10,29,47,0,52,80,-35,91
10,30,12,1,57,80,-35,91
10,31,5,0,52,80,-30,91
10,32,37,1,62,80,-30,91
10,33,2,1,67,80,-40,91
10,34,29,1,67,95,-60,91
10,35,23,0,62,85,-60,96
10,36,25,1,62,90,-70,96
10,37,4,0,47,95,-70,96
10,38,16,0,37,100,-70,96
10,39,18,1,47,100,-70,96
10,40,11,1,52,100,-70,96
10,41,1,0,62,100,-85,96
10,42,13,0,62,100,-85,101
10,43,15,1,62,105,-85,101
10,44,10,1,82,105,-95,101
10,45,6,1,74,105,-95,106
10,46,27,0,84,90,-95,106
10,47,20,1,84,95,-110,106
10,48,26,1,94,95,-115,106
10,49,5,0,89,95,-110,106
10,50,16,0,79,100,-110,106
10,51,25,1,79,105,-120,106
10,52,3,1,72,105,-120,111
10,53,26,0,67,105,-120,116
10,54,4,0,52,110,-120,116
10,55,44,0,52,110,-110,121
10,56,48,0,42,110,-110,126
10,57,14,0,42,110,-110,131
10,58,16,1,42,110,-120,131
10,59,12,1,47,110,-120,131
10,60,40,1,47,100,-110,131
10,61,6,1,39,100,-110,136
10,62,14,1,39,105,-110,136
10,63,29,0,29,105,-105,136
10,64,26,0,24,105,-105,141
10,65,16,0,14,110,-105,141
10,66,6,1,6,110,-105,146
10,67,9,0,1,110,-105,151
10,68,14,0,1,110,-105,156
10,69,11,1,6,110,-105,156
10,70,1,0,16,110,-120,156
10,71,3,0,31,110,-125,156
10,72,41,0,21,120,-125,156
10,73,43,1,21,120,-120,141
10,74,24,0,16,120,-115,141
10,75,26,1,26,120,-120,141
10,76,47,1,26,120,-120,156
10,77,25,1,26,125,-130,156
10,78,5,1,31,125,-140,156
10,79,44,1,36,125,-140,156
10,80,22,1,36,130,-150,156
10,81,10,0,31,135,-150,156
10,82,20,0,26,135,-135,156
10,83,36,1,26,140,-135,151
10,84,41,1,31,130,-135,151
10,85,15,1,31,135,-135,151
10,86,9,0,26,135,-135,156
10,87,3,0,41,135,-140,156
10,88,16,1,41,135,-150,156
10,89,4,0,26,140,-150,156
10,90,6,0,36,140,-155,156
10,91,37,1,46,140,-155,156
10,92,20,0,41,140,-140,156
10,93,22,1,41,145,-150,156
10,94,23,1,51,145,-155,156
10,95,39,0,44,150,-155,156
10,96,26,0,39,150,-155,161
10,97,9,0,34,150,-155,166
10,98,12,0,29,160,-155,166
10,99,11,0,24,160,-155,168
11,0,23,1,60,50,45,50
11,1,1,0,70,50,30,50
11,2,7,0,55,55,30,50
11,3,13,1,60,60,30,50
11,4,20,1,60,65,15,50
11,5,28,0,50,65,25,50
11,6,14,0,50,65,25,55
11,7,23,0,45,55,25,60
11,8,4,0,30,60,25,60
11,9,26,0,25,60,25,65
11,10,15,0,45,55,25,65
11,11,46,1,50,55,25,60
11,12,16,0,40,60,25,60
11,13,6,0,50,60,20,60
11,14,41,0,40,70,20,60
11,15,36,0,40,65,20,62
11,16,10,0,35,70,20,62
11,17,37,0,23,80,20,62
11,18,26,1,33,80,15,62
11,19,1,1,25,80,20,62
11,20,13,1,30,85,20,62
11,21,14,0,30,85,20,67
11,22,21,0,25,85,35,67
11,23,27,0,35,70,35,67
11,24,10,0,30,75,35,67
11,25,26,1,40,75,30,67
11,26,6,1,32,75,30,72
11,27,36,1,32,80,30,67
11,28,22,1,32,85,20,67
11,29,9,0,27,85,20,72
11,30,21,0,22,85,35,72
11,31,40,1,22,75,45,72
11,32,25,0,22,70,55,72
11,33,5,0,17,70,60,72
11,34,20,1,17,75,45,72
11,35,39,1,22,75,45,67
11,36,15,0,42,70,45,67
11,37,48,0,32,70,45,72
11,38,41,1,37,60,45,72
11,39,9,1,42,60,45,72
11,40,12,1,47,60,45,72
11,41,3,1,40,60,45,77
11,42,14,1,40,65,45,77
11,43,39,0,33,70,45,77
11,44,16,1,33,70,35,77
11,45,4,1,43,70,35,72
11,46,38,0,38,75,35,72
11,47,40,1,38,65,45,72
11,48,10,0,33,70,45,72
11,49,13,1,38,75,45,72
11,50,14,0,38,75,45,77
11,51,20,0,33,75,60,77
11,52,41,0,23,85,60,77
11,53,22,0,18,85,65,77
11,54,2,0,8,85,70,77
11,55,46,1,13,85,70,72
11,56,12,1,18,85,70,72
11,57,4,1,28,85,70,67
11,58,43,1,28,85,75,52
11,59,23,1,38,85,70,52
11,60,37,1,48,85,70,52
11,61,15,1,48,90,70,52
11,62,4,0,33,95,70,52
11,63,38,0,28,100,70,52
11,64,42,0,20,100,70,62
11,65,2,0,10,100,75,62
11,66,1,1,2,100,80,62
11,67,5,1,7,100,70,62
11,68,8,1,-3,100,70,67
11,69,12,1,2,100,70,67
11,70,23,0,-3,90,70,72
11,71,4,0,-18,95,70,72
11,72,36,0,-18,90,70,74
11,73,11,1,-13,90,70,74
11,74,41,1,-8,80,70,74
11,75,10,0,-13,85,70,74
11,76,13,0,-13,85,70,79
11,77,39,0,-20,90,70,79
11,78,25,0,-20,85,80,79
11,79,26,0,-25,85,80,84
11,80,5,1,-20,85,70,84
11,81,13,0,-20,85,70,89
11,82,41,0,-30,95,70,89
11,83,8,0,-30,100,60,89
11,84,39,0,-37,105,60,89
11,85,36,0,-37,100,60,91
11,86,48,1,-37,105,60,81
11,87,29,1,-37,120,40,81
11,88,9,1,-32,120,40,81
11,89,1,0,-22,120,25,81
11,90,12,1,-17,120,25,81
11,91,37,0,-29,130,25,81
11,92,26,0,-34,130,25,86
11,93,30,0,-34,130,15,96
11,94,25,1,-34,135,5,96
11,95,41,0,-44,145,5,96
11,96,14,0,-44,145,5,101
11,97,46,0,-51,145,5,106
11,98,4,1,-41,145,5,101
11,99,26,1,-31,145,0,101
12,0,11,1,55,50,50,50
12,1,44,1,60,50,50,50
12,2,28,1,70,50,50,50
12,3,36,0,70,45,50,52
12,4,1,1,62,45,55,52
12,5,48,0,52,45,55,57
12,6,10,0,47,50,55,57
12,7,23,1,57,50,50,57
12,8,45,1,57,55,50,57
12,9,25,1,57,60,40,57
12,10,29,0,47,60,45,57
12,11,9,1,52,60,45,57
12,12,4,1,62,60,45,52
12,13,38,0,57,65,45,52
12,14,20,1,57,70,30,52
12,15,40,1,57,60,40,52
12,16,12,0,52,70,40,52
12,17,48,1,52,75,40,42
12,18,10,0,47,80,40,42
12,19,43,0,67,80,30,42
12,20,22,1,67,85,20,42
12,21,25,1,67,90,10,42
12,22,4,1,77,90,10,37
12,23,27,0,87,75,10,37
12,24,40,0,87,85,0,37
12,25,16,0,77,90,0,37
12,26,26,0,72,90,0,42
12,27,11,0,67,90,0,44
12,28,29,1,67,105,-20,44
12,29,3,0,82,105,-25,44
12,30,37,1,92,105,-25,44
12,31,24,0,87,105,-20,44
12,32,39,1,92,105,-20,39
12,33,22,1,92,110,-30,39
12,34,16,0,82,115,-30,39
12,35,10,1,102,115,-40,39
12,36,3,1,95,115,-40,44
12,37,5,1,100,115,-50,44
12,38,9,0,95,115,-50,49
12,39,11,1,100,115,-50,49
12,40,10,0,95,120,-50,49
12,41,22,1,95,125,-60,49
12,42,23,0,90,115,-60,54
12,43,13,1,95,120,-60,54
12,44,18,1,105,120,-60,54
12,45,44,0,105,120,-50,59
12,46,16,0,95,125,-50,59
12,47,8,1,85,125,-50,64
12,48,13,1,90,130,-50,64
12,49,43,1,90,130,-45,49
12,50,17,0,70,140,-45,49
12,51,4,1,80,140,-45,44
12,52,10,0,75,145,-45,44
12,53,44,1,80,145,-45,44
12,54,23,0,75,135,-45,49
12,55,14,1,75,140,-45,49
12,56,3,0,90,140,-50,49
12,57,5,0,85,140,-45,49
12,58,25,0,85,135,-35,49
12,59,26,0,80,135,-35,54
12,60,15,1,80,140,-35,54
12,61,44,0,80,140,-25,59
12,62,21,0,75,140,-10,59
12,63,42,0,67,140,-10,69
12,64,46,0,60,140,-10,74
12,65,30,0,60,140,-20,84
12,66,37,1,70,140,-20,84
12,67,8,1,60,140,-20,89
12,68,23,1,70,140,-25,89
12,69,15,0,90,135,-25,89
12,70,16,1,90,135,-35,89
12,71,1,0,100,135,-50,89
12,72,11,1,105,135,-50,89
12,73,44,0,105,135,-40,94
12,74,38,1,110,135,-40,94
12,75,13,1,115,140,-40,94
12,76,45,1,115,145,-40,94
12,77,39,1,120,145,-40,89
12,78,4,0,105,150,-40,89
12,79,36,0,105,145,-40,91
12,80,16,1,105,145,-50,91
12,81,15,1,105,150,-50,91
12,82,30,1,105,150,-40,91
12,83,9,0,100,150,-40,96
12,84,28,0,90,150,-30,96
12,85,5,0,85,150,-25,96
12,86,14,1,85,155,-25,96
12,87,24,0,80,155,-20,96
12,88,13,0,80,155,-20,101
12,89,26,0,75,155,-20,106
12,90,38,0,70,160,-20,106
12,91,25,0,70,155,-10,106
12,92,2,1,75,155,-20,106
12,93,15,1,75,160,-20,106
12,94,9,1,80,160,-20,106
12,95,12,1,85,160,-20,106
12,96,22,1,85,165,-30,106
12,97,27,1,85,170,-35,106
12,98,38,1,90,170,-35,106
12,99,6,1,82,170,-35,111
13,0,22,0,45,50,55,50
13,1,4,0,30,55,55,50
13,2,20,0,25,55,70,50
13,3,9,1,30,55,70,50
13,4,5,1,35,55,60,50
13,5,44,0,35,55,70,55
13,6,14,0,35,55,70,60
13,7,29,1,35,70,50,60
13,8,16,1,35,70,40,60
13,9,23,0,30,60,40,65
13,10,40,1,30,50,50,65
13,11,44,1,35,50,50,65
13,12,27,0,45,35,50,65
13,13,17,1,30,35,60,65
13,14,47,1,30,35,60,80
13,15,9,1,35,35,60,80
13,16,4,1,45,35,60,75
13,17,5,1,50,35,50,75
13,18,14,1,50,40,50,75
13,19,3,1,43,40,50,80
13,20,22,0,38,40,55,80
13,21,12,1,43,40,55,80
13,22,43,1,43,40,60,65
13,23,24,1,48,40,60,65
13,24,2,0,38,40,65,65
13,25,9,0,33,40,65,70
13,26,10,1,53,40,55,70
13,27,23,1,63,40,50,70
13,28,46,0,56,40,50,75
13,29,48,1,56,45,50,65
13,30,20,1,56,50,35,65
13,31,41,0,46,60,35,65
13,32,26,1,56,60,30,65
13,33,11,1,61,60,30,65
13,34,10,1,81,60,20,65
13,35,25,0,81,55,30,65
13,36,1,0,91,55,15,65
13,37,7,0,76,60,15,65
13,38,23,0,71,50,15,70
13,39,16,0,61,55,15,70
13,40,4,0,46,60,15,70
13,41,20,1,46,65,0,70
13,42,5,1,51,65,-10,70
13,43,8,0,51,70,-20,70
13,44,11,1,56,70,-20,70
13,45,7,1,61,70,-20,65
13,46,41,0,51,80,-20,65
13,47,36,1,51,85,-20,60
13,48,10,0,46,90,-20,60
13,49,42,0,38,90,-20,70
13,50,3,0,53,90,-25,70
13,51,17,1,38,90,-15,70
13,52,14,1,38,95,-15,70
13,53,2,1,43,95,-25,70
13,54,26,1,53,95,-30,70
13,55,15,1,53,100,-30,70
13,56,23,0,48,90,-30,75
13,57,41,0,38,100,-30,75
13,58,2,0,28,100,-25,75
13,59,28,1,38,100,-25,75
13,60,10,1,58,100,-35,75
13,61,4,1,68,100,-35,70
13,62,21,0,63,100,-20,70
13,63,29,1,63,115,-40,70
13,64,28,0,53,115,-30,70
13,65,39,1,58,115,-30,65
13,66,23,1,68,115,-35,65
13,67,44,1,73,115,-35,65
13,68,10,0,68,120,-35,65
13,69,27,1,68,125,-40,65
13,70,3,1,61,125,-40,70
13,71,41,0,51,135,-40,70
13,72,2,1,56,135,-50,70
13,73,1,1,48,135,-45,70
13,74,16,0,38,140,-45,70
13,75,9,0,33,140,-45,75
13,76,41,0,23,150,-45,75
13,77,14,1,23,155,-45,75
13,78,20,0,18,155,-30,75
13,79,15,1,18,160,-30,75
13,80,42,0,10,160,-30,85
13,81,23,0,5,150,-30,90
13,82,22,1,5,155,-40,90
13,83,10,1,25,155,-50,90
13,84,27,0,35,140,-50,90
13,85,41,0,25,150,-50,90
13,86,26,0,20,150,-50,95
13,87,9,1,25,150,-50,95
13,88,16,1,25,150,-60,95
13,89,2,0,15,150,-55,95
13,90,29,1,15,165,-75,95
13,91,12,1,20,165,-75,95
13,92,39,1,25,165,-75,90
13,93,16,0,15,170,-75,90
13,94,43,1,15,170,-70,75
13,95,11,0,10,170,-70,77
13,96,14,1,10,175,-70,77
13,97,23,0,5,165,-70,82
13,98,41,0,-5,175,-70,82
13,99,45,0,-5,175,-70,87
14,0,15,1,50,55,50,50
14,1,5,0,45,55,55,50
14,2,41,1,50,45,55,50
14,3,1,0,60,45,40,50
14,4,43,0,80,45,30,50
14,5,30,1,80,45,40,50
14,6,23,0,75,35,40,55
14,7,24,1,80,35,40,55
14,8,44,1,85,35,40,55
14,9,14,0,85,35,40,60
14,10,25,0,85,30,50,60
14,11,23,1,95,30,45,60
14,12,21,1,95,35,30,60
14,13,29,0,85,35,35,60
14,14,24,0,80,35,40,60
14,15,4,1,90,35,40,55
14,16,36,0,90,30,40,57
14,17,41,0,80,40,40,57
14,18,25,0,80,35,50,57
14,19,5,1,85,35,40,57
14,20,13,1,90,40,40,57
14,21,24,1,95,40,40,57
14,22,41,0,85,50,40,57
14,23,25,0,85,45,50,57
14,24,22,0,80,45,55,57
14,25,5,0,75,45,60,57
14,26,4,1,85,45,60,52
14,27,41,0,75,55,60,52
14,28,23,1,85,55,55,52
14,29,7,1,90,55,55,47
14,30,21,0,85,55,70,47
14,31,5,0,80,55,75,47
14,32,25,1,80,60,65,47
14,33,28,1,90,60,65,47
14,34,7,1,95,60,65,42
14,35,10,1,115,60,55,42
14,36,40,0,115,70,45,42
14,37,16,0,105,75,45,42
14,38,2,0,95,75,50,42
14,39,3,0,110,75,45,42
14,40,10,1,130,75,35,42
14,41,17,1,115,75,45,42
14,42,28,0,105,75,55,42
14,43,4,1,115,75,55,37
14,44,16,0,105,80,55,37
14,45,20,0,100,80,70,37
14,46,3,0,115,80,65,37
14,47,47,0,140,80,65,37
14,48,29,0,130,80,70,37
14,49,27,1,130,85,65,37
14,50,23,1,140,85,60,37
14,51,4,0,125,90,60,37
14,52,44,1,130,90,60,37
14,53,12,1,135,90,60,37
14,54,29,0,125,90,65,37
14,55,10,0,120,95,65,37
14,56,20,0,115,95,80,37
14,57,8,1,105,95,80,42
14,58,6,0,115,95,75,42
14,59,22,1,115,100,65,42
14,60,10,1,135,100,55,42
14,61,3,0,150,100,50,42
14,62,43,1,150,100,55,27
14,63,9,1,155,100,55,27
14,64,15,0,175,95,55,27
14,65,5,1,180,95,45,27
14,66,13,1,185,100,45,27
14,67,11,1,190,100,45,27
14,68,14,0,190,100,45,32
14,69,4,0,175,105,45,32
14,70,37,0,163,115,45,32
14,71,23,1,173,115,40,32
14,72,13,0,173,115,40,37
14,73,42,1,173,120,40,37
14,74,11,0,168,120,40,39
14,75,12,1,173,120,40,39
14,76,22,1,173,125,30,39
14,77,16,0,163,130,30,39
14,78,15,0,183,125,30,39
14,79,10,1,203,125,20,39
14,80,5,1,208,125,10,39
14,81,23,0,203,115,10,44
14,82,25,1,203,120,0,44
14,83,41,1,208,110,0,44
14,84,13,0,208,110,0,49
14,85,2,1,213,110,-10,49
14,86,21,1,213,115,-25,49
14,87,46,1,218,115,-25,44
14,88,43,0,238,115,-35,44
14,89,15,1,238,120,-35,44
14,90,11,0,233,120,-35,46
14,91,19,1,248,120,-35,46
14,92,37,0,236,130,-35,46
14,93,12,0,231,140,-35,46
14,94,23,0,226,130,-35,51
14,95,3,1,219,130,-35,56
14,96,25,0,219,125,-25,56
14,97,14,1,219,130,-25,56
14,98,10,1,239,130,-35,56
14,99,8,1,229,130,-35,61
15,0,15,0,70,45,50,50
15,1,27,1,70,50,45,50
15,2,13,0,70,50,45,55
15,3,9,1,75,50,45,55
15,4,10,0,70,55,45,55
15,5,37,1,80,55,45,55
15,6,23,1,90,55,40,55
15,7,21,0,85,55,55,55
15,8,42,1,85,60,55,55
15,9,3,0,100,60,50,55
15,10,2,0,90,60,55,55
15,11,6,0,100,60,50,55
15,12,26,0,95,60,50,60
15,13,20,0,90,60,65,60
15,14,37,0,78,70,65,60
15,15,47,0,103,70,65,60
15,16,2,0,93,70,70,60
15,17,12,1,98,70,70,60
15,18,16,1,98,70,60,60
15,19,1,0,108,70,45,60
15,20,10,0,103,75,45,60
15,21,14,1,103,80,45,60
15,22,30,0,103,80,35,70
15,23,9,1,108,80,35,70
15,24,16,1,108,80,25,70
15,25,25,1,108,85,15,70
15,26,19,1,123,85,15,70
15,27,8,0,123,90,5,70
15,28,45,0,123,90,5,75
15,29,9,1,128,90,5,75
15,30,23,1,138,90,0,75
15,31,20,0,133,90,15,75
15,32,14,1,133,95,15,75
15,33,43,0,153,95,5,75
15,34,45,0,153,95,5,80
15,35,42,1,153,100,5,80
15,36,15,1,153,105,5,80
15,37,21,0,148,105,20,80
15,38,22,1,148,110,10,80
15,39,12,0,143,120,10,80
15,40,41,1,148,110,10,80
15,41,15,0,168,105,10,80
15,42,42,1,168,110,10,80
15,43,29,1,168,125,-10,80
15,44,20,0,163,125,5,80
15,45,11,0,158,125,5,82
15,46,41,0,148,135,5,82
15,47,3,1,141,135,5,87
15,48,4,0,126,140,5,87
15,49,24,0,121,140,10,87
15,50,14,1,121,145,10,87
15,51,10,0,116,150,10,87
15,52,5,0,111,150,15,87
15,53,43,1,111,150,20,72
15,54,36,0,111,145,20,74
15,55,19,0,91,145,30,84
15,56,11,1,96,145,30,84
15,57,5,1,101,145,20,84
15,58,23,0,96,135,20,89
15,59,37,1,106,135,20,89
15,60,46,1,111,135,20,84
15,61,48,0,101,135,20,89
15,62,4,1,111,135,20,84
15,63,26,0,106,135,20,89
15,64,5,0,101,135,25,89
15,65,46,0,94,135,25,94
15,66,24,1,99,135,25,94
15,67,13,1,104,140,25,94
15,68,41,0,94,150,25,94
15,69,11,0,89,150,25,96
15,70,22,0,84,150,30,96
15,71,8,1,74,150,30,101
15,72,37,0,62,160,30,101
15,73,5,0,57,160,35,101
15,74,25,0,57,155,45,101
15,75,23,0,52,145,45,106
15,76,4,1,62,145,45,101
15,77,13,0,62,145,45,106
15,78,10,0,57,150,45,106
15,79,41,0,47,160,45,106
15,80,25,0,47,155,55,106
15,81,16,0,37,160,55,106
15,82,48,0,27,160,55,111
15,83,11,1,32,160,55,111
15,84,36,0,32,155,55,113
15,85,41,0,22,165,55,113
15,86,23,1,32,165,50,113
15,87,37,1,42,165,50,113
15,88,39,1,47,165,50,108
15,89,15,1,47,170,50,108
15,90,8,0,47,175,40,108
15,91,16,1,47,175,30,108
15,92,12,1,52,175,30,108
15,93,39,0,45,180,30,108
15,94,11,1,50,180,30,108
15,95,15,0,70,175,30,108
15,96,45,1,70,180,30,108
15,97,16,0,60,185,30,108
15,98,26,0,55,185,30,113
15,99,1,1,47,185,35,113
16,0,22,1,50,55,40,50
16,1,8,1,40,55,40,55
16,2,40,0,40,65,30,55
16,3,23,1,50,65,25,55
16,4,3,1,43,65,25,60
16,5,5,1,48,65,15,60
16,6,39,0,41,70,15,60
16,7,41,1,46,60,15,60
16,8,10,1,66,60,5,60
16,9,25,1,66,65,-5,60
16,10,6,0,76,65,-10,60
16,11,45,1,76,70,-10,60
16,12,15,0,96,65,-10,60
16,13,43,1,96,65,-5,45
16,14,10,0,91,70,-5,45
16,15,4,0,76,75,-5,45
16,16,8,1,66,75,-5,50
16,17,41,1,71,65,-5,50
16,18,44,0,71,65,5,55
16,19,38,1,76,65,5,55
16,20,26,1,86,65,0,55
16,21,16,0,76,70,0,55
16,22,41,0,66,80,0,55
16,23,23,0,61,70,0,60
16,24,37,0,49,80,0,60
16,25,15,1,49,85,0,60
16,26,21,0,44,85,15,60
16,27,13,1,49,90,15,60
16,28,7,1,54,90,15,55
16,29,47,1,54,90,15,70
16,30,36,1,54,95,15,65
16,31,2,0,44,95,20,65
16,32,20,0,39,95,35,65
16,33,41,1,44,85,35,65
16,34,6,0,54,85,30,65
16,35,10,1,74,85,20,65
16,36,48,1,74,90,20,55
16,37,23,0,69,80,20,60
16,38,37,1,79,80,20,60
16,39,38,1,84,80,20,60
16,40,10,0,79,85,20,60
16,41,20,0,74,85,35,60
16,42,29,0,64,85,40,60
16,43,25,1,64,90,30,60
16,44,5,0,59,90,35,60
16,45,27,0,69,75,35,60
16,46,13,0,69,75,35,65
16,47,14,0,69,75,35,70
16,48,23,0,64,65,35,75
16,49,3,0,79,65,30,75
16,50,45,1,79,70,30,75
16,51,2,1,84,70,20,75
16,52,46,0,77,70,20,80
16,53,11,0,72,70,20,82
16,54,23,1,82,70,15,82
16,55,1,1,74,70,20,82
16,56,9,1,79,70,20,82
16,57,47,1,79,70,20,97
16,58,4,1,89,70,20,92
16,59,40,1,89,60,30,92
16,60,12,0,84,70,30,92
16,61,3,0,99,70,25,92
16,62,38,0,94,75,25,92
16,63,1,1,86,75,30,92
16,64,23,0,81,65,30,97
16,65,20,0,76,65,45,97
16,66,25,0,76,60,55,97
16,67,5,1,81,60,45,97
16,68,13,1,86,65,45,97
16,69,4,0,71,70,45,97
16,70,23,0,66,60,45,102
16,71,26,1,76,60,40,102
16,72,14,0,76,60,40,107
16,73,47,0,101,60,40,107
16,74,17,1,86,60,50,107
16,75,20,0,81,60,65,107
16,76,9,0,76,60,65,112
16,77,44,0,76,60,75,117
16,78,27,1,76,65,70,117
16,79,13,1,81,70,70,117
16,80,4,1,91,70,70,112
16,81,5,0,86,70,75,112
16,82,6,1,78,70,75,117
16,83,25,1,78,75,65,117
16,84,14,1,78,80,65,117
16,85,12,0,73,90,65,117
16,86,16,0,63,95,65,117
16,87,11,0,58,95,65,119
16,88,44,0,58,95,75,124
16,89,22,0,53,95,80,124
16,90,24,0,48,95,85,124
16,91,45,0,48,95,85,129
16,92,20,1,48,100,70,129
16,93,15,0,68,95,70,129
16,94,26,0,63,95,70,134
16,95,4,1,73,95,70,129
16,96,1,0,83,95,55,129
16,97,3,1,76,95,55,134
16,98,22,0,71,95,60,134
16,99,41,0,61,105,60,134
17,0,16,0,40,55,50,50
17,1,5,0,35,55,55,50
17,2,6,0,45,55,50,50
17,3,22,0,40,55,55,50
17,4,9,1,45,55,55,50
17,5,1,1,37,55,60,50
17,6,16,0,27,60,60,50
17,7,5,1,32,60,50,50
17,8,30,1,32,60,60,50
17,9,7,0,17,65,60,50
17,10,20,0,12,65,75,50
17,11,23,0,7,55,75,55
17,12,2,1,12,55,65,55
17,13,48,0,2,55,65,60
17,14,28,1,12,55,65,60
17,15,25,0,12,50,75,60
17,16,23,1,22,50,70,60
17,17,46,0,15,50,70,65
17,18,13,0,15,50,70,70
17,19,4,0,0,55,70,70
17,20,1,0,10,55,55,70
17,21,22,1,10,60,45,70
17,22,6,0,20,60,40,70
17,23,23,0,15,50,40,75
17,24,28,0,5,50,50,75
17,25,4,0,-10,55,50,75
17,26,12,1,-5,55,50,75
17,27,36,1,-5,60,50,70
17,28,13,0,-5,60,50,75
17,29,24,0,-10,60,55,75
17,30,40,0,-10,70,45,75
17,31,42,0,-18,70,45,85
17,32,9,1,-13,70,45,85
17,33,16,1,-13,70,35,85
17,34,23,0,-18,60,35,90
17,35,36,1,-18,65,35,85
17,36,22,1,-18,70,25,85
17,37,46,0,-25,70,25,90
17,38,8,1,-35,70,25,95
17,39,9,1,-30,70,25,95
17,40,2,0,-40,70,30,95
17,41,18,0,-65,70,30,105
17,42,11,1,-60,70,30,105
17,43,39,0,-67,75,30,105
17,44,5,1,-62,75,20,105
17,45,4,0,-77,80,20,105
17,46,17,0,-97,90,20,105
17,47,44,0,-97,90,30,110
17,48,25,1,-97,95,20,110
17,49,39,0,-104,100,20,110
17,50,20,1,-104,105,5,110
17,51,19,1,-89,105,5,110
17,52,24,1,-84,105,5,110
17,53,9,0,-89,105,5,115
17,54,44,0,-89,105,15,120
17,55,11,1,-84,105,15,120
17,56,21,1,-84,110,0,120
17,57,27,0,-74,95,0,120
17,58,22,0,-79,95,5,120
17,59,20,0,-84,95,20,120
17,60,23,1,-74,95,15,120
17,61,25,1,-74,100,5,120
17,62,26,0,-79,100,5,125
17,63,18,0,-104,100,5,135
17,64,15,0,-84,95,5,135
17,65,9,1,-79,95,5,135
17,66,38,0,-84,100,5,135
17,67,2,1,-79,100,-5,135
17,68,14,1,-79,105,-5,135
17,69,48,1,-79,110,-5,125
17,70,4,0,-94,115,-5,125
17,71,22,0,-99,115,0,125
17,72,43,1,-99,115,5,110
17,73,42,0,-107,115,5,120
17,74,12,1,-102,115,5,120
17,75,47,0,-77,115,5,120
17,76,26,0,-82,115,5,125
17,77,10,0,-87,120,5,125
17,78,11,1,-82,120,5,125
17,79,9,0,-87,120,5,130
17,80,45,1,-87,125,5,130
17,81,3,0,-72,125,0,130
17,82,44,1,-67,125,0,130
17,83,38,1,-62,125,0,130
17,84,22,0,-67,125,5,130
17,85,7,0,-82,130,5,130
17,86,25,1,-82,135,-5,130
17,87,2,1,-77,135,-15,130
17,88,10,0,-82,140,-15,130
17,89,1,1,-90,140,-10,130
17,90,37,0,-102,150,-10,130
17,91,38,1,-97,150,-10,130
17,92,40,0,-97,160,-20,130
17,93,15,1,-97,165,-20,130
17,94,10,0,-102,170,-20,130
17,95,36,1,-102,175,-20,125
17,96,27,0,-92,160,-20,125
17,97,16,1,-92,160,-30,125
17,98,1,1,-100,160,-25,125
17,99,38,0,-105,165,-25,125
18,0,16,0,40,55,50,50
18,1,26,0,35,55,50,55
18,2,9,1,40,55,50,55
18,3,43,0,60,55,40,55
18,4,23,0,55,45,40,60
18,5,16,0,45,50,40,60
18,6,22,0,40,50,45,60
18,7,39,1,45,50,45,55
18,8,41,0,35,60,45,55
18,9,4,0,20,65,45,55
18,10,16,0,10,70,45,55
18,11,2,1,15,70,35,55
18,12,22,1,15,75,25,55
18,13,24,1,20,75,25,55
18,14,14,0,20,75,25,60
18,15,37,1,30,75,25,60
18,16,48,0,20,75,25,65
18,17,30,1,20,75,35,65
18,18,5,0,15,75,40,65
18,19,44,1,20,75,40,65
18,20,12,1,25,75,40,65
18,21,25,0,25,70,50,65
18,22,17,0,5,80,50,65
18,23,38,0,0,85,50,65
18,24,40,1,0,75,60,65
18,25,3,1,-7,75,60,70
18,26,44,0,-7,75,70,75
18,27,13,1,-2,80,70,75
18,28,12,1,3,80,70,75
18,29,22,0,-2,80,75,75
18,30,10,1,18,80,65,75
18,31,46,0,11,80,65,80
18,32,47,1,11,80,65,95
18,33,1,0,21,80,50,95
18,34,38,1,26,80,50,95
18,35,45,1,26,85,50,95
18,36,20,1,26,90,35,95
18,37,43,1,26,90,40,80
18,38,22,1,26,95,30,80
18,39,25,1,26,100,20,80
18,40,12,1,31,100,20,80
18,41,41,0,21,110,20,80
18,42,1,1,13,110,25,80
18,43,9,1,18,110,25,80
18,44,36,0,18,105,25,82
18,45,38,1,23,105,25,82
18,46,15,1,23,110,25,82
18,47,10,1,43,110,15,82
18,48,30,0,43,110,5,92
18,49,40,0,43,120,-5,92
18,50,3,0,58,120,-10,92
18,51,2,0,48,120,-5,92
18,52,14,1,48,125,-5,92
18,53,38,0,43,130,-5,92
18,54,13,1,48,135,-5,92
18,55,42,0,40,135,-5,102
18,56,48,1,40,140,-5,92
18,57,8,1,30,140,-5,97
18,58,12,0,25,150,-5,97
18,59,1,0,35,150,-20,97
18,60,2,0,25,150,-15,97
18,61,13,1,30,155,-15,97
18,62,24,0,25,155,-10,97
18,63,22,0,20,155,-5,97
18,64,43,1,20,155,0,82
18,65,47,1,20,155,0,97
18,66,11,1,25,155,0,97
18,67,4,1,35,155,0,92
18,68,1,1,27,155,5,92
18,69,25,1,27,160,-5,92
18,70,15,0,47,155,-5,92
18,71,43,1,47,155,0,77
18,72,13,0,47,155,0,82
18,73,37,0,35,165,0,82
18,74,26,1,45,165,-5,82
18,75,12,1,50,165,-5,82
18,76,11,0,45,165,-5,84
18,77,13,0,45,165,-5,89
18,78,41,0,35,175,-5,89
18,79,40,0,35,185,-15,89
18,80,23,0,30,175,-15,94
18,81,48,1,30,180,-15,84
18,82,1,0,40,180,-30,84
18,83,18,0,15,180,-30,94
18,84,2,1,20,180,-40,94
18,85,16,0,10,185,-40,94
18,86,28,0,0,185,-30,94
18,87,47,1,0,185,-30,109
18,88,1,0,10,185,-45,109
18,89,42,1,10,190,-45,109
18,90,11,0,5,190,-45,111
18,91,17,0,-15,200,-45,111
18,92,15,1,-15,205,-45,111
18,93,26,1,-5,205,-50,111
18,94,27,1,-5,210,-55,111
18,95,13,1,0,215,-55,111
18,96,41,1,5,205,-55,111
18,97,5,0,0,205,-50,111
18,98,22,0,-5,205,-45,111
18,99,2,0,-15,205,-40,111
19,0,37,0,38,60,50,50
19,1,41,1,43,50,50,50
19,2,20,0,38,50,65,50
19,3,17,0,18,60,65,50
19,4,29,1,18,75,45,50
19,5,4,1,28,75,45,45
19,6,12,1,33,75,45,45
19,7,16,1,33,75,35,45
19,8,9,1,38,75,35,45
19,9,14,0,38,75,35,50
19,10,5,0,33,75,40,50
19,11,36,0,33,70,40,52
19,12,16,0,23,75,40,52
19,13,45,0,23,75,40,57
19,14,11,1,28,75,40,57
19,15,18,1,38,75,40,57
19,16,3,1,31,75,40,62
19,17,17,1,16,75,50,62
19,18,2,0,6,75,55,62
19,19,19,1,21,75,55,62
19,20,26,1,31,75,50,62
19,21,25,0,31,70,60,62
19,22,40,1,31,60,70,62
19,23,14,0,31,60,70,67
19,24,13,1,36,65,70,67
19,25,37,0,24,75,70,67
19,26,39,1,29,75,70,62
19,27,10,1,49,75,60,62
19,28,5,1,54,75,50,62
19,29,26,0,49,75,50,67
19,30,41,0,39,85,50,67
19,31,16,0,29,90,50,67
19,32,28,1,39,90,50,67
19,33,25,1,39,95,40,67
19,34,14,0,39,95,40,72
19,35,3,0,54,95,35,72
19,36,29,0,44,95,40,72
19,37,8,0,44,100,30,72
19,38,15,0,64,95,30,72
19,39,43,0,84,95,20,72
19,40,46,0,77,95,20,77
19,41,4,1,87,95,20,72
19,42,8,0,87,100,10,72
19,43,36,0,87,95,10,74
19,44,22,0,82,95,15,74
19,45,10,0,77,100,15,74
19,46,24,1,82,100,15,74
19,47,7,0,67,105,15,74
19,48,23,1,77,105,10,74
19,49,14,0,77,105,10,79
19,50,44,0,77,105,20,84
19,51,8,0,77,110,10,84
19,52,9,0,72,110,10,89
19,53,2,0,62,110,15,89
19,54,26,0,57,110,15,94
19,55,11,0,52,110,15,96
19,56,13,0,52,110,15,101
19,57,9,0,47,110,15,106
19,58,40,0,47,120,5,106
19,59,3,1,40,120,5,111
19,60,42,0,32,120,5,121
19,61,25,0,32,115,15,121
19,62,30,1,32,115,25,121
19,63,20,0,27,115,40,121
19,64,26,0,22,115,40,126
19,65,5,0,17,115,45,126
19,66,41,0,7,125,45,126
19,67,4,0,-8,130,45,126
19,68,45,1,-8,135,45,126
19,69,29,1,-8,150,25,126
19,70,16,0,-18,155,25,126
19,71,37,0,-30,165,25,126
19,72,6,1,-38,165,25,131
19,73,22,0,-43,165,30,131
19,74,4,0,-58,170,30,131
19,75,14,1,-58,175,30,131
19,76,20,0,-63,175,45,131
19,77,26,1,-53,175,40,131
19,78,22,0,-58,175,45,131
19,79,19,0,-78,175,55,141
19,80,15,0,-58,170,55,141
19,81,4,0,-73,175,55,141
19,82,16,1,-73,175,45,141
19,83,46,1,-68,175,45,136
19,84,39,1,-63,175,45,131
19,85,22,0,-68,175,50,131
19,86,19,1,-53,175,50,131
19,87,26,1,-43,175,45,131
19,88,3,1,-50,175,45,136
19,89,20,0,-55,175,60,136
19,90,16,0,-65,180,60,136
19,91,47,0,-40,180,60,136
19,92,15,0,-20,175,60,136
19,93,6,0,-10,175,55,136
19,94,10,1,10,175,45,136
19,95,20,0,5,175,60,136
19,96,28,1,15,175,60,136
19,97,4,1,25,175,60,131
19,98,22,1,25,180,50,131
19,99,25,1,25,185,40,131
20,0,9,1,55,50,50,50
20,1,25,1,55,55,40,50
20,2,4,1,65,55,40,45
20,3,13,1,70,60,40,45
20,4,15,0,90,55,40,45
20,5,12,1,95,55,40,45
20,6,48,1,95,60,40,35
20,7,45,1,95,65,40,35
20,8,40,0,95,75,30,35
20,9,22,1,95,80,20,35
20,10,26,0,90,80,20,40
20,11,20,1,90,85,5,40
20,12,13,1,95,90,5,40
20,13,40,1,95,80,15,40
20,14,6,0,105,80,10,40
20,15,45,0,105,80,10,45
20,16,25,0,105,75,20,45
20,17,41,0,95,85,20,45
20,18,4,1,105,85,20,40
20,19,16,1,105,85,10,40
20,20,23,0,100,75,10,45
20,21,44,1,105,75,10,45
20,22,37,1,115,75,10,45
20,23,20,1,115,80,-5,45
20,24,45,0,115,80,-5,50
20,25,3,0,130,80,-10,50
20,26,41,1,135,70,-10,50
20,27,2,0,125,70,-5,50
20,28,40,0,125,80,-15,50
20,29,1,1,117,80,-10,50
20,30,23,1,127,80,-15,50
20,31,10,0,122,85,-15,50
20,32,8,1,112,85,-15,55
20,33,15,0,132,80,-15,55
20,34,1,0,142,80,-30,55
20,35,36,1,142,85,-30,50
20,36,11,0,137,85,-30,52
20,37,7,0,122,90,-30,52
20,38,30,1,122,90,-20,52
20,39,12,1,127,90,-20,52
20,40,18,1,137,90,-20,52
20,41,3,1,130,90,-20,57
20,42,17,0,110,100,-20,57
20,43,22,1,110,105,-30,57
20,44,9,0,105,105,-30,62
20,45,36,1,105,110,-30,57
20,46,29,0,95,110,-25,57
20,47,1,0,105,110,-40,57
20,48,20,0,100,110,-25,57
20,49,16,0,90,115,-25,57
20,50,46,0,83,115,-25,62
20,51,37,0,71,125,-25,62
20,52,30,1,71,125,-15,62
20,53,3,1,64,125,-15,67
20,54,11,0,59,125,-15,69
20,55,15,1,59,130,-15,69
20,56,24,0,54,130,-10,69
20,57,12,1,59,130,-10,69
20,58,39,0,52,135,-10,69
20,59,29,1,52,150,-30,69
20,60,30,1,52,150,-20,69
20,61,28,1,62,150,-20,69
20,62,3,0,77,150,-25,69
20,63,45,1,77,155,-25,69
20,64,15,0,97,150,-25,69
20,65,16,1,97,150,-35,69
20,66,12,1,102,150,-35,69
20,67,29,0,92,150,-30,69
20,68,7,1,97,150,-30,64
20,69,2,0,87,150,-25,64
20,70,1,1,79,150,-20,64
20,71,26,0,74,150,-20,69
20,72,18,1,84,150,-20,69
20,73,47,1,84,150,-20,84
20,74,28,1,94,150,-20,84
20,75,1,0,104,150,-35,84
20,76,26,0,99,150,-35,89
20,77,16,1,99,150,-45,89
20,78,18,0,74,150,-45,99
20,79,23,0,69,140,-45,104
20,80,10,0,64,145,-45,104
20,81,3,0,79,145,-50,104
20,82,45,1,79,150,-50,104
20,83,6,0,89,150,-55,104
20,84,9,1,94,150,-55,104
20,85,16,0,84,155,-55,104
20,86,2,1,89,155,-65,104
20,87,27,0,99,140,-65,104
20,88,17,0,79,150,-65,104
20,89,9,1,84,150,-65,104
20,90,39,1,89,150,-65,99
20,91,21,0,84,150,-50,99
20,92,5,0,79,150,-45,99
20,93,40,0,79,160,-55,99
20,94,12,1,84,160,-55,99
20,95,48,0,74,160,-55,104
20,96,18,0,49,160,-55,114
20,97,38,1,54,160,-55,114
20,98,4,1,64,160,-55,109
20,99,9,1,69,160,-55,109
21,0,39,1,55,50,50,45
21,1,15,0,75,45,50,45
21,2,25,0,75,40,60,45
21,3,13,0,75,40,60,50
21,4,26,1,85,40,55,50
21,5,11,1,90,40,55,50
21,6,22,1,90,45,45,50
21,7,45,1,90,50,45,50
21,8,1,0,100,50,30,50
21,9,41,1,105,40,30,50
21,10,28,0,95,40,40,50
21,11,3,0,110,40,35,50
21,12,26,0,105,40,35,55
21,13,12,1,110,40,35,55
21,14,39,0,103,45,35,55
21,15,27,1,103,50,30,55
21,16,9,1,108,50,30,55
21,17,41,1,113,40,30,55
21,18,12,1,118,40,30,55
21,19,17,1,103,40,40,55
21,20,47,0,128,40,40,55
21,21,15,0,148,35,40,55
21,22,13,1,153,40,40,55
21,23,2,0,143,40,45,55
21,24,16,1,143,40,35,55
21,25,17,0,123,50,35,55
21,26,3,0,138,50,30,55
21,27,10,0,133,55,30,55
21,28,14,1,133,60,30,55
21,29,20,0,128,60,45,55
21,30,2,0,118,60,50,55
21,31,23,0,113,50,50,60
21,32,21,0,108,50,65,60
21,33,1,0,118,50,50,60
21,34,10,1,138,50,40,60
21,35,18,1,148,50,40,60
21,36,44,0,148,50,50,65
21,37,5,0,143,50,55,65
21,38,23,0,138,40,55,70
21,39,12,1,143,40,55,70
21,40,6,1,135,40,55,75
21,41,41,0,125,50,55,75
21,42,42,1,125,55,55,75
21,43,1,1,117,55,60,75
21,44,15,1,117,60,60,75
21,45,4,0,102,65,60,75
21,46,3,0,117,65,55,75
21,47,25,0,117,60,65,75
21,48,13,0,117,60,65,80
21,49,41,0,107,70,65,80
21,50,23,1,117,70,60,80
21,51,21,1,117,75,45,80
21,52,45,0,117,75,45,85
21,53,20,0,112,75,60,85
21,54,16,1,112,75,50,85
21,55,26,0,107,75,50,90
21,56,37,0,95,85,50,90
21,57,42,0,87,85,50,100
21,58,12,0,82,95,50,100
21,59,1,0,92,95,35,100
21,60,16,0,82,100,35,100
21,61,41,1,87,90,35,100
21,62,10,1,107,90,25,100
21,63,47,0,132,90,25,100
21,64,23,1,142,90,20,100
21,65,5,0,137,90,25,100
21,66,19,1,152,90,25,100
21,67,13,1,157,95,25,100
21,68,45,0,157,95,25,105
21,69,37,1,167,95,25,105
21,70,5,1,172,95,15,105
21,71,23,0,167,85,15,110
21,72,42,0,159,85,15,120
21,73,20,0,154,85,30,120
21,74,26,0,149,85,30,125
21,75,3,0,164,85,25,125
21,76,15,1,164,90,25,125
21,77,11,1,169,90,25,125
21,78,8,0,169,95,15,125
21,79,48,0,159,95,15,130
21,80,5,0,154,95,20,130
21,81,18,0,129,95,20,140
21,82,25,0,129,90,30,140
21,83,27,1,129,95,25,140
21,84,21,0,124,95,40,140
21,85,14,1,124,100,40,140
21,86,11,0,119,100,40,142
21,87,10,1,139,100,30,142
21,88,13,0,139,100,30,147
21,89,12,0,134,110,30,147
21,90,39,1,139,110,30,142
21,91,4,0,124,115,30,142
21,92,7,0,109,120,30,142
21,93,22,1,109,125,20,142
21,94,16,1,109,125,10,142
21,95,47,1,109,125,10,157
21,96,36,0,109,120,10,159
21,97,2,1,114,120,0,159
21,98,10,0,109,125,0,159
21,99,38,0,104,130,0,159
22,0,5,0,45,50,55,50
22,1,23,0,40,40,55,55
22,2,4,1,50,40,55,50
22,3,9,0,45,40,55,55
22,4,1,0,55,40,40,55
22,5,8,0,55,45,30,55
22,6,38,0,50,50,30,55
22,7,22,1,50,55,20,55
22,8,2,1,55,55,10,55
22,9,5,0,50,55,15,55
22,10,13,1,55,60,15,55
22,11,43,0,75,60,5,55
22,12,4,1,85,60,5,50
22,13,16,1,85,60,-5,50
22,14,11,0,80,60,-5,52
22,15,1,1,72,60,0,52
22,16,9,1,77,60,0,52
22,17,22,0,72,60,5,52
22,18,18,1,82,60,5,52
22,19,47,0,107,60,5,52
22,20,26,0,102,60,5,57
22,21,41,1,107,50,5,57
22,22,38,0,102,55,5,57
22,23,1,1,94,55,10,57
22,24,2,0,84,55,15,57
22,25,11,1,89,55,15,57
22,26,5,1,94,55,5,57
22,27,22,1,94,60,-5,57
22,28,7,1,99,60,-5,52
22,29,25,1,99,65,-15,52
22,30,10,0,94,70,-15,52
22,31,6,0,104,70,-20,52
22,32,16,1,104,70,-30,52
22,33,14,0,104,70,-30,57
22,34,2,1,109,70,-40,57
22,35,43,1,109,70,-35,42
22,36,25,0,109,65,-25,42
22,37,6,0,119,65,-30,42
22,38,40,1,119,55,-20,42
22,39,13,1,124,60,-20,42
22,40,5,0,119,60,-15,42
22,41,28,1,129,60,-15,42
22,42,4,0,114,65,-15,42
22,43,11,1,119,65,-15,42
22,44,39,1,124,65,-15,37
22,45,22,0,119,65,-10,37
22,46,5,1,124,65,-20,37
22,47,23,1,134,65,-25,37
22,48,43,1,134,65,-20,22
22,49,46,0,127,65,-20,27
22,50,17,1,112,65,-10,27
22,51,30,0,112,65,-20,37
22,52,14,1,112,70,-20,37
22,53,25,1,112,75,-30,37
22,54,41,0,102,85,-30,37
22,55,1,1,94,85,-25,37
22,56,36,0,94,80,-25,39
22,57,16,0,84,85,-25,39
22,58,5,1,89,85,-35,39
22,59,13,0,89,85,-35,44
22,60,11,0,84,85,-35,46
22,61,26,0,79,85,-35,51
22,62,10,0,74,90,-35,51
22,63,47,1,74,90,-35,66
22,64,23,0,69,80,-35,71
22,65,2,0,59,80,-30,71
22,66,16,1,59,80,-40,71
22,67,19,1,74,80,-40,71
22,68,4,0,59,85,-40,71
22,69,22,0,54,85,-35,71
22,70,10,0,49,90,-35,71
22,71,23,0,44,80,-35,76
22,72,2,1,49,80,-45,76
22,73,18,1,59,80,-45,76
22,74,20,0,54,80,-30,76
22,75,41,0,44,90,-30,76
22,76,4,1,54,90,-30,71
22,77,10,1,74,90,-40,71
22,78,46,0,67,90,-40,76
22,79,12,1,72,90,-40,76
22,80,43,0,92,90,-50,76
22,81,5,0,87,90,-45,76
22,82,14,0,87,90,-45,81
22,83,1,1,79,90,-40,81
22,84,41,0,69,100,-40,81
22,85,23,0,64,90,-40,86
22,86,9,1,69,90,-40,86
22,87,22,0,64,90,-35,86
22,88,6,1,56,90,-35,91
22,89,11,1,61,90,-35,91
22,90,10,1,81,90,-45,91
22,91,38,1,86,90,-45,91
22,92,26,1,96,90,-50,91
22,93,15,1,96,95,-50,91
22,94,16,0,86,100,-50,91
22,95,39,1,91,100,-50,86
22,96,9,0,86,100,-50,91
22,97,2,1,91,100,-60,91
22,98,41,0,81,110,-60,91
22,99,28,0,71,110,-50,91
23,0,26,0,45,50,50,55
23,1,2,0,35,50,55,55
23,2,19,0,15,50,65,65
23,3,7,0,0,55,65,65
23,4,39,0,-7,60,65,65
23,5,3,1,-14,60,65,70
23,6,41,1,-9,50,65,70
23,7,36,1,-9,55,65,65
23,8,43,1,-9,55,70,50
23,9,13,0,-9,55,70,55
23,10,29,0,-19,55,75,55
23,11,37,1,-9,55,75,55
23,12,9,1,-4,55,75,55
23,13,10,1,16,55,65,55
23,14,18,0,-9,55,65,65
23,15,22,1,-9,60,55,65
23,16,17,1,-24,60,65,65
23,17,15,0,-4,55,65,65
23,18,42,0,-12,55,65,75
23,19,11,1,-7,55,65,75
23,20,37,1,3,55,65,75
23,21,16,0,-7,60,65,75
23,22,24,0,-12,60,70,75
23,23,12,0,-17,70,70,75
23,24,27,0,-7,55,70,75
23,25,25,0,-7,50,80,75
23,26,4,0,-22,55,80,75
23,27,3,1,-29,55,80,80
23,28,14,1,-29,60,80,80
23,29,38,1,-24,60,80,80
23,30,25,1,-24,65,70,80
23,31,37,1,-14,65,70,80
23,32,1,0,-4,65,55,80
23,33,8,1,-14,65,55,85
23,34,23,0,-19,55,55,90
23,35,40,0,-19,65,45,90
23,36,4,1,-9,65,45,85
23,37,2,1,-4,65,35,85
23,38,9,0,-9,65,35,90
23,39,16,1,-9,65,25,90
23,40,46,1,-4,65,25,85
23,41,43,0,16,65,15,85
23,42,4,0,1,70,15,85
23,43,2,1,6,70,5,85
23,44,30,1,6,70,15,85
23,45,41,1,11,60,15,85
23,46,47,0,36,60,15,85
23,47,39,1,41,60,15,80
23,48,5,1,46,60,5,80
23,49,20,0,41,60,20,80
23,50,25,1,41,65,10,80
23,51,26,0,36,65,10,85
23,52,39,0,29,70,10,85
23,53,37,0,17,80,10,85
23,54,1,0,27,80,-5,85
23,55,27,1,27,85,-10,85
23,56,2,0,17,85,-5,85
23,57,7,1,22,85,-5,80
23,58,46,1,27,85,-5,75
23,59,40,0,27,95,-15,75
23,60,17,0,7,105,-15,75
23,61,10,0,2,110,-15,75
23,62,29,0,-8,110,-10,75
23,63,14,1,-8,115,-10,75
23,64,2,1,-3,115,-20,75
23,65,28,0,-13,115,-10,75
23,66,11,0,-18,115,-10,77
23,67,26,1,-8,115,-15,77
23,68,13,1,-3,120,-15,77
23,69,29,0,-13,120,-10,77
23,70,20,1,-13,125,-25,77
23,71,47,1,-13,125,-25,92
23,72,15,0,7,120,-25,92
23,73,14,0,7,120,-25,97
23,74,22,1,7,125,-35,97
23,75,23,0,2,115,-35,102
23,76,25,0,2,110,-25,102
23,77,20,0,-3,110,-10,102
23,78,9,1,2,110,-10,102
23,79,37,0,-10,120,-10,102
23,80,11,0,-15,120,-10,104
23,81,10,1,5,120,-20,104
23,82,15,0,25,115,-20,104
23,83,1,1,17,115,-15,104
23,84,2,0,7,115,-10,104
23,85,40,1,7,105,0,104
23,86,29,1,7,120,-20,104
23,87,8,0,7,125,-30,104
23,88,42,0,-1,125,-30,114
23,89,27,0,9,110,-30,114
23,90,45,1,9,115,-30,114
23,91,41,0,-1,125,-30,114
23,92,16,1,-1,125,-40,114
23,93,29,0,-11,125,-35,114
23,94,26,1,-1,125,-40,114
23,95,9,0,-6,125,-40,119
23,96,14,0,-6,125,-40,124
23,97,27,0,4,110,-40,124
23,98,29,1,4,125,-60,124
23,99,23,1,14,125,-65,124
24,0,38,0,45,55,50,50
24,1,1,0,55,55,35,50
24,2,23,1,65,55,30,50
24,3,15,1,65,60,30,50
24,4,16,0,55,65,30,50
24,5,13,1,60,70,30,50
24,6,22,1,60,75,20,50
24,7,11,0,55,75,20,52
24,8,45,1,55,80,20,52
24,9,25,1,55,85,10,52
24,10,23,0,50,75,10,57
24,11,6,0,60,75,5,57
24,12,17,1,45,75,15,57
24,13,20,0,40,75,30,57
24,14,21,0,35,75,45,57
24,15,8,0,35,80,35,57
24,16,37,0,23,90,35,57
24,17,39,1,28,90,35,52
24,18,2,1,33,90,25,52
24,19,16,0,23,95,25,52
24,20,12,0,18,105,25,52
24,21,4,0,3,110,25,52
24,22,6,1,-5,110,25,57
24,23,20,0,-10,110,40,57
24,24,40,1,-10,100,50,57
24,25,29,1,-10,115,30,57
24,26,37,1,0,115,30,57
24,27,5,1,5,115,20,57
24,28,24,1,10,115,20,57
24,29,38,1,15,115,20,57
24,30,3,1,8,115,20,62
24,31,28,0,-2,115,30,62
24,32,7,0,-17,120,30,62
24,33,26,0,-22,120,30,67
24,34,5,0,-27,120,35,67
24,35,39,1,-22,120,35,62
24,36,21,0,-27,120,50,62
24,37,10,0,-32,125,50,62
24,38,13,0,-32,125,50,67
24,39,5,0,-37,125,55,67
24,40,38,0,-42,130,55,67
24,41,44,0,-42,130,65,72
24,42,14,0,-42,130,65,77
24,43,29,1,-42,145,45,77
24,44,6,1,-50,145,45,82
24,45,48,0,-60,145,45,87
24,46,7,0,-75,150,45,87
24,47,15,0,-55,145,45,87
24,48,26,0,-60,145,45,92
24,49,16,0,-70,150,45,92
24,50,20,1,-70,155,30,92
24,51,38,1,-65,155,30,92
24,52,37,1,-55,155,30,92
24,53,28,0,-65,155,40,92
24,54,12,1,-60,155,40,92
24,55,4,0,-75,160,40,92
24,56,11,0,-80,160,40,94
24,57,1,1,-88,160,45,94
24,58,14,1,-88,165,45,94
24,59,48,1,-88,170,45,84
24,60,15,1,-88,175,45,84
24,61,20,1,-88,180,30,84
24,62,27,1,-88,185,25,84
24,63,14,1,-88,190,25,84
24,64,37,1,-78,190,25,84
24,65,12,0,-83,200,25,84
24,66,11,1,-78,200,25,84
24,67,15,0,-58,195,25,84
24,68,45,1,-58,200,25,84
24,69,25,0,-58,195,35,84
24,70,3,0,-43,195,30,84
24,71,5,1,-38,195,20,84
24,72,15,1,-38,200,20,84
24,73,14,0,-38,200,20,89
24,74,21,0,-43,200,35,89
24,75,6,1,-51,200,35,94
24,76,41,0,-61,210,35,94
24,77,10,0,-66,215,35,94
24,78,11,1,-61,215,35,94
24,79,48,1,-61,220,35,84
24,80,44,1,-56,220,35,84
24,81,26,0,-61,220,35,89
24,82,14,1,-61,225,35,89
24,83,13,1,-56,230,35,89
24,84,22,0,-61,230,40,89
24,85,17,0,-81,240,40,89
24,86,12,0,-86,250,40,89
24,87,4,1,-76,250,40,84
24,88,13,1,-71,255,40,84
24,89,41,1,-66,245,40,84
24,90,9,1,-61,245,40,84
24,91,5,0,-66,245,45,84
24,92,20,1,-66,250,30,84
24,93,23,1,-56,250,25,84
24,94,17,0,-76,260,25,84
24,95,15,0,-56,255,25,84
24,96,16,0,-66,260,25,84
24,97,37,1,-56,260,25,84
24,98,22,0,-61,260,30,84
24,99,38,0,-66,265,30,84
25,0,42,1,50,55,50,50
25,1,46,0,43,55,50,55
25,2,11,1,48,55,50,55
25,3,22,0,43,55,55,55
25,4,27,0,53,40,55,55
25,5,9,1,58,40,55,55
25,6,8,0,58,45,45,55
25,7,20,0,53,45,60,55
25,8,16,0,43,50,60,55
25,9,5,0,38,50,65,55
25,10,36,0,38,45,65,57
25,11,1,1,30,45,70,57
25,12,22,1,30,50,60,57
25,13,38,1,35,50,60,57
25,14,15,1,35,55,60,57
25,15,48,0,25,55,60,62
25,16,4,0,10,60,60,62
25,17,36,0,10,55,60,64
25,18,5,1,15,55,50,64
25,19,3,0,30,55,45,64
25,20,48,0,20,55,45,69
25,21,22,1,20,60,35,69
25,22,15,0,40,55,35,69
25,23,20,0,35,55,50,69
25,24,2,1,40,55,40,69
25,25,45,1,40,60,40,69
25,26,46,1,45,60,40,64
25,27,12,0,40,70,40,64
25,28,40,1,40,60,50,64
25,29,27,1,40,65,45,64
25,30,11,0,35,65,45,66
25,31,13,0,35,65,45,71
25,32,44,1,40,65,45,71
25,33,40,1,40,55,55,71
25,34,20,1,40,60,40,71
25,35,18,1,50,60,40,71
25,36,22,1,50,65,30,71
25,37,29,0,40,65,35,71
25,38,26,0,35,65,35,76
25,39,43,0,55,65,25,76
25,40,3,1,48,65,25,81
25,41,1,1,40,65,30,81
25,42,23,0,35,55,30,86
25,43,48,0,25,55,30,91
25,44,11,1,30,55,30,91
25,45,26,1,40,55,25,91
25,46,22,0,35,55,30,91
25,47,25,1,35,60,20,91
25,48,15,0,55,55,20,91
25,49,11,0,50,55,20,93
25,50,8,0,50,60,10,93
25,51,5,1,55,60,0,93
25,52,26,0,50,60,0,98
25,53,16,1,50,60,-10,98
25,54,24,1,55,60,-10,98
25,55,36,1,55,65,-10,93
25,56,2,1,60,65,-20,93
25,57,48,1,60,70,-20,83
25,58,7,1,65,70,-20,78
25,59,41,0,55,80,-20,78
25,60,9,0,50,80,-20,83
25,61,3,0,65,80,-25,83
25,62,28,1,75,80,-25,83
25,63,46,0,68,80,-25,88
25,64,37,0,56,90,-25,88
25,65,6,0,66,90,-30,88
25,66,15,1,66,95,-30,88
25,67,22,0,61,95,-25,88
25,68,8,1,51,95,-25,93
25,69,26,1,61,95,-30,93
25,70,16,1,61,95,-40,93
25,71,5,0,56,95,-35,93
25,72,12,0,51,105,-35,93
25,73,48,0,41,105,-35,98
25,74,37,0,29,115,-35,98
25,75,16,0,19,120,-35,98
25,76,1,0,29,120,-50,98
25,77,20,0,24,120,-35,98
25,78,13,0,24,120,-35,103
25,79,41,0,14,130,-35,103
25,80,38,0,9,135,-35,103
25,81,23,1,19,135,-40,103
25,82,37,1,29,135,-40,103
25,83,24,0,24,135,-35,103
25,84,12,1,29,135,-35,103
25,85,11,0,24,135,-35,105
25,86,1,1,16,135,-30,105
25,87,7,1,21,135,-30,100
25,88,43,0,41,135,-40,100
25,89,20,0,36,135,-25,100
25,90,23,1,46,135,-30,100
25,91,16,1,46,135,-40,100
25,92,24,1,51,135,-40,100
25,93,10,1,71,135,-50,100
25,94,42,0,63,135,-50,110
25,95,40,0,63,145,-60,110
25,96,20,1,63,150,-75,110
25,97,14,1,63,155,-75,110
25,98,43,1,63,155,-70,95
25,99,23,1,73,155,-75,95
26,0,19,1,65,50,50,50
26,1,42,1,65,55,50,50
26,2,3,0,80,55,45,50
26,3,2,0,70,55,50,50
26,4,23,0,65,45,50,55
26,5,16,0,55,50,50,55
26,6,25,0,55,45,60,55
26,7,12,0,50,55,60,55
26,8,5,1,55,55,50,55
26,9,22,1,55,60,40,55
26,10,4,0,40,65,40,55
26,11,44,1,45,65,40,55
26,12,30,1,45,65,50,55
26,13,19,0,25,65,60,65
26,14,24,1,30,65,60,65
26,15,20,1,30,70,45,65
26,16,22,0,25,70,50,65
26,17,10,0,20,75,50,65
26,18,30,0,20,75,40,75
26,19,13,0,20,75,40,80
26,20,20,1,20,80,25,80
26,21,23,0,15,70,25,85
26,22,15,1,15,75,25,85
26,23,16,0,5,80,25,85
26,24,19,0,-15,80,35,95
26,25,18,0,-40,80,35,105
26,26,9,1,-35,80,35,105
26,27,36,1,-35,85,35,100
26,28,14,0,-35,85,35,105
26,29,41,0,-45,95,35,105
26,30,4,0,-60,100,35,105
26,31,43,0,-40,100,25,105
26,32,48,1,-40,105,25,95
26,33,17,1,-55,105,35,95
26,34,13,0,-55,105,35,100
26,35,40,0,-55,115,25,100
26,36,4,1,-45,115,25,95
26,37,20,0,-50,115,40,95
26,38,16,0,-60,120,40,95
26,39,2,1,-55,120,30,95
26,40,19,0,-75,120,40,105
26,41,7,0,-90,125,40,105
26,42,36,0,-90,120,40,107
26,43,16,1,-90,120,30,107
26,44,13,0,-90,120,30,112
26,45,44,1,-85,120,30,112
26,46,12,0,-90,130,30,112
26,47,38,1,-85,130,30,112
26,48,26,0,-90,130,30,117
26,49,41,0,-100,140,30,117
26,50,8,1,-110,140,30,122
26,51,37,0,-122,150,30,122
26,52,13,1,-117,155,30,122
26,53,3,0,-102,155,25,122
26,54,4,0,-117,160,25,122
26,55,18,1,-107,160,25,122
26,56,11,0,-112,160,25,124
26,57,10,1,-92,160,15,124
26,58,46,0,-99,160,15,129
26,59,24,0,-104,160,20,129
26,60,20,0,-109,160,35,129
26,61,23,1,-99,160,30,129
26,62,25,0,-99,155,40,129
26,63,37,1,-89,155,40,129
26,64,12,1,-84,155,40,129
26,65,29,0,-94,155,45,129
26,66,5,1,-89,155,35,129
26,67,23,0,-94,145,35,134
26,68,4,0,-109,150,35,134
26,69,15,0,-89,145,35,134
26,70,36,0,-89,140,35,136
26,71,7,0,-104,145,35,136
26,72,16,0,-114,150,35,136
26,73,42,0,-122,150,35,146
26,74,1,1,-130,150,40,146
26,75,6,1,-138,150,40,151
26,76,22,0,-143,150,45,151
26,77,23,0,-148,140,45,156
26,78,19,1,-133,140,45,156
26,79,16,0,-143,145,45,156
26,80,48,0,-153,145,45,161
26,81,41,1,-148,135,45,161
26,82,4,0,-163,140,45,161
26,83,14,0,-163,140,45,166
26,84,2,0,-173,140,50,166
26,85,9,0,-178,140,50,171
26,86,28,0,-188,140,60,171
26,87,6,0,-178,140,55,171
26,88,43,1,-178,140,60,156
26,89,23,1,-168,140,55,156
26,90,20,0,-173,140,70,156
26,91,36,0,-173,135,70,158
26,92,16,0,-183,140,70,158
26,93,39,1,-178,140,70,153
26,94,12,0,-183,150,70,153
26,95,44,1,-178,150,70,153
26,96,36,0,-178,145,70,155
26,97,27,0,-168,130,70,155
26,98,47,1,-168,130,70,170
26,99,28,0,-178,130,80,170
27,0,24,0,45,50,55,50
27,1,2,1,50,50,45,50
27,2,22,0,45,50,50,50
27,3,5,0,40,50,55,50
27,4,15,0,60,45,55,50
27,5,12,1,65,45,55,50
27,6,3,0,80,45,50,50
27,7,30,1,80,45,60,50
27,8,44,0,80,45,70,55
27,9,8,0,80,50,60,55
27,10,46,1,85,50,60,50
27,11,41,1,90,40,60,50
27,12,12,0,85,50,60,50
27,13,1,1,77,50,65,50
27,14,28,1,87,50,65,50
27,15,4,0,72,55,65,50
27,16,26,1,82,55,60,50
27,17,12,1,87,55,60,50
27,18,3,0,102,55,55,50
27,19,39,0,95,60,55,50
27,20,45,1,95,65,55,50
27,21,9,0,90,65,55,55
27,22,26,1,100,65,50,55
27,23,6,1,92,65,50,60
27,24,42,1,92,70,50,60
27,25,39,1,97,70,50,55
27,26,10,1,117,70,40,55
27,27,43,1,117,70,45,40
27,28,36,1,117,75,45,35
27,29,42,1,117,80,45,35
27,30,5,1,122,80,35,35
27,31,25,0,122,75,45,35
27,32,43,1,122,75,50,20
27,33,3,1,115,75,50,25
27,34,8,0,115,80,40,25
27,35,10,0,110,85,40,25
27,36,26,0,105,85,40,30
27,37,1,0,115,85,25,30
27,38,12,1,120,85,25,30
27,39,22,1,120,90,15,30
27,40,5,1,125,90,5,30
27,41,41,1,130,80,5,30
27,42,4,1,140,80,5,25
27,43,11,0,135,80,5,27
27,44,22,1,135,85,-5,27
27,45,16,1,135,85,-15,27
27,46,9,1,140,85,-15,27
27,47,46,1,145,85,-15,22
27,48,12,0,140,95,-15,22
27,49,26,1,150,95,-20,22
27,50,25,1,150,100,-30,22
27,51,45,0,150,100,-30,27
27,52,44,1,155,100,-30,27
27,53,46,1,160,100,-30,22
27,54,10,0,155,105,-30,22
27,55,26,0,150,105,-30,27
27,56,13,1,155,110,-30,27
27,57,5,0,150,110,-25,27
27,58,14,0,150,110,-25,32
27,59,25,1,150,115,-35,32
27,60,30,1,150,115,-25,32
27,61,45,1,150,120,-25,32
27,62,41,1,155,110,-25,32
27,63,23,0,150,100,-25,37
27,64,16,0,140,105,-25,37
27,65,2,0,130,105,-20,37
27,66,7,1,135,105,-20,32
27,67,40,1,135,95,-10,32
27,68,9,0,130,95,-10,37
27,69,10,0,125,100,-10,37
27,70,20,0,120,100,5,37
27,71,11,0,115,100,5,39
27,72,47,1,115,100,5,54
27,73,7,0,100,105,5,54
27,74,9,1,105,105,5,54
27,75,5,0,100,105,10,54
27,76,27,1,100,110,5,54
27,77,12,1,105,110,5,54
27,78,39,1,110,110,5,49
27,79,42,0,102,110,5,59
27,80,5,1,107,110,-5,59
27,81,1,1,99,110,0,59
27,82,21,1,99,115,-15,59
27,83,3,0,114,115,-20,59
27,84,13,1,119,120,-20,59
27,85,25,0,119,115,-10,59
27,86,23,1,129,115,-15,59
27,87,2,1,134,115,-25,59
27,88,27,0,144,100,-25,59
27,89,8,1,134,100,-25,64
27,90,16,1,134,100,-35,64
27,91,44,1,139,100,-35,64
27,92,5,1,144,100,-45,64
27,93,43,1,144,100,-40,49
27,94,7,0,129,105,-40,49
27,95,22,0,124,105,-35,49
27,96,23,1,134,105,-40,49
27,97,25,0,134,100,-30,49
27,98,42,1,134,105,-30,49
27,99,3,0,149,105,-35,49
28,0,8,1,40,50,50,55
28,1,29,1,40,65,30,55
28,2,25,1,40,70,20,55
28,3,9,0,35,70,20,60
28,4,12,1,40,70,20,60
28,5,38,1,45,70,20,60
28,6,16,0,35,75,20,60
28,7,26,1,45,75,15,60
28,8,36,0,45,70,15,62
28,9,45,1,45,75,15,62
28,10,38,1,50,75,15,62
28,11,24,0,45,75,20,62
28,12,47,0,70,75,20,62
28,13,1,0,80,75,5,62
28,14,9,0,75,75,5,67
28,15,25,0,75,70,15,67
28,16,5,0,70,70,20,67
28,17,2,0,60,70,25,67
28,18,39,1,65,70,25,62
28,19,17,1,50,70,35,62
28,20,12,1,55,70,35,62
28,21,14,1,55,75,35,62
28,22,45,1,55,80,35,62
28,23,26,1,65,80,30,62
28,24,29,1,65,95,10,62
28,25,40,1,65,85,20,62
28,26,4,1,75,85,20,57
28,27,3,0,90,85,15,57
28,28,10,0,85,90,15,57
28,29,28,1,95,90,15,57
28,30,2,1,100,90,5,57
28,31,21,0,95,90,20,57
28,32,41,1,100,80,20,57
28,33,24,1,105,80,20,57
28,34,15,0,125,75,20,57
28,35,13,1,130,80,20,57
28,36,46,1,135,80,20,52
28,37,4,0,120,85,20,52
28,38,12,0,115,95,20,52
28,39,10,1,135,95,10,52
28,40,13,0,135,95,10,57
28,41,28,0,125,95,20,57
28,42,15,0,145,90,20,57
28,43,22,1,145,95,10,57
28,44,3,0,160,95,5,57
28,45,9,0,155,95,5,62
28,46,18,0,130,95,5,72
28,47,13,1,135,100,5,72
28,48,6,0,145,100,0,72
28,49,27,1,145,105,-5,72
28,50,8,1,135,105,-5,77
28,51,48,0,125,105,-5,82
28,52,9,1,130,105,-5,82
28,53,37,0,118,115,-5,82
28,54,6,1,110,115,-5,87
28,55,11,0,105,115,-5,89
28,56,5,0,100,115,0,89
28,57,43,1,100,115,5,74
28,58,20,1,100,120,-10,74
28,59,10,1,120,120,-20,74
28,60,1,0,130,120,-35,74
28,61,45,1,130,125,-35,74
28,62,15,1,130,130,-35,74
28,63,18,1,140,130,-35,74
28,64,46,1,145,130,-35,69
28,65,23,0,140,120,-35,74
28,66,12,0,135,130,-35,74
28,67,5,1,140,130,-45,74
28,68,1,0,150,130,-60,74
28,69,14,0,150,130,-60,79
28,70,13,0,150,130,-60,84
28,71,26,1,160,130,-65,84
28,72,47,1,160,130,-65,99
28,73,12,0,155,140,-65,99
28,74,41,1,160,130,-65,99
28,75,6,1,152,130,-65,104
28,76,27,1,152,135,-70,104
28,77,22,1,152,140,-80,104
28,78,3,0,167,140,-85,104
28,79,20,0,162,140,-70,104
28,80,10,1,182,140,-80,104
28,81,25,0,182,135,-70,104
28,82,11,1,187,135,-70,104
28,83,7,0,172,140,-70,104
28,84,44,0,172,140,-60,109
28,85,15,0,192,135,-60,109
28,86,2,0,182,135,-55,109
28,87,9,0,177,135,-55,114
28,88,16,0,167,140,-55,114
28,89,5,0,162,140,-50,114
28,90,44,1,167,140,-50,114
28,91,27,0,177,125,-50,114
28,92,15,0,197,120,-50,114
28,93,1,1,189,120,-45,114
28,94,22,1,189,125,-55,114
28,95,2,0,179,125,-50,114
28,96,26,0,174,125,-50,119
28,97,5,1,179,125,-60,119
28,98,17,0,159,135,-60,119
28,99,4,1,169,135,-60,114
29,0,17,0,30,60,50,50
29,1,16,1,30,60,40,50
29,2,48,0,20,60,40,55
29,3,20,0,15,60,55,55
29,4,14,1,15,65,55,55
29,5,25,0,15,60,65,55
29,6,45,0,15,60,65,60
29,7,23,1,25,60,60,60
29,8,41,0,15,70,60,60
29,9,43,0,35,70,50,60
29,10,5,0,30,70,55,60
29,11,21,1,30,75,40,60
29,12,9,1,35,75,40,60
29,13,29,0,25,75,45,60
29,14,3,0,40,75,40,60
29,15,23,0,35,65,40,65
29,16,11,1,40,65,40,65
29,17,38,0,35,70,40,65
29,18,16,0,25,75,40,65
29,19,14,0,25,75,40,70
29,20,10,1,45,75,30,70
29,21,13,1,50,80,30,70
29,22,45,0,50,80,30,75
29,23,20,1,50,85,15,75
29,24,41,1,55,75,15,75
29,25,12,1,60,75,15,75
29,26,26,0,55,75,15,80
29,27,37,0,43,85,15,80
29,28,38,0,38,90,15,80
29,29,11,1,43,90,15,80
29,30,42,1,43,95,15,80
29,31,5,1,48,95,5,80
29,32,27,1,48,100,0,80
29,33,23,1,58,100,-5,80
29,34,26,1,68,100,-10,80
29,35,41,0,58,110,-10,80
29,36,6,1,50,110,-10,85
29,37,13,1,55,115,-10,85
29,38,10,0,50,120,-10,85
29,39,46,0,43,120,-10,90
29,40,20,1,43,125,-25,90
29,41,43,1,43,125,-20,75
29,42,41,1,48,115,-20,75
29,43,29,1,48,130,-40,75
29,44,16,0,38,135,-40,75
29,45,5,1,43,135,-50,75
29,46,3,0,58,135,-55,75
29,47,1,0,68,135,-70,75
29,48,4,0,53,140,-70,75
29,49,22,0,48,140,-65,75
29,50,26,0,43,140,-65,80
29,51,10,1,63,140,-75,80
29,52,11,0,58,140,-75,82
29,53,41,0,48,150,-75,82
29,54,22,0,43,150,-70,82
29,55,15,0,63,145,-70,82
29,56,47,1,63,145,-70,97
29,57,4,1,73,145,-70,92
29,58,27,1,73,150,-75,92
29,59,8,1,63,150,-75,97
29,60,3,1,56,150,-75,102
29,61,28,1,66,150,-75,102
29,62,15,0,86,145,-75,102
29,63,21,1,86,150,-90,102
29,64,46,0,79,150,-90,107
29,65,41,0,69,160,-90,107
29,66,11,1,74,160,-90,107
29,67,2,0,64,160,-85,107
29,68,45,1,64,165,-85,107
29,69,36,0,64,160,-85,109
29,70,28,1,74,160,-85,109
29,71,47,0,99,160,-85,109
29,72,25,0,99,155,-75,109
29,73,27,0,109,140,-75,109
29,74,14,1,109,145,-75,109
29,75,1,1,101,145,-70,109
29,76,12,1,106,145,-70,109
29,77,28,1,116,145,-70,109
29,78,15,0,136,140,-70,109
29,79,11,1,141,140,-70,109
29,80,5,1,146,140,-80,109
29,81,29,0,136,140,-75,109
29,82,20,0,131,140,-60,109
29,83,8,0,131,145,-70,109
29,84,37,0,119,155,-70,109
29,85,17,0,99,165,-70,109
29,86,16,1,99,165,-80,109
29,87,5,1,104,165,-90,109
29,88,26,0,99,165,-90,114
29,89,44,0,99,165,-80,119
29,90,10,1,119,165,-90,119
29,91,11,0,114,165,-90,121
29,92,18,0,89,165,-90,131
29,93,2,0,79,165,-85,131
29,94,12,1,84,165,-85,131
29,95,23,0,79,155,-85,136
29,96,5,1,84,155,-95,136
29,97,43,1,84,155,-90,121
29,98,13,0,84,155,-90,126
29,99,47,1,84,155,-90,141
30,0,15,1,50,55,50,50
30,1,39,1,55,55,50,45
30,2,7,0,40,60,50,45
30,3,9,0,35,60,50,50
30,4,13,1,40,65,50,50
30,5,16,0,30,70,50,50
30,6,23,1,40,70,45,50
30,7,5,0,35,70,50,50
30,8,40,1,35,60,60,50
30,9,30,1,35,60,70,50
30,10,14,1,35,65,70,50
30,11,26,1,45,65,65,50
30,12,10,1,65,65,55,50
30,13,36,1,65,70,55,45
30,14,25,0,65,65,65,45
30,15,19,1,80,65,65,45
30,16,15,0,100,60,65,45
30,17,4,1,110,60,65,40
30,18,13,0,110,60,65,45
30,19,8,1,100,60,65,50
30,20,11,1,105,60,65,50
30,21,16,1,105,60,55,50
30,22,3,1,98,60,55,55
30,23,29,0,88,60,60,55
30,24,13,1,93,65,60,55
30,25,2,1,98,65,50,55
30,26,39,1,103,65,50,50
30,27,37,1,113,65,50,50
30,28,18,1,123,65,50,50
30,29,11,1,128,65,50,50
30,30,1,1,120,65,55,50
30,31,39,0,113,70,55,50
30,32,44,0,113,70,65,55
30,33,24,1,118,70,65,55
30,34,13,1,123,75,65,55
30,35,15,1,123,80,65,55
30,36,14,1,123,85,65,55
30,37,12,0,118,95,65,55
30,38,27,1,118,100,60,55
30,39,11,0,113,100,60,57
30,40,25,1,113,105,50,57
30,41,20,1,113,110,35,57
30,42,12,0,108,120,35,57
30,43,23,0,103,110,35,62
30,44,27,1,103,115,30,62
30,45,1,1,95,115,35,62
30,46,5,1,100,115,25,62
30,47,36,0,100,110,25,64
30,48,12,1,105,110,25,64
30,49,29,1,105,125,5,64
30,50,14,1,105,130,5,64
30,51,48,1,105,135,5,54
30,52,4,0,90,140,5,54
30,53,12,0,85,150,5,54
30,54,9,0,80,150,5,59
30,55,16,0,70,155,5,59
30,56,39,1,75,155,5,54
30,57,22,1,75,160,-5,54
30,58,7,1,80,160,-5,49
30,59,26,1,90,160,-10,49
30,60,21,1,90,165,-25,49
30,61,13,0,90,165,-25,54
30,62,12,1,95,165,-25,54
30,63,25,1,95,170,-35,54
30,64,26,1,105,170,-40,54
30,65,4,0,90,175,-40,54
30,66,39,1,95,175,-40,49
30,67,2,1,100,175,-50,49
30,68,11,0,95,175,-50,51
30,69,24,1,100,175,-50,51
30,70,4,1,110,175,-50,46
30,71,16,0,100,180,-50,46
30,72,9,1,105,180,-50,46
30,73,19,1,120,180,-50,46
30,74,5,1,125,180,-60,46
30,75,44,1,130,180,-60,46
30,76,3,0,145,180,-65,46
30,77,12,1,150,180,-65,46
30,78,27,0,160,165,-65,46
30,79,46,1,165,165,-65,41
30,80,14,0,165,165,-65,46
30,81,36,1,165,170,-65,41
30,82,20,0,160,170,-50,41
30,83,27,0,170,155,-50,41
30,84,26,1,180,155,-55,41
30,85,4,0,165,160,-55,41
30,86,23,0,160,150,-55,46
30,87,46,0,153,150,-55,51
30,88,11,1,158,150,-55,51
30,89,28,1,168,150,-55,51
30,90,1,0,178,150,-70,51
30,91,4,1,188,150,-70,46
30,92,46,0,181,150,-70,51
30,93,29,0,171,150,-65,51
30,94,3,1,164,150,-65,56
30,95,10,1,184,150,-75,56
30,96,37,0,172,160,-75,56
30,97,36,0,172,155,-75,58
30,98,25,1,172,160,-85,58
30,99,47,1,172,160,-85,73
31,0,38,0,45,55,50,50
31,1,21,0,40,55,65,50
31,2,2,0,30,55,70,50
31,3,42,1,30,60,70,50
31,4,37,0,18,70,70,50
31,5,41,1,23,60,70,50
31,6,23,1,33,60,65,50
31,7,44,1,38,60,65,50
31,8,42,1,38,65,65,50
31,9,7,0,23,70,65,50
31,10,2,0,13,70,70,50
31,11,40,0,13,80,60,50
31,12,28,1,23,80,60,50
31,13,24,0,18,80,65,50
31,14,30,1,18,80,75,50
31,15,17,1,3,80,85,50
31,16,38,1,8,80,85,50
31,17,20,1,8,85,70,50
31,18,24,1,13,85,70,50
31,19,2,1,18,85,60,50
31,20,7,0,3,90,60,50
31,21,12,0,-2,100,60,50
31,22,25,1,-2,105,50,50
31,23,10,1,18,105,40,50
31,24,3,1,11,105,40,55
31,25,1,1,3,105,45,55
31,26,11,1,8,105,45,55
31,27,22,1,8,110,35,55
31,28,41,1,13,100,35,55
31,29,10,1,33,100,25,55
31,30,46,0,26,100,25,60
31,31,12,1,31,100,25,60
31,32,14,1,31,105,25,60
31,33,37,0,19,115,25,60
31,34,2,1,24,115,15,60
31,35,26,0,19,115,15,65
31,36,9,1,24,115,15,65
31,37,3,0,39,115,10,65
31,38,5,1,44,115,0,65
31,39,4,0,29,120,0,65
31,40,43,1,29,120,5,50
31,41,19,1,44,120,5,50
31,42,26,0,39,120,5,55
31,43,16,1,39,120,-5,55
31,44,15,1,39,125,-5,55
31,45,13,1,44,130,-5,55
31,46,43,1,44,130,0,40
31,47,12,0,39,140,0,40
31,48,22,1,39,145,-10,40
31,49,16,1,39,145,-20,40
31,50,13,1,44,150,-20,40
31,51,44,1,49,150,-20,40
31,52,42,0,41,150,-20,50
31,53,20,1,41,155,-35,50
31,54,40,1,41,145,-25,50
31,55,8,1,31,145,-25,55
31,56,23,0,26,135,-25,60
31,57,7,0,11,140,-25,60
31,58,25,0,11,135,-15,60
31,59,40,0,11,145,-25,60
31,60,16,0,1,150,-25,60
31,61,4,0,-14,155,-25,60
31,62,1,1,-22,155,-20,60
31,63,19,0,-42,155,-10,70
31,64,15,1,-42,160,-10,70
31,65,20,0,-47,160,5,70
31,66,41,1,-42,150,5,70
31,67,26,0,-47,150,5,75
31,68,25,1,-47,155,-5,75
31,69,22,0,-52,155,0,75
31,70,17,0,-72,165,0,75
31,71,11,1,-67,165,0,75
31,72,16,1,-67,165,-10,75
31,73,36,1,-67,170,-10,70
31,74,27,1,-67,175,-15,70
31,75,20,1,-67,180,-30,70
31,76,44,0,-67,180,-20,75
31,77,15,0,-47,175,-20,75
31,78,9,1,-42,175,-20,75
31,79,16,1,-42,175,-30,75
31,80,20,0,-47,175,-15,75
31,81,25,1,-47,180,-25,75
31,82,39,0,-54,185,-25,75
31,83,10,0,-59,190,-25,75
31,84,23,0,-64,180,-25,80
31,85,21,1,-64,185,-40,80
31,86,5,0,-69,185,-35,80
31,87,44,0,-69,185,-25,85
31,88,29,0,-79,185,-20,85
31,89,2,0,-89,185,-15,85
31,90,3,0,-74,185,-20,85
31,91,40,0,-74,195,-30,85
31,92,16,0,-84,200,-30,85
31,93,4,0,-99,205,-30,85
31,94,48,1,-99,210,-30,75
31,95,20,1,-99,215,-45,75
31,96,26,1,-89,215,-50,75
31,97,47,0,-64,215,-50,75
31,98,3,0,-49,215,-55,75
31,99,21,0,-54,215,-40,75
32,0,8,0,50,55,40,50
32,1,20,0,45,55,55,50
32,2,3,0,60,55,50,50
32,3,1,1,52,55,55,50
32,4,43,0,72,55,45,50
32,5,12,1,77,55,45,50
32,6,16,0,67,60,45,50
32,7,23,1,77,60,40,50
32,8,39,1,82,60,40,45
32,9,5,0,77,60,45,45
32,10,46,1,82,60,45,40
32,11,3,1,75,60,45,45
32,12,43,0,95,60,35,45
32,13,13,0,95,60,35,50
32,14,11,0,90,60,35,52
32,15,29,1,90,75,15,52
32,16,45,1,90,80,15,52
32,17,7,0,75,85,15,52
32,18,46,0,68,85,15,57
32,19,10,1,88,85,5,57
32,20,11,1,93,85,5,57
32,21,16,0,83,90,5,57
32,22,48,1,83,95,5,47
32,23,39,0,76,100,5,47
32,24,22,1,76,105,-5,47
32,25,2,1,81,105,-15,47
32,26,41,1,86,95,-15,47
32,27,27,0,96,80,-15,47
32,28,7,1,101,80,-15,42
32,29,18,1,111,80,-15,42
32,30,10,0,106,85,-15,42
32,31,13,0,106,85,-15,47
32,32,5,0,101,85,-10,47
32,33,28,0,91,85,0,47
32,34,9,1,96,85,0,47
32,35,16,0,86,90,0,47
32,36,25,0,86,85,10,47
32,37,26,0,81,85,10,52
32,38,22,1,81,90,0,52
32,39,48,0,71,90,0,57
32,40,12,1,76,90,0,57
32,41,37,1,86,90,0,57
32,42,1,1,78,90,5,57
32,43,46,1,83,90,5,52
32,44,42,1,83,95,5,52
32,45,18,0,58,95,5,62
32,46,25,1,58,100,-5,62
32,47,11,0,53,100,-5,64
32,48,46,0,46,100,-5,69
32,49,1,1,38,100,0,69
32,50,48,0,28,100,0,74
32,51,12,0,23,110,0,74
32,52,41,1,28,100,0,74
32,53,25,1,28,105,-10,74
32,54,13,0,28,105,-10,79
32,55,15,0,48,100,-10,79
32,56,26,1,58,100,-15,79
32,57,48,0,48,100,-15,84
32,58,2,1,53,100,-25,84
32,59,14,1,53,105,-25,84
32,60,47,1,53,105,-25,99
32,61,1,1,45,105,-20,99
32,62,13,1,50,110,-20,99
32,63,8,0,50,115,-30,99
32,64,5,1,55,115,-40,99
32,65,6,1,47,115,-40,104
32,66,23,1,57,115,-45,104
32,67,15,0,77,110,-45,104
32,68,26,0,72,110,-45,109
32,69,41,0,62,120,-45,109
32,70,4,1,72,120,-45,104
32,71,20,1,72,125,-60,104
32,72,24,0,67,125,-55,104
32,73,40,1,67,115,-45,104
32,74,12,0,62,125,-45,104
32,75,47,1,62,125,-45,119
32,76,10,1,82,125,-55,119
32,77,43,1,82,125,-50,104
32,78,38,0,77,130,-50,104
32,79,13,0,77,130,-50,109
32,80,4,0,62,135,-50,109
32,81,41,0,52,145,-50,109
32,82,21,0,47,145,-35,109
32,83,1,0,57,145,-50,109
32,84,16,0,47,150,-50,109
32,85,6,0,57,150,-55,109
32,86,14,0,57,150,-55,114
32,87,20,0,52,150,-40,114
32,88,7,0,37,155,-40,114
32,89,23,1,47,155,-45,114
32,90,41,0,37,165,-45,114
32,91,9,0,32,165,-45,119
32,92,37,1,42,165,-45,119
32,93,12,1,47,165,-45,119
32,94,46,1,52,165,-45,114
32,95,5,0,47,165,-40,114
32,96,41,1,52,155,-40,114
32,97,10,1,72,155,-50,114
32,98,48,1,72,160,-50,104
32,99,46,0,65,160,-50,109
33,0,1,1,42,50,55,50
33,1,23,0,37,40,55,55
33,2,4,0,22,45,55,55
33,3,16,0,12,50,55,55
33,4,11,1,17,50,55,55
33,5,3,0,32,50,50,55
33,6,13,1,37,55,50,55
33,7,20,1,37,60,35,55
33,8,39,0,30,65,35,55
33,9,12,0,25,75,35,55
33,10,10,1,45,75,25,55
33,11,14,1,45,80,25,55
33,12,15,1,45,85,25,55
33,13,26,1,55,85,20,55
33,14,7,1,60,85,20,50
33,15,20,1,60,90,5,50
33,16,1,1,52,90,10,50
33,17,4,1,62,90,10,45
33,18,13,1,67,95,10,45
33,19,23,0,62,85,10,50
33,20,7,1,67,85,10,45
33,21,3,0,82,85,5,45
33,22,24,1,87,85,5,45
33,23,25,0,87,80,15,45
33,24,26,1,97,80,10,45
33,25,45,0,97,80,10,50
33,26,7,0,82,85,10,50
33,27,44,0,82,85,20,55
33,28,23,0,77,75,20,60
33,29,19,1,92,75,20,60
33,30,13,0,92,75,20,65
33,31,37,0,80,85,20,65
33,32,16,0,70,90,20,65
33,33,39,0,63,95,20,65
33,34,38,1,68,95,20,65
33,35,46,1,73,95,20,60
33,36,15,0,93,90,20,60
33,37,43,1,93,90,25,45
33,38,40,1,93,80,35,45
33,39,8,0,93,85,25,45
33,40,1,0,103,85,10,45
33,41,13,0,103,85,10,50
33,42,2,1,108,85,0,50
33,43,5,0,103,85,5,50
33,44,14,1,103,90,5,50
33,45,41,0,93,100,5,50
33,46,16,0,83,105,5,50
33,47,7,0,68,110,5,50
33,48,6,0,78,110,0,50
33,49,43,1,78,110,5,35
33,50,4,0,63,115,5,35
33,51,14,0,63,115,5,40
33,52,13,0,63,115,5,45
33,53,15,0,83,110,5,45
33,54,36,1,83,115,5,40
33,55,40,0,83,125,-5,40
33,56,41,0,73,135,-5,40
33,57,25,1,73,140,-15,40
33,58,8,1,63,140,-15,45
33,59,26,1,73,140,-20,45
33,60,4,0,58,145,-20,45
33,61,16,1,58,145,-30,45
33,62,9,1,63,145,-30,45
33,63,14,1,63,150,-30,45
33,64,47,0,88,150,-30,45
33,65,15,0,108,145,-30,45
33,66,3,1,101,145,-30,50
33,67,22,1,101,150,-40,50
33,68,18,0,76,150,-40,60
33,69,19,0,56,150,-30,70
33,70,20,0,51,150,-15,70
33,71,5,0,46,150,-10,70
33,72,21,0,41,150,5,70
33,73,17,0,21,160,5,70
33,74,40,0,21,170,-5,70
33,75,12,0,16,180,-5,70
33,76,10,1,36,180,-15,70
33,77,1,1,28,180,-10,70
33,78,16,0,18,185,-10,70
33,79,9,0,13,185,-10,75
33,80,15,1,13,190,-10,75
33,81,37,1,23,190,-10,75
33,82,1,1,15,190,-5,75
33,83,8,1,5,190,-5,80
33,84,4,0,-10,195,-5,80
33,85,16,0,-20,200,-5,80
33,86,37,1,-10,200,-5,80
33,87,40,1,-10,190,5,80
33,88,10,0,-15,195,5,80
33,89,15,0,5,190,5,80
33,90,5,0,0,190,10,80
33,91,3,0,15,190,5,80
33,92,1,0,25,190,-10,80
33,93,44,1,30,190,-10,80
33,94,16,0,20,195,-10,80
33,95,46,1,25,195,-10,75
33,96,3,1,18,195,-10,80
33,97,7,0,3,200,-10,80
33,98,14,1,3,205,-10,80
33,99,44,1,8,205,-10,80
34,0,16,1,50,50,40,50
34,1,36,1,50,55,40,45
34,2,22,1,50,60,30,45
34,3,6,1,42,60,30,50
34,4,25,1,42,65,20,50
34,5,3,0,57,65,15,50
34,6,4,0,42,70,15,50
34,7,23,1,52,70,10,50
34,8,6,1,44,70,10,55
34,9,38,1,49,70,10,55
34,10,11,1,54,70,10,55
34,11,9,0,49,70,10,60
34,12,39,1,54,70,10,55
34,13,22,0,49,70,15,55
34,14,36,1,49,75,15,50
34,15,7,0,34,80,15,50
34,16,5,1,39,80,5,50
34,17,43,1,39,80,10,35
34,18,16,1,39,80,0,35
34,19,15,1,39,85,0,35
34,20,14,0,39,85,0,40
34,21,3,1,32,85,0,45
34,22,48,0,22,85,0,50
34,23,5,0,17,85,5,50
34,24,7,0,2,90,5,50
34,25,16,0,-8,95,5,50
34,26,15,1,-8,100,5,50
34,27,2,0,-18,100,10,50
34,28,4,0,-33,105,10,50
34,29,22,0,-38,105,15,50
34,30,45,1,-38,110,15,50
34,31,9,1,-33,110,15,50
34,32,6,1,-41,110,15,55
34,33,20,0,-46,110,30,55
34,34,12,0,-51,120,30,55
34,35,16,0,-61,125,30,55
34,36,5,0,-66,125,35,55
34,37,44,1,-61,125,35,55
34,38,3,0,-46,125,30,55
34,39,1,0,-36,125,15,55
34,40,15,0,-16,120,15,55
34,41,28,0,-26,120,25,55
34,42,16,0,-36,125,25,55
34,43,14,0,-36,125,25,60
34,44,37,1,-26,125,25,60
34,45,45,0,-26,125,25,65
34,46,26,0,-31,125,25,70
34,47,4,1,-21,125,25,65
34,48,10,1,-1,125,15,65
34,49,17,1,-16,125,25,65
34,50,11,0,-21,125,25,67
34,51,8,1,-31,125,25,72
34,52,40,0,-31,135,15,72
34,53,24,0,-36,135,20,72
34,54,5,0,-41,135,25,72
34,55,2,0,-51,135,30,72
34,56,13,0,-51,135,30,77
34,57,28,1,-41,135,30,77
34,58,11,1,-36,135,30,77
34,59,20,1,-36,140,15,77
34,60,8,0,-36,145,5,77
34,61,43,1,-36,145,10,62
34,62,9,0,-41,145,10,67
34,63,22,0,-46,145,15,67
34,64,11,1,-41,145,15,67
34,65,27,0,-31,130,15,67
34,66,6,1,-39,130,15,72
34,67,4,1,-29,130,15,67
34,68,21,0,-34,130,30,67
34,69,24,0,-39,130,35,67
34,70,15,0,-19,125,35,67
34,71,3,1,-26,125,35,72
34,72,11,1,-21,125,35,72
34,73,7,0,-36,130,35,72
34,74,4,1,-26,130,35,67
34,75,22,0,-31,130,40,67
34,76,13,1,-26,135,40,67
34,77,38,1,-21,135,40,67
34,78,39,0,-28,140,40,67
34,79,9,0,-33,140,40,72
34,80,14,0,-33,140,40,77
34,81,13,1,-28,145,40,77
34,82,27,1,-28,150,35,77
34,83,5,1,-23,150,25,77
34,84,2,1,-18,150,15,77
34,85,47,0,7,150,15,77
34,86,3,0,22,150,10,77
34,87,9,1,27,150,10,77
34,88,16,0,17,155,10,77
34,89,13,0,17,155,10,82
34,90,20,1,17,160,-5,82
34,91,12,0,12,170,-5,82
34,92,21,0,7,170,10,82
34,93,41,1,12,160,10,82
34,94,4,1,22,160,10,77
34,95,47,1,22,160,10,92
34,96,10,0,17,165,10,92
34,97,22,1,17,170,0,92
34,98,19,1,32,170,0,92
34,99,12,0,27,180,0,92
35,0,25,0,50,45,60,50
35,1,28,0,40,45,70,50
35,2,9,1,45,45,70,50
35,3,21,0,40,45,85,50
35,4,37,1,50,45,85,50
35,5,22,1,50,50,75,50
35,6,25,1,50,55,65,50
35,7,47,0,75,55,65,50
35,8,16,0,65,60,65,50
35,9,13,0,65,60,65,55
35,10,1,1,57,60,70,55
35,11,5,1,62,60,60,55
35,12,23,0,57,50,60,60
35,13,26,0,52,50,60,65
35,14,44,0,52,50,70,70
35,15,36,1,52,55,70,65
35,16,39,1,57,55,70,60
35,17,22,1,57,60,60,60
35,18,21,0,52,60,75,60
35,19,20,1,52,65,60,60
35,20,19,0,32,65,70,70
35,21,9,0,27,65,70,75
35,22,11,0,22,65,70,77
35,23,2,1,27,65,60,77
35,24,30,1,27,65,70,77
35,25,43,0,47,65,60,77
35,26,15,0,67,60,60,77
35,27,14,0,67,60,60,82
35,28,2,0,57,60,65,82
35,29,3,1,50,60,65,87
35,30,23,0,45,50,65,92
35,31,45,0,45,50,65,97
35,32,14,1,45,55,65,97
35,33,21,0,40,55,80,97
35,34,3,0,55,55,75,97
35,35,39,1,60,55,75,92
35,36,41,0,50,65,75,92
35,37,22,0,45,65,80,92
35,38,29,1,45,80,60,92
35,39,43,1,45,80,65,77
35,40,36,0,45,75,65,79
35,41,20,1,45,80,50,79
35,42,26,0,40,80,50,84
35,43,8,1,30,80,50,89
35,44,15,0,50,75,50,89
35,45,5,1,55,75,40,89
35,46,10,0,50,80,40,89
35,47,6,0,60,80,35,89
35,48,41,0,50,90,35,89
35,49,12,0,45,100,35,89
35,50,48,1,45,105,35,79
35,51,16,0,35,110,35,79
35,52,4,0,20,115,35,79
35,53,9,1,25,115,35,79
35,54,10,1,45,115,25,79
35,55,39,1,50,115,25,74
35,56,13,0,50,115,25,79
35,57,37,0,38,125,25,79
35,58,3,0,53,125,20,79
35,59,41,0,43,135,20,79
35,60,43,1,43,135,25,64
35,61,9,1,48,135,25,64
35,62,17,0,28,145,25,64
35,63,39,1,33,145,25,59
35,64,5,1,38,145,15,59
35,65,25,0,38,140,25,59
35,66,1,0,48,140,10,59
35,67,2,0,38,140,15,59
35,68,4,0,23,145,15,59
35,69,14,0,23,145,15,64
35,70,18,1,33,145,15,64
35,71,25,0,33,140,25,64
35,72,27,1,33,145,20,64
35,73,15,1,33,150,20,64
35,74,13,1,38,155,20,64
35,75,21,1,38,160,5,64
35,76,25,0,38,155,15,64
35,77,39,1,43,155,15,59
35,78,42,0,35,155,15,69
35,79,24,0,30,155,20,69
35,80,8,1,20,155,20,74
35,81,23,1,30,155,15,74
35,82,22,1,30,160,5,74
35,83,6,0,40,160,0,74
35,84,20,0,35,160,15,74
35,85,7,0,20,165,15,74
35,86,44,1,25,165,15,74
35,87,13,1,30,170,15,74
35,88,25,1,30,175,5,74
35,89,41,1,35,165,5,74
35,90,6,0,45,165,0,74
35,91,11,1,50,165,0,74
35,92,46,0,43,165,0,79
35,93,2,1,48,165,-10,79
35,94,1,0,58,165,-25,79
35,95,23,1,68,165,-30,79
35,96,6,0,78,165,-35,79
35,97,37,1,88,165,-35,79
35,98,38,0,83,170,-35,79
35,99,13,1,88,175,-35,79
36,0,8,1,40,50,50,55
36,1,36,0,40,45,50,57
36,2,16,1,40,45,40,57
36,3,42,1,40,50,40,57
36,4,44,1,45,50,40,57
36,5,9,0,40,50,40,62
36,6,48,0,30,50,40,67
36,7,3,1,23,50,40,72
36,8,39,0,16,55,40,72
36,9,29,0,6,55,45,72
36,10,24,0,1,55,50,72
36,11,12,0,-4,65,50,72
36,12,41,0,-14,75,50,72
36,13,3,0,1,75,45,72
36,14,45,0,1,75,45,77
36,15,8,1,-9,75,45,82
36,16,9,0,-14,75,45,87
36,17,7,0,-29,80,45,87
36,18,36,1,-29,85,45,82
36,19,1,0,-19,85,30,82
36,20,23,1,-9,85,25,82
36,21,6,0,1,85,20,82
36,22,45,0,1,85,20,87
36,23,25,1,1,90,10,87
36,24,29,0,-9,90,15,87
36,25,20,1,-9,95,0,87
36,26,15,0,11,90,0,87
36,27,39,0,4,95,0,87
36,28,10,0,-1,100,0,87
36,29,41,1,4,90,0,87
36,30,43,1,4,90,5,72
36,31,6,1,-4,90,5,77
36,32,27,0,6,75,5,77
36,33,15,0,26,70,5,77
36,34,20,1,26,75,-10,77
36,35,2,0,16,75,-5,77
36,36,23,1,26,75,-10,77
36,37,10,1,46,75,-20,77
36,38,28,1,56,75,-20,77
36,39,16,0,46,80,-20,77
36,40,6,1,38,80,-20,82
36,41,11,1,43,80,-20,82
36,42,41,1,48,70,-20,82
36,43,2,0,38,70,-15,82
36,44,16,0,28,75,-15,82
36,45,37,0,16,85,-15,82
36,46,7,1,21,85,-15,77
36,47,44,0,21,85,-5,82
36,48,45,1,21,90,-5,82
36,49,18,0,-4,90,-5,92
36,50,37,0,-16,100,-5,92
36,51,27,1,-16,105,-10,92
36,52,36,0,-16,100,-10,94
36,53,15,1,-16,105,-10,94
36,54,20,1,-16,110,-25,94
36,55,4,1,-6,110,-25,89
36,56,41,0,-16,120,-25,89
36,57,9,1,-11,120,-25,89
36,58,39,1,-6,120,-25,84
36,59,3,1,-13,120,-25,89
36,60,25,0,-13,115,-15,89
36,61,20,1,-13,120,-30,89
36,62,11,0,-18,120,-30,91
36,63,21,0,-23,120,-15,91
36,64,36,0,-23,115,-15,93
36,65,44,0,-23,115,-5,98
36,66,23,0,-28,105,-5,103
36,67,14,0,-28,105,-5,108
36,68,1,1,-36,105,0,108
36,69,4,0,-51,110,0,108
36,70,45,0,-51,110,0,113
36,71,15,0,-31,105,0,113
36,72,37,1,-21,105,0,113
36,73,14,0,-21,105,0,118
36,74,26,1,-11,105,-5,118
36,75,16,1,-11,105,-15,118
36,76,45,1,-11,110,-15,118
36,77,15,0,9,105,-15,118
36,78,11,0,4,105,-15,120
36,79,2,0,-6,105,-10,120
36,80,12,1,-1,105,-10,120
36,81,13,0,-1,105,-10,125
36,82,6,0,9,105,-15,125
36,83,44,0,9,105,-5,130
36,84,46,0,2,105,-5,135
36,85,7,1,7,105,-5,130
36,86,40,0,7,115,-15,130
36,87,15,1,7,120,-15,130
36,88,2,0,-3,120,-10,130
36,89,20,1,-3,125,-25,130
36,90,47,0,22,125,-25,130
36,91,27,1,22,130,-30,130
36,92,41,0,12,140,-30,130
36,93,13,1,17,145,-30,130
36,94,17,0,-3,155,-30,130
36,95,9,0,-8,155,-30,135
36,96,2,0,-18,155,-25,135
36,97,8,0,-18,160,-35,135
36,98,13,1,-13,165,-35,135
36,99,15,1,-13,170,-35,135
37,0,25,1,50,55,40,50
37,1,37,0,38,65,40,50
37,2,4,0,23,70,40,50
37,3,9,0,18,70,40,55
37,4,16,1,18,70,30,55
37,5,7,0,3,75,30,55
37,6,26,1,13,75,25,55
37,7,27,1,13,80,20,55
37,8,41,0,3,90,20,55
37,9,16,1,3,90,10,55
37,10,22,1,3,95,0,55
37,11,11,0,-2,95,0,57
37,12,4,1,8,95,0,52
37,13,3,0,23,95,-5,52
37,14,24,1,28,95,-5,52
37,15,30,0,28,95,-15,62
37,16,19,0,8,95,-5,72
37,17,41,0,-2,105,-5,72
37,18,15,1,-2,110,-5,72
37,19,9,0,-7,110,-5,77
37,20,27,0,3,95,-5,77
37,21,37,0,-9,105,-5,77
37,22,39,0,-16,110,-5,77
37,23,42,1,-16,115,-5,77
37,24,6,1,-24,115,-5,82
37,25,28,1,-14,115,-5,82
37,26,18,0,-39,115,-5,92
37,27,41,0,-49,125,-5,92
37,28,20,1,-49,130,-20,92
37,29,39,0,-56,135,-20,92
37,30,42,1,-56,140,-20,92
37,31,10,1,-36,140,-30,92
37,32,4,1,-26,140,-30,87
37,33,23,0,-31,130,-30,92
37,34,20,1,-31,135,-45,92
37,35,8,0,-31,140,-55,92
37,36,13,1,-26,145,-55,92
37,37,17,0,-46,155,-55,92
37,38,9,1,-41,155,-55,92
37,39,22,1,-41,160,-65,92
37,40,14,1,-41,165,-65,92
37,41,24,0,-46,165,-60,92
37,42,45,1,-46,170,-60,92
37,43,36,1,-46,175,-60,87
37,44,12,1,-41,175,-60,87
37,45,46,0,-48,175,-60,92
37,46,22,1,-48,180,-70,92
37,47,24,1,-43,180,-70,92
37,48,27,0,-33,165,-70,92
37,49,36,0,-33,160,-70,94
37,50,10,1,-13,160,-80,94
37,51,25,1,-13,165,-90,94
37,52,26,1,-3,165,-95,94
37,53,18,1,7,165,-95,94
37,54,8,1,-3,165,-95,99
37,55,43,0,17,165,-105,99
37,56,10,1,37,165,-115,99
37,57,23,0,32,155,-115,104
37,58,3,0,47,155,-120,104
37,59,1,0,57,155,-135,104
37,60,42,0,49,155,-135,114
37,61,45,1,49,160,-135,114
37,62,22,1,49,165,-145,114
37,63,20,1,49,170,-160,114
37,64,3,0,64,170,-165,114
37,65,14,1,64,175,-165,114
37,66,38,1,69,175,-165,114
37,67,5,0,64,175,-160,114
37,68,22,1,64,180,-170,114
37,69,4,1,74,180,-170,109
37,70,11,0,69,180,-170,111
37,71,41,0,59,190,-170,111
37,72,45,1,59,195,-170,111
37,73,20,1,59,200,-185,111
37,74,1,1,51,200,-180,111
37,75,26,1,61,200,-185,111
37,76,3,1,54,200,-185,116
37,77,4,0,39,205,-185,116
37,78,14,0,39,205,-185,121
37,79,21,1,39,210,-200,121
37,80,11,0,34,210,-200,123
37,81,20,1,34,215,-215,123
37,82,1,0,44,215,-230,123
37,83,29,0,34,215,-225,123
37,84,6,0,44,215,-230,123
37,85,5,0,39,215,-225,123
37,86,41,1,44,205,-225,123
37,87,40,1,44,195,-215,123
37,88,38,0,39,200,-215,123
37,89,23,1,49,200,-220,123
37,90,39,0,42,205,-220,123
37,91,14,0,42,205,-220,128
37,92,22,1,42,210,-230,128
37,93,27,0,52,195,-230,128
37,94,18,1,62,195,-230,128
37,95,11,1,67,195,-230,128
37,96,44,0,67,195,-220,133
37,97,5,1,72,195,-230,133
37,98,22,1,72,200,-240,133
37,99,3,1,65,200,-240,138
38,0,26,1,60,50,45,50
38,1,2,0,50,50,50,50
38,2,4,0,35,55,50,50
38,3,20,1,35,60,35,50
38,4,30,1,35,60,45,50
38,5,28,1,45,60,45,50
38,6,6,0,55,60,40,50
38,7,4,0,40,65,40,50
38,8,27,0,50,50,40,50
38,9,26,0,45,50,40,55
38,10,30,1,45,50,50,55
38,11,12,0,40,60,50,55
38,12,3,0,55,60,45,55
38,13,13,0,55,60,45,60
38,14,25,1,55,65,35,60
38,15,4,0,40,70,35,60
38,16,23,0,35,60,35,65
38,17,20,1,35,65,20,65
38,18,22,1,35,70,10,65
38,19,5,0,30,70,15,65
38,20,3,0,45,70,10,65
38,21,25,0,45,65,20,65
38,22,20,0,40,65,35,65
38,23,39,0,33,70,35,65
38,24,16,1,33,70,25,65
38,25,17,1,18,70,35,65
38,26,25,1,18,75,25,65
38,27,12,0,13,85,25,65
38,28,26,0,8,85,25,70
38,29,13,1,13,90,25,70
38,30,37,1,23,90,25,70
38,31,23,1,33,90,20,70
38,32,45,1,33,95,20,70
38,33,46,1,38,95,20,65
38,34,16,1,38,95,10,65
38,35,12,0,33,105,10,65
38,36,25,1,33,110,0,65
38,37,3,1,26,110,0,70
38,38,13,0,26,110,0,75
38,39,1,0,36,110,-15,75
38,40,12,0,31,120,-15,75
38,41,39,1,36,120,-15,70
38,42,11,0,31,120,-15,72
38,43,14,1,31,125,-15,72
38,44,10,0,26,130,-15,72
38,45,4,1,36,130,-15,67
38,46,44,1,41,130,-15,67
38,47,7,1,46,130,-15,62
38,48,37,0,34,140,-15,62
38,49,3,1,27,140,-15,67
38,50,21,0,22,140,0,67
38,51,26,0,17,140,0,72
38,52,16,0,7,145,0,72
38,53,5,0,2,145,5,72
38,54,24,1,7,145,5,72
38,55,36,0,7,140,5,74
38,56,28,0,-3,140,15,74
38,57,11,0,-8,140,15,76
38,58,13,1,-3,145,15,76
38,59,45,0,-3,145,15,81
38,60,37,0,-15,155,15,81
38,61,44,1,-10,155,15,81
38,62,7,0,-25,160,15,81
38,63,20,0,-30,160,30,81
38,64,10,1,-10,160,20,81
38,65,19,0,-30,160,30,91
38,66,9,0,-35,160,30,96
38,67,5,0,-40,160,35,96
38,68,11,0,-45,160,35,98
38,69,20,0,-50,160,50,98
38,70,6,1,-58,160,50,103
38,71,10,1,-38,160,40,103
38,72,16,1,-38,160,30,103
38,73,9,1,-33,160,30,103
38,74,23,0,-38,150,30,108
38,75,27,1,-38,155,25,108
38,76,41,1,-33,145,25,108
38,77,2,1,-28,145,15,108
38,78,9,0,-33,145,15,113
38,79,14,1,-33,150,15,113
38,80,24,1,-28,150,15,113
38,81,23,0,-33,140,15,118
38,82,39,1,-28,140,15,113
38,83,16,0,-38,145,15,113
38,84,9,1,-33,145,15,113
38,85,26,1,-23,145,10,113
38,86,38,1,-18,145,10,113
38,87,6,1,-26,145,10,118
38,88,47,1,-26,145,10,133
38,89,12,1,-21,145,10,133
38,90,13,0,-21,145,10,138
38,91,20,0,-26,145,25,138
38,92,42,0,-34,145,25,148
38,93,1,0,-24,145,10,148
38,94,10,0,-29,150,10,148
38,95,8,1,-39,150,10,153
38,96,19,1,-24,150,10,153
38,97,26,0,-29,150,10,158
38,98,44,0,-29,150,20,163
38,99,22,1,-29,155,10,163
39,0,30,0,50,50,40,60
39,1,1,0,60,50,25,60
39,2,5,0,55,50,30,60
39,3,40,1,55,40,40,60
39,4,20,0,50,40,55,60
39,5,14,1,50,45,55,60
39,6,13,1,55,50,55,60
39,7,39,1,60,50,55,55
39,8,22,0,55,50,60,55
39,9,28,1,65,50,60,55
39,10,7,0,50,55,60,55
39,11,16,1,50,55,50,55
39,12,18,0,25,55,50,65
39,13,12,0,20,65,50,65
39,14,48,1,20,70,50,55
39,15,45,0,20,70,50,60
39,16,14,0,20,70,50,65
39,17,2,0,10,70,55,65
39,18,28,0,0,70,65,65
39,19,12,1,5,70,65,65
39,20,16,0,-5,75,65,65
39,21,9,0,-10,75,65,70
39,22,3,1,-17,75,65,75
39,23,13,0,-17,75,65,80
39,24,44,0,-17,75,75,85
39,25,5,0,-22,75,80,85
39,26,16,0,-32,80,80,85
39,27,41,1,-27,70,80,85
39,28,6,0,-17,70,75,85
39,29,1,1,-25,70,80,85
39,30,7,1,-20,70,80,80
39,31,39,0,-27,75,80,80
39,32,24,1,-22,75,80,80
39,33,21,1,-22,80,65,80
39,34,40,0,-22,90,55,80
39,35,23,0,-27,80,55,85
39,36,5,0,-32,80,60,85
39,37,29,0,-42,80,65,85
39,38,6,1,-50,80,65,90
39,39,15,1,-50,85,65,90
39,40,43,1,-50,85,70,75
39,41,22,1,-50,90,60,75
39,42,4,1,-40,90,60,70
39,43,36,1,-40,95,60,65
39,44,11,1,-35,95,60,65
39,45,3,0,-20,95,55,65
39,46,12,0,-25,105,55,65
39,47,23,0,-30,95,55,70
39,48,13,0,-30,95,55,75
39,49,8,0,-30,100,45,75
39,50,25,1,-30,105,35,75
39,51,45,1,-30,110,35,75
39,52,9,0,-35,110,35,80
39,53,22,0,-40,110,40,80
39,54,26,1,-30,110,35,80
39,55,16,1,-30,110,25,80
39,56,28,0,-40,110,35,80
39,57,20,1,-40,115,20,80
39,58,14,1,-40,120,20,80
39,59,5,0,-45,120,25,80
39,60,39,0,-52,125,25,80
39,61,26,0,-57,125,25,85
39,62,13,1,-52,130,25,85
39,63,4,1,-42,130,25,80
39,64,16,1,-42,130,15,80
39,65,29,0,-52,130,20,80
39,66,40,0,-52,140,10,80
39,67,44,0,-52,140,20,85
39,68,15,1,-52,145,20,85
39,69,12,1,-47,145,20,85
39,70,28,1,-37,145,20,85
39,71,13,0,-37,145,20,90
39,72,42,0,-45,145,20,100
39,73,41,1,-40,135,20,100
39,74,22,0,-45,135,25,100
39,75,6,0,-35,135,20,100
39,76,23,0,-40,125,20,105
39,77,1,0,-30,125,5,105
39,78,41,1,-25,115,5,105
39,79,42,1,-25,120,5,105
39,80,4,1,-15,120,5,100
39,81,29,1,-15,135,-15,100
39,82,12,1,-10,135,-15,100
39,83,25,0,-10,130,-5,100
39,84,40,1,-10,120,5,100
39,85,18,0,-35,120,5,110
39,86,13,1,-30,125,5,110
39,87,1,1,-38,125,10,110
39,88,5,1,-33,125,0,110
39,89,15,0,-13,120,0,110
39,90,28,1,-3,120,0,110
39,91,20,0,-8,120,15,110
39,92,41,0,-18,130,15,110
39,93,14,0,-18,130,15,115
39,94,44,1,-13,130,15,115
39,95,9,0,-18,130,15,120
39,96,20,0,-23,130,30,120
39,97,2,1,-18,130,20,120
39,98,16,1,-18,130,10,120
39,99,4,1,-8,130,10,115
40,0,2,1,55,50,40,50
40,1,46,0,48,50,40,55
40,2,14,1,48,55,40,55
40,3,3,0,63,55,35,55
40,4,41,1,68,45,35,55
40,5,27,1,68,50,30,55
40,6,43,1,68,50,35,40
40,7,10,0,63,55,35,40
40,8,7,0,48,60,35,40
40,9,37,1,58,60,35,40
40,10,29,1,58,75,15,40
40,11,16,0,48,80,15,40
40,12,20,0,43,80,30,40
40,13,2,1,48,80,20,40
40,14,15,1,48,85,20,40
40,15,25,0,48,80,30,40
40,16,26,1,58,80,25,40
40,17,16,1,58,80,15,40
40,18,41,0,48,90,15,40
40,19,43,1,48,90,20,25
40,20,36,1,48,95,20,20
40,21,9,0,43,95,20,25
40,22,2,1,48,95,10,25
40,23,20,1,48,100,-5,25
40,24,42,1,48,105,-5,25
40,25,15,1,48,110,-5,25
40,26,22,0,43,110,0,25
40,27,45,1,43,115,0,25
40,28,16,1,43,115,-10,25
40,29,20,1,43,120,-25,25
40,30,29,0,33,120,-20,25
40,31,10,1,53,120,-30,25
40,32,2,1,58,120,-40,25
40,33,14,1,58,125,-40,25
40,34,38,1,63,125,-40,25
40,35,3,0,78,125,-45,25
40,36,36,1,78,130,-45,20
40,37,2,1,83,130,-55,20
40,38,25,1,83,135,-65,20
40,39,18,1,93,135,-65,20
40,40,43,0,113,135,-75,20
40,41,5,1,118,135,-85,20
40,42,2,1,123,135,-95,20
40,43,39,1,128,135,-95,15
40,44,37,1,138,135,-95,15
40,45,13,0,138,135,-95,20
40,46,21,0,133,135,-80,20
40,47,16,1,133,135,-90,20
40,48,3,0,148,135,-95,20
40,49,19,0,128,135,-85,30
40,50,23,1,138,135,-90,30
40,51,11,1,143,135,-90,30
40,52,9,1,148,135,-90,30
40,53,10,0,143,140,-90,30
40,54,14,0,143,140,-90,35
40,55,17,1,128,140,-80,35
40,56,13,1,133,145,-80,35
40,57,41,0,123,155,-80,35
40,58,4,0,108,160,-80,35
40,59,29,1,108,175,-100,35
40,60,1,0,118,175,-115,35
40,61,47,1,118,175,-115,50
40,62,12,0,113,185,-115,50
40,63,8,1,103,185,-115,55
40,64,11,1,108,185,-115,55
40,65,19,0,88,185,-105,65
40,66,47,0,113,185,-105,65
40,67,45,1,113,190,-105,65
40,68,4,1,123,190,-105,60
40,69,22,1,123,195,-115,60
40,70,8,1,113,195,-115,65
40,71,15,1,113,200,-115,65
40,72,21,1,113,205,-130,65
40,73,6,1,105,205,-130,70
40,74,13,0,105,205,-130,75
40,75,41,1,110,195,-130,75
40,76,14,0,110,195,-130,80
40,77,36,0,110,190,-130,82
40,78,23,1,120,190,-135,82
40,79,6,1,112,190,-135,87
40,80,18,1,122,190,-135,87
40,81,14,0,122,190,-135,92
40,82,41,1,127,180,-135,92
40,83,45,1,127,185,-135,92
40,84,22,0,122,185,-130,92
40,85,30,1,122,185,-120,92
40,86,27,1,122,190,-125,92
40,87,26,0,117,190,-125,97
40,88,12,1,122,190,-125,97
40,89,46,1,127,190,-125,92
40,90,16,0,117,195,-125,92
40,91,40,0,117,205,-135,92
40,92,26,0,112,205,-135,97
40,93,3,1,105,205,-135,102
40,94,24,1,110,205,-135,102
40,95,45,0,110,205,-135,107
40,96,4,1,120,205,-135,102
40,97,13,1,125,210,-135,102
40,98,15,1,125,215,-135,102
40,99,5,0,120,215,-130,102
41,0,9,1,55,50,50,50
41,1,3,1,48,50,50,55
41,2,10,1,68,50,40,55
41,3,23,0,63,40,40,60
41,4,12,1,68,40,40,60
41,5,37,1,78,40,40,60
41,6,11,1,83,40,40,60
41,7,1,0,93,40,25,60
41,8,4,0,78,45,25,60
41,9,5,1,83,45,15,60
41,10,42,1,83,50,15,60
41,11,24,0,78,50,20,60
41,12,36,1,78,55,20,55
41,13,9,1,83,55,20,55
41,14,20,0,78,55,35,55
41,15,4,0,63,60,35,55
41,16,24,1,68,60,35,55
41,17,37,0,56,70,35,55
41,18,13,0,56,70,35,60
41,19,20,0,51,70,50,60
41,20,3,1,44,70,50,65
41,21,23,0,39,60,50,70
41,22,16,1,39,60,40,70
41,23,4,0,24,65,40,70
41,24,26,1,34,65,35,70
41,25,10,0,29,70,35,70
41,26,7,1,34,70,35,65
41,27,2,0,24,70,40,65
41,28,22,1,24,75,30,65
41,29,39,1,29,75,30,60
41,30,29,0,19,75,35,60
41,31,24,1,24,75,35,60
41,32,42,1,24,80,35,60
41,33,46,1,29,80,35,55
41,34,13,1,34,85,35,55
41,35,25,0,34,80,45,55
41,36,19,0,14,80,55,65
41,37,4,0,-1,85,55,65
41,38,40,0,-1,95,45,65
41,39,12,1,4,95,45,65
41,40,21,0,-1,95,60,65
41,41,6,1,-9,95,60,70
41,42,20,1,-9,100,45,70
41,43,10,0,-14,105,45,70
41,44,37,0,-26,115,45,70
41,45,3,0,-11,115,40,70
41,46,2,0,-21,115,45,70
41,47,22,1,-21,120,35,70
41,48,5,0,-26,120,40,70
41,49,4,1,-16,120,40,65
41,50,26,0,-21,120,40,70
41,51,47,0,4,120,40,70
41,52,38,0,-1,125,40,70
41,53,2,0,-11,125,45,70
41,54,23,1,-1,125,40,70
41,55,12,1,4,125,40,70
41,56,39,0,-3,130,40,70
41,57,37,0,-15,140,40,70
41,58,45,0,-15,140,40,75
41,59,8,1,-25,140,40,80
41,60,9,1,-20,140,40,80
41,61,10,1,0,140,30,80
41,62,22,0,-5,140,35,80
41,63,12,1,0,140,35,80
41,64,36,1,0,145,35,75
41,65,25,1,0,150,25,75
41,66,16,1,0,150,15,75
41,67,24,1,5,150,15,75
41,68,37,0,-7,160,15,75
41,69,4,0,-22,165,15,75
41,70,8,1,-32,165,15,80
41,71,45,0,-32,165,15,85
41,72,26,1,-22,165,10,85
41,73,24,1,-17,165,10,85
41,74,16,0,-27,170,10,85
41,75,4,0,-42,175,10,85
41,76,12,0,-47,185,10,85
41,77,10,0,-52,190,10,85
41,78,13,0,-52,190,10,90
41,79,27,1,-52,195,5,90
41,80,11,0,-57,195,5,92
41,81,45,1,-57,200,5,92
41,82,24,0,-62,200,10,92
41,83,6,1,-70,200,10,97
41,84,29,1,-70,215,-10,97
41,85,3,0,-55,215,-15,97
41,86,44,1,-50,215,-15,97
41,87,12,1,-45,215,-15,97
41,88,43,1,-45,215,-10,82
41,89,39,1,-40,215,-10,77
41,90,40,0,-40,225,-20,77
41,91,1,1,-48,225,-15,77
41,92,46,1,-43,225,-15,72
41,93,28,1,-33,225,-15,72
41,94,4,1,-23,225,-15,67
41,95,10,1,-3,225,-25,67
41,96,6,0,7,225,-30,67
41,97,40,1,7,215,-20,67
41,98,25,0,7,210,-10,67
41,99,22,1,7,215,-20,67
42,0,43,0,70,50,40,50
42,1,1,1,62,50,45,50
42,2,25,0,62,45,55,50
42,3,41,0,52,55,55,50
42,4,45,0,52,55,55,55
42,5,38,1,57,55,55,55
42,6,16,1,57,55,45,55
42,7,2,0,47,55,50,55
42,8,1,0,57,55,35,55
42,9,3,1,50,55,35,60
42,10,4,1,60,55,35,55
42,11,22,1,60,60,25,55
42,12,36,1,60,65,25,50
42,13,27,1,60,70,20,50
42,14,28,0,50,70,30,50
42,15,12,0,45,80,30,50
42,16,24,1,50,80,30,50
42,17,40,1,50,70,40,50
42,18,14,0,50,70,40,55
42,19,5,0,45,70,45,55
42,20,2,1,50,70,35,55
42,21,20,0,45,70,50,55
42,22,45,0,45,70,50,60
42,23,3,1,38,70,50,65
42,24,48,0,28,70,50,70
42,25,26,1,38,70,45,70
42,26,2,1,43,70,35,70
42,27,40,0,43,80,25,70
42,28,37,1,53,80,25,70
42,29,1,0,63,80,10,70
42,30,14,1,63,85,10,70
42,31,2,0,53,85,15,70
42,32,5,1,58,85,5,70
42,33,11,1,63,85,5,70
42,34,16,0,53,90,5,70
42,35,8,1,43,90,5,75
42,36,13,1,48,95,5,75
42,37,9,0,43,95,5,80
42,38,30,0,43,95,-5,90
42,39,39,1,48,95,-5,85
42,40,43,0,68,95,-15,85
42,41,26,1,78,95,-20,85
42,42,42,1,78,100,-20,85
42,43,7,1,83,100,-20,80
42,44,9,0,78,100,-20,85
42,45,25,1,78,105,-30,85
42,46,10,0,73,110,-30,85
42,47,3,0,88,110,-35,85
42,48,21,0,83,110,-20,85
42,49,14,1,83,115,-20,85
42,50,45,0,83,115,-20,90
42,51,36,1,83,120,-20,85
42,52,4,1,93,120,-20,80
42,53,17,1,78,120,-10,80
42,54,5,1,83,120,-20,80
42,55,30,1,83,120,-10,80
42,56,6,1,75,120,-10,85
42,57,13,0,75,120,-10,90
42,58,44,1,80,120,-10,90
42,59,15,0,100,115,-10,90
42,60,4,0,85,120,-10,90
42,61,1,0,95,120,-25,90
42,62,47,1,95,120,-25,105
42,63,23,0,90,110,-25,110
42,64,25,1,90,115,-35,110
42,65,16,1,90,115,-45,110
42,66,2,0,80,115,-40,110
42,67,1,0,90,115,-55,110
42,68,23,0,85,105,-55,115
42,69,24,1,90,105,-55,115
42,70,46,1,95,105,-55,110
42,71,29,0,85,105,-50,110
42,72,14,1,85,110,-50,110
42,73,20,0,80,110,-35,110
42,74,30,1,80,110,-25,110
42,75,3,1,73,110,-25,115
42,76,26,0,68,110,-25,120
42,77,17,0,48,120,-25,120
42,78,11,0,43,120,-25,122
42,79,20,0,38,120,-10,122
42,80,22,1,38,125,-20,122
42,81,38,1,43,125,-20,122
42,82,15,1,43,130,-20,122
42,83,48,1,43,135,-20,112
42,84,11,1,48,135,-20,112
42,85,16,0,38,140,-20,112
42,86,14,0,38,140,-20,117
42,87,4,1,48,140,-20,112
42,88,10,0,43,145,-20,112
42,89,1,0,53,145,-35,112
42,90,39,0,46,150,-35,112
42,91,48,1,46,155,-35,102
42,92,13,1,51,160,-35,102
42,93,22,0,46,160,-30,102
42,94,2,0,36,160,-25,102
42,95,25,1,36,165,-35,102
42,96,10,1,56,165,-45,102
42,97,20,1,56,170,-60,102
42,98,7,0,41,175,-60,102
42,99,29,0,31,175,-55,102
43,0,23,1,60,50,45,50
43,1,2,1,65,50,35,50
43,2,1,1,57,50,40,50
43,3,22,0,52,50,45,50
43,4,44,1,57,50,45,50
43,5,16,0,47,55,45,50
43,6,38,1,52,55,45,50
43,7,26,0,47,55,45,55
43,8,18,1,57,55,45,55
43,9,1,1,49,55,50,55
43,10,5,0,44,55,55,55
43,11,45,0,44,55,55,60
43,12,44,1,49,55,55,60
43,13,38,1,54,55,55,60
43,14,29,0,44,55,60,60
43,15,12,1,49,55,60,60
43,16,36,0,49,50,60,62
43,17,3,0,64,50,55,62
43,18,43,1,64,50,60,47
43,19,4,1,74,50,60,42
43,20,42,1,74,55,60,42
43,21,10,1,94,55,50,42
43,22,15,1,94,60,50,42
43,23,14,0,94,60,50,47
43,24,16,1,94,60,40,47
43,25,22,0,89,60,45,47
43,26,30,1,89,60,55,47
43,27,4,1,99,60,55,42
43,28,17,1,84,60,65,42
43,29,46,0,77,60,65,47
43,30,40,1,77,50,75,47
43,31,15,0,97,45,75,47
43,32,30,1,97,45,85,47
43,33,25,0,97,40,95,47
43,34,28,0,87,40,105,47
43,35,39,1,92,40,105,42
43,36,3,0,107,40,100,42
43,37,12,1,112,40,100,42
43,38,16,1,112,40,90,42
43,39,46,0,105,40,90,47
43,40,48,1,105,45,90,37
43,41,2,1,110,45,80,37
43,42,25,0,110,40,90,37
43,43,4,1,120,40,90,32
43,44,14,0,120,40,90,37
43,45,27,0,130,25,90,37
43,46,11,0,125,25,90,39
43,47,13,1,130,30,90,39
43,48,16,1,130,30,80,39
43,49,41,1,135,20,80,39
43,50,1,0,145,20,65,39
43,51,38,1,150,20,65,39
43,52,11,0,145,20,65,41
43,53,24,0,140,20,70,41
43,54,20,1,140,25,55,41
43,55,25,0,140,20,65,41
43,56,39,1,145,20,65,36
43,57,37,1,155,20,65,36
43,58,13,1,160,25,65,36
43,59,9,0,155,25,65,41
43,60,26,0,150,25,65,46
43,61,20,0,145,25,80,46
43,62,46,1,150,25,80,41
43,63,4,0,135,30,80,41
43,64,10,1,155,30,70,41
43,65,17,1,140,30,80,41
43,66,11,0,135,30,80,43
43,67,15,0,155,25,80,43
43,68,23,0,150,15,80,48
43,69,13,0,150,15,80,53
43,70,20,0,145,15,95,53
43,71,16,0,135,20,95,53
43,72,25,1,135,25,85,53
43,73,3,1,128,25,85,58
43,74,12,1,133,25,85,58
43,75,27,1,133,30,80,58
43,76,6,1,125,30,80,63
43,77,39,1,130,30,80,58
43,78,4,1,140,30,80,53
43,79,26,1,150,30,75,53
43,80,22,1,150,35,65,53
43,81,38,1,155,35,65,53
43,82,27,1,155,40,60,53
43,83,20,0,150,40,75,53
43,84,1,0,160,40,60,53
43,85,28,1,170,40,60,53
43,86,10,0,165,45,60,53
43,87,27,1,165,50,55,53
43,88,12,0,160,60,55,53
43,89,16,0,150,65,55,53
43,90,38,0,145,70,55,53
43,91,9,1,150,70,55,53
43,92,42,0,142,70,55,63
43,93,20,1,142,75,40,63
43,94,13,0,142,75,40,68
43,95,10,1,162,75,30,68
43,96,5,0,157,75,35,68
43,97,2,1,162,75,25,68
43,98,44,1,167,75,25,68
43,99,15,0,187,70,25,68
44,0,11,1,55,50,50,50
44,1,3,1,48,50,50,55
44,2,28,0,38,50,60,55
44,3,43,0,58,50,50,55
44,4,22,0,53,50,55,55
44,5,46,0,46,50,55,60
44,6,38,1,51,50,55,60
44,7,39,1,56,50,55,55
44,8,45,0,56,50,55,60
44,9,12,0,51,60,55,60
44,10,6,0,61,60,50,60
44,11,10,0,56,65,50,60
44,12,9,0,51,65,50,65
44,13,22,0,46,65,55,65
44,14,41,1,51,55,55,65
44,15,23,0,46,45,55,70
44,16,36,0,46,40,55,72
44,17,21,1,46,45,40,72
44,18,7,1,51,45,40,67
44,19,45,0,51,45,40,72
44,20,15,0,71,40,40,72
44,21,20,1,71,45,25,72
44,22,3,1,64,45,25,77
44,23,25,0,64,40,35,77
44,24,2,1,69,40,25,77
44,25,41,1,74,30,25,77
44,26,15,0,94,25,25,77
44,27,3,0,109,25,20,77
44,28,11,1,114,25,20,77
44,29,28,1,124,25,20,77
44,30,1,1,116,25,25,77
44,31,12,1,121,25,25,77
44,32,36,1,121,30,25,72
44,33,42,0,113,30,25,82
44,34,21,0,108,30,40,82
44,35,28,1,118,30,40,82
44,36,22,0,113,30,45,82
44,37,26,1,123,30,40,82
44,38,13,0,123,30,40,87
44,39,16,0,113,35,40,87
44,40,44,1,118,35,40,87
44,41,12,1,123,35,40,87
44,42,41,1,128,25,40,87
44,43,28,0,118,25,50,87
44,44,4,1,128,25,50,82
44,45,13,0,128,25,50,87
44,46,12,1,133,25,50,87
44,47,5,0,128,25,55,87
44,48,9,1,133,25,55,87
44,49,41,0,123,35,55,87
44,50,1,0,133,35,40,87
44,51,14,1,133,40,40,87
44,52,19,1,148,40,40,87
44,53,47,1,148,40,40,102
44,54,7,1,153,40,40,97
44,55,1,0,163,40,25,97
44,56,10,1,183,40,15,97
44,57,8,0,183,45,5,97
44,58,22,0,178,45,10,97
44,59,16,1,178,45,0,97
44,60,25,1,178,50,-10,97
44,61,17,1,163,50,0,97
44,62,27,1,163,55,-5,97
44,63,10,0,158,60,-5,97
44,64,11,0,153,60,-5,99
44,65,2,1,158,60,-15,99
44,66,23,1,168,60,-20,99
44,67,13,1,173,65,-20,99
44,68,21,1,173,70,-35,99
44,69,12,0,168,80,-35,99
44,70,8,0,168,85,-45,99
44,71,5,0,163,85,-40,99
44,72,20,1,163,90,-55,99
44,73,23,1,173,90,-60,99
44,74,41,1,178,80,-60,99
44,75,12,0,173,90,-60,99
44,76,3,1,166,90,-60,104
44,77,2,1,171,90,-70,104
44,78,4,0,156,95,-70,104
44,79,36,1,156,100,-70,99
44,80,39,1,161,100,-70,94
44,81,23,1,171,100,-75,94
44,82,11,0,166,100,-75,96
44,83,14,0,166,100,-75,101
44,84,25,1,166,105,-85,101
44,85,41,1,171,95,-85,101
44,86,29,1,171,110,-105,101
44,87,1,0,181,110,-120,101
44,88,15,0,201,105,-120,101
44,89,47,1,201,105,-120,116
44,90,6,1,193,105,-120,121
44,91,26,1,203,105,-125,121
44,92,44,1,208,105,-125,121
44,93,15,1,208,110,-125,121
44,94,43,0,228,110,-135,121
44,95,40,1,228,100,-125,121
44,96,11,0,223,100,-125,123
44,97,27,1,223,105,-130,123
44,98,15,1,223,110,-130,123
44,99,16,1,223,110,-140,123
45,0,27,0,60,35,50,50
45,1,12,0,55,45,50,50
45,2,16,1,55,45,40,50
45,3,14,1,55,50,40,50
45,4,13,0,55,50,40,55
45,5,20,1,55,55,25,55
45,6,15,1,55,60,25,55
45,7,1,0,65,60,10,55
45,8,5,0,60,60,15,55
45,9,4,0,45,65,15,55
45,10,9,0,40,65,15,60
45,11,46,0,33,65,15,65
45,12,39,1,38,65,15,60
45,13,27,0,48,50,15,60
45,14,10,0,43,55,15,60
45,15,15,0,63,50,15,60
45,16,29,1,63,65,-5,60
45,17,11,0,58,65,-5,62
45,18,24,1,63,65,-5,62
45,19,16,1,63,65,-15,62
45,20,40,1,63,55,-5,62
45,21,6,0,73,55,-10,62
45,22,25,0,73,50,0,62
45,23,12,0,68,60,0,62
45,24,26,0,63,60,0,67
45,25,40,0,63,70,-10,67
45,26,36,0,63,65,-10,69
45,27,14,1,63,70,-10,69
45,28,25,0,63,65,0,69
45,29,2,0,53,65,5,69
45,30,8,0,53,70,-5,69
45,31,16,0,43,75,-5,69
45,32,12,0,38,85,-5,69
45,33,10,0,33,90,-5,69
45,34,23,0,28,80,-5,74
45,35,30,1,28,80,5,74
45,36,20,1,28,85,-10,74
45,37,25,1,28,90,-20,74
45,38,28,0,18,90,-10,74
45,39,37,0,6,100,-10,74
45,40,8,0,6,105,-20,74
45,41,16,1,6,105,-30,74
45,42,5,1,11,105,-40,74
45,43,11,0,6,105,-40,76
45,44,23,1,16,105,-45,76
45,45,8,0,16,110,-55,76
45,46,16,1,16,110,-65,76
45,47,14,0,16,110,-65,81
45,48,43,1,16,110,-60,66
45,49,4,1,26,110,-60,61
45,50,19,1,41,110,-60,61
45,51,6,1,33,110,-60,66
45,52,5,0,28,110,-55,66
45,53,7,1,33,110,-55,61
45,54,12,0,28,120,-55,61
45,55,22,1,28,125,-65,61
45,56,20,1,28,130,-80,61
45,57,17,0,8,140,-80,61
45,58,46,1,13,140,-80,56
45,59,42,1,13,145,-80,56
45,60,18,1,23,145,-80,56
45,61,11,0,18,145,-80,58
45,62,16,0,8,150,-80,58
45,63,19,1,23,150,-80,58
45,64,9,0,18,150,-80,63
45,65,4,1,28,150,-80,58
45,66,3,1,21,150,-80,63
45,67,30,0,21,150,-90,73
45,68,16,0,11,155,-90,73
45,69,24,0,6,155,-85,73
45,70,41,0,-4,165,-85,73
45,71,12,1,1,165,-85,73
45,72,15,0,21,160,-85,73
45,73,39,1,26,160,-85,68
45,74,21,0,21,160,-70,68
45,75,14,1,21,165,-70,68
45,76,44,1,26,165,-70,68
45,77,2,0,16,165,-65,68
45,78,43,0,36,165,-75,68
45,79,24,0,31,165,-70,68
45,80,29,1,31,180,-90,68
45,81,11,1,36,180,-90,68
45,82,20,0,31,180,-75,68
45,83,46,0,24,180,-75,73
45,84,3,0,39,180,-80,73
45,85,14,0,39,180,-80,78
45,86,22,1,39,185,-90,78
45,87,37,1,49,185,-90,78
45,88,2,1,54,185,-100,78
45,89,8,1,44,185,-100,83
45,90,1,1,36,185,-95,83
45,91,5,1,41,185,-105,83
45,92,10,0,36,190,-105,83
45,93,4,1,46,190,-105,78
45,94,46,0,39,190,-105,83
45,95,16,1,39,190,-115,83
45,96,14,1,39,195,-115,83
45,97,8,1,29,195,-115,88
45,98,2,1,34,195,-125,88
45,99,44,1,39,195,-125,88
46,0,13,0,50,50,50,55
46,1,2,1,55,50,40,55
46,2,16,0,45,55,40,55
46,3,1,1,37,55,45,55
46,4,23,0,32,45,45,60
46,5,22,0,27,45,50,60
46,6,37,1,37,45,50,60
46,7,20,1,37,50,35,60
46,8,3,0,52,50,30,60
46,9,7,1,57,50,30,55
46,10,27,0,67,35,30,55
46,11,38,0,62,40,30,55
46,12,41,0,52,50,30,55
46,13,8,0,52,55,20,55
46,14,1,0,62,55,5,55
46,15,25,0,62,50,15,55
46,16,20,1,62,55,0,55
46,17,27,1,62,60,-5,55
46,18,9,1,67,60,-5,55
46,19,24,1,72,60,-5,55
46,20,42,1,72,65,-5,55
46,21,5,0,67,65,0,55
46,22,45,1,67,70,0,55
46,23,20,1,67,75,-15,55
46,24,25,1,67,80,-25,55
46,25,3,0,82,80,-30,55
46,26,16,1,82,80,-40,55
46,27,14,0,82,80,-40,60
46,28,9,1,87,80,-40,60
46,29,4,1,97,80,-40,55
46,30,11,1,102,80,-40,55
46,31,19,0,82,80,-30,65
46,32,10,1,102,80,-40,65
46,33,41,0,92,90,-40,65
46,34,16,1,92,90,-50,65
46,35,43,1,92,90,-45,50
46,36,15,0,112,85,-45,50
46,37,26,0,107,85,-45,55
46,38,12,0,102,95,-45,55
46,39,17,0,82,105,-45,55
46,40,11,1,87,105,-45,55
46,41,8,0,87,110,-55,55
46,42,16,0,77,115,-55,55
46,43,10,1,97,115,-65,55
46,44,4,1,107,115,-65,50
46,45,2,1,112,115,-75,50
46,46,5,1,117,115,-85,50
46,47,48,0,107,115,-85,55
46,48,7,0,92,120,-85,55
46,49,14,1,92,125,-85,55
46,50,27,0,102,110,-85,55
46,51,29,0,92,110,-80,55
46,52,10,1,112,110,-90,55
46,53,28,1,122,110,-90,55
46,54,9,0,117,110,-90,60
46,55,14,1,117,115,-90,60
46,56,41,0,107,125,-90,60
46,57,8,1,97,125,-90,65
46,58,40,1,97,115,-80,65
46,59,44,0,97,115,-70,70
46,60,45,0,97,115,-70,75
46,61,41,0,87,125,-70,75
46,62,9,1,92,125,-70,75
46,63,11,1,97,125,-70,75
46,64,23,1,107,125,-75,75
46,65,1,0,117,125,-90,75
46,66,25,1,117,130,-100,75
46,67,16,1,117,130,-110,75
46,68,26,1,127,130,-115,75
46,69,24,1,132,130,-115,75
46,70,1,1,124,130,-110,75
46,71,23,0,119,120,-110,80
46,72,44,0,119,120,-100,85
46,73,43,1,119,120,-95,70
46,74,3,1,112,120,-95,75
46,75,16,0,102,125,-95,75
46,76,2,0,92,125,-90,75
46,77,23,0,87,115,-90,80
46,78,41,0,77,125,-90,80
46,79,22,1,77,130,-100,80
46,80,47,1,77,130,-100,95
46,81,43,1,77,130,-95,80
46,82,3,1,70,130,-95,85
46,83,7,1,75,130,-95,80
46,84,30,0,75,130,-105,90
46,85,1,1,67,130,-100,90
46,86,15,1,67,135,-100,90
46,87,10,1,87,135,-110,90
46,88,18,1,97,135,-110,90
46,89,3,1,90,135,-110,95
46,90,16,1,90,135,-120,95
46,91,25,0,90,130,-110,95
46,92,28,1,100,130,-110,95
46,93,6,0,110,130,-115,95
46,94,17,1,95,130,-105,95
46,95,24,0,90,130,-100,95
46,96,2,1,95,130,-110,95
46,97,15,0,115,125,-110,95
46,98,22,1,115,130,-120,95
46,99,1,0,125,130,-135,95
47,0,9,0,45,50,50,55
47,1,23,1,55,50,45,55
47,2,14,0,55,50,45,60
47,3,13,1,60,55,45,60
47,4,21,1,60,60,30,60
47,5,8,0,60,65,20,60
47,6,25,0,60,60,30,60
47,7,5,0,55,60,35,60
47,8,26,0,50,60,35,65
47,9,18,0,25,60,35,75
47,10,36,1,25,65,35,70
47,11,13,0,25,65,35,75
47,12,41,1,30,55,35,75
47,13,24,0,25,55,40,75
47,14,1,1,17,55,45,75
47,15,43,0,37,55,35,75
47,16,29,0,27,55,40,75
47,17,41,0,17,65,40,75
47,18,2,0,7,65,45,75
47,19,25,1,7,70,35,75
47,20,28,0,-3,70,45,75
47,21,10,0,-8,75,45,75
47,22,4,1,2,75,45,70
47,23,38,0,-3,80,45,70
47,24,12,1,2,80,45,70
47,25,9,1,7,80,45,70
47,26,3,1,0,80,45,75
47,27,21,1,0,85,30,75
47,28,8,1,-10,85,30,80
47,29,12,0,-15,95,30,80
47,30,26,1,-5,95,25,80
47,31,10,0,-10,100,25,80
47,32,1,0,0,100,10,80
47,33,20,1,0,105,-5,80
47,34,12,1,5,105,-5,80
47,35,8,0,5,110,-15,80
47,36,3,1,-2,110,-15,85
47,37,39,0,-9,115,-15,85
47,38,38,1,-4,115,-15,85
47,39,23,0,-9,105,-15,90
47,40,47,0,16,105,-15,90
47,41,13,1,21,110,-15,90
47,42,7,0,6,115,-15,90
47,43,44,0,6,115,-5,95
47,44,14,0,6,115,-5,100
47,45,12,1,11,115,-5,100
47,46,3,1,4,115,-5,105
47,47,26,1,14,115,-10,105
47,48,15,1,14,120,-10,105
47,49,40,1,14,110,0,105
47,50,10,1,34,110,-10,105
47,51,38,0,29,115,-10,105
47,52,7,0,14,120,-10,105
47,53,23,1,24,120,-15,105
47,54,41,1,29,110,-15,105
47,55,8,0,29,115,-25,105
47,56,13,1,34,120,-25,105
47,57,10,1,54,120,-35,105
47,58,26,1,64,120,-40,105
47,59,2,0,54,120,-35,105
47,60,21,1,54,125,-50,105
47,61,22,0,49,125,-45,105
47,62,43,1,49,125,-40,90
47,63,1,1,41,125,-35,90
47,64,9,0,36,125,-35,95
47,65,8,1,26,125,-35,100
47,66,39,1,31,125,-35,95
47,67,48,0,21,125,-35,100
47,68,15,0,41,120,-35,100
47,69,26,1,51,120,-40,100
47,70,10,1,71,120,-50,100
47,71,14,0,71,120,-50,105
47,72,41,0,61,130,-50,105
47,73,15,0,81,125,-50,105
47,74,45,1,81,130,-50,105
47,75,40,0,81,140,-60,105
47,76,26,0,76,140,-60,110
47,77,44,1,81,140,-60,110
47,78,19,0,61,140,-50,120
47,79,1,1,53,140,-45,120
47,80,18,1,63,140,-45,120
47,81,37,0,51,150,-45,120
47,82,15,1,51,155,-45,120
47,83,20,0,46,155,-30,120
47,84,2,0,36,155,-25,120
47,85,43,0,56,155,-35,120
47,86,11,1,61,155,-35,120
47,87,14,0,61,155,-35,125
47,88,24,1,66,155,-35,125
47,89,27,1,66,160,-40,125
47,90,26,0,61,160,-40,130
47,91,44,1,66,160,-40,130
47,92,12,1,71,160,-40,130
47,93,11,1,76,160,-40,130
47,94,13,0,76,160,-40,135
47,95,8,0,76,165,-50,135
47,96,16,1,76,165,-60,135
47,97,5,1,81,165,-70,135
47,98,40,1,81,155,-60,135
47,99,42,1,81,160,-60,135
48,0,39,0,43,55,50,50
48,1,3,1,36,55,50,55
48,2,9,1,41,55,50,55
48,3,11,0,36,55,50,57
48,4,45,0,36,55,50,62
48,5,23,1,46,55,45,62
48,6,4,0,31,60,45,62
48,7,37,1,41,60,45,62
48,8,39,1,46,60,45,57
48,9,14,1,46,65,45,57
48,10,3,1,39,65,45,62
48,11,16,1,39,65,35,62
48,12,18,0,14,65,35,72
48,13,12,0,9,75,35,72
48,14,15,1,9,80,35,72
48,15,7,0,-6,85,35,72
48,16,10,1,14,85,25,72
48,17,23,0,9,75,25,77
48,18,5,1,14,75,15,77
48,19,4,0,-1,80,15,77
48,20,1,0,9,80,0,77
48,21,41,0,-1,90,0,77
48,22,11,0,-6,90,0,79
48,23,9,1,-1,90,0,79
48,24,15,0,19,85,0,79
48,25,2,1,24,85,-10,79
48,26,46,0,17,85,-10,84
48,27,11,1,22,85,-10,84
48,28,26,1,32,85,-15,84
48,29,39,1,37,85,-15,79
48,30,43,0,57,85,-25,79
48,31,16,0,47,90,-25,79
48,32,12,0,42,100,-25,79
48,33,23,1,52,100,-30,79
48,34,5,1,57,100,-40,79
48,35,25,1,57,105,-50,79
48,36,9,1,62,105,-50,79
48,37,48,0,52,105,-50,84
48,38,6,1,44,105,-50,89
48,39,29,0,34,105,-45,89
48,40,14,0,34,105,-45,94
48,41,17,0,14,115,-45,94
48,42,12,1,19,115,-45,94
48,43,48,1,19,120,-45,84
48,44,40,0,19,130,-55,84
48,45,36,1,19,135,-55,79
48,46,10,0,14,140,-55,79
48,47,20,1,14,145,-70,79
48,48,16,0,4,150,-70,79
48,49,13,0,4,150,-70,84
48,50,12,1,9,150,-70,84
48,51,45,0,9,150,-70,89
48,52,26,0,4,150,-70,94
48,53,8,1,-6,150,-70,99
48,54,11,0,-11,150,-70,101
48,55,1,1,-19,150,-65,101
48,56,4,1,-9,150,-65,96
48,57,20,0,-14,150,-50,96
48,58,3,0,1,150,-55,96
48,59,8,1,-9,150,-55,101
48,60,21,0,-14,150,-40,101
48,61,12,0,-19,160,-40,101
48,62,5,0,-24,160,-35,101
48,63,41,1,-19,150,-35,101
48,64,19,0,-39,150,-25,111
48,65,3,0,-24,150,-30,111
48,66,27,1,-24,155,-35,111
48,67,2,1,-19,155,-45,111
48,68,10,0,-24,160,-45,111
48,69,17,1,-39,160,-35,111
48,70,39,0,-46,165,-35,111
48,71,44,1,-41,165,-35,111
48,72,16,1,-41,165,-45,111
48,73,11,1,-36,165,-45,111
48,74,4,0,-51,170,-45,111
48,75,24,1,-46,170,-45,111
48,76,13,0,-46,170,-45,116
48,77,36,0,-46,165,-45,118
48,78,48,1,-46,170,-45,108
48,79,20,1,-46,175,-60,108
48,80,41,0,-56,185,-60,108
48,81,7,1,-51,185,-60,103
48,82,21,0,-56,185,-45,103
48,83,9,0,-61,185,-45,108
48,84,25,1,-61,190,-55,108
48,85,17,0,-81,200,-55,108
48,86,36,0,-81,195,-55,110
48,87,16,1,-81,195,-65,110
48,88,22,1,-81,200,-75,110
48,89,2,1,-76,200,-85,110
48,90,46,1,-71,200,-85,105
48,91,25,1,-71,205,-95,105
48,92,27,0,-61,190,-95,105
48,93,13,0,-61,190,-95,110
48,94,2,1,-56,190,-105,110
48,95,38,0,-61,195,-105,110
48,96,44,1,-56,195,-105,110
48,97,27,0,-46,180,-105,110
48,98,14,0,-46,180,-105,115
48,99,26,0,-51,180,-105,120
49,0,28,0,40,50,60,50
49,1,48,1,40,55,60,40
49,2,9,1,45,55,60,40
49,3,23,0,40,45,60,45
49,4,27,0,50,30,60,45
49,5,7,0,35,35,60,45
49,6,43,0,55,35,50,45
49,7,12,0,50,45,50,45
49,8,40,0,50,55,40,45
49,9,9,0,45,55,40,50
49,10,5,1,50,55,30,50
49,11,22,0,45,55,35,50
49,12,25,1,45,60,25,50
49,13,43,0,65,60,15,50
49,14,37,0,53,70,15,50
49,15,36,1,53,75,15,45
49,16,27,0,63,60,15,45
49,17,5,0,58,60,20,45
49,18,8,1,48,60,20,50
49,19,40,1,48,50,30,50
49,20,44,1,53,50,30,50
49,21,25,0,53,45,40,50
49,22,12,0,48,55,40,50
49,23,4,0,33,60,40,50
49,24,46,1,38,60,40,45
49,25,11,0,33,60,40,47
49,26,13,1,38,65,40,47
49,27,9,1,43,65,40,47
49,28,7,0,28,70,40,47
49,29,38,1,33,70,40,47
49,30,15,0,53,65,40,47
49,31,26,1,63,65,35,47
49,32,40,1,63,55,45,47
49,33,6,0,73,55,40,47
49,34,1,1,65,55,45,47
49,35,36,0,65,50,45,49
49,36,26,1,75,50,40,49
49,37,25,0,75,45,50,49
49,38,23,0,70,35,50,54
49,39,3,1,63,35,50,59
49,40,16,0,53,40,50,59
49,41,8,0,53,45,40,59
49,42,40,0,53,55,30,59
49,43,6,0,63,55,25,59
49,44,12,1,68,55,25,59
49,45,9,0,63,55,25,64
49,46,3,1,56,55,25,69
49,47,27,0,66,40,25,69
49,48,25,1,66,45,15,69
49,49,11,1,71,45,15,69
49,50,2,1,76,45,5,69
49,51,1,1,68,45,10,69
49,52,14,1,68,50,10,69
49,53,39,1,73,50,10,64
49,54,41,0,63,60,10,64
49,55,9,0,58,60,10,69
49,56,43,0,78,60,0,69
49,57,23,0,73,50,0,74
49,58,20,0,68,50,15,74
49,59,11,1,73,50,15,74
49,60,38,1,78,50,15,74
49,61,5,1,83,50,5,74
49,62,13,1,88,55,5,74
49,63,36,0,88,50,5,76
49,64,3,1,81,50,5,81
49,65,22,0,76,50,10,81
49,66,2,0,66,50,15,81
49,67,48,0,56,50,15,86
49,68,5,1,61,50,5,86
49,69,25,1,61,55,-5,86
49,70,28,0,51,55,5,86
49,71,2,1,56,55,-5,86
49,72,24,0,51,55,0,86
49,73,8,0,51,60,-10,86
49,74,9,0,46,60,-10,91
49,75,25,0,46,55,0,91
49,76,27,0,56,40,0,91
49,77,3,1,49,40,0,96
49,78,23,1,59,40,-5,96
49,79,24,0,54,40,0,96
49,80,10,0,49,45,0,96
49,81,41,1,54,35,0,96
49,82,9,0,49,35,0,101
49,83,5,0,44,35,5,101
49,84,1,1,36,35,10,101
49,85,14,0,36,35,10,106
49,86,2,1,41,35,0,106
49,87,13,1,46,40,0,106
49,88,40,1,46,30,10,106
49,89,25,1,46,35,0,106
49,90,12,1,51,35,0,106
49,91,15,1,51,40,0,106
49,92,27,1,51,45,-5,106
49,93,23,1,61,45,-10,106
49,94,25,0,61,40,0,106
49,95,26,1,71,40,-5,106
49,96,12,1,76,40,-5,106
49,97,9,1,81,40,-5,106
49,98,45,1,81,45,-5,106
49,99,22,1,81,50,-15,106
50,0,48,1,50,55,50,40
50,1,37,1,60,55,50,40
50,2,12,0,55,65,50,40
50,3,7,1,60,65,50,35
50,4,39,0,53,70,50,35
50,5,46,1,58,70,50,30
50,6,14,1,58,75,50,30
50,7,44,0,58,75,60,35
50,8,18,1,68,75,60,35
50,9,26,0,63,75,60,40
50,10,12,0,58,85,60,40
50,11,39,0,51,90,60,40
50,12,16,0,41,95,60,40
50,13,6,1,33,95,60,45
50,14,26,0,28,95,60,50
50,15,14,0,28,95,60,55
50,16,5,0,23,95,65,55
50,17,20,0,18,95,80,55
50,18,1,0,28,95,65,55
50,19,48,1,28,100,65,45
50,20,36,1,28,105,65,40
50,21,7,0,13,110,65,40
50,22,2,1,18,110,55,40
50,23,37,0,6,120,55,40
50,24,20,0,1,120,70,40
50,25,46,0,-6,120,70,45
50,26,41,1,-1,110,70,45
50,27,38,1,4,110,70,45
50,28,43,0,24,110,60,45
50,29,24,1,29,110,60,45
50,30,9,0,24,110,60,50
50,31,1,0,34,110,45,50
50,32,41,0,24,120,45,50
50,33,16,1,24,120,35,50
50,34,26,0,19,120,35,55
50,35,46,1,24,120,35,50
50,36,22,1,24,125,25,50
50,37,6,0,34,125,20,50
50,38,3,0,49,125,15,50
50,39,5,1,54,125,5,50
50,40,37,1,64,125,5,50
50,41,23,1,74,125,0,50
50,42,26,1,84,125,-5,50
50,43,41,1,89,115,-5,50
50,44,21,0,84,115,10,50
50,45,29,1,84,130,-10,50
50,46,17,0,64,140,-10,50
50,47,2,1,69,140,-20,50
50,48,14,0,69,140,-20,55
50,49,11,1,74,140,-20,55
50,50,5,0,69,140,-15,55
50,51,20,0,64,140,0,55
50,52,27,1,64,145,-5,55
50,53,13,1,69,150,-5,55
50,54,23,0,64,140,-5,60
50,55,15,1,64,145,-5,60
50,56,17,0,44,155,-5,60
50,57,45,1,44,160,-5,60
50,58,20,1,44,165,-20,60
50,59,28,1,54,165,-20,60
50,60,14,0,54,165,-20,65
50,61,26,0,49,165,-20,70
50,62,23,0,44,155,-20,75
50,63,42,0,36,155,-20,85
50,64,16,1,36,155,-30,85
50,65,2,1,41,155,-40,85
50,66,44,0,41,155,-30,90
50,67,23,0,36,145,-30,95
50,68,14,0,36,145,-30,100
50,69,3,0,51,145,-35,100
50,70,9,1,56,145,-35,100
50,71,27,0,66,130,-35,100
50,72,12,1,71,130,-35,100
50,73,24,1,76,130,-35,100
50,74,23,0,71,120,-35,105
50,75,2,0,61,120,-30,105
50,76,46,0,54,120,-30,110
50,77,22,1,54,125,-40,110
50,78,13,0,54,125,-40,115
50,79,15,1,54,130,-40,115
50,80,21,1,54,135,-55,115
50,81,23,1,64,135,-60,115
50,82,48,1,64,140,-60,105
50,83,2,0,54,140,-55,105
50,84,12,0,49,150,-55,105
50,85,36,0,49,145,-55,107
50,86,41,0,39,155,-55,107
50,87,25,1,39,160,-65,107
50,88,4,0,24,165,-65,107
50,89,8,0,24,170,-75,107
50,90,10,1,44,170,-85,107
50,91,27,1,44,175,-90,107
50,92,12,1,49,175,-90,107
50,93,16,0,39,180,-90,107
50,94,46,1,44,180,-90,102
50,95,26,1,54,180,-95,102
50,96,9,1,59,180,-95,102
50,97,20,1,59,185,-110,102
50,98,15,0,79,180,-110,102
50,99,17,0,59,190,-110,102
51,0,36,0,50,45,50,52
51,1,22,0,45,45,55,52
51,2,6,0,55,45,50,52
51,3,5,0,50,45,55,52
51,4,18,1,60,45,55,52
51,5,39,1,65,45,55,47
51,6,46,1,70,45,55,42
51,7,45,1,70,50,55,42
51,8,4,1,80,50,55,37
51,9,41,1,85,40,55,37
51,10,2,1,90,40,45,37
51,11,14,0,90,40,45,42
51,12,20,1,90,45,30,42
51,13,24,0,85,45,35,42
51,14,19,0,65,45,45,52
51,15,9,1,70,45,45,52
51,16,40,1,70,35,55,52
51,17,8,1,60,35,55,57
51,18,11,1,65,35,55,57
51,19,44,0,65,35,65,62
51,20,3,0,80,35,60,62
51,21,12,0,75,45,60,62
51,22,30,1,75,45,70,62
51,23,16,0,65,50,70,62
51,24,5,0,60,50,75,62
51,25,11,1,65,50,75,62
51,26,21,0,60,50,90,62
51,27,14,0,60,50,90,67
51,28,40,0,60,60,80,67
51,29,23,0,55,50,80,72
51,30,36,1,55,55,80,67
51,31,48,1,55,60,80,57
51,32,26,0,50,60,80,62
51,33,1,0,60,60,65,62
51,34,5,1,65,60,55,62
51,35,14,0,65,60,55,67
51,36,41,0,55,70,55,67
51,37,17,0,35,80,55,67
51,38,37,0,23,90,55,67
51,39,44,1,28,90,55,67
51,40,9,0,23,90,55,72
51,41,2,0,13,90,60,72
51,42,1,1,5,90,65,72
51,43,41,0,-5,100,65,72
51,44,22,1,-5,105,55,72
51,45,46,0,-12,105,55,77
51,46,21,1,-12,110,40,77
51,47,11,0,-17,110,40,79
51,48,18,0,-42,110,40,89
51,49,9,0,-47,110,40,94
51,50,25,0,-47,105,50,94
51,51,44,1,-42,105,50,94
51,52,46,0,-49,105,50,99
51,53,48,0,-59,105,50,104
51,54,30,0,-59,105,40,114
51,55,25,1,-59,110,30,114
51,56,26,0,-64,110,30,119
51,57,21,1,-64,115,15,119
51,58,28,0,-74,115,25,119
51,59,4,1,-64,115,25,114
51,60,23,1,-54,115,20,114
51,61,6,1,-62,115,20,119
51,62,22,0,-67,115,25,119
51,63,41,0,-77,125,25,119
51,64,12,1,-72,125,25,119
51,65,8,1,-82,125,25,124
51,66,43,1,-82,125,30,109
51,67,13,1,-77,130,30,109
51,68,25,1,-77,135,20,109
51,69,4,1,-67,135,20,104
51,70,26,0,-72,135,20,109
51,71,42,0,-80,135,20,119
51,72,3,1,-87,135,20,124
51,73,16,0,-97,140,20,124
51,74,18,0,-122,140,20,134
51,75,29,1,-122,155,0,134
51,76,39,0,-129,160,0,134
51,77,42,1,-129,165,0,134
51,78,25,0,-129,160,10,134
51,79,16,1,-129,160,0,134
51,80,10,1,-109,160,-10,134
51,81,14,0,-109,160,-10,139
51,82,44,0,-109,160,0,144
51,83,39,0,-116,165,0,144
51,84,37,1,-106,165,0,144
51,85,41,1,-101,155,0,144
51,86,12,1,-96,155,0,144
51,87,1,0,-86,155,-15,144
51,88,5,1,-81,155,-25,144
51,89,25,1,-81,160,-35,144
51,90,3,1,-88,160,-35,149
51,91,14,1,-88,165,-35,149
51,92,36,0,-88,160,-35,151
51,93,41,1,-83,150,-35,151
51,94,16,1,-83,150,-45,151
51,95,12,1,-78,150,-45,151
51,96,30,0,-78,150,-55,161
51,97,8,1,-88,150,-55,166
51,98,28,1,-78,150,-55,166
51,99,13,0,-78,150,-55,171
52,0,9,1,55,50,50,50
52,1,27,1,55,55,45,50
52,2,25,1,55,60,35,50
52,3,15,0,75,55,35,50
52,4,12,0,70,65,35,50
52,5,4,0,55,70,35,50
52,6,43,1,55,70,40,35
52,7,25,0,55,65,50,35
52,8,42,1,55,70,50,35
52,9,11,1,60,70,50,35
52,10,13,1,65,75,50,35
52,11,24,0,60,75,55,35
52,12,16,1,60,75,45,35
52,13,36,1,60,80,45,30
52,14,8,1,50,80,45,35
52,15,41,0,40,90,45,35
52,16,26,1,50,90,40,35
52,17,19,0,30,90,50,45
52,18,15,1,30,95,50,45
52,19,7,1,35,95,50,40
52,20,41,1,40,85,50,40
52,21,16,0,30,90,50,40
52,22,21,1,30,95,35,40
52,23,44,1,35,95,35,40
52,24,24,1,40,95,35,40
52,25,20,0,35,95,50,40
52,26,14,0,35,95,50,45
52,27,2,0,25,95,55,45
52,28,5,0,20,95,60,45
52,29,9,0,15,95,60,50
52,30,24,0,10,95,65,50
52,31,13,1,15,100,65,50
52,32,45,1,15,105,65,50
52,33,43,0,35,105,55,50
52,34,15,1,35,110,55,50
52,35,25,1,35,115,45,50
52,36,3,1,28,115,45,55
52,37,10,1,48,115,35,55
52,38,40,1,48,105,45,55
52,39,45,1,48,110,45,55
52,40,13,0,48,110,45,60
52,41,19,1,63,110,45,60
52,42,7,0,48,115,45,60
52,43,1,1,40,115,50,60
52,44,26,0,35,115,50,65
52,45,41,0,25,125,50,65
52,46,14,0,25,125,50,70
52,47,6,0,35,125,45,70
52,48,10,1,55,125,35,70
52,49,12,1,60,125,35,70
52,50,2,1,65,125,25,70
52,51,9,0,60,125,25,75
52,52,18,0,35,125,25,85
52,53,3,1,28,125,25,90
52,54,48,1,28,130,25,80
52,55,22,0,23,130,30,80
52,56,21,0,18,130,45,80
52,57,16,1,18,130,35,80
52,58,46,1,23,130,35,75
52,59,5,1,28,130,25,75
52,60,13,0,28,130,25,80
52,61,6,0,38,130,20,80
52,62,2,0,28,130,25,80
52,63,47,1,28,130,25,95
52,64,48,1,28,135,25,85
52,65,41,0,18,145,25,85
52,66,6,0,28,145,20,85
52,67,28,0,18,145,30,85
52,68,44,1,23,145,30,85
52,69,23,0,18,135,30,90
52,70,43,1,18,135,35,75
52,71,16,0,8,140,35,75
52,72,7,0,-7,145,35,75
52,73,48,1,-7,150,35,65
52,74,5,0,-12,150,40,65
52,75,12,1,-7,150,40,65
52,76,26,0,-12,150,40,70
52,77,23,0,-17,140,40,75
52,78,25,1,-17,145,30,75
52,79,42,0,-25,145,30,85
52,80,4,0,-40,150,30,85
52,81,2,1,-35,150,20,85
52,82,20,1,-35,155,5,85
52,83,22,1,-35,160,-5,85
52,84,29,1,-35,175,-25,85
52,85,39,1,-30,175,-25,80
52,86,5,0,-35,175,-20,80
52,87,15,0,-15,170,-20,80
52,88,11,0,-20,170,-20,82
52,89,36,1,-20,175,-20,77
52,90,8,0,-20,180,-30,77
52,91,1,1,-28,180,-25,77
52,92,23,1,-18,180,-30,77
52,93,42,1,-18,185,-30,77
52,94,21,0,-23,185,-15,77
52,95,2,0,-33,185,-10,77
52,96,15,0,-13,180,-10,77
52,97,22,1,-13,185,-20,77
52,98,24,1,-8,185,-20,77
52,99,48,1,-8,190,-20,67
53,0,16,1,50,50,40,50
53,1,23,0,45,40,40,55
53,2,9,1,50,40,40,55
53,3,18,0,25,40,40,65
53,4,2,1,30,40,30,65
53,5,14,1,30,45,30,65
53,6,47,0,55,45,30,65
53,7,6,1,47,45,30,70
53,8,24,1,52,45,30,70
53,9,44,0,52,45,40,75
53,10,23,0,47,35,40,80
53,11,28,1,57,35,40,80
53,12,22,0,52,35,45,80
53,13,25,1,52,40,35,80
53,14,30,0,52,40,25,90
53,15,21,0,47,40,40,90
53,16,15,0,67,35,40,90
53,17,3,0,82,35,35,90
53,18,16,0,72,40,35,90
53,19,10,0,67,45,35,90
53,20,26,0,62,45,35,95
53,21,25,0,62,40,45,95
53,22,11,1,67,40,45,95
53,23,15,1,67,45,45,95
53,24,12,1,72,45,45,95
53,25,4,0,57,50,45,95
53,26,10,0,52,55,45,95
53,27,18,0,27,55,45,105
53,28,40,0,27,65,35,105
53,29,26,1,37,65,30,105
53,30,28,1,47,65,30,105
53,31,21,1,47,70,15,105
53,32,5,1,52,70,5,105
53,33,3,1,45,70,5,110
53,34,15,1,45,75,5,110
53,35,10,1,65,75,-5,110
53,36,41,0,55,85,-5,110
53,37,25,1,55,90,-15,110
53,38,36,1,55,95,-15,105
53,39,29,0,45,95,-10,105
53,40,16,0,35,100,-10,105
53,41,5,0,30,100,-5,105
53,42,13,0,30,100,-5,110
53,43,40,0,30,110,-15,110
53,44,18,1,40,110,-15,110
53,45,15,0,60,105,-15,110
53,46,11,1,65,105,-15,110
53,47,39,0,58,110,-15,110
53,48,14,0,58,110,-15,115
53,49,1,1,50,110,-10,115
53,50,27,0,60,95,-10,115
53,51,23,0,55,85,-10,120
53,52,22,1,55,90,-20,120
53,53,9,0,50,90,-20,125
53,54,13,0,50,90,-20,130
53,55,3,0,65,90,-25,130
53,56,44,1,70,90,-25,130
53,57,19,0,50,90,-15,140
53,58,42,1,50,95,-15,140
53,59,25,0,50,90,-5,140
53,60,4,1,60,90,-5,135
53,61,5,1,65,90,-15,135
53,62,2,0,55,90,-10,135
53,63,1,0,65,90,-25,135
53,64,22,0,60,90,-20,135
53,65,27,1,60,95,-25,135
53,66,5,1,65,95,-35,135
53,67,6,1,57,95,-35,140
53,68,36,1,57,100,-35,135
53,69,48,0,47,100,-35,140
53,70,26,0,42,100,-35,145
53,71,2,0,32,100,-30,145
53,72,12,0,27,110,-30,145
53,73,8,0,27,115,-40,145
53,74,42,0,19,115,-40,155
53,75,45,1,19,120,-40,155
53,76,15,0,39,115,-40,155
53,77,44,1,44,115,-40,155
53,78,7,0,29,120,-40,155
53,79,10,1,49,120,-50,155
53,80,9,1,54,120,-50,155
53,81,25,1,54,125,-60,155
53,82,14,1,54,130,-60,155
53,83,7,0,39,135,-60,155
53,84,5,0,34,135,-55,155
53,85,47,0,59,135,-55,155
53,86,28,1,69,135,-55,155
53,87,40,0,69,145,-65,155
53,88,1,1,61,145,-60,155
53,89,48,1,61,150,-60,145
53,90,47,0,86,150,-60,145
53,91,10,0,81,155,-60,145
53,92,25,0,81,150,-50,145
53,93,24,0,76,150,-45,145
53,94,30,0,76,150,-55,155
53,95,37,1,86,150,-55,155
53,96,42,1,86,155,-55,155
53,97,12,0,81,165,-55,155
53,98,43,1,81,165,-50,140
53,99,7,0,66,170,-50,140
54,0,2,0,40,50,55,50
54,1,20,0,35,50,70,50
54,2,45,1,35,55,70,50
54,3,22,1,35,60,60,50
54,4,6,1,27,60,60,55
54,5,26,0,22,60,60,60
54,6,2,0,12,60,65,60
54,7,10,0,7,65,65,60
54,8,36,0,7,60,65,62
54,9,20,1,7,65,50,62
54,10,8,1,-3,65,50,67
54,11,28,1,7,65,50,67
54,12,37,0,-5,75,50,67
54,13,9,0,-10,75,50,72
54,14,46,0,-17,75,50,77
54,15,16,0,-27,80,50,77
54,16,19,0,-47,80,60,87
54,17,43,0,-27,80,50,87
54,18,41,1,-22,70,50,87
54,19,40,1,-22,60,60,87
54,20,44,1,-17,60,60,87
54,21,4,1,-7,60,60,82
54,22,10,1,13,60,50,82
54,23,25,0,13,55,60,82
54,24,12,0,8,65,60,82
54,25,24,0,3,65,65,82
54,26,2,0,-7,65,70,82
54,27,8,0,-7,70,60,82
54,28,11,1,-2,70,60,82
54,29,25,0,-2,65,70,82
54,30,22,0,-7,65,75,82
54,31,12,1,-2,65,75,82
54,32,42,0,-10,65,75,92
54,33,8,1,-20,65,75,97
54,34,11,0,-25,65,75,99
54,35,38,0,-30,70,75,99
54,36,23,0,-35,60,75,104
54,37,12,1,-30,60,75,104
54,38,26,0,-35,60,75,109
54,39,14,1,-35,65,75,109
54,40,5,0,-40,65,80,109
54,41,22,1,-40,70,70,109
54,42,13,1,-35,75,70,109
54,43,23,1,-25,75,65,109
54,44,38,1,-20,75,65,109
54,45,1,0,-10,75,50,109
54,46,24,1,-5,75,50,109
54,47,39,0,-12,80,50,109
54,48,6,0,-2,80,45,109
54,49,25,1,-2,85,35,109
54,50,27,0,8,70,35,109
54,51,9,0,3,70,35,114
54,52,1,1,-5,70,40,114
54,53,4,1,5,70,40,109
54,54,13,1,10,75,40,109
54,55,11,0,5,75,40,111
54,56,15,0,25,70,40,111
54,57,45,0,25,70,40,116
54,58,41,1,30,60,40,116
54,59,3,1,23,60,40,121
54,60,6,0,33,60,35,121
54,61,44,0,33,60,45,126
54,62,16,0,23,65,45,126
54,63,30,1,23,65,55,126
54,64,39,1,28,65,55,121
54,65,46,0,21,65,55,126
54,66,22,1,21,70,45,126
54,67,41,1,26,60,45,126
54,68,48,0,16,60,45,131
54,69,5,0,11,60,50,131
54,70,36,1,11,65,50,126
54,71,10,0,6,70,50,126
54,72,9,0,1,70,50,131
54,73,44,1,6,70,50,131
54,74,16,1,6,70,40,131
54,75,13,0,6,70,40,136
54,76,41,1,11,60,40,136
54,77,14,1,11,65,40,136
54,78,3,1,4,65,40,141
54,79,36,1,4,70,40,136
54,80,21,1,4,75,25,136
54,81,29,1,4,90,5,136
54,82,10,0,-1,95,5,136
54,83,18,0,-26,95,5,146
54,84,15,0,-6,90,5,146
54,85,25,1,-6,95,-5,146
54,86,21,0,-11,95,10,146
54,87,2,0,-21,95,15,146
54,88,26,1,-11,95,10,146
54,89,41,0,-21,105,10,146
54,90,28,1,-11,105,10,146
54,91,27,1,-11,110,5,146
54,92,16,1,-11,110,-5,146
54,93,38,0,-16,115,-5,146
54,94,37,0,-28,125,-5,146
54,95,26,1,-18,125,-10,146
54,96,25,0,-18,120,0,146
54,97,20,0,-23,120,15,146
54,98,45,1,-23,125,15,146
54,99,3,1,-30,125,15,151
55,0,16,0,40,55,50,50
55,1,10,0,35,60,50,50
55,2,23,1,45,60,45,50
55,3,40,0,45,70,35,50
55,4,28,0,35,70,45,50
55,5,5,0,30,70,50,50
55,6,41,0,20,80,50,50
55,7,27,1,20,85,45,50
55,8,43,0,40,85,35,50
55,9,6,1,32,85,35,55
55,10,13,0,32,85,35,60
55,11,25,0,32,80,45,60
55,12,16,1,32,80,35,60
55,13,1,0,42,80,20,60
55,14,23,1,52,80,15,60
55,15,22,0,47,80,20,60
55,16,10,1,67,80,10,60
55,17,2,0,57,80,15,60
55,18,45,1,57,85,15,60
55,19,6,0,67,85,10,60
55,20,13,1,72,90,10,60
55,21,12,0,67,100,10,60
55,22,27,0,77,85,10,60
55,23,45,1,77,90,10,60
55,24,16,0,67,95,10,60
55,25,4,1,77,95,10,55
55,26,5,0,72,95,15,55
55,27,1,1,64,95,20,55
55,28,11,0,59,95,20,57
55,29,29,1,59,110,0,57
55,30,15,0,79,105,0,57
55,31,40,1,79,95,10,57
55,32,9,0,74,95,10,62
55,33,10,1,94,95,0,62
55,34,24,0,89,95,5,62
55,35,37,0,77,105,5,62
55,36,16,1,77,105,-5,62
55,37,11,1,82,105,-5,62
55,38,12,1,87,105,-5,62
55,39,22,1,87,110,-15,62
55,40,45,0,87,110,-15,67
55,41,9,1,92,110,-15,67
55,42,17,1,77,110,-5,67
55,43,10,1,97,110,-15,67
55,44,25,0,97,105,-5,67
55,45,37,0,85,115,-5,67
55,46,24,1,90,115,-5,67
55,47,42,0,82,115,-5,77
55,48,46,0,75,115,-5,82
55,49,2,1,80,115,-15,82
55,50,4,1,90,115,-15,77
55,51,15,0,110,110,-15,77
55,52,38,0,105,115,-15,77
55,53,12,0,100,125,-15,77
55,54,30,1,100,125,-5,77
55,55,11,0,95,125,-5,79
55,56,16,1,95,125,-15,79
55,57,41,1,100,115,-15,79
55,58,10,0,95,120,-15,79
55,59,46,1,100,120,-15,74
55,60,9,1,105,120,-15,74
55,61,16,1,105,120,-25,74
55,62,8,0,105,125,-35,74
55,63,40,0,105,135,-45,74
55,64,26,1,115,135,-50,74
55,65,47,1,115,135,-50,89
55,66,16,1,115,135,-60,89
55,67,11,1,120,135,-60,89
55,68,38,0,115,140,-60,89
55,69,22,0,110,140,-55,89
55,70,10,1,130,140,-65,89
55,71,41,1,135,130,-65,89
55,72,4,0,120,135,-65,89
55,73,26,1,130,135,-70,89
55,74,44,0,130,135,-60,94
55,75,5,1,135,135,-70,94
55,76,46,0,128,135,-70,99
55,77,43,0,148,135,-80,99
55,78,2,0,138,135,-75,99
55,79,20,0,133,135,-60,99
55,80,44,1,138,135,-60,99
55,81,22,1,138,140,-70,99
55,82,4,0,123,145,-70,99
55,83,26,0,118,145,-70,104
55,84,12,0,113,155,-70,104
55,85,3,0,128,155,-75,104
55,86,40,0,128,165,-85,104
55,87,9,0,123,165,-85,109
55,88,39,1,128,165,-85,104
55,89,2,1,133,165,-95,104
55,90,10,1,153,165,-105,104
55,91,13,0,153,165,-105,109
55,92,22,1,153,170,-115,109
55,93,26,1,163,170,-120,109
55,94,4,0,148,175,-120,109
55,95,25,0,148,170,-110,109
55,96,2,0,138,170,-105,109
55,97,16,0,128,175,-105,109
55,98,18,0,103,175,-105,119
55,99,15,1,103,180,-105,119
56,0,23,1,60,50,45,50
56,1,36,0,60,45,45,52
56,2,28,1,70,45,45,52
56,3,15,1,70,50,45,52
56,4,18,0,45,50,45,62
56,5,22,0,40,50,50,62
56,6,25,1,40,55,40,62
56,7,4,0,25,60,40,62
56,8,44,0,25,60,50,67
56,9,21,0,20,60,65,67
56,10,36,0,20,55,65,69
56,11,16,0,10,60,65,69
56,12,38,1,15,60,65,69
56,13,5,0,10,60,70,69
56,14,3,0,25,60,65,69
56,15,41,0,15,70,65,69
56,16,22,1,15,75,55,69
56,17,26,1,25,75,50,69
56,18,30,0,25,75,40,79
56,19,38,0,20,80,40,79
56,20,7,1,25,80,40,74
56,21,37,1,35,80,40,74
56,22,4,1,45,80,40,69
56,23,21,0,40,80,55,69
56,24,26,1,50,80,50,69
56,25,43,0,70,80,40,69
56,26,7,0,55,85,40,69
56,27,40,0,55,95,30,69
56,28,4,1,65,95,30,64
56,29,48,1,65,100,30,54
56,30,16,0,55,105,30,54
56,31,23,0,50,95,30,59
56,32,10,0,45,100,30,59
56,33,5,1,50,100,20,59
56,34,36,0,50,95,20,61
56,35,16,0,40,100,20,61
56,36,4,1,50,100,20,56
56,37,22,0,45,100,25,56
56,38,27,0,55,85,25,56
56,39,18,0,30,85,25,66
56,40,28,0,20,85,35,66
56,41,1,1,12,85,40,66
56,42,45,1,12,90,40,66
56,43,26,0,7,90,40,71
56,44,7,1,12,90,40,66
56,45,14,1,12,95,40,66
56,46,39,0,5,100,40,66
56,47,29,0,-5,100,45,66
56,48,6,1,-13,100,45,71
56,49,41,0,-23,110,45,71
56,50,16,1,-23,110,35,71
56,51,36,0,-23,105,35,73
56,52,22,1,-23,110,25,73
56,53,15,1,-23,115,25,73
56,54,14,0,-23,115,25,78
56,55,12,0,-28,125,25,78
56,56,9,0,-33,125,25,83
56,57,7,0,-48,130,25,83
56,58,27,1,-48,135,20,83
56,59,3,1,-55,135,20,88
56,60,43,1,-55,135,25,73
56,61,16,0,-65,140,25,73
56,62,26,0,-70,140,25,78
56,63,12,1,-65,140,25,78
56,64,29,1,-65,155,5,78
56,65,17,0,-85,165,5,78
56,66,41,0,-95,175,5,78
56,67,24,1,-90,175,5,78
56,68,14,0,-90,175,5,83
56,69,2,1,-85,175,-5,83
56,70,8,0,-85,180,-15,83
56,71,3,1,-92,180,-15,88
56,72,10,0,-97,185,-15,88
56,73,1,1,-105,185,-10,88
56,74,22,1,-105,190,-20,88
56,75,45,0,-105,190,-20,93
56,76,16,1,-105,190,-30,93
56,77,6,0,-95,190,-35,93
56,78,15,0,-75,185,-35,93
56,79,7,1,-70,185,-35,88
56,80,41,0,-80,195,-35,88
56,81,39,1,-75,195,-35,83
56,82,20,1,-75,200,-50,83
56,83,36,0,-75,195,-50,85
56,84,4,1,-65,195,-50,80
56,85,13,1,-60,200,-50,80
56,86,3,0,-45,200,-55,80
56,87,16,1,-45,200,-65,80
56,88,41,0,-55,210,-65,80
56,89,42,1,-55,215,-65,80
56,90,45,0,-55,215,-65,85
56,91,11,0,-60,215,-65,87
56,92,23,1,-50,215,-70,87
56,93,22,1,-50,220,-80,87
56,94,21,1,-50,225,-95,87
56,95,45,0,-50,225,-95,92
56,96,13,1,-45,230,-95,92
56,97,24,0,-50,230,-90,92
56,98,12,1,-45,230,-90,92
56,99,2,1,-40,230,-100,92
57,0,1,1,42,50,55,50
57,1,13,1,47,55,55,50
57,2,15,0,67,50,55,50
57,3,2,0,57,50,60,50
57,4,43,0,77,50,50,50
57,5,10,1,97,50,40,50
57,6,20,0,92,50,55,50
57,7,5,1,97,50,45,50
57,8,12,0,92,60,45,50
57,9,46,0,85,60,45,55
57,10,21,1,85,65,30,55
57,11,3,0,100,65,25,55
57,12,14,0,100,65,25,60
57,13,4,0,85,70,25,60
57,14,37,0,73,80,25,60
57,15,44,0,73,80,35,65
57,16,29,0,63,80,40,65
57,17,24,0,58,80,45,65
57,18,4,0,43,85,45,65
57,19,12,1,48,85,45,65
57,20,38,0,43,90,45,65
57,21,2,1,48,90,35,65
57,22,7,1,53,90,35,60
57,23,13,1,58,95,35,60
57,24,26,0,53,95,35,65
57,25,16,1,53,95,25,65
57,26,12,1,58,95,25,65
57,27,3,0,73,95,20,65
57,28,15,1,73,100,20,65
57,29,7,0,58,105,20,65
57,30,11,1,63,105,20,65
57,31,5,0,58,105,25,65
57,32,47,1,58,105,25,80
57,33,16,0,48,110,25,80
57,34,42,1,48,115,25,80
57,35,10,1,68,115,15,80
57,36,9,1,73,115,15,80
57,37,43,0,93,115,5,80
57,38,15,0,113,110,5,80
57,39,2,0,103,110,10,80
57,40,44,0,103,110,20,85
57,41,38,1,108,110,20,85
57,42,21,0,103,110,35,85
57,43,14,0,103,110,35,90
57,44,16,0,93,115,35,90
57,45,13,0,93,115,35,95
57,46,20,1,93,120,20,95
57,47,5,0,88,120,25,95
57,48,1,1,80,120,30,95
57,49,37,0,68,130,30,95
57,50,29,0,58,130,35,95
57,51,8,1,48,130,35,100
57,52,13,1,53,135,35,100
57,53,25,1,53,140,25,100
57,54,2,1,58,140,15,100
57,55,15,1,58,145,15,100
57,56,5,1,63,145,5,100
57,57,39,1,68,145,5,95
57,58,12,0,63,155,5,95
57,59,14,1,63,160,5,95
57,60,16,0,53,165,5,95
57,61,3,0,68,165,0,95
57,62,13,1,73,170,0,95
57,63,1,0,83,170,-15,95
57,64,18,0,58,170,-15,105
57,65,10,0,53,175,-15,105
57,66,43,0,73,175,-25,105
57,67,6,1,65,175,-25,110
57,68,2,1,70,175,-35,110
57,69,9,0,65,175,-35,115
57,70,25,0,65,170,-25,115
57,71,44,1,70,170,-25,115
57,72,8,0,70,175,-35,115
57,73,1,0,80,175,-50,115
57,74,20,1,80,180,-65,115
57,75,40,0,80,190,-75,115
57,76,22,1,80,195,-85,115
57,77,3,0,95,195,-90,115
57,78,25,0,95,190,-80,115
57,79,28,1,105,190,-80,115
57,80,4,0,90,195,-80,115
57,81,1,1,82,195,-75,115
57,82,12,0,77,205,-75,115
57,83,36,1,77,210,-75,110
57,84,16,1,77,210,-85,110
57,85,14,1,77,215,-85,110
57,86,9,1,82,215,-85,110
57,87,4,0,67,220,-85,110
57,88,21,1,67,225,-100,110
57,89,24,1,72,225,-100,110
57,90,11,1,77,225,-100,110
57,91,16,0,67,230,-100,110
57,92,2,1,72,230,-110,110
57,93,26,0,67,230,-110,115
57,94,43,0,87,230,-120,115
57,95,12,1,92,230,-120,115
57,96,11,1,97,230,-120,115
57,97,2,0,87,230,-115,115
57,98,38,0,82,235,-115,115
57,99,47,1,82,235,-115,130
58,0,5,0,45,50,55,50
58,1,38,1,50,50,55,50
58,2,13,0,50,50,55,55
58,3,4,0,35,55,55,55
58,4,16,0,25,60,55,55
58,5,14,1,25,65,55,55
58,6,3,0,40,65,50,55
58,7,9,1,45,65,50,55
58,8,45,1,45,70,50,55
58,9,4,1,55,70,50,50
58,10,10,1,75,70,40,50
58,11,27,1,75,75,35,50
58,12,43,1,75,75,40,35
58,13,40,1,75,65,50,35
58,14,16,1,75,65,40,35
58,15,8,1,65,65,40,40
58,16,48,1,65,70,40,30
58,17,25,0,65,65,50,30
58,18,15,1,65,70,50,30
58,19,2,1,70,70,40,30
58,20,22,0,65,70,45,30
58,21,4,1,75,70,45,25
58,22,27,0,85,55,45,25
58,23,20,1,85,60,30,25
58,24,21,0,80,60,45,25
58,25,14,1,80,65,45,25
58,26,11,0,75,65,45,27
58,27,16,0,65,70,45,27
58,28,15,1,65,75,45,27
58,29,20,0,60,75,60,27
58,30,9,1,65,75,60,27
58,31,45,1,65,80,60,27
58,32,16,1,65,80,50,27
58,33,41,1,70,70,50,27
58,34,40,1,70,60,60,27
58,35,20,1,70,65,45,27
58,36,37,1,80,65,45,27
58,37,13,1,85,70,45,27
58,38,23,1,95,70,40,27
58,39,18,1,105,70,40,27
58,40,3,0,120,70,35,27
58,41,5,0,115,70,40,27
58,42,37,0,103,80,40,27
58,43,26,0,98,80,40,32
58,44,22,0,93,80,45,32
58,45,1,1,85,80,50,32
58,46,38,0,80,85,50,32
58,47,47,1,80,85,50,47
58,48,48,0,70,85,50,52
58,49,15,0,90,80,50,52
58,50,20,1,90,85,35,52
58,51,26,1,100,85,30,52
58,52,43,0,120,85,20,52
58,53,46,0,113,85,20,57
58,54,11,0,108,85,20,59
58,55,41,0,98,95,20,59
58,56,38,1,103,95,20,59
58,57,25,1,103,100,10,59
58,58,22,0,98,100,15,59
58,59,10,1,118,100,5,59
58,60,5,1,123,100,-5,59
58,61,18,1,133,100,-5,59
58,62,1,0,143,100,-20,59
58,63,46,0,136,100,-20,64
58,64,25,0,136,95,-10,64
58,65,13,0,136,95,-10,69
58,66,10,1,156,95,-20,69
58,67,11,1,161,95,-20,69
58,68,16,0,151,100,-20,69
58,69,36,1,151,105,-20,64
58,70,1,0,161,105,-35,64
58,71,9,0,156,105,-35,69
58,72,24,1,161,105,-35,69
58,73,20,0,156,105,-20,69
58,74,43,0,176,105,-30,69
58,75,25,0,176,100,-20,69
58,76,14,1,176,105,-20,69
58,77,15,0,196,100,-20,69
58,78,24,0,191,100,-15,69
58,79,16,0,181,105,-15,69
58,80,5,1,186,105,-25,69
58,81,42,0,178,105,-25,79
58,82,43,0,198,105,-35,79
58,83,37,1,208,105,-35,79
58,84,4,0,193,110,-35,79
58,85,44,1,198,110,-35,79
58,86,24,0,193,110,-30,79
58,87,27,1,193,115,-35,79
58,88,28,0,183,115,-25,79
58,89,37,0,171,125,-25,79
58,90,26,0,166,125,-25,84
58,91,13,1,171,130,-25,84
58,92,5,1,176,130,-35,84
58,93,16,0,166,135,-35,84
58,94,45,1,166,140,-35,84
58,95,25,1,166,145,-45,84
58,96,41,1,171,135,-45,84
58,97,14,1,171,140,-45,84
58,98,1,0,181,140,-60,84
58,99,28,0,171,140,-50,84
59,0,2,1,55,50,40,50
59,1,13,0,55,50,40,55
59,2,6,0,65,50,35,55
59,3,9,0,60,50,35,60
59,4,20,1,60,55,20,60
59,5,37,1,70,55,20,60
59,6,26,0,65,55,20,65
59,7,29,0,55,55,25,65
59,8,21,1,55,60,10,65
59,9,20,1,55,65,-5,65
59,10,15,1,55,70,-5,65
59,11,26,0,50,70,-5,70
59,12,46,1,55,70,-5,65
59,13,14,0,55,70,-5,70
59,14,6,0,65,70,-10,70
59,15,5,1,70,70,-20,70
59,16,22,1,70,75,-30,70
59,17,30,0,70,75,-40,80
59,18,23,1,80,75,-45,80
59,19,4,0,65,80,-45,80
59,20,45,1,65,85,-45,80
59,21,40,0,65,95,-55,80
59,22,10,1,85,95,-65,80
59,23,46,0,78,95,-65,85
59,24,22,1,78,100,-75,85
59,25,9,1,83,100,-75,85
59,26,24,1,88,100,-75,85
59,27,41,0,78,110,-75,85
59,28,47,0,103,110,-75,85
59,29,43,0,123,110,-85,85
59,30,12,1,128,110,-85,85
59,31,48,1,128,115,-85,75
59,32,9,1,133,115,-85,75
59,33,27,0,143,100,-85,75
59,34,25,1,143,105,-95,75
59,35,5,1,148,105,-105,75
59,36,26,0,143,105,-105,80
59,37,18,0,118,105,-105,90
59,38,11,1,123,105,-105,90
59,39,1,0,133,105,-120,90
59,40,46,0,126,105,-120,95
59,41,26,0,121,105,-120,100
59,42,29,0,111,105,-115,100
59,43,24,1,116,105,-115,100
59,44,13,1,121,110,-115,100
59,45,16,0,111,115,-115,100
59,46,10,0,106,120,-115,100
59,47,26,1,116,120,-120,100
59,48,7,1,121,120,-120,95
59,49,4,1,131,120,-120,90
59,50,46,1,136,120,-120,85
59,51,20,1,136,125,-135,85
59,52,25,0,136,120,-125,85
59,53,47,1,136,120,-125,100
59,54,5,1,141,120,-135,100
59,55,27,1,141,125,-140,100
59,56,14,1,141,130,-140,100
59,57,1,0,151,130,-155,100
59,58,23,1,161,130,-160,100
59,59,5,0,156,130,-155,100
59,60,37,0,144,140,-155,100
59,61,3,1,137,140,-155,105
59,62,26,1,147,140,-160,105
59,63,27,0,157,125,-160,105
59,64,9,0,152,125,-160,110
59,65,14,0,152,125,-160,115
59,66,37,1,162,125,-160,115
59,67,16,1,162,125,-170,115
59,68,22,0,157,125,-165,115
59,69,15,1,157,130,-165,115
59,70,8,0,157,135,-175,115
59,71,11,0,152,135,-175,117
59,72,23,1,162,135,-180,117
59,73,2,1,167,135,-190,117
59,74,3,0,182,135,-195,117
59,75,43,1,182,135,-190,102
59,76,25,0,182,130,-180,102
59,77,23,1,192,130,-185,102
59,78,14,0,192,130,-185,107
59,79,13,1,197,135,-185,107
59,80,45,1,197,140,-185,107
59,81,15,0,217,135,-185,107
59,82,11,1,222,135,-185,107
59,83,9,1,227,135,-185,107
59,84,14,1,227,140,-185,107
59,85,3,0,242,140,-190,107
59,86,7,0,227,145,-190,107
59,87,41,0,217,155,-190,107
59,88,23,0,212,145,-190,112
59,89,20,0,207,145,-175,112
59,90,22,0,202,145,-170,112
59,91,44,0,202,145,-160,117
59,92,26,0,197,145,-160,122
59,93,11,1,202,145,-160,122
59,94,7,0,187,150,-160,122
59,95,21,1,187,155,-175,122
59,96,40,0,187,165,-185,122
59,97,5,0,182,165,-180,122
59,98,24,1,187,165,-180,122
59,99,3,1,180,165,-180,127
60,0,6,1,42,50,50,55
60,1,41,0,32,60,50,55
60,2,43,1,32,60,55,40
60,3,8,1,22,60,55,45
60,4,9,1,27,60,55,45
60,5,1,0,37,60,40,45
60,6,23,0,32,50,40,50
60,7,26,0,27,50,40,55
60,8,16,1,27,50,30,55
60,9,20,1,27,55,15,55
60,10,2,1,32,55,5,55
60,11,13,1,37,60,5,55
60,12,5,0,32,60,10,55
60,13,46,0,25,60,10,60
60,14,22,0,20,60,15,60
60,15,45,0,20,60,15,65
60,16,15,0,40,55,15,65
60,17,9,0,35,55,15,70
60,18,10,0,30,60,15,70
60,19,13,1,35,65,15,70
60,20,4,1,45,65,15,65
60,21,16,0,35,70,15,65
60,22,2,1,40,70,5,65
60,23,6,0,50,70,0,65
60,24,10,0,45,75,0,65
60,25,9,0,40,75,0,70
60,26,12,0,35,85,0,70
60,27,44,1,40,85,0,70
60,28,3,0,55,85,-5,70
60,29,22,1,55,90,-15,70
60,30,24,1,60,90,-15,70
60,31,41,1,65,80,-15,70
60,32,9,0,60,80,-15,75
60,33,3,0,75,80,-20,75
60,34,22,1,75,85,-30,75
60,35,13,0,75,85,-30,80
60,36,39,0,68,90,-30,80
60,37,40,0,68,100,-40,80
60,38,38,1,73,100,-40,80
60,39,48,1,73,105,-40,70
60,40,26,0,68,105,-40,75
60,41,9,0,63,105,-40,80
60,42,23,1,73,105,-45,80
60,43,8,0,73,110,-55,80
60,44,38,1,78,110,-55,80
60,45,14,1,78,115,-55,80
60,46,1,1,70,115,-50,80
60,47,9,1,75,115,-50,80
60,48,12,1,80,115,-50,80
60,49,40,0,80,125,-60,80
60,50,23,1,90,125,-65,80
60,51,13,0,90,125,-65,85
60,52,8,0,90,130,-75,85
60,53,38,1,95,130,-75,85
60,54,12,1,100,130,-75,85
60,55,16,0,90,135,-75,85
60,56,41,1,95,125,-75,85
60,57,23,0,90,115,-75,90
60,58,10,0,85,120,-75,90
60,59,20,0,80,120,-60,90
60,60,13,0,80,120,-60,95
60,61,48,1,80,125,-60,85
60,62,41,1,85,115,-60,85
60,63,15,1,85,120,-60,85
60,64,20,0,80,120,-45,85
60,65,25,1,80,125,-55,85
60,66,3,1,73,125,-55,90
60,67,42,1,73,130,-55,90
60,68,12,1,78,130,-55,90
60,69,40,0,78,140,-65,90
60,70,25,0,78,135,-55,90
60,71,15,1,78,140,-55,90
60,72,23,1,88,140,-60,90
60,73,42,1,88,145,-60,90
60,74,1,1,80,145,-55,90
60,75,26,1,90,145,-60,90
60,76,11,0,85,145,-60,92
60,77,13,0,85,145,-60,97
60,78,20,1,85,150,-75,97
60,79,25,1,85,155,-85,97
60,80,3,0,100,155,-90,97
60,81,22,1,100,160,-100,97
60,82,1,0,110,160,-115,97
60,83,10,1,130,160,-125,97
60,84,16,0,120,165,-125,97
60,85,36,1,120,170,-125,92
60,86,15,0,140,165,-125,92
60,87,40,1,140,155,-115,92
60,88,30,0,140,155,-125,102
60,89,42,0,132,155,-125,112
60,90,23,1,142,155,-130,112
60,91,27,1,142,160,-135,112
60,92,12,1,147,160,-135,112
60,93,14,0,147,160,-135,117
60,94,38,1,152,160,-135,117
60,95,6,0,162,160,-140,117
60,96,15,0,182,155,-140,117
60,97,16,0,172,160,-140,117
60,98,29,1,172,175,-160,117
60,99,14,0,172,175,-160,122
61,0,1,1,42,50,55,50
61,1,12,0,37,60,55,50
61,2,5,1,42,60,45,50
61,3,11,1,47,60,45,50
61,4,40,1,47,50,55,50
61,5,37,1,57,50,55,50
61,6,26,1,67,50,50,50
61,7,42,0,59,50,50,60
61,8,16,0,49,55,50,60
61,9,22,0,44,55,55,60
61,10,27,1,44,60,50,60
61,11,14,1,44,65,50,60
61,12,21,1,44,70,35,60
61,13,15,0,64,65,35,60
61,14,11,0,59,65,35,62
61,15,39,1,64,65,35,57
61,16,12,1,69,65,35,57
61,17,13,0,69,65,35,62
61,18,9,1,74,65,35,62
61,19,25,1,74,70,25,62
61,20,11,1,79,70,25,62
61,21,47,1,79,70,25,77
61,22,36,1,79,75,25,72
61,23,19,0,59,75,35,82
61,24,5,1,64,75,25,82
61,25,4,0,49,80,25,82
61,26,9,0,44,80,25,87
61,27,2,0,34,80,30,87
61,28,13,0,34,80,30,92
61,29,5,0,29,80,35,92
61,30,26,1,39,80,30,92
61,31,11,0,34,80,30,94
61,32,46,1,39,80,30,89
61,33,18,1,49,80,30,89
61,34,44,0,49,80,40,94
61,35,6,0,59,80,35,94
61,36,2,1,64,80,25,94
61,37,43,0,84,80,15,94
61,38,12,1,89,80,15,94
61,39,14,1,89,85,15,94
61,40,47,0,114,85,15,94
61,41,25,0,114,80,25,94
61,42,41,0,104,90,25,94
61,43,44,1,109,90,25,94
61,44,5,1,114,90,15,94
61,45,6,1,106,90,15,99
61,46,22,1,106,95,5,99
61,47,11,1,111,95,5,99
61,48,20,1,111,100,-10,99
61,49,41,1,116,90,-10,99
61,50,2,1,121,90,-20,99
61,51,30,0,121,90,-30,109
61,52,10,0,116,95,-30,109
61,53,17,0,96,105,-30,109
61,54,12,1,101,105,-30,109
61,55,4,1,111,105,-30,104
61,56,26,0,106,105,-30,109
61,57,22,1,106,110,-40,109
61,58,23,1,116,110,-45,109
61,59,40,0,116,120,-55,109
61,60,14,0,116,120,-55,114
61,61,36,0,116,115,-55,116
61,62,8,0,116,120,-65,116
61,63,43,0,136,120,-75,116
61,64,48,1,136,125,-75,106
61,65,12,0,131,135,-75,106
61,66,11,0,126,135,-75,108
61,67,20,1,126,140,-90,108
61,68,8,0,126,145,-100,108
61,69,4,0,111,150,-100,108
61,70,18,1,121,150,-100,108
61,71,22,0,116,150,-95,108
61,72,16,0,106,155,-95,108
61,73,1,0,116,155,-110,108
61,74,41,0,106,165,-110,108
61,75,29,1,106,180,-130,108
61,76,11,0,101,180,-130,110
61,77,20,0,96,180,-115,110
61,78,48,1,96,185,-115,100
61,79,39,1,101,185,-115,95
61,80,9,1,106,185,-115,95
61,81,23,1,116,185,-120,95
61,82,16,0,106,190,-120,95
61,83,24,0,101,190,-115,95
61,84,12,0,96,200,-115,95
61,85,4,1,106,200,-115,90
61,86,3,0,121,200,-120,90
61,87,9,1,126,200,-120,90
61,88,30,0,126,200,-130,100
61,89,26,0,121,200,-130,105
61,90,47,0,146,200,-130,105
61,91,28,1,156,200,-130,105
61,92,4,1,166,200,-130,100
61,93,25,0,166,195,-120,100
61,94,36,0,166,190,-120,102
61,95,42,1,166,195,-120,102
61,96,20,0,161,195,-105,102
61,97,15,1,161,200,-105,102
61,98,10,0,156,205,-105,102
61,99,8,1,146,205,-105,107
62,0,10,0,45,55,50,50
62,1,23,1,55,55,45,50
62,2,14,1,55,60,45,50
62,3,9,0,50,60,45,55
62,4,26,0,45,60,45,60
62,5,22,0,40,60,50,60
62,6,25,1,40,65,40,60
62,7,43,1,40,65,45,45
62,8,16,0,30,70,45,45
62,9,26,1,40,70,40,45
62,10,38,1,45,70,40,45
62,11,8,1,35,70,40,50
62,12,28,1,45,70,40,50
62,13,45,0,45,70,40,55
62,14,3,1,38,70,40,60
62,15,6,1,30,70,40,65
62,16,14,0,30,70,40,70
62,17,11,0,25,70,40,72
62,18,16,0,15,75,40,72
62,19,48,0,5,75,40,77
62,20,44,0,5,75,50,82
62,21,26,0,0,75,50,87
62,22,7,0,-15,80,50,87
62,23,2,1,-10,80,40,87
62,24,8,1,-20,80,40,92
62,25,37,1,-10,80,40,92
62,26,45,1,-10,85,40,92
62,27,17,1,-25,85,50,92
62,28,40,0,-25,95,40,92
62,29,26,0,-30,95,40,97
62,30,21,0,-35,95,55,97
62,31,13,0,-35,95,55,102
62,32,10,1,-15,95,45,102
62,33,41,1,-10,85,45,102
62,34,27,1,-10,90,40,102
62,35,12,1,-5,90,40,102
62,36,15,0,15,85,40,102
62,37,16,0,5,90,40,102
62,38,24,1,10,90,40,102
62,39,4,0,-5,95,40,102
62,40,3,1,-12,95,40,107
62,41,12,0,-17,105,40,107
62,42,42,0,-25,105,40,117
62,43,22,1,-25,110,30,117
62,44,48,0,-35,110,30,122
62,45,41,0,-45,120,30,122
62,46,19,0,-65,120,40,132
62,47,14,0,-65,120,40,137
62,48,5,1,-60,120,30,137
62,49,17,0,-80,130,30,137
62,50,13,1,-75,135,30,137
62,51,10,1,-55,135,20,137
62,52,25,1,-55,140,10,137
62,53,45,0,-55,140,10,142
62,54,41,1,-50,130,10,142
62,55,16,1,-50,130,0,142
62,56,46,0,-57,130,0,147
62,57,44,1,-52,130,0,147
62,58,2,1,-47,130,-10,147
62,59,37,0,-59,140,-10,147
62,60,16,1,-59,140,-20,147
62,61,15,1,-59,145,-20,147
62,62,10,0,-64,150,-20,147
62,63,9,0,-69,150,-20,152
62,64,17,0,-89,160,-20,152
62,65,41,1,-84,150,-20,152
62,66,15,0,-64,145,-20,152
62,67,24,0,-69,145,-15,152
62,68,10,1,-49,145,-25,152
62,69,18,1,-39,145,-25,152
62,70,25,0,-39,140,-15,152
62,71,2,1,-34,140,-25,152
62,72,30,0,-34,140,-35,162
62,73,10,0,-39,145,-35,162
62,74,22,1,-39,150,-45,162
62,75,38,1,-34,150,-45,162
62,76,26,0,-39,150,-45,167
62,77,3,0,-24,150,-50,167
62,78,16,0,-34,155,-50,167
62,79,28,1,-24,155,-50,167
62,80,41,1,-19,145,-50,167
62,81,12,0,-24,155,-50,167
62,82,40,1,-24,145,-40,167
62,83,23,0,-29,135,-40,172
62,84,1,0,-19,135,-55,172
62,85,37,0,-31,145,-55,172
62,86,24,1,-26,145,-55,172
62,87,11,1,-21,145,-55,172
62,88,2,0,-31,145,-50,172
62,89,3,1,-38,145,-50,177
62,90,23,1,-28,145,-55,177
62,91,43,1,-28,145,-50,162
62,92,9,0,-33,145,-50,167
62,93,44,0,-33,145,-40,172
62,94,6,0,-23,145,-45,172
62,95,5,1,-18,145,-55,172
62,96,26,1,-8,145,-60,172
62,97,23,0,-13,135,-60,177
62,98,39,1,-8,135,-60,172
62,99,16,1,-8,135,-70,172
63,0,20,1,50,55,35,50
63,1,7,1,55,55,35,45
63,2,11,0,50,55,35,47
63,3,41,0,40,65,35,47
63,4,19,1,55,65,35,47
63,5,13,1,60,70,35,47
63,6,15,0,80,65,35,47
63,7,43,0,100,65,25,47
63,8,28,1,110,65,25,47
63,9,7,1,115,65,25,42
63,10,3,1,108,65,25,47
63,11,2,0,98,65,30,47
63,12,22,0,93,65,35,47
63,13,13,1,98,70,35,47
63,14,14,1,98,75,35,47
63,15,42,0,90,75,35,57
63,16,5,0,85,75,40,57
63,17,2,1,90,75,30,57
63,18,6,0,100,75,25,57
63,19,13,0,100,75,25,62
63,20,40,0,100,85,15,62
63,21,3,1,93,85,15,67
63,22,41,0,83,95,15,67
63,23,5,0,78,95,20,67
63,24,13,0,78,95,20,72
63,25,4,0,63,100,20,72
63,26,11,0,58,100,20,74
63,27,27,1,58,105,15,74
63,28,42,1,58,110,15,74
63,29,5,0,53,110,20,74
63,30,3,1,46,110,20,79
63,31,1,0,56,110,5,79
63,32,2,0,46,110,10,79
63,33,36,1,46,115,10,74
63,34,28,1,56,115,10,74
63,35,3,0,71,115,5,74
63,36,46,0,64,115,5,79
63,37,11,0,59,115,5,81
63,38,13,0,59,115,5,86
63,39,20,1,59,120,-10,86
63,40,18,1,69,120,-10,86
63,41,14,0,69,120,-10,91
63,42,5,1,74,120,-20,91
63,43,41,0,64,130,-20,91
63,44,20,0,59,130,-5,91
63,45,9,0,54,130,-5,96
63,46,47,1,54,130,-5,111
63,47,4,0,39,135,-5,111
63,48,12,0,34,145,-5,111
63,49,2,0,24,145,0,111
63,50,23,0,19,135,0,116
63,51,10,0,14,140,0,116
63,52,14,1,14,145,0,116
63,53,46,0,7,145,0,121
63,54,8,1,-3,145,0,126
63,55,20,1,-3,150,-15,126
63,56,26,1,7,150,-20,126
63,57,5,1,12,150,-30,126
63,58,23,1,22,150,-35,126
63,59,12,1,27,150,-35,126
63,60,13,0,27,150,-35,131
63,61,22,0,22,150,-30,131
63,62,38,1,27,150,-30,131
63,63,14,0,27,150,-30,136
63,64,41,0,17,160,-30,136
63,65,36,0,17,155,-30,138
63,66,20,1,17,160,-45,138
63,67,26,0,12,160,-45,143
63,68,1,0,22,160,-60,143
63,69,42,0,14,160,-60,153
63,70,37,1,24,160,-60,153
63,71,23,0,19,150,-60,158
63,72,15,1,19,155,-60,158
63,73,16,0,9,160,-60,158
63,74,12,0,4,170,-60,158
63,75,46,1,9,170,-60,153
63,76,22,1,9,175,-70,153
63,77,37,0,-3,185,-70,153
63,78,23,0,-8,175,-70,158
63,79,3,0,7,175,-75,158
63,80,12,0,2,185,-75,158
63,81,16,0,-8,190,-75,158
63,82,25,0,-8,185,-65,158
63,83,7,0,-23,190,-65,158
63,84,23,1,-13,190,-70,158
63,85,20,1,-13,195,-85,158
63,86,21,0,-18,195,-70,158
63,87,40,0,-18,205,-80,158
63,88,36,0,-18,200,-80,160
63,89,3,0,-3,200,-85,160
63,90,9,1,2,200,-85,160
63,91,22,1,2,205,-95,160
63,92,28,1,12,205,-95,160
63,93,11,1,17,205,-95,160
63,94,4,1,27,205,-95,155
63,95,3,0,42,205,-100,155
63,96,36,0,42,200,-100,157
63,97,41,0,32,210,-100,157
63,98,10,0,27,215,-100,157
63,99,20,0,22,215,-85,157
64,0,9,0,45,50,50,55
64,1,26,1,55,50,45,55
64,2,45,1,55,55,45,55
64,3,37,0,43,65,45,55
64,4,1,0,53,65,30,55
64,5,8,0,53,70,20,55
64,6,41,0,43,80,20,55
64,7,3,0,58,80,15,55
64,8,29,0,48,80,20,55
64,9,28,1,58,80,20,55
64,10,21,1,58,85,5,55
64,11,12,1,63,85,5,55
64,12,16,1,63,85,-5,55
64,13,11,1,68,85,-5,55
64,14,10,1,88,85,-15,55
64,15,41,0,78,95,-15,55
64,16,26,0,73,95,-15,60
64,17,2,0,63,95,-10,60
64,18,17,0,43,105,-10,60
64,19,25,0,43,100,0,60
64,20,9,1,48,100,0,60
64,21,14,1,48,105,0,60
64,22,7,0,33,110,0,60
64,23,36,1,33,115,0,55
64,24,26,0,28,115,0,60
64,25,4,1,38,115,0,55
64,26,14,1,38,120,0,55
64,27,20,1,38,125,-15,55
64,28,25,1,38,130,-25,55
64,29,9,0,33,130,-25,60
64,30,15,1,33,135,-25,60
64,31,29,0,23,135,-20,60
64,32,5,1,28,135,-30,60
64,33,1,1,20,135,-25,60
64,34,9,1,25,135,-25,60
64,35,4,0,10,140,-25,60
64,36,18,1,20,140,-25,60
64,37,2,0,10,140,-20,60
64,38,10,1,30,140,-30,60
64,39,41,0,20,150,-30,60
64,40,39,1,25,150,-30,55
64,41,15,0,45,145,-30,55
64,42,1,1,37,145,-25,55
64,43,3,1,30,145,-25,60
64,44,14,0,30,145,-25,65
64,45,8,0,30,150,-35,65
64,46,48,0,20,150,-35,70
64,47,22,1,20,155,-45,70
64,48,11,1,25,155,-45,70
64,49,40,1,25,145,-35,70
64,50,43,0,45,145,-45,70
64,51,26,1,55,145,-50,70
64,52,16,0,45,150,-50,70
64,53,13,0,45,150,-50,75
64,54,10,1,65,150,-60,75
64,55,41,1,70,140,-60,75
64,56,25,0,70,135,-50,75
64,57,36,1,70,140,-50,70
64,58,46,1,75,140,-50,65
64,59,13,0,75,140,-50,70
64,60,37,0,63,150,-50,70
64,61,21,1,63,155,-65,70
64,62,15,1,63,160,-65,70
64,63,6,0,73,160,-70,70
64,64,26,1,83,160,-75,70
64,65,11,1,88,160,-75,70
64,66,23,1,98,160,-80,70
64,67,46,1,103,160,-80,65
64,68,28,0,93,160,-70,65
64,69,45,1,93,165,-70,65
64,70,47,1,93,165,-70,80
64,71,3,0,108,165,-75,80
64,72,16,1,108,165,-85,80
64,73,13,0,108,165,-85,85
64,74,9,1,113,165,-85,85
64,75,36,0,113,160,-85,87
64,76,11,0,108,160,-85,89
64,77,26,1,118,160,-90,89
64,78,45,1,118,165,-90,89
64,79,17,0,98,175,-90,89
64,80,14,1,98,180,-90,89
64,81,6,0,108,180,-95,89
64,82,11,0,103,180,-95,91
64,83,4,1,113,180,-95,86
64,84,48,1,113,185,-95,76
64,85,26,0,108,185,-95,81
64,86,24,1,113,185,-95,81
64,87,28,1,123,185,-95,81
64,88,3,1,116,185,-95,86
64,89,22,0,111,185,-90,86
64,90,12,1,116,185,-90,86
64,91,26,0,111,185,-90,91
64,92,48,0,101,185,-90,96
64,93,44,0,101,185,-80,101
64,94,23,0,96,175,-80,106
64,95,1,1,88,175,-75,106
64,96,12,1,93,175,-75,106
64,97,5,1,98,175,-85,106
64,98,2,1,103,175,-95,106
64,99,8,0,103,180,-105,106
65,0,7,0,35,55,50,50
65,1,42,0,27,55,50,60
65,2,37,0,15,65,50,60
65,3,15,1,15,70,50,60
65,4,23,1,25,70,45,60
65,5,8,1,15,70,45,65
65,6,44,0,15,70,55,70
65,7,3,1,8,70,55,75
65,8,2,0,-2,70,60,75
65,9,11,1,3,70,60,75
65,10,22,0,-2,70,65,75
65,11,8,0,-2,75,55,75
65,12,45,1,-2,80,55,75
65,13,25,0,-2,75,65,75
65,14,21,1,-2,80,50,75
65,15,41,1,3,70,50,75
65,16,10,1,23,70,40,75
65,17,9,1,28,70,40,75
65,18,12,0,23,80,40,75
65,19,14,1,23,85,40,75
65,20,15,1,23,90,40,75
65,21,28,0,13,90,50,75
65,22,11,1,18,90,50,75
65,23,30,0,18,90,40,85
65,24,3,0,33,90,35,85
65,25,10,0,28,95,35,85
65,26,16,0,18,100,35,85
65,27,14,0,18,100,35,90
65,28,13,0,18,100,35,95
65,29,22,1,18,105,25,95
65,30,48,0,8,105,25,100
65,31,43,1,8,105,30,85
65,32,11,0,3,105,30,87
65,33,28,0,-7,105,40,87
65,34,20,0,-12,105,55,87
65,35,14,1,-12,110,55,87
65,36,7,0,-27,115,55,87
65,37,13,1,-22,120,55,87
65,38,46,0,-29,120,55,92
65,39,12,1,-24,120,55,92
65,40,14,0,-24,120,55,97
65,41,43,0,-4,120,45,97
65,42,8,0,-4,125,35,97
65,43,20,0,-9,125,50,97
65,44,12,1,-4,125,50,97
65,45,25,0,-4,120,60,97
65,46,27,1,-4,125,55,97
65,47,28,1,6,125,55,97
65,48,30,1,6,125,65,97
65,49,8,0,6,130,55,97
65,50,15,0,26,125,55,97
65,51,10,0,21,130,55,97
65,52,48,1,21,135,55,87
65,53,26,1,31,135,50,87
65,54,16,0,21,140,50,87
65,55,40,1,21,130,60,87
65,56,12,1,26,130,60,87
65,57,14,1,26,135,60,87
65,58,11,1,31,135,60,87
65,59,44,1,36,135,60,87
65,60,23,0,31,125,60,92
65,61,36,1,31,130,60,87
65,62,45,0,31,130,60,92
65,63,11,1,36,130,60,92
65,64,3,1,29,130,60,97
65,65,7,1,34,130,60,92
65,66,23,0,29,120,60,97
65,67,9,0,24,120,60,102
65,68,38,1,29,120,60,102
65,69,2,0,19,120,65,102
65,70,25,0,19,115,75,102
65,71,7,1,24,115,75,97
65,72,3,1,17,115,75,102
65,73,44,1,22,115,75,102
65,74,23,0,17,105,75,107
65,75,1,0,27,105,60,107
65,76,11,0,22,105,60,109
65,77,5,1,27,105,50,109
65,78,25,1,27,110,40,109
65,79,26,0,22,110,40,114
65,80,16,0,12,115,40,114
65,81,24,0,7,115,45,114
65,82,43,1,7,115,50,99
65,83,13,1,12,120,50,99
65,84,6,1,4,120,50,104
65,85,11,0,-1,120,50,106
65,86,9,0,-6,120,50,111
65,87,20,0,-11,120,65,111
65,88,45,0,-11,120,65,116
65,89,29,0,-21,120,70,116
65,90,16,1,-21,120,60,116
65,91,1,0,-11,120,45,116
65,92,24,1,-6,120,45,116
65,93,9,0,-11,120,45,121
65,94,42,1,-11,125,45,121
65,95,22,0,-16,125,50,121
65,96,16,1,-16,125,40,121
65,97,14,0,-16,125,40,126
65,98,12,0,-21,135,40,126
65,99,48,1,-21,140,40,116
66,0,5,0,45,50,55,50
66,1,44,1,50,50,55,50
66,2,39,0,43,55,55,50
66,3,4,0,28,60,55,50
66,4,38,0,23,65,55,50
66,5,42,1,23,70,55,50
66,6,14,0,23,70,55,55
66,7,10,0,18,75,55,55
66,8,25,1,18,80,45,55
66,9,7,0,3,85,45,55
66,10,26,1,13,85,40,55
66,11,9,0,8,85,40,60
66,12,41,0,-2,95,40,60
66,13,3,1,-9,95,40,65
66,14,1,0,1,95,25,65
66,15,8,0,1,100,15,65
66,16,36,1,1,105,15,60
66,17,14,1,1,110,15,60
66,18,9,0,-4,110,15,65
66,19,37,1,6,110,15,65
66,20,2,0,-4,110,20,65
66,21,4,1,6,110,20,60
66,22,28,0,-4,110,30,60
66,23,13,0,-4,110,30,65
66,24,1,0,6,110,15,65
66,25,19,1,21,110,15,65
66,26,46,0,14,110,15,70
66,27,43,0,34,110,5,70
66,28,7,0,19,115,5,70
66,29,15,1,19,120,5,70
66,30,1,1,11,120,10,70
66,31,2,1,16,120,0,70
66,32,11,1,21,120,0,70
66,33,37,0,9,130,0,70
66,34,5,0,4,130,5,70
66,35,41,1,9,120,5,70
66,36,1,1,1,120,10,70
66,37,12,0,-4,130,10,70
66,38,37,1,6,130,10,70
66,39,13,1,11,135,10,70
66,40,40,1,11,125,20,70
66,41,10,1,31,125,10,70
66,42,46,0,24,125,10,75
66,43,23,0,19,115,10,80
66,44,4,0,4,120,10,80
66,45,17,1,-11,120,20,80
66,46,1,0,-1,120,5,80
66,47,25,0,-1,115,15,80
66,48,40,1,-1,105,25,80
66,49,12,1,4,105,25,80
66,50,46,0,-3,105,25,85
66,51,42,1,-3,110,25,85
66,52,18,0,-28,110,25,95
66,53,13,0,-28,110,25,100
66,54,8,0,-28,115,15,100
66,55,2,1,-23,115,5,100
66,56,38,0,-28,120,5,100
66,57,6,0,-18,120,0,100
66,58,11,0,-23,120,0,102
66,59,24,0,-28,120,5,102
66,60,45,1,-28,125,5,102
66,61,3,1,-35,125,5,107
66,62,1,1,-43,125,10,107
66,63,28,1,-33,125,10,107
66,64,41,1,-28,115,10,107
66,65,13,1,-23,120,10,107
66,66,9,0,-28,120,10,112
66,67,26,1,-18,120,5,112
66,68,20,1,-18,125,-10,112
66,69,4,0,-33,130,-10,112
66,70,40,0,-33,140,-20,112
66,71,25,1,-33,145,-30,112
66,72,2,1,-28,145,-40,112
66,73,12,0,-33,155,-40,112
66,74,45,0,-33,155,-40,117
66,75,17,0,-53,165,-40,117
66,76,5,1,-48,165,-50,117
66,77,26,0,-53,165,-50,122
66,78,14,0,-53,165,-50,127
66,79,10,1,-33,165,-60,127
66,80,1,1,-41,165,-55,127
66,81,3,0,-26,165,-60,127
66,82,27,1,-26,170,-65,127
66,83,20,0,-31,170,-50,127
66,84,24,0,-36,170,-45,127
66,85,15,0,-16,165,-45,127
66,86,21,0,-21,165,-30,127
66,87,5,1,-16,165,-40,127
66,88,40,0,-16,175,-50,127
66,89,39,1,-11,175,-50,122
66,90,13,0,-11,175,-50,127
66,91,43,0,9,175,-60,127
66,92,4,0,-6,180,-60,127
66,93,9,0,-11,180,-60,132
66,94,38,0,-16,185,-60,132
66,95,25,1,-16,190,-70,132
66,96,48,1,-16,195,-70,122
66,97,3,1,-23,195,-70,127
66,98,20,0,-28,195,-55,127
66,99,39,1,-23,195,-55,122
67,0,8,0,50,55,40,50
67,1,27,1,50,60,35,50
67,2,14,1,50,65,35,50
67,3,36,0,50,60,35,52
67,4,12,1,55,60,35,52
67,5,13,0,55,60,35,57
67,6,37,1,65,60,35,57
67,7,16,0,55,65,35,57
67,8,1,0,65,65,20,57
67,9,2,1,70,65,10,57
67,10,9,0,65,65,10,62
67,11,22,0,60,65,15,62
67,12,12,1,65,65,15,62
67,13,3,1,58,65,15,67
67,14,10,1,78,65,5,67
67,15,4,0,63,70,5,67
67,16,14,0,63,70,5,72
67,17,9,0,58,70,5,77
67,18,41,0,48,80,5,77
67,19,6,1,40,80,5,82
67,20,22,0,35,80,10,82
67,21,16,1,35,80,0,82
67,22,43,0,55,80,-10,82
67,23,3,1,48,80,-10,87
67,24,45,0,48,80,-10,92
67,25,17,1,33,80,0,92
67,26,44,1,38,80,0,92
67,27,4,1,48,80,0,87
67,28,28,1,58,80,0,87
67,29,15,0,78,75,0,87
67,30,37,0,66,85,0,87
67,31,13,0,66,85,0,92
67,32,16,1,66,85,-10,92
67,33,1,1,58,85,-5,92
67,34,30,0,58,85,-15,102
67,35,6,0,68,85,-20,102
67,36,17,0,48,95,-20,102
67,37,16,0,38,100,-20,102
67,38,3,1,31,100,-20,107
67,39,25,0,31,95,-10,107
67,40,46,0,24,95,-10,112
67,41,10,0,19,100,-10,112
67,42,41,1,24,90,-10,112
67,43,11,1,29,90,-10,112
67,44,22,1,29,95,-20,112
67,45,20,1,29,100,-35,112
67,46,38,1,34,100,-35,112
67,47,26,1,44,100,-40,112
67,48,23,0,39,90,-40,117
67,49,29,0,29,90,-35,117
67,50,8,0,29,95,-45,117
67,51,22,1,29,100,-55,117
67,52,42,1,29,105,-55,117
67,53,45,0,29,105,-55,122
67,54,3,1,22,105,-55,127
67,55,26,0,17,105,-55,132
67,56,16,0,7,110,-55,132
67,57,20,0,2,110,-40,132
67,58,25,0,2,105,-30,132
67,59,41,0,-8,115,-30,132
67,60,10,0,-13,120,-30,132
67,61,22,0,-18,120,-25,132
67,62,23,1,-8,120,-30,132
67,63,11,1,-3,120,-30,132
67,64,43,0,17,120,-40,132
67,65,10,1,37,120,-50,132
67,66,5,1,42,120,-60,132
67,67,1,1,34,120,-55,132
67,68,11,1,39,120,-55,132
67,69,45,0,39,120,-55,137
67,70,40,1,39,110,-45,137
67,71,7,0,24,115,-45,137
67,72,16,1,24,115,-55,137
67,73,28,0,14,115,-45,137
67,74,11,1,19,115,-45,137
67,75,41,0,9,125,-45,137
67,76,40,1,9,115,-35,137
67,77,25,0,9,110,-25,137
67,78,16,0,-1,115,-25,137
67,79,13,1,4,120,-25,137
67,80,3,1,-3,120,-25,142
67,81,20,0,-8,120,-10,142
67,82,9,1,-3,120,-10,142
67,83,6,1,-11,120,-10,147
67,84,14,1,-11,125,-10,147
67,85,39,0,-18,130,-10,147
67,86,20,0,-23,130,5,147
67,87,41,0,-33,140,5,147
67,88,13,0,-33,140,5,152
67,89,9,1,-28,140,5,152
67,90,38,0,-33,145,5,152
67,91,14,0,-33,145,5,157
67,92,5,1,-28,145,-5,157
67,93,18,1,-18,145,-5,157
67,94,23,1,-8,145,-10,157
67,95,24,1,-3,145,-10,157
67,96,8,0,-3,150,-20,157
67,97,45,1,-3,155,-20,157
67,98,43,1,-3,155,-15,142
67,99,42,1,-3,160,-15,142
68,0,28,0,40,50,60,50
68,1,12,0,35,60,60,50
68,2,42,0,27,60,60,60
68,3,37,1,37,60,60,60
68,4,17,1,22,60,70,60
68,5,1,0,32,60,55,60
68,6,40,0,32,70,45,60
68,7,2,1,37,70,35,60
68,8,25,1,37,75,25,60
68,9,9,0,32,75,25,65
68,10,8,1,22,75,25,70
68,11,1,1,14,75,30,70
68,12,24,0,9,75,35,70
68,13,2,1,14,75,25,70
68,14,37,0,2,85,25,70
68,15,6,1,-6,85,25,75
68,16,7,0,-21,90,25,75
68,17,1,1,-29,90,30,75
68,18,9,0,-34,90,30,80
68,19,5,1,-29,90,20,80
68,20,4,0,-44,95,20,80
68,21,22,0,-49,95,25,80
68,22,47,1,-49,95,25,95
68,23,3,0,-34,95,20,95
68,24,10,0,-39,100,20,95
68,25,12,0,-44,110,20,95
68,26,42,0,-52,110,20,105
68,27,4,0,-67,115,20,105
68,28,38,1,-62,115,20,105
68,29,29,0,-72,115,25,105
68,30,28,1,-62,115,25,105
68,31,7,1,-57,115,25,100
68,32,20,1,-57,120,10,100
68,33,2,1,-52,120,0,100
68,34,5,0,-57,120,5,100
68,35,39,0,-64,125,5,100
68,36,15,1,-64,130,5,100
68,37,4,1,-54,130,5,95
68,38,20,0,-59,130,20,95
68,39,9,0,-64,130,20,100
68,40,5,1,-59,130,10,100
68,41,2,0,-69,130,15,100
68,42,28,1,-59,130,15,100
68,43,20,0,-64,130,30,100
68,44,29,0,-74,130,35,100
68,45,12,0,-79,140,35,100
68,46,15,1,-79,145,35,100
68,47,1,0,-69,145,20,100
68,48,16,0,-79,150,20,100
68,49,5,1,-74,150,10,100
68,50,41,1,-69,140,10,100
68,51,25,1,-69,145,0,100
68,52,2,1,-64,145,-10,100
68,53,43,1,-64,145,-5,85
68,54,14,1,-64,150,-5,85
68,55,1,0,-54,150,-20,85
68,56,12,0,-59,160,-20,85
68,57,20,1,-59,165,-35,85
68,58,15,1,-59,170,-35,85
68,59,13,0,-59,170,-35,90
68,60,41,0,-69,180,-35,90
68,61,9,1,-64,180,-35,90
68,62,1,1,-72,180,-30,90
68,63,10,0,-77,185,-30,90
68,64,14,1,-77,190,-30,90
68,65,28,0,-87,190,-20,90
68,66,40,1,-87,180,-10,90
68,67,8,1,-97,180,-10,95
68,68,12,0,-102,190,-10,95
68,69,16,0,-112,195,-10,95
68,70,3,0,-97,195,-15,95
68,71,10,0,-102,200,-15,95
68,72,7,0,-117,205,-15,95
68,73,14,0,-117,205,-15,100
68,74,5,1,-112,205,-25,100
68,75,43,0,-92,205,-35,100
68,76,24,0,-97,205,-30,100
68,77,38,0,-102,210,-30,100
68,78,37,1,-92,210,-30,100
68,79,36,0,-92,205,-30,102
68,80,3,1,-99,205,-30,107
68,81,10,0,-104,210,-30,107
68,82,22,0,-109,210,-25,107
68,83,13,0,-109,210,-25,112
68,84,25,0,-109,205,-15,112
68,85,41,1,-104,195,-15,112
68,86,15,0,-84,190,-15,112
68,87,7,1,-79,190,-15,107
68,88,16,1,-79,190,-25,107
68,89,48,0,-89,190,-25,112
68,90,20,1,-89,195,-40,112
68,91,23,1,-79,195,-45,112
68,92,39,1,-74,195,-45,107
68,93,30,1,-74,195,-35,107
68,94,1,1,-82,195,-30,107
68,95,10,0,-87,200,-30,107
68,96,15,0,-67,195,-30,107
68,97,44,1,-62,195,-30,107
68,98,36,0,-62,190,-30,109
68,99,14,1,-62,195,-30,109
69,0,11,1,55,50,50,50
69,1,4,1,65,50,50,45
69,2,45,1,65,55,50,45
69,3,15,1,65,60,50,45
69,4,46,1,70,60,50,40
69,5,2,0,60,60,55,40
69,6,39,1,65,60,55,35
69,7,12,1,70,60,55,35
69,8,14,0,70,60,55,40
69,9,1,0,80,60,40,40
69,10,10,1,100,60,30,40
69,11,44,1,105,60,30,40
69,12,11,0,100,60,30,42
69,13,12,1,105,60,30,42
69,14,46,0,98,60,30,47
69,15,16,1,98,60,20,47
69,16,1,1,90,60,25,47
69,17,37,0,78,70,25,47
69,18,3,0,93,70,20,47
69,19,15,0,113,65,20,47
69,20,12,0,108,75,20,47
69,21,10,0,103,80,20,47
69,22,13,0,103,80,20,52
69,23,18,1,113,80,20,52
69,24,4,1,123,80,20,47
69,25,3,0,138,80,15,47
69,26,11,1,143,80,15,47
69,27,42,1,143,85,15,47
69,28,48,1,143,90,15,37
69,29,40,1,143,80,25,37
69,30,9,0,138,80,25,42
69,31,11,1,143,80,25,42
69,32,1,0,153,80,10,42
69,33,26,0,148,80,10,47
69,34,5,0,143,80,15,47
69,35,41,0,133,90,15,47
69,36,36,0,133,85,15,49
69,37,15,0,153,80,15,49
69,38,16,0,143,85,15,49
69,39,3,1,136,85,15,54
69,40,25,0,136,80,25,54
69,41,10,0,131,85,25,54
69,42,38,1,136,85,25,54
69,43,7,0,121,90,25,54
69,44,23,0,116,80,25,59
69,45,37,0,104,90,25,59
69,46,3,0,119,90,20,59
69,47,1,0,129,90,5,59
69,48,22,1,129,95,-5,59
69,49,26,0,124,95,-5,64
69,50,41,0,114,105,-5,64
69,51,16,1,114,105,-15,64
69,52,5,0,109,105,-10,64
69,53,14,1,109,110,-10,64
69,54,11,1,114,110,-10,64
69,55,20,1,114,115,-25,64
69,56,38,1,119,115,-25,64
69,57,23,1,129,115,-30,64
69,58,41,0,119,125,-30,64
69,59,29,0,109,125,-25,64
69,60,6,1,101,125,-25,69
69,61,28,0,91,125,-15,69
69,62,39,1,96,125,-15,64
69,63,23,0,91,115,-15,69
69,64,44,0,91,115,-5,74
69,65,11,1,96,115,-5,74
69,66,12,1,101,115,-5,74
69,67,9,1,106,115,-5,74
69,68,46,0,99,115,-5,79
69,69,22,0,94,115,0,79
69,70,4,1,104,115,0,74
69,71,15,1,104,120,0,74
69,72,45,1,104,125,0,74
69,73,7,0,89,130,0,74
69,74,42,0,81,130,0,84
69,75,16,0,71,135,0,84
69,76,24,1,76,135,0,84
69,77,14,1,76,140,0,84
69,78,15,0,96,135,0,84
69,79,18,1,106,135,0,84
69,80,13,0,106,135,0,89
69,81,38,0,101,140,0,89
69,82,20,0,96,140,15,89
69,83,16,0,86,145,15,89
69,84,46,1,91,145,15,84
69,85,42,1,91,150,15,84
69,86,12,1,96,150,15,84
69,87,45,1,96,155,15,84
69,88,17,0,76,165,15,84
69,89,9,0,71,165,15,89
69,90,5,1,76,165,5,89
69,91,39,0,69,170,5,89
69,92,43,1,69,170,10,74
69,93,27,0,79,155,10,74
69,94,7,0,64,160,10,74
69,95,4,1,74,160,10,69
69,96,15,0,94,155,10,69
69,97,25,1,94,160,0,69
69,98,3,0,109,160,-5,69
69,99,20,1,109,165,-20,69
70,0,17,1,35,50,60,50
70,1,4,1,45,50,60,45
70,2,22,0,40,50,65,45
70,3,48,0,30,50,65,50
70,4,36,0,30,45,65,52
70,5,6,0,40,45,60,52
70,6,30,0,40,45,50,62
70,7,25,1,40,50,40,62
70,8,21,0,35,50,55,62
70,9,47,1,35,50,55,77
70,10,19,1,50,50,55,77
70,11,11,0,45,50,55,79
70,12,5,0,40,50,60,79
70,13,15,1,40,55,60,79
70,14,22,1,40,60,50,79
70,15,2,0,30,60,55,79
70,16,9,0,25,60,55,84
70,17,5,0,20,60,60,84
70,18,20,1,20,65,45,84
70,19,15,1,20,70,45,84
70,20,14,1,20,75,45,84
70,21,9,1,25,75,45,84
70,22,21,1,25,80,30,84
70,23,3,0,40,80,25,84
70,24,13,1,45,85,25,84
70,25,5,1,50,85,15,84
70,26,25,1,50,90,5,84
70,27,36,0,50,85,5,86
70,28,3,0,65,85,0,86
70,29,39,0,58,90,0,86
70,30,15,0,78,85,0,86
70,31,5,1,83,85,-10,86
70,32,14,0,83,85,-10,91
70,33,25,0,83,80,0,91
70,34,12,0,78,90,0,91
70,35,20,0,73,90,15,91
70,36,42,0,65,90,15,101
70,37,40,1,65,80,25,101
70,38,3,0,80,80,20,101
70,39,9,1,85,80,20,101
70,40,25,1,85,85,10,101
70,41,22,0,80,85,15,101
70,42,4,1,90,85,15,96
70,43,7,0,75,90,15,96
70,44,44,0,75,90,25,101
70,45,26,0,70,90,25,106
70,46,5,0,65,90,30,106
70,47,45,0,65,90,30,111
70,48,14,0,65,90,30,116
70,49,4,0,50,95,30,116
70,50,3,1,43,95,30,121
70,51,6,1,35,95,30,126
70,52,25,0,35,90,40,126
70,53,2,1,40,90,30,126
70,54,16,1,40,90,20,126
70,55,42,0,32,90,20,136
70,56,9,1,37,90,20,136
70,57,3,0,52,90,15,136
70,58,40,1,52,80,25,136
70,59,6,0,62,80,20,136
70,60,5,1,67,80,10,136
70,61,1,0,77,80,-5,136
70,62,26,1,87,80,-10,136
70,63,37,1,97,80,-10,136
70,64,16,1,97,80,-20,136
70,65,10,1,117,80,-30,136
70,66,23,1,127,80,-35,136
70,67,4,1,137,80,-35,131
70,68,5,1,142,80,-45,131
70,69,42,0,134,80,-45,141
70,70,9,1,139,80,-45,141
70,71,43,1,139,80,-40,126
70,72,44,1,144,80,-40,126
70,73,17,1,129,80,-30,126
70,74,5,1,134,80,-40,126
70,75,16,0,124,85,-40,126
70,76,26,1,134,85,-45,126
70,77,13,0,134,85,-45,131
70,78,14,0,134,85,-45,136
70,79,22,0,129,85,-40,136
70,80,30,1,129,85,-30,136
70,81,20,0,124,85,-15,136
70,82,9,0,119,85,-15,141
70,83,44,0,119,85,-5,146
70,84,27,0,129,70,-5,146
70,85,43,1,129,70,0,131
70,86,39,0,122,75,0,131
70,87,13,0,122,75,0,136
70,88,46,1,127,75,0,131
70,89,20,0,122,75,15,131
70,90,3,1,115,75,15,136
70,91,12,1,120,75,15,136
70,92,43,0,140,75,5,136
70,93,41,1,145,65,5,136
70,94,40,1,145,55,15,136
70,95,11,1,150,55,15,136
70,96,4,1,160,55,15,131
70,97,15,0,180,50,15,131
70,98,44,0,180,50,25,136
70,99,13,1,185,55,25,136
71,0,23,0,45,40,50,55
71,1,22,0,40,40,55,55
71,2,4,1,50,40,55,50
71,3,43,1,50,40,60,35
71,4,14,0,50,40,60,40
71,5,20,0,45,40,75,40
71,6,5,0,40,40,80,40
71,7,2,0,30,40,85,40
71,8,3,0,45,40,80,40
71,9,18,1,55,40,80,40
71,10,7,1,60,40,80,35
71,11,13,0,60,40,80,40
71,12,26,1,70,40,75,40
71,13,16,1,70,40,65,40
71,14,28,0,60,40,75,40
71,15,42,1,60,45,75,40
71,16,5,0,55,45,80,40
71,17,11,1,60,45,80,40
71,18,39,1,65,45,80,35
71,19,9,0,60,45,80,40
71,20,1,1,52,45,85,40
71,21,13,0,52,45,85,45
71,22,28,1,62,45,85,45
71,23,37,0,50,55,85,45
71,24,44,1,55,55,85,45
71,25,41,0,45,65,85,45
71,26,22,1,45,70,75,45
71,27,28,0,35,70,85,45
71,28,42,1,35,75,85,45
71,29,46,0,28,75,85,50
71,30,45,0,28,75,85,55
71,31,48,1,28,80,85,45
71,32,30,0,28,80,75,55
71,33,14,1,28,85,75,55
71,34,44,0,28,85,85,60
71,35,22,1,28,90,75,60
71,36,25,0,28,85,85,60
71,37,36,0,28,80,85,62
71,38,46,0,21,80,85,67
71,39,3,0,36,80,80,67
71,40,15,0,56,75,80,67
71,41,16,1,56,75,70,67
71,42,11,0,51,75,70,69
71,43,1,1,43,75,75,69
71,44,13,1,48,80,75,69
71,45,14,0,48,80,75,74
71,46,43,1,48,80,80,59
71,47,2,1,53,80,70,59
71,48,5,1,58,80,60,59
71,49,4,0,43,85,60,59
71,50,37,0,31,95,60,59
71,51,7,1,36,95,60,54
71,52,12,1,41,95,60,54
71,53,40,0,41,105,50,54
71,54,1,0,51,105,35,54
71,55,22,1,51,110,25,54
71,56,5,0,46,110,30,54
71,57,3,0,61,110,25,54
71,58,7,1,66,110,25,49
71,59,2,1,71,110,15,49
71,60,16,1,71,110,5,49
71,61,9,1,76,110,5,49
71,62,4,1,86,110,5,44
71,63,47,1,86,110,5,59
71,64,12,0,81,120,5,59
71,65,10,0,76,125,5,59
71,66,20,1,76,130,-10,59
71,67,5,1,81,130,-20,59
71,68,18,0,56,130,-20,69
71,69,12,1,61,130,-20,69
71,70,11,1,66,130,-20,69
71,71,23,1,76,130,-25,69
71,72,42,1,76,135,-25,69
71,73,43,1,76,135,-20,54
71,74,39,0,69,140,-20,54
71,75,38,1,74,140,-20,54
71,76,13,1,79,145,-20,54
71,77,15,1,79,150,-20,54
71,78,40,1,79,140,-10,54
71,79,3,1,72,140,-10,59
71,80,16,0,62,145,-10,59
71,81,4,0,47,150,-10,59
71,82,11,0,42,150,-10,61
71,83,26,1,52,150,-15,61
71,84,1,0,62,150,-30,61
71,85,3,1,55,150,-30,66
71,86,2,1,60,150,-40,66
71,87,16,1,60,150,-50,66
71,88,39,1,65,150,-50,61
71,89,47,1,65,150,-50,76
71,90,42,1,65,155,-50,76
71,91,22,0,60,155,-45,76
71,92,23,1,70,155,-50,76
71,93,41,1,75,145,-50,76
71,94,1,0,85,145,-65,76
71,95,13,0,85,145,-65,81
71,96,15,0,105,140,-65,81
71,97,5,1,110,140,-75,81
71,98,37,0,98,150,-75,81
71,99,27,0,108,135,-75,81
72,0,4,0,35,55,50,50
72,1,16,1,35,55,40,50
72,2,5,1,40,55,30,50
72,3,45,1,40,60,30,50
72,4,42,0,32,60,30,60
72,5,12,0,27,70,30,60
72,6,7,0,12,75,30,60
72,7,8,1,2,75,30,65
72,8,30,0,2,75,20,75
72,9,25,0,2,70,30,75
72,10,1,1,-6,70,35,75
72,11,24,1,-1,70,35,75
72,12,16,1,-1,70,25,75
72,13,27,0,9,55,25,75
72,14,21,1,9,60,10,75
72,15,15,1,9,65,10,75
72,16,7,1,14,65,10,70
72,17,42,0,6,65,10,80
72,18,26,0,1,65,10,85
72,19,6,1,-7,65,10,90
72,20,41,0,-17,75,10,90
72,21,37,0,-29,85,10,90
72,22,21,0,-34,85,25,90
72,23,10,0,-39,90,25,90
72,24,43,1,-39,90,30,75
72,25,13,1,-34,95,30,75
72,26,15,0,-14,90,30,75
72,27,26,1,-4,90,25,75
72,28,41,0,-14,100,25,75
72,29,2,1,-9,100,15,75
72,30,1,1,-17,100,20,75
72,31,43,0,3,100,10,75
72,32,46,0,-4,100,10,80
72,33,16,1,-4,100,0,80
72,34,25,0,-4,95,10,80
72,35,14,0,-4,95,10,85
72,36,39,1,1,95,10,80
72,37,40,0,1,105,0,80
72,38,11,0,-4,105,0,82
72,39,47,0,21,105,0,82
72,40,12,0,16,115,0,82
72,41,2,0,6,115,5,82
72,42,25,0,6,110,15,82
72,43,3,0,21,110,10,82
72,44,10,1,41,110,0,82
72,45,46,1,46,110,0,77
72,46,23,1,56,110,-5,77
72,47,13,1,61,115,-5,77
72,48,25,0,61,110,5,77
72,49,15,1,61,115,5,77
72,50,16,1,61,115,-5,77
72,51,5,0,56,115,0,77
72,52,14,0,56,115,0,82
72,53,4,1,66,115,0,77
72,54,47,1,66,115,0,92
72,55,15,0,86,110,0,92
72,56,24,0,81,110,5,92
72,57,6,1,73,110,5,97
72,58,40,0,73,120,-5,97
72,59,4,0,58,125,-5,97
72,60,12,0,53,135,-5,97
72,61,21,0,48,135,10,97
72,62,6,0,58,135,5,97
72,63,9,1,63,135,5,97
72,64,44,1,68,135,5,97
72,65,12,0,63,145,5,97
72,66,13,0,63,145,5,102
72,67,11,1,68,145,5,102
72,68,16,0,58,150,5,102
72,69,15,1,58,155,5,102
72,70,36,1,58,160,5,97
72,71,46,0,51,160,5,102
72,72,38,1,56,160,5,102
72,73,43,0,76,160,-5,102
72,74,22,1,76,165,-15,102
72,75,24,1,81,165,-15,102
72,76,7,1,86,165,-15,97
72,77,15,0,106,160,-15,97
72,78,40,1,106,150,-5,97
72,79,17,1,91,150,5,97
72,80,3,1,84,150,5,102
72,81,1,1,76,150,10,102
72,82,47,0,101,150,10,102
72,83,13,0,101,150,10,107
72,84,11,0,96,150,10,109
72,85,23,0,91,140,10,114
72,86,2,0,81,140,15,114
72,87,17,0,61,150,15,114
72,88,28,0,51,150,25,114
72,89,45,1,51,155,25,114
72,90,10,0,46,160,25,114
72,91,2,1,51,160,15,114
72,92,30,1,51,160,25,114
72,93,5,1,56,160,15,114
72,94,25,1,56,165,5,114
72,95,22,0,51,165,10,114
72,96,39,1,56,165,10,109
72,97,15,1,56,170,10,109
72,98,5,0,51,170,15,109
72,99,1,0,61,170,0,109
73,0,22,1,50,55,40,50
73,1,21,0,45,55,55,50
73,2,25,1,45,60,45,50
73,3,44,0,45,60,55,55
73,4,36,1,45,65,55,50
73,5,11,0,40,65,55,52
73,6,15,0,60,60,55,52
73,7,2,1,65,60,45,52
73,8,27,1,65,65,40,52
73,9,20,1,65,70,25,52
73,10,18,1,75,70,25,52
73,11,26,0,70,70,25,57
73,12,10,0,65,75,25,57
73,13,25,0,65,70,35,57
73,14,4,1,75,70,35,52
73,15,15,0,95,65,35,52
73,16,11,1,100,65,35,52
73,17,5,0,95,65,40,52
73,18,24,1,100,65,40,52
73,19,19,0,80,65,50,62
73,20,37,1,90,65,50,62
73,21,9,0,85,65,50,67
73,22,20,1,85,70,35,67
73,23,1,0,95,70,20,67
73,24,36,0,95,65,20,69
73,25,7,1,100,65,20,64
73,26,29,0,90,65,25,64
73,27,22,1,90,70,15,64
73,28,43,0,110,70,5,64
73,29,28,1,120,70,5,64
73,30,12,1,125,70,5,64
73,31,3,1,118,70,5,69
73,32,16,1,118,70,-5,69
73,33,19,1,133,70,-5,69
73,34,15,1,133,75,-5,69
73,35,26,0,128,75,-5,74
73,36,39,1,133,75,-5,69
73,37,10,0,128,80,-5,69
73,38,2,1,133,80,-15,69
73,39,41,1,138,70,-15,69
73,40,28,1,148,70,-15,69
73,41,22,1,148,75,-25,69
73,42,12,1,153,75,-25,69
73,43,5,1,158,75,-35,69
73,44,20,0,153,75,-20,69
73,45,11,1,158,75,-20,69
73,46,14,0,158,75,-20,74
73,47,6,0,168,75,-25,74
73,48,2,1,173,75,-35,74
73,49,21,0,168,75,-20,74
73,50,46,1,173,75,-20,69
73,51,13,0,173,75,-20,74
73,52,10,0,168,80,-20,74
73,53,3,1,161,80,-20,79
73,54,18,0,136,80,-20,89
73,55,30,0,136,80,-30,99
73,56,16,1,136,80,-40,99
73,57,11,0,131,80,-40,101
73,58,4,1,141,80,-40,96
73,59,9,0,136,80,-40,101
73,60,7,1,141,80,-40,96
73,61,20,0,136,80,-25,96
73,62,11,1,141,80,-25,96
73,63,15,0,161,75,-25,96
73,64,48,1,161,80,-25,86
73,65,21,1,161,85,-40,86
73,66,42,0,153,85,-40,96
73,67,12,0,148,95,-40,96
73,68,22,0,143,95,-35,96
73,69,29,1,143,110,-55,96
73,70,1,0,153,110,-70,96
73,71,41,0,143,120,-70,96
73,72,12,1,148,120,-70,96
73,73,8,1,138,120,-70,101
73,74,13,1,143,125,-70,101
73,75,1,0,153,125,-85,101
73,76,28,0,143,125,-75,101
73,77,7,1,148,125,-75,96
73,78,15,1,148,130,-75,96
73,79,41,0,138,140,-75,96
73,80,20,0,133,140,-60,96
73,81,37,0,121,150,-60,96
73,82,5,1,126,150,-70,96
73,83,1,0,136,150,-85,96
73,84,12,0,131,160,-85,96
73,85,16,1,131,160,-95,96
73,86,26,1,141,160,-100,96
73,87,15,1,141,165,-100,96
73,88,11,1,146,165,-100,96
73,89,37,1,156,165,-100,96
73,90,23,0,151,155,-100,101
73,91,20,1,151,160,-115,101
73,92,25,1,151,165,-125,101
73,93,22,0,146,165,-120,101
73,94,11,0,141,165,-120,103
73,95,40,0,141,175,-130,103
73,96,14,1,141,180,-130,103
73,97,25,1,141,185,-140,103
73,98,4,1,151,185,-140,98
73,99,22,1,151,190,-150,98
74,0,16,1,50,50,40,50
74,1,25,0,50,45,50,50
74,2,1,0,60,45,35,50
74,3,15,1,60,50,35,50
74,4,7,1,65,50,35,45
74,5,23,1,75,50,30,45
74,6,10,0,70,55,30,45
74,7,28,1,80,55,30,45
74,8,36,0,80,50,30,47
74,9,15,1,80,55,30,47
74,10,22,1,80,60,20,47
74,11,38,1,85,60,20,47
74,12,14,0,85,60,20,52
74,13,24,0,80,60,25,52
74,14,30,1,80,60,35,52
74,15,25,0,80,55,45,52
74,16,3,1,73,55,45,57
74,17,1,1,65,55,50,57
74,18,4,0,50,60,50,57
74,19,41,1,55,50,50,57
74,20,13,0,55,50,50,62
74,21,3,0,70,50,45,62
74,22,18,0,45,50,45,72
74,23,46,1,50,50,45,67
74,24,20,0,45,50,60,67
74,25,44,1,50,50,60,67
74,26,15,0,70,45,60,67
74,27,2,0,60,45,65,67
74,28,47,0,85,45,65,67
74,29,23,1,95,45,60,67
74,30,12,0,90,55,60,67
74,31,15,1,90,60,60,67
74,32,45,0,90,60,60,72
74,33,9,1,95,60,60,72
74,34,44,0,95,60,70,77
74,35,10,0,90,65,70,77
74,36,8,0,90,70,60,77
74,37,28,1,100,70,60,77
74,38,38,1,105,70,60,77
74,39,5,0,100,70,65,77
74,40,19,0,80,70,75,87
74,41,7,0,65,75,75,87
74,42,40,1,65,65,85,87
74,43,4,1,75,65,85,82
74,44,27,1,75,70,80,82
74,45,10,1,95,70,70,82
74,46,17,0,75,80,70,82
74,47,8,1,65,80,70,87
74,48,5,0,60,80,75,87
74,49,12,0,55,90,75,87
74,50,15,0,75,85,75,87
74,51,43,0,95,85,65,87
74,52,11,1,100,85,65,87
74,53,9,0,95,85,65,92
74,54,25,0,95,80,75,92
74,55,12,0,90,90,75,92
74,56,13,1,95,95,75,92
74,57,1,0,105,95,60,92
74,58,27,1,105,100,55,92
74,59,41,0,95,110,55,92
74,60,25,0,95,105,65,92
74,61,37,0,83,115,65,92
74,62,28,1,93,115,65,92
74,63,16,1,93,115,55,92
74,64,17,1,78,115,65,92
74,65,10,1,98,115,55,92
74,66,7,0,83,120,55,92
74,67,1,0,93,120,40,92
74,68,3,0,108,120,35,92
74,69,41,1,113,110,35,92
74,70,15,0,133,105,35,92
74,71,7,0,118,110,35,92
74,72,21,1,118,115,20,92
74,73,4,0,103,120,20,92
74,74,5,0,98,120,25,92
74,75,12,1,103,120,25,92
74,76,23,1,113,120,20,92
74,77,2,1,118,120,10,92
74,78,1,0,128,120,-5,92
74,79,41,0,118,130,-5,92
74,80,7,0,103,135,-5,92
74,81,30,0,103,135,-15,102
74,82,22,1,103,140,-25,102
74,83,15,0,123,135,-25,102
74,84,23,1,133,135,-30,102
74,85,4,1,143,135,-30,97
74,86,20,0,138,135,-15,97
74,87,14,1,138,140,-15,97
74,88,5,0,133,140,-10,97
74,89,27,0,143,125,-10,97
74,90,1,1,135,125,-5,97
74,91,43,0,155,125,-15,97
74,92,13,0,155,125,-15,102
74,93,36,1,155,130,-15,97
74,94,2,0,145,130,-10,97
74,95,14,0,145,130,-10,102
74,96,3,0,160,130,-15,102
74,97,9,1,165,130,-15,102
74,98,7,1,170,130,-15,97
74,99,16,0,160,135,-15,97
75,0,24,1,55,50,50,50
75,1,15,1,55,55,50,50
75,2,10,1,75,55,40,50
75,3,18,0,50,55,40,60
75,4,20,0,45,55,55,60
75,5,40,1,45,45,65,60
75,6,8,1,35,45,65,65
75,7,17,1,20,45,75,65
75,8,3,0,35,45,70,65
75,9,41,1,40,35,70,65
75,10,4,1,50,35,70,60
75,11,28,1,60,35,70,60
75,12,1,1,52,35,75,60
75,13,7,0,37,40,75,60
75,14,39,0,30,45,75,60
75,15,38,1,35,45,75,60
75,16,20,1,35,50,60,60
75,17,16,1,35,50,50,60
75,18,13,0,35,50,50,65
75,19,11,0,30,50,50,67
75,20,2,1,35,50,40,67
75,21,10,1,55,50,30,67
75,22,12,0,50,60,30,67
75,23,39,0,43,65,30,67
75,24,5,1,48,65,20,67
75,25,1,1,40,65,25,67
75,26,10,1,60,65,15,67
75,27,9,0,55,65,15,72
75,28,3,0,70,65,10,72
75,29,21,0,65,65,25,72
75,30,8,1,55,65,25,77
75,31,25,1,55,70,15,77
75,32,44,1,60,70,15,77
75,33,23,1,70,70,10,77
75,34,22,0,65,70,15,77
75,35,3,1,58,70,15,82
75,36,1,1,50,70,20,82
75,37,41,0,40,80,20,82
75,38,38,1,45,80,20,82
75,39,10,0,40,85,20,82
75,40,4,1,50,85,20,77
75,41,23,0,45,75,20,82
75,42,3,0,60,75,15,82
75,43,12,0,55,85,15,82
75,44,44,1,60,85,15,82
75,45,26,0,55,85,15,87
75,46,2,1,60,85,5,87
75,47,37,0,48,95,5,87
75,48,36,0,48,90,5,89
75,49,24,1,53,90,5,89
75,50,27,1,53,95,0,89
75,51,13,1,58,100,0,89
75,52,42,0,50,100,0,99
75,53,14,1,50,105,0,99
75,54,6,1,42,105,0,104
75,55,20,1,42,110,-15,104
75,56,25,0,42,105,-5,104
75,57,27,1,42,110,-10,104
75,58,18,1,52,110,-10,104
75,59,5,0,47,110,-5,104
75,60,36,1,47,115,-5,99
75,61,9,0,42,115,-5,104
75,62,12,0,37,125,-5,104
75,63,46,1,42,125,-5,99
75,64,29,0,32,125,0,99
75,65,43,1,32,125,5,84
75,66,1,1,24,125,10,84
75,67,40,0,24,135,0,84
75,68,21,0,19,135,15,84
75,69,3,0,34,135,10,84
75,70,22,1,34,140,0,84
75,71,23,0,29,130,0,89
75,72,14,1,29,135,0,89
75,73,11,0,24,135,0,91
75,74,21,0,19,135,15,91
75,75,25,0,19,130,25,91
75,76,13,1,24,135,25,91
75,77,12,0,19,145,25,91
75,78,44,1,24,145,25,91
75,79,8,0,24,150,15,91
75,80,11,1,29,150,15,91
75,81,5,0,24,150,20,91
75,82,12,1,29,150,20,91
75,83,20,0,24,150,35,91
75,84,45,0,24,150,35,96
75,85,38,0,19,155,35,96
75,86,43,0,39,155,25,96
75,87,44,0,39,155,35,101
75,88,21,1,39,160,20,101
75,89,25,1,39,165,10,101
75,90,29,0,29,165,15,101
75,91,11,0,24,165,15,103
75,92,27,0,34,150,15,103
75,93,13,0,34,150,15,108
75,94,22,0,29,150,20,108
75,95,25,0,29,145,30,108
75,96,14,0,29,145,30,113
75,97,38,1,34,145,30,113
75,98,12,1,39,145,30,113
75,99,5,0,34,145,35,113
76,0,8,0,50,55,40,50
76,1,25,0,50,50,50,50
76,2,2,0,40,50,55,50
76,3,12,1,45,50,55,50
76,4,15,0,65,45,55,50
76,5,22,0,60,45,60,50
76,6,11,0,55,45,60,52
76,7,3,1,48,45,60,57
76,8,10,1,68,45,50,57
76,9,2,1,73,45,40,57
76,10,42,1,73,50,40,57
76,11,7,1,78,50,40,52
76,12,1,1,70,50,45,52
76,13,14,1,70,55,45,52
76,14,18,1,80,55,45,52
76,15,12,0,75,65,45,52
76,16,9,1,80,65,45,52
76,17,5,0,75,65,50,52
76,18,10,1,95,65,40,52
76,19,42,1,95,70,40,52
76,20,1,1,87,70,45,52
76,21,36,1,87,75,45,47
76,22,38,0,82,80,45,47
76,23,43,1,82,80,50,32
76,24,11,0,77,80,50,34
76,25,23,1,87,80,45,34
76,26,14,0,87,80,45,39
76,27,9,1,92,80,45,39
76,28,5,0,87,80,50,39
76,29,25,0,87,75,60,39
76,30,11,0,82,75,60,41
76,31,20,1,82,80,45,41
76,32,12,1,87,80,45,41
76,33,15,1,87,85,45,41
76,34,42,1,87,90,45,41
76,35,30,1,87,90,55,41
76,36,11,1,92,90,55,41
76,37,10,0,87,95,55,41
76,38,45,0,87,95,55,46
76,39,2,0,77,95,60,46
76,40,13,0,77,95,60,51
76,41,40,0,77,105,50,51
76,42,37,1,87,105,50,51
76,43,7,0,72,110,50,51
76,44,16,1,72,110,40,51
76,45,3,1,65,110,40,56
76,46,14,1,65,115,40,56
76,47,4,1,75,115,40,51
76,48,15,1,75,120,40,51
76,49,1,0,85,120,25,51
76,50,13,1,90,125,25,51
76,51,23,1,100,125,20,51
76,52,20,0,95,125,35,51
76,53,26,0,90,125,35,56
76,54,1,1,82,125,40,56
76,55,14,1,82,130,40,56
76,56,23,1,92,130,35,56
76,57,39,0,85,135,35,56
76,58,28,0,75,135,45,56
76,59,22,1,75,140,35,56
76,60,1,0,85,140,20,56
76,61,25,0,85,135,30,56
76,62,20,1,85,140,15,56
76,63,10,1,105,140,5,56
76,64,30,0,105,140,-5,66
76,65,18,1,115,140,-5,66
76,66,4,0,100,145,-5,66
76,67,29,0,90,145,0,66
76,68,13,0,90,145,0,71
76,69,20,1,90,150,-15,71
76,70,3,0,105,150,-20,71
76,71,9,0,100,150,-20,76
76,72,2,0,90,150,-15,76
76,73,10,0,85,155,-15,76
76,74,15,0,105,150,-15,76
76,75,12,1,110,150,-15,76
76,76,16,1,110,150,-25,76
76,77,3,1,103,150,-25,81
76,78,13,0,103,150,-25,86
76,79,41,1,108,140,-25,86
76,80,20,1,108,145,-40,86
76,81,25,0,108,140,-30,86
76,82,48,1,108,145,-30,76
76,83,15,1,108,150,-30,76
76,84,2,1,113,150,-40,76
76,85,19,1,128,150,-40,76
76,86,23,1,138,150,-45,76
76,87,3,0,153,150,-50,76
76,88,15,0,173,145,-50,76
76,89,29,0,163,145,-45,76
76,90,26,1,173,145,-50,76
76,91,5,0,168,145,-45,76
76,92,2,1,173,145,-55,76
76,93,16,1,173,145,-65,76
76,94,6,1,165,145,-65,81
76,95,12,0,160,155,-65,81
76,96,22,1,160,160,-75,81
76,97,1,1,152,160,-70,81
76,98,3,1,145,160,-70,86
76,99,8,0,145,165,-80,86
77,0,9,0,45,50,50,55
77,1,12,1,50,50,50,55
77,2,15,0,70,45,50,55
77,3,5,0,65,45,55,55
77,4,38,1,70,45,55,55
77,5,9,0,65,45,55,60
77,6,22,1,65,50,45,60
77,7,12,0,60,60,45,60
77,8,28,1,70,60,45,60
77,9,20,0,65,60,60,60
77,10,26,0,60,60,60,65
77,11,9,1,65,60,60,65
77,12,13,1,70,65,60,65
77,13,40,1,70,55,70,65
77,14,2,1,75,55,60,65
77,15,17,0,55,65,60,65
77,16,5,0,50,65,65,65
77,17,3,0,65,65,60,65
77,18,40,1,65,55,70,65
77,19,12,0,60,65,70,65
77,20,43,0,80,65,60,65
77,21,41,0,70,75,60,65
77,22,5,1,75,75,50,65
77,23,15,1,75,80,50,65
77,24,14,0,75,80,50,70
77,25,1,0,85,80,35,70
77,26,4,1,95,80,35,65
77,27,5,1,100,80,25,65
77,28,12,1,105,80,25,65
77,29,3,0,120,80,20,65
77,30,21,1,120,85,5,65
77,31,48,1,120,90,5,55
77,32,1,1,112,90,10,55
77,33,5,0,107,90,15,55
77,34,7,0,92,95,15,55
77,35,11,0,87,95,15,57
77,36,38,0,82,100,15,57
77,37,22,1,82,105,5,57
77,38,16,0,72,110,5,57
77,39,23,1,82,110,0,57
77,40,9,1,87,110,0,57
77,41,10,0,82,115,0,57
77,42,22,1,82,120,-10,57
77,43,1,1,74,120,-5,57
77,44,12,0,69,130,-5,57
77,45,20,1,69,135,-20,57
77,46,10,1,89,135,-30,57
77,47,5,1,94,135,-40,57
77,48,39,1,99,135,-40,52
77,49,30,1,99,135,-30,52
77,50,40,1,99,125,-20,52
77,51,10,0,94,130,-20,52
77,52,18,0,69,130,-20,62
77,53,24,1,74,130,-20,62
77,54,38,1,79,130,-20,62
77,55,12,0,74,140,-20,62
77,56,10,0,69,145,-20,62
77,57,28,0,59,145,-10,62
77,58,20,0,54,145,5,62
77,59,39,0,47,150,5,62
77,60,43,0,67,150,-5,62
77,61,23,0,62,140,-5,67
77,62,16,0,52,145,-5,67
77,63,15,0,72,140,-5,67
77,64,37,1,82,140,-5,67
77,65,38,1,87,140,-5,67
77,66,9,0,82,140,-5,72
77,67,3,0,97,140,-10,72
77,68,16,1,97,140,-20,72
77,69,12,0,92,150,-20,72
77,70,17,1,77,150,-10,72
77,71,1,1,69,150,-5,72
77,72,6,1,61,150,-5,77
77,73,26,0,56,150,-5,82
77,74,2,0,46,150,0,82
77,75,10,0,41,155,0,82
77,76,23,1,51,155,-5,82
77,77,9,1,56,155,-5,82
77,78,12,0,51,165,-5,82
77,79,1,1,43,165,0,82
77,80,28,1,53,165,0,82
77,81,37,0,41,175,0,82
77,82,22,1,41,180,-10,82
77,83,26,0,36,180,-10,87
77,84,24,0,31,180,-5,87
77,85,14,0,31,180,-5,92
77,86,48,1,31,185,-5,82
77,87,4,0,16,190,-5,82
77,88,20,1,16,195,-20,82
77,89,5,1,21,195,-30,82
77,90,36,1,21,200,-30,77
77,91,6,0,31,200,-35,77
77,92,10,1,51,200,-45,77
77,93,12,1,56,200,-45,77
77,94,5,0,51,200,-40,77
77,95,19,0,31,200,-30,87
77,96,9,1,36,200,-30,87
77,97,41,1,41,190,-30,87
77,98,8,1,31,190,-30,92
77,99,46,1,36,190,-30,87
78,0,26,0,45,50,50,55
78,1,1,0,55,50,35,55
78,2,19,1,70,50,35,55
78,3,20,1,70,55,20,55
78,4,37,1,80,55,20,55
78,5,42,1,80,60,20,55
78,6,27,0,90,45,20,55
78,7,10,1,110,45,10,55
78,8,41,1,115,35,10,55
78,9,16,0,105,40,10,55
78,10,11,1,110,40,10,55
78,11,44,1,115,40,10,55
78,12,6,1,107,40,10,60
78,13,39,1,112,40,10,55
78,14,25,1,112,45,0,55
78,15,3,0,127,45,-5,55
78,16,26,1,137,45,-10,55
78,17,46,0,130,45,-10,60
78,18,11,0,125,45,-10,62
78,19,18,1,135,45,-10,62
78,20,5,1,140,45,-20,62
78,21,23,0,135,35,-20,67
78,22,45,1,135,40,-20,67
78,23,9,0,130,40,-20,72
78,24,39,0,123,45,-20,72
78,25,41,1,128,35,-20,72
78,26,25,0,128,30,-10,72
78,27,28,0,118,30,0,72
78,28,47,0,143,30,0,72
78,29,10,0,138,35,0,72
78,30,14,0,138,35,0,77
78,31,38,0,133,40,0,77
78,32,13,1,138,45,0,77
78,33,9,0,133,45,0,82
78,34,41,0,123,55,0,82
78,35,28,1,133,55,0,82
78,36,5,1,138,55,-10,82
78,37,1,1,130,55,-5,82
78,38,38,1,135,55,-5,82
78,39,23,0,130,45,-5,87
78,40,48,0,120,45,-5,92
78,41,20,1,120,50,-20,92
78,42,1,1,112,50,-15,92
78,43,10,1,132,50,-25,92
78,44,36,1,132,55,-25,87
78,45,22,0,127,55,-20,87
78,46,13,0,127,55,-20,92
78,47,17,0,107,65,-20,92
78,48,15,0,127,60,-20,92
78,49,4,1,137,60,-20,87
78,50,9,1,142,60,-20,87
78,51,23,0,137,50,-20,92
78,52,1,1,129,50,-15,92
78,53,13,1,134,55,-15,92
78,54,12,0,129,65,-15,92
78,55,36,0,129,60,-15,94
78,56,48,0,119,60,-15,99
78,57,1,0,129,60,-30,99
78,58,4,1,139,60,-30,94
78,59,13,0,139,60,-30,99
78,60,39,1,144,60,-30,94
78,61,29,0,134,60,-25,94
78,62,25,0,134,55,-15,94
78,63,16,0,124,60,-15,94
78,64,12,0,119,70,-15,94
78,65,2,0,109,70,-10,94
78,66,3,0,124,70,-15,94
78,67,22,0,119,70,-10,94
78,68,5,1,124,70,-20,94
78,69,37,0,112,80,-20,94
78,70,4,0,97,85,-20,94
78,71,46,0,90,85,-20,99
78,72,28,0,80,85,-10,99
78,73,41,0,70,95,-10,99
78,74,15,1,70,100,-10,99
78,75,23,0,65,90,-10,104
78,76,2,1,70,90,-20,104
78,77,3,0,85,90,-25,104
78,78,9,0,80,90,-25,109
78,79,7,0,65,95,-25,109
78,80,44,1,70,95,-25,109
78,81,22,0,65,95,-20,109
78,82,13,0,65,95,-20,114
78,83,3,1,58,95,-20,119
78,84,2,0,48,95,-15,119
78,85,38,1,53,95,-15,119
78,86,46,0,46,95,-15,124
78,87,10,0,41,100,-15,124
78,88,45,1,41,105,-15,124
78,89,16,1,41,105,-25,124
78,90,3,1,34,105,-25,129
78,91,13,1,39,110,-25,129
78,92,2,0,29,110,-20,129
78,93,27,0,39,95,-20,129
78,94,40,0,39,105,-30,129
78,95,14,1,39,110,-30,129
78,96,24,1,44,110,-30,129
78,97,7,0,29,115,-30,129
78,98,1,0,39,115,-45,129
78,99,39,0,32,120,-45,129
79,0,7,1,55,50,50,45
79,1,15,1,55,55,50,45
79,2,37,0,43,65,50,45
79,3,23,1,53,65,45,45
79,4,30,1,53,65,55,45
79,5,29,1,53,80,35,45
79,6,15,1,53,85,35,45
79,7,28,1,63,85,35,45
79,8,16,1,63,85,25,45
79,9,3,0,78,85,20,45
79,10,23,0,73,75,20,50
79,11,12,0,68,85,20,50
79,12,41,0,58,95,20,50
79,13,38,0,53,100,20,50
79,14,45,0,53,100,20,55
79,15,9,0,48,100,20,60
79,16,44,1,53,100,20,60
79,17,11,1,58,100,20,60
79,18,5,0,53,100,25,60
79,19,12,1,58,100,25,60
79,20,21,1,58,105,10,60
79,21,2,0,48,105,15,60
79,22,14,0,48,105,15,65
79,23,20,1,48,110,0,65
79,24,9,0,43,110,0,70
79,25,10,0,38,115,0,70
79,26,13,1,43,120,0,70
79,27,40,1,43,110,10,70
79,28,15,0,63,105,10,70
79,29,16,1,63,105,0,70
79,30,21,0,58,105,15,70
79,31,20,1,58,110,0,70
79,32,2,0,48,110,5,70
79,33,26,1,58,110,0,70
79,34,3,1,51,110,0,75
79,35,11,0,46,110,0,77
79,36,12,1,51,110,0,77
79,37,8,0,51,115,-10,77
79,38,9,1,56,115,-10,77
79,39,44,0,56,115,0,82
79,40,47,0,81,115,0,82
79,41,12,0,76,125,0,82
79,42,7,1,81,125,0,77
79,43,2,0,71,125,5,77
79,44,25,0,71,120,15,77
79,45,1,1,63,120,20,77
79,46,22,0,58,120,25,77
79,47,15,0,78,115,25,77
79,48,5,1,83,115,15,77
79,49,26,1,93,115,10,77
79,50,40,1,93,105,20,77
79,51,8,0,93,110,10,77
79,52,14,1,93,115,10,77
79,53,47,0,118,115,10,77
79,54,16,0,108,120,10,77
79,55,38,0,103,125,10,77
79,56,19,0,83,125,20,87
79,57,22,1,83,130,10,87
79,58,46,0,76,130,10,92
79,59,4,1,86,130,10,87
79,60,37,0,74,140,10,87
79,61,1,1,66,140,15,87
79,62,8,0,66,145,5,87
79,63,11,0,61,145,5,89
79,64,28,0,51,145,15,89
79,65,40,0,51,155,5,89
79,66,3,0,66,155,0,89
79,67,13,1,71,160,0,89
79,68,14,0,71,160,0,94
79,69,27,1,71,165,-5,94
79,70,12,0,66,175,-5,94
79,71,44,1,71,175,-5,94
79,72,42,0,63,175,-5,104
79,73,45,1,63,180,-5,104
79,74,41,1,68,170,-5,104
79,75,13,0,68,170,-5,109
79,76,29,0,58,170,0,109
79,77,4,1,68,170,0,104
79,78,1,1,60,170,5,104
79,79,5,0,55,170,10,104
79,80,45,1,55,175,10,104
79,81,46,1,60,175,10,99
79,82,12,0,55,185,10,99
79,83,40,0,55,195,0,99
79,84,8,1,45,195,0,104
79,85,38,1,50,195,0,104
79,86,14,1,50,200,0,104
79,87,4,1,60,200,0,99
79,88,1,1,52,200,5,99
79,89,18,0,27,200,5,109
79,90,13,1,32,205,5,109
79,91,10,0,27,210,5,109
79,92,45,1,27,215,5,109
79,93,12,1,32,215,5,109
79,94,14,1,32,220,5,109
79,95,8,0,32,225,-5,109
79,96,9,0,27,225,-5,114
79,97,30,1,27,225,5,114
79,98,13,1,32,230,5,114
79,99,26,0,27,230,5,119
80,0,8,1,40,50,50,55
80,1,13,1,45,55,50,55
80,2,41,1,50,45,50,55
80,3,10,0,45,50,50,55
80,4,22,0,40,50,55,55
80,5,11,0,35,50,55,57
80,6,16,1,35,50,45,57
80,7,12,0,30,60,45,57
80,8,36,1,30,65,45,52
80,9,13,0,30,65,45,57
80,10,47,0,55,65,45,57
80,11,9,0,50,65,45,62
80,12,23,0,45,55,45,67
80,13,15,1,45,60,45,67
80,14,18,0,20,60,45,77
80,15,11,1,25,60,45,77
80,16,36,1,25,65,45,72
80,17,2,1,30,65,35,72
80,18,21,0,25,65,50,72
80,19,12,0,20,75,50,72
80,20,25,1,20,80,40,72
80,21,47,0,45,80,40,72
80,22,4,1,55,80,40,67
80,23,16,0,45,85,40,67
80,24,41,0,35,95,40,67
80,25,14,1,35,100,40,67
80,26,12,1,40,100,40,67
80,27,9,0,35,100,40,72
80,28,26,1,45,100,35,72
80,29,22,0,40,100,40,72
80,30,13,1,45,105,40,72
80,31,1,1,37,105,45,72
80,32,43,0,57,105,35,72
80,33,20,0,52,105,50,72
80,34,9,1,57,105,50,72
80,35,25,0,57,100,60,72
80,36,44,0,57,100,70,77
80,37,26,0,52,100,70,82
80,38,45,1,52,105,70,82
80,39,1,1,44,105,75,82
80,40,25,0,44,100,85,82
80,41,38,0,39,105,85,82
80,42,29,1,39,120,65,82
80,43,16,0,29,125,65,82
80,44,17,0,9,135,65,82
80,45,12,0,4,145,65,82
80,46,26,1,14,145,60,82
80,47,14,0,14,145,60,87
80,48,2,1,19,145,50,87
80,49,4,1,29,145,50,82
80,50,15,1,29,150,50,82
80,51,3,1,22,150,50,87
80,52,21,1,22,155,35,87
80,53,8,0,22,160,25,87
80,54,29,1,22,175,5,87
80,55,28,0,12,175,15,87
80,56,1,0,22,175,0,87
80,57,40,0,22,185,-10,87
80,58,25,0,22,180,0,87
80,59,8,0,22,185,-10,87
80,60,5,1,27,185,-20,87
80,61,13,1,32,190,-20,87
80,62,14,1,32,195,-20,87
80,63,10,0,27,200,-20,87
80,64,41,1,32,190,-20,87
80,65,38,1,37,190,-20,87
80,66,47,1,37,190,-20,102
80,67,27,0,47,175,-20,102
80,68,5,1,52,175,-30,102
80,69,1,0,62,175,-45,102
80,70,16,1,62,175,-55,102
80,71,36,0,62,170,-55,104
80,72,42,1,62,175,-55,104
80,73,41,0,52,185,-55,104
80,74,1,1,44,185,-50,104
80,75,11,0,39,185,-50,106
80,76,23,0,34,175,-50,111
80,77,16,1,34,175,-60,111
80,78,30,0,34,175,-70,121
80,79,9,1,39,175,-70,121
80,80,4,0,24,180,-70,121
80,81,1,0,34,180,-85,121
80,82,38,0,29,185,-85,121
80,83,22,0,24,185,-80,121
80,84,27,1,24,190,-85,121
80,85,21,0,19,190,-70,121
80,86,45,0,19,190,-70,126
80,87,11,1,24,190,-70,126
80,88,28,1,34,190,-70,126
80,89,15,1,34,195,-70,126
80,90,9,1,39,195,-70,126
80,91,5,0,34,195,-65,126
80,92,43,0,54,195,-75,126
80,93,25,0,54,190,-65,126
80,94,26,0,49,190,-65,131
80,95,9,0,44,190,-65,136
80,96,15,1,44,195,-65,136
80,97,20,0,39,195,-50,136
80,98,12,1,44,195,-50,136
80,99,41,1,49,185,-50,136
81,0,4,1,60,50,50,45
81,1,20,1,60,55,35,45
81,2,44,1,65,55,35,45
81,3,38,1,70,55,35,45
81,4,22,0,65,55,40,45
81,5,6,1,57,55,40,50
81,6,3,1,50,55,40,55
81,7,11,1,55,55,40,55
81,8,24,1,60,55,40,55
81,9,1,0,70,55,25,55
81,10,25,0,70,50,35,55
81,11,40,1,70,40,45,55
81,12,15,0,90,35,45,55
81,13,22,0,85,35,50,55
81,14,11,1,90,35,50,55
81,15,13,0,90,35,50,60
81,16,14,1,90,40,50,60
81,17,21,0,85,40,65,60
81,18,26,0,80,40,65,65
81,19,16,1,80,40,55,65
81,20,28,0,70,40,65,65
81,21,8,0,70,45,55,65
81,22,4,0,55,50,55,65
81,23,3,1,48,50,55,70
81,24,12,0,43,60,55,70
81,25,44,1,48,60,55,70
81,26,26,0,43,60,55,75
81,27,18,0,18,60,55,85
81,28,20,1,18,65,40,85
81,29,24,1,23,65,40,85
81,30,4,1,33,65,40,80
81,31,21,0,28,65,55,80
81,32,38,1,33,65,55,80
81,33,15,1,33,70,55,80
81,34,13,1,38,75,55,80
81,35,1,0,48,75,40,80
81,36,9,1,53,75,40,80
81,37,39,1,58,75,40,75
81,38,20,1,58,80,25,75
81,39,13,1,63,85,25,75
81,40,42,1,63,90,25,75
81,41,2,0,53,90,30,75
81,42,36,1,53,95,30,70
81,43,47,0,78,95,30,70
81,44,14,0,78,95,30,75
81,45,37,0,66,105,30,75
81,46,5,1,71,105,20,75
81,47,2,0,61,105,25,75
81,48,15,1,61,110,25,75
81,49,22,1,61,115,15,75
81,50,21,1,61,120,0,75
81,51,26,0,56,120,0,80
81,52,4,1,66,120,0,75
81,53,3,1,59,120,0,80
81,54,45,1,59,125,0,80
81,55,11,0,54,125,0,82
81,56,48,1,54,130,0,72
81,57,26,0,49,130,0,77
81,58,10,0,44,135,0,77
81,59,47,1,44,135,0,92
81,60,9,1,49,135,0,92
81,61,11,1,54,135,0,92
81,62,42,0,46,135,0,102
81,63,7,1,51,135,0,97
81,64,22,0,46,135,5,97
81,65,9,1,51,135,5,97
81,66,1,1,43,135,10,97
81,67,47,1,43,135,10,112
81,68,29,0,33,135,15,112
81,69,6,1,25,135,15,117
81,70,11,1,30,135,15,117
81,71,13,1,35,140,15,117
81,72,28,0,25,140,25,117
81,73,9,0,20,140,25,122
81,74,5,1,25,140,15,122
81,75,41,0,15,150,15,122
81,76,23,0,10,140,15,127
81,77,7,1,15,140,15,122
81,78,12,1,20,140,15,122
81,79,16,1,20,140,5,122
81,80,28,0,10,140,15,122
81,81,10,0,5,145,15,122
81,82,3,0,20,145,10,122
81,83,20,1,20,150,-5,122
81,84,6,1,12,150,-5,127
81,85,5,0,7,150,0,127
81,86,43,1,7,150,5,112
81,87,41,0,-3,160,5,112
81,88,37,0,-15,170,5,112
81,89,9,1,-10,170,5,112
81,90,23,1,0,170,0,112
81,91,14,1,0,175,0,112
81,92,20,1,0,180,-15,112
81,93,45,0,0,180,-15,117
81,94,8,0,0,185,-25,117
81,95,5,1,5,185,-35,117
81,96,41,0,-5,195,-35,117
81,97,4,1,5,195,-35,112
81,98,40,1,5,185,-25,112
81,99,11,0,0,185,-25,114
82,0,16,1,50,50,40,50
82,1,12,0,45,60,40,50
82,2,27,0,55,45,40,50
82,3,17,1,40,45,50,50
82,4,13,1,45,50,50,50
82,5,22,0,40,50,55,50
82,6,11,0,35,50,55,52
82,7,23,0,30,40,55,57
82,8,25,1,30,45,45,57
82,9,4,0,15,50,45,57
82,10,40,0,15,60,35,57
82,11,12,1,20,60,35,57
82,12,15,0,40,55,35,57
82,13,10,0,35,60,35,57
82,14,5,0,30,60,40,57
82,15,41,0,20,70,40,57
82,16,24,0,15,70,45,57
82,17,8,1,5,70,45,62
82,18,11,1,10,70,45,62
82,19,30,1,10,70,55,62
82,20,12,1,15,70,55,62
82,21,20,1,15,75,40,62
82,22,10,0,10,80,40,62
82,23,23,1,20,80,35,62
82,24,5,1,25,80,25,62
82,25,24,1,30,80,25,62
82,26,30,0,30,80,15,72
82,27,4,1,40,80,15,67
82,28,1,0,50,80,0,67
82,29,13,0,50,80,0,72
82,30,10,0,45,85,0,72
82,31,41,1,50,75,0,72
82,32,5,0,45,75,5,72
82,33,2,1,50,75,-5,72
82,34,4,1,60,75,-5,67
82,35,24,1,65,75,-5,67
82,36,20,1,65,80,-20,67
82,37,26,0,60,80,-20,72
82,38,36,1,60,85,-20,67
82,39,12,1,65,85,-20,67
82,40,42,0,57,85,-20,77
82,41,2,0,47,85,-15,77
82,42,20,0,42,85,0,77
82,43,16,0,32,90,0,77
82,44,10,0,27,95,0,77
82,45,15,0,47,90,0,77
82,46,44,0,47,90,10,82
82,47,41,1,52,80,10,82
82,48,16,1,52,80,0,82
82,49,36,0,52,75,0,84
82,50,46,0,45,75,0,89
82,51,22,0,40,75,5,89
82,52,15,0,60,70,5,89
82,53,6,0,70,70,0,89
82,54,20,0,65,70,15,89
82,55,5,0,60,70,20,89
82,56,10,0,55,75,20,89
82,57,24,1,60,75,20,89
82,58,6,0,70,75,15,89
82,59,12,0,65,85,15,89
82,60,16,1,65,85,5,89
82,61,2,0,55,85,10,89
82,62,25,0,55,80,20,89
82,63,1,1,47,80,25,89
82,64,20,1,47,85,10,89
82,65,13,0,47,85,10,94
82,66,24,1,52,85,10,94
82,67,46,0,45,85,10,99
82,68,48,1,45,90,10,89
82,69,4,0,30,95,10,89
82,70,11,0,25,95,10,91
82,71,21,0,20,95,25,91
82,72,25,1,20,100,15,91
82,73,16,0,10,105,15,91
82,74,26,0,5,105,15,96
82,75,2,0,-5,105,20,96
82,76,3,0,10,105,15,96
82,77,14,1,10,110,15,96
82,78,19,1,25,110,15,96
82,79,9,0,20,110,15,101
82,80,5,0,15,110,20,101
82,81,42,1,15,115,20,101
82,82,12,1,20,115,20,101
82,83,22,0,15,115,25,101
82,84,26,1,25,115,20,101
82,85,17,1,10,115,30,101
82,86,3,1,3,115,30,106
82,87,28,1,13,115,30,106
82,88,40,0,13,125,20,106
82,89,9,0,8,125,20,111
82,90,1,1,0,125,25,111
82,91,14,0,0,125,25,116
82,92,25,0,0,120,35,116
82,93,16,0,-10,125,35,116
82,94,2,0,-20,125,40,116
82,95,15,0,0,120,40,116
82,96,48,0,-10,120,40,121
82,97,26,1,0,120,35,121
82,98,41,0,-10,130,35,121
82,99,20,0,-15,130,50,121
83,0,3,1,43,50,50,55
83,1,46,1,48,50,50,50
83,2,8,1,38,50,50,55
83,3,20,1,38,55,35,55
83,4,1,0,48,55,20,55
83,5,16,1,48,55,10,55
83,6,27,1,48,60,5,55
83,7,15,1,48,65,5,55
83,8,24,1,53,65,5,55
83,9,30,0,53,65,-5,65
83,10,42,0,45,65,-5,75
83,11,3,0,60,65,-10,75
83,12,23,0,55,55,-10,80
83,13,25,1,55,60,-20,80
83,14,28,1,65,60,-20,80
83,15,4,1,75,60,-20,75
83,16,27,0,85,45,-20,75
83,17,43,0,105,45,-30,75
83,18,1,1,97,45,-25,75
83,19,22,0,92,45,-20,75
83,20,36,1,92,50,-20,70
83,21,18,1,102,50,-20,70
83,22,21,0,97,50,-5,70
83,23,37,0,85,60,-5,70
83,24,16,1,85,60,-15,70
83,25,11,0,80,60,-15,72
83,26,20,1,80,65,-30,72
83,27,14,0,80,65,-30,77
83,28,10,0,75,70,-30,77
83,29,25,0,75,65,-20,77
83,30,37,0,63,75,-20,77
83,31,28,0,53,75,-10,77
83,32,20,1,53,80,-25,77
83,33,36,0,53,75,-25,79
83,34,4,0,38,80,-25,79
83,35,42,1,38,85,-25,79
83,36,26,0,33,85,-25,84
83,37,9,1,38,85,-25,84
83,38,15,1,38,90,-25,84
83,39,20,1,38,95,-40,84
83,40,27,1,38,100,-45,84
83,41,38,1,43,100,-45,84
83,42,10,1,63,100,-55,84
83,43,13,1,68,105,-55,84
83,44,23,0,63,95,-55,89
83,45,15,1,63,100,-55,89
83,46,38,1,68,100,-55,89
83,47,8,1,58,100,-55,94
83,48,20,1,58,105,-70,94
83,49,10,1,78,105,-80,94
83,50,24,0,73,105,-75,94
83,51,16,1,73,105,-85,94
83,52,12,1,78,105,-85,94
83,53,48,0,68,105,-85,99
83,54,19,0,48,105,-75,109
83,55,15,1,48,110,-75,109
83,56,20,0,43,110,-60,109
83,57,5,1,48,110,-70,109
83,58,25,1,48,115,-80,109
83,59,10,1,68,115,-90,109
83,60,3,1,61,115,-90,114
83,61,47,0,86,115,-90,114
83,62,5,1,91,115,-100,114
83,63,13,0,91,115,-100,119
83,64,16,0,81,120,-100,119
83,65,18,0,56,120,-100,129
83,66,20,0,51,120,-85,129
83,67,43,1,51,120,-80,114
83,68,3,1,44,120,-80,119
83,69,6,0,54,120,-85,119
83,70,36,0,54,115,-85,121
83,71,17,0,34,125,-85,121
83,72,40,1,34,115,-75,121
83,73,13,0,34,115,-75,126
83,74,11,0,29,115,-75,128
83,75,41,1,34,105,-75,128
83,76,20,0,29,105,-60,128
83,77,26,0,24,105,-60,133
83,78,10,1,44,105,-70,133
83,79,25,1,44,110,-80,133
83,80,42,0,36,110,-80,143
83,81,9,0,31,110,-80,148
83,82,4,0,16,115,-80,148
83,83,15,0,36,110,-80,148
83,84,12,0,31,120,-80,148
83,85,41,1,36,110,-80,148
83,86,46,0,29,110,-80,153
83,87,10,0,24,115,-80,153
83,88,23,1,34,115,-85,153
83,89,3,0,49,115,-90,153
83,90,1,1,41,115,-85,153
83,91,18,0,16,115,-85,163
83,92,16,1,16,115,-95,163
83,93,36,0,16,110,-95,165
83,94,42,1,16,115,-95,165
83,95,9,0,11,115,-95,170
83,96,4,0,-4,120,-95,170
83,97,13,1,1,125,-95,170
83,98,10,1,21,125,-105,170
83,99,24,1,26,125,-105,170
84,0,25,0,50,45,60,50
84,1,43,0,70,45,50,50
84,2,42,1,70,50,50,50
84,3,2,0,60,50,55,50
84,4,6,0,70,50,50,50
84,5,7,0,55,55,50,50
84,6,20,1,55,60,35,50
84,7,1,0,65,60,20,50
84,8,3,0,80,60,15,50
84,9,22,0,75,60,20,50
84,10,8,0,75,65,10,50
84,11,11,1,80,65,10,50
84,12,24,1,85,65,10,50
84,13,14,1,85,70,10,50
84,14,47,1,85,70,10,65
84,15,23,1,95,70,5,65
84,16,1,0,105,70,-10,65
84,17,39,1,110,70,-10,60
84,18,17,0,90,80,-10,60
84,19,46,1,95,80,-10,55
84,20,14,1,95,85,-10,55
84,21,29,0,85,85,-5,55
84,22,25,0,85,80,5,55
84,23,44,0,85,80,15,60
84,24,23,0,80,70,15,65
84,25,14,1,80,75,15,65
84,26,20,0,75,75,30,65
84,27,1,1,67,75,35,65
84,28,5,0,62,75,40,65
84,29,18,1,72,75,40,65
84,30,39,0,65,80,40,65
84,31,3,1,58,80,40,70
84,32,24,0,53,80,45,70
84,33,12,0,48,90,45,70
84,34,9,1,53,90,45,70
84,35,2,0,43,90,50,70
84,36,10,0,38,95,50,70
84,37,6,1,30,95,50,75
84,38,7,0,15,100,50,75
84,39,44,1,20,100,50,75
84,40,41,0,10,110,50,75
84,41,11,0,5,110,50,77
84,42,17,0,-15,120,50,77
84,43,4,1,-5,120,50,72
84,44,14,1,-5,125,50,72
84,45,36,0,-5,120,50,74
84,46,22,0,-10,120,55,74
84,47,29,1,-10,135,35,74
84,48,15,1,-10,140,35,74
84,49,25,1,-10,145,25,74
84,50,18,0,-35,145,25,84
84,51,10,0,-40,150,25,84
84,52,3,0,-25,150,20,84
84,53,23,0,-30,140,20,89
84,54,4,0,-45,145,20,89
84,55,44,0,-45,145,30,94
84,56,12,0,-50,155,30,94
84,57,45,0,-50,155,30,99
84,58,25,0,-50,150,40,99
84,59,48,0,-60,150,40,104
84,60,7,0,-75,155,40,104
84,61,3,0,-60,155,35,104
84,62,22,1,-60,160,25,104
84,63,44,1,-55,160,25,104
84,64,28,0,-65,160,35,104
84,65,43,1,-65,160,40,89
84,66,10,0,-70,165,40,89
84,67,3,1,-77,165,40,94
84,68,23,0,-82,155,40,99
84,69,36,0,-82,150,40,101
84,70,41,1,-77,140,40,101
84,71,16,1,-77,140,30,101
84,72,14,1,-77,145,30,101
84,73,15,1,-77,150,30,101
84,74,42,0,-85,150,30,111
84,75,23,1,-75,150,25,111
84,76,5,0,-80,150,30,111
84,77,41,0,-90,160,30,111
84,78,27,1,-90,165,25,111
84,79,1,0,-80,165,10,111
84,80,43,1,-80,165,15,96
84,81,25,0,-80,160,25,96
84,82,45,1,-80,165,25,96
84,83,8,0,-80,170,15,96
84,84,18,1,-70,170,15,96
84,85,16,1,-70,170,5,96
84,86,20,0,-75,170,20,96
84,87,48,0,-85,170,20,101
84,88,13,0,-85,170,20,106
84,89,23,0,-90,160,20,111
84,90,4,0,-105,165,20,111
84,91,15,0,-85,160,20,111
84,92,16,1,-85,160,10,111
84,93,11,0,-90,160,10,113
84,94,1,1,-98,160,15,113
84,95,2,0,-108,160,20,113
84,96,9,1,-103,160,20,113
84,97,16,1,-103,160,10,113
84,98,23,1,-93,160,5,113
84,99,43,0,-73,160,-5,113
85,0,21,1,50,55,35,50
85,1,11,0,45,55,35,52
85,2,3,0,60,55,30,52
85,3,25,1,60,60,20,52
85,4,2,0,50,60,25,52
85,5,15,1,50,65,25,52
85,6,12,1,55,65,25,52
85,7,10,0,50,70,25,52
85,8,22,1,50,75,15,52
85,9,5,1,55,75,5,52
85,10,17,1,40,75,15,52
85,11,45,0,40,75,15,57
85,12,44,0,40,75,25,62
85,13,48,1,40,80,25,52
85,14,24,1,45,80,25,52
85,15,3,1,38,80,25,57
85,16,13,1,43,85,25,57
85,17,28,1,53,85,25,57
85,18,39,1,58,85,25,52
85,19,14,0,58,85,25,57
85,20,15,0,78,80,25,57
85,21,23,0,73,70,25,62
85,22,36,1,73,75,25,57
85,23,41,0,63,85,25,57
85,24,20,0,58,85,40,57
85,25,14,1,58,90,40,57
85,26,42,1,58,95,40,57
85,27,44,1,63,95,40,57
85,28,5,0,58,95,45,57
85,29,23,1,68,95,40,57
85,30,15,0,88,90,40,57
85,31,6,0,98,90,35,57
85,32,12,0,93,100,35,57
85,33,26,1,103,100,30,57
85,34,7,1,108,100,30,52
85,35,24,0,103,100,35,52
85,36,5,0,98,100,40,52
85,37,21,0,93,100,55,52
85,38,37,0,81,110,55,52
85,39,22,0,76,110,60,52
85,40,41,0,66,120,60,52
85,41,3,0,81,120,55,52
85,42,8,1,71,120,55,57
85,43,25,0,71,115,65,57
85,44,43,1,71,115,70,42
85,45,47,0,96,115,70,42
85,46,14,0,96,115,70,47
85,47,5,1,101,115,60,47
85,48,40,0,101,125,50,47
85,49,36,1,101,130,50,42
85,50,1,1,93,130,55,42
85,51,15,1,93,135,55,42
85,52,7,0,78,140,55,42
85,53,8,0,78,145,45,42
85,54,25,0,78,140,55,42
85,55,43,0,98,140,45,42
85,56,11,1,103,140,45,42
85,57,7,1,108,140,45,37
85,58,8,1,98,140,45,42
85,59,3,1,91,140,45,47
85,60,16,0,81,145,45,47
85,61,13,0,81,145,45,52
85,62,41,0,71,155,45,52
85,63,30,1,71,155,55,52
85,64,43,1,71,155,60,37
85,65,11,0,66,155,60,39
85,66,14,1,66,160,60,39
85,67,10,1,86,160,50,39
85,68,22,0,81,160,55,39
85,69,9,0,76,160,55,44
85,70,20,0,71,160,70,44
85,71,5,0,66,160,75,44
85,72,36,1,66,165,75,39
85,73,21,1,66,170,60,39
85,74,8,0,66,175,50,39
85,75,44,0,66,175,60,44
85,76,9,0,61,175,60,49
85,77,22,1,61,180,50,49
85,78,12,0,56,190,50,49
85,79,4,0,41,195,50,49
85,80,1,0,51,195,35,49
85,81,10,0,46,200,35,49
85,82,11,1,51,200,35,49
85,83,44,0,51,200,45,54
85,84,29,1,51,215,25,54
85,85,38,0,46,220,25,54
85,86,17,1,31,220,35,54
85,87,24,1,36,220,35,54
85,88,22,0,31,220,40,54
85,89,25,1,31,225,30,54
85,90,1,1,23,225,35,54
85,91,13,1,28,230,35,54
85,92,5,1,33,230,25,54
85,93,14,1,33,235,25,54
85,94,2,1,38,235,15,54
85,95,45,1,38,240,15,54
85,96,23,1,48,240,10,54
85,97,41,0,38,250,10,54
85,98,14,1,38,255,10,54
85,99,10,0,33,260,10,54
86,0,3,0,65,50,45,50
86,1,38,0,60,55,45,50
86,2,1,1,52,55,50,50
86,3,30,1,52,55,60,50
86,4,20,0,47,55,75,50
86,5,13,1,52,60,75,50
86,6,4,0,37,65,75,50
86,7,25,0,37,60,85,50
86,8,12,0,32,70,85,50
86,9,36,0,32,65,85,52
86,10,15,0,52,60,85,52
86,11,24,1,57,60,85,52
86,12,40,0,57,70,75,52
86,13,13,0,57,70,75,57
86,14,43,0,77,70,65,57
86,15,9,0,72,70,65,62
86,16,36,0,72,65,65,64
86,17,3,1,65,65,65,69
86,18,25,0,65,60,75,69
86,19,22,0,60,60,80,69
86,20,48,1,60,65,80,59
86,21,20,1,60,70,65,59
86,22,12,1,65,70,65,59
86,23,40,0,65,80,55,59
86,24,45,0,65,80,55,64
86,25,2,0,55,80,60,64
86,26,23,1,65,80,55,64
86,27,41,0,55,90,55,64
86,28,11,0,50,90,55,66
86,29,10,0,45,95,55,66
86,30,24,1,50,95,55,66
86,31,1,0,60,95,40,66
86,32,12,1,65,95,40,66
86,33,5,1,70,95,30,66
86,34,29,0,60,95,35,66
86,35,13,0,60,95,35,71
86,36,9,1,65,95,35,71
86,37,21,0,60,95,50,71
86,38,26,0,55,95,50,76
86,39,14,1,55,100,50,76
86,40,40,0,55,110,40,76
86,41,10,1,75,110,30,76
86,42,5,0,70,110,35,76
86,43,38,0,65,115,35,76
86,44,30,0,65,115,25,86
86,45,47,1,65,115,25,101
86,46,9,1,70,115,25,101
86,47,10,0,65,120,25,101
86,48,8,1,55,120,25,106
86,49,6,0,65,120,20,106
86,50,42,1,65,125,20,106
86,51,14,0,65,125,20,111
86,52,39,0,58,130,20,111
86,53,4,0,43,135,20,111
86,54,5,1,48,135,10,111
86,55,10,0,43,140,10,111
86,56,43,1,43,140,15,96
86,57,15,1,43,145,15,96
86,58,14,1,43,150,15,96
86,59,39,1,48,150,15,91
86,60,26,1,58,150,10,91
86,61,37,0,46,160,10,91
86,62,25,0,46,155,20,91
86,63,27,1,46,160,15,91
86,64,16,0,36,165,15,91
86,65,12,1,41,165,15,91
86,66,7,0,26,170,15,91
86,67,2,1,31,170,5,91
86,68,25,0,31,165,15,91
86,69,43,1,31,165,20,76
86,70,45,1,31,170,20,76
86,71,15,0,51,165,20,76
86,72,24,0,46,165,25,76
86,73,46,1,51,165,25,71
86,74,5,0,46,165,30,71
86,75,9,0,41,165,30,76
86,76,40,1,41,155,40,76
86,77,3,0,56,155,35,76
86,78,11,0,51,155,35,78
86,79,5,0,46,155,40,78
86,80,23,1,56,155,35,78
86,81,47,1,56,155,35,93
86,82,2,0,46,155,40,93
86,83,46,1,51,155,40,88
86,84,4,1,61,155,40,83
86,85,1,1,53,155,45,83
86,86,41,1,58,145,45,83
86,87,21,1,58,150,30,83
86,88,22,1,58,155,20,83
86,89,23,0,53,145,20,88
86,90,30,0,53,145,10,98
86,91,28,0,43,145,20,98
86,92,12,0,38,155,20,98
86,93,22,0,33,155,25,98
86,94,27,1,33,160,20,98
86,95,20,0,28,160,35,98
86,96,13,0,28,160,35,103
86,97,2,1,33,160,25,103
86,98,16,0,23,165,25,103
86,99,14,1,23,170,25,103
87,0,48,0,40,50,50,55
87,1,12,0,35,60,50,55
87,2,37,1,45,60,50,55
87,3,16,1,45,60,40,55
87,4,20,1,45,65,25,55
87,5,4,1,55,65,25,50
87,6,22,1,55,70,15,50
87,7,26,1,65,70,10,50
87,8,40,1,65,60,20,50
87,9,12,1,70,60,20,50
87,10,24,0,65,60,25,50
87,11,4,1,75,60,25,45
87,12,22,1,75,65,15,45
87,13,23,1,85,65,10,45
87,14,3,0,100,65,5,45
87,15,20,0,95,65,20,45
87,16,39,1,100,65,20,40
87,17,41,0,90,75,20,40
87,18,45,0,90,75,20,45
87,19,22,1,90,80,10,45
87,20,12,0,85,90,10,45
87,21,10,0,80,95,10,45
87,22,2,1,85,95,0,45
87,23,25,0,85,90,10,45
87,24,37,0,73,100,10,45
87,25,23,1,83,100,5,45
87,26,4,0,68,105,5,45
87,27,5,0,63,105,10,45
87,28,15,1,63,110,10,45
87,29,28,0,53,110,20,45
87,30,13,0,53,110,20,50
87,31,11,0,48,110,20,52
87,32,36,1,48,115,20,47
87,33,22,0,43,115,25,47
87,34,16,1,43,115,15,47
87,35,23,1,53,115,10,47
87,36,46,1,58,115,10,42
87,37,4,0,43,120,10,42
87,38,45,1,43,125,10,42
87,39,42,0,35,125,10,52
87,40,15,0,55,120,10,52
87,41,14,0,55,120,10,57
87,42,48,0,45,120,10,62
87,43,13,1,50,125,10,62
87,44,47,1,50,125,10,77
87,45,9,0,45,125,10,82
87,46,24,1,50,125,10,82
87,47,42,1,50,130,10,82
87,48,25,0,50,125,20,82
87,49,10,0,45,130,20,82
87,50,40,0,45,140,10,82
87,51,1,1,37,140,15,82
87,52,43,0,57,140,5,82
87,53,44,0,57,140,15,87
87,54,23,0,52,130,15,92
87,55,14,1,52,135,15,92
87,56,18,0,27,135,15,102
87,57,26,0,22,135,15,107
87,58,12,0,17,145,15,107
87,59,13,0,17,145,15,112
87,60,11,0,12,145,15,114
87,61,1,1,4,145,20,114
87,62,23,0,-1,135,20,119
87,63,5,0,-6,135,25,119
87,64,15,0,14,130,25,119
87,65,4,1,24,130,25,114
87,66,16,1,24,130,15,114
87,67,23,0,19,120,15,119
87,68,44,0,19,120,25,124
87,69,19,1,34,120,25,124
87,70,18,0,9,120,25,134
87,71,14,0,9,120,25,139
87,72,16,1,9,120,15,139
87,73,4,0,-6,125,15,139
87,74,39,0,-13,130,15,139
87,75,22,0,-18,130,20,139
87,76,13,1,-13,135,20,139
87,77,2,1,-8,135,10,139
87,78,10,1,12,135,0,139
87,79,20,1,12,140,-15,139
87,80,23,0,7,130,-15,144
87,81,47,0,32,130,-15,144
87,82,11,1,37,130,-15,144
87,83,15,0,57,125,-15,144
87,84,13,1,62,130,-15,144
87,85,45,1,62,135,-15,144
87,86,17,1,47,135,-5,144
87,87,4,0,32,140,-5,144
87,88,7,0,17,145,-5,144
87,89,44,0,17,145,5,149
87,90,11,0,12,145,5,151
87,91,13,1,17,150,5,151
87,92,12,0,12,160,5,151
87,93,10,0,7,165,5,151
87,94,5,1,12,165,-5,151
87,95,2,1,17,165,-15,151
87,96,46,1,22,165,-15,146
87,97,36,1,22,170,-15,141
87,98,14,0,22,170,-15,146
87,99,41,1,27,160,-15,146
88,0,8,1,40,50,50,55
88,1,29,0,30,50,55,55
88,2,4,0,15,55,55,55
88,3,44,1,20,55,55,55
88,4,23,1,30,55,50,55
88,5,7,0,15,60,50,55
88,6,26,0,10,60,50,60
88,7,17,1,-5,60,60,60
88,8,27,0,5,45,60,60
88,9,1,1,-3,45,65,60
88,10,37,0,-15,55,65,60
88,11,21,1,-15,60,50,60
88,12,25,0,-15,55,60,60
88,13,46,1,-10,55,60,55
88,14,2,1,-5,55,50,55
88,15,7,1,0,55,50,50
88,16,5,1,5,55,40,50
88,17,22,0,0,55,45,50
88,18,46,0,-7,55,45,55
88,19,16,1,-7,55,35,55
88,20,3,0,8,55,30,55
88,21,27,0,18,40,30,55
88,22,11,1,23,40,30,55
88,23,23,0,18,30,30,60
88,24,8,1,8,30,30,65
88,25,2,1,13,30,20,65
88,26,43,0,33,30,10,65
88,27,4,1,43,30,10,60
88,28,28,0,33,30,20,60
88,29,21,0,28,30,35,60
88,30,2,0,18,30,40,60
88,31,12,1,23,30,40,60
88,32,26,0,18,30,40,65
88,33,22,1,18,35,30,65
88,34,3,1,11,35,30,70
88,35,15,1,11,40,30,70
88,36,10,0,6,45,30,70
88,37,21,1,6,50,15,70
88,38,12,1,11,50,15,70
88,39,2,0,1,50,20,70
88,40,1,1,-7,50,25,70
88,41,43,0,13,50,15,70
88,42,22,1,13,55,5,70
88,43,26,0,8,55,5,75
88,44,8,1,-2,55,5,80
88,45,36,1,-2,60,5,75
88,46,25,0,-2,55,15,75
88,47,14,1,-2,60,15,75
88,48,5,1,3,60,5,75
88,49,11,0,-2,60,5,77
88,50,12,0,-7,70,5,77
88,51,2,1,-2,70,-5,77
88,52,26,1,8,70,-10,77
88,53,21,0,3,70,5,77
88,54,38,0,-2,75,5,77
88,55,10,1,18,75,-5,77
88,56,2,1,23,75,-15,77
88,57,11,0,18,75,-15,79
88,58,6,1,10,75,-15,84
88,59,23,0,5,65,-15,89
88,60,20,1,5,70,-30,89
88,61,22,0,0,70,-25,89
88,62,26,1,10,70,-30,89
88,63,44,0,10,70,-20,94
88,64,23,1,20,70,-25,94
88,65,39,0,13,75,-25,94
88,66,13,1,18,80,-25,94
88,67,4,1,28,80,-25,89
88,68,6,1,20,80,-25,94
88,69,38,1,25,80,-25,94
88,70,8,0,25,85,-35,94
88,71,28,0,15,85,-25,94
88,72,12,1,20,85,-25,94
88,73,2,1,25,85,-35,94
88,74,6,0,35,85,-40,94
88,75,8,0,35,90,-50,94
88,76,3,1,28,90,-50,99
88,77,20,1,28,95,-65,99
88,78,14,0,28,95,-65,104
88,79,4,1,38,95,-65,99
88,80,13,0,38,95,-65,104
88,81,17,0,18,105,-65,104
88,82,15,1,18,110,-65,104
88,83,44,1,23,110,-65,104
88,84,12,1,28,110,-65,104
88,85,39,0,21,115,-65,104
88,86,3,0,36,115,-70,104
88,87,4,0,21,120,-70,104
88,88,38,1,26,120,-70,104
88,89,6,0,36,120,-75,104
88,90,9,1,41,120,-75,104
88,91,14,1,41,125,-75,104
88,92,3,0,56,125,-80,104
88,93,2,1,61,125,-90,104
88,94,38,0,56,130,-90,104
88,95,24,0,51,130,-85,104
88,96,6,0,61,130,-90,104
88,97,40,1,61,120,-80,104
88,98,20,1,61,125,-95,104
88,99,38,0,56,130,-95,104
89,0,22,0,45,50,55,50
89,1,4,1,55,50,55,45
89,2,26,1,65,50,50,45
89,3,5,0,60,50,55,45
89,4,28,0,50,50,65,45
89,5,10,1,70,50,55,45
89,6,22,1,70,55,45,45
89,7,13,1,75,60,45,45
89,8,20,1,75,65,30,45
89,9,26,0,70,65,30,50
89,10,45,0,70,65,30,55
89,11,43,1,70,65,35,40
89,12,14,0,70,65,35,45
89,13,37,1,80,65,35,45
89,14,20,0,75,65,50,45
89,15,38,1,80,65,50,45
89,16,27,0,90,50,50,45
89,17,8,1,80,50,50,50
89,18,12,0,75,60,50,50
89,19,25,0,75,55,60,50
89,20,41,0,65,65,60,50
89,21,26,1,75,65,55,50
89,22,1,1,67,65,60,50
89,23,2,1,72,65,50,50
89,24,11,1,77,65,50,50
89,25,23,1,87,65,45,50
89,26,36,0,87,60,45,52
89,27,6,0,97,60,40,52
89,28,12,0,92,70,40,52
89,29,27,1,92,75,35,52
89,30,42,0,84,75,35,62
89,31,22,0,79,75,40,62
89,32,23,0,74,65,40,67
89,33,4,0,59,70,40,67
89,34,12,1,64,70,40,67
89,35,44,0,64,70,50,72
89,36,22,0,59,70,55,72
89,37,37,1,69,70,55,72
89,38,41,0,59,80,55,72
89,39,5,0,54,80,60,72
89,40,16,1,54,80,50,72
89,41,42,0,46,80,50,82
89,42,1,1,38,80,55,82
89,43,14,1,38,85,55,82
89,44,25,1,38,90,45,82
89,45,22,0,33,90,50,82
89,46,8,1,23,90,50,87
89,47,13,1,28,95,50,87
89,48,2,0,18,95,55,87
89,49,10,1,38,95,45,87
89,50,41,1,43,85,45,87
89,51,6,0,53,85,40,87
89,52,3,1,46,85,40,92
89,53,5,0,41,85,45,92
89,54,20,0,36,85,60,92
89,55,43,0,56,85,50,92
89,56,21,0,51,85,65,92
89,57,17,0,31,95,65,92
89,58,15,1,31,100,65,92
89,59,5,0,26,100,70,92
89,60,27,1,26,105,65,92
89,61,4,1,36,105,65,87
89,62,25,1,36,110,55,87
89,63,1,0,46,110,40,87
89,64,48,1,46,115,40,77
89,65,8,0,46,120,30,77
89,66,15,0,66,115,30,77
89,67,26,1,76,115,25,77
89,68,29,0,66,115,30,77
89,69,2,1,71,115,20,77
89,70,10,1,91,115,10,77
89,71,19,0,71,115,20,87
89,72,20,0,66,115,35,87
89,73,43,0,86,115,25,87
89,74,26,0,81,115,25,92
89,75,18,0,56,115,25,102
89,76,8,0,56,120,15,102
89,77,24,1,61,120,15,102
89,78,23,1,71,120,10,102
89,79,38,1,76,120,10,102
89,80,45,1,76,125,10,102
89,81,12,1,81,125,10,102
89,82,47,1,81,125,10,117
89,83,16,0,71,130,10,117
89,84,10,0,66,135,10,117
89,85,5,1,71,135,0,117
89,86,2,1,76,135,-10,117
89,87,13,1,81,140,-10,117
89,88,23,1,91,140,-15,117
89,89,22,1,91,145,-25,117
89,90,29,0,81,145,-20,117
89,91,9,0,76,145,-20,122
89,92,1,0,86,145,-35,122
89,93,37,1,96,145,-35,122
89,94,2,1,101,145,-45,122
89,95,11,0,96,145,-45,124
89,96,41,0,86,155,-45,124
89,97,1,1,78,155,-40,124
89,98,40,0,78,165,-50,124
89,99,15,0,98,160,-50,124
90,0,43,1,50,50,55,35
90,1,25,1,50,55,45,35
90,2,42,1,50,60,45,35
90,3,18,0,25,60,45,45
90,4,21,1,25,65,30,45
90,5,4,0,10,70,30,45
90,6,1,0,20,70,15,45
90,7,41,1,25,60,15,45
90,8,22,0,20,60,20,45
90,9,13,0,20,60,20,50
90,10,23,1,30,60,15,50
90,11,2,1,35,60,5,50
90,12,43,0,55,60,-5,50
90,13,42,0,47,60,-5,60
90,14,17,1,32,60,5,60
90,15,12,1,37,60,5,60
90,16,14,0,37,60,5,65
90,17,25,0,37,55,15,65
90,18,21,0,32,55,30,65
90,19,36,1,32,60,30,60
90,20,2,0,22,60,35,60
90,21,22,1,22,65,25,60
90,22,15,1,22,70,25,60
90,23,47,0,47,70,25,60
90,24,14,0,47,70,25,65
90,25,20,1,47,75,10,65
90,26,40,1,47,65,20,65
90,27,3,0,62,65,15,65
90,28,41,0,52,75,15,65
90,29,11,1,57,75,15,65
90,30,2,0,47,75,20,65
90,31,16,1,47,75,10,65
90,32,23,1,57,75,5,65
90,33,43,0,77,75,-5,65
90,34,15,1,77,80,-5,65
90,35,11,0,72,80,-5,67
90,36,21,1,72,85,-20,67
90,37,25,0,72,80,-10,67
90,38,8,0,72,85,-20,67
90,39,26,1,82,85,-25,67
90,40,1,0,92,85,-40,67
90,41,2,1,97,85,-50,67
90,42,46,1,102,85,-50,62
90,43,22,0,97,85,-45,62
90,44,15,0,117,80,-45,62
90,45,25,1,117,85,-55,62
90,46,23,1,127,85,-60,62
90,47,42,1,127,90,-60,62
90,48,9,1,132,90,-60,62
90,49,17,1,117,90,-50,62
90,50,26,1,127,90,-55,62
90,51,28,1,137,90,-55,62
90,52,27,0,147,75,-55,62
90,53,25,0,147,70,-45,62
90,54,20,0,142,70,-30,62
90,55,37,0,130,80,-30,62
90,56,8,0,130,85,-40,62
90,57,43,0,150,85,-50,62
90,58,22,0,145,85,-45,62
90,59,1,1,137,85,-40,62
90,60,3,0,152,85,-45,62
90,61,36,1,152,90,-45,57
90,62,27,0,162,75,-45,57
90,63,14,1,162,80,-45,57
90,64,25,1,162,85,-55,57
90,65,22,0,157,85,-50,57
90,66,2,0,147,85,-45,57
90,67,1,0,157,85,-60,57
90,68,21,1,157,90,-75,57
90,69,42,0,149,90,-75,67
90,70,10,1,169,90,-85,67
90,71,25,0,169,85,-75,67
90,72,15,1,169,90,-75,67
90,73,30,1,169,90,-65,67
90,74,21,1,169,95,-80,67
90,75,9,0,164,95,-80,72
90,76,47,1,164,95,-80,87
90,77,15,0,184,90,-80,87
90,78,6,0,194,90,-85,87
90,79,45,0,194,90,-85,92
90,80,8,0,194,95,-95,92
90,81,5,1,199,95,-105,92
90,82,16,0,189,100,-105,92
90,83,20,0,184,100,-90,92
90,84,11,0,179,100,-90,94
90,85,12,1,184,100,-90,94
90,86,14,1,184,105,-90,94
90,87,36,1,184,110,-90,89
90,88,2,1,189,110,-100,89
90,89,9,1,194,110,-100,89
90,90,1,0,204,110,-115,89
90,91,18,1,214,110,-115,89
90,92,20,0,209,110,-100,89
90,93,25,1,209,115,-110,89
90,94,42,1,209,120,-110,89
90,95,23,1,219,120,-115,89
90,96,43,0,239,120,-125,89
90,97,40,0,239,130,-135,89
90,98,20,0,234,130,-120,89
90,99,12,1,239,130,-120,89
91,0,26,0,45,50,50,55
91,1,10,0,40,55,50,55
91,2,20,0,35,55,65,55
91,3,11,1,40,55,65,55
91,4,1,1,32,55,70,55
91,5,45,0,32,55,70,60
91,6,16,0,22,60,70,60
91,7,12,1,27,60,70,60
91,8,42,0,19,60,70,70
91,9,20,0,14,60,85,70
91,10,25,0,14,55,95,70
91,11,41,0,4,65,95,70
91,12,28,0,-6,65,105,70
91,13,4,1,4,65,105,65
91,14,16,0,-6,70,105,65
91,15,43,1,-6,70,110,50
91,16,5,0,-11,70,115,50
91,17,2,1,-6,70,105,50
91,18,13,1,-1,75,105,50
91,19,11,0,-6,75,105,52
91,20,30,0,-6,75,95,62
91,21,1,1,-14,75,100,62
91,22,26,0,-19,75,100,67
91,23,14,1,-19,80,100,67
91,24,29,0,-29,80,105,67
91,25,3,1,-36,80,105,72
91,26,27,1,-36,85,100,72
91,27,9,1,-31,85,100,72
91,28,28,1,-21,85,100,72
91,29,29,1,-21,100,80,72
91,30,10,1,-1,100,70,72
91,31,11,0,-6,100,70,74
91,32,13,1,-1,105,70,74
91,33,23,1,9,105,65,74
91,34,28,0,-1,105,75,74
91,35,36,0,-1,100,75,76
91,36,11,1,4,100,75,76
91,37,30,1,4,100,85,76
91,38,9,0,-1,100,85,81
91,39,25,1,-1,105,75,81
91,40,26,0,-6,105,75,86
91,41,20,0,-11,105,90,86
91,42,11,0,-16,105,90,88
91,43,12,1,-11,105,90,88
91,44,16,0,-21,110,90,88
91,45,22,0,-26,110,95,88
91,46,48,1,-26,115,95,78
91,47,40,1,-26,105,105,78
91,48,21,1,-26,110,90,78
91,49,2,1,-21,110,80,78
91,50,23,1,-11,110,75,78
91,51,25,0,-11,105,85,78
91,52,13,0,-11,105,85,83
91,53,7,1,-6,105,85,78
91,54,11,0,-11,105,85,80
91,55,2,1,-6,105,75,80
91,56,14,1,-6,110,75,80
91,57,9,0,-11,110,75,85
91,58,15,0,9,105,75,85
91,59,41,0,-1,115,75,85
91,60,16,0,-11,120,75,85
91,61,12,0,-16,130,75,85
91,62,26,1,-6,130,70,85
91,63,9,0,-11,130,70,90
91,64,23,1,-1,130,65,90
91,65,40,0,-1,140,55,90
91,66,21,1,-1,145,40,90
91,67,17,0,-21,155,40,90
91,68,26,1,-11,155,35,90
91,69,15,0,9,150,35,90
91,70,37,1,19,150,35,90
91,71,25,1,19,155,25,90
91,72,28,0,9,155,35,90
91,73,26,1,19,155,30,90
91,74,4,1,29,155,30,85
91,75,9,0,24,155,30,90
91,76,23,1,34,155,25,90
91,77,41,1,39,145,25,90
91,78,26,0,34,145,25,95
91,79,28,0,24,145,35,95
91,80,30,0,24,145,25,105
91,81,5,1,29,145,15,105
91,82,13,0,29,145,15,110
91,83,41,0,19,155,15,110
91,84,26,0,14,155,15,115
91,85,11,0,9,155,15,117
91,86,40,1,9,145,25,117
91,87,9,0,4,145,25,122
91,88,43,1,4,145,30,107
91,89,5,1,9,145,20,107
91,90,11,0,4,145,20,109
91,91,1,0,14,145,5,109
91,92,48,0,4,145,5,114
91,93,41,0,-6,155,5,114
91,94,9,0,-11,155,5,119
91,95,36,1,-11,160,5,114
91,96,20,0,-16,160,20,114
91,97,16,0,-26,165,20,114
91,98,15,1,-26,170,20,114
91,99,23,1,-16,170,15,114
92,0,12,1,55,50,50,50
92,1,39,0,48,55,50,50
92,2,9,0,43,55,50,55
92,3,29,0,33,55,55,55
92,4,7,0,18,60,55,55
92,5,13,0,18,60,55,60
92,6,20,0,13,60,70,60
92,7,3,1,6,60,70,65
92,8,38,1,11,60,70,65
92,9,15,0,31,55,70,65
92,10,41,1,36,45,70,65
92,11,12,1,41,45,70,65
92,12,26,0,36,45,70,70
92,13,5,0,31,45,75,70
92,14,3,0,46,45,70,70
92,15,2,0,36,45,75,70
92,16,8,0,36,50,65,70
92,17,20,0,31,50,80,70
92,18,25,1,31,55,70,70
92,19,5,0,26,55,75,70
92,20,10,1,46,55,65,70
92,21,9,1,51,55,65,70
92,22,8,1,41,55,65,75
92,23,27,0,51,40,65,75
92,24,20,0,46,40,80,75
92,25,45,1,46,45,80,75
92,26,28,0,36,45,90,75
92,27,3,1,29,45,90,80
92,28,26,1,39,45,85,80
92,29,10,0,34,50,85,80
92,30,5,0,29,50,90,80
92,31,23,1,39,50,85,80
92,32,46,1,44,50,85,75
92,33,13,1,49,55,85,75
92,34,27,0,59,40,85,75
92,35,14,1,59,45,85,75
92,36,2,1,64,45,75,75
92,37,16,1,64,45,65,75
92,38,5,1,69,45,55,75
92,39,25,0,69,40,65,75
92,40,20,1,69,45,50,75
92,41,42,1,69,50,50,75
92,42,38,1,74,50,50,75
92,43,4,0,59,55,50,75
92,44,28,0,49,55,60,75
92,45,13,0,49,55,60,80
92,46,9,0,44,55,60,85
92,47,44,1,49,55,60,85
92,48,2,1,54,55,50,85
92,49,15,0,74,50,50,85
92,50,3,1,67,50,50,90
92,51,23,1,77,50,45,90
92,52,43,1,77,50,50,75
92,53,40,1,77,40,60,75
92,54,14,1,77,45,60,75
92,55,45,1,77,50,60,75
92,56,1,0,87,50,45,75
92,57,8,0,87,55,35,75
92,58,7,0,72,60,35,75
92,59,11,0,67,60,35,77
92,60,10,1,87,60,25,77
92,61,38,1,92,60,25,77
92,62,6,1,84,60,25,82
92,63,20,0,79,60,40,82
92,64,8,1,69,60,40,87
92,65,3,0,84,60,35,87
92,66,26,1,94,60,30,87
92,67,9,1,99,60,30,87
92,68,45,0,99,60,30,92
92,69,25,0,99,55,40,92
92,70,19,0,79,55,50,102
92,71,15,0,99,50,50,102
92,72,9,0,94,50,50,107
92,73,2,0,84,50,55,107
92,74,37,0,72,60,55,107
92,75,3,0,87,60,50,107
92,76,22,0,82,60,55,107
92,77,4,1,92,60,55,102
92,78,1,1,84,60,60,102
92,79,16,1,84,60,50,102
92,80,15,0,104,55,50,102
92,81,39,1,109,55,50,97
92,82,5,1,114,55,40,97
92,83,37,1,124,55,40,97
92,84,36,0,124,50,40,99
92,85,14,0,124,50,40,104
92,86,9,0,119,50,40,109
92,87,7,1,124,50,40,104
92,88,29,1,124,65,20,104
92,89,26,0,119,65,20,109
92,90,12,1,124,65,20,109
92,91,13,0,124,65,20,114
92,92,20,0,119,65,35,114
92,93,14,1,119,70,35,114
92,94,6,0,129,70,30,114
92,95,22,1,129,75,20,114
92,96,16,1,129,75,10,114
92,97,46,0,122,75,10,119
92,98,25,0,122,70,20,119
92,99,45,1,122,75,20,119
93,0,4,1,60,50,50,45
93,1,36,1,60,55,50,40
93,2,16,1,60,55,40,40
93,3,3,1,53,55,40,45
93,4,13,1,58,60,40,45
93,5,41,1,63,50,40,45
93,6,38,1,68,50,40,45
93,7,30,1,68,50,50,45
93,8,23,1,78,50,45,45
93,9,12,1,83,50,45,45
93,10,42,1,83,55,45,45
93,11,36,0,83,50,45,47
93,12,26,0,78,50,45,52
93,13,37,1,88,50,45,52
93,14,6,0,98,50,40,52
93,15,4,1,108,50,40,47
93,16,7,1,113,50,40,42
93,17,15,1,113,55,40,42
93,18,2,0,103,55,45,42
93,19,22,1,103,60,35,42
93,20,18,0,78,60,35,52
93,21,37,1,88,60,35,52
93,22,4,0,73,65,35,52
93,23,46,0,66,65,35,57
93,24,20,1,66,70,20,57
93,25,15,1,66,75,20,57
93,26,13,0,66,75,20,62
93,27,36,0,66,70,20,64
93,28,8,1,56,70,20,69
93,29,5,0,51,70,25,69
93,30,18,1,61,70,25,69
93,31,1,1,53,70,30,69
93,32,36,0,53,65,30,71
93,33,16,1,53,65,20,71
93,34,4,0,38,70,20,71
93,35,7,1,43,70,20,66
93,36,10,0,38,75,20,66
93,37,36,1,38,80,20,61
93,38,8,1,28,80,20,66
93,39,27,1,28,85,15,66
93,40,44,1,33,85,15,66
93,41,11,0,28,85,15,68
93,42,39,1,33,85,15,63
93,43,42,0,25,85,15,73
93,44,18,1,35,85,15,73
93,45,13,1,40,90,15,73
93,46,12,1,45,90,15,73
93,47,36,0,45,85,15,75
93,48,6,0,55,85,10,75
93,49,3,1,48,85,10,80
93,50,46,1,53,85,10,75
93,51,42,0,45,85,10,85
93,52,14,1,45,90,10,85
93,53,40,1,45,80,20,85
93,54,3,0,60,80,15,85
93,55,28,1,70,80,15,85
93,56,10,1,90,80,5,85
93,57,47,0,115,80,5,85
93,58,13,0,115,80,5,90
93,59,27,0,125,65,5,90
93,60,21,0,120,65,20,90
93,61,42,0,112,65,20,100
93,62,20,1,112,70,5,100
93,63,10,0,107,75,5,100
93,64,2,1,112,75,-5,100
93,65,26,1,122,75,-10,100
93,66,30,0,122,75,-20,110
93,67,5,1,127,75,-30,110
93,68,6,0,137,75,-35,110
93,69,25,0,137,70,-25,110
93,70,2,1,142,70,-35,110
93,71,48,0,132,70,-35,115
93,72,26,0,127,70,-35,120
93,73,20,0,122,70,-20,120
93,74,47,0,147,70,-20,120
93,75,5,1,152,70,-30,120
93,76,16,1,152,70,-40,120
93,77,44,0,152,70,-30,125
93,78,3,1,145,70,-30,130
93,79,15,1,145,75,-30,130
93,80,26,1,155,75,-35,130
93,81,9,0,150,75,-35,135
93,82,7,1,155,75,-35,130
93,83,18,1,165,75,-35,130
93,84,2,0,155,75,-30,130
93,85,45,0,155,75,-30,135
93,86,22,1,155,80,-40,135
93,87,23,1,165,80,-45,135
93,88,5,1,170,80,-55,135
93,89,27,0,180,65,-55,135
93,90,16,1,180,65,-65,135
93,91,13,0,180,65,-65,140
93,92,21,1,180,70,-80,140
93,93,47,1,180,70,-80,155
93,94,27,1,180,75,-85,155
93,95,3,1,173,75,-85,160
93,96,23,1,183,75,-90,160
93,97,40,0,183,85,-100,160
93,98,13,1,188,90,-100,160
93,99,22,1,188,95,-110,160
94,0,14,1,50,55,50,50
94,1,37,0,38,65,50,50
94,2,1,0,48,65,35,50
94,3,4,0,33,70,35,50
94,4,12,0,28,80,35,50
94,5,10,0,23,85,35,50
94,6,2,0,13,85,40,50
94,7,5,0,8,85,45,50
94,8,36,0,8,80,45,52
94,9,9,1,13,80,45,52
94,10,29,1,13,95,25,52
94,11,1,0,23,95,10,52
94,12,28,0,13,95,20,52
94,13,5,0,8,95,25,52
94,14,41,1,13,85,25,52
94,15,21,1,13,90,10,52
94,16,36,1,13,95,10,47
94,17,20,1,13,100,-5,47
94,18,37,1,23,100,-5,47
94,19,26,1,33,100,-10,47
94,20,22,0,28,100,-5,47
94,21,11,1,33,100,-5,47
94,22,5,0,28,100,0,47
94,23,1,0,38,100,-15,47
94,24,48,1,38,105,-15,37
94,25,47,0,63,105,-15,37
94,26,26,1,73,105,-20,37
94,27,11,1,78,105,-20,37
94,28,42,1,78,110,-20,37
94,29,18,1,88,110,-20,37
94,30,22,0,83,110,-15,37
94,31,30,0,83,110,-25,47
94,32,12,0,78,120,-25,47
94,33,3,1,71,120,-25,52
94,34,15,1,71,125,-25,52
94,35,9,0,66,125,-25,57
94,36,37,0,54,135,-25,57
94,37,46,0,47,135,-25,62
94,38,6,0,57,135,-30,62
94,39,25,0,57,130,-20,62
94,40,41,0,47,140,-20,62
94,41,1,0,57,140,-35,62
94,42,5,0,52,140,-30,62
94,43,9,1,57,140,-30,62
94,44,7,1,62,140,-30,57
94,45,36,1,62,145,-30,52
94,46,39,1,67,145,-30,47
94,47,37,0,55,155,-30,47
94,48,10,0,50,160,-30,47
94,49,4,0,35,165,-30,47
94,50,40,0,35,175,-40,47
94,51,1,1,27,175,-35,47
94,52,41,1,32,165,-35,47
94,53,10,0,27,170,-35,47
94,54,14,0,27,170,-35,52
94,55,9,0,22,170,-35,57
94,56,3,0,37,170,-40,57
94,57,27,0,47,155,-40,57
94,58,45,0,47,155,-40,62
94,59,39,0,40,160,-40,62
94,60,10,0,35,165,-40,62
94,61,22,1,35,170,-50,62
94,62,30,0,35,170,-60,72
94,63,47,1,35,170,-60,87
94,64,1,0,45,170,-75,87
94,65,2,1,50,170,-85,87
94,66,25,1,50,175,-95,87
94,67,43,1,50,175,-90,72
94,68,41,1,55,165,-90,72
94,69,26,1,65,165,-95,72
94,70,11,0,60,165,-95,74
94,71,13,1,65,170,-95,74
94,72,42,1,65,175,-95,74
94,73,21,0,60,175,-80,74
94,74,18,1,70,175,-80,74
94,75,37,0,58,185,-80,74
94,76,38,1,63,185,-80,74
94,77,39,0,56,190,-80,74
94,78,1,1,48,190,-75,74
94,79,27,0,58,175,-75,74
94,80,21,0,53,175,-60,74
94,81,5,0,48,175,-55,74
94,82,9,0,43,175,-55,79
94,83,24,1,48,175,-55,79
94,84,2,1,53,175,-65,79
94,85,14,0,53,175,-65,84
94,86,13,1,58,180,-65,84
94,87,20,1,58,185,-80,84
94,88,44,0,58,185,-70,89
94,89,4,1,68,185,-70,84
94,90,14,0,68,185,-70,89
94,91,9,0,63,185,-70,94
94,92,6,1,55,185,-70,99
94,93,15,0,75,180,-70,99
94,94,13,0,75,180,-70,104
94,95,26,0,70,180,-70,109
94,96,42,1,70,185,-70,109
94,97,27,1,70,190,-75,109
94,98,12,1,75,190,-75,109
94,99,13,0,75,190,-75,114
95,0,12,1,55,50,50,50
95,1,9,1,60,50,50,50
95,2,11,1,65,50,50,50
95,3,3,1,58,50,50,55
95,4,7,0,43,55,50,55
95,5,25,1,43,60,40,55
95,6,40,1,43,50,50,55
95,7,1,0,53,50,35,55
95,8,16,0,43,55,35,55
95,9,10,1,63,55,25,55
95,10,23,0,58,45,25,60
95,11,40,0,58,55,15,60
95,12,25,1,58,60,5,60
95,13,45,1,58,65,5,60
95,14,30,0,58,65,-5,70
95,15,24,0,53,65,0,70
95,16,9,1,58,65,0,70
95,17,22,0,53,65,5,70
95,18,5,1,58,65,-5,70
95,19,1,1,50,65,0,70
95,20,25,1,50,70,-10,70
95,21,11,1,55,70,-10,70
95,22,28,0,45,70,0,70
95,23,22,0,40,70,5,70
95,24,43,0,60,70,-5,70
95,25,5,0,55,70,0,70
95,26,15,1,55,75,0,70
95,27,11,0,50,75,0,72
95,28,6,0,60,75,-5,72
95,29,22,0,55,75,0,72
95,30,5,1,60,75,-10,72
95,31,26,0,55,75,-10,77
95,32,37,0,43,85,-10,77
95,33,29,0,33,85,-5,77
95,34,16,0,23,90,-5,77
95,35,23,0,18,80,-5,82
95,36,39,0,11,85,-5,82
95,37,14,1,11,90,-5,82
95,38,44,1,16,90,-5,82
95,39,5,1,21,90,-15,82
95,40,43,0,41,90,-25,82
95,41,21,1,41,95,-40,82
95,42,10,0,36,100,-40,82
95,43,17,0,16,110,-40,82
95,44,9,1,21,110,-40,82
95,45,41,0,11,120,-40,82
95,46,4,0,-4,125,-40,82
95,47,3,0,11,125,-45,82
95,48,28,1,21,125,-45,82
95,49,22,1,21,130,-55,82
95,50,8,0,21,135,-65,82
95,51,45,1,21,140,-65,82
95,52,6,0,31,140,-70,82
95,53,10,1,51,140,-80,82
95,54,4,1,61,140,-80,77
95,55,9,1,66,140,-80,77
95,56,22,0,61,140,-75,77
95,57,5,1,66,140,-85,77
95,58,7,1,71,140,-85,72
95,59,25,0,71,135,-75,72
95,60,41,0,61,145,-75,72
95,61,3,0,76,145,-80,72
95,62,39,1,81,145,-80,67
95,63,26,0,76,145,-80,72
95,64,42,1,76,150,-80,72
95,65,7,0,61,155,-80,72
95,66,13,0,61,155,-80,77
95,67,2,1,66,155,-90,77
95,68,9,0,61,155,-90,82
95,69,29,1,61,170,-110,82
95,70,40,0,61,180,-120,82
95,71,22,1,61,185,-130,82
95,72,4,1,71,185,-130,77
95,73,26,0,66,185,-130,82
95,74,11,1,71,185,-130,82
95,75,24,1,76,185,-130,82
95,76,45,1,76,190,-130,82
95,77,7,0,61,195,-130,82
95,78,16,0,51,200,-130,82
95,79,41,0,41,210,-130,82
95,80,12,1,46,210,-130,82
95,81,26,0,41,210,-130,87
95,82,2,0,31,210,-125,87
95,83,46,0,24,210,-125,92
95,84,30,1,24,210,-115,92
95,85,36,0,24,205,-115,94
95,86,9,1,29,205,-115,94
95,87,43,0,49,205,-125,94
95,88,5,1,54,205,-135,94
95,89,21,0,49,205,-120,94
95,90,25,0,49,200,-110,94
95,91,46,1,54,200,-110,89
95,92,41,0,44,210,-110,89
95,93,18,1,54,210,-110,89
95,94,44,0,54,210,-100,94
95,95,5,0,49,210,-95,94
95,96,22,1,49,215,-105,94
95,97,13,0,49,215,-105,99
95,98,17,1,34,215,-95,99
95,99,12,1,39,215,-95,99
96,0,46,0,43,50,50,55
96,1,37,0,31,60,50,55
96,2,38,1,36,60,50,55
96,3,12,0,31,70,50,55
96,4,17,1,16,70,60,55
96,5,27,0,26,55,60,55
96,6,2,1,31,55,50,55
96,7,5,1,36,55,40,55
96,8,14,1,36,60,40,55
96,9,46,1,41,60,40,50
96,10,23,0,36,50,40,55
96,11,39,1,41,50,40,50
96,12,21,0,36,50,55,50
96,13,40,1,36,40,65,50
96,14,18,0,11,40,65,60
96,15,3,1,4,40,65,65
96,16,4,0,-11,45,65,65
96,17,2,1,-6,45,55,65
96,18,13,0,-6,45,55,70
96,19,22,1,-6,50,45,70
96,20,7,1,-1,50,45,65
96,21,14,0,-1,50,45,70
96,22,43,1,-1,50,50,55
96,23,2,1,4,50,40,55
96,24,25,1,4,55,30,55
96,25,27,1,4,60,25,55
96,26,11,0,-1,60,25,57
96,27,16,0,-11,65,25,57
96,28,10,1,9,65,15,57
96,29,29,0,-1,65,20,57
96,30,3,0,14,65,15,57
96,31,5,1,19,65,5,57
96,32,1,0,29,65,-10,57
96,33,20,1,29,70,-25,57
96,34,2,1,34,70,-35,57
96,35,12,0,29,80,-35,57
96,36,43,0,49,80,-45,57
96,37,8,1,39,80,-45,62
96,38,41,0,29,90,-45,62
96,39,16,1,29,90,-55,62
96,40,26,1,39,90,-60,62
96,41,3,1,32,90,-60,67
96,42,23,0,27,80,-60,72
96,43,38,1,32,80,-60,72
96,44,12,1,37,80,-60,72
96,45,10,0,32,85,-60,72
96,46,28,0,22,85,-50,72
96,47,14,1,22,90,-50,72
96,48,16,0,12,95,-50,72
96,49,47,0,37,95,-50,72
96,50,5,1,42,95,-60,72
96,51,40,1,42,85,-50,72
96,52,10,0,37,90,-50,72
96,53,24,1,42,90,-50,72
96,54,15,0,62,85,-50,72
96,55,14,1,62,90,-50,72
96,56,45,0,62,90,-50,77
96,57,46,0,55,90,-50,82
96,58,24,0,50,90,-45,82
96,59,7,1,55,90,-45,77
96,60,4,1,65,90,-45,72
96,61,10,0,60,95,-45,72
96,62,26,1,70,95,-50,72
96,63,12,0,65,105,-50,72
96,64,2,1,70,105,-60,72
96,65,22,0,65,105,-55,72
96,66,1,1,57,105,-50,72
96,67,27,1,57,110,-55,72
96,68,41,1,62,100,-55,72
96,69,38,0,57,105,-55,72
96,70,19,1,72,105,-55,72
96,71,5,1,77,105,-65,72
96,72,9,0,72,105,-65,77
96,73,29,1,72,120,-85,77
96,74,44,1,77,120,-85,77
96,75,19,1,92,120,-85,77
96,76,43,1,92,120,-80,62
96,77,21,1,92,125,-95,62
96,78,26,0,87,125,-95,67
96,79,13,1,92,130,-95,67
96,80,6,1,84,130,-95,72
96,81,40,0,84,140,-105,72
96,82,23,1,94,140,-110,72
96,83,2,0,84,140,-105,72
96,84,41,1,89,130,-105,72
96,85,44,0,89,130,-95,77
96,86,3,0,104,130,-100,77
96,87,23,0,99,120,-100,82
96,88,15,0,119,115,-100,82
96,89,6,1,111,115,-100,87
96,90,11,0,106,115,-100,89
96,91,21,0,101,115,-85,89
96,92,3,0,116,115,-90,89
96,93,7,0,101,120,-90,89
96,94,18,1,111,120,-90,89
96,95,41,0,101,130,-90,89
96,96,12,1,106,130,-90,89
96,97,40,1,106,120,-80,89
96,98,1,1,98,120,-75,89
96,99,44,0,98,120,-65,94
97,0,2,0,40,50,55,50
97,1,23,1,50,50,50,50
97,2,14,0,50,50,50,55
97,3,17,1,35,50,60,55
97,4,15,1,35,55,60,55
97,5,12,0,30,65,60,55
97,6,8,1,20,65,60,60
97,7,45,1,20,70,60,60
97,8,10,1,40,70,50,60
97,9,18,1,50,70,50,60
97,10,39,1,55,70,50,55
97,11,41,0,45,80,50,55
97,12,29,0,35,80,55,55
97,13,7,0,20,85,55,55
97,14,42,0,12,85,55,65
97,15,3,0,27,85,50,65
97,16,4,1,37,85,50,60
97,17,1,1,29,85,55,60
97,18,41,1,34,75,55,60
97,19,37,0,22,85,55,60
97,20,30,1,22,85,65,60
97,21,12,1,27,85,65,60
97,22,42,0,19,85,65,70
97,23,46,0,12,85,65,75
97,24,41,0,2,95,65,75
97,25,9,0,-3,95,65,80
97,26,3,0,12,95,60,80
97,27,44,0,12,95,70,85
97,28,46,0,5,95,70,90
97,29,1,0,15,95,55,90
97,30,13,1,20,100,55,90
97,31,22,1,20,105,45,90
97,32,14,1,20,110,45,90
97,33,25,0,20,105,55,90
97,34,45,1,20,110,55,90
97,35,23,0,15,100,55,95
97,36,4,1,25,100,55,90
97,37,15,0,45,95,55,90
97,38,5,1,50,95,45,90
97,39,9,1,55,95,45,90
97,40,8,0,55,100,35,90
97,41,6,0,65,100,30,90
97,42,4,0,50,105,30,90
97,43,27,0,60,90,30,90
97,44,12,1,65,90,30,90
97,45,14,1,65,95,30,90
97,46,25,0,65,90,40,90
97,47,2,1,70,90,30,90
97,48,45,0,70,90,30,95
97,49,5,0,65,90,35,95
97,50,20,1,65,95,20,95
97,51,10,0,60,100,20,95
97,52,26,1,70,100,15,95
97,53,25,1,70,105,5,95
97,54,5,0,65,105,10,95
97,55,41,0,55,115,10,95
97,56,12,0,50,125,10,95
97,57,45,0,50,125,10,100
97,58,26,0,45,125,10,105
97,59,1,0,55,125,-5,105
97,60,24,1,60,125,-5,105
97,61,23,0,55,115,-5,110
97,62,19,0,35,115,5,120
97,63,41,0,25,125,5,120
97,64,15,0,45,120,5,120
97,65,20,1,45,125,-10,120
97,66,9,1,50,125,-10,120
97,67,1,1,42,125,-5,120
97,68,38,1,47,125,-5,120
97,69,3,0,62,125,-10,120
97,70,15,1,62,130,-10,120
97,71,5,1,67,130,-20,120
97,72,14,1,67,135,-20,120
97,73,20,1,67,140,-35,120
97,74,16,0,57,145,-35,120
97,75,39,0,50,150,-35,120
97,76,21,1,50,155,-50,120
97,77,1,0,60,155,-65,120
97,78,26,1,70,155,-70,120
97,79,3,1,63,155,-70,125
97,80,19,0,43,155,-60,135
97,81,16,0,33,160,-60,135
97,82,17,1,18,160,-50,135
97,83,5,1,23,160,-60,135
97,84,2,1,28,160,-70,135
97,85,6,1,20,160,-70,140
97,86,24,1,25,160,-70,140
97,87,16,1,25,160,-80,140
97,88,25,1,25,165,-90,140
97,89,17,0,5,175,-90,140
97,90,13,0,5,175,-90,145
97,91,45,1,5,180,-90,145
97,92,24,0,0,180,-85,145
97,93,26,0,-5,180,-85,150
97,94,16,0,-15,185,-85,150
97,95,9,1,-10,185,-85,150
97,96,15,1,-10,190,-85,150
97,97,14,1,-10,195,-85,150
97,98,17,1,-25,195,-75,150
97,99,41,1,-20,185,-75,150
98,0,39,1,55,50,50,45
98,1,10,1,75,50,40,45
98,2,21,0,70,50,55,45
98,3,22,0,65,50,60,45
98,4,2,1,70,50,50,45
98,5,14,0,70,50,50,50
98,6,5,1,75,50,40,50
98,7,10,0,70,55,40,50
98,8,3,0,85,55,35,50
98,9,21,1,85,60,20,50
98,10,23,1,95,60,15,50
98,11,9,1,100,60,15,50
98,12,26,1,110,60,10,50
98,13,43,0,130,60,0,50
98,14,36,1,130,65,0,45
98,15,23,0,125,55,0,50
98,16,2,0,115,55,5,50
98,17,6,1,107,55,5,55
98,18,28,0,97,55,15,55
98,19,13,1,102,60,15,55
98,20,15,1,102,65,15,55
98,21,23,0,97,55,15,60
98,22,41,0,87,65,15,60
98,23,3,1,80,65,15,65
98,24,43,0,100,65,5,65
98,25,16,1,100,65,-5,65
98,26,8,0,100,70,-15,65
98,27,36,1,100,75,-15,60
98,28,45,0,100,75,-15,65
98,29,12,1,105,75,-15,65
98,30,16,0,95,80,-15,65
98,31,22,0,90,80,-10,65
98,32,2,0,80,80,-5,65
98,33,27,0,90,65,-5,65
98,34,29,0,80,65,0,65
98,35,3,1,73,65,0,70
98,36,42,1,73,70,0,70
98,37,8,0,73,75,-10,70
98,38,25,0,73,70,0,70
98,39,1,0,83,70,-15,70
98,40,5,1,88,70,-25,70
98,41,10,1,108,70,-35,70
98,42,28,0,98,70,-25,70
98,43,9,1,103,70,-25,70
98,44,11,0,98,70,-25,72
98,45,20,1,98,75,-40,72
98,46,1,1,90,75,-35,72
98,47,38,0,85,80,-35,72
98,48,14,1,85,85,-35,72
98,49,3,1,78,85,-35,77
98,50,8,0,78,90,-45,77
98,51,41,1,83,80,-45,77
98,52,9,0,78,80,-45,82
98,53,10,0,73,85,-45,82
98,54,20,0,68,85,-30,82
98,55,43,0,88,85,-40,82
98,56,12,1,93,85,-40,82
98,57,9,1,98,85,-40,82
98,58,22,0,93,85,-35,82
98,59,2,1,98,85,-45,82
98,60,11,1,103,85,-45,82
98,61,26,1,113,85,-50,82
98,62,38,0,108,90,-50,82
98,63,46,0,101,90,-50,87
98,64,47,0,126,90,-50,87
98,65,44,1,131,90,-50,87
98,66,15,1,131,95,-50,87
98,67,16,1,131,95,-60,87
98,68,25,0,131,90,-50,87
98,69,14,1,131,95,-50,87
98,70,1,0,141,95,-65,87
98,71,45,0,141,95,-65,92
98,72,15,0,161,90,-65,92
98,73,39,1,166,90,-65,87
98,74,7,1,171,90,-65,82
98,75,18,1,181,90,-65,82
98,76,24,1,186,90,-65,82
98,77,29,0,176,90,-60,82
98,78,16,1,176,90,-70,82
98,79,2,0,166,90,-65,82
98,80,3,1,159,90,-65,87
98,81,48,0,149,90,-65,92
98,82,42,0,141,90,-65,102
98,83,28,0,131,90,-55,102
98,84,5,0,126,90,-50,102
98,85,44,0,126,90,-40,107
98,86,41,0,116,100,-40,107
98,87,4,1,126,100,-40,102
98,88,22,1,126,105,-50,102
98,89,13,0,126,105,-50,107
98,90,6,1,118,105,-50,112
98,91,2,1,123,105,-60,112
98,92,39,0,116,110,-60,112
98,93,9,0,111,110,-60,117
98,94,46,0,104,110,-60,122
98,95,21,0,99,110,-45,122
98,96,3,0,114,110,-50,122
98,97,18,1,124,110,-50,122
98,98,17,0,104,120,-50,122
98,99,48,1,104,125,-50,112
99,0,20,0,45,50,65,50
99,1,16,0,35,55,65,50
99,2,17,0,15,65,65,50
99,3,11,1,20,65,65,50
99,4,3,1,13,65,65,55
99,5,27,0,23,50,65,55
99,6,47,1,23,50,65,70
99,7,20,1,23,55,50,70
99,8,9,1,28,55,50,70
99,9,16,0,18,60,50,70
99,10,25,1,18,65,40,70
99,11,48,1,18,70,40,60
99,12,14,1,18,75,40,60
99,13,4,1,28,75,40,55
99,14,16,1,28,75,30,55
99,15,25,1,28,80,20,55
99,16,26,0,23,80,20,60
99,17,36,1,23,85,20,55
99,18,12,0,18,95,20,55
99,19,13,1,23,100,20,55
99,20,5,0,18,100,25,55
99,21,1,1,10,100,30,55
99,22,23,0,5,90,30,60
99,23,41,1,10,80,30,60
99,24,3,1,3,80,30,65
99,25,24,1,8,80,30,65
99,26,10,0,3,85,30,65
99,27,19,0,-17,85,40,75
99,28,39,1,-12,85,40,70
99,29,8,0,-12,90,30,70
99,30,20,1,-12,95,15,70
99,31,23,0,-17,85,15,75
99,32,44,0,-17,85,25,80
99,33,28,1,-7,85,25,80
99,34,6,0,3,85,20,80
99,35,22,1,3,90,10,80
99,36,36,0,3,85,10,82
99,37,15,1,3,90,10,82
99,38,12,0,-2,100,10,82
99,39,16,1,-2,100,0,82
99,40,10,0,-7,105,0,82
99,41,45,0,-7,105,0,87
99,42,43,1,-7,105,5,72
99,43,25,0,-7,100,15,72
99,44,4,0,-22,105,15,72
99,45,16,1,-22,105,5,72
99,46,38,0,-27,110,5,72
99,47,8,0,-27,115,-5,72
99,48,25,1,-27,120,-15,72
99,49,9,0,-32,120,-15,77
99,50,16,0,-42,125,-15,77
99,51,1,0,-32,125,-30,77
99,52,22,1,-32,130,-40,77
99,53,40,0,-32,140,-50,77
99,54,6,1,-40,140,-50,82
99,55,23,0,-45,130,-50,87
99,56,25,1,-45,135,-60,87
99,57,16,0,-55,140,-60,87
99,58,30,0,-55,140,-70,97
99,59,11,0,-60,140,-70,99
99,60,29,1,-60,155,-90,99
99,61,40,0,-60,165,-100,99
99,62,36,0,-60,160,-100,101
99,63,37,0,-72,170,-100,101
99,64,9,1,-67,170,-100,101
99,65,22,0,-72,170,-95,101
99,66,12,0,-77,180,-95,101
99,67,20,1,-77,185,-110,101
99,68,45,0,-77,185,-110,106
99,69,11,1,-72,185,-110,106
99,70,13,0,-72,185,-110,111
99,71,4,1,-62,185,-110,106
99,72,21,0,-67,185,-95,106
99,73,1,0,-57,185,-110,106
99,74,2,0,-67,185,-105,106
99,75,3,0,-52,185,-110,106
99,76,19,0,-72,185,-100,116
99,77,26,1,-62,185,-105,116
99,78,41,1,-57,175,-105,116
99,79,45,1,-57,180,-105,116
99,80,5,1,-52,180,-115,116
99,81,4,0,-67,185,-115,116
99,82,12,0,-72,195,-115,116
99,83,9,0,-77,195,-115,121
99,84,40,1,-77,185,-105,121
99,85,13,0,-77,185,-105,126
99,86,23,1,-67,185,-110,126
99,87,4,1,-57,185,-110,121
99,88,16,0,-67,190,-110,121
99,89,3,0,-52,190,-115,121
99,90,41,0,-62,200,-115,121
99,91,9,0,-67,200,-115,126
99,92,2,1,-62,200,-125,126
99,93,45,1,-62,205,-125,126
99,94,36,0,-62,200,-125,128
99,95,22,1,-62,205,-135,128
99,96,1,0,-52,205,-150,128
99,97,14,0,-52,205,-150,133
99,98,4,1,-42,205,-150,128
99,99,21,0,-47,205,-135,128
