run,turn,card_id,choice,resources,security,moral,progress
0,0,2,1,55,50,40,50
0,1,9,1,60,50,40,50
0,2,38,1,65,50,40,50
0,3,13,0,65,50,40,55
0,4,16,0,55,55,40,55
0,5,48,1,55,60,40,45
0,6,22,0,50,60,45,45
0,7,18,1,60,60,45,45
0,8,27,1,60,65,40,45
0,9,5,1,65,65,30,45
0,10,47,1,65,65,30,60
0,11,6,0,75,65,25,60
0,12,36,1,75,70,25,55
0,13,15,0,95,65,25,55
0,14,40,1,95,55,35,55
0,15,13,1,100,60,35,55
0,16,31,1,100,60,45,55
0,17,5,1,105,60,35,55
0,18,29,0,95,60,40,55
0,19,11,0,90,60,40,57
0,20,1,1,82,60,45,57
0,21,23,0,77,50,45,62
0,22,14,0,77,50,45,67
0,23,21,0,72,50,60,67
0,24,15,1,72,55,60,67
0,25,16,0,62,60,60,67
0,26,26,0,57,60,60,72
0,27,43,0,77,60,50,72
0,28,41,1,82,50,50,72
0,29,27,1,82,55,45,72
0,30,1,1,74,55,50,72
0,31,3,0,89,55,45,72
0,32,37,0,77,65,45,72
0,33,41,1,82,55,45,72
0,34,5,0,77,55,50,72
0,35,44,1,82,55,50,72
0,36,11,1,87,55,50,72
0,37,37,1,97,55,50,72
0,38,26,0,92,55,50,77
0,39,1,0,102,55,35,77
0,40,41,0,92,65,35,77
0,41,19,1,107,65,35,77
0,42,6,1,99,65,35,82
0,43,7,1,104,65,35,77
0,44,12,1,109,65,35,77
0,45,23,0,104,55,35,82
0,46,2,1,109,55,25,82
0,47,20,0,104,55,40,82
0,48,22,1,104,60,30,82
0,49,38,1,109,60,30,82
0,50,28,0,99,60,40,82
0,51,25,1,99,65,30,82
0,52,13,1,104,70,30,82
0,53,40,1,104,60,40,82
0,54,23,0,99,50,40,87
0,55,38,0,94,55,40,87
0,56,10,0,89,60,40,87
0,57,46,1,94,60,40,82
0,58,5,0,89,60,45,82
0,59,29,0,79,60,50,82
0,60,24,1,84,60,50,82
0,61,32,0,84,65,35,82
0,62,48,0,74,65,35,87
0,63,13,0,74,65,35,92
0,64,47,1,74,65,35,107
0,65,16,1,74,65,25,107
0,66,21,1,74,70,10,107
0,67,4,1,84,70,10,102
0,68,14,1,84,75,10,102
0,69,5,0,79,75,15,102
0,70,40,0,79,85,5,102
0,71,10,1,99,85,-5,102
0,72,37,0,87,95,-5,102
0,73,17,0,67,105,-5,102
0,74,39,0,60,110,-5,102
0,75,27,1,60,115,-10,102
0,76,48,0,50,115,-10,107
0,77,9,0,45,115,-10,112
0,78,33,1,45,120,-10,112
0,79,15,1,45,125,-10,112
0,80,5,1,50,125,-20,112
0,81,22,0,45,125,-15,112
0,82,2,0,35,125,-10,112
0,83,48,1,35,130,-10,102
0,84,24,0,30,130,-5,102
0,85,42,1,30,135,-5,102
0,86,13,0,30,135,-5,107
0,87,26,1,40,135,-10,107
0,88,15,1,40,140,-10,107
0,89,28,0,30,140,0,107
0,90,45,0,30,140,0,112
0,91,12,0,25,150,0,112
0,92,5,1,30,150,-10,112
0,93,4,0,15,155,-10,112
0,94,11,0,10,155,-10,114
0,95,30,0,10,155,-20,124
0,96,12,0,5,165,-20,124
0,97,27,1,5,170,-25,124
0,98,16,0,-5,175,-25,124
0,99,44,1,0,175,-25,124
1,0,38,1,55,50,50,50
1,1,9,0,50,50,50,55
1,2,25,1,50,55,40,55
1,3,2,0,40,55,45,55
1,4,3,1,33,55,45,60
1,5,5,0,28,55,50,60
1,6,23,1,38,55,45,60
1,7,4,1,48,55,45,55
1,8,38,0,43,60,45,55
1,9,3,0,58,60,40,55
1,10,18,0,33,60,40,65
1,11,36,0,33,55,40,67
1,12,5,0,28,55,45,67
1,13,31,1,28,55,55,67
1,14,26,0,23,55,55,72
1,15,3,0,38,55,50,72
1,16,2,1,43,55,40,72
1,17,46,1,48,55,40,67
1,18,28,0,38,55,50,67
1,19,11,0,33,55,50,69
1,20,47,0,58,55,50,69
1,21,15,0,78,50,50,69
1,22,6,0,88,50,45,69
1,23,14,1,88,55,45,69
1,24,10,1,108,55,35,69
1,25,4,0,93,60,35,69
1,26,3,1,86,60,35,74
1,27,19,1,101,60,35,74
1,28,23,0,96,50,35,79
1,29,39,1,101,50,35,74
1,30,5,0,96,50,40,74
1,31,17,1,81,50,50,74
1,32,9,1,86,50,50,74
1,33,43,0,106,50,40,74
1,34,12,1,111,50,40,74
1,35,48,0,101,50,40,79
1,36,42,1,101,55,40,79
1,37,23,0,96,45,40,84
1,38,46,1,101,45,40,79
1,39,7,1,106,45,40,74
1,40,20,1,106,50,25,74
1,41,15,1,106,55,25,74
1,42,16,1,106,55,15,74
1,43,2,0,96,55,20,74
1,44,25,1,96,60,10,74
1,45,12,0,91,70,10,74
1,46,3,1,84,70,10,79
1,47,20,1,84,75,-5,79
1,48,23,1,94,75,-10,79
1,49,29,0,84,75,-5,79
1,50,12,0,79,85,-5,79
1,51,26,0,74,85,-5,84
1,52,22,1,74,90,-15,84
1,53,45,1,74,95,-15,84
1,54,14,1,74,100,-15,84
1,55,16,1,74,100,-25,84
1,56,36,0,74,95,-25,86
1,57,17,1,59,95,-15,86
1,58,25,0,59,90,-5,86
1,59,1,1,51,90,0,86
1,60,13,0,51,90,0,91
1,61,39,1,56,90,0,86
1,62,41,1,61,80,0,86
1,63,37,0,49,90,0,86
1,64,8,0,49,95,-10,86
1,65,12,1,54,95,-10,86
1,66,5,1,59,95,-20,86
1,67,43,1,59,95,-15,71
1,68,37,1,69,95,-15,71
1,69,45,1,69,100,-15,71
1,70,27,1,69,105,-20,71
1,71,25,1,69,110,-30,71
1,72,29,1,69,125,-50,71
1,73,9,1,74,125,-50,71
1,74,46,0,67,125,-50,76
1,75,22,1,67,130,-60,76
1,76,37,1,77,130,-60,76
1,77,48,0,67,130,-60,81
1,78,15,0,87,125,-60,81
1,79,40,0,87,135,-70,81
1,80,43,1,87,135,-65,66
1,81,44,0,87,135,-55,71
1,82,45,0,87,135,-55,76
1,83,41,0,77,145,-55,76
1,84,32,0,77,150,-70,76
1,85,7,1,82,150,-70,71
1,86,24,1,87,150,-70,71
1,87,33,1,87,155,-70,71
1,88,9,1,92,155,-70,71
1,89,16,0,82,160,-70,71
1,90,10,1,102,160,-80,71
1,91,22,0,97,160,-75,71
1,92,15,0,117,155,-75,71
1,93,9,1,122,155,-75,71
1,94,23,1,132,155,-80,71
1,95,10,0,127,160,-80,71
1,96,3,1,120,160,-80,76
1,97,14,1,120,165,-80,76
1,98,1,1,112,165,-75,76
1,99,34,0,112,150,-60,76
2,0,23,0,45,40,50,55
2,1,16,0,35,45,50,55
2,2,44,1,40,45,50,55
2,3,2,0,30,45,55,55
2,4,1,1,22,45,60,55
2,5,30,0,22,45,50,65
2,6,26,1,32,45,45,65
2,7,25,1,32,50,35,65
2,8,37,1,42,50,35,65
2,9,45,0,42,50,35,70
2,10,1,1,34,50,40,70
2,11,10,0,29,55,40,70
2,12,15,1,29,60,40,70
2,13,38,1,34,60,40,70
2,14,31,1,34,60,50,70
2,15,23,0,29,50,50,75
2,16,3,1,22,50,50,80
2,17,22,1,22,55,40,80
2,18,5,0,17,55,45,80
2,19,12,1,22,55,45,80
2,20,7,1,27,55,45,75
2,21,4,0,12,60,45,75
2,22,10,0,7,65,45,75
2,23,16,1,7,65,35,75
2,24,41,0,-3,75,35,75
2,25,23,0,-8,65,35,80
2,26,26,0,-13,65,35,85
2,27,9,1,-8,65,35,85
2,28,11,0,-13,65,35,87
2,29,28,1,-3,65,35,87
2,30,16,0,-13,70,35,87
2,31,2,1,-8,70,25,87
2,32,7,1,-3,70,25,82
2,33,47,0,22,70,25,82
2,34,5,0,17,70,30,82
2,35,12,0,12,80,30,82
2,36,25,0,12,75,40,82
2,37,4,1,22,75,40,77
2,38,13,1,27,80,40,77
2,39,9,0,22,80,40,82
2,40,44,0,22,80,50,87
2,41,16,0,12,85,50,87
2,42,30,0,12,85,40,97
2,43,24,0,7,85,45,97
2,44,46,1,12,85,45,92
2,45,1,0,22,85,30,92
2,46,4,1,32,85,30,87
2,47,3,1,25,85,30,92
2,48,42,1,25,90,30,92
2,49,45,0,25,90,30,97
2,50,26,0,20,90,30,102
2,51,13,1,25,95,30,102
2,52,16,1,25,95,20,102
2,53,1,0,35,95,5,102
2,54,14,0,35,95,5,107
2,55,7,0,20,100,5,107
2,56,9,0,15,100,5,112
2,57,15,0,35,95,5,112
2,58,3,1,28,95,5,117
2,59,4,0,13,100,5,117
2,60,14,0,13,100,5,122
2,61,21,1,13,105,-10,122
2,62,5,1,18,105,-20,122
2,63,13,0,18,105,-20,127
2,64,10,0,13,110,-20,127
2,65,26,0,8,110,-20,132
2,66,29,0,-2,110,-15,132
2,67,43,0,18,110,-25,132
2,68,32,1,18,100,-10,132
2,69,3,1,11,100,-10,137
2,70,25,0,11,95,0,137
2,71,21,0,6,95,15,137
2,72,16,0,-4,100,15,137
2,73,39,0,-11,105,15,137
2,74,45,0,-11,105,15,142
2,75,26,1,-1,105,10,142
2,76,33,1,-1,110,10,142
2,77,24,0,-6,110,15,142
2,78,15,0,14,105,15,142
2,79,25,0,14,100,25,142
2,80,36,1,14,105,25,137
2,81,3,0,29,105,20,137
2,82,40,1,29,95,30,137
2,83,4,1,39,95,30,132
2,84,10,0,34,100,30,132
2,85,41,1,39,90,30,132
2,86,38,1,44,90,30,132
2,87,44,1,49,90,30,132
2,88,26,0,44,90,30,137
2,89,12,1,49,90,30,137
2,90,40,0,49,100,20,137
2,91,16,1,49,100,10,137
2,92,25,0,49,95,20,137
2,93,7,1,54,95,20,132
2,94,48,0,44,95,20,137
2,95,15,0,64,90,20,137
2,96,46,0,57,90,20,142
2,97,43,1,57,90,25,127
2,98,23,0,52,80,25,132
2,99,26,1,62,80,20,132
3,0,25,0,50,45,60,50
3,1,12,0,45,55,60,50
3,2,16,1,45,55,50,50
3,3,23,1,55,55,45,50
3,4,31,1,55,55,55,50
3,5,32,0,55,60,40,50
3,6,45,0,55,60,40,55
3,7,46,1,60,60,40,50
3,8,33,1,60,65,40,50
3,9,10,0,55,70,40,50
3,10,1,0,65,70,25,50
3,11,26,0,60,70,25,55
3,12,24,1,65,70,25,55
3,13,17,1,50,70,35,55
3,14,4,0,35,75,35,55
3,15,41,0,25,85,35,55
3,16,12,1,30,85,35,55
3,17,40,0,30,95,25,55
3,18,25,0,30,90,35,55
3,19,21,1,30,95,20,55
3,20,34,1,45,95,20,55
3,21,14,0,45,95,20,60
3,22,43,1,45,95,25,45
3,23,3,0,60,95,20,45
3,24,41,0,50,105,20,45
3,25,1,0,60,105,5,45
3,26,4,0,45,110,5,45
3,27,20,0,40,110,20,45
3,28,7,0,25,115,20,45
3,29,3,0,40,115,15,45
3,30,38,1,45,115,15,45
3,31,22,0,40,115,20,45
3,32,44,1,45,115,20,45
3,33,15,0,65,110,20,45
3,34,2,1,70,110,10,45
3,35,24,1,75,110,10,45
3,36,30,1,75,110,20,45
3,37,18,0,50,110,20,55
3,38,40,0,50,120,10,55
3,39,37,0,38,130,10,55
3,40,13,0,38,130,10,60
3,41,16,0,28,135,10,60
3,42,2,1,33,135,0,60
3,43,25,1,33,140,-10,60
3,44,20,1,33,145,-25,60
3,45,1,1,25,145,-20,60
3,46,5,1,30,145,-30,60
3,47,41,0,20,155,-30,60
3,48,29,0,10,155,-25,60
3,49,14,1,10,160,-25,60
3,50,40,0,10,170,-35,60
3,51,16,0,0,175,-35,60
3,52,23,1,10,175,-40,60
3,53,12,0,5,185,-40,60
3,54,2,1,10,185,-50,60
3,55,25,1,10,190,-60,60
3,56,46,0,3,190,-60,65
3,57,37,0,-9,200,-60,65
3,58,29,1,-9,215,-80,65
3,59,3,0,6,215,-85,65
3,60,9,0,1,215,-85,70
3,61,24,1,6,215,-85,70
3,62,46,0,-1,215,-85,75
3,63,2,0,-11,215,-80,75
3,64,38,0,-16,220,-80,75
3,65,4,1,-6,220,-80,70
3,66,6,0,4,220,-85,70
3,67,39,0,-3,225,-85,70
3,68,13,0,-3,225,-85,75
3,69,44,1,2,225,-85,75
3,70,38,0,-3,230,-85,75
3,71,9,1,2,230,-85,75
3,72,20,1,2,235,-100,75
3,73,3,0,17,235,-105,75
3,74,12,1,22,235,-105,75
3,75,13,0,22,235,-105,80
3,76,2,0,12,235,-100,80
3,77,14,1,12,240,-100,80
3,78,6,0,22,240,-105,80
3,79,26,1,32,240,-110,80
3,80,41,0,22,250,-110,80
3,81,1,0,32,250,-125,80
3,82,23,1,42,250,-130,80
3,83,24,0,37,250,-125,80
3,84,16,0,27,255,-125,80
3,85,39,1,32,255,-125,75
3,86,40,1,32,245,-115,75
3,87,7,1,37,245,-115,70
3,88,26,0,32,245,-115,75
3,89,6,1,24,245,-115,80
3,90,27,0,34,230,-115,80
3,91,16,1,34,230,-125,80
3,92,41,1,39,220,-125,80
3,93,11,1,44,220,-125,80
3,94,29,1,44,235,-145,80
3,95,9,0,39,235,-145,85
3,96,10,1,59,235,-155,85
3,97,40,0,59,245,-165,85
3,98,39,0,52,250,-165,85
3,99,22,1,52,255,-175,85
4,0,27,0,60,35,50,50
4,1,16,0,50,40,50,50
4,2,39,1,55,40,50,45
4,3,26,0,50,40,50,50
4,4,5,0,45,40,55,50
4,5,43,0,65,40,45,50
4,6,22,0,60,40,50,50
4,7,1,1,52,40,55,50
4,8,23,1,62,40,50,50
4,9,12,0,57,50,50,50
4,10,13,1,62,55,50,50
4,11,6,0,72,55,45,50
4,12,1,1,64,55,50,50
4,13,4,0,49,60,50,50
4,14,7,0,34,65,50,50
4,15,28,1,44,65,50,50
4,16,26,1,54,65,45,50
4,17,24,1,59,65,45,50
4,18,2,0,49,65,50,50
4,19,4,0,34,70,50,50
4,20,16,0,24,75,50,50
4,21,12,1,29,75,50,50
4,22,17,1,14,75,60,50
4,23,40,1,14,65,70,50
4,24,41,0,4,75,70,50
4,25,1,0,14,75,55,50
4,26,20,0,9,75,70,50
4,27,15,0,29,70,70,50
4,28,46,0,22,70,70,55
4,29,13,1,27,75,70,55
4,30,39,0,20,80,70,55
4,31,31,0,20,85,60,55
4,32,14,0,20,85,60,60
4,33,45,0,20,85,60,65
4,34,11,1,25,85,60,65
4,35,15,0,45,80,60,65
4,36,17,1,30,80,70,65
4,37,1,0,40,80,55,65
4,38,5,1,45,80,45,65
4,39,23,1,55,80,40,65
4,40,14,1,55,85,40,65
4,41,10,0,50,90,40,65
4,42,25,0,50,85,50,65
4,43,29,0,40,85,55,65
4,44,12,0,35,95,55,65
4,45,13,0,35,95,55,70
4,46,10,1,55,95,45,70
4,47,8,0,55,100,35,70
4,48,1,1,47,100,40,70
4,49,25,0,47,95,50,70
4,50,41,0,37,105,50,70
4,51,23,1,47,105,45,70
4,52,42,0,39,105,45,80
4,53,16,1,39,105,35,80
4,54,43,1,39,105,40,65
4,55,28,0,29,105,50,65
4,56,25,0,29,100,60,65
4,57,9,0,24,100,60,70
4,58,27,0,34,85,60,70
4,59,45,0,34,85,60,75
4,60,14,1,34,90,60,75
4,61,23,1,44,90,55,75
4,62,10,1,64,90,45,75
4,63,22,0,59,90,50,75
4,64,9,0,54,90,50,80
4,65,5,0,49,90,55,80
4,66,38,0,44,95,55,80
4,67,16,0,34,100,55,80
4,68,41,1,39,90,55,80
4,69,8,0,39,95,45,80
4,70,29,0,29,95,50,80
4,71,44,1,34,95,50,80
4,72,16,0,24,100,50,80
4,73,17,1,9,100,60,80
4,74,15,1,9,105,60,80
4,75,7,1,14,105,60,75
4,76,11,0,9,105,60,77
4,77,37,1,19,105,60,77
4,78,13,1,24,110,60,77
4,79,15,0,44,105,60,77
4,80,2,1,49,105,50,77
4,81,41,1,54,95,50,77
4,82,25,0,54,90,60,77
4,83,43,0,74,90,50,77
4,84,13,0,74,90,50,82
4,85,14,1,74,95,50,82
4,86,9,1,79,95,50,82
4,87,27,0,89,80,50,82
4,88,15,1,89,85,50,82
4,89,40,0,89,95,40,82
4,90,4,1,99,95,40,77
4,91,11,1,104,95,40,77
4,92,8,1,94,95,40,82
4,93,10,1,114,95,30,82
4,94,38,0,109,100,30,82
4,95,13,0,109,100,30,87
4,96,1,1,101,100,35,87
4,97,48,0,91,100,35,92
4,98,22,1,91,105,25,92
4,99,47,0,116,105,25,92
5,0,36,1,50,55,50,45
5,1,24,1,55,55,50,45
5,2,40,0,55,65,40,45
5,3,27,0,65,50,40,45
5,4,19,1,80,50,40,45
5,5,17,1,65,50,50,45
5,6,4,0,50,55,50,45
5,7,20,1,50,60,35,45
5,8,39,1,55,60,35,40
5,9,1,1,47,60,40,40
5,10,31,0,47,65,30,40
5,11,32,1,47,55,45,40
5,12,33,0,77,55,45,40
5,13,12,0,72,65,45,40
5,14,3,1,65,65,45,45
5,15,22,1,65,70,35,45
5,16,1,0,75,70,20,45
5,17,26,0,70,70,20,50
5,18,19,0,50,70,30,60
5,19,34,0,50,55,45,60
5,20,42,0,42,55,45,70
5,21,24,1,47,55,45,70
5,22,41,1,52,45,45,70
5,23,14,1,52,50,45,70
5,24,16,1,52,50,35,70
5,25,46,0,45,50,35,75
5,26,45,1,45,55,35,75
5,27,44,1,50,55,35,75
5,28,23,0,45,45,35,80
5,29,40,1,45,35,45,80
5,30,28,0,35,35,55,80
5,31,24,0,30,35,60,80
5,32,11,1,35,35,60,80
5,33,48,0,25,35,60,85
5,34,10,0,20,40,60,85
5,35,16,1,20,40,50,85
5,36,12,1,25,40,50,85
5,37,11,1,30,40,50,85
5,38,36,0,30,35,50,87
5,39,13,0,30,35,50,92
5,40,14,0,30,35,50,97
5,41,22,1,30,40,40,97
5,42,20,1,30,45,25,97
5,43,29,0,20,45,30,97
5,44,6,0,30,45,25,97
5,45,1,1,22,45,30,97
5,46,36,1,22,50,30,92
5,47,4,0,7,55,30,92
5,48,26,1,17,55,25,92
5,49,23,1,27,55,20,92
5,50,37,0,15,65,20,92
5,51,16,0,5,70,20,92
5,52,11,0,0,70,20,94
5,53,35,0,0,78,5,94
5,54,25,0,0,73,15,94
5,55,24,0,-5,73,20,94
5,56,46,0,-12,73,20,99
5,57,1,1,-20,73,25,99
5,58,38,1,-15,73,25,99
5,59,7,1,-10,73,25,94
5,60,40,1,-10,63,35,94
5,61,10,0,-15,68,35,94
5,62,14,0,-15,68,35,99
5,63,42,0,-23,68,35,109
5,64,9,0,-28,68,35,114
5,65,43,0,-8,68,25,114
5,66,6,1,-16,68,25,119
5,67,20,0,-21,68,40,119
5,68,4,0,-36,73,40,119
5,69,28,1,-26,73,40,119
5,70,37,1,-16,73,40,119
5,71,44,0,-16,73,50,124
5,72,41,0,-26,83,50,124
5,73,15,0,-6,78,50,124
5,74,11,0,-11,78,50,126
5,75,4,1,-1,78,50,121
5,76,22,1,-1,83,40,121
5,77,13,0,-1,83,40,126
5,78,42,1,-1,88,40,126
5,79,28,1,9,88,40,126
5,80,26,0,4,88,40,131
5,81,29,0,-6,88,45,131
5,82,11,1,-1,88,45,131
5,83,1,0,9,88,30,131
5,84,10,1,29,88,20,131
5,85,24,1,34,88,20,131
5,86,36,1,34,93,20,126
5,87,26,1,44,93,15,126
5,88,22,1,44,98,5,126
5,89,45,0,44,98,5,131
5,90,46,1,49,98,5,126
5,91,12,0,44,108,5,126
5,92,4,1,54,108,5,121
5,93,16,1,54,108,-5,121
5,94,13,0,54,108,-5,126
5,95,43,1,54,108,0,111
5,96,27,0,64,93,0,111
5,97,1,0,74,93,-15,111
5,98,14,0,74,93,-15,116
5,99,25,1,74,98,-25,116
6,0,46,1,55,50,50,45
6,1,16,1,55,50,40,45
6,2,45,1,55,55,40,45
6,3,26,1,65,55,35,45
6,4,9,1,70,55,35,45
6,5,11,0,65,55,35,47
6,6,2,0,55,55,40,47
6,7,46,0,48,55,40,52
6,8,44,1,53,55,40,52
6,9,16,0,43,60,40,52
6,10,29,1,43,75,20,52
6,11,45,1,43,80,20,52
6,12,27,0,53,65,20,52
6,13,36,0,53,60,20,54
6,14,44,1,58,60,20,54
6,15,31,1,58,60,30,54
6,16,16,1,58,60,20,54
6,17,10,0,53,65,20,54
6,18,23,0,48,55,20,59
6,19,2,0,38,55,25,59
6,20,12,0,33,65,25,59
6,21,32,0,33,70,10,59
6,22,21,1,33,75,-5,59
6,23,16,1,33,75,-15,59
6,24,22,0,28,75,-10,59
6,25,45,1,28,80,-10,59
6,26,24,1,33,80,-10,59
6,27,4,1,43,80,-10,54
6,28,2,0,33,80,-5,54
6,29,10,0,28,85,-5,54
6,30,28,0,18,85,5,54
6,31,44,1,23,85,5,54
6,32,15,1,23,90,5,54
6,33,33,1,23,95,5,54
6,34,39,1,28,95,5,49
6,35,41,1,33,85,5,49
6,36,45,1,33,90,5,49
6,37,3,0,48,90,0,49
6,38,22,1,48,95,-10,49
6,39,2,0,38,95,-5,49
6,40,25,0,38,90,5,49
6,41,24,0,33,90,10,49
6,42,11,1,38,90,10,49
6,43,38,0,33,95,10,49
6,44,2,0,23,95,15,49
6,45,16,1,23,95,5,49
6,46,15,1,23,100,5,49
6,47,43,1,23,100,10,34
6,48,21,0,18,100,25,34
6,49,12,0,13,110,25,34
6,50,5,1,18,110,15,34
6,51,25,0,18,105,25,34
6,52,14,1,18,110,25,34
6,53,38,0,13,115,25,34
6,54,1,0,23,115,10,34
6,55,46,0,16,115,10,39
6,56,2,0,6,115,15,39
6,57,36,1,6,120,15,34
6,58,8,0,6,125,5,34
6,59,27,1,6,130,0,34
6,60,41,0,-4,140,0,34
6,61,1,0,6,140,-15,34
6,62,46,1,11,140,-15,29
6,63,25,0,11,135,-5,29
6,64,17,1,-4,135,5,29
6,65,23,0,-9,125,5,34
6,66,41,0,-19,135,5,34
6,67,34,1,-4,135,5,34
6,68,16,0,-14,140,5,34
6,69,20,1,-14,145,-10,34
6,70,26,0,-19,145,-10,39
6,71,9,0,-24,145,-10,44
6,72,13,1,-19,150,-10,44
6,73,15,1,-19,155,-10,44
6,74,42,0,-27,155,-10,54
6,75,17,0,-47,165,-10,54
6,76,37,0,-59,175,-10,54
6,77,47,1,-59,175,-10,69
6,78,23,1,-49,175,-15,69
6,79,43,0,-29,175,-25,69
6,80,8,1,-39,175,-25,74
6,81,39,0,-46,180,-25,74
6,82,13,0,-46,180,-25,79
6,83,2,0,-56,180,-20,79
6,84,4,1,-46,180,-20,74
6,85,16,0,-56,185,-20,74
6,86,28,1,-46,185,-20,74
6,87,23,1,-36,185,-25,74
6,88,1,1,-44,185,-20,74
6,89,38,0,-49,190,-20,74
6,90,22,1,-49,195,-30,74
6,91,36,1,-49,200,-30,69
6,92,11,0,-54,200,-30,71
6,93,13,0,-54,200,-30,76
6,94,3,0,-39,200,-35,76
6,95,30,1,-39,200,-25,76
6,96,9,1,-34,200,-25,76
6,97,11,1,-29,200,-25,76
6,98,13,1,-24,205,-25,76
6,99,24,0,-29,205,-20,76
7,0,28,1,60,50,50,50
7,1,2,0,50,50,55,50
7,2,16,0,40,55,55,50
7,3,26,0,35,55,55,55
7,4,41,0,25,65,55,55
7,5,22,0,20,65,60,55
7,6,31,1,20,65,70,55
7,7,43,0,40,65,60,55
7,8,40,0,40,75,50,55
7,9,30,1,40,75,60,55
7,10,3,0,55,75,55,55
7,11,24,1,60,75,55,55
7,12,25,1,60,80,45,55
7,13,44,1,65,80,45,55
7,14,23,0,60,70,45,60
7,15,26,0,55,70,45,65
7,16,12,1,60,70,45,65
7,17,48,0,50,70,45,70
7,18,11,0,45,70,45,72
7,19,45,0,45,70,45,77
7,20,22,0,40,70,50,77
7,21,12,0,35,80,50,77
7,22,2,1,40,80,40,77
7,23,29,0,30,80,45,77
7,24,5,1,35,80,35,77
7,25,23,0,30,70,35,82
7,26,9,0,25,70,35,87
7,27,44,0,25,70,45,92
7,28,26,1,35,70,40,92
7,29,13,1,40,75,40,92
7,30,15,0,60,70,40,92
7,31,40,1,60,60,50,92
7,32,24,0,55,60,55,92
7,33,19,0,35,60,65,102
7,34,32,0,35,65,50,102
7,35,16,1,35,65,40,102
7,36,37,0,23,75,40,102
7,37,12,0,18,85,40,102
7,38,6,0,28,85,35,102
7,39,5,1,33,85,25,102
7,40,33,0,63,85,25,102
7,41,47,0,88,85,25,102
7,42,44,0,88,85,35,107
7,43,1,0,98,85,20,107
7,44,28,1,108,85,20,107
7,45,16,1,108,85,10,107
7,46,11,1,113,85,10,107
7,47,9,0,108,85,10,112
7,48,2,1,113,85,0,112
7,49,20,1,113,90,-15,112
7,50,27,1,113,95,-20,112
7,51,23,0,108,85,-20,117
7,52,1,0,118,85,-35,117
7,53,3,0,133,85,-40,117
7,54,13,1,138,90,-40,117
7,55,26,0,133,90,-40,122
7,56,16,1,133,90,-50,122
7,57,24,0,128,90,-45,122
7,58,22,1,128,95,-55,122
7,59,28,0,118,95,-45,122
7,60,9,1,123,95,-45,122
7,61,38,1,128,95,-45,122
7,62,11,0,123,95,-45,124
7,63,19,1,138,95,-45,124
7,64,28,0,128,95,-35,124
7,65,8,0,128,100,-45,124
7,66,21,1,128,105,-60,124
7,67,14,1,128,110,-60,124
7,68,47,1,128,110,-60,139
7,69,3,0,143,110,-65,139
7,70,19,1,158,110,-65,139
7,71,21,0,153,110,-50,139
7,72,39,0,146,115,-50,139
7,73,13,0,146,115,-50,144
7,74,10,1,166,115,-60,144
7,75,22,0,161,115,-55,144
7,76,36,0,161,110,-55,146
7,77,4,0,146,115,-55,146
7,78,1,1,138,115,-50,146
7,79,21,0,133,115,-35,146
7,80,25,0,133,110,-25,146
7,81,34,0,133,95,-10,146
7,82,12,0,128,105,-10,146
7,83,44,1,133,105,-10,146
7,84,13,0,133,105,-10,151
7,85,25,1,133,110,-20,151
7,86,46,0,126,110,-20,156
7,87,45,0,126,110,-20,161
7,88,15,1,126,115,-20,161
7,89,20,1,126,120,-35,161
7,90,14,0,126,120,-35,166
7,91,13,1,131,125,-35,166
7,92,26,0,126,125,-35,171
7,93,21,1,126,130,-50,171
7,94,44,0,126,130,-40,176
7,95,2,1,131,130,-50,176
7,96,3,1,124,130,-50,181
7,97,11,0,119,130,-50,183
7,98,26,1,129,130,-55,183
7,99,45,0,129,130,-55,188
8,0,13,1,55,55,50,50
8,1,46,1,60,55,50,45
8,2,9,0,55,55,50,50
8,3,2,0,45,55,55,50
8,4,6,1,37,55,55,55
8,5,14,1,37,60,55,55
8,6,13,0,37,60,55,60
8,7,31,0,37,65,45,60
8,8,19,1,52,65,45,60
8,9,23,0,47,55,45,65
8,10,12,0,42,65,45,65
8,11,11,0,37,65,45,67
8,12,44,0,37,65,55,72
8,13,2,1,42,65,45,72
8,14,14,0,42,65,45,77
8,15,46,1,47,65,45,72
8,16,25,0,47,60,55,72
8,17,5,0,42,60,60,72
8,18,40,0,42,70,50,72
8,19,1,1,34,70,55,72
8,20,21,0,29,70,70,72
8,21,22,0,24,70,75,72
8,22,4,1,34,70,75,67
8,23,18,0,9,70,75,77
8,24,11,0,4,70,75,79
8,25,9,1,9,70,75,79
8,26,39,0,2,75,75,79
8,27,7,1,7,75,75,74
8,28,41,1,12,65,75,74
8,29,40,1,12,55,85,74
8,30,25,0,12,50,95,74
8,31,20,1,12,55,80,74
8,32,14,0,12,55,80,79
8,33,4,1,22,55,80,74
8,34,5,0,17,55,85,74
8,35,44,0,17,55,95,79
8,36,21,1,17,60,80,79
8,37,47,1,17,60,80,94
8,38,41,1,22,50,80,94
8,39,2,0,12,50,85,94
8,40,3,1,5,50,85,99
8,41,12,1,10,50,85,99
8,42,18,1,20,50,85,99
8,43,15,0,40,45,85,99
8,44,4,1,50,45,85,94
8,45,1,0,60,45,70,94
8,46,11,0,55,45,70,96
8,47,9,0,50,45,70,101
8,48,41,1,55,35,70,101
8,49,37,0,43,45,70,101
8,50,44,1,48,45,70,101
8,51,36,0,48,40,70,103
8,52,2,0,38,40,75,103
8,53,39,1,43,40,75,98
8,54,11,1,48,40,75,98
8,55,18,0,23,40,75,108
8,56,10,0,18,45,75,108
8,57,40,0,18,55,65,108
8,58,17,0,-2,65,65,108
8,59,7,1,3,65,65,103
8,60,36,1,3,70,65,98
8,61,41,1,8,60,65,98
8,62,16,1,8,60,55,98
8,63,23,1,18,60,50,98
8,64,20,0,13,60,65,98
8,65,44,1,18,60,65,98
8,66,46,1,23,60,65,93
8,67,28,0,13,60,75,93
8,68,6,1,5,60,75,98
8,69,5,1,10,60,65,98
8,70,12,0,5,70,65,98
8,71,45,1,5,75,65,98
8,72,41,1,10,65,65,98
8,73,20,1,10,70,50,98
8,74,21,1,10,75,35,98
8,75,3,0,25,75,30,98
8,76,13,0,25,75,30,103
8,77,24,0,20,75,35,103
8,78,5,1,25,75,25,103
8,79,40,1,25,65,35,103
8,80,20,0,20,65,50,103
8,81,12,1,25,65,50,103
8,82,8,0,25,70,40,103
8,83,36,1,25,75,40,98
8,84,11,0,20,75,40,100
8,85,29,0,10,75,45,100
8,86,16,1,10,75,35,100
8,87,14,1,10,80,35,100
8,88,23,0,5,70,35,105
8,89,22,1,5,75,25,105
8,90,4,0,-10,80,25,105
8,91,15,1,-10,85,25,105
8,92,41,0,-20,95,25,105
8,93,12,0,-25,105,25,105
8,94,39,0,-32,110,25,105
8,95,44,1,-27,110,25,105
8,96,2,1,-22,110,15,105
8,97,42,0,-30,110,15,115
8,98,5,0,-35,110,20,115
8,99,21,0,-40,110,35,115
9,0,38,1,55,50,50,50
9,1,10,0,50,55,50,50
9,2,6,0,60,55,45,50
9,3,31,1,60,55,55,50
9,4,47,1,60,55,55,65
9,5,32,0,60,60,40,65
9,6,16,0,50,65,40,65
9,7,15,0,70,60,40,65
9,8,4,1,80,60,40,60
9,9,45,0,80,60,40,65
9,10,43,1,80,60,45,50
9,11,38,1,85,60,45,50
9,12,2,0,75,60,50,50
9,13,10,1,95,60,40,50
9,14,18,1,105,60,40,50
9,15,13,1,110,65,40,50
9,16,39,1,115,65,40,45
9,17,8,0,115,70,30,45
9,18,26,1,125,70,25,45
9,19,45,0,125,70,25,50
9,20,4,1,135,70,25,45
9,21,9,1,140,70,25,45
9,22,12,1,145,70,25,45
9,23,10,0,140,75,25,45
9,24,1,0,150,75,10,45
9,25,16,1,150,75,0,45
9,26,4,1,160,75,0,40
9,27,15,1,160,80,0,40
9,28,7,0,145,85,0,40
9,29,5,0,140,85,5,40
9,30,11,1,145,85,5,40
9,31,14,0,145,85,5,45
9,32,4,1,155,85,5,40
9,33,41,0,145,95,5,40
9,34,5,0,140,95,10,40
9,35,16,1,140,95,0,40
9,36,23,0,135,85,0,45
9,37,14,1,135,90,0,45
9,38,15,1,135,95,0,45
9,39,24,1,140,95,0,45
9,40,7,1,145,95,0,40
9,41,21,0,140,95,15,40
9,42,10,0,135,100,15,40
9,43,48,0,125,100,15,45
9,44,25,0,125,95,25,45
9,45,33,1,125,100,25,45
9,46,45,0,125,100,25,50
9,47,10,1,145,100,15,50
9,48,39,1,150,100,15,45
9,49,36,1,150,105,15,40
9,50,1,0,160,105,0,40
9,51,2,1,165,105,-10,40
9,52,43,0,185,105,-20,40
9,53,16,1,185,105,-30,40
9,54,25,0,185,100,-20,40
9,55,34,0,185,85,-5,40
9,56,24,0,180,85,0,40
9,57,22,0,175,85,5,40
9,58,27,0,185,70,5,40
9,59,8,0,185,75,-5,40
9,60,16,0,175,80,-5,40
9,61,9,1,180,80,-5,40
9,62,3,0,195,80,-10,40
9,63,28,1,205,80,-10,40
9,64,48,0,195,80,-10,45
9,65,35,0,195,88,-25,45
9,66,7,0,180,93,-25,45
9,67,22,1,180,98,-35,45
9,68,44,0,180,98,-25,50
9,69,25,0,180,93,-15,50
9,70,39,1,185,93,-15,45
9,71,27,1,185,98,-20,45
9,72,23,0,180,88,-20,50
9,73,3,1,173,88,-20,55
9,74,42,0,165,88,-20,65
9,75,24,0,160,88,-15,65
9,76,43,1,160,88,-10,50
9,77,15,0,180,83,-10,50
9,78,2,0,170,83,-5,50
9,79,25,0,170,78,5,50
9,80,1,1,162,78,10,50
9,81,16,0,152,83,10,50
9,82,11,0,147,83,10,52
9,83,2,0,137,83,15,52
9,84,43,0,157,83,5,52
9,85,15,0,177,78,5,52
9,86,38,1,182,78,5,52
9,87,11,0,177,78,5,54
9,88,21,1,177,83,-10,54
9,89,7,1,182,83,-10,49
9,90,14,0,182,83,-10,54
9,91,48,1,182,88,-10,44
9,92,39,1,187,88,-10,39
9,93,1,1,179,88,-5,39
9,94,3,1,172,88,-5,44
9,95,5,1,177,88,-15,44
9,96,17,0,157,98,-15,44
9,97,27,0,167,83,-15,44
9,98,43,1,167,83,-10,29
9,99,16,0,157,88,-10,29
10,0,21,1,50,55,35,50
10,1,31,0,50,60,25,50
10,2,12,1,55,60,25,50
10,3,30,1,55,60,35,50
10,4,11,0,50,60,35,52
10,5,23,0,45,50,35,57
10,6,7,0,30,55,35,57
10,7,25,0,30,50,45,57
10,8,2,1,35,50,35,57
10,9,40,1,35,40,45,57
10,10,13,1,40,45,45,57
10,11,3,1,33,45,45,62
10,12,45,0,33,45,45,67
10,13,1,1,25,45,50,67
10,14,27,0,35,30,50,67
10,15,22,1,35,35,40,67
10,16,40,1,35,25,50,67
10,17,39,0,28,30,50,67
10,18,26,1,38,30,45,67
10,19,25,1,38,35,35,67
10,20,6,1,30,35,35,72
10,21,19,1,45,35,35,72
10,22,28,0,35,35,45,72
10,23,11,0,30,35,45,74
10,24,40,0,30,45,35,74
10,25,41,1,35,35,35,74
10,26,16,1,35,35,25,74
10,27,32,1,35,25,40,74
10,28,9,1,40,25,40,74
10,29,3,0,55,25,35,74
10,30,40,0,55,35,25,74
10,31,8,0,55,40,15,74
10,32,4,0,40,45,15,74
10,33,7,0,25,50,15,74
10,34,11,0,20,50,15,76
10,35,22,1,20,55,5,76
10,36,16,1,20,55,-5,76
10,37,25,1,20,60,-15,76
10,38,39,1,25,60,-15,71
10,39,30,1,25,60,-5,71
10,40,15,1,25,65,-5,71
10,41,11,0,20,65,-5,73
10,42,27,0,30,50,-5,73
10,43,9,0,25,50,-5,78
10,44,2,1,30,50,-15,78
10,45,6,1,22,50,-15,83
10,46,13,1,27,55,-15,83
10,47,16,1,27,55,-25,83
10,48,27,1,27,60,-30,83
10,49,17,1,12,60,-20,83
10,50,1,1,4,60,-15,83
10,51,36,1,4,65,-15,78
10,52,42,1,4,70,-15,78
10,53,33,1,4,75,-15,78
10,54,4,1,14,75,-15,73
10,55,13,1,19,80,-15,73
10,56,37,0,7,90,-15,73
10,57,40,1,7,80,-5,73
10,58,34,1,22,80,-5,73
10,59,15,0,42,75,-5,73
10,60,39,0,35,80,-5,73
10,61,28,1,45,80,-5,73
10,62,2,0,35,80,0,73
10,63,41,1,40,70,0,73
10,64,44,0,40,70,10,78
10,65,46,0,33,70,10,83
10,66,4,1,43,70,10,78
10,67,14,0,43,70,10,83
10,68,22,1,43,75,0,83
10,69,13,1,48,80,0,83
10,70,16,0,38,85,0,83
10,71,23,0,33,75,0,88
10,72,3,0,48,75,-5,88
10,73,26,0,43,75,-5,93
10,74,42,0,35,75,-5,103
10,75,41,0,25,85,-5,103
10,76,35,1,25,75,5,103
10,77,20,1,25,80,-10,103
10,78,14,0,25,80,-10,108
10,79,44,1,30,80,-10,108
10,80,27,0,40,65,-10,108
10,81,43,1,40,65,-5,93
10,82,20,1,40,70,-20,93
10,83,38,0,35,75,-20,93
10,84,9,1,40,75,-20,93
10,85,13,1,45,80,-20,93
10,86,14,1,45,85,-20,93
10,87,29,0,35,85,-15,93
10,88,44,1,40,85,-15,93
10,89,4,1,50,85,-15,88
10,90,10,0,45,90,-15,88
10,91,14,0,45,90,-15,93
10,92,26,1,55,90,-20,93
10,93,5,0,50,90,-15,93
10,94,20,1,50,95,-30,93
10,95,22,0,45,95,-25,93
10,96,40,1,45,85,-15,93
10,97,29,1,45,100,-35,93
10,98,5,1,50,100,-45,93
10,99,12,1,55,100,-45,93
11,0,31,0,50,55,40,50
11,1,13,1,55,60,40,50
11,2,5,1,60,60,30,50
11,3,25,1,60,65,20,50
11,4,44,0,60,65,30,55
11,5,20,1,60,70,15,55
11,6,14,1,60,75,15,55
11,7,32,1,60,65,30,55
11,8,43,0,80,65,20,55
11,9,36,1,80,70,20,50
11,10,42,1,80,75,20,50
11,11,5,1,85,75,10,50
11,12,16,0,75,80,10,50
11,13,6,0,85,80,5,50
11,14,12,0,80,90,5,50
11,15,10,0,75,95,5,50
11,16,17,0,55,105,5,50
11,17,44,1,60,105,5,50
11,18,8,1,50,105,5,55
11,19,4,1,60,105,5,50
11,20,42,0,52,105,5,60
11,21,7,0,37,110,5,60
11,22,2,1,42,110,-5,60
11,23,13,0,42,110,-5,65
11,24,15,0,62,105,-5,65
11,25,5,1,67,105,-15,65
11,26,33,1,67,110,-15,65
11,27,20,0,62,110,0,65
11,28,40,1,62,100,10,65
11,29,3,0,77,100,5,65
11,30,12,0,72,110,5,65
11,31,13,0,72,110,5,70
11,32,8,0,72,115,-5,70
11,33,6,0,82,115,-10,70
11,34,43,1,82,115,-5,55
11,35,21,1,82,120,-20,55
11,36,13,0,82,120,-20,60
11,37,10,1,102,120,-30,60
11,38,5,1,107,120,-40,60
11,39,9,1,112,120,-40,60
11,40,12,1,117,120,-40,60
11,41,16,1,117,120,-50,60
11,42,45,1,117,125,-50,60
11,43,46,1,122,125,-50,55
11,44,22,1,122,130,-60,55
11,45,19,0,102,130,-50,65
11,46,38,0,97,135,-50,65
11,47,9,0,92,135,-50,70
11,48,15,1,92,140,-50,70
11,49,16,0,82,145,-50,70
11,50,11,1,87,145,-50,70
11,51,13,0,87,145,-50,75
11,52,34,0,87,130,-35,75
11,53,12,1,92,130,-35,75
11,54,22,0,87,130,-30,75
11,55,10,1,107,130,-40,75
11,56,15,0,127,125,-40,75
11,57,41,1,132,115,-40,75
11,58,5,1,137,115,-50,75
11,59,47,1,137,115,-50,90
11,60,16,0,127,120,-50,90
11,61,27,0,137,105,-50,90
11,62,23,1,147,105,-55,90
11,63,13,0,147,105,-55,95
11,64,45,0,147,105,-55,100
11,65,15,1,147,110,-55,100
11,66,26,0,142,110,-55,105
11,67,12,1,147,110,-55,105
11,68,10,1,167,110,-65,105
11,69,13,0,167,110,-65,110
11,70,16,1,167,110,-75,110
11,71,14,0,167,110,-75,115
11,72,41,1,172,100,-75,115
11,73,9,1,177,100,-75,115
11,74,17,0,157,110,-75,115
11,75,29,0,147,110,-70,115
11,76,2,1,152,110,-80,115
11,77,3,1,145,110,-80,120
11,78,40,0,145,120,-90,120
11,79,44,0,145,120,-80,125
11,80,1,1,137,120,-75,125
11,81,25,1,137,125,-85,125
11,82,28,1,147,125,-85,125
11,83,5,0,142,125,-80,125
11,84,23,1,152,125,-85,125
11,85,20,1,152,130,-100,125
11,86,1,1,144,130,-95,125
11,87,38,1,149,130,-95,125
11,88,42,0,141,130,-95,135
11,89,5,1,146,130,-105,135
11,90,20,1,146,135,-120,135
11,91,17,0,126,145,-120,135
11,92,15,0,146,140,-120,135
11,93,45,0,146,140,-120,140
11,94,40,1,146,130,-110,140
11,95,28,1,156,130,-110,140
11,96,12,0,151,140,-110,140
11,97,13,0,151,140,-110,145
11,98,48,1,151,145,-110,135
11,99,16,1,151,145,-120,135
12,0,7,0,35,55,50,50
12,1,15,0,55,50,50,50
12,2,45,0,55,50,50,55
12,3,24,0,50,50,55,55
12,4,22,0,45,50,60,55
12,5,47,1,45,50,60,70
12,6,17,1,30,50,70,70
12,7,16,1,30,50,60,70
12,8,43,1,30,50,65,55
12,9,44,1,35,50,65,55
12,10,29,0,25,50,70,55
12,11,13,0,25,50,70,60
12,12,22,1,25,55,60,60
12,13,18,0,0,55,60,70
12,14,28,0,-10,55,70,70
12,15,12,1,-5,55,70,70
12,16,47,1,-5,55,70,85
12,17,4,1,5,55,70,80
12,18,7,0,-10,60,70,80
12,19,14,1,-10,65,70,80
12,20,10,1,10,65,60,80
12,21,11,0,5,65,60,82
12,22,37,1,15,65,60,82
12,23,12,1,20,65,60,82
12,24,26,1,30,65,55,82
12,25,25,1,30,70,45,82
12,26,10,1,50,70,35,82
12,27,4,0,35,75,35,82
12,28,2,0,25,75,40,82
12,29,13,0,25,75,40,87
12,30,1,0,35,75,25,87
12,31,3,1,28,75,25,92
12,32,48,0,18,75,25,97
12,33,29,1,18,90,5,97
12,34,40,0,18,100,-5,97
12,35,10,1,38,100,-15,97
12,36,31,0,38,105,-25,97
12,37,4,1,48,105,-25,92
12,38,2,1,53,105,-35,92
12,39,18,0,28,105,-35,102
12,40,16,1,28,105,-45,102
12,41,25,0,28,100,-35,102
12,42,48,1,28,105,-35,92
12,43,17,0,8,115,-35,92
12,44,45,0,8,115,-35,97
12,45,22,0,3,115,-30,97
12,46,23,0,-2,105,-30,102
12,47,7,1,3,105,-30,97
12,48,4,1,13,105,-30,92
12,49,27,0,23,90,-30,92
12,50,5,1,28,90,-40,92
12,51,36,1,28,95,-40,87
12,52,21,0,23,95,-25,87
12,53,45,0,23,95,-25,92
12,54,15,1,23,100,-25,92
12,55,44,1,28,100,-25,92
12,56,46,0,21,100,-25,97
12,57,4,1,31,100,-25,92
12,58,23,0,26,90,-25,97
12,59,11,0,21,90,-25,99
12,60,13,0,21,90,-25,104
12,61,5,1,26,90,-35,104
12,62,39,0,19,95,-35,104
12,63,4,0,4,100,-35,104
12,64,40,1,4,90,-25,104
12,65,46,1,9,90,-25,99
12,66,20,0,4,90,-10,99
12,67,24,1,9,90,-10,99
12,68,2,1,14,90,-20,99
12,69,43,1,14,90,-15,84
12,70,25,1,14,95,-25,84
12,71,23,0,9,85,-25,89
12,72,22,0,4,85,-20,89
12,73,10,0,-1,90,-20,89
12,74,44,0,-1,90,-10,94
12,75,14,1,-1,95,-10,94
12,76,1,0,9,95,-25,94
12,77,20,0,4,95,-10,94
12,78,15,1,4,100,-10,94
12,79,26,1,14,100,-15,94
12,80,47,0,39,100,-15,94
12,81,21,1,39,105,-30,94
12,82,19,1,54,105,-30,94
12,83,39,0,47,110,-30,94
12,84,16,1,47,110,-40,94
12,85,36,0,47,105,-40,96
12,86,26,0,42,105,-40,101
12,87,45,0,42,105,-40,106
12,88,19,1,57,105,-40,106
12,89,22,1,57,110,-50,106
12,90,5,1,62,110,-60,106
12,91,1,1,54,110,-55,106
12,92,14,0,54,110,-55,111
12,93,15,1,54,115,-55,111
12,94,16,0,44,120,-55,111
12,95,11,0,39,120,-55,113
12,96,1,1,31,120,-50,113
12,97,4,1,41,120,-50,108
12,98,17,0,21,130,-50,108
12,99,27,0,31,115,-50,108
13,0,41,1,55,40,50,50
13,1,27,0,65,25,50,50
13,2,4,1,75,25,50,45
13,3,11,1,80,25,50,45
13,4,25,0,80,20,60,45
13,5,30,1,80,20,70,45
13,6,18,1,90,20,70,45
13,7,13,0,90,20,70,50
13,8,41,1,95,10,70,50
13,9,23,0,90,0,70,55
13,10,31,1,90,0,80,55
13,11,19,1,105,0,80,55
13,12,14,0,105,0,80,60
13,13,46,0,98,0,80,65
13,14,41,0,88,10,80,65
13,15,5,1,93,10,70,65
13,16,17,1,78,10,80,65
13,17,7,1,83,10,80,60
13,18,21,0,78,10,95,60
13,19,1,0,88,10,80,60
13,20,11,1,93,10,80,60
13,21,20,0,88,10,95,60
13,22,48,1,88,15,95,50
13,23,6,1,80,15,95,55
13,24,13,1,85,20,95,55
13,25,37,1,95,20,95,55
13,26,10,0,90,25,95,55
13,27,14,1,90,30,95,55
13,28,45,0,90,30,95,60
13,29,5,1,95,30,85,60
13,30,41,1,100,20,85,60
13,31,15,0,120,15,85,60
13,32,12,0,115,25,85,60
13,33,3,1,108,25,85,65
13,34,27,0,118,10,85,65
13,35,20,0,113,10,100,65
13,36,19,0,93,10,110,75
13,37,22,0,88,10,115,75
13,38,3,0,103,10,110,75
13,39,39,0,96,15,110,75
13,40,20,1,96,20,95,75
13,41,32,0,96,25,80,75
13,42,21,0,91,25,95,75
13,43,33,1,91,30,95,75
13,44,13,1,96,35,95,75
13,45,41,0,86,45,95,75
13,46,6,1,78,45,95,80
13,47,15,1,78,50,95,80
13,48,14,0,78,50,95,85
13,49,10,1,98,50,85,85
13,50,27,0,108,35,85,85
13,51,16,1,108,35,75,85
13,52,11,0,103,35,75,87
13,53,39,1,108,35,75,82
13,54,29,0,98,35,80,82
13,55,15,0,118,30,80,82
13,56,34,0,118,15,95,82
13,57,1,1,110,15,100,82
13,58,35,0,110,23,85,82
13,59,18,0,85,23,85,92
13,60,38,0,80,28,85,92
13,61,23,0,75,18,85,97
13,62,7,1,80,18,85,92
13,63,20,1,80,23,70,92
13,64,39,1,85,23,70,87
13,65,19,0,65,23,80,97
13,66,16,1,65,23,70,97
13,67,25,0,65,18,80,97
13,68,21,0,60,18,95,97
13,69,26,1,70,18,90,97
13,70,42,1,70,23,90,97
13,71,29,0,60,23,95,97
13,72,12,1,65,23,95,97
13,73,22,0,60,23,100,97
13,74,38,0,55,28,100,97
13,75,23,0,50,18,100,102
13,76,3,0,65,18,95,102
13,77,4,0,50,23,95,102
13,78,43,0,70,23,85,102
13,79,27,1,70,28,80,102
13,80,5,1,75,28,70,102
13,81,45,0,75,28,70,107
13,82,16,1,75,28,60,107
13,83,9,1,80,28,60,107
13,84,14,0,80,28,60,112
13,85,40,0,80,38,50,112
13,86,46,0,73,38,50,117
13,87,45,0,73,38,50,122
13,88,42,1,73,43,50,122
13,89,18,0,48,43,50,132
13,90,47,0,73,43,50,132
13,91,21,0,68,43,65,132
13,92,41,1,73,33,65,132
13,93,25,1,73,38,55,132
13,94,2,0,63,38,60,132
13,95,4,1,73,38,60,127
13,96,9,0,68,38,60,132
13,97,24,1,73,38,60,132
13,98,11,1,78,38,60,132
13,99,5,0,73,38,65,132
14,0,23,1,60,50,45,50
14,1,16,0,50,55,45,50
14,2,4,0,35,60,45,50
14,3,7,0,20,65,45,50
14,4,9,1,25,65,45,50
14,5,14,0,25,65,45,55
14,6,15,1,25,70,45,55
14,7,16,0,15,75,45,55
14,8,10,0,10,80,45,55
14,9,5,0,5,80,50,55
14,10,12,1,10,80,50,55
14,11,31,0,10,85,40,55
14,12,26,1,20,85,35,55
14,13,36,0,20,80,35,57
14,14,40,1,20,70,45,57
14,15,41,0,10,80,45,57
14,16,5,1,15,80,35,57
14,17,2,1,20,80,25,57
14,18,43,0,40,80,15,57
14,19,32,1,40,70,30,57
14,20,11,0,35,70,30,59
14,21,46,0,28,70,30,64
14,22,39,0,21,75,30,64
14,23,2,0,11,75,35,64
14,24,20,0,6,75,50,64
14,25,10,1,26,75,40,64
14,26,22,1,26,80,30,64
14,27,24,0,21,80,35,64
14,28,15,1,21,85,35,64
14,29,29,1,21,100,15,64
14,30,17,1,6,100,25,64
14,31,41,1,11,90,25,64
14,32,22,1,11,95,15,64
14,33,39,0,4,100,15,64
14,34,14,1,4,105,15,64
14,35,3,0,19,105,10,64
14,36,38,0,14,110,10,64
14,37,44,0,14,110,20,69
14,38,33,0,44,110,20,69
14,39,39,1,49,110,20,64
14,40,13,1,54,115,20,64
14,41,22,1,54,120,10,64
14,42,38,0,49,125,10,64
14,43,18,0,24,125,10,74
14,44,16,0,14,130,10,74
14,45,45,1,14,135,10,74
14,46,11,1,19,135,10,74
14,47,13,0,19,135,10,79
14,48,38,0,14,140,10,79
14,49,10,1,34,140,0,79
14,50,12,1,39,140,0,79
14,51,14,0,39,140,0,84
14,52,8,0,39,145,-10,84
14,53,44,0,39,145,0,89
14,54,26,0,34,145,0,94
14,55,4,1,44,145,0,89
14,56,38,1,49,145,0,89
14,57,1,1,41,145,5,89
14,58,27,1,41,150,0,89
14,59,41,1,46,140,0,89
14,60,8,0,46,145,-10,89
14,61,39,0,39,150,-10,89
14,62,13,1,44,155,-10,89
14,63,11,1,49,155,-10,89
14,64,9,0,44,155,-10,94
14,65,2,0,34,155,-5,94
14,66,26,1,44,155,-10,94
14,67,25,1,44,160,-20,94
14,68,44,0,44,160,-10,99
14,69,14,1,44,165,-10,99
14,70,21,1,44,170,-25,99
14,71,7,1,49,170,-25,94
14,72,16,0,39,175,-25,94
14,73,41,1,44,165,-25,94
14,74,24,1,49,165,-25,94
14,75,2,1,54,165,-35,94
14,76,39,1,59,165,-35,89
14,77,26,1,69,165,-40,89
14,78,25,1,69,170,-50,89
14,79,48,1,69,175,-50,79
14,80,47,1,69,175,-50,94
14,81,9,0,64,175,-50,99
14,82,16,0,54,180,-50,99
14,83,6,1,46,180,-50,104
14,84,15,0,66,175,-50,104
14,85,37,1,76,175,-50,104
14,86,13,1,81,180,-50,104
14,87,18,1,91,180,-50,104
14,88,29,0,81,180,-45,104
14,89,12,0,76,190,-45,104
14,90,23,1,86,190,-50,104
14,91,11,1,91,190,-50,104
14,92,28,1,101,190,-50,104
14,93,45,0,101,190,-50,109
14,94,15,0,121,185,-50,109
14,95,8,1,111,185,-50,114
14,96,22,1,111,190,-60,114
14,97,23,0,106,180,-60,119
14,98,18,0,81,180,-60,129
14,99,16,1,81,180,-70,129
15,0,23,0,45,40,50,55
15,1,3,0,60,40,45,55
15,2,29,1,60,55,25,55
15,3,16,1,60,55,15,55
15,4,12,1,65,55,15,55
15,5,47,0,90,55,15,55
15,6,15,0,110,50,15,55
15,7,6,1,102,50,15,60
15,8,16,0,92,55,15,60
15,9,10,0,87,60,15,60
15,10,41,1,92,50,15,60
15,11,20,0,87,50,30,60
15,12,5,0,82,50,35,60
15,13,13,1,87,55,35,60
15,14,10,0,82,60,35,60
15,15,27,0,92,45,35,60
15,16,23,0,87,35,35,65
15,17,46,0,80,35,35,70
15,18,31,1,80,35,45,70
15,19,9,1,85,35,45,70
15,20,16,1,85,35,35,70
15,21,23,1,95,35,30,70
15,22,6,1,87,35,30,75
15,23,26,1,97,35,25,75
15,24,19,1,112,35,25,75
15,25,16,1,112,35,15,75
15,26,21,1,112,40,0,75
15,27,13,0,112,40,0,80
15,28,48,0,102,40,0,85
15,29,36,1,102,45,0,80
15,30,15,1,102,50,0,80
15,31,2,1,107,50,-10,80
15,32,8,0,107,55,-20,80
15,33,9,1,112,55,-20,80
15,34,22,1,112,60,-30,80
15,35,17,1,97,60,-20,80
15,36,11,0,92,60,-20,82
15,37,36,0,92,55,-20,84
15,38,47,1,92,55,-20,99
15,39,39,0,85,60,-20,99
15,40,16,1,85,60,-30,99
15,41,11,1,90,60,-30,99
15,42,25,1,90,65,-40,99
15,43,1,1,82,65,-35,99
15,44,23,0,77,55,-35,104
15,45,41,1,82,45,-35,104
15,46,4,1,92,45,-35,99
15,47,10,1,112,45,-45,99
15,48,39,1,117,45,-45,94
15,49,28,0,107,45,-35,94
15,50,11,0,102,45,-35,96
15,51,41,0,92,55,-35,96
15,52,37,1,102,55,-35,96
15,53,38,0,97,60,-35,96
15,54,2,1,102,60,-45,96
15,55,15,0,122,55,-45,96
15,56,12,0,117,65,-45,96
15,57,9,1,122,65,-45,96
15,58,14,1,122,70,-45,96
15,59,4,0,107,75,-45,96
15,60,25,0,107,70,-35,96
15,61,26,0,102,70,-35,101
15,62,42,1,102,75,-35,101
15,63,12,0,97,85,-35,101
15,64,8,1,87,85,-35,106
15,65,23,0,82,75,-35,111
15,66,43,1,82,75,-30,96
15,67,22,1,82,80,-40,96
15,68,24,1,87,80,-40,96
15,69,2,1,92,80,-50,96
15,70,4,0,77,85,-50,96
15,71,37,0,65,95,-50,96
15,72,43,1,65,95,-45,81
15,73,40,1,65,85,-35,81
15,74,20,1,65,90,-50,81
15,75,5,0,60,90,-45,81
15,76,1,1,52,90,-40,81
15,77,6,0,62,90,-45,81
15,78,23,0,57,80,-45,86
15,79,26,1,67,80,-50,86
15,80,44,0,67,80,-40,91
15,81,9,0,62,80,-40,96
15,82,13,1,67,85,-40,96
15,83,22,1,67,90,-50,96
15,84,2,0,57,90,-45,96
15,85,47,1,57,90,-45,111
15,86,11,1,62,90,-45,111
15,87,10,0,57,95,-45,111
15,88,21,1,57,100,-60,111
15,89,1,0,67,100,-75,111
15,90,40,0,67,110,-85,111
15,91,2,1,72,110,-95,111
15,92,38,1,77,110,-95,111
15,93,9,0,72,110,-95,116
15,94,26,1,82,110,-100,116
15,95,16,0,72,115,-100,116
15,96,1,0,82,115,-115,116
15,97,21,1,82,120,-130,116
15,98,46,1,87,120,-130,111
15,99,42,1,87,125,-130,111
16,0,23,0,45,40,50,55
16,1,39,0,38,45,50,55
16,2,37,0,26,55,50,55
16,3,45,1,26,60,50,55
16,4,31,0,26,65,40,55
16,5,14,1,26,70,40,55
16,6,13,0,26,70,40,60
16,7,15,0,46,65,40,60
16,8,46,0,39,65,40,65
16,9,11,1,44,65,40,65
16,10,3,1,37,65,40,70
16,11,21,1,37,70,25,70
16,12,27,0,47,55,25,70
16,13,28,0,37,55,35,70
16,14,36,1,37,60,35,65
16,15,13,0,37,60,35,70
16,16,16,0,27,65,35,70
16,17,42,0,19,65,35,80
16,18,2,0,9,65,40,80
16,19,28,0,-1,65,50,80
16,20,20,0,-6,65,65,80
16,21,16,0,-16,70,65,80
16,22,37,0,-28,80,65,80
16,23,1,0,-18,80,50,80
16,24,39,1,-13,80,50,75
16,25,11,0,-18,80,50,77
16,26,13,0,-18,80,50,82
16,27,20,1,-18,85,35,82
16,28,27,1,-18,90,30,82
16,29,38,0,-23,95,30,82
16,30,2,0,-33,95,35,82
16,31,9,0,-38,95,35,87
16,32,6,1,-46,95,35,92
16,33,36,1,-46,100,35,87
16,34,10,0,-51,105,35,87
16,35,46,0,-58,105,35,92
16,36,13,1,-53,110,35,92
16,37,24,0,-58,110,40,92
16,38,9,0,-63,110,40,97
16,39,27,1,-63,115,35,97
16,40,11,0,-68,115,35,99
16,41,29,0,-78,115,40,99
16,42,16,0,-88,120,40,99
16,43,47,1,-88,120,40,114
16,44,18,0,-113,120,40,124
16,45,41,0,-123,130,40,124
16,46,9,1,-118,130,40,124
16,47,5,0,-123,130,45,124
16,48,20,1,-123,135,30,124
16,49,2,0,-133,135,35,124
16,50,15,0,-113,130,35,124
16,51,32,1,-113,120,50,124
16,52,27,1,-113,125,45,124
16,53,38,1,-108,125,45,124
16,54,16,0,-118,130,45,124
16,55,47,0,-93,130,45,124
16,56,13,0,-93,130,45,129
16,57,5,0,-98,130,50,129
16,58,42,1,-98,135,50,129
16,59,10,0,-103,140,50,129
16,60,15,1,-103,145,50,129
16,61,37,1,-93,145,50,129
16,62,2,1,-88,145,40,129
16,63,19,1,-73,145,40,129
16,64,12,1,-68,145,40,129
16,65,28,0,-78,145,50,129
16,66,30,1,-78,145,60,129
16,67,26,1,-68,145,55,129
16,68,2,1,-63,145,45,129
16,69,10,1,-43,145,35,129
16,70,21,0,-48,145,50,129
16,71,33,0,-18,145,50,129
16,72,14,0,-18,145,50,134
16,73,16,1,-18,145,40,134
16,74,25,1,-18,150,30,134
16,75,12,1,-13,150,30,134
16,76,43,0,7,150,20,134
16,77,1,0,17,150,5,134
16,78,29,0,7,150,10,134
16,79,23,1,17,150,5,134
16,80,34,1,32,150,5,134
16,81,2,1,37,150,-5,134
16,82,4,0,22,155,-5,134
16,83,21,1,22,160,-20,134
16,84,22,0,17,160,-15,134
16,85,14,1,17,165,-15,134
16,86,18,1,27,165,-15,134
16,87,35,0,27,173,-30,134
16,88,1,1,19,173,-25,134
16,89,25,1,19,178,-35,134
16,90,37,1,29,178,-35,134
16,91,46,1,34,178,-35,129
16,92,9,0,29,178,-35,134
16,93,10,1,49,178,-45,134
16,94,17,1,34,178,-35,134
16,95,7,1,39,178,-35,129
16,96,23,1,49,178,-40,129
16,97,25,1,49,183,-50,129
16,98,6,1,41,183,-50,134
16,99,3,1,34,183,-50,139
17,0,40,1,50,40,60,50
17,1,15,1,50,45,60,50
17,2,27,1,50,50,55,50
17,3,31,0,50,55,45,50
17,4,1,0,60,55,30,50
17,5,20,1,60,60,15,50
17,6,2,0,50,60,20,50
17,7,32,1,50,50,35,50
17,8,44,1,55,50,35,50
17,9,38,0,50,55,35,50
17,10,13,1,55,60,35,50
17,11,3,1,48,60,35,55
17,12,41,0,38,70,35,55
17,13,33,1,38,75,35,55
17,14,38,1,43,75,35,55
17,15,22,1,43,80,25,55
17,16,47,1,43,80,25,70
17,17,17,1,28,80,35,70
17,18,9,0,23,80,35,75
17,19,19,0,3,80,45,85
17,20,41,1,8,70,45,85
17,21,22,1,8,75,35,85
17,22,36,0,8,70,35,87
17,23,3,0,23,70,30,87
17,24,1,0,33,70,15,87
17,25,9,1,38,70,15,87
17,26,41,1,43,60,15,87
17,27,13,0,43,60,15,92
17,28,27,1,43,65,10,92
17,29,20,0,38,65,25,92
17,30,10,1,58,65,15,92
17,31,15,1,58,70,15,92
17,32,9,1,63,70,15,92
17,33,28,1,73,70,15,92
17,34,25,0,73,65,25,92
17,35,34,1,88,65,25,92
17,36,37,0,76,75,25,92
17,37,24,0,71,75,30,92
17,38,2,1,76,75,20,92
17,39,35,1,76,65,30,92
17,40,38,0,71,70,30,92
17,41,41,1,76,60,30,92
17,42,20,1,76,65,15,92
17,43,11,1,81,65,15,92
17,44,48,0,71,65,15,97
17,45,9,0,66,65,15,102
17,46,2,0,56,65,20,102
17,47,26,1,66,65,15,102
17,48,1,0,76,65,0,102
17,49,16,1,76,65,-10,102
17,50,22,1,76,70,-20,102
17,51,13,1,81,75,-20,102
17,52,15,1,81,80,-20,102
17,53,12,0,76,90,-20,102
17,54,45,1,76,95,-20,102
17,55,40,1,76,85,-10,102
17,56,26,0,71,85,-10,107
17,57,43,1,71,85,-5,92
17,58,23,1,81,85,-10,92
17,59,29,1,81,100,-30,92
17,60,22,0,76,100,-25,92
17,61,10,1,96,100,-35,92
17,62,7,0,81,105,-35,92
17,63,25,1,81,110,-45,92
17,64,8,1,71,110,-45,97
17,65,39,1,76,110,-45,92
17,66,11,1,81,110,-45,92
17,67,5,1,86,110,-55,92
17,68,15,1,86,115,-55,92
17,69,47,1,86,115,-55,107
17,70,12,1,91,115,-55,107
17,71,25,0,91,110,-45,107
17,72,43,0,111,110,-55,107
17,73,15,0,131,105,-55,107
17,74,18,1,141,105,-55,107
17,75,3,0,156,105,-60,107
17,76,9,0,151,105,-60,112
17,77,38,1,156,105,-60,112
17,78,22,0,151,105,-55,112
17,79,1,0,161,105,-70,112
17,80,39,0,154,110,-70,112
17,81,12,0,149,120,-70,112
17,82,38,1,154,120,-70,112
17,83,14,0,154,120,-70,117
17,84,10,0,149,125,-70,117
17,85,3,1,142,125,-70,122
17,86,44,0,142,125,-60,127
17,87,23,0,137,115,-60,132
17,88,20,1,137,120,-75,132
17,89,41,1,142,110,-75,132
17,90,22,0,137,110,-70,132
17,91,25,1,137,115,-80,132
17,92,26,1,147,115,-85,132
17,93,46,0,140,115,-85,137
17,94,14,0,140,115,-85,142
17,95,41,1,145,105,-85,142
17,96,3,1,138,105,-85,147
17,97,12,1,143,105,-85,147
17,98,15,1,143,110,-85,147
17,99,44,1,148,110,-85,147
18,0,26,1,60,50,45,50
18,1,9,0,55,50,45,55
18,2,8,1,45,50,45,60
18,3,40,1,45,40,55,60
18,4,31,0,45,45,45,60
18,5,13,0,45,45,45,65
18,6,5,1,50,45,35,65
18,7,38,1,55,45,35,65
18,8,1,0,65,45,20,65
18,9,23,1,75,45,15,65
18,10,3,1,68,45,15,70
18,11,13,1,73,50,15,70
18,12,25,1,73,55,5,70
18,13,28,1,83,55,5,70
18,14,16,0,73,60,5,70
18,15,41,0,63,70,5,70
18,16,2,1,68,70,-5,70
18,17,12,0,63,80,-5,70
18,18,28,1,73,80,-5,70
18,19,19,1,88,80,-5,70
18,20,15,0,108,75,-5,70
18,21,20,0,103,75,10,70
18,22,41,1,108,65,10,70
18,23,16,0,98,70,10,70
18,24,7,0,83,75,10,70
18,25,30,1,83,75,20,70
18,26,46,1,88,75,20,65
18,27,5,1,93,75,10,65
18,28,1,1,85,75,15,65
18,29,7,0,70,80,15,65
18,30,43,0,90,80,5,65
18,31,45,0,90,80,5,70
18,32,3,1,83,80,5,75
18,33,16,1,83,80,-5,75
18,34,7,0,68,85,-5,75
18,35,6,1,60,85,-5,80
18,36,41,0,50,95,-5,80
18,37,27,1,50,100,-10,80
18,38,9,1,55,100,-10,80
18,39,39,1,60,100,-10,75
18,40,25,1,60,105,-20,75
18,41,13,1,65,110,-20,75
18,42,23,0,60,100,-20,80
18,43,42,1,60,105,-20,80
18,44,20,0,55,105,-5,80
18,45,44,0,55,105,5,85
18,46,16,1,55,105,-5,85
18,47,12,1,60,105,-5,85
18,48,32,0,60,110,-20,85
18,49,36,0,60,105,-20,87
18,50,33,0,90,105,-20,87
18,51,3,1,83,105,-20,92
18,52,19,1,98,105,-20,92
18,53,15,1,98,110,-20,92
18,54,27,0,108,95,-20,92
18,55,4,0,93,100,-20,92
18,56,13,1,98,105,-20,92
18,57,44,1,103,105,-20,92
18,58,9,1,108,105,-20,92
18,59,10,1,128,105,-30,92
18,60,12,0,123,115,-30,92
18,61,26,1,133,115,-35,92
18,62,5,0,128,115,-30,92
18,63,34,1,143,115,-30,92
18,64,1,0,153,115,-45,92
18,65,21,0,148,115,-30,92
18,66,13,0,148,115,-30,97
18,67,23,1,158,115,-35,97
18,68,16,0,148,120,-35,97
18,69,11,0,143,120,-35,99
18,70,44,0,143,120,-25,104
18,71,41,0,133,130,-25,104
18,72,48,0,123,130,-25,109
18,73,4,1,133,130,-25,104
18,74,25,0,133,125,-15,104
18,75,9,1,138,125,-15,104
18,76,22,0,133,125,-10,104
18,77,23,1,143,125,-15,104
18,78,7,1,148,125,-15,99
18,79,37,1,158,125,-15,99
18,80,5,1,163,125,-25,99
18,81,10,1,183,125,-35,99
18,82,16,0,173,130,-35,99
18,83,46,0,166,130,-35,104
18,84,4,0,151,135,-35,104
18,85,23,1,161,135,-40,104
18,86,24,0,156,135,-35,104
18,87,5,0,151,135,-30,104
18,88,16,0,141,140,-30,104
18,89,12,0,136,150,-30,104
18,90,44,0,136,150,-20,109
18,91,14,1,136,155,-20,109
18,92,11,1,141,155,-20,109
18,93,45,0,141,155,-20,114
18,94,5,0,136,155,-15,114
18,95,36,0,136,150,-15,116
18,96,9,1,141,150,-15,116
18,97,1,1,133,150,-10,116
18,98,26,1,143,150,-15,116
18,99,21,1,143,155,-30,116
19,0,26,0,45,50,50,55
19,1,39,1,50,50,50,50
19,2,27,0,60,35,50,50
19,3,13,1,65,40,50,50
19,4,11,1,70,40,50,50
19,5,19,1,85,40,50,50
19,6,3,1,78,40,50,55
19,7,22,0,73,40,55,55
19,8,20,0,68,40,70,55
19,9,2,1,73,40,60,55
19,10,5,0,68,40,65,55
19,11,30,1,68,40,75,55
19,12,25,0,68,35,85,55
19,13,7,1,73,35,85,50
19,14,37,1,83,35,85,50
19,15,38,0,78,40,85,50
19,16,8,0,78,45,75,50
19,17,48,1,78,50,75,40
19,18,31,1,78,50,85,40
19,19,45,0,78,50,85,45
19,20,22,0,73,50,90,45
19,21,5,0,68,50,95,45
19,22,4,1,78,50,95,40
19,23,37,0,66,60,95,40
19,24,25,0,66,55,105,40
19,25,26,0,61,55,105,45
19,26,28,0,51,55,115,45
19,27,4,0,36,60,115,45
19,28,21,1,36,65,100,45
19,29,15,0,56,60,100,45
19,30,41,1,61,50,100,45
19,31,3,1,54,50,100,50
19,32,44,0,54,50,110,55
19,33,26,0,49,50,110,60
19,34,12,0,44,60,110,60
19,35,43,0,64,60,100,60
19,36,25,1,64,65,90,60
19,37,13,1,69,70,90,60
19,38,9,1,74,70,90,60
19,39,12,1,79,70,90,60
19,40,26,0,74,70,90,65
19,41,16,1,74,70,80,65
19,42,39,1,79,70,80,60
19,43,4,1,89,70,80,55
19,44,10,1,109,70,70,55
19,45,9,1,114,70,70,55
19,46,32,1,114,60,85,55
19,47,16,0,104,65,85,55
19,48,5,1,109,65,75,55
19,49,42,1,109,70,75,55
19,50,33,0,139,70,75,55
19,51,22,1,139,75,65,55
19,52,4,0,124,80,65,55
19,53,15,1,124,85,65,55
19,54,13,0,124,85,65,60
19,55,40,1,124,75,75,60
19,56,11,1,129,75,75,60
19,57,5,0,124,75,80,60
19,58,39,0,117,80,80,60
19,59,19,0,97,80,90,70
19,60,34,1,112,80,90,70
19,61,43,0,132,80,80,70
19,62,9,0,127,80,80,75
19,63,15,0,147,75,80,75
19,64,22,1,147,80,70,75
19,65,13,1,152,85,70,75
19,66,5,0,147,85,75,75
19,67,8,1,137,85,75,80
19,68,9,0,132,85,75,85
19,69,20,1,132,90,60,85
19,70,2,0,122,90,65,85
19,71,11,0,117,90,65,87
19,72,12,1,122,90,65,87
19,73,5,0,117,90,70,87
19,74,9,1,122,90,70,87
19,75,44,0,122,90,80,92
19,76,2,1,127,90,70,92
19,77,30,1,127,90,80,92
19,78,21,1,127,95,65,92
19,79,14,0,127,95,65,97
19,80,16,0,117,100,65,97
19,81,25,0,117,95,75,97
19,82,20,1,117,100,60,97
19,83,13,1,122,105,60,97
19,84,43,0,142,105,50,97
19,85,2,0,132,105,55,97
19,86,3,1,125,105,55,102
19,87,10,0,120,110,55,102
19,88,36,0,120,105,55,104
19,89,11,1,125,105,55,104
19,90,4,1,135,105,55,99
19,91,17,1,120,105,65,99
19,92,22,1,120,110,55,99
19,93,25,0,120,105,65,99
19,94,11,0,115,105,65,101
19,95,12,0,110,115,65,101
19,96,15,1,110,120,65,101
19,97,39,1,115,120,65,96
19,98,35,0,115,128,50,96
19,99,45,0,115,128,50,101
20,0,13,0,50,50,50,55
20,1,31,1,50,50,60,55
20,2,46,0,43,50,60,60
20,3,41,0,33,60,60,60
20,4,9,0,28,60,60,65
20,5,17,0,8,70,60,65
20,6,21,1,8,75,45,65
20,7,22,0,3,75,50,65
20,8,3,0,18,75,45,65
20,9,43,0,38,75,35,65
20,10,9,0,33,75,35,70
20,11,20,0,28,75,50,70
20,12,48,0,18,75,50,75
20,13,12,0,13,85,50,75
20,14,1,1,5,85,55,75
20,15,3,1,-2,85,55,80
20,16,17,1,-17,85,65,80
20,17,2,1,-12,85,55,80
20,18,28,1,-2,85,55,80
20,19,8,1,-12,85,55,85
20,20,4,1,-2,85,55,80
20,21,40,1,-2,75,65,80
20,22,2,1,3,75,55,80
20,23,14,1,3,80,55,80
20,24,13,0,3,80,55,85
20,25,42,0,-5,80,55,95
20,26,22,1,-5,85,45,95
20,27,2,0,-15,85,50,95
20,28,48,0,-25,85,50,100
20,29,44,1,-20,85,50,100
20,30,25,1,-20,90,40,100
20,31,11,0,-25,90,40,102
20,32,32,1,-25,80,55,102
20,33,23,1,-15,80,50,102
20,34,33,1,-15,85,50,102
20,35,17,1,-30,85,60,102
20,36,25,0,-30,80,70,102
20,37,15,1,-30,85,70,102
20,38,20,1,-30,90,55,102
20,39,42,0,-38,90,55,112
20,40,12,1,-33,90,55,112
20,41,2,1,-28,90,45,112
20,42,23,1,-18,90,40,112
20,43,3,0,-3,90,35,112
20,44,20,1,-3,95,20,112
20,45,29,1,-3,110,0,112
20,46,37,1,7,110,0,112
20,47,4,0,-8,115,0,112
20,48,12,0,-13,125,0,112
20,49,16,0,-23,130,0,112
20,50,42,1,-23,135,0,112
20,51,7,0,-38,140,0,112
20,52,13,0,-38,140,0,117
20,53,41,0,-48,150,0,117
20,54,14,0,-48,150,0,122
20,55,48,1,-48,155,0,112
20,56,25,1,-48,160,-10,112
20,57,7,0,-63,165,-10,112
20,58,40,0,-63,175,-20,112
20,59,34,0,-63,160,-5,112
20,60,26,1,-53,160,-10,112
20,61,1,0,-43,160,-25,112
20,62,13,0,-43,160,-25,117
20,63,25,0,-43,155,-15,117
20,64,23,0,-48,145,-15,122
20,65,5,0,-53,145,-10,122
20,66,2,1,-48,145,-20,122
20,67,26,1,-38,145,-25,122
20,68,38,0,-43,150,-25,122
20,69,25,0,-43,145,-15,122
20,70,4,1,-33,145,-15,117
20,71,42,1,-33,150,-15,117
20,72,5,0,-38,150,-10,117
20,73,46,0,-45,150,-10,122
20,74,29,1,-45,165,-30,122
20,75,1,1,-53,165,-25,122
20,76,41,1,-48,155,-25,122
20,77,37,1,-38,155,-25,122
20,78,21,0,-43,155,-10,122
20,79,11,1,-38,155,-10,122
20,80,1,0,-28,155,-25,122
20,81,15,1,-28,160,-25,122
20,82,48,0,-38,160,-25,127
20,83,39,0,-45,165,-25,127
20,84,12,1,-40,165,-25,127
20,85,22,1,-40,170,-35,127
20,86,46,1,-35,170,-35,122
20,87,14,0,-35,170,-35,127
20,88,5,0,-40,170,-30,127
20,89,23,1,-30,170,-35,127
20,90,3,1,-37,170,-35,132
20,91,22,1,-37,175,-45,132
20,92,12,1,-32,175,-45,132
20,93,47,0,-7,175,-45,132
20,94,35,1,-7,165,-35,132
20,95,8,0,-7,170,-45,132
20,96,28,1,3,170,-45,132
20,97,43,1,3,170,-40,117
20,98,5,0,-2,170,-35,117
20,99,1,0,8,170,-50,117
21,0,41,1,55,40,50,50
21,1,9,0,50,40,50,55
21,2,11,1,55,40,50,55
21,3,26,0,50,40,50,60
21,4,24,1,55,40,50,60
21,5,10,1,75,40,40,60
21,6,31,0,75,45,30,60
21,7,23,1,85,45,25,60
21,8,38,1,90,45,25,60
21,9,39,1,95,45,25,55
21,10,1,0,105,45,10,55
21,11,15,0,125,40,10,55
21,12,42,0,117,40,10,65
21,13,6,0,127,40,5,65
21,14,21,0,122,40,20,65
21,15,32,1,122,30,35,65
21,16,1,0,132,30,20,65
21,17,3,1,125,30,20,70
21,18,41,1,130,20,20,70
21,19,13,0,130,20,20,75
21,20,6,0,140,20,15,75
21,21,1,1,132,20,20,75
21,22,17,1,117,20,30,75
21,23,9,1,122,20,30,75
21,24,47,0,147,20,30,75
21,25,24,0,142,20,35,75
21,26,20,1,142,25,20,75
21,27,3,0,157,25,15,75
21,28,33,0,187,25,15,75
21,29,14,0,187,25,15,80
21,30,21,1,187,30,0,80
21,31,25,0,187,25,10,80
21,32,40,0,187,35,0,80
21,33,41,0,177,45,0,80
21,34,7,0,162,50,0,80
21,35,2,0,152,50,5,80
21,36,4,0,137,55,5,80
21,37,13,0,137,55,5,85
21,38,44,1,142,55,5,85
21,39,1,1,134,55,10,85
21,40,3,1,127,55,10,90
21,41,15,0,147,50,10,90
21,42,34,0,147,35,25,90
21,43,10,1,167,35,15,90
21,44,1,1,159,35,20,90
21,45,3,0,174,35,15,90
21,46,16,1,174,35,5,90
21,47,7,1,179,35,5,85
21,48,23,1,189,35,0,85
21,49,41,1,194,25,0,85
21,50,2,1,199,25,-10,85
21,51,25,0,199,20,0,85
21,52,35,0,199,28,-15,85
21,53,9,0,194,28,-15,90
21,54,38,0,189,33,-15,90
21,55,30,1,189,33,-5,90
21,56,8,0,189,38,-15,90
21,57,26,0,184,38,-15,95
21,58,3,0,199,38,-20,95
21,59,45,1,199,43,-20,95
21,60,10,1,219,43,-30,95
21,61,2,1,224,43,-40,95
21,62,7,0,209,48,-40,95
21,63,41,0,199,58,-40,95
21,64,26,1,209,58,-45,95
21,65,10,0,204,63,-45,95
21,66,16,0,194,68,-45,95
21,67,5,0,189,68,-40,95
21,68,2,1,194,68,-50,95
21,69,46,1,199,68,-50,90
21,70,21,0,194,68,-35,90
21,71,3,0,209,68,-40,90
21,72,4,1,219,68,-40,85
21,73,16,1,219,68,-50,85
21,74,27,0,229,53,-50,85
21,75,13,0,229,53,-50,90
21,76,2,0,219,53,-45,90
21,77,23,1,229,53,-50,90
21,78,14,0,229,53,-50,95
21,79,46,1,234,53,-50,90
21,80,10,0,229,58,-50,90
21,81,44,0,229,58,-40,95
21,82,45,1,229,63,-40,95
21,83,36,1,229,68,-40,90
21,84,42,0,221,68,-40,100
21,85,26,0,216,68,-40,105
21,86,2,1,221,68,-50,105
21,87,44,0,221,68,-40,110
21,88,15,0,241,63,-40,110
21,89,14,1,241,68,-40,110
21,90,22,0,236,68,-35,110
21,91,23,0,231,58,-35,115
21,92,5,1,236,58,-45,115
21,93,2,0,226,58,-40,115
21,94,14,0,226,58,-40,120
21,95,11,0,221,58,-40,122
21,96,26,0,216,58,-40,127
21,97,12,0,211,68,-40,127
21,98,3,1,204,68,-40,132
21,99,25,0,204,63,-30,132
22,0,31,0,50,55,40,50
22,1,44,1,55,55,40,50
22,2,17,1,40,55,50,50
22,3,18,1,50,55,50,50
22,4,16,0,40,60,50,50
22,5,13,1,45,65,50,50
22,6,11,0,40,65,50,52
22,7,32,1,40,55,65,52
22,8,33,0,70,55,65,52
22,9,26,0,65,55,65,57
22,10,38,0,60,60,65,57
22,11,17,0,40,70,65,57
22,12,23,1,50,70,60,57
22,13,5,1,55,70,50,57
22,14,15,1,55,75,50,57
22,15,38,1,60,75,50,57
22,16,13,0,60,75,50,62
22,17,11,1,65,75,50,62
22,18,40,1,65,65,60,62
22,19,44,1,70,65,60,62
22,20,26,1,80,65,55,62
22,21,15,1,80,70,55,62
22,22,28,1,90,70,55,62
22,23,16,0,80,75,55,62
22,24,14,0,80,75,55,67
22,25,41,0,70,85,55,67
22,26,20,1,70,90,40,67
22,27,11,1,75,90,40,67
22,28,2,0,65,90,45,67
22,29,46,0,58,90,45,72
22,30,6,1,50,90,45,77
22,31,28,1,60,90,45,77
22,32,41,0,50,100,45,77
22,33,25,0,50,95,55,77
22,34,5,0,45,95,60,77
22,35,42,0,37,95,60,87
22,36,23,0,32,85,60,92
22,37,10,0,27,90,60,92
22,38,4,0,12,95,60,92
22,39,26,0,7,95,60,97
22,40,42,1,7,100,60,97
22,41,44,1,12,100,60,97
22,42,14,1,12,105,60,97
22,43,46,0,5,105,60,102
22,44,10,1,25,105,50,102
22,45,23,0,20,95,50,107
22,46,40,1,20,85,60,107
22,47,5,0,15,85,65,107
22,48,13,1,20,90,65,107
22,49,38,1,25,90,65,107
22,50,1,1,17,90,70,107
22,51,2,1,22,90,60,107
22,52,15,0,42,85,60,107
22,53,26,0,37,85,60,112
22,54,10,1,57,85,50,112
22,55,36,1,57,90,50,107
22,56,4,1,67,90,50,102
22,57,9,0,62,90,50,107
22,58,20,1,62,95,35,107
22,59,23,0,57,85,35,112
22,60,45,0,57,85,35,117
22,61,11,1,62,85,35,117
22,62,42,0,54,85,35,127
22,63,27,0,64,70,35,127
22,64,26,1,74,70,30,127
22,65,5,1,79,70,20,127
22,66,23,1,89,70,15,127
22,67,25,1,89,75,5,127
22,68,2,0,79,75,10,127
22,69,15,0,99,70,10,127
22,70,42,1,99,75,10,127
22,71,5,1,104,75,0,127
22,72,25,0,104,70,10,127
22,73,9,0,99,70,10,132
22,74,14,1,99,75,10,132
22,75,3,1,92,75,10,137
22,76,46,0,85,75,10,142
22,77,11,1,90,75,10,142
22,78,15,0,110,70,10,142
22,79,20,1,110,75,-5,142
22,80,44,0,110,75,5,147
22,81,26,1,120,75,0,147
22,82,2,1,125,75,-10,147
22,83,24,1,130,75,-10,147
22,84,28,0,120,75,0,147
22,85,43,1,120,75,5,132
22,86,36,0,120,70,5,134
22,87,16,1,120,70,-5,134
22,88,13,1,125,75,-5,134
22,89,25,0,125,70,5,134
22,90,29,0,115,70,10,134
22,91,27,0,125,55,10,134
22,92,7,1,130,55,10,129
22,93,1,0,140,55,-5,129
22,94,5,0,135,55,0,129
22,95,23,1,145,55,-5,129
22,96,47,0,170,55,-5,129
22,97,18,1,180,55,-5,129
22,98,40,1,180,45,5,129
22,99,15,1,180,50,5,129
23,0,41,0,40,60,50,50
23,1,5,0,35,60,55,50
23,2,28,0,25,60,65,50
23,3,13,0,25,60,65,55
23,4,1,1,17,60,70,55
23,5,27,1,17,65,65,55
23,6,43,0,37,65,55,55
23,7,5,0,32,65,60,55
23,8,44,0,32,65,70,60
23,9,23,1,42,65,65,60
23,10,48,0,32,65,65,65
23,11,22,0,27,65,70,65
23,12,8,0,27,70,60,65
23,13,15,0,47,65,60,65
23,14,40,1,47,55,70,65
23,15,25,0,47,50,80,65
23,16,21,0,42,50,95,65
23,17,4,1,52,50,95,60
23,18,8,0,52,55,85,60
23,19,9,0,47,55,85,65
23,20,42,1,47,60,85,65
23,21,13,0,47,60,85,70
23,22,26,1,57,60,80,70
23,23,41,1,62,50,80,70
23,24,23,1,72,50,75,70
23,25,7,0,57,55,75,70
23,26,48,1,57,60,75,60
23,27,37,1,67,60,75,60
23,28,14,1,67,65,75,60
23,29,22,1,67,70,65,60
23,30,1,1,59,70,70,60
23,31,9,0,54,70,70,65
23,32,44,1,59,70,70,65
23,33,28,1,69,70,70,65
23,34,20,0,64,70,85,65
23,35,25,1,64,75,75,65
23,36,21,0,59,75,90,65
23,37,16,1,59,75,80,65
23,38,40,1,59,65,90,65
23,39,44,1,64,65,90,65
23,40,37,0,52,75,90,65
23,41,14,1,52,80,90,65
23,42,47,1,52,80,90,80
23,43,15,1,52,85,90,80
23,44,40,1,52,75,100,80
23,45,24,1,57,75,100,80
23,46,48,0,47,75,100,85
23,47,38,0,42,80,100,85
23,48,16,0,32,85,100,85
23,49,36,0,32,80,100,87
23,50,4,1,42,80,100,82
23,51,1,1,34,80,105,82
23,52,31,0,34,85,95,82
23,53,26,0,29,85,95,87
23,54,2,0,19,85,100,87
23,55,11,0,14,85,100,89
23,56,32,0,14,90,85,89
23,57,9,0,9,90,85,94
23,58,1,1,1,90,90,94
23,59,30,1,1,90,100,94
23,60,33,1,1,95,100,94
23,61,4,1,11,95,100,89
23,62,43,0,31,95,90,89
23,63,24,1,36,95,90,89
23,64,26,0,31,95,90,94
23,65,23,1,41,95,85,94
23,66,20,1,41,100,70,94
23,67,34,0,41,85,85,94
23,68,25,0,41,80,95,94
23,69,46,0,34,80,95,99
23,70,16,1,34,80,85,99
23,71,40,1,34,70,95,99
23,72,15,1,34,75,95,99
23,73,28,0,24,75,105,99
23,74,20,1,24,80,90,99
23,75,2,0,14,80,95,99
23,76,40,1,14,70,105,99
23,77,6,0,24,70,100,99
23,78,21,1,24,75,85,99
23,79,1,1,16,75,90,99
23,80,16,1,16,75,80,99
23,81,38,1,21,75,80,99
23,82,2,0,11,75,85,99
23,83,22,0,6,75,90,99
23,84,39,1,11,75,90,94
23,85,43,0,31,75,80,94
23,86,15,0,51,70,80,94
23,87,16,0,41,75,80,94
23,88,5,0,36,75,85,94
23,89,9,1,41,75,85,94
23,90,42,0,33,75,85,104
23,91,37,1,43,75,85,104
23,92,26,1,53,75,80,104
23,93,45,1,53,80,80,104
23,94,15,1,53,85,80,104
23,95,11,0,48,85,80,106
23,96,23,1,58,85,75,106
23,97,16,0,48,90,75,106
23,98,5,0,43,90,80,106
23,99,40,0,43,100,70,106
24,0,15,1,50,55,50,50
24,1,22,1,50,60,40,50
24,2,12,0,45,70,40,50
24,3,36,0,45,65,40,52
24,4,3,0,60,65,35,52
24,5,6,0,70,65,30,52
24,6,31,0,70,70,20,52
24,7,16,1,70,70,10,52
24,8,26,0,65,70,10,57
24,9,41,0,55,80,10,57
24,10,42,0,47,80,10,67
24,11,36,0,47,75,10,69
24,12,2,0,37,75,15,69
24,13,14,0,37,75,15,74
24,14,22,0,32,75,20,74
24,15,15,0,52,70,20,74
24,16,32,1,52,60,35,74
24,17,7,1,57,60,35,69
24,18,45,1,57,65,35,69
24,19,23,1,67,65,30,69
24,20,5,1,72,65,20,69
24,21,17,0,52,75,20,69
24,22,1,1,44,75,25,69
24,23,2,0,34,75,30,69
24,24,16,1,34,75,20,69
24,25,9,0,29,75,20,74
24,26,15,1,29,80,20,74
24,27,5,0,24,80,25,74
24,28,3,0,39,80,20,74
24,29,40,0,39,90,10,74
24,30,12,0,34,100,10,74
24,31,11,0,29,100,10,76
24,32,26,0,24,100,10,81
24,33,42,1,24,105,10,81
24,34,17,0,4,115,10,81
24,35,2,0,-6,115,15,81
24,36,33,1,-6,120,15,81
24,37,28,0,-16,120,25,81
24,38,20,0,-21,120,40,81
24,39,36,1,-21,125,40,76
24,40,15,1,-21,130,40,76
24,41,11,1,-16,130,40,76
24,42,38,1,-11,130,40,76
24,43,14,0,-11,130,40,81
24,44,22,1,-11,135,30,81
24,45,43,0,9,135,20,81
24,46,40,0,9,145,10,81
24,47,23,1,19,145,5,81
24,48,21,1,19,150,-10,81
24,49,7,1,24,150,-10,76
24,50,6,0,34,150,-15,76
24,51,10,0,29,155,-15,76
24,52,28,0,19,155,-5,76
24,53,26,0,14,155,-5,81
24,54,15,1,14,160,-5,81
24,55,22,0,9,160,0,81
24,56,25,0,9,155,10,81
24,57,9,0,4,155,10,86
24,58,43,0,24,155,0,86
24,59,40,0,24,165,-10,86
24,60,36,1,24,170,-10,81
24,61,5,1,29,170,-20,81
24,62,15,1,29,175,-20,81
24,63,13,1,34,180,-20,81
24,64,10,1,54,180,-30,81
24,65,41,1,59,170,-30,81
24,66,5,0,54,170,-25,81
24,67,40,1,54,160,-15,81
24,68,14,1,54,165,-15,81
24,69,13,0,54,165,-15,86
24,70,29,1,54,180,-35,86
24,71,39,1,59,180,-35,81
24,72,4,1,69,180,-35,76
24,73,34,1,84,180,-35,76
24,74,11,1,89,180,-35,76
24,75,12,1,94,180,-35,76
24,76,41,0,84,190,-35,76
24,77,25,1,84,195,-45,76
24,78,23,0,79,185,-45,81
24,79,18,0,54,185,-45,91
24,80,38,1,59,185,-45,91
24,81,40,1,59,175,-35,91
24,82,41,1,64,165,-35,91
24,83,9,0,59,165,-35,96
24,84,5,1,64,165,-45,96
24,85,3,0,79,165,-50,96
24,86,11,1,84,165,-50,96
24,87,14,1,84,170,-50,96
24,88,9,0,79,170,-50,101
24,89,23,1,89,170,-55,101
24,90,45,1,89,175,-55,101
24,91,22,0,84,175,-50,101
24,92,41,1,89,165,-50,101
24,93,21,1,89,170,-65,101
24,94,28,0,79,170,-55,101
24,95,25,1,79,175,-65,101
24,96,2,1,84,175,-75,101
24,97,11,1,89,175,-75,101
24,98,47,0,114,175,-75,101
24,99,41,0,104,185,-75,101
25,0,23,1,60,50,45,50
25,1,30,1,60,50,55,50
25,2,1,1,52,50,60,50
25,3,41,0,42,60,60,50
25,4,38,0,37,65,60,50
25,5,21,0,32,65,75,50
25,6,3,1,25,65,75,55
25,7,46,0,18,65,75,60
25,8,41,0,8,75,75,60
25,9,7,1,13,75,75,55
25,10,44,0,13,75,85,60
25,11,2,0,3,75,90,60
25,12,13,1,8,80,90,60
25,13,9,0,3,80,90,65
25,14,29,1,3,95,70,65
25,15,5,1,8,95,60,65
25,16,25,1,8,100,50,65
25,17,44,0,8,100,60,70
25,18,31,1,8,100,70,70
25,19,22,1,8,105,60,70
25,20,46,0,1,105,60,75
25,21,5,0,-4,105,65,75
25,22,39,0,-11,110,65,75
25,23,13,1,-6,115,65,75
25,24,15,1,-6,120,65,75
25,25,48,0,-16,120,65,80
25,26,2,1,-11,120,55,80
25,27,4,0,-26,125,55,80
25,28,13,0,-26,125,55,85
25,29,11,0,-31,125,55,87
25,30,23,0,-36,115,55,92
25,31,39,1,-31,115,55,87
25,32,36,0,-31,110,55,89
25,33,15,0,-11,105,55,89
25,34,40,0,-11,115,45,89
25,35,44,1,-6,115,45,89
25,36,11,1,-1,115,45,89
25,37,21,0,-6,115,60,89
25,38,20,0,-11,115,75,89
25,39,8,1,-21,115,75,94
25,40,40,1,-21,105,85,94
25,41,10,1,-1,105,75,94
25,42,6,1,-9,105,75,99
25,43,2,1,-4,105,65,99
25,44,27,1,-4,110,60,99
25,45,41,0,-14,120,60,99
25,46,16,0,-24,125,60,99
25,47,42,0,-32,125,60,109
25,48,10,0,-37,130,60,109
25,49,21,1,-37,135,45,109
25,50,13,1,-32,140,45,109
25,51,22,1,-32,145,35,109
25,52,2,1,-27,145,25,109
25,53,3,1,-34,145,25,114
25,54,43,1,-34,145,30,99
25,55,29,0,-44,145,35,99
25,56,27,1,-44,150,30,99
25,57,13,1,-39,155,30,99
25,58,32,1,-39,145,45,99
25,59,5,1,-34,145,35,99
25,60,10,0,-39,150,35,99
25,61,3,1,-46,150,35,104
25,62,13,0,-46,150,35,109
25,63,28,0,-56,150,45,109
25,64,4,0,-71,155,45,109
25,65,14,1,-71,160,45,109
25,66,36,1,-71,165,45,104
25,67,3,1,-78,165,45,109
25,68,5,1,-73,165,35,109
25,69,11,0,-78,165,35,111
25,70,14,1,-78,170,35,111
25,71,9,0,-83,170,35,116
25,72,10,0,-88,175,35,116
25,73,22,1,-88,180,25,116
25,74,3,0,-73,180,20,116
25,75,5,1,-68,180,10,116
25,76,26,0,-73,180,10,121
25,77,11,0,-78,180,10,123
25,78,13,1,-73,185,10,123
25,79,8,1,-83,185,10,128
25,80,25,0,-83,180,20,128
25,81,15,0,-63,175,20,128
25,82,12,0,-68,185,20,128
25,83,6,1,-76,185,20,133
25,84,16,0,-86,190,20,133
25,85,21,0,-91,190,35,133
25,86,5,0,-96,190,40,133
25,87,46,1,-91,190,40,128
25,88,45,1,-91,195,40,128
25,89,23,1,-81,195,35,128
25,90,36,0,-81,190,35,130
25,91,26,0,-86,190,35,135
25,92,25,0,-86,185,45,135
25,93,38,1,-81,185,45,135
25,94,2,1,-76,185,35,135
25,95,41,1,-71,175,35,135
25,96,23,1,-61,175,30,135
25,97,7,0,-76,180,30,135
25,98,30,0,-76,180,20,145
25,99,20,1,-76,185,5,145
26,0,43,1,50,50,55,35
26,1,5,1,55,50,45,35
26,2,36,1,55,55,45,30
26,3,10,1,75,55,35,30
26,4,24,1,80,55,35,30
26,5,14,1,80,60,35,30
26,6,40,1,80,50,45,30
26,7,9,0,75,50,45,35
26,8,26,1,85,50,40,35
26,9,37,0,73,60,40,35
26,10,10,1,93,60,30,35
26,11,12,1,98,60,30,35
26,12,22,0,93,60,35,35
26,13,31,1,93,60,45,35
26,14,25,0,93,55,55,35
26,15,21,0,88,55,70,35
26,16,12,0,83,65,70,35
26,17,42,0,75,65,70,45
26,18,27,0,85,50,70,45
26,19,9,0,80,50,70,50
26,20,20,1,80,55,55,50
26,21,16,0,70,60,55,50
26,22,5,0,65,60,60,50
26,23,11,1,70,60,60,50
26,24,46,1,75,60,60,45
26,25,4,0,60,65,60,45
26,26,16,1,60,65,50,45
26,27,15,1,60,70,50,45
26,28,13,0,60,70,50,50
26,29,5,0,55,70,55,50
26,30,25,0,55,65,65,50
26,31,23,0,50,55,65,55
26,32,16,0,40,60,65,55
26,33,14,1,40,65,65,55
26,34,27,1,40,70,60,55
26,35,20,0,35,70,75,55
26,36,6,0,45,70,70,55
26,37,4,0,30,75,70,55
26,38,46,0,23,75,70,60
26,39,8,1,13,75,70,65
26,40,9,0,8,75,70,70
26,41,16,0,-2,80,70,70
26,42,19,1,13,80,70,70
26,43,14,0,13,80,70,75
26,44,8,1,3,80,70,80
26,45,9,1,8,80,70,80
26,46,23,1,18,80,65,80
26,47,40,0,18,90,55,80
26,48,21,1,18,95,40,80
26,49,16,1,18,95,30,80
26,50,11,0,13,95,30,82
26,51,1,1,5,95,35,82
26,52,22,1,5,100,25,82
26,53,41,0,-5,110,25,82
26,54,24,1,0,110,25,82
26,55,2,1,5,110,15,82
26,56,13,0,5,110,15,87
26,57,21,0,0,110,30,87
26,58,15,1,0,115,30,87
26,59,1,1,-8,115,35,87
26,60,23,1,2,115,30,87
26,61,25,0,2,110,40,87
26,62,27,0,12,95,40,87
26,63,16,0,2,100,40,87
26,64,15,1,2,105,40,87
26,65,38,1,7,105,40,87
26,66,13,1,12,110,40,87
26,67,9,1,17,110,40,87
26,68,23,1,27,110,35,87
26,69,22,0,22,110,40,87
26,70,47,0,47,110,40,87
26,71,16,0,37,115,40,87
26,72,20,1,37,120,25,87
26,73,8,0,37,125,15,87
26,74,5,1,42,125,5,87
26,75,24,0,37,125,10,87
26,76,15,1,37,130,10,87
26,77,1,0,47,130,-5,87
26,78,9,0,42,130,-5,92
26,79,18,0,17,130,-5,102
26,80,14,0,17,130,-5,107
26,81,8,0,17,135,-15,107
26,82,41,1,22,125,-15,107
26,83,10,1,42,125,-25,107
26,84,13,0,42,125,-25,112
26,85,32,0,42,130,-40,112
26,86,23,1,52,130,-45,112
26,87,45,0,52,130,-45,117
26,88,37,1,62,130,-45,117
26,89,43,1,62,130,-40,102
26,90,27,1,62,135,-45,102
26,91,12,1,67,135,-45,102
26,92,33,0,97,135,-45,102
26,93,16,1,97,135,-55,102
26,94,34,1,112,135,-55,102
26,95,21,0,107,135,-40,102
26,96,17,1,92,135,-30,102
26,97,20,0,87,135,-15,102
26,98,47,1,87,135,-15,117
26,99,12,1,92,135,-15,117
27,0,12,1,55,50,50,50
27,1,21,0,50,50,65,50
27,2,45,0,50,50,65,55
27,3,43,0,70,50,55,55
27,4,3,0,85,50,50,55
27,5,4,1,95,50,50,50
27,6,28,1,105,50,50,50
27,7,9,0,100,50,50,55
27,8,44,1,105,50,50,55
27,9,21,0,100,50,65,55
27,10,31,1,100,50,75,55
27,11,10,1,120,50,65,55
27,12,4,1,130,50,65,50
27,13,13,0,130,50,65,55
27,14,23,1,140,50,60,55
27,15,19,1,155,50,60,55
27,16,41,1,160,40,60,55
27,17,2,1,165,40,50,55
27,18,21,0,160,40,65,55
27,19,26,1,170,40,60,55
27,20,30,1,170,40,70,55
27,21,4,1,180,40,70,50
27,22,18,1,190,40,70,50
27,23,21,0,185,40,85,50
27,24,20,0,180,40,100,50
27,25,10,0,175,45,100,50
27,26,28,1,185,45,100,50
27,27,26,1,195,45,95,50
27,28,3,1,188,45,95,55
27,29,20,0,183,45,110,55
27,30,15,0,203,40,110,55
27,31,46,0,196,40,110,60
27,32,4,1,206,40,110,55
27,33,5,0,201,40,115,55
27,34,22,0,196,40,120,55
27,35,3,1,189,40,120,60
27,36,47,1,189,40,120,75
27,37,2,1,194,40,110,75
27,38,46,0,187,40,110,80
27,39,23,1,197,40,105,80
27,40,11,1,202,40,105,80
27,41,8,0,202,45,95,80
27,42,21,1,202,50,80,80
27,43,22,0,197,50,85,80
27,44,3,0,212,50,80,80
27,45,10,0,207,55,80,80
27,46,20,0,202,55,95,80
27,47,9,1,207,55,95,80
27,48,41,0,197,65,95,80
27,49,4,1,207,65,95,75
27,50,25,1,207,70,85,75
27,51,48,0,197,70,85,80
27,52,2,1,202,70,75,80
27,53,9,1,207,70,75,80
27,54,16,1,207,70,65,80
27,55,37,1,217,70,65,80
27,56,13,1,222,75,65,80
27,57,23,1,232,75,60,80
27,58,15,1,232,80,60,80
27,59,14,1,232,85,60,80
27,60,3,1,225,85,60,85
27,61,18,0,200,85,60,95
27,62,20,1,200,90,45,95
27,63,48,0,190,90,45,100
27,64,13,0,190,90,45,105
27,65,10,1,210,90,35,105
27,66,23,1,220,90,30,105
27,67,15,1,220,95,30,105
27,68,2,0,210,95,35,105
27,69,5,1,215,95,25,105
27,70,43,1,215,95,30,90
27,71,12,1,220,95,30,90
27,72,13,0,220,95,30,95
27,73,8,1,210,95,30,100
27,74,46,1,215,95,30,95
27,75,38,0,210,100,30,95
27,76,2,1,215,100,20,95
27,77,36,0,215,95,20,97
27,78,16,1,215,95,10,97
27,79,11,0,210,95,10,99
27,80,22,1,210,100,0,99
27,81,27,1,210,105,-5,99
27,82,36,1,210,110,-5,94
27,83,12,1,215,110,-5,94
27,84,32,1,215,100,10,94
27,85,13,1,220,105,10,94
27,86,33,0,250,105,10,94
27,87,29,1,250,120,-10,94
27,88,41,1,255,110,-10,94
27,89,20,0,250,110,5,94
27,90,28,1,260,110,5,94
27,91,7,0,245,115,5,94
27,92,44,1,250,115,5,94
27,93,3,0,265,115,0,94
27,94,37,0,253,125,0,94
27,95,20,1,253,130,-15,94
27,96,5,0,248,130,-10,94
27,97,40,1,248,120,0,94
27,98,1,0,258,120,-15,94
27,99,13,0,258,120,-15,99
28,0,24,1,55,50,50,50
28,1,16,0,45,55,50,50
28,2,45,1,45,60,50,50
28,3,31,1,45,60,60,50
28,4,10,0,40,65,60,50
28,5,3,1,33,65,60,55
28,6,16,0,23,70,60,55
28,7,18,0,-2,70,60,65
28,8,47,0,23,70,60,65
28,9,11,1,28,70,60,65
28,10,48,0,18,70,60,70
28,11,22,0,13,70,65,70
28,12,38,1,18,70,65,70
28,13,10,1,38,70,55,70
28,14,44,1,43,70,55,70
28,15,6,0,53,70,50,70
28,16,16,0,43,75,50,70
28,17,12,0,38,85,50,70
28,18,32,1,38,75,65,70
28,19,27,0,48,60,65,70
28,20,8,0,48,65,55,70
28,21,16,0,38,70,55,70
28,22,1,1,30,70,60,70
28,23,20,0,25,70,75,70
28,24,29,1,25,85,55,70
28,25,33,0,55,85,55,70
28,26,3,0,70,85,50,70
28,27,22,0,65,85,55,70
28,28,9,1,70,85,55,70
28,29,5,1,75,85,45,70
28,30,43,0,95,85,35,70
28,31,11,0,90,85,35,72
28,32,26,1,100,85,30,72
28,33,9,0,95,85,30,77
28,34,12,0,90,95,30,77
28,35,14,0,90,95,30,82
28,36,13,1,95,100,30,82
28,37,6,1,87,100,30,87
28,38,3,1,80,100,30,92
28,39,9,0,75,100,30,97
28,40,26,1,85,100,25,97
28,41,1,1,77,100,30,97
28,42,14,1,77,105,30,97
28,43,28,0,67,105,40,97
28,44,34,0,67,90,55,97
28,45,3,0,82,90,50,97
28,46,22,1,82,95,40,97
28,47,27,1,82,100,35,97
28,48,2,0,72,100,40,97
28,49,15,1,72,105,40,97
28,50,12,1,77,105,40,97
28,51,14,1,77,110,40,97
28,52,26,0,72,110,40,102
28,53,41,0,62,120,40,102
28,54,9,1,67,120,40,102
28,55,13,0,67,120,40,107
28,56,3,1,60,120,40,112
28,57,25,0,60,115,50,112
28,58,5,0,55,115,55,112
28,59,43,1,55,115,60,97
28,60,13,0,55,115,60,102
28,61,41,1,60,105,60,102
28,62,4,1,70,105,60,97
28,63,2,0,60,105,65,97
28,64,10,1,80,105,55,97
28,65,39,1,85,105,55,92
28,66,40,0,85,115,45,92
28,67,25,1,85,120,35,92
28,68,2,0,75,120,40,92
28,69,36,1,75,125,40,87
28,70,44,1,80,125,40,87
28,71,41,1,85,115,40,87
28,72,9,1,90,115,40,87
28,73,11,1,95,115,40,87
28,74,2,1,100,115,30,87
28,75,10,0,95,120,30,87
28,76,25,0,95,115,40,87
28,77,28,1,105,115,40,87
28,78,21,1,105,120,25,87
28,79,26,0,100,120,25,92
28,80,48,1,100,125,25,82
28,81,1,0,110,125,10,82
28,82,15,0,130,120,10,82
28,83,23,1,140,120,5,82
28,84,39,0,133,125,5,82
28,85,37,0,121,135,5,82
28,86,26,0,116,135,5,87
28,87,7,1,121,135,5,82
28,88,23,0,116,125,5,87
28,89,20,1,116,130,-10,87
28,90,13,1,121,135,-10,87
28,91,8,1,111,135,-10,92
28,92,2,1,116,135,-20,92
28,93,14,1,116,140,-20,92
28,94,12,0,111,150,-20,92
28,95,21,1,111,155,-35,92
28,96,35,1,111,145,-25,92
28,97,3,0,126,145,-30,92
28,98,15,0,146,140,-30,92
28,99,11,0,141,140,-30,94
29,0,38,1,55,50,50,50
29,1,30,0,55,50,40,60
29,2,11,1,60,50,40,60
29,3,1,0,70,50,25,60
29,4,26,1,80,50,20,60
29,5,40,1,80,40,30,60
29,6,16,0,70,45,30,60
29,7,15,1,70,50,30,60
29,8,38,1,75,50,30,60
29,9,11,1,80,50,30,60
29,10,1,1,72,50,35,60
29,11,47,1,72,50,35,75
29,12,25,0,72,45,45,75
29,13,19,0,52,45,55,85
29,14,46,0,45,45,55,90
29,15,31,0,45,50,45,90
29,16,4,1,55,50,45,85
29,17,2,1,60,50,35,85
29,18,3,0,75,50,30,85
29,19,42,1,75,55,30,85
29,20,20,1,75,60,15,85
29,21,48,0,65,60,15,90
29,22,13,0,65,60,15,95
29,23,23,1,75,60,10,95
29,24,38,0,70,65,10,95
29,25,45,0,70,65,10,100
29,26,2,1,75,65,0,100
29,27,43,0,95,65,-10,100
29,28,14,1,95,70,-10,100
29,29,23,0,90,60,-10,105
29,30,25,0,90,55,0,105
29,31,26,0,85,55,0,110
29,32,4,0,70,60,0,110
29,33,14,1,70,65,0,110
29,34,30,0,70,65,-10,120
29,35,12,1,75,65,-10,120
29,36,25,1,75,70,-20,120
29,37,4,1,85,70,-20,115
29,38,29,1,85,85,-40,115
29,39,45,1,85,90,-40,115
29,40,14,1,85,95,-40,115
29,41,5,0,80,95,-35,115
29,42,16,0,70,100,-35,115
29,43,42,1,70,105,-35,115
29,44,2,0,60,105,-30,115
29,45,15,1,60,110,-30,115
29,46,47,0,85,110,-30,115
29,47,9,0,80,110,-30,120
29,48,12,1,85,110,-30,120
29,49,20,1,85,115,-45,120
29,50,40,0,85,125,-55,120
29,51,15,0,105,120,-55,120
29,52,45,0,105,120,-55,125
29,53,10,1,125,120,-65,125
29,54,17,0,105,130,-65,125
29,55,21,1,105,135,-80,125
29,56,22,1,105,140,-90,125
29,57,9,0,100,140,-90,130
29,58,38,0,95,145,-90,130
29,59,14,0,95,145,-90,135
29,60,19,0,75,145,-80,145
29,61,23,0,70,135,-80,150
29,62,3,1,63,135,-80,155
29,63,38,0,58,140,-80,155
29,64,16,0,48,145,-80,155
29,65,29,1,48,160,-100,155
29,66,44,1,53,160,-100,155
29,67,43,1,53,160,-95,140
29,68,48,1,53,165,-95,130
29,69,11,1,58,165,-95,130
29,70,32,0,58,170,-110,130
29,71,33,1,58,175,-110,130
29,72,9,1,63,175,-110,130
29,73,17,1,48,175,-100,130
29,74,3,0,63,175,-105,130
29,75,14,1,63,180,-105,130
29,76,28,1,73,180,-105,130
29,77,4,1,83,180,-105,125
29,78,15,1,83,185,-105,125
29,79,42,1,83,190,-105,125
29,80,41,1,88,180,-105,125
29,81,22,1,88,185,-115,125
29,82,10,0,83,190,-115,125
29,83,11,1,88,190,-115,125
29,84,16,1,88,190,-125,125
29,85,20,0,83,190,-110,125
29,86,34,0,83,175,-95,125
29,87,1,1,75,175,-90,125
29,88,11,0,70,175,-90,127
29,89,7,0,55,180,-90,127
29,90,12,0,50,190,-90,127
29,91,2,0,40,190,-85,127
29,92,43,0,60,190,-95,127
29,93,13,0,60,190,-95,132
29,94,1,0,70,190,-110,132
29,95,12,1,75,190,-110,132
29,96,36,0,75,185,-110,134
29,97,15,0,95,180,-110,134
29,98,25,1,95,185,-120,134
29,99,37,0,83,195,-120,134
30,0,37,1,60,50,50,50
30,1,31,0,60,55,40,50
30,2,15,0,80,50,40,50
30,3,41,1,85,40,40,50
30,4,7,0,70,45,40,50
30,5,11,0,65,45,40,52
30,6,25,1,65,50,30,52
30,7,10,1,85,50,20,52
30,8,46,0,78,50,20,57
30,9,9,1,83,50,20,57
30,10,8,0,83,55,10,57
30,11,22,0,78,55,15,57
30,12,26,1,88,55,10,57
30,13,24,1,93,55,10,57
30,14,47,0,118,55,10,57
30,15,8,1,108,55,10,62
30,16,12,1,113,55,10,62
30,17,9,1,118,55,10,62
30,18,25,1,118,60,0,62
30,19,1,0,128,60,-15,62
30,20,16,0,118,65,-15,62
30,21,4,0,103,70,-15,62
30,22,11,1,108,70,-15,62
30,23,26,1,118,70,-20,62
30,24,48,0,108,70,-20,67
30,25,16,0,98,75,-20,67
30,26,38,0,93,80,-20,67
30,27,2,0,83,80,-15,67
30,28,7,0,68,85,-15,67
30,29,22,0,63,85,-10,67
30,30,6,0,73,85,-15,67
30,31,16,1,73,85,-25,67
30,32,45,1,73,90,-25,67
30,33,37,0,61,100,-25,67
30,34,46,0,54,100,-25,72
30,35,15,0,74,95,-25,72
30,36,24,1,79,95,-25,72
30,37,32,1,79,85,-10,72
30,38,2,0,69,85,-5,72
30,39,14,1,69,90,-5,72
30,40,37,0,57,100,-5,72
30,41,16,1,57,100,-15,72
30,42,21,0,52,100,0,72
30,43,22,1,52,105,-10,72
30,44,13,1,57,110,-10,72
30,45,7,0,42,115,-10,72
30,46,4,0,27,120,-10,72
30,47,9,0,22,120,-10,77
30,48,33,0,52,120,-10,77
30,49,3,1,45,120,-10,82
30,50,11,1,50,120,-10,82
30,51,39,0,43,125,-10,82
30,52,2,1,48,125,-20,82
30,53,14,0,48,125,-20,87
30,54,45,0,48,125,-20,92
30,55,37,0,36,135,-20,92
30,56,20,1,36,140,-35,92
30,57,40,0,36,150,-45,92
30,58,25,0,36,145,-35,92
30,59,12,0,31,155,-35,92
30,60,21,0,26,155,-20,92
30,61,7,0,11,160,-20,92
30,62,5,0,6,160,-15,92
30,63,34,0,6,145,0,92
30,64,30,1,6,145,10,92
30,65,36,1,6,150,10,87
30,66,21,1,6,155,-5,87
30,67,35,1,6,145,5,87
30,68,11,1,11,145,5,87
30,69,37,1,21,145,5,87
30,70,20,0,16,145,20,87
30,71,36,1,16,150,20,82
30,72,16,1,16,150,10,82
30,73,3,0,31,150,5,82
30,74,30,0,31,150,-5,92
30,75,24,1,36,150,-5,92
30,76,10,0,31,155,-5,92
30,77,5,0,26,155,0,92
30,78,13,0,26,155,0,97
30,79,9,1,31,155,0,97
30,80,26,0,26,155,0,102
30,81,46,1,31,155,0,97
30,82,22,0,26,155,5,97
30,83,11,1,31,155,5,97
30,84,8,1,21,155,5,102
30,85,1,1,13,155,10,102
30,86,6,0,23,155,5,102
30,87,3,0,38,155,0,102
30,88,16,0,28,160,0,102
30,89,24,0,23,160,5,102
30,90,4,0,8,165,5,102
30,91,17,0,-12,175,5,102
30,92,15,0,8,170,5,102
30,93,21,1,8,175,-10,102
30,94,40,0,8,185,-20,102
30,95,26,1,18,185,-25,102
30,96,10,0,13,190,-25,102
30,97,43,1,13,190,-20,87
30,98,12,0,8,200,-20,87
30,99,5,0,3,200,-15,87
31,0,8,1,40,50,50,55
31,1,22,0,35,50,55,55
31,2,1,0,45,50,40,55
31,3,5,0,40,50,45,55
31,4,44,1,45,50,45,55
31,5,12,0,40,60,45,55
31,6,42,0,32,60,45,65
31,7,14,1,32,65,45,65
31,8,10,1,52,65,35,65
31,9,3,0,67,65,30,65
31,10,2,1,72,65,20,65
31,11,16,1,72,65,10,65
31,12,9,1,77,65,10,65
31,13,4,0,62,70,10,65
31,14,26,0,57,70,10,70
31,15,13,0,57,70,10,75
31,16,2,1,62,70,0,75
31,17,24,0,57,70,5,75
31,18,9,0,52,70,5,80
31,19,3,0,67,70,0,80
31,20,4,1,77,70,0,75
31,21,1,1,69,70,5,75
31,22,20,0,64,70,20,75
31,23,18,1,74,70,20,75
31,24,31,1,74,70,30,75
31,25,41,1,79,60,30,75
31,26,3,1,72,60,30,80
31,27,6,1,64,60,30,85
31,28,9,0,59,60,30,90
31,29,2,0,49,60,35,90
31,30,29,0,39,60,40,90
31,31,11,1,44,60,40,90
31,32,14,0,44,60,40,95
31,33,22,0,39,60,45,95
31,34,3,0,54,60,40,95
31,35,10,1,74,60,30,95
31,36,28,1,84,60,30,95
31,37,4,0,69,65,30,95
31,38,11,0,64,65,30,97
31,39,20,1,64,70,15,97
31,40,7,0,49,75,15,97
31,41,15,1,49,80,15,97
31,42,16,1,49,80,5,97
31,43,26,1,59,80,0,97
31,44,44,0,59,80,10,102
31,45,10,1,79,80,0,102
31,46,2,1,84,80,-10,102
31,47,29,1,84,95,-30,102
31,48,14,0,84,95,-30,107
31,49,12,1,89,95,-30,107
31,50,6,0,99,95,-35,107
31,51,11,1,104,95,-35,107
31,52,37,0,92,105,-35,107
31,53,44,0,92,105,-25,112
31,54,3,0,107,105,-30,112
31,55,20,0,102,105,-15,112
31,56,10,0,97,110,-15,112
31,57,23,0,92,100,-15,117
31,58,32,0,92,105,-30,117
31,59,43,0,112,105,-40,117
31,60,38,0,107,110,-40,117
31,61,6,0,117,110,-45,117
31,62,4,0,102,115,-45,117
31,63,27,0,112,100,-45,117
31,64,39,1,117,100,-45,112
31,65,23,0,112,90,-45,117
31,66,33,0,142,90,-45,117
31,67,3,0,157,90,-50,117
31,68,10,1,177,90,-60,117
31,69,15,0,197,85,-60,117
31,70,4,1,207,85,-60,112
31,71,38,1,212,85,-60,112
31,72,19,1,227,85,-60,112
31,73,21,0,222,85,-45,112
31,74,22,0,217,85,-40,112
31,75,44,1,222,85,-40,112
31,76,3,0,237,85,-45,112
31,77,7,1,242,85,-45,107
31,78,27,0,252,70,-45,107
31,79,25,0,252,65,-35,107
31,80,40,0,252,75,-45,107
31,81,5,0,247,75,-40,107
31,82,2,1,252,75,-50,107
31,83,29,1,252,90,-70,107
31,84,12,0,247,100,-70,107
31,85,22,1,247,105,-80,107
31,86,27,0,257,90,-80,107
31,87,13,0,257,90,-80,112
31,88,19,1,272,90,-80,112
31,89,14,0,272,90,-80,117
31,90,46,0,265,90,-80,122
31,91,22,0,260,90,-75,122
31,92,16,1,260,90,-85,122
31,93,9,1,265,90,-85,122
31,94,11,0,260,90,-85,124
31,95,1,0,270,90,-100,124
31,96,20,1,270,95,-115,124
31,97,5,1,275,95,-125,124
31,98,27,0,285,80,-125,124
31,99,41,1,290,70,-125,124
32,0,41,1,55,40,50,50
32,1,27,1,55,45,45,50
32,2,26,1,65,45,40,50
32,3,28,0,55,45,50,50
32,4,12,1,60,45,50,50
32,5,16,1,60,45,40,50
32,6,2,1,65,45,30,50
32,7,39,0,58,50,30,50
32,8,22,0,53,50,35,50
32,9,31,1,53,50,45,50
32,10,9,0,48,50,45,55
32,11,12,0,43,60,45,55
32,12,44,0,43,60,55,60
32,13,2,0,33,60,60,60
32,14,15,1,33,65,60,60
32,15,32,1,33,55,75,60
32,16,38,1,38,55,75,60
32,17,16,1,38,55,65,60
32,18,43,1,38,55,70,45
32,19,21,1,38,60,55,45
32,20,14,1,38,65,55,45
32,21,30,1,38,65,65,45
32,22,9,0,33,65,65,50
32,23,11,0,28,65,65,52
32,24,10,1,48,65,55,52
32,25,26,1,58,65,50,52
32,26,6,0,68,65,45,52
32,27,4,0,53,70,45,52
32,28,15,0,73,65,45,52
32,29,9,1,78,65,45,52
32,30,45,0,78,65,45,57
32,31,41,0,68,75,45,57
32,32,12,0,63,85,45,57
32,33,39,1,68,85,45,52
32,34,1,0,78,85,30,52
32,35,3,1,71,85,30,57
32,36,47,0,96,85,30,57
32,37,33,1,96,90,30,57
32,38,5,0,91,90,35,57
32,39,45,1,91,95,35,57
32,40,25,1,91,100,25,57
32,41,11,1,96,100,25,57
32,42,12,0,91,110,25,57
32,43,26,1,101,110,20,57
32,44,5,0,96,110,25,57
32,45,46,1,101,110,25,52
32,46,8,0,101,115,15,52
32,47,45,1,101,120,15,52
32,48,28,1,111,120,15,52
32,49,2,0,101,120,20,52
32,50,23,1,111,120,15,52
32,51,1,1,103,120,20,52
32,52,14,1,103,125,20,52
32,53,26,0,98,125,20,57
32,54,27,1,98,130,15,57
32,55,10,1,118,130,5,57
32,56,11,0,113,130,5,59
32,57,9,0,108,130,5,64
32,58,40,1,108,120,15,64
32,59,7,1,113,120,15,59
32,60,47,1,113,120,15,74
32,61,41,0,103,130,15,74
32,62,37,0,91,140,15,74
32,63,10,1,111,140,5,74
32,64,19,1,126,140,5,74
32,65,39,0,119,145,5,74
32,66,45,1,119,150,5,74
32,67,25,0,119,145,15,74
32,68,9,1,124,145,15,74
32,69,26,0,119,145,15,79
32,70,28,1,129,145,15,79
32,71,11,1,134,145,15,79
32,72,25,1,134,150,5,79
32,73,22,0,129,150,10,79
32,74,20,0,124,150,25,79
32,75,26,0,119,150,25,84
32,76,5,1,124,150,15,84
32,77,16,0,114,155,15,84
32,78,15,0,134,150,15,84
32,79,13,1,139,155,15,84
32,80,14,1,139,160,15,84
32,81,26,0,134,160,15,89
32,82,18,0,109,160,15,99
32,83,44,1,114,160,15,99
32,84,42,1,114,165,15,99
32,85,28,0,104,165,25,99
32,86,43,0,124,165,15,99
32,87,39,1,129,165,15,94
32,88,22,0,124,165,20,94
32,89,40,1,124,155,30,94
32,90,41,1,129,145,30,94
32,91,3,0,144,145,25,94
32,92,2,1,149,145,15,94
32,93,12,0,144,155,15,94
32,94,47,1,144,155,15,109
32,95,24,1,149,155,15,109
32,96,5,0,144,155,20,109
32,97,41,1,149,145,20,109
32,98,13,1,154,150,20,109
32,99,36,1,154,155,20,104
33,0,43,0,70,50,40,50
33,1,2,0,60,50,45,50
33,2,14,0,60,50,45,55
33,3,42,0,52,50,45,65
33,4,20,0,47,50,60,65
33,5,6,0,57,50,55,65
33,6,28,1,67,50,55,65
33,7,38,1,72,50,55,65
33,8,44,0,72,50,65,70
33,9,15,1,72,55,65,70
33,10,20,1,72,60,50,70
33,11,10,0,67,65,50,70
33,12,14,0,67,65,50,75
33,13,27,0,77,50,50,75
33,14,12,1,82,50,50,75
33,15,47,0,107,50,50,75
33,16,13,1,112,55,50,75
33,17,23,1,122,55,45,75
33,18,31,1,122,55,55,75
33,19,36,0,122,50,55,77
33,20,20,1,122,55,40,77
33,21,44,0,122,55,50,82
33,22,17,0,102,65,50,82
33,23,28,1,112,65,50,82
33,24,15,1,112,70,50,82
33,25,8,1,102,70,50,87
33,26,13,1,107,75,50,87
33,27,5,1,112,75,40,87
33,28,1,0,122,75,25,87
33,29,21,1,122,80,10,87
33,30,7,0,107,85,10,87
33,31,8,1,97,85,10,92
33,32,43,1,97,85,15,77
33,33,28,0,87,85,25,77
33,34,19,1,102,85,25,77
33,35,9,0,97,85,25,82
33,36,4,1,107,85,25,77
33,37,16,0,97,90,25,77
33,38,6,0,107,90,20,77
33,39,46,0,100,90,20,82
33,40,29,0,90,90,25,82
33,41,43,1,90,90,30,67
33,42,41,1,95,80,30,67
33,43,26,1,105,80,25,67
33,44,16,0,95,85,25,67
33,45,40,1,95,75,35,67
33,46,9,0,90,75,35,72
33,47,10,0,85,80,35,72
33,48,43,0,105,80,25,72
33,49,1,0,115,80,10,72
33,50,14,0,115,80,10,77
33,51,12,1,120,80,10,77
33,52,10,0,115,85,10,77
33,53,13,1,120,90,10,77
33,54,5,0,115,90,15,77
33,55,44,1,120,90,15,77
33,56,12,0,115,100,15,77
33,57,32,0,115,105,0,77
33,58,6,0,125,105,-5,77
33,59,15,1,125,110,-5,77
33,60,25,0,125,105,5,77
33,61,11,1,130,105,5,77
33,62,2,1,135,105,-5,77
33,63,20,0,130,105,10,77
33,64,15,1,130,110,10,77
33,65,38,0,125,115,10,77
33,66,9,0,120,115,10,82
33,67,33,1,120,120,10,82
33,68,20,0,115,120,25,82
33,69,40,0,115,130,15,82
33,70,29,1,115,145,-5,82
33,71,30,1,115,145,5,82
33,72,34,0,115,130,20,82
33,73,25,1,115,135,10,82
33,74,24,0,110,135,15,82
33,75,14,1,110,140,15,82
33,76,11,1,115,140,15,82
33,77,41,1,120,130,15,82
33,78,4,0,105,135,15,82
33,79,22,1,105,140,5,82
33,80,10,1,125,140,-5,82
33,81,1,0,135,140,-20,82
33,82,12,0,130,150,-20,82
33,83,15,0,150,145,-20,82
33,84,25,1,150,150,-30,82
33,85,4,0,135,155,-30,82
33,86,43,1,135,155,-25,67
33,87,22,0,130,155,-20,67
33,88,2,0,120,155,-15,67
33,89,8,1,110,155,-15,72
33,90,20,0,105,155,0,72
33,91,5,0,100,155,5,72
33,92,44,1,105,155,5,72
33,93,47,1,105,155,5,87
33,94,40,1,105,145,15,87
33,95,16,1,105,145,5,87
33,96,19,1,120,145,5,87
33,97,44,1,125,145,5,87
33,98,18,1,135,145,5,87
33,99,25,0,135,140,15,87
34,0,31,1,50,50,60,50
34,1,32,0,50,55,45,50
34,2,3,0,65,55,40,50
34,3,1,1,57,55,45,50
34,4,8,1,47,55,45,55
34,5,44,1,52,55,45,55
34,6,17,1,37,55,55,55
34,7,20,1,37,60,40,55
34,8,16,1,37,60,30,55
34,9,43,0,57,60,20,55
34,10,45,0,57,60,20,60
34,11,26,1,67,60,15,60
34,12,2,0,57,60,20,60
34,13,20,1,57,65,5,60
34,14,25,1,57,70,-5,60
34,15,23,1,67,70,-10,60
34,16,10,1,87,70,-20,60
34,17,21,0,82,70,-5,60
34,18,13,1,87,75,-5,60
34,19,4,0,72,80,-5,60
34,20,42,1,72,85,-5,60
34,21,16,0,62,90,-5,60
34,22,10,1,82,90,-15,60
34,23,13,0,82,90,-15,65
34,24,14,0,82,90,-15,70
34,25,12,0,77,100,-15,70
34,26,20,1,77,105,-30,70
34,27,8,1,67,105,-30,75
34,28,13,1,72,110,-30,75
34,29,23,1,82,110,-35,75
34,30,29,0,72,110,-30,75
34,31,38,0,67,115,-30,75
34,32,3,0,82,115,-35,75
34,33,42,1,82,120,-35,75
34,34,33,1,82,125,-35,75
34,35,26,0,77,125,-35,80
34,36,2,1,82,125,-45,80
34,37,22,0,77,125,-40,80
34,38,38,0,72,130,-40,80
34,39,28,0,62,130,-30,80
34,40,41,1,67,120,-30,80
34,41,8,1,57,120,-30,85
34,42,4,1,67,120,-30,80
34,43,5,1,72,120,-40,80
34,44,2,0,62,120,-35,80
34,45,45,1,62,125,-35,80
34,46,22,0,57,125,-30,80
34,47,26,0,52,125,-30,85
34,48,10,1,72,125,-40,85
34,49,42,0,64,125,-40,95
34,50,23,0,59,115,-40,100
34,51,41,0,49,125,-40,100
34,52,16,0,39,130,-40,100
34,53,21,0,34,130,-25,100
34,54,14,1,34,135,-25,100
34,55,23,0,29,125,-25,105
34,56,7,0,14,130,-25,105
34,57,1,1,6,130,-20,105
34,58,20,1,6,135,-35,105
34,59,42,0,-2,135,-35,115
34,60,12,1,3,135,-35,115
34,61,10,1,23,135,-45,115
34,62,1,1,15,135,-40,115
34,63,29,0,5,135,-35,115
34,64,3,0,20,135,-40,115
34,65,20,1,20,140,-55,115
34,66,34,1,35,140,-55,115
34,67,35,1,35,130,-45,115
34,68,38,1,40,130,-45,115
34,69,14,1,40,135,-45,115
34,70,3,0,55,135,-50,115
34,71,30,0,55,135,-60,125
34,72,39,1,60,135,-60,120
34,73,46,0,53,135,-60,125
34,74,7,1,58,135,-60,120
34,75,28,1,68,135,-60,120
34,76,14,1,68,140,-60,120
34,77,15,0,88,135,-60,120
34,78,6,0,98,135,-65,120
34,79,22,0,93,135,-60,120
34,80,25,0,93,130,-50,120
34,81,11,0,88,130,-50,122
34,82,3,0,103,130,-55,122
34,83,13,1,108,135,-55,122
34,84,46,0,101,135,-55,127
34,85,9,0,96,135,-55,132
34,86,21,1,96,140,-70,132
34,87,17,1,81,140,-60,132
34,88,22,1,81,145,-70,132
34,89,38,0,76,150,-70,132
34,90,42,0,68,150,-70,142
34,91,45,0,68,150,-70,147
34,92,3,0,83,150,-75,147
34,93,23,1,93,150,-80,147
34,94,25,0,93,145,-70,147
34,95,46,0,86,145,-70,152
34,96,36,0,86,140,-70,154
34,97,1,1,78,140,-65,154
34,98,8,1,68,140,-65,159
34,99,28,0,58,140,-55,159
35,0,12,1,55,50,50,50
35,1,1,1,47,50,55,50
35,2,21,0,42,50,70,50
35,3,15,1,42,55,70,50
35,4,4,1,52,55,70,45
35,5,26,1,62,55,65,45
35,6,20,1,62,60,50,45
35,7,9,1,67,60,50,45
35,8,8,0,67,65,40,45
35,9,14,1,67,70,40,45
35,10,16,1,67,70,30,45
35,11,44,1,72,70,30,45
35,12,37,0,60,80,30,45
35,13,4,0,45,85,30,45
35,14,27,1,45,90,25,45
35,15,46,0,38,90,25,50
35,16,25,0,38,85,35,50
35,17,17,1,23,85,45,50
35,18,8,0,23,90,35,50
35,19,41,0,13,100,35,50
35,20,19,1,28,100,35,50
35,21,31,0,28,105,25,50
35,22,20,1,28,110,10,50
35,23,11,1,33,110,10,50
35,24,43,1,33,110,15,35
35,25,5,1,38,110,5,35
35,26,14,0,38,110,5,40
35,27,40,1,38,100,15,40
35,28,2,1,43,100,5,40
35,29,6,0,53,100,0,40
35,30,25,0,53,95,10,40
35,31,37,1,63,95,10,40
35,32,22,0,58,95,15,40
35,33,40,0,58,105,5,40
35,34,2,0,48,105,10,40
35,35,20,0,43,105,25,40
35,36,1,1,35,105,30,40
35,37,23,0,30,95,30,45
35,38,16,0,20,100,30,45
35,39,38,1,25,100,30,45
35,40,4,0,10,105,30,45
35,41,12,1,15,105,30,45
35,42,15,1,15,110,30,45
35,43,2,1,20,110,20,45
35,44,27,0,30,95,20,45
35,45,11,0,25,95,20,47
35,46,13,1,30,100,20,47
35,47,25,0,30,95,30,47
35,48,4,0,15,100,30,47
35,49,12,1,20,100,30,47
35,50,46,0,13,100,30,52
35,51,41,0,3,110,30,52
35,52,38,1,8,110,30,52
35,53,40,1,8,100,40,52
35,54,11,1,13,100,40,52
35,55,3,1,6,100,40,57
35,56,6,1,-2,100,40,62
35,57,38,0,-7,105,40,62
35,58,46,0,-14,105,40,67
35,59,39,1,-9,105,40,62
35,60,14,1,-9,110,40,62
35,61,5,1,-4,110,30,62
35,62,3,1,-11,110,30,67
35,63,17,0,-31,120,30,67
35,64,16,1,-31,120,20,67
35,65,40,1,-31,110,30,67
35,66,12,0,-36,120,30,67
35,67,38,1,-31,120,30,67
35,68,25,1,-31,125,20,67
35,69,20,0,-36,125,35,67
35,70,18,1,-26,125,35,67
35,71,13,1,-21,130,35,67
35,72,43,0,-1,130,25,67
35,73,32,0,-1,135,10,67
35,74,33,1,-1,140,10,67
35,75,20,0,-6,140,25,67
35,76,9,1,-1,140,25,67
35,77,5,1,4,140,15,67
35,78,27,0,14,125,15,67
35,79,39,1,19,125,15,62
35,80,23,0,14,115,15,67
35,81,13,0,14,115,15,72
35,82,15,0,34,110,15,72
35,83,11,1,39,110,15,72
35,84,12,0,34,120,15,72
35,85,22,0,29,120,20,72
35,86,27,1,29,125,15,72
35,87,37,1,39,125,15,72
35,88,44,0,39,125,25,77
35,89,16,0,29,130,25,77
35,90,42,1,29,135,25,77
35,91,7,0,14,140,25,77
35,92,40,0,14,150,15,77
35,93,26,0,9,150,15,82
35,94,25,1,9,155,5,82
35,95,34,0,9,140,20,82
35,96,27,0,19,125,20,82
35,97,42,0,11,125,20,92
35,98,12,0,6,135,20,92
35,99,26,0,1,135,20,97
36,0,22,0,45,50,55,50
36,1,5,0,40,50,60,50
36,2,23,0,35,40,60,55
36,3,10,1,55,40,50,55
36,4,8,0,55,45,40,55
36,5,14,0,55,45,40,60
36,6,45,1,55,50,40,60
36,7,1,0,65,50,25,60
36,8,31,0,65,55,15,60
36,9,13,0,65,55,15,65
36,10,20,1,65,60,0,65
36,11,45,0,65,60,0,70
36,12,41,1,70,50,0,70
36,13,2,1,75,50,-10,70
36,14,3,1,68,50,-10,75
36,15,26,1,78,50,-15,75
36,16,16,1,78,50,-25,75
36,17,41,0,68,60,-25,75
36,18,13,1,73,65,-25,75
36,19,3,1,66,65,-25,80
36,20,43,1,66,65,-20,65
36,21,12,0,61,75,-20,65
36,22,45,1,61,80,-20,65
36,23,30,0,61,80,-30,75
36,24,6,0,71,80,-35,75
36,25,9,1,76,80,-35,75
36,26,16,0,66,85,-35,75
36,27,10,1,86,85,-45,75
36,28,5,1,91,85,-55,75
36,29,7,1,96,85,-55,70
36,30,4,0,81,90,-55,70
36,31,6,0,91,90,-60,70
36,32,36,1,91,95,-60,65
36,33,17,0,71,105,-60,65
36,34,10,1,91,105,-70,65
36,35,1,1,83,105,-65,65
36,36,29,0,73,105,-60,65
36,37,37,0,61,115,-60,65
36,38,5,0,56,115,-55,65
36,39,10,0,51,120,-55,65
36,40,1,1,43,120,-50,65
36,41,4,0,28,125,-50,65
36,42,43,0,48,125,-60,65
36,43,42,0,40,125,-60,75
36,44,41,0,30,135,-60,75
36,45,39,0,23,140,-60,75
36,46,1,1,15,140,-55,75
36,47,18,1,25,140,-55,75
36,48,9,0,20,140,-55,80
36,49,41,1,25,130,-55,80
36,50,2,0,15,130,-50,80
36,51,4,0,0,135,-50,80
36,52,13,1,5,140,-50,80
36,53,5,0,0,140,-45,80
36,54,39,1,5,140,-45,75
36,55,45,0,5,140,-45,80
36,56,22,0,0,140,-40,80
36,57,16,1,0,140,-50,80
36,58,12,1,5,140,-50,80
36,59,11,1,10,140,-50,80
36,60,4,1,20,140,-50,75
36,61,25,1,20,145,-60,75
36,62,42,1,20,150,-60,75
36,63,23,0,15,140,-60,80
36,64,39,1,20,140,-60,75
36,65,26,0,15,140,-60,80
36,66,1,1,7,140,-55,80
36,67,11,0,2,140,-55,82
36,68,36,1,2,145,-55,77
36,69,15,0,22,140,-55,77
36,70,6,0,32,140,-60,77
36,71,28,1,42,140,-60,77
36,72,14,1,42,145,-60,77
36,73,10,1,62,145,-70,77
36,74,12,1,67,145,-70,77
36,75,36,1,67,150,-70,72
36,76,21,0,62,150,-55,72
36,77,9,1,67,150,-55,72
36,78,13,0,67,150,-55,77
36,79,47,1,67,150,-55,92
36,80,23,0,62,140,-55,97
36,81,27,0,72,125,-55,97
36,82,41,0,62,135,-55,97
36,83,39,0,55,140,-55,97
36,84,3,1,48,140,-55,102
36,85,5,0,43,140,-50,102
36,86,10,1,63,140,-60,102
36,87,45,0,63,140,-60,107
36,88,28,0,53,140,-50,107
36,89,13,1,58,145,-50,107
36,90,38,0,53,150,-50,107
36,91,43,0,73,150,-60,107
36,92,24,0,68,150,-55,107
36,93,36,0,68,145,-55,109
36,94,6,0,78,145,-60,109
36,95,26,1,88,145,-65,109
36,96,4,0,73,150,-65,109
36,97,30,0,73,150,-75,119
36,98,1,0,83,150,-90,119
36,99,25,0,83,145,-80,119
37,0,23,0,45,40,50,55
37,1,12,0,40,50,50,55
37,2,28,0,30,50,60,55
37,3,44,1,35,50,60,55
37,4,2,1,40,50,50,55
37,5,7,1,45,50,50,50
37,6,17,0,25,60,50,50
37,7,14,1,25,65,50,50
37,8,48,1,25,70,50,40
37,9,18,1,35,70,50,40
37,10,8,1,25,70,50,45
37,11,31,1,25,70,60,45
37,12,12,0,20,80,60,45
37,13,40,1,20,70,70,45
37,14,14,1,20,75,70,45
37,15,26,1,30,75,65,45
37,16,37,0,18,85,65,45
37,17,6,1,10,85,65,50
37,18,20,1,10,90,50,50
37,19,41,0,0,100,50,50
37,20,3,1,-7,100,50,55
37,21,39,0,-14,105,50,55
37,22,4,0,-29,110,50,55
37,23,37,1,-19,110,50,55
37,24,41,0,-29,120,50,55
37,25,28,1,-19,120,50,55
37,26,48,0,-29,120,50,60
37,27,39,1,-24,120,50,55
37,28,20,0,-29,120,65,55
37,29,46,1,-24,120,65,50
37,30,13,1,-19,125,65,50
37,31,7,1,-14,125,65,45
37,32,6,1,-22,125,65,50
37,33,1,1,-30,125,70,50
37,34,11,1,-25,125,70,50
37,35,20,0,-30,125,85,50
37,36,2,1,-25,125,75,50
37,37,23,1,-15,125,70,50
37,38,4,0,-30,130,70,50
37,39,24,0,-35,130,75,50
37,40,12,0,-40,140,75,50
37,41,13,1,-35,145,75,50
37,42,14,1,-35,150,75,50
37,43,32,1,-35,140,90,50
37,44,25,0,-35,135,100,50
37,45,3,1,-42,135,100,55
37,46,46,0,-49,135,100,60
37,47,40,0,-49,145,90,60
37,48,12,1,-44,145,90,60
37,49,2,1,-39,145,80,60
37,50,20,1,-39,150,65,60
37,51,14,0,-39,150,65,65
37,52,39,1,-34,150,65,60
37,53,21,0,-39,150,80,60
37,54,6,1,-47,150,80,65
37,55,25,1,-47,155,70,65
37,56,15,1,-47,160,70,65
37,57,9,1,-42,160,70,65
37,58,33,1,-42,165,70,65
37,59,1,1,-50,165,75,65
37,60,22,1,-50,170,65,65
37,61,28,1,-40,170,65,65
37,62,36,0,-40,165,65,67
37,63,23,0,-45,155,65,72
37,64,3,1,-52,155,65,77
37,65,48,0,-62,155,65,82
37,66,16,0,-72,160,65,82
37,67,9,0,-77,160,65,87
37,68,14,0,-77,160,65,92
37,69,41,1,-72,150,65,92
37,70,4,1,-62,150,65,87
37,71,29,1,-62,165,45,87
37,72,8,1,-72,165,45,92
37,73,26,1,-62,165,40,92
37,74,9,1,-57,165,40,92
37,75,34,0,-57,150,55,92
37,76,25,1,-57,155,45,92
37,77,11,0,-62,155,45,94
37,78,36,1,-62,160,45,89
37,79,15,1,-62,165,45,89
37,80,26,1,-52,165,40,89
37,81,20,0,-57,165,55,89
37,82,4,0,-72,170,55,89
37,83,13,0,-72,170,55,94
37,84,5,1,-67,170,45,94
37,85,44,1,-62,170,45,94
37,86,17,0,-82,180,45,94
37,87,15,0,-62,175,45,94
37,88,28,0,-72,175,55,94
37,89,2,0,-82,175,60,94
37,90,21,0,-87,175,75,94
37,91,9,1,-82,175,75,94
37,92,7,1,-77,175,75,89
37,93,46,0,-84,175,75,94
37,94,16,0,-94,180,75,94
37,95,12,1,-89,180,75,94
37,96,17,1,-104,180,85,94
37,97,35,1,-104,170,95,94
37,98,41,0,-114,180,95,94
37,99,16,0,-124,185,95,94
38,0,46,1,55,50,50,45
38,1,31,1,55,50,60,45
38,2,23,1,65,50,55,45
38,3,22,1,65,55,45,45
38,4,39,1,70,55,45,40
38,5,24,1,75,55,45,40
38,6,1,0,85,55,30,40
38,7,26,1,95,55,25,40
38,8,23,0,90,45,25,45
38,9,2,0,80,45,30,45
38,10,24,0,75,45,35,45
38,11,48,0,65,45,35,50
38,12,30,0,65,45,25,60
38,13,32,0,65,50,10,60
38,14,3,0,80,50,5,60
38,15,23,0,75,40,5,65
38,16,13,0,75,40,5,70
38,17,17,1,60,40,15,70
38,18,16,1,60,40,5,70
38,19,25,0,60,35,15,70
38,20,43,1,60,35,20,55
38,21,2,1,65,35,10,55
38,22,5,0,60,35,15,55
38,23,33,1,60,40,15,55
38,24,20,1,60,45,0,55
38,25,1,1,52,45,5,55
38,26,15,0,72,40,5,55
38,27,42,0,64,40,5,65
38,28,27,1,64,45,0,65
38,29,12,1,69,45,0,65
38,30,9,1,74,45,0,65
38,31,21,1,74,50,-15,65
38,32,4,1,84,50,-15,60
38,33,30,0,84,50,-25,70
38,34,24,0,79,50,-20,70
38,35,1,1,71,50,-15,70
38,36,20,1,71,55,-30,70
38,37,22,0,66,55,-25,70
38,38,15,0,86,50,-25,70
38,39,13,1,91,55,-25,70
38,40,37,0,79,65,-25,70
38,41,14,0,79,65,-25,75
38,42,2,1,84,65,-35,75
38,43,11,0,79,65,-35,77
38,44,10,0,74,70,-35,77
38,45,3,1,67,70,-35,82
38,46,27,0,77,55,-35,82
38,47,9,1,82,55,-35,82
38,48,16,1,82,55,-45,82
38,49,34,1,97,55,-45,82
38,50,8,1,87,55,-45,87
38,51,5,1,92,55,-55,87
38,52,47,0,117,55,-55,87
38,53,4,1,127,55,-55,82
38,54,13,1,132,60,-55,82
38,55,9,0,127,60,-55,87
38,56,25,1,127,65,-65,87
38,57,22,0,122,65,-60,87
38,58,4,1,132,65,-60,82
38,59,26,1,142,65,-65,82
38,60,12,1,147,65,-65,82
38,61,11,1,152,65,-65,82
38,62,9,1,157,65,-65,82
38,63,35,0,157,73,-80,82
38,64,37,1,167,73,-80,82
38,65,4,0,152,78,-80,82
38,66,42,1,152,83,-80,82
38,67,21,1,152,88,-95,82
38,68,9,1,157,88,-95,82
38,69,1,1,149,88,-90,82
38,70,8,1,139,88,-90,87
38,71,2,1,144,88,-100,87
38,72,27,1,144,93,-105,87
38,73,22,1,144,98,-115,87
38,74,13,1,149,103,-115,87
38,75,10,1,169,103,-125,87
38,76,12,0,164,113,-125,87
38,77,36,0,164,108,-125,89
38,78,38,1,169,108,-125,89
38,79,3,1,162,108,-125,94
38,80,6,1,154,108,-125,99
38,81,4,1,164,108,-125,94
38,82,17,0,144,118,-125,94
38,83,19,1,159,118,-125,94
38,84,24,0,154,118,-120,94
38,85,25,0,154,113,-110,94
38,86,43,1,154,113,-105,79
38,87,26,0,149,113,-105,84
38,88,16,1,149,113,-115,84
38,89,5,0,144,113,-110,84
38,90,29,1,144,128,-130,84
38,91,36,1,144,133,-130,79
38,92,3,0,159,133,-135,79
38,93,4,1,169,133,-135,74
38,94,25,1,169,138,-145,74
38,95,38,1,174,138,-145,74
38,96,9,0,169,138,-145,79
38,97,5,0,164,138,-140,79
38,98,37,0,152,148,-140,79
38,99,11,1,157,148,-140,79
39,0,11,0,45,50,50,52
39,1,16,0,35,55,50,52
39,2,25,0,35,50,60,52
39,3,47,0,60,50,60,52
39,4,46,1,65,50,60,47
39,5,23,1,75,50,55,47
39,6,22,0,70,50,60,47
39,7,2,1,75,50,50,47
39,8,13,0,75,50,50,52
39,9,25,1,75,55,40,52
39,10,31,0,75,60,30,52
39,11,14,1,75,65,30,52
39,12,20,0,70,65,45,52
39,13,19,1,85,65,45,52
39,14,23,0,80,55,45,57
39,15,15,0,100,50,45,57
39,16,22,1,100,55,35,57
39,17,44,1,105,55,35,57
39,18,9,1,110,55,35,57
39,19,23,1,120,55,30,57
39,20,4,0,105,60,30,57
39,21,24,1,110,60,30,57
39,22,37,1,120,60,30,57
39,23,11,0,115,60,30,59
39,24,15,1,115,65,30,59
39,25,6,1,107,65,30,64
39,26,36,1,107,70,30,59
39,27,22,1,107,75,20,59
39,28,26,0,102,75,20,64
39,29,7,1,107,75,20,59
39,30,13,0,107,75,20,64
39,31,16,0,97,80,20,64
39,32,45,0,97,80,20,69
39,33,15,0,117,75,20,69
39,34,5,0,112,75,25,69
39,35,40,1,112,65,35,69
39,36,42,1,112,70,35,69
39,37,48,0,102,70,35,74
39,38,7,1,107,70,35,69
39,39,46,1,112,70,35,64
39,40,11,1,117,70,35,64
39,41,40,1,117,60,45,64
39,42,9,0,112,60,45,69
39,43,2,0,102,60,50,69
39,44,17,1,87,60,60,69
39,45,12,1,92,60,60,69
39,46,43,0,112,60,50,69
39,47,19,0,92,60,60,79
39,48,2,1,97,60,50,79
39,49,16,0,87,65,50,79
39,50,41,1,92,55,50,79
39,51,11,0,87,55,50,81
39,52,21,1,87,60,35,81
39,53,37,0,75,70,35,81
39,54,2,1,80,70,25,81
39,55,41,1,85,60,25,81
39,56,5,0,80,60,30,81
39,57,9,1,85,60,30,81
39,58,4,1,95,60,30,76
39,59,17,0,75,70,30,76
39,60,1,0,85,70,15,76
39,61,3,0,100,70,10,76
39,62,15,0,120,65,10,76
39,63,43,1,120,65,15,61
39,64,24,0,115,65,20,61
39,65,22,1,115,70,10,61
39,66,19,1,130,70,10,61
39,67,39,0,123,75,10,61
39,68,21,1,123,80,-5,61
39,69,7,1,128,80,-5,56
39,70,42,1,128,85,-5,56
39,71,22,0,123,85,0,56
39,72,14,0,123,85,0,61
39,73,4,1,133,85,0,56
39,74,13,0,133,85,0,61
39,75,16,1,133,85,-10,61
39,76,9,0,128,85,-10,66
39,77,8,1,118,85,-10,71
39,78,27,0,128,70,-10,71
39,79,44,1,133,70,-10,71
39,80,40,0,133,80,-20,71
39,81,6,0,143,80,-25,71
39,82,8,0,143,85,-35,71
39,83,15,0,163,80,-35,71
39,84,2,0,153,80,-30,71
39,85,16,1,153,80,-40,71
39,86,23,1,163,80,-45,71
39,87,12,0,158,90,-45,71
39,88,40,1,158,80,-35,71
39,89,28,1,168,80,-35,71
39,90,25,1,168,85,-45,71
39,91,41,1,173,75,-45,71
39,92,9,1,178,75,-45,71
39,93,36,1,178,80,-45,66
39,94,4,1,188,80,-45,61
39,95,26,0,183,80,-45,66
39,96,10,0,178,85,-45,66
39,97,9,1,183,85,-45,66
39,98,6,0,193,85,-50,66
39,99,11,1,198,85,-50,66
40,0,7,1,55,50,50,45
40,1,1,1,47,50,55,45
40,2,22,0,42,50,60,45
40,3,2,1,47,50,50,45
40,4,4,0,32,55,50,45
40,5,31,0,32,60,40,45
40,6,19,0,12,60,50,55
40,7,20,1,12,65,35,55
40,8,22,0,7,65,40,55
40,9,48,1,7,70,40,45
40,10,23,1,17,70,35,45
40,11,39,0,10,75,35,45
40,12,47,1,10,75,35,60
40,13,3,1,3,75,35,65
40,14,11,1,8,75,35,65
40,15,28,0,-2,75,45,65
40,16,9,1,3,75,45,65
40,17,2,0,-7,75,50,65
40,18,3,0,8,75,45,65
40,19,15,0,28,70,45,65
40,20,4,1,38,70,45,60
40,21,46,0,31,70,45,65
40,22,25,0,31,65,55,65
40,23,2,1,36,65,45,65
40,24,3,0,51,65,40,65
40,25,48,0,41,65,40,70
40,26,5,1,46,65,30,70
40,27,23,0,41,55,30,75
40,28,17,0,21,65,30,75
40,29,37,1,31,65,30,75
40,30,4,0,16,70,30,75
40,31,15,1,16,75,30,75
40,32,10,1,36,75,20,75
40,33,5,1,41,75,10,75
40,34,9,1,46,75,10,75
40,35,22,0,41,75,15,75
40,36,11,0,36,75,15,77
40,37,45,0,36,75,15,82
40,38,16,0,26,80,15,82
40,39,5,0,21,80,20,82
40,40,37,0,9,90,20,82
40,41,4,0,-6,95,20,82
40,42,40,0,-6,105,10,82
40,43,13,0,-6,105,10,87
40,44,48,0,-16,105,10,92
40,45,2,0,-26,105,15,92
40,46,27,1,-26,110,10,92
40,47,7,0,-41,115,10,92
40,48,1,0,-31,115,-5,92
40,49,16,0,-41,120,-5,92
40,50,40,1,-41,110,5,92
40,51,4,1,-31,110,5,87
40,52,15,1,-31,115,5,87
40,53,14,1,-31,120,5,87
40,54,11,0,-36,120,5,89
40,55,19,0,-56,120,15,99
40,56,5,1,-51,120,5,99
40,57,4,0,-66,125,5,99
40,58,9,1,-61,125,5,99
40,59,30,0,-61,125,-5,109
40,60,6,0,-51,125,-10,109
40,61,3,1,-58,125,-10,114
40,62,24,1,-53,125,-10,114
40,63,19,0,-73,125,0,124
40,64,23,0,-78,115,0,129
40,65,41,1,-73,105,0,129
40,66,11,1,-68,105,0,129
40,67,6,0,-58,105,-5,129
40,68,3,0,-43,105,-10,129
40,69,2,0,-53,105,-5,129
40,70,37,0,-65,115,-5,129
40,71,14,0,-65,115,-5,134
40,72,1,0,-55,115,-20,134
40,73,27,1,-55,120,-25,134
40,74,40,0,-55,130,-35,134
40,75,12,0,-60,140,-35,134
40,76,41,0,-70,150,-35,134
40,77,4,0,-85,155,-35,134
40,78,15,0,-65,150,-35,134
40,79,16,0,-75,155,-35,134
40,80,26,1,-65,155,-40,134
40,81,3,0,-50,155,-45,134
40,82,22,0,-55,155,-40,134
40,83,12,1,-50,155,-40,134
40,84,2,1,-45,155,-50,134
40,85,16,1,-45,155,-60,134
40,86,40,0,-45,165,-70,134
40,87,11,1,-40,165,-70,134
40,88,44,1,-35,165,-70,134
40,89,20,0,-40,165,-55,134
40,90,15,0,-20,160,-55,134
40,91,5,0,-25,160,-50,134
40,92,45,0,-25,160,-50,139
40,93,10,0,-30,165,-50,139
40,94,36,1,-30,170,-50,134
40,95,2,1,-25,170,-60,134
40,96,16,0,-35,175,-60,134
40,97,43,0,-15,175,-70,134
40,98,15,1,-15,180,-70,134
40,99,1,1,-23,180,-65,134
41,0,11,0,45,50,50,52
41,1,28,1,55,50,50,52
41,2,16,1,55,50,40,52
41,3,10,1,75,50,30,52
41,4,20,1,75,55,15,52
41,5,31,1,75,55,25,52
41,6,43,1,75,55,30,37
41,7,22,0,70,55,35,37
41,8,3,0,85,55,30,37
41,9,14,1,85,60,30,37
41,10,38,0,80,65,30,37
41,11,20,1,80,70,15,37
41,12,11,1,85,70,15,37
41,13,37,1,95,70,15,37
41,14,13,0,95,70,15,42
41,15,26,0,90,70,15,47
41,16,40,0,90,80,5,47
41,17,10,1,110,80,-5,47
41,18,12,1,115,80,-5,47
41,19,18,1,125,80,-5,47
41,20,13,0,125,80,-5,52
41,21,37,0,113,90,-5,52
41,22,46,0,106,90,-5,57
41,23,30,0,106,90,-15,67
41,24,8,1,96,90,-15,72
41,25,1,0,106,90,-30,72
41,26,38,0,101,95,-30,72
41,27,4,1,111,95,-30,67
41,28,3,0,126,95,-35,67
41,29,13,0,126,95,-35,72
41,30,10,0,121,100,-35,72
41,31,2,1,126,100,-45,72
41,32,12,1,131,100,-45,72
41,33,23,1,141,100,-50,72
41,34,47,1,141,100,-50,87
41,35,3,0,156,100,-55,87
41,36,13,0,156,100,-55,92
41,37,5,1,161,100,-65,92
41,38,42,1,161,105,-65,92
41,39,4,0,146,110,-65,92
41,40,24,0,141,110,-60,92
41,41,20,1,141,115,-75,92
41,42,19,1,156,115,-75,92
41,43,16,1,156,115,-85,92
41,44,25,0,156,110,-75,92
41,45,43,0,176,110,-85,92
41,46,11,1,181,110,-85,92
41,47,5,0,176,110,-80,92
41,48,20,1,176,115,-95,92
41,49,14,1,176,120,-95,92
41,50,32,1,176,110,-80,92
41,51,26,0,171,110,-80,97
41,52,27,0,181,95,-80,97
41,53,11,0,176,95,-80,99
41,54,12,1,181,95,-80,99
41,55,42,1,181,100,-80,99
41,56,9,1,186,100,-80,99
41,57,48,1,186,105,-80,89
41,58,13,1,191,110,-80,89
41,59,2,1,196,110,-90,89
41,60,20,1,196,115,-105,89
41,61,42,1,196,120,-105,89
41,62,14,1,196,125,-105,89
41,63,23,1,206,125,-110,89
41,64,3,0,221,125,-115,89
41,65,26,0,216,125,-115,94
41,66,41,0,206,135,-115,94
41,67,13,1,211,140,-115,94
41,68,19,1,226,140,-115,94
41,69,16,0,216,145,-115,94
41,70,5,1,221,145,-125,94
41,71,6,0,231,145,-130,94
41,72,12,1,236,145,-130,94
41,73,9,1,241,145,-130,94
41,74,41,1,246,135,-130,94
41,75,45,1,246,140,-130,94
41,76,13,0,246,140,-130,99
41,77,46,0,239,140,-130,104
41,78,3,0,254,140,-135,104
41,79,9,1,259,140,-135,104
41,80,2,0,249,140,-130,104
41,81,25,1,249,145,-140,104
41,82,46,0,242,145,-140,109
41,83,36,0,242,140,-140,111
41,84,20,1,242,145,-155,111
41,85,33,0,272,145,-155,111
41,86,34,0,272,130,-140,111
41,87,10,0,267,135,-140,111
41,88,21,0,262,135,-125,111
41,89,26,0,257,135,-125,116
41,90,42,0,249,135,-125,126
41,91,11,1,254,135,-125,126
41,92,45,0,254,135,-125,131
41,93,6,0,264,135,-130,131
41,94,7,0,249,140,-130,131
41,95,9,0,244,140,-130,136
41,96,41,0,234,150,-130,136
41,97,25,0,234,145,-120,136
41,98,46,1,239,145,-120,131
41,99,4,1,249,145,-120,126
42,0,3,0,65,50,45,50
42,1,23,0,60,40,45,55
42,2,12,1,65,40,45,55
42,3,28,0,55,40,55,55
42,4,20,0,50,40,70,55
42,5,31,1,50,40,80,55
42,6,37,1,60,40,80,55
42,7,17,1,45,40,90,55
42,8,2,0,35,40,95,55
42,9,16,1,35,40,85,55
42,10,10,0,30,45,85,55
42,11,6,1,22,45,85,60
42,12,3,0,37,45,80,60
42,13,41,1,42,35,80,60
42,14,25,1,42,40,70,60
42,15,22,0,37,40,75,60
42,16,40,0,37,50,65,60
42,17,15,0,57,45,65,60
42,18,29,1,57,60,45,60
42,19,5,1,62,60,35,60
42,20,3,1,55,60,35,65
42,21,38,0,50,65,35,65
42,22,2,1,55,65,25,65
42,23,15,0,75,60,25,65
42,24,18,0,50,60,25,75
42,25,16,1,50,60,15,75
42,26,1,0,60,60,0,75
42,27,44,0,60,60,10,80
42,28,28,0,50,60,20,80
42,29,22,1,50,65,10,80
42,30,25,1,50,70,0,80
42,31,2,0,40,70,5,80
42,32,10,0,35,75,5,80
42,33,16,0,25,80,5,80
42,34,20,1,25,85,-10,80
42,35,14,0,25,85,-10,85
42,36,2,1,30,85,-20,85
42,37,12,1,35,85,-20,85
42,38,15,1,35,90,-20,85
42,39,38,0,30,95,-20,85
42,40,28,1,40,95,-20,85
42,41,41,0,30,105,-20,85
42,42,16,0,20,110,-20,85
42,43,39,0,13,115,-20,85
42,44,15,0,33,110,-20,85
42,45,4,0,18,115,-20,85
42,46,28,0,8,115,-10,85
42,47,3,0,23,115,-15,85
42,48,7,1,28,115,-15,80
42,49,1,0,38,115,-30,80
42,50,25,0,38,110,-20,80
42,51,28,0,28,110,-10,80
42,52,16,0,18,115,-10,80
42,53,39,1,23,115,-10,75
42,54,15,1,23,120,-10,75
42,55,40,1,23,110,0,75
42,56,14,1,23,115,0,75
42,57,27,0,33,100,0,75
42,58,22,0,28,100,5,75
42,59,12,1,33,100,5,75
42,60,19,1,48,100,5,75
42,61,14,0,48,100,5,80
42,62,10,1,68,100,-5,80
42,63,6,1,60,100,-5,85
42,64,29,0,50,100,0,85
42,65,37,0,38,110,0,85
42,66,41,0,28,120,0,85
42,67,32,1,28,110,15,85
42,68,1,1,20,110,20,85
42,69,40,0,20,120,10,85
42,70,10,1,40,120,0,85
42,71,45,0,40,120,0,90
42,72,20,0,35,120,15,90
42,73,14,1,35,125,15,90
42,74,3,1,28,125,15,95
42,75,18,1,38,125,15,95
42,76,1,1,30,125,20,95
42,77,33,1,30,130,20,95
42,78,10,1,50,130,10,95
42,79,39,1,55,130,10,90
42,80,3,0,70,130,5,90
42,81,8,1,60,130,5,95
42,82,48,1,60,135,5,85
42,83,14,1,60,140,5,85
42,84,36,1,60,145,5,80
42,85,24,0,55,145,10,80
42,86,11,1,60,145,10,80
42,87,20,0,55,145,25,80
42,88,25,0,55,140,35,80
42,89,16,0,45,145,35,80
42,90,6,0,55,145,30,80
42,91,26,1,65,145,25,80
42,92,2,1,70,145,15,80
42,93,3,1,63,145,15,85
42,94,12,0,58,155,15,85
42,95,8,1,48,155,15,90
42,96,17,0,28,165,15,90
42,97,11,0,23,165,15,92
42,98,36,0,23,160,15,94
42,99,23,1,33,160,10,94
43,0,1,1,42,50,55,50
43,1,16,0,32,55,55,50
43,2,31,1,32,55,65,50
43,3,27,1,32,60,60,50
43,4,15,0,52,55,60,50
43,5,38,1,57,55,60,50
43,6,26,0,52,55,60,55
43,7,7,1,57,55,60,50
43,8,11,1,62,55,60,50
43,9,28,0,52,55,70,50
43,10,1,0,62,55,55,50
43,11,25,0,62,50,65,50
43,12,5,0,57,50,70,50
43,13,14,0,57,50,70,55
43,14,22,0,52,50,75,55
43,15,3,0,67,50,70,55
43,16,36,0,67,45,70,57
43,17,6,0,77,45,65,57
43,18,20,1,77,50,50,57
43,19,14,1,77,55,50,57
43,20,48,0,67,55,50,62
43,21,12,0,62,65,50,62
43,22,10,1,82,65,40,62
43,23,5,0,77,65,45,62
43,24,28,0,67,65,55,62
43,25,32,0,67,70,40,62
43,26,22,0,62,70,45,62
43,27,23,0,57,60,45,67
43,28,30,0,57,60,35,77
43,29,33,0,87,60,35,77
43,30,8,1,77,60,35,82
43,31,42,0,69,60,35,92
43,32,26,1,79,60,30,92
43,33,37,1,89,60,30,92
43,34,9,1,94,60,30,92
43,35,34,0,94,45,45,92
43,36,16,0,84,50,45,92
43,37,1,0,94,50,30,92
43,38,18,0,69,50,30,102
43,39,25,1,69,55,20,102
43,40,13,1,74,60,20,102
43,41,45,0,74,60,20,107
43,42,35,0,74,68,5,107
43,43,4,0,59,73,5,107
43,44,37,1,69,73,5,107
43,45,8,0,69,78,-5,107
43,46,13,1,74,83,-5,107
43,47,9,1,79,83,-5,107
43,48,20,0,74,83,10,107
43,49,5,1,79,83,0,107
43,50,1,1,71,83,5,107
43,51,15,0,91,78,5,107
43,52,2,1,96,78,-5,107
43,53,43,0,116,78,-15,107
43,54,24,0,111,78,-10,107
43,55,3,0,126,78,-15,107
43,56,25,0,126,73,-5,107
43,57,46,1,131,73,-5,102
43,58,9,1,136,73,-5,102
43,59,43,0,156,73,-15,102
43,60,41,0,146,83,-15,102
43,61,20,0,141,83,0,102
43,62,10,1,161,83,-10,102
43,63,1,1,153,83,-5,102
43,64,18,0,128,83,-5,112
43,65,4,1,138,83,-5,107
43,66,21,1,138,88,-20,107
43,67,43,0,158,88,-30,107
43,68,20,1,158,93,-45,107
43,69,13,0,158,93,-45,112
43,70,15,0,178,88,-45,112
43,71,22,0,173,88,-40,112
43,72,27,1,173,93,-45,112
43,73,37,0,161,103,-45,112
43,74,14,1,161,108,-45,112
43,75,16,0,151,113,-45,112
43,76,3,1,144,113,-45,117
43,77,21,0,139,113,-30,117
43,78,25,0,139,108,-20,117
43,79,5,0,134,108,-15,117
43,80,15,1,134,113,-15,117
43,81,23,1,144,113,-20,117
43,82,12,1,149,113,-20,117
43,83,4,1,159,113,-20,112
43,84,21,1,159,118,-35,112
43,85,40,1,159,108,-25,112
43,86,48,1,159,113,-25,102
43,87,22,0,154,113,-20,102
43,88,25,0,154,108,-10,102
43,89,1,1,146,108,-5,102
43,90,7,0,131,113,-5,102
43,91,21,1,131,118,-20,102
43,92,5,1,136,118,-30,102
43,93,20,0,131,118,-15,102
43,94,2,1,136,118,-25,102
43,95,16,1,136,118,-35,102
43,96,42,1,136,123,-35,102
43,97,15,0,156,118,-35,102
43,98,23,1,166,118,-40,102
43,99,28,0,156,118,-30,102
44,0,28,0,40,50,60,50
44,1,21,0,35,50,75,50
44,2,31,0,35,55,65,50
44,3,7,0,20,60,65,50
44,4,25,0,20,55,75,50
44,5,10,0,15,60,75,50
44,6,12,1,20,60,75,50
44,7,26,0,15,60,75,55
44,8,21,1,15,65,60,55
44,9,1,1,7,65,65,55
44,10,30,1,7,65,75,55
44,11,2,0,-3,65,80,55
44,12,43,0,17,65,70,55
44,13,26,0,12,65,70,60
44,14,7,1,17,65,70,55
44,15,9,0,12,65,70,60
44,16,1,1,4,65,75,60
44,17,2,0,-6,65,80,60
44,18,26,0,-11,65,80,65
44,19,44,1,-6,65,80,65
44,20,38,0,-11,70,80,65
44,21,41,0,-21,80,80,65
44,22,20,1,-21,85,65,65
44,23,45,1,-21,90,65,65
44,24,39,0,-28,95,65,65
44,25,2,1,-23,95,55,65
44,26,23,0,-28,85,55,70
44,27,20,1,-28,90,40,70
44,28,14,1,-28,95,40,70
44,29,38,1,-23,95,40,70
44,30,4,0,-38,100,40,70
44,31,10,1,-18,100,30,70
44,32,11,1,-13,100,30,70
44,33,12,0,-18,110,30,70
44,34,26,1,-8,110,25,70
44,35,9,0,-13,110,25,75
44,36,3,1,-20,110,25,80
44,37,8,0,-20,115,15,80
44,38,20,0,-25,115,30,80
44,39,11,1,-20,115,30,80
44,40,14,1,-20,120,30,80
44,41,25,0,-20,115,40,80
44,42,5,1,-15,115,30,80
44,43,41,0,-25,125,30,80
44,44,23,0,-30,115,30,85
44,45,11,0,-35,115,30,87
44,46,27,1,-35,120,25,87
44,47,12,0,-40,130,25,87
44,48,5,0,-45,130,30,87
44,49,4,1,-35,130,30,82
44,50,8,1,-45,130,30,87
44,51,47,0,-20,130,30,87
44,52,36,0,-20,125,30,89
44,53,20,0,-25,125,45,89
44,54,23,0,-30,115,45,94
44,55,17,1,-45,115,55,94
44,56,4,1,-35,115,55,89
44,57,41,0,-45,125,55,89
44,58,1,1,-53,125,60,89
44,59,32,1,-53,115,75,89
44,60,9,0,-58,115,75,94
44,61,26,1,-48,115,70,94
44,62,33,1,-48,120,70,94
44,63,41,1,-43,110,70,94
44,64,18,1,-33,110,70,94
44,65,27,0,-23,95,70,94
44,66,24,1,-18,95,70,94
44,67,16,1,-18,95,60,94
44,68,2,1,-13,95,50,94
44,69,36,1,-13,100,50,89
44,70,47,0,12,100,50,89
44,71,4,0,-3,105,50,89
44,72,12,1,2,105,50,89
44,73,21,0,-3,105,65,89
44,74,34,1,12,105,65,89
44,75,36,0,12,100,65,91
44,76,16,0,2,105,65,91
44,77,12,0,-3,115,65,91
44,78,42,1,-3,120,65,91
44,79,43,0,17,120,55,91
44,80,9,0,12,120,55,96
44,81,1,1,4,120,60,96
44,82,7,1,9,120,60,91
44,83,2,1,14,120,50,91
44,84,11,0,9,120,50,93
44,85,46,1,14,120,50,88
44,86,22,1,14,125,40,88
44,87,35,1,14,115,50,88
44,88,44,1,19,115,50,88
44,89,40,1,19,105,60,88
44,90,38,1,24,105,60,88
44,91,13,1,29,110,60,88
44,92,3,1,22,110,60,93
44,93,22,0,17,110,65,93
44,94,11,0,12,110,65,95
44,95,40,0,12,120,55,95
44,96,10,0,7,125,55,95
44,97,37,0,-5,135,55,95
44,98,23,1,5,135,50,95
44,99,9,1,10,135,50,95
45,0,25,1,50,55,40,50
45,1,13,0,50,55,40,55
45,2,4,1,60,55,40,50
45,3,23,1,70,55,35,50
45,4,3,0,85,55,30,50
45,5,12,0,80,65,30,50
45,6,9,0,75,65,30,55
45,7,5,0,70,65,35,55
45,8,39,1,75,65,35,50
45,9,25,1,75,70,25,50
45,10,20,1,75,75,10,50
45,11,29,0,65,75,15,50
45,12,42,1,65,80,15,50
45,13,21,0,60,80,30,50
45,14,39,1,65,80,30,45
45,15,11,1,70,80,30,45
45,16,15,1,70,85,30,45
45,17,2,1,75,85,20,45
45,18,22,0,70,85,25,45
45,19,5,0,65,85,30,45
45,20,11,0,60,85,30,47
45,21,7,1,65,85,30,42
45,22,31,1,65,85,40,42
45,23,24,0,60,85,45,42
45,24,22,1,60,90,35,42
45,25,23,0,55,80,35,47
45,26,4,0,40,85,35,47
45,27,29,0,30,85,40,47
45,28,24,1,35,85,40,47
45,29,25,0,35,80,50,47
45,30,42,0,27,80,50,57
45,31,14,1,27,85,50,57
45,32,23,0,22,75,50,62
45,33,15,0,42,70,50,62
45,34,2,1,47,70,40,62
45,35,13,1,52,75,40,62
45,36,25,0,52,70,50,62
45,37,23,1,62,70,45,62
45,38,4,1,72,70,45,57
45,39,12,0,67,80,45,57
45,40,7,1,72,80,45,52
45,41,17,0,52,90,45,52
45,42,28,1,62,90,45,52
45,43,8,1,52,90,45,57
45,44,15,0,72,85,45,57
45,45,9,1,77,85,45,57
45,46,3,1,70,85,45,62
45,47,38,0,65,90,45,62
45,48,14,0,65,90,45,67
45,49,7,1,70,90,45,62
45,50,41,0,60,100,45,62
45,51,26,0,55,100,45,67
45,52,44,0,55,100,55,72
45,53,29,0,45,100,60,72
45,54,2,1,50,100,50,72
45,55,27,0,60,85,50,72
45,56,1,0,70,85,35,72
45,57,41,1,75,75,35,72
45,58,3,0,90,75,30,72
45,59,26,0,85,75,30,77
45,60,16,0,75,80,30,77
45,61,45,0,75,80,30,82
45,62,17,0,55,90,30,82
45,63,48,0,45,90,30,87
45,64,2,1,50,90,20,87
45,65,44,0,50,90,30,92
45,66,7,0,35,95,30,92
45,67,21,1,35,100,15,92
45,68,13,0,35,100,15,97
45,69,42,0,27,100,15,107
45,70,23,0,22,90,15,112
45,71,15,1,22,95,15,112
45,72,5,1,27,95,5,112
45,73,4,1,37,95,5,107
45,74,26,1,47,95,0,107
45,75,37,0,35,105,0,107
45,76,2,0,25,105,5,107
45,77,10,0,20,110,5,107
45,78,39,0,13,115,5,107
45,79,26,0,8,115,5,112
45,80,13,0,8,115,5,117
45,81,36,1,8,120,5,112
45,82,20,1,8,125,-10,112
45,83,39,1,13,125,-10,107
45,84,44,1,18,125,-10,107
45,85,24,0,13,125,-5,107
45,86,14,0,13,125,-5,112
45,87,28,1,23,125,-5,112
45,88,20,0,18,125,10,112
45,89,43,0,38,125,0,112
45,90,25,0,38,120,10,112
45,91,11,0,33,120,10,114
45,92,46,0,26,120,10,119
45,93,2,1,31,120,0,119
45,94,13,0,31,120,0,124
45,95,12,0,26,130,0,124
45,96,20,1,26,135,-15,124
45,97,44,1,31,135,-15,124
45,98,9,0,26,135,-15,129
45,99,6,1,18,135,-15,134
46,0,23,0,45,40,50,55
46,1,38,1,50,40,50,55
46,2,16,1,50,40,40,55
46,3,15,1,50,45,40,55
46,4,13,0,50,45,40,60
46,5,20,0,45,45,55,60
46,6,14,1,45,50,55,60
46,7,1,1,37,50,60,60
46,8,15,1,37,55,60,60
46,9,36,1,37,60,60,55
46,10,10,0,32,65,60,55
46,11,22,0,27,65,65,55
46,12,11,1,32,65,65,55
46,13,9,1,37,65,65,55
46,14,27,0,47,50,65,55
46,15,13,1,52,55,65,55
46,16,21,1,52,60,50,55
46,17,19,1,67,60,50,55
46,18,38,0,62,65,50,55
46,19,11,0,57,65,50,57
46,20,12,1,62,65,50,57
46,21,2,0,52,65,55,57
46,22,20,0,47,65,70,57
46,23,30,0,47,65,60,67
46,24,4,0,32,70,60,67
46,25,6,1,24,70,60,72
46,26,31,1,24,70,70,72
46,27,3,1,17,70,70,77
46,28,45,1,17,75,70,77
46,29,11,1,22,75,70,77
46,30,17,0,2,85,70,77
46,31,21,0,-3,85,85,77
46,32,1,0,7,85,70,77
46,33,7,1,12,85,70,72
46,34,26,1,22,85,65,72
46,35,28,0,12,85,75,72
46,36,23,0,7,75,75,77
46,37,12,1,12,75,75,77
46,38,11,1,17,75,75,77
46,39,8,0,17,80,65,77
46,40,6,0,27,80,60,77
46,41,27,1,27,85,55,77
46,42,12,1,32,85,55,77
46,43,9,0,27,85,55,82
46,44,32,0,27,90,40,82
46,45,40,0,27,100,30,82
46,46,1,0,37,100,15,82
46,47,41,1,42,90,15,82
46,48,3,1,35,90,15,87
46,49,23,0,30,80,15,92
46,50,13,1,35,85,15,92
46,51,1,0,45,85,0,92
46,52,30,0,45,85,-10,102
46,53,15,1,45,90,-10,102
46,54,23,0,40,80,-10,107
46,55,4,1,50,80,-10,102
46,56,5,1,55,80,-20,102
46,57,19,1,70,80,-20,102
46,58,15,1,70,85,-20,102
46,59,23,1,80,85,-25,102
46,60,41,1,85,75,-25,102
46,61,4,1,95,75,-25,97
46,62,9,1,100,75,-25,97
46,63,24,1,105,75,-25,97
46,64,21,1,105,80,-40,97
46,65,2,1,110,80,-50,97
46,66,38,1,115,80,-50,97
46,67,41,0,105,90,-50,97
46,68,15,1,105,95,-50,97
46,69,33,0,135,95,-50,97
46,70,22,1,135,100,-60,97
46,71,6,1,127,100,-60,102
46,72,4,0,112,105,-60,102
46,73,38,1,117,105,-60,102
46,74,17,1,102,105,-50,102
46,75,15,0,122,100,-50,102
46,76,44,0,122,100,-40,107
46,77,24,0,117,100,-35,107
46,78,34,0,117,85,-20,107
46,79,12,1,122,85,-20,107
46,80,2,1,127,85,-30,107
46,81,28,1,137,85,-30,107
46,82,36,0,137,80,-30,109
46,83,26,1,147,80,-35,109
46,84,44,1,152,80,-35,109
46,85,2,1,157,80,-45,109
46,86,40,1,157,70,-35,109
46,87,27,0,167,55,-35,109
46,88,13,1,172,60,-35,109
46,89,41,0,162,70,-35,109
46,90,8,0,162,75,-45,109
46,91,6,0,172,75,-50,109
46,92,22,0,167,75,-45,109
46,93,13,1,172,80,-45,109
46,94,16,1,172,80,-55,109
46,95,4,1,182,80,-55,104
46,96,43,1,182,80,-50,89
46,97,11,1,187,80,-50,89
46,98,40,1,187,70,-40,89
46,99,1,1,179,70,-35,89
47,0,24,0,45,50,55,50
47,1,8,0,45,55,45,50
47,2,11,1,50,55,45,50
47,3,10,1,70,55,35,50
47,4,20,1,70,60,20,50
47,5,25,1,70,65,10,50
47,6,1,1,62,65,15,50
47,7,38,1,67,65,15,50
47,8,47,1,67,65,15,65
47,9,11,1,72,65,15,65
47,10,43,0,92,65,5,65
47,11,6,1,84,65,5,70
47,12,21,1,84,70,-10,70
47,13,42,1,84,75,-10,70
47,14,20,1,84,80,-25,70
47,15,4,1,94,80,-25,65
47,16,7,0,79,85,-25,65
47,17,5,0,74,85,-20,65
47,18,12,1,79,85,-20,65
47,19,48,1,79,90,-20,55
47,20,23,1,89,90,-25,55
47,21,24,0,84,90,-20,55
47,22,6,0,94,90,-25,55
47,23,1,1,86,90,-20,55
47,24,20,1,86,95,-35,55
47,25,47,1,86,95,-35,70
47,26,9,0,81,95,-35,75
47,27,5,1,86,95,-45,75
47,28,13,0,86,95,-45,80
47,29,42,1,86,100,-45,80
47,30,4,1,96,100,-45,75
47,31,12,0,91,110,-45,75
47,32,6,0,101,110,-50,75
47,33,31,1,101,110,-40,75
47,34,28,0,91,110,-30,75
47,35,2,0,81,110,-25,75
47,36,4,1,91,110,-25,70
47,37,11,0,86,110,-25,72
47,38,21,0,81,110,-10,72
47,39,16,1,81,110,-20,72
47,40,29,1,81,125,-40,72
47,41,23,0,76,115,-40,77
47,42,15,0,96,110,-40,77
47,43,38,1,101,110,-40,77
47,44,10,1,121,110,-50,77
47,45,37,1,131,110,-50,77
47,46,13,1,136,115,-50,77
47,47,22,0,131,115,-45,77
47,48,48,1,131,120,-45,67
47,49,11,1,136,120,-45,67
47,50,5,0,131,120,-40,67
47,51,9,0,126,120,-40,72
47,52,4,1,136,120,-40,67
47,53,43,0,156,120,-50,67
47,54,2,0,146,120,-45,67
47,55,20,0,141,120,-30,67
47,56,25,0,141,115,-20,67
47,57,38,0,136,120,-20,67
47,58,19,0,116,120,-10,77
47,59,3,0,131,120,-15,77
47,60,6,0,141,120,-20,77
47,61,22,1,141,125,-30,77
47,62,21,1,141,130,-45,77
47,63,24,0,136,130,-40,77
47,64,41,0,126,140,-40,77
47,65,26,0,121,140,-40,82
47,66,36,0,121,135,-40,84
47,67,21,0,116,135,-25,84
47,68,14,1,116,140,-25,84
47,69,22,0,111,140,-20,84
47,70,18,1,121,140,-20,84
47,71,27,0,131,125,-20,84
47,72,3,1,124,125,-20,89
47,73,46,0,117,125,-20,94
47,74,37,0,105,135,-20,94
47,75,13,1,110,140,-20,94
47,76,45,0,110,140,-20,99
47,77,2,0,100,140,-15,99
47,78,16,0,90,145,-15,99
47,79,44,0,90,145,-5,104
47,80,9,1,95,145,-5,104
47,81,1,1,87,145,0,104
47,82,26,0,82,145,0,109
47,83,13,1,87,150,0,109
47,84,41,1,92,140,0,109
47,85,16,0,82,145,0,109
47,86,2,0,72,145,5,109
47,87,22,0,67,145,10,109
47,88,10,1,87,145,0,109
47,89,20,1,87,150,-15,109
47,90,12,0,82,160,-15,109
47,91,14,1,82,165,-15,109
47,92,25,0,82,160,-5,109
47,93,40,1,82,150,5,109
47,94,21,1,82,155,-10,109
47,95,2,1,87,155,-20,109
47,96,27,1,87,160,-25,109
47,97,44,1,92,160,-25,109
47,98,10,0,87,165,-25,109
47,99,11,1,92,165,-25,109
48,0,13,0,50,50,50,55
48,1,5,1,55,50,40,55
48,2,22,1,55,55,30,55
48,3,25,1,55,60,20,55
48,4,14,1,55,65,20,55
48,5,15,0,75,60,20,55
48,6,38,1,80,60,20,55
48,7,31,0,80,65,10,55
48,8,26,1,90,65,5,55
48,9,7,0,75,70,5,55
48,10,11,0,70,70,5,57
48,11,14,0,70,70,5,62
48,12,41,0,60,80,5,62
48,13,5,0,55,80,10,62
48,14,10,1,75,80,0,62
48,15,30,0,75,80,-10,72
48,16,3,0,90,80,-15,72
48,17,26,0,85,80,-15,77
48,18,15,1,85,85,-15,77
48,19,36,0,85,80,-15,79
48,20,14,1,85,85,-15,79
48,21,22,1,85,90,-25,79
48,22,28,0,75,90,-15,79
48,23,15,0,95,85,-15,79
48,24,4,0,80,90,-15,79
48,25,47,0,105,90,-15,79
48,26,23,1,115,90,-20,79
48,27,16,0,105,95,-20,79
48,28,38,1,110,95,-20,79
48,29,41,1,115,85,-20,79
48,30,4,0,100,90,-20,79
48,31,27,1,100,95,-25,79
48,32,12,0,95,105,-25,79
48,33,3,1,88,105,-25,84
48,34,5,0,83,105,-20,84
48,35,20,0,78,105,-5,84
48,36,43,0,98,105,-15,84
48,37,25,0,98,100,-5,84
48,38,13,0,98,100,-5,89
48,39,4,1,108,100,-5,84
48,40,41,1,113,90,-5,84
48,41,10,0,108,95,-5,84
48,42,20,0,103,95,10,84
48,43,22,1,103,100,0,84
48,44,15,1,103,105,0,84
48,45,41,0,93,115,0,84
48,46,40,0,93,125,-10,84
48,47,46,0,86,125,-10,89
48,48,27,1,86,130,-15,89
48,49,11,0,81,130,-15,91
48,50,4,1,91,130,-15,86
48,51,28,1,101,130,-15,86
48,52,20,0,96,130,0,86
48,53,2,1,101,130,-10,86
48,54,12,0,96,140,-10,86
48,55,15,0,116,135,-10,86
48,56,16,0,106,140,-10,86
48,57,41,1,111,130,-10,86
48,58,1,0,121,130,-25,86
48,59,23,0,116,120,-25,91
48,60,25,0,116,115,-15,91
48,61,46,0,109,115,-15,96
48,62,22,0,104,115,-10,96
48,63,32,0,104,120,-25,96
48,64,41,1,109,110,-25,96
48,65,27,0,119,95,-25,96
48,66,15,0,139,90,-25,96
48,67,4,1,149,90,-25,91
48,68,36,0,149,85,-25,93
48,69,33,0,179,85,-25,93
48,70,11,0,174,85,-25,95
48,71,9,1,179,85,-25,95
48,72,25,1,179,90,-35,95
48,73,45,0,179,90,-35,100
48,74,21,1,179,95,-50,100
48,75,5,1,184,95,-60,100
48,76,41,1,189,85,-60,100
48,77,34,1,204,85,-60,100
48,78,8,0,204,90,-70,100
48,79,3,0,219,90,-75,100
48,80,11,1,224,90,-75,100
48,81,4,1,234,90,-75,95
48,82,16,1,234,90,-85,95
48,83,2,0,224,90,-80,95
48,84,38,0,219,95,-80,95
48,85,39,0,212,100,-80,95
48,86,41,1,217,90,-80,95
48,87,28,1,227,90,-80,95
48,88,48,0,217,90,-80,100
48,89,10,0,212,95,-80,100
48,90,20,0,207,95,-65,100
48,91,2,0,197,95,-60,100
48,92,12,1,202,95,-60,100
48,93,15,0,222,90,-60,100
48,94,16,1,222,90,-70,100
48,95,17,0,202,100,-70,100
48,96,2,0,192,100,-65,100
48,97,9,1,197,100,-65,100
48,98,25,0,197,95,-55,100
48,99,21,0,192,95,-40,100
49,0,31,1,50,50,60,50
49,1,43,1,50,50,65,35
49,2,45,1,50,55,65,35
49,3,21,1,50,60,50,35
49,4,44,0,50,60,60,40
49,5,11,1,55,60,60,40
49,6,12,0,50,70,60,40
49,7,22,0,45,70,65,40
49,8,46,1,50,70,65,35
49,9,25,0,50,65,75,35
49,10,21,0,45,65,90,35
49,11,37,0,33,75,90,35
49,12,22,0,28,75,95,35
49,13,42,1,28,80,95,35
49,14,27,0,38,65,95,35
49,15,47,0,63,65,95,35
49,16,3,0,78,65,90,35
49,17,21,0,73,65,105,35
49,18,5,0,68,65,110,35
49,19,10,1,88,65,100,35
49,20,43,0,108,65,90,35
49,21,20,0,103,65,105,35
49,22,26,1,113,65,100,35
49,23,1,0,123,65,85,35
49,24,28,1,133,65,85,35
49,25,3,0,148,65,80,35
49,26,20,0,143,65,95,35
49,27,2,1,148,65,85,35
49,28,14,0,148,65,85,40
49,29,44,1,153,65,85,40
49,30,25,1,153,70,75,40
49,31,5,1,158,70,65,40
49,32,46,0,151,70,65,45
49,33,43,0,171,70,55,45
49,34,42,1,171,75,55,45
49,35,23,1,181,75,50,45
49,36,10,0,176,80,50,45
49,37,44,0,176,80,60,50
49,38,25,0,176,75,70,50
49,39,16,1,176,75,60,50
49,40,22,0,171,75,65,50
49,41,15,0,191,70,65,50
49,42,8,0,191,75,55,50
49,43,42,1,191,80,55,50
49,44,32,0,191,85,40,50
49,45,27,1,191,90,35,50
49,46,28,1,201,90,35,50
49,47,26,1,211,90,30,50
49,48,10,0,206,95,30,50
49,49,1,1,198,95,35,50
49,50,20,1,198,100,20,50
49,51,9,0,193,100,20,55
49,52,47,1,193,100,20,70
49,53,12,1,198,100,20,70
49,54,2,1,203,100,10,70
49,55,41,0,193,110,10,70
49,56,23,0,188,100,10,75
49,57,14,0,188,100,10,80
49,58,13,0,188,100,10,85
49,59,9,0,183,100,10,90
49,60,10,1,203,100,0,90
49,61,43,1,203,100,5,75
49,62,18,1,213,100,5,75
49,63,1,0,223,100,-10,75
49,64,15,1,223,105,-10,75
49,65,8,0,223,110,-20,75
49,66,33,1,223,115,-20,75
49,67,4,0,208,120,-20,75
49,68,37,0,196,130,-20,75
49,69,44,1,201,130,-20,75
49,70,5,0,196,130,-15,75
49,71,2,1,201,130,-25,75
49,72,6,1,193,130,-25,80
49,73,10,0,188,135,-25,80
49,74,42,0,180,135,-25,90
49,75,5,0,175,135,-20,90
49,76,34,0,175,120,-5,90
49,77,27,0,185,105,-5,90
49,78,2,0,175,105,0,90
49,79,14,0,175,105,0,95
49,80,23,0,170,95,0,100
49,81,7,0,155,100,0,100
49,82,36,0,155,95,0,102
49,83,45,0,155,95,0,107
49,84,26,0,150,95,0,112
49,85,3,1,143,95,0,117
49,86,29,0,133,95,5,117
49,87,15,1,133,100,5,117
49,88,44,0,133,100,15,122
49,89,12,1,138,100,15,122
49,90,13,1,143,105,15,122
49,91,14,1,143,110,15,122
49,92,21,0,138,110,30,122
49,93,22,0,133,110,35,122
49,94,29,0,123,110,40,122
49,95,46,0,116,110,40,127
49,96,15,0,136,105,40,127
49,97,48,1,136,110,40,117
49,98,11,0,131,110,40,119
49,99,4,0,116,115,40,119
50,0,23,1,60,50,45,50
50,1,31,1,60,50,55,50
50,2,9,1,65,50,55,50
50,3,43,0,85,50,45,50
50,4,41,1,90,40,45,50
50,5,7,0,75,45,45,50
50,6,27,1,75,50,40,50
50,7,37,0,63,60,40,50
50,8,3,1,56,60,40,55
50,9,23,0,51,50,40,60
50,10,2,1,56,50,30,60
50,11,41,1,61,40,30,60
50,12,12,1,66,40,30,60
50,13,43,0,86,40,20,60
50,14,20,1,86,45,5,60
50,15,28,1,96,45,5,60
50,16,11,1,101,45,5,60
50,17,9,0,96,45,5,65
50,18,2,0,86,45,10,65
50,19,25,1,86,50,0,65
50,20,22,0,81,50,5,65
50,21,13,1,86,55,5,65
50,22,26,1,96,55,0,65
50,23,20,0,91,55,15,65
50,24,11,1,96,55,15,65
50,25,14,0,96,55,15,70
50,26,3,1,89,55,15,75
50,27,5,0,84,55,20,75
50,28,12,0,79,65,20,75
50,29,16,1,79,65,10,75
50,30,14,1,79,70,10,75
50,31,26,1,89,70,5,75
50,32,23,0,84,60,5,80
50,33,10,1,104,60,-5,80
50,34,11,0,99,60,-5,82
50,35,32,0,99,65,-20,82
50,36,15,0,119,60,-20,82
50,37,26,1,129,60,-25,82
50,38,16,1,129,60,-35,82
50,39,37,1,139,60,-35,82
50,40,5,1,144,60,-45,82
50,41,13,1,149,65,-45,82
50,42,20,1,149,70,-60,82
50,43,38,0,144,75,-60,82
50,44,42,0,136,75,-60,92
50,45,14,0,136,75,-60,97
50,46,13,0,136,75,-60,102
50,47,4,0,121,80,-60,102
50,48,30,1,121,80,-50,102
50,49,36,0,121,75,-50,104
50,50,11,0,116,75,-50,106
50,51,13,1,121,80,-50,106
50,52,2,1,126,80,-60,106
50,53,39,0,119,85,-60,106
50,54,36,1,119,90,-60,101
50,55,3,0,134,90,-65,101
50,56,5,0,129,90,-60,101
50,57,20,1,129,95,-75,101
50,58,39,1,134,95,-75,96
50,59,25,1,134,100,-85,96
50,60,22,1,134,105,-95,96
50,61,26,0,129,105,-95,101
50,62,33,1,129,110,-95,101
50,63,9,1,134,110,-95,101
50,64,16,0,124,115,-95,101
50,65,19,0,104,115,-85,111
50,66,34,1,119,115,-85,111
50,67,12,0,114,125,-85,111
50,68,11,0,109,125,-85,113
50,69,2,1,114,125,-95,113
50,70,3,1,107,125,-95,118
50,71,9,1,112,125,-95,118
50,72,10,0,107,130,-95,118
50,73,12,1,112,130,-95,118
50,74,14,1,112,135,-95,118
50,75,3,0,127,135,-100,118
50,76,35,1,127,125,-90,118
50,77,28,0,117,125,-80,118
50,78,11,1,122,125,-80,118
50,79,8,0,122,130,-90,118
50,80,38,0,117,135,-90,118
50,81,1,1,109,135,-85,118
50,82,2,1,114,135,-95,118
50,83,15,0,134,130,-95,118
50,84,9,1,139,130,-95,118
50,85,16,1,139,130,-105,118
50,86,27,0,149,115,-105,118
50,87,41,0,139,125,-105,118
50,88,25,0,139,120,-95,118
50,89,46,1,144,120,-95,113
50,90,2,1,149,120,-105,113
50,91,4,0,134,125,-105,113
50,92,26,1,144,125,-110,113
50,93,22,1,144,130,-120,113
50,94,45,0,144,130,-120,118
50,95,24,0,139,130,-115,118
50,96,16,0,129,135,-115,118
50,97,12,1,134,135,-115,118
50,98,29,0,124,135,-110,118
50,99,10,1,144,135,-120,118
51,0,9,0,45,50,50,55
51,1,11,0,40,50,50,57
51,2,38,1,45,50,50,57
51,3,3,1,38,50,50,62
51,4,27,1,38,55,45,62
51,5,44,0,38,55,55,67
51,6,25,0,38,50,65,67
51,7,12,1,43,50,65,67
51,8,7,1,48,50,65,62
51,9,13,1,53,55,65,62
51,10,43,1,53,55,70,47
51,11,4,0,38,60,70,47
51,12,10,1,58,60,60,47
51,13,17,0,38,70,60,47
51,14,38,1,43,70,60,47
51,15,41,1,48,60,60,47
51,16,6,1,40,60,60,52
51,17,23,1,50,60,55,52
51,18,3,1,43,60,55,57
51,19,20,0,38,60,70,57
51,20,12,1,43,60,70,57
51,21,39,1,48,60,70,52
51,22,4,0,33,65,70,52
51,23,26,0,28,65,70,57
51,24,28,0,18,65,80,57
51,25,27,1,18,70,75,57
51,26,16,0,8,75,75,57
51,27,39,0,1,80,75,57
51,28,3,1,-6,80,75,62
51,29,10,1,14,80,65,62
51,30,24,1,19,80,65,62
51,31,29,1,19,95,45,62
51,32,4,1,29,95,45,57
51,33,3,0,44,95,40,57
51,34,28,0,34,95,50,57
51,35,44,1,39,95,50,57
51,36,31,1,39,95,60,57
51,37,8,1,29,95,60,62
51,38,17,0,9,105,60,62
51,39,15,1,9,110,60,62
51,40,5,0,4,110,65,62
51,41,14,1,4,115,65,62
51,42,10,1,24,115,55,62
51,43,30,0,24,115,45,72
51,44,22,1,24,120,35,72
51,45,9,1,29,120,35,72
51,46,29,1,29,135,15,72
51,47,41,0,19,145,15,72
51,48,20,1,19,150,0,72
51,49,4,1,29,150,0,67
51,50,21,1,29,155,-15,67
51,51,11,1,34,155,-15,67
51,52,41,1,39,145,-15,67
51,53,8,0,39,150,-25,67
51,54,20,0,34,150,-10,67
51,55,30,0,34,150,-20,77
51,56,6,0,44,150,-25,77
51,57,32,1,44,140,-10,77
51,58,23,0,39,130,-10,82
51,59,22,0,34,130,-5,82
51,60,40,1,34,120,5,82
51,61,42,1,34,125,5,82
51,62,33,0,64,125,5,82
51,63,2,1,69,125,-5,82
51,64,13,1,74,130,-5,82
51,65,16,1,74,130,-15,82
51,66,3,0,89,130,-20,82
51,67,6,0,99,130,-25,82
51,68,10,1,119,130,-35,82
51,69,39,0,112,135,-35,82
51,70,44,1,117,135,-35,82
51,71,15,0,137,130,-35,82
51,72,37,1,147,130,-35,82
51,73,34,1,162,130,-35,82
51,74,11,0,157,130,-35,84
51,75,16,0,147,135,-35,84
51,76,26,0,142,135,-35,89
51,77,13,1,147,140,-35,89
51,78,47,0,172,140,-35,89
51,79,37,1,182,140,-35,89
51,80,6,1,174,140,-35,94
51,81,9,0,169,140,-35,99
51,82,1,0,179,140,-50,99
51,83,16,1,179,140,-60,99
51,84,44,0,179,140,-50,104
51,85,14,0,179,140,-50,109
51,86,36,1,179,145,-50,104
51,87,13,0,179,145,-50,109
51,88,40,0,179,155,-60,109
51,89,45,0,179,155,-60,114
51,90,12,1,184,155,-60,114
51,91,5,1,189,155,-70,114
51,92,29,1,189,170,-90,114
51,93,9,1,194,170,-90,114
51,94,18,1,204,170,-90,114
51,95,14,1,204,175,-90,114
51,96,42,0,196,175,-90,124
51,97,16,0,186,180,-90,124
51,98,11,1,191,180,-90,124
51,99,23,1,201,180,-95,124
52,0,1,1,42,50,55,50
52,1,4,1,52,50,55,45
52,2,41,0,42,60,55,45
52,3,22,1,42,65,45,45
52,4,5,0,37,65,50,45
52,5,23,0,32,55,50,50
52,6,6,0,42,55,45,50
52,7,13,0,42,55,45,55
52,8,43,0,62,55,35,55
52,9,46,1,67,55,35,50
52,10,16,1,67,55,25,50
52,11,11,0,62,55,25,52
52,12,4,1,72,55,25,47
52,13,29,0,62,55,30,47
52,14,22,0,57,55,35,47
52,15,2,1,62,55,25,47
52,16,1,1,54,55,30,47
52,17,26,1,64,55,25,47
52,18,44,1,69,55,25,47
52,19,43,0,89,55,15,47
52,20,2,1,94,55,5,47
52,21,15,1,94,60,5,47
52,22,4,1,104,60,5,42
52,23,18,0,79,60,5,52
52,24,41,1,84,50,5,52
52,25,6,1,76,50,5,57
52,26,12,1,81,50,5,57
52,27,19,1,96,50,5,57
52,28,13,1,101,55,5,57
52,29,23,1,111,55,0,57
52,30,3,1,104,55,0,62
52,31,25,0,104,50,10,62
52,32,4,0,89,55,10,62
52,33,31,1,89,55,20,62
52,34,20,0,84,55,35,62
52,35,38,0,79,60,35,62
52,36,29,0,69,60,40,62
52,37,28,0,59,60,50,62
52,38,48,0,49,60,50,67
52,39,8,1,39,60,50,72
52,40,10,1,59,60,40,72
52,41,4,1,69,60,40,67
52,42,39,0,62,65,40,67
52,43,28,1,72,65,40,67
52,44,5,0,67,65,45,67
52,45,13,0,67,65,45,72
52,46,1,1,59,65,50,72
52,47,11,1,64,65,50,72
52,48,8,1,54,65,50,77
52,49,41,0,44,75,50,77
52,50,3,1,37,75,50,82
52,51,4,1,47,75,50,77
52,52,11,0,42,75,50,79
52,53,15,0,62,70,50,79
52,54,14,0,62,70,50,84
52,55,29,1,62,85,30,84
52,56,24,1,67,85,30,84
52,57,13,0,67,85,30,89
52,58,11,1,72,85,30,89
52,59,48,0,62,85,30,94
52,60,14,1,62,90,30,94
52,61,40,1,62,80,40,94
52,62,10,1,82,80,30,94
52,63,26,1,92,80,25,94
52,64,27,0,102,65,25,94
52,65,43,1,102,65,30,79
52,66,11,1,107,65,30,79
52,67,13,1,112,70,30,79
52,68,20,0,107,70,45,79
52,69,29,1,107,85,25,79
52,70,32,1,107,75,40,79
52,71,2,0,97,75,45,79
52,72,9,0,92,75,45,84
52,73,8,1,82,75,45,89
52,74,41,1,87,65,45,89
52,75,28,1,97,65,45,89
52,76,26,0,92,65,45,94
52,77,29,1,92,80,25,94
52,78,25,0,92,75,35,94
52,79,7,0,77,80,35,94
52,80,37,0,65,90,35,94
52,81,11,1,70,90,35,94
52,82,9,1,75,90,35,94
52,83,41,0,65,100,35,94
52,84,8,0,65,105,25,94
52,85,20,0,60,105,40,94
52,86,11,0,55,105,40,96
52,87,4,1,65,105,40,91
52,88,37,0,53,115,40,91
52,89,25,0,53,110,50,91
52,90,44,0,53,110,60,96
52,91,3,0,68,110,55,96
52,92,17,1,53,110,65,96
52,93,4,1,63,110,65,91
52,94,7,0,48,115,65,91
52,95,20,1,48,120,50,91
52,96,10,0,43,125,50,91
52,97,24,1,48,125,50,91
52,98,46,1,53,125,50,86
52,99,22,0,48,125,55,86
53,0,2,0,40,50,55,50
53,1,20,0,35,50,70,50
53,2,26,1,45,50,65,50
53,3,27,1,45,55,60,50
53,4,17,1,30,55,70,50
53,5,16,0,20,60,70,50
53,6,30,0,20,60,60,60
53,7,39,1,25,60,60,55
53,8,15,0,45,55,60,55
53,9,44,0,45,55,70,60
53,10,11,1,50,55,70,60
53,11,3,0,65,55,65,60
53,12,17,1,50,55,75,60
53,13,26,1,60,55,70,60
53,14,15,0,80,50,70,60
53,15,25,0,80,45,80,60
53,16,4,1,90,45,80,55
53,17,12,0,85,55,80,55
53,18,23,0,80,45,80,60
53,19,45,0,80,45,80,65
53,20,21,1,80,50,65,65
53,21,24,0,75,50,70,65
53,22,15,0,95,45,70,65
53,23,4,0,80,50,70,65
53,24,9,1,85,50,70,65
53,25,23,0,80,40,70,70
53,26,21,1,80,45,55,70
53,27,31,1,80,45,65,70
53,28,25,1,80,50,55,70
53,29,9,1,85,50,55,70
53,30,2,0,75,50,60,70
53,31,3,0,90,50,55,70
53,32,17,0,70,60,55,70
53,33,15,0,90,55,55,70
53,34,14,0,90,55,55,75
53,35,46,0,83,55,55,80
53,36,10,0,78,60,55,80
53,37,4,1,88,60,55,75
53,38,16,1,88,60,45,75
53,39,36,1,88,65,45,70
53,40,28,1,98,65,45,70
53,41,42,0,90,65,45,80
53,42,4,1,100,65,45,75
53,43,22,0,95,65,50,75
53,44,46,1,100,65,50,70
53,45,14,0,100,65,50,75
53,46,10,1,120,65,40,75
53,47,12,1,125,65,40,75
53,48,18,1,135,65,40,75
53,49,44,0,135,65,50,80
53,50,26,0,130,65,50,85
53,51,1,0,140,65,35,85
53,52,46,0,133,65,35,90
53,53,20,1,133,70,20,90
53,54,9,1,138,70,20,90
53,55,38,1,143,70,20,90
53,56,7,0,128,75,20,90
53,57,16,0,118,80,20,90
53,58,1,0,128,80,5,90
53,59,5,0,123,80,10,90
53,60,9,0,118,80,10,95
53,61,36,1,118,85,10,90
53,62,38,0,113,90,10,90
53,63,14,0,113,90,10,95
53,64,25,0,113,85,20,95
53,65,41,0,103,95,20,95
53,66,45,0,103,95,20,100
53,67,20,1,103,100,5,100
53,68,24,0,98,100,10,100
53,69,2,1,103,100,0,100
53,70,16,0,93,105,0,100
53,71,23,1,103,105,-5,100
53,72,26,1,113,105,-10,100
53,73,14,1,113,110,-10,100
53,74,25,0,113,105,0,100
53,75,32,1,113,95,15,100
53,76,7,0,98,100,15,100
53,77,5,0,93,100,20,100
53,78,16,1,93,100,10,100
53,79,11,0,88,100,10,102
53,80,1,0,98,100,-5,102
53,81,46,1,103,100,-5,97
53,82,15,0,123,95,-5,97
53,83,13,0,123,95,-5,102
53,84,8,0,123,100,-15,102
53,85,21,0,118,100,0,102
53,86,9,0,113,100,0,107
53,87,26,0,108,100,0,112
53,88,11,1,113,100,0,112
53,89,5,1,118,100,-10,112
53,90,36,1,118,105,-10,107
53,91,23,1,128,105,-15,107
53,92,25,1,128,110,-25,107
53,93,1,1,120,110,-20,107
53,94,42,1,120,115,-20,107
53,95,12,1,125,115,-20,107
53,96,37,1,135,115,-20,107
53,97,7,1,140,115,-20,102
53,98,36,0,140,110,-20,104
53,99,15,1,140,115,-20,104
54,0,3,1,43,50,50,55
54,1,31,1,43,50,60,55
54,2,44,1,48,50,60,55
54,3,36,0,48,45,60,57
54,4,20,1,48,50,45,57
54,5,6,1,40,50,45,62
54,6,16,0,30,55,45,62
54,7,45,1,30,60,45,62
54,8,21,0,25,60,60,62
54,9,4,1,35,60,60,57
54,10,3,1,28,60,60,62
54,11,29,0,18,60,65,62
54,12,12,1,23,60,65,62
54,13,13,1,28,65,65,62
54,14,16,0,18,70,65,62
54,15,1,1,10,70,70,62
54,16,45,0,10,70,70,67
54,17,23,1,20,70,65,67
54,18,32,1,20,60,80,67
54,19,27,1,20,65,75,67
54,20,3,1,13,65,75,72
54,21,33,1,13,70,75,72
54,22,36,0,13,65,75,74
54,23,41,0,3,75,75,74
54,24,4,0,-12,80,75,74
54,25,13,0,-12,80,75,79
54,26,24,1,-7,80,75,79
54,27,22,1,-7,85,65,79
54,28,15,1,-7,90,65,79
54,29,12,1,-2,90,65,79
54,30,25,1,-2,95,55,79
54,31,24,0,-7,95,60,79
54,32,37,1,3,95,60,79
54,33,22,1,3,100,50,79
54,34,14,0,3,100,50,84
54,35,20,1,3,105,35,84
54,36,42,0,-5,105,35,94
54,37,16,0,-15,110,35,94
54,38,1,0,-5,110,20,94
54,39,39,0,-12,115,20,94
54,40,11,0,-17,115,20,96
54,41,12,0,-22,125,20,96
54,42,23,1,-12,125,15,96
54,43,1,0,-2,125,0,96
54,44,20,0,-7,125,15,96
54,45,2,1,-2,125,5,96
54,46,26,1,8,125,0,96
54,47,41,0,-2,135,0,96
54,48,22,0,-7,135,5,96
54,49,10,0,-12,140,5,96
54,50,15,0,8,135,5,96
54,51,30,0,8,135,-5,106
54,52,45,1,8,140,-5,106
54,53,7,1,13,140,-5,101
54,54,41,1,18,130,-5,101
54,55,21,0,13,130,10,101
54,56,17,0,-7,140,10,101
54,57,10,1,13,140,0,101
54,58,28,1,23,140,0,101
54,59,23,0,18,130,0,106
54,60,9,0,13,130,0,111
54,61,12,0,8,140,0,111
54,62,13,0,8,140,0,116
54,63,3,1,1,140,0,121
54,64,18,1,11,140,0,121
54,65,20,1,11,145,-15,121
54,66,25,0,11,140,-5,121
54,67,14,0,11,140,-5,126
54,68,16,1,11,140,-15,126
54,69,5,0,6,140,-10,126
54,70,8,1,-4,140,-10,131
54,71,40,0,-4,150,-20,131
54,72,41,1,1,140,-20,131
54,73,26,1,11,140,-25,131
54,74,21,0,6,140,-10,131
54,75,22,1,6,145,-20,131
54,76,2,0,-4,145,-15,131
54,77,15,0,16,140,-15,131
54,78,16,1,16,140,-25,131
54,79,9,0,11,140,-25,136
54,80,4,0,-4,145,-25,136
54,81,21,0,-9,145,-10,136
54,82,14,1,-9,150,-10,136
54,83,38,0,-14,155,-10,136
54,84,26,1,-4,155,-15,136
54,85,28,0,-14,155,-5,136
54,86,2,1,-9,155,-15,136
54,87,1,1,-17,155,-10,136
54,88,25,1,-17,160,-20,136
54,89,17,1,-32,160,-10,136
54,90,11,0,-37,160,-10,138
54,91,24,0,-42,160,-5,138
54,92,15,0,-22,155,-5,138
54,93,12,1,-17,155,-5,138
54,94,14,0,-17,155,-5,143
54,95,28,0,-27,155,5,143
54,96,41,0,-37,165,5,143
54,97,13,0,-37,165,5,148
54,98,36,1,-37,170,5,143
54,99,4,1,-27,170,5,138
55,0,27,0,60,35,50,50
55,1,20,1,60,40,35,50
55,2,16,0,50,45,35,50
55,3,31,0,50,50,25,50
55,4,19,1,65,50,25,50
55,5,24,1,70,50,25,50
55,6,7,0,55,55,25,50
55,7,37,0,43,65,25,50
55,8,16,1,43,65,15,50
55,9,48,1,43,70,15,40
55,10,20,0,38,70,30,40
55,11,15,0,58,65,30,40
55,12,1,0,68,65,15,40
55,13,12,0,63,75,15,40
55,14,41,1,68,65,15,40
55,15,17,0,48,75,15,40
55,16,48,1,48,80,15,30
55,17,5,1,53,80,5,30
55,18,10,0,48,85,5,30
55,19,14,0,48,85,5,35
55,20,15,0,68,80,5,35
55,21,23,0,63,70,5,40
55,22,27,0,73,55,5,40
55,23,11,0,68,55,5,42
55,24,41,0,58,65,5,42
55,25,20,0,53,65,20,42
55,26,46,0,46,65,20,47
55,27,4,0,31,70,20,47
55,28,11,1,36,70,20,47
55,29,1,0,46,70,5,47
55,30,21,0,41,70,20,47
55,31,41,1,46,60,20,47
55,32,16,1,46,60,10,47
55,33,17,0,26,70,10,47
55,34,3,1,19,70,10,52
55,35,32,0,19,75,-5,52
55,36,42,1,19,80,-5,52
55,37,33,0,49,80,-5,52
55,38,22,0,44,80,0,52
55,39,1,1,36,80,5,52
55,40,12,1,41,80,5,52
55,41,14,0,41,80,5,57
55,42,15,1,41,85,5,57
55,43,2,0,31,85,10,57
55,44,46,1,36,85,10,52
55,45,18,1,46,85,10,52
55,46,4,0,31,90,10,52
55,47,15,1,31,95,10,52
55,48,13,1,36,100,10,52
55,49,7,1,41,100,10,47
55,50,23,1,51,100,5,47
55,51,10,0,46,105,5,47
55,52,8,1,36,105,5,52
55,53,25,0,36,100,15,52
55,54,9,0,31,100,15,57
55,55,14,1,31,105,15,57
55,56,15,1,31,110,15,57
55,57,30,0,31,110,5,67
55,58,37,1,41,110,5,67
55,59,2,0,31,110,10,67
55,60,23,1,41,110,5,67
55,61,16,1,41,110,-5,67
55,62,46,1,46,110,-5,62
55,63,41,1,51,100,-5,62
55,64,22,1,51,105,-15,62
55,65,9,0,46,105,-15,67
55,66,34,1,61,105,-15,67
55,67,15,0,81,100,-15,67
55,68,1,0,91,100,-30,67
55,69,10,0,86,105,-30,67
55,70,9,1,91,105,-30,67
55,71,12,1,96,105,-30,67
55,72,45,1,96,110,-30,67
55,73,42,1,96,115,-30,67
55,74,36,0,96,110,-30,69
55,75,22,1,96,115,-40,69
55,76,6,1,88,115,-40,74
55,77,10,1,108,115,-50,74
55,78,13,1,113,120,-50,74
55,79,2,0,103,120,-45,74
55,80,11,0,98,120,-45,76
55,81,44,1,103,120,-45,76
55,82,27,1,103,125,-50,76
55,83,15,0,123,120,-50,76
55,84,45,0,123,120,-50,81
55,85,13,0,123,120,-50,86
55,86,22,0,118,120,-45,86
55,87,41,0,108,130,-45,86
55,88,4,0,93,135,-45,86
55,89,23,1,103,135,-50,86
55,90,9,0,98,135,-50,91
55,91,15,1,98,140,-50,91
55,92,37,1,108,140,-50,91
55,93,41,1,113,130,-50,91
55,94,26,0,108,130,-50,96
55,95,6,0,118,130,-55,96
55,96,3,1,111,130,-55,101
55,97,13,0,111,130,-55,106
55,98,18,0,86,130,-55,116
55,99,41,0,76,140,-55,116
56,0,22,1,50,55,40,50
56,1,20,1,50,60,25,50
56,2,3,0,65,60,20,50
56,3,10,0,60,65,20,50
56,4,28,1,70,65,20,50
56,5,31,1,70,65,30,50
56,6,21,0,65,65,45,50
56,7,5,0,60,65,50,50
56,8,12,0,55,75,50,50
56,9,46,1,60,75,50,45
56,10,32,1,60,65,65,45
56,11,33,0,90,65,65,45
56,12,16,0,80,70,65,45
56,13,24,1,85,70,65,45
56,14,34,1,100,70,65,45
56,15,42,1,100,75,65,45
56,16,38,0,95,80,65,45
56,17,44,0,95,80,75,50
56,18,22,0,90,80,80,50
56,19,46,0,83,80,80,55
56,20,26,1,93,80,75,55
56,21,45,1,93,85,75,55
56,22,23,1,103,85,70,55
56,23,44,0,103,85,80,60
56,24,15,0,123,80,80,60
56,25,5,1,128,80,70,60
56,26,36,0,128,75,70,62
56,27,9,0,123,75,70,67
56,28,11,1,128,75,70,67
56,29,13,0,128,75,70,72
56,30,21,0,123,75,85,72
56,31,8,0,123,80,75,72
56,32,14,1,123,85,75,72
56,33,16,0,113,90,75,72
56,34,41,1,118,80,75,72
56,35,12,1,123,80,75,72
56,36,9,0,118,80,75,77
56,37,13,1,123,85,75,77
56,38,26,0,118,85,75,82
56,39,25,1,118,90,65,82
56,40,19,1,133,90,65,82
56,41,15,0,153,85,65,82
56,42,16,1,153,85,55,82
56,43,6,0,163,85,50,82
56,44,5,1,168,85,40,82
56,45,19,0,148,85,50,92
56,46,12,1,153,85,50,92
56,47,13,0,153,85,50,97
56,48,43,0,173,85,40,97
56,49,9,1,178,85,40,97
56,50,35,0,178,93,25,97
56,51,5,0,173,93,30,97
56,52,26,0,168,93,30,102
56,53,44,0,168,93,40,107
56,54,41,0,158,103,40,107
56,55,37,1,168,103,40,107
56,56,48,1,168,108,40,97
56,57,40,1,168,98,50,97
56,58,3,1,161,98,50,102
56,59,18,0,136,98,50,112
56,60,41,1,141,88,50,112
56,61,14,1,141,93,50,112
56,62,9,1,146,93,50,112
56,63,25,1,146,98,40,112
56,64,6,1,138,98,40,117
56,65,30,0,138,98,30,127
56,66,13,1,143,103,30,127
56,67,24,0,138,103,35,127
56,68,5,0,133,103,40,127
56,69,15,0,153,98,40,127
56,70,41,1,158,88,40,127
56,71,16,1,158,88,30,127
56,72,3,1,151,88,30,132
56,73,1,1,143,88,35,132
56,74,27,1,143,93,30,132
56,75,48,1,143,98,30,122
56,76,26,1,153,98,25,122
56,77,16,1,153,98,15,122
56,78,46,1,158,98,15,117
56,79,23,1,168,98,10,117
56,80,2,0,158,98,15,117
56,81,42,0,150,98,15,127
56,82,16,1,150,98,5,127
56,83,1,0,160,98,-10,127
56,84,30,1,160,98,0,127
56,85,10,0,155,103,0,127
56,86,14,1,155,108,0,127
56,87,25,0,155,103,10,127
56,88,2,0,145,103,15,127
56,89,23,0,140,93,15,132
56,90,26,1,150,93,10,132
56,91,37,1,160,93,10,132
56,92,15,1,160,98,10,132
56,93,4,0,145,103,10,132
56,94,3,0,160,103,5,132
56,95,13,0,160,103,5,137
56,96,1,0,170,103,-10,137
56,97,18,0,145,103,-10,147
56,98,29,1,145,118,-30,147
56,99,40,1,145,108,-20,147
57,0,16,0,40,55,50,50
57,1,6,0,50,55,45,50
57,2,20,0,45,55,60,50
57,3,2,0,35,55,65,50
57,4,41,0,25,65,65,50
57,5,14,0,25,65,65,55
57,6,5,0,20,65,70,55
57,7,22,0,15,65,75,55
57,8,42,0,7,65,75,65
57,9,26,0,2,65,75,70
57,10,39,0,-5,70,75,70
57,11,31,1,-5,70,85,70
57,12,5,0,-10,70,90,70
57,13,41,1,-5,60,90,70
57,14,16,0,-15,65,90,70
57,15,14,1,-15,70,90,70
57,16,32,0,-15,75,75,70
57,17,4,0,-30,80,75,70
57,18,44,0,-30,80,85,75
57,19,37,0,-42,90,85,75
57,20,7,0,-57,95,85,75
57,21,13,0,-57,95,85,80
57,22,41,0,-67,105,85,80
57,23,29,0,-77,105,90,80
57,24,1,1,-85,105,95,80
57,25,11,1,-80,105,95,80
57,26,47,1,-80,105,95,95
57,27,24,1,-75,105,95,95
57,28,2,1,-70,105,85,95
57,29,33,0,-40,105,85,95
57,30,5,0,-45,105,90,95
57,31,1,0,-35,105,75,95
57,32,4,0,-50,110,75,95
57,33,38,0,-55,115,75,95
57,34,14,1,-55,120,75,95
57,35,11,0,-60,120,75,97
57,36,28,1,-50,120,75,97
57,37,41,0,-60,130,75,97
57,38,21,1,-60,135,60,97
57,39,48,0,-70,135,60,102
57,40,26,1,-60,135,55,102
57,41,14,1,-60,140,55,102
57,42,1,1,-68,140,60,102
57,43,2,0,-78,140,65,102
57,44,36,1,-78,145,65,97
57,45,23,0,-83,135,65,102
57,46,37,0,-95,145,65,102
57,47,28,0,-105,145,75,102
57,48,6,1,-113,145,75,107
57,49,1,0,-103,145,60,107
57,50,10,0,-108,150,60,107
57,51,3,0,-93,150,55,107
57,52,37,0,-105,160,55,107
57,53,15,1,-105,165,55,107
57,54,41,0,-115,175,55,107
57,55,5,0,-120,175,60,107
57,56,44,0,-120,175,70,112
57,57,12,0,-125,185,70,112
57,58,25,0,-125,180,80,112
57,59,11,1,-120,180,80,112
57,60,38,1,-115,180,80,112
57,61,6,0,-105,180,75,112
57,62,23,0,-110,170,75,117
57,63,9,0,-115,170,75,122
57,64,40,0,-115,180,65,122
57,65,37,0,-127,190,65,122
57,66,22,0,-132,190,70,122
57,67,26,0,-137,190,70,127
57,68,9,1,-132,190,70,127
57,69,25,0,-132,185,80,127
57,70,20,0,-137,185,95,127
57,71,13,0,-137,185,95,132
57,72,12,1,-132,185,95,132
57,73,38,1,-127,185,95,132
57,74,46,0,-134,185,95,137
57,75,3,1,-141,185,95,142
57,76,4,0,-156,190,95,142
57,77,20,0,-161,190,110,142
57,78,28,1,-151,190,110,142
57,79,48,0,-161,190,110,147
57,80,10,0,-166,195,110,147
57,81,23,1,-156,195,105,147
57,82,45,0,-156,195,105,152
57,83,15,1,-156,200,105,152
57,84,12,1,-151,200,105,152
57,85,29,0,-161,200,110,152
57,86,3,0,-146,200,105,152
57,87,4,0,-161,205,105,152
57,88,45,1,-161,210,105,152
57,89,25,1,-161,215,95,152
57,90,48,1,-161,220,95,142
57,91,16,0,-171,225,95,142
57,92,47,1,-171,225,95,157
57,93,2,1,-166,225,85,157
57,94,12,1,-161,225,85,157
57,95,13,0,-161,225,85,162
57,96,6,0,-151,225,80,162
57,97,47,1,-151,225,80,177
57,98,23,1,-141,225,75,177
57,99,18,0,-166,225,75,187
58,0,36,1,50,55,50,45
58,1,1,0,60,55,35,45
58,2,23,1,70,55,30,45
58,3,2,0,60,55,35,45
58,4,4,1,70,55,35,40
58,5,19,0,50,55,45,50
58,6,13,0,50,55,45,55
58,7,9,0,45,55,45,60
58,8,3,1,38,55,45,65
58,9,12,0,33,65,45,65
58,10,20,0,28,65,60,65
58,11,15,0,48,60,60,65
58,12,10,0,43,65,60,65
58,13,18,1,53,65,60,65
58,14,37,0,41,75,60,65
58,15,27,1,41,80,55,65
58,16,6,0,51,80,50,65
58,17,4,0,36,85,50,65
58,18,1,1,28,85,55,65
58,19,25,0,28,80,65,65
58,20,7,1,33,80,65,60
58,21,36,0,33,75,65,62
58,22,3,0,48,75,60,62
58,23,23,1,58,75,55,62
58,24,5,1,63,75,45,62
58,25,4,0,48,80,45,62
58,26,16,1,48,80,35,62
58,27,1,1,40,80,40,62
58,28,46,0,33,80,40,67
58,29,41,0,23,90,40,67
58,30,31,1,23,90,50,67
58,31,6,0,33,90,45,67
58,32,16,0,23,95,45,67
58,33,25,1,23,100,35,67
58,34,8,0,23,105,25,67
58,35,27,0,33,90,25,67
58,36,42,1,33,95,25,67
58,37,7,0,18,100,25,67
58,38,19,0,-2,100,35,77
58,39,38,0,-7,105,35,77
58,40,4,1,3,105,35,72
58,41,32,0,3,110,20,72
58,42,25,1,3,115,10,72
58,43,16,1,3,115,0,72
58,44,9,1,8,115,0,72
58,45,33,1,8,120,0,72
58,46,5,0,3,120,5,72
58,47,1,1,-5,120,10,72
58,48,45,1,-5,125,10,72
58,49,26,1,5,125,5,72
58,50,13,1,10,130,5,72
58,51,7,1,15,130,5,67
58,52,12,1,20,130,5,67
58,53,5,1,25,130,-5,67
58,54,10,1,45,130,-15,67
58,55,26,1,55,130,-20,67
58,56,22,0,50,130,-15,67
58,57,16,1,50,130,-25,67
58,58,1,0,60,130,-40,67
58,59,23,0,55,120,-40,72
58,60,10,0,50,125,-40,72
58,61,4,1,60,125,-40,67
58,62,8,0,60,130,-50,67
58,63,1,0,70,130,-65,67
58,64,45,0,70,130,-65,72
58,65,9,1,75,130,-65,72
58,66,15,0,95,125,-65,72
58,67,6,1,87,125,-65,77
58,68,37,0,75,135,-65,77
58,69,11,1,80,135,-65,77
58,70,20,1,80,140,-80,77
58,71,1,1,72,140,-75,77
58,72,34,0,72,125,-60,77
58,73,16,0,62,130,-60,77
58,74,11,1,67,130,-60,77
58,75,23,1,77,130,-65,77
58,76,43,1,77,130,-60,62
58,77,38,0,72,135,-60,62
58,78,37,0,60,145,-60,62
58,79,45,0,60,145,-60,67
58,80,46,1,65,145,-60,62
58,81,16,0,55,150,-60,62
58,82,22,0,50,150,-55,62
58,83,14,1,50,155,-55,62
58,84,10,0,45,160,-55,62
58,85,2,0,35,160,-50,62
58,86,15,1,35,165,-50,62
58,87,26,0,30,165,-50,67
58,88,4,0,15,170,-50,67
58,89,10,1,35,170,-60,67
58,90,12,1,40,170,-60,67
58,91,3,0,55,170,-65,67
58,92,24,0,50,170,-60,67
58,93,11,1,55,170,-60,67
58,94,2,1,60,170,-70,67
58,95,20,1,60,175,-85,67
58,96,14,0,60,175,-85,72
58,97,5,1,65,175,-95,72
58,98,15,0,85,170,-95,72
58,99,44,1,90,170,-95,72
59,0,39,1,55,50,50,45
59,1,42,1,55,55,50,45
59,2,38,1,60,55,50,45
59,3,6,1,52,55,50,50
59,4,5,1,57,55,40,50
59,5,1,0,67,55,25,50
59,6,10,1,87,55,15,50
59,7,11,1,92,55,15,50
59,8,20,0,87,55,30,50
59,9,28,1,97,55,30,50
59,10,31,1,97,55,40,50
59,11,41,0,87,65,40,50
59,12,32,1,87,55,55,50
59,13,24,1,92,55,55,50
59,14,17,0,72,65,55,50
59,15,33,1,72,70,55,50
59,16,28,0,62,70,65,50
59,17,22,0,57,70,70,50
59,18,9,0,52,70,70,55
59,19,16,0,42,75,70,55
59,20,4,1,52,75,70,50
59,21,40,1,52,65,80,50
59,22,42,0,44,65,80,60
59,23,21,1,44,70,65,60
59,24,13,1,49,75,65,60
59,25,28,1,59,75,65,60
59,26,2,0,49,75,70,60
59,27,5,1,54,75,60,60
59,28,11,1,59,75,60,60
59,29,4,1,69,75,60,55
59,30,23,1,79,75,55,55
59,31,24,1,84,75,55,55
59,32,8,1,74,75,55,60
59,33,40,1,74,65,65,60
59,34,9,1,79,65,65,60
59,35,11,1,84,65,65,60
59,36,22,1,84,70,55,60
59,37,4,0,69,75,55,60
59,38,27,1,69,80,50,60
59,39,1,1,61,80,55,60
59,40,43,0,81,80,45,60
59,41,37,0,69,90,45,60
59,42,4,1,79,90,45,55
59,43,2,0,69,90,50,55
59,44,26,0,64,90,50,60
59,45,13,0,64,90,50,65
59,46,36,1,64,95,50,60
59,47,34,1,79,95,50,60
59,48,5,0,74,95,55,60
59,49,42,0,66,95,55,70
59,50,43,0,86,95,45,70
59,51,36,0,86,90,45,72
59,52,15,0,106,85,45,72
59,53,11,1,111,85,45,72
59,54,2,0,101,85,50,72
59,55,20,1,101,90,35,72
59,56,3,1,94,90,35,77
59,57,24,1,99,90,35,77
59,58,9,1,104,90,35,77
59,59,1,1,96,90,40,77
59,60,13,1,101,95,40,77
59,61,23,0,96,85,40,82
59,62,28,1,106,85,40,82
59,63,15,0,126,80,40,82
59,64,47,1,126,80,40,97
59,65,40,0,126,90,30,97
59,66,23,1,136,90,25,97
59,67,35,0,136,98,10,97
59,68,10,0,131,103,10,97
59,69,15,0,151,98,10,97
59,70,20,1,151,103,-5,97
59,71,48,1,151,108,-5,87
59,72,11,1,156,108,-5,87
59,73,41,1,161,98,-5,87
59,74,26,0,156,98,-5,92
59,75,3,1,149,98,-5,97
59,76,44,0,149,98,5,102
59,77,36,0,149,93,5,104
59,78,4,1,159,93,5,99
59,79,22,0,154,93,10,99
59,80,16,0,144,98,10,99
59,81,2,0,134,98,15,99
59,82,44,0,134,98,25,104
59,83,9,1,139,98,25,104
59,84,43,0,159,98,15,104
59,85,21,0,154,98,30,104
59,86,37,1,164,98,30,104
59,87,4,1,174,98,30,99
59,88,11,0,169,98,30,101
59,89,5,1,174,98,20,101
59,90,12,1,179,98,20,101
59,91,10,0,174,103,20,101
59,92,18,1,184,103,20,101
59,93,2,1,189,103,10,101
59,94,11,0,184,103,10,103
59,95,39,0,177,108,10,103
59,96,12,1,182,108,10,103
59,97,20,1,182,113,-5,103
59,98,5,0,177,113,0,103
59,99,23,0,172,103,0,108
60,0,44,1,55,50,50,50
60,1,36,1,55,55,50,45
60,2,5,0,50,55,55,45
60,3,24,1,55,55,55,45
60,4,40,1,55,45,65,45
60,5,1,0,65,45,50,45
60,6,25,0,65,40,60,45
60,7,22,1,65,45,50,45
60,8,8,0,65,50,40,45
60,9,40,1,65,40,50,45
60,10,24,0,60,40,55,45
60,11,26,0,55,40,55,50
60,12,45,0,55,40,55,55
60,13,44,0,55,40,65,60
60,14,12,1,60,40,65,60
60,15,31,1,60,40,75,60
60,16,9,0,55,40,75,65
60,17,32,0,55,45,60,65
60,18,2,1,60,45,50,65
60,19,25,0,60,40,60,65
60,20,33,1,60,45,60,65
60,21,22,0,55,45,65,65
60,22,13,1,60,50,65,65
60,23,6,0,70,50,60,65
60,24,23,1,80,50,55,65
60,25,25,1,80,55,45,65
60,26,45,1,80,60,45,65
60,27,30,0,80,60,35,75
60,28,4,0,65,65,35,75
60,29,13,1,70,70,35,75
60,30,41,0,60,80,35,75
60,31,3,1,53,80,35,80
60,32,17,0,33,90,35,80
60,33,2,1,38,90,25,80
60,34,4,0,23,95,25,80
60,35,6,1,15,95,25,85
60,36,3,0,30,95,20,85
60,37,37,1,40,95,20,85
60,38,27,1,40,100,15,85
60,39,12,1,45,100,15,85
60,40,23,0,40,90,15,90
60,41,7,0,25,95,15,90
60,42,5,1,30,95,5,90
60,43,43,0,50,95,-5,90
60,44,10,0,45,100,-5,90
60,45,41,1,50,90,-5,90
60,46,13,0,50,90,-5,95
60,47,14,1,50,95,-5,95
60,48,45,1,50,100,-5,95
60,49,12,1,55,100,-5,95
60,50,2,1,60,100,-15,95
60,51,16,0,50,105,-15,95
60,52,13,0,50,105,-15,100
60,53,29,0,40,105,-10,100
60,54,45,1,40,110,-10,100
60,55,46,1,45,110,-10,95
60,56,14,0,45,110,-10,100
60,57,41,0,35,120,-10,100
60,58,20,1,35,125,-25,100
60,59,7,0,20,130,-25,100
60,60,5,1,25,130,-35,100
60,61,28,1,35,130,-35,100
60,62,3,0,50,130,-40,100
60,63,48,1,50,135,-40,90
60,64,46,1,55,135,-40,85
60,65,26,0,50,135,-40,90
60,66,6,0,60,135,-45,90
60,67,10,0,55,140,-45,90
60,68,16,0,45,145,-45,90
60,69,11,1,50,145,-45,90
60,70,26,1,60,145,-50,90
60,71,4,1,70,145,-50,85
60,72,20,1,70,150,-65,85
60,73,23,0,65,140,-65,90
60,74,16,0,55,145,-65,90
60,75,11,0,50,145,-65,92
60,76,45,0,50,145,-65,97
60,77,9,1,55,145,-65,97
60,78,44,0,55,145,-55,102
60,79,3,1,48,145,-55,107
60,80,10,1,68,145,-65,107
60,81,34,1,83,145,-65,107
60,82,45,0,83,145,-65,112
60,83,39,0,76,150,-65,112
60,84,22,0,71,150,-60,112
60,85,10,1,91,150,-70,112
60,86,17,1,76,150,-60,112
60,87,42,1,76,155,-60,112
60,88,11,1,81,155,-60,112
60,89,41,1,86,145,-60,112
60,90,25,0,86,140,-50,112
60,91,23,1,96,140,-55,112
60,92,27,1,96,145,-60,112
60,93,20,0,91,145,-45,112
60,94,4,1,101,145,-45,107
60,95,28,1,111,145,-45,107
60,96,24,1,116,145,-45,107
60,97,14,0,116,145,-45,112
60,98,22,1,116,150,-55,112
60,99,40,0,116,160,-65,112
61,0,30,0,50,50,40,60
61,1,21,1,50,55,25,60
61,2,23,1,60,55,20,60
61,3,31,0,60,60,10,60
61,4,14,1,60,65,10,60
61,5,15,0,80,60,10,60
61,6,5,1,85,60,0,60
61,7,36,1,85,65,0,55
61,8,25,1,85,70,-10,55
61,9,9,0,80,70,-10,60
61,10,4,0,65,75,-10,60
61,11,20,1,65,80,-25,60
61,12,28,0,55,80,-15,60
61,13,10,0,50,85,-15,60
61,14,16,0,40,90,-15,60
61,15,6,0,50,90,-20,60
61,16,3,1,43,90,-20,65
61,17,12,1,48,90,-20,65
61,18,7,1,53,90,-20,60
61,19,44,0,53,90,-10,65
61,20,21,1,53,95,-25,65
61,21,3,1,46,95,-25,70
61,22,10,1,66,95,-35,70
61,23,5,0,61,95,-30,70
61,24,32,1,61,85,-15,70
61,25,25,0,61,80,-5,70
61,26,2,0,51,80,0,70
61,27,9,1,56,80,0,70
61,28,20,0,51,80,15,70
61,29,41,1,56,70,15,70
61,30,4,1,66,70,15,65
61,31,8,1,56,70,15,70
61,32,23,1,66,70,10,70
61,33,26,1,76,70,5,70
61,34,13,1,81,75,5,70
61,35,27,1,81,80,0,70
61,36,33,0,111,80,0,70
61,37,25,1,111,85,-10,70
61,38,3,0,126,85,-15,70
61,39,23,0,121,75,-15,75
61,40,38,0,116,80,-15,75
61,41,28,1,126,80,-15,75
61,42,13,0,126,80,-15,80
61,43,5,1,131,80,-25,80
61,44,26,0,126,80,-25,85
61,45,24,0,121,80,-20,85
61,46,11,0,116,80,-20,87
61,47,14,1,116,85,-20,87
61,48,16,1,116,85,-30,87
61,49,15,0,136,80,-30,87
61,50,13,1,141,85,-30,87
61,51,4,0,126,90,-30,87
61,52,22,0,121,90,-25,87
61,53,41,1,126,80,-25,87
61,54,27,1,126,85,-30,87
61,55,37,0,114,95,-30,87
61,56,38,1,119,95,-30,87
61,57,44,0,119,95,-20,92
61,58,7,1,124,95,-20,87
61,59,22,1,124,100,-30,87
61,60,12,1,129,100,-30,87
61,61,2,0,119,100,-25,87
61,62,34,0,119,85,-10,87
61,63,38,1,124,85,-10,87
61,64,4,1,134,85,-10,82
61,65,9,1,139,85,-10,82
61,66,1,1,131,85,-5,82
61,67,41,0,121,95,-5,82
61,68,13,1,126,100,-5,82
61,69,28,0,116,100,5,82
61,70,21,1,116,105,-10,82
61,71,18,0,91,105,-10,92
61,72,5,1,96,105,-20,92
61,73,46,1,101,105,-20,87
61,74,23,1,111,105,-25,87
61,75,12,0,106,115,-25,87
61,76,21,0,101,115,-10,87
61,77,15,1,101,120,-10,87
61,78,38,0,96,125,-10,87
61,79,42,0,88,125,-10,97
61,80,4,1,98,125,-10,92
61,81,26,0,93,125,-10,97
61,82,21,0,88,125,5,97
61,83,20,1,88,130,-10,97
61,84,5,0,83,130,-5,97
61,85,24,1,88,130,-5,97
61,86,14,0,88,130,-5,102
61,87,15,0,108,125,-5,102
61,88,28,1,118,125,-5,102
61,89,1,0,128,125,-20,102
61,90,8,1,118,125,-20,107
61,91,44,0,118,125,-10,112
61,92,40,1,118,115,0,112
61,93,28,0,108,115,10,112
61,94,6,1,100,115,10,117
61,95,25,0,100,110,20,117
61,96,15,0,120,105,20,117
61,97,20,1,120,110,5,117
61,98,1,0,130,110,-10,117
61,99,27,1,130,115,-15,117
62,0,13,1,55,55,50,50
62,1,27,1,55,60,45,50
62,2,42,0,47,60,45,60
62,3,9,0,42,60,45,65
62,4,31,0,42,65,35,65
62,5,23,0,37,55,35,70
62,6,37,1,47,55,35,70
62,7,2,1,52,55,25,70
62,8,40,0,52,65,15,70
62,9,15,1,52,70,15,70
62,10,46,1,57,70,15,65
62,11,17,1,42,70,25,65
62,12,7,1,47,70,25,60
62,13,45,0,47,70,25,65
62,14,32,0,47,75,10,65
62,15,5,0,42,75,15,65
62,16,39,0,35,80,15,65
62,17,4,0,20,85,15,65
62,18,44,1,25,85,15,65
62,19,16,0,15,90,15,65
62,20,47,0,40,90,15,65
62,21,18,0,15,90,15,75
62,22,13,0,15,90,15,80
62,23,4,1,25,90,15,75
62,24,26,1,35,90,10,75
62,25,3,1,28,90,10,80
62,26,24,1,33,90,10,80
62,27,33,0,63,90,10,80
62,28,12,0,58,100,10,80
62,29,11,1,63,100,10,80
62,30,22,0,58,100,15,80
62,31,34,0,58,85,30,80
62,32,41,0,48,95,30,80
62,33,9,1,53,95,30,80
62,34,17,1,38,95,40,80
62,35,14,0,38,95,40,85
62,36,26,0,33,95,40,90
62,37,18,1,43,95,40,90
62,38,48,1,43,100,40,80
62,39,37,0,31,110,40,80
62,40,23,0,26,100,40,85
62,41,12,0,21,110,40,85
62,42,44,1,26,110,40,85
62,43,17,1,11,110,50,85
62,44,27,1,11,115,45,85
62,45,9,0,6,115,45,90
62,46,13,1,11,120,45,90
62,47,41,1,16,110,45,90
62,48,1,1,8,110,50,90
62,49,14,1,8,115,50,90
62,50,23,1,18,115,45,90
62,51,15,0,38,110,45,90
62,52,35,1,38,100,55,90
62,53,13,1,43,105,55,90
62,54,16,0,33,110,55,90
62,55,23,0,28,100,55,95
62,56,10,1,48,100,45,95
62,57,25,0,48,95,55,95
62,58,5,1,53,95,45,95
62,59,3,1,46,95,45,100
62,60,1,0,56,95,30,100
62,61,28,0,46,95,40,100
62,62,11,1,51,95,40,100
62,63,9,1,56,95,40,100
62,64,22,1,56,100,30,100
62,65,14,0,56,100,30,105
62,66,4,0,41,105,30,105
62,67,13,1,46,110,30,105
62,68,25,1,46,115,20,105
62,69,2,1,51,115,10,105
62,70,27,1,51,120,5,105
62,71,40,1,51,110,15,105
62,72,3,0,66,110,10,105
62,73,11,1,71,110,10,105
62,74,46,1,76,110,10,100
62,75,4,1,86,110,10,95
62,76,9,1,91,110,10,95
62,77,14,1,91,115,10,95
62,78,2,1,96,115,0,95
62,79,10,0,91,120,0,95
62,80,40,0,91,130,-10,95
62,81,21,1,91,135,-25,95
62,82,1,1,83,135,-20,95
62,83,26,1,93,135,-25,95
62,84,22,0,88,135,-20,95
62,85,23,1,98,135,-25,95
62,86,3,0,113,135,-30,95
62,87,9,0,108,135,-30,100
62,88,14,0,108,135,-30,105
62,89,45,0,108,135,-30,110
62,90,10,0,103,140,-30,110
62,91,1,1,95,140,-25,110
62,92,15,0,115,135,-25,110
62,93,4,0,100,140,-25,110
62,94,16,1,100,140,-35,110
62,95,11,0,95,140,-35,112
62,96,13,0,95,140,-35,117
62,97,12,0,90,150,-35,117
62,98,5,0,85,150,-30,117
62,99,42,1,85,155,-30,117
63,0,4,0,35,55,50,50
63,1,18,1,45,55,50,50
63,2,31,1,45,55,60,50
63,3,1,1,37,55,65,50
63,4,26,0,32,55,65,55
63,5,22,0,27,55,70,55
63,6,10,1,47,55,60,55
63,7,37,1,57,55,60,55
63,8,7,0,42,60,60,55
63,9,20,1,42,65,45,55
63,10,43,1,42,65,50,40
63,11,3,0,57,65,45,40
63,12,11,1,62,65,45,40
63,13,41,0,52,75,45,40
63,14,18,0,27,75,45,50
63,15,10,1,47,75,35,50
63,16,15,0,67,70,35,50
63,17,2,0,57,70,40,50
63,18,19,1,72,70,40,50
63,19,23,1,82,70,35,50
63,20,43,0,102,70,25,50
63,21,14,0,102,70,25,55
63,22,27,1,102,75,20,55
63,23,1,0,112,75,5,55
63,24,26,0,107,75,5,60
63,25,11,0,102,75,5,62
63,26,6,1,94,75,5,67
63,27,13,1,99,80,5,67
63,28,9,1,104,80,5,67
63,29,45,0,104,80,5,72
63,30,42,0,96,80,5,82
63,31,22,1,96,85,-5,82
63,32,19,0,76,85,5,92
63,33,16,1,76,85,-5,92
63,34,15,1,76,90,-5,92
63,35,11,0,71,90,-5,94
63,36,41,0,61,100,-5,94
63,37,20,1,61,105,-20,94
63,38,13,1,66,110,-20,94
63,39,23,1,76,110,-25,94
63,40,15,0,96,105,-25,94
63,41,43,0,116,105,-35,94
63,42,20,1,116,110,-50,94
63,43,11,1,121,110,-50,94
63,44,41,0,111,120,-50,94
63,45,8,1,101,120,-50,99
63,46,2,1,106,120,-60,99
63,47,15,0,126,115,-60,99
63,48,39,0,119,120,-60,99
63,49,5,0,114,120,-55,99
63,50,17,0,94,130,-55,99
63,51,12,0,89,140,-55,99
63,52,7,1,94,140,-55,94
63,53,40,0,94,150,-65,94
63,54,3,0,109,150,-70,94
63,55,43,1,109,150,-65,79
63,56,25,0,109,145,-55,79
63,57,32,1,109,135,-40,79
63,58,8,0,109,140,-50,79
63,59,47,0,134,140,-50,79
63,60,41,0,124,150,-50,79
63,61,25,0,124,145,-40,79
63,62,40,0,124,155,-50,79
63,63,12,0,119,165,-50,79
63,64,11,0,114,165,-50,81
63,65,36,0,114,160,-50,83
63,66,14,1,114,165,-50,83
63,67,3,1,107,165,-50,88
63,68,10,0,102,170,-50,88
63,69,23,1,112,170,-55,88
63,70,25,1,112,175,-65,88
63,71,33,0,142,175,-65,88
63,72,1,0,152,175,-80,88
63,73,28,0,142,175,-70,88
63,74,13,0,142,175,-70,93
63,75,20,1,142,180,-85,93
63,76,29,1,142,195,-105,93
63,77,45,1,142,200,-105,93
63,78,7,0,127,205,-105,93
63,79,11,1,132,205,-105,93
63,80,3,1,125,205,-105,98
63,81,25,0,125,200,-95,98
63,82,23,1,135,200,-100,98
63,83,47,0,160,200,-100,98
63,84,2,0,150,200,-95,98
63,85,1,0,160,200,-110,98
63,86,5,0,155,200,-105,98
63,87,6,0,165,200,-110,98
63,88,26,0,160,200,-110,103
63,89,37,1,170,200,-110,103
63,90,41,0,160,210,-110,103
63,91,39,0,153,215,-110,103
63,92,47,0,178,215,-110,103
63,93,15,1,178,220,-110,103
63,94,20,0,173,220,-95,103
63,95,12,0,168,230,-95,103
63,96,10,1,188,230,-105,103
63,97,34,0,188,215,-90,103
63,98,4,1,198,215,-90,98
63,99,11,1,203,215,-90,98
64,0,26,1,60,50,45,50
64,1,38,1,65,50,45,50
64,2,23,1,75,50,40,50
64,3,37,0,63,60,40,50
64,4,8,0,63,65,30,50
64,5,22,1,63,70,20,50
64,6,38,0,58,75,20,50
64,7,18,0,33,75,20,60
64,8,14,0,33,75,20,65
64,9,40,1,33,65,30,65
64,10,26,1,43,65,25,65
64,11,6,0,53,65,20,65
64,12,4,1,63,65,20,60
64,13,46,1,68,65,20,55
64,14,44,1,73,65,20,55
64,15,40,0,73,75,10,55
64,16,14,0,73,75,10,60
64,17,23,0,68,65,10,65
64,18,2,0,58,65,15,65
64,19,22,0,53,65,20,65
64,20,28,0,43,65,30,65
64,21,42,0,35,65,30,75
64,22,36,0,35,60,30,77
64,23,16,0,25,65,30,77
64,24,10,0,20,70,30,77
64,25,9,1,25,70,30,77
64,26,23,0,20,60,30,82
64,27,26,1,30,60,25,82
64,28,4,1,40,60,25,77
64,29,10,0,35,65,25,77
64,30,47,1,35,65,25,92
64,31,9,0,30,65,25,97
64,32,26,1,40,65,20,97
64,33,15,1,40,70,20,97
64,34,22,1,40,75,10,97
64,35,20,1,40,80,-5,97
64,36,11,1,45,80,-5,97
64,37,31,0,45,85,-15,97
64,38,26,1,55,85,-20,97
64,39,21,0,50,85,-5,97
64,40,47,1,50,85,-5,112
64,41,38,1,55,85,-5,112
64,42,39,1,60,85,-5,107
64,43,32,1,60,75,10,107
64,44,9,0,55,75,10,112
64,45,11,0,50,75,10,114
64,46,42,0,42,75,10,124
64,47,2,1,47,75,0,124
64,48,14,0,47,75,0,129
64,49,3,0,62,75,-5,129
64,50,4,0,47,80,-5,129
64,51,15,1,47,85,-5,129
64,52,2,0,37,85,0,129
64,53,6,1,29,85,0,134
64,54,24,1,34,85,0,134
64,55,26,0,29,85,0,139
64,56,33,1,29,90,0,139
64,57,23,1,39,90,-5,139
64,58,14,0,39,90,-5,144
64,59,12,1,44,90,-5,144
64,60,7,1,49,90,-5,139
64,61,36,0,49,85,-5,141
64,62,26,0,44,85,-5,146
64,63,34,1,59,85,-5,146
64,64,25,1,59,90,-15,146
64,65,8,1,49,90,-15,151
64,66,19,0,29,90,-5,161
64,67,22,1,29,95,-15,161
64,68,4,1,39,95,-15,156
64,69,13,1,44,100,-15,156
64,70,2,0,34,100,-10,156
64,71,12,1,39,100,-10,156
64,72,3,1,32,100,-10,161
64,73,9,0,27,100,-10,166
64,74,47,0,52,100,-10,166
64,75,25,1,52,105,-20,166
64,76,22,1,52,110,-30,166
64,77,23,0,47,100,-30,171
64,78,16,1,47,100,-40,171
64,79,13,0,47,100,-40,176
64,80,4,0,32,105,-40,176
64,81,41,1,37,95,-40,176
64,82,36,0,37,90,-40,178
64,83,26,1,47,90,-45,178
64,84,14,1,47,95,-45,178
64,85,9,1,52,95,-45,178
64,86,13,1,57,100,-45,178
64,87,12,1,62,100,-45,178
64,88,45,0,62,100,-45,183
64,89,8,1,52,100,-45,188
64,90,42,0,44,100,-45,198
64,91,1,0,54,100,-60,198
64,92,16,1,54,100,-70,198
64,93,26,1,64,100,-75,198
64,94,11,1,69,100,-75,198
64,95,2,1,74,100,-85,198
64,96,45,0,74,100,-85,203
64,97,38,0,69,105,-85,203
64,98,1,0,79,105,-100,203
64,99,36,1,79,110,-100,198
65,0,15,0,70,45,50,50
65,1,2,1,75,45,40,50
65,2,44,0,75,45,50,55
65,3,10,0,70,50,50,55
65,4,3,0,85,50,45,55
65,5,48,1,85,55,45,45
65,6,8,1,75,55,45,50
65,7,39,0,68,60,45,50
65,8,6,1,60,60,45,55
65,9,15,0,80,55,45,55
65,10,13,0,80,55,45,60
65,11,2,0,70,55,50,60
65,12,31,1,70,55,60,60
65,13,19,0,50,55,70,70
65,14,3,0,65,55,65,70
65,15,4,1,75,55,65,65
65,16,40,1,75,45,75,65
65,17,26,0,70,45,75,70
65,18,42,0,62,45,75,80
65,19,20,0,57,45,90,80
65,20,18,0,32,45,90,90
65,21,9,1,37,45,90,90
65,22,11,0,32,45,90,92
65,23,41,1,37,35,90,92
65,24,1,0,47,35,75,92
65,25,6,1,39,35,75,97
65,26,2,0,29,35,80,97
65,27,4,0,14,40,80,97
65,28,16,1,14,40,70,97
65,29,13,0,14,40,70,102
65,30,32,1,14,30,85,102
65,31,2,1,19,30,75,102
65,32,47,0,44,30,75,102
65,33,16,0,34,35,75,102
65,34,26,0,29,35,75,107
65,35,27,1,29,40,70,107
65,36,20,1,29,45,55,107
65,37,23,1,39,45,50,107
65,38,5,0,34,45,55,107
65,39,2,1,39,45,45,107
65,40,22,0,34,45,50,107
65,41,13,1,39,50,50,107
65,42,45,0,39,50,50,112
65,43,10,0,34,55,50,112
65,44,17,0,14,65,50,112
65,45,3,1,7,65,50,117
65,46,2,0,-3,65,55,117
65,47,14,1,-3,70,55,117
65,48,6,1,-11,70,55,122
65,49,1,1,-19,70,60,122
65,50,22,1,-19,75,50,122
65,51,8,0,-19,80,40,122
65,52,37,0,-31,90,40,122
65,53,13,0,-31,90,40,127
65,54,12,0,-36,100,40,127
65,55,16,0,-46,105,40,127
65,56,9,1,-41,105,40,127
65,57,26,0,-46,105,40,132
65,58,11,0,-51,105,40,134
65,59,21,1,-51,110,25,134
65,60,41,1,-46,100,25,134
65,61,16,0,-56,105,25,134
65,62,2,0,-66,105,30,134
65,63,15,1,-66,110,30,134
65,64,1,0,-56,110,15,134
65,65,4,0,-71,115,15,134
65,66,41,1,-66,105,15,134
65,67,29,0,-76,105,20,134
65,68,13,0,-76,105,20,139
65,69,9,1,-71,105,20,139
65,70,22,1,-71,110,10,139
65,71,41,0,-81,120,10,139
65,72,33,1,-81,125,10,139
65,73,3,0,-66,125,5,139
65,74,12,1,-61,125,5,139
65,75,2,0,-71,125,10,139
65,76,45,0,-71,125,10,144
65,77,41,1,-66,115,10,144
65,78,26,1,-56,115,5,144
65,79,25,1,-56,120,-5,144
65,80,20,0,-61,120,10,144
65,81,22,1,-61,125,0,144
65,82,15,0,-41,120,0,144
65,83,38,1,-36,120,0,144
65,84,42,0,-44,120,0,154
65,85,2,0,-54,120,5,154
65,86,39,0,-61,125,5,154
65,87,25,0,-61,120,15,154
65,88,41,0,-71,130,15,154
65,89,26,1,-61,130,10,154
65,90,36,0,-61,125,10,156
65,91,10,1,-41,125,0,156
65,92,16,0,-51,130,0,156
65,93,5,1,-46,130,-10,156
65,94,17,1,-61,130,0,156
65,95,34,1,-46,130,0,156
65,96,4,1,-36,130,0,151
65,97,12,0,-41,140,0,151
65,98,6,0,-31,140,-5,151
65,99,8,1,-41,140,-5,156
66,0,41,1,55,40,50,50
66,1,25,0,55,35,60,50
66,2,2,0,45,35,65,50
66,3,5,0,40,35,70,50
66,4,4,0,25,40,70,50
66,5,12,0,20,50,70,50
66,6,38,1,25,50,70,50
66,7,15,1,25,55,70,50
66,8,1,0,35,55,55,50
66,9,28,0,25,55,65,50
66,10,23,1,35,55,60,50
66,11,10,1,55,55,50,50
66,12,31,0,55,60,40,50
66,13,44,0,55,60,50,55
66,14,5,1,60,60,40,55
66,15,45,0,60,60,40,60
66,16,14,0,60,60,40,65
66,17,15,0,80,55,40,65
66,18,10,0,75,60,40,65
66,19,20,0,70,60,55,65
66,20,22,1,70,65,45,65
66,21,36,1,70,70,45,60
66,22,37,1,80,70,45,60
66,23,41,0,70,80,45,60
66,24,40,0,70,90,35,60
66,25,44,1,75,90,35,60
66,26,30,1,75,90,45,60
66,27,16,1,75,90,35,60
66,28,2,0,65,90,40,60
66,29,20,1,65,95,25,60
66,30,3,1,58,95,25,65
66,31,11,1,63,95,25,65
66,32,46,0,56,95,25,70
66,33,40,1,56,85,35,70
66,34,41,1,61,75,35,70
66,35,28,0,51,75,45,70
66,36,3,0,66,75,40,70
66,37,16,1,66,75,30,70
66,38,5,1,71,75,20,70
66,39,47,0,96,75,20,70
66,40,20,1,96,80,5,70
66,41,42,0,88,80,5,80
66,42,4,1,98,80,5,75
66,43,23,0,93,70,5,80
66,44,11,1,98,70,5,80
66,45,14,1,98,75,5,80
66,46,16,1,98,75,-5,80
66,47,13,0,98,75,-5,85
66,48,41,1,103,65,-5,85
66,49,4,0,88,70,-5,85
66,50,32,1,88,60,10,85
66,51,40,1,88,50,20,85
66,52,42,1,88,55,20,85
66,53,1,1,80,55,25,85
66,54,3,1,73,55,25,90
66,55,26,1,83,55,20,90
66,56,5,0,78,55,25,90
66,57,11,0,73,55,25,92
66,58,13,0,73,55,25,97
66,59,18,1,83,55,25,97
66,60,7,0,68,60,25,97
66,61,33,0,98,60,25,97
66,62,20,1,98,65,10,97
66,63,22,1,98,70,0,97
66,64,30,0,98,70,-10,107
66,65,3,1,91,70,-10,112
66,66,26,0,86,70,-10,117
66,67,39,0,79,75,-10,117
66,68,38,0,74,80,-10,117
66,69,25,0,74,75,0,117
66,70,14,0,74,75,0,122
66,71,26,0,69,75,0,127
66,72,6,1,61,75,0,132
66,73,37,1,71,75,0,132
66,74,25,1,71,80,-10,132
66,75,5,1,76,80,-20,132
66,76,12,1,81,80,-20,132
66,77,10,0,76,85,-20,132
66,78,24,0,71,85,-15,132
66,79,9,1,76,85,-15,132
66,80,23,1,86,85,-20,132
66,81,6,1,78,85,-20,137
66,82,14,1,78,90,-20,137
66,83,43,1,78,90,-15,122
66,84,28,1,88,90,-15,122
66,85,34,1,103,90,-15,122
66,86,35,1,103,80,-5,122
66,87,38,1,108,80,-5,122
66,88,10,0,103,85,-5,122
66,89,15,0,123,80,-5,122
66,90,21,1,123,85,-20,122
66,91,2,0,113,85,-15,122
66,92,18,0,88,85,-15,132
66,93,12,1,93,85,-15,132
66,94,25,0,93,80,-5,132
66,95,10,0,88,85,-5,132
66,96,9,1,93,85,-5,132
66,97,13,0,93,85,-5,137
66,98,15,0,113,80,-5,137
66,99,4,0,98,85,-5,137
67,0,36,0,50,45,50,52
67,1,13,1,55,50,50,52
67,2,10,1,75,50,40,52
67,3,12,1,80,50,40,52
67,4,7,1,85,50,40,47
67,5,41,0,75,60,40,47
67,6,23,1,85,60,35,47
67,7,5,1,90,60,25,47
67,8,25,1,90,65,15,47
67,9,40,0,90,75,5,47
67,10,10,0,85,80,5,47
67,11,4,1,95,80,5,42
67,12,42,1,95,85,5,42
67,13,45,0,95,85,5,47
67,14,16,0,85,90,5,47
67,15,36,0,85,85,5,49
67,16,20,0,80,85,20,49
67,17,31,1,80,85,30,49
67,18,44,0,80,85,40,54
67,19,32,0,80,90,25,54
67,20,2,1,85,90,15,54
67,21,4,1,95,90,15,49
67,22,18,0,70,90,15,59
67,23,42,1,70,95,15,59
67,24,8,0,70,100,5,59
67,25,13,1,75,105,5,59
67,26,30,0,75,105,-5,69
67,27,39,1,80,105,-5,64
67,28,22,1,80,110,-15,64
67,29,44,0,80,110,-5,69
67,30,24,1,85,110,-5,69
67,31,45,1,85,115,-5,69
67,32,11,0,80,115,-5,71
67,33,28,1,90,115,-5,71
67,34,16,1,90,115,-15,71
67,35,3,0,105,115,-20,71
67,36,9,0,100,115,-20,76
67,37,38,1,105,115,-20,76
67,38,33,0,135,115,-20,76
67,39,45,1,135,120,-20,76
67,40,41,1,140,110,-20,76
67,41,26,0,135,110,-20,81
67,42,13,0,135,110,-20,86
67,43,29,1,135,125,-40,86
67,44,10,1,155,125,-50,86
67,45,16,1,155,125,-60,86
67,46,3,0,170,125,-65,86
67,47,24,0,165,125,-60,86
67,48,41,0,155,135,-60,86
67,49,7,1,160,135,-60,81
67,50,38,1,165,135,-60,81
67,51,16,0,155,140,-60,81
67,52,12,1,160,140,-60,81
67,53,2,0,150,140,-55,81
67,54,36,1,150,145,-55,76
67,55,46,1,155,145,-55,71
67,56,47,1,155,145,-55,86
67,57,15,0,175,140,-55,86
67,58,25,1,175,145,-65,86
67,59,12,0,170,155,-65,86
67,60,27,0,180,140,-65,86
67,61,44,1,185,140,-65,86
67,62,15,1,185,145,-65,86
67,63,11,1,190,145,-65,86
67,64,20,0,185,145,-50,86
67,65,16,0,175,150,-50,86
67,66,24,0,170,150,-45,86
67,67,25,1,170,155,-55,86
67,68,9,1,175,155,-55,86
67,69,11,1,180,155,-55,86
67,70,44,1,185,155,-55,86
67,71,5,0,180,155,-50,86
67,72,34,1,195,155,-50,86
67,73,12,0,190,165,-50,86
67,74,7,1,195,165,-50,81
67,75,14,0,195,165,-50,86
67,76,22,0,190,165,-45,86
67,77,20,0,185,165,-30,86
67,78,40,1,185,155,-20,86
67,79,19,1,200,155,-20,86
67,80,10,1,220,155,-30,86
67,81,35,0,220,163,-45,86
67,82,3,1,213,163,-45,91
67,83,39,0,206,168,-45,91
67,84,16,0,196,173,-45,91
67,85,9,1,201,173,-45,91
67,86,27,1,201,178,-50,91
67,87,41,1,206,168,-50,91
67,88,14,1,206,173,-50,91
67,89,3,0,221,173,-55,91
67,90,12,1,226,173,-55,91
67,91,48,1,226,178,-55,81
67,92,10,1,246,178,-65,81
67,93,22,1,246,183,-75,81
67,94,1,0,256,183,-90,81
67,95,2,1,261,183,-100,81
67,96,23,0,256,173,-100,86
67,97,12,1,261,173,-100,86
67,98,36,0,261,168,-100,88
67,99,14,0,261,168,-100,93
68,0,8,1,40,50,50,55
68,1,2,0,30,50,55,55
68,2,16,0,20,55,55,55
68,3,26,1,30,55,50,55
68,4,5,1,35,55,40,55
68,5,31,0,35,60,30,55
68,6,2,1,40,60,20,55
68,7,37,1,50,60,20,55
68,8,40,1,50,50,30,55
68,9,4,1,60,50,30,50
68,10,5,0,55,50,35,50
68,11,10,1,75,50,25,50
68,12,20,0,70,50,40,50
68,13,26,1,80,50,35,50
68,14,38,0,75,55,35,50
68,15,16,0,65,60,35,50
68,16,13,0,65,60,35,55
68,17,48,0,55,60,35,60
68,18,40,1,55,50,45,60
68,19,6,1,47,50,45,65
68,20,4,0,32,55,45,65
68,21,37,0,20,65,45,65
68,22,43,0,40,65,35,65
68,23,17,0,20,75,35,65
68,24,48,0,10,75,35,70
68,25,20,0,5,75,50,70
68,26,10,1,25,75,40,70
68,27,16,1,25,75,30,70
68,28,26,0,20,75,30,75
68,29,29,0,10,75,35,75
68,30,4,0,-5,80,35,75
68,31,2,0,-15,80,40,75
68,32,10,0,-20,85,40,75
68,33,16,0,-30,90,40,75
68,34,42,1,-30,95,40,75
68,35,45,0,-30,95,40,80
68,36,1,0,-20,95,25,80
68,37,27,0,-10,80,25,80
68,38,24,0,-15,80,30,80
68,39,10,1,5,80,20,80
68,40,8,1,-5,80,20,85
68,41,9,0,-10,80,20,90
68,42,40,0,-10,90,10,90
68,43,2,0,-20,90,15,90
68,44,3,0,-5,90,10,90
68,45,5,1,0,90,0,90
68,46,9,0,-5,90,0,95
68,47,1,0,5,90,-15,95
68,48,14,0,5,90,-15,100
68,49,20,0,0,90,0,100
68,50,2,0,-10,90,5,100
68,51,4,0,-25,95,5,100
68,52,42,0,-33,95,5,110
68,53,12,0,-38,105,5,110
68,54,3,0,-23,105,0,110
68,55,36,1,-23,110,0,105
68,56,24,1,-18,110,0,105
68,57,14,0,-18,110,0,110
68,58,16,0,-28,115,0,110
68,59,3,0,-13,115,-5,110
68,60,13,0,-13,115,-5,115
68,61,6,0,-3,115,-10,115
68,62,36,1,-3,120,-10,110
68,63,43,0,17,120,-20,110
68,64,29,0,7,120,-15,110
68,65,25,0,7,115,-5,110
68,66,15,0,27,110,-5,110
68,67,47,0,52,110,-5,110
68,68,23,1,62,110,-10,110
68,69,10,1,82,110,-20,110
68,70,7,1,87,110,-20,105
68,71,1,0,97,110,-35,105
68,72,17,1,82,110,-25,105
68,73,22,0,77,110,-20,105
68,74,2,0,67,110,-15,105
68,75,25,0,67,105,-5,105
68,76,14,1,67,110,-5,105
68,77,16,1,67,110,-15,105
68,78,42,1,67,115,-15,105
68,79,11,1,72,115,-15,105
68,80,5,1,77,115,-25,105
68,81,2,1,82,115,-35,105
68,82,15,1,82,120,-35,105
68,83,25,1,82,125,-45,105
68,84,44,1,87,125,-45,105
68,85,8,0,87,130,-55,105
68,86,12,0,82,140,-55,105
68,87,38,1,87,140,-55,105
68,88,4,0,72,145,-55,105
68,89,16,1,72,145,-65,105
68,90,39,0,65,150,-65,105
68,91,8,0,65,155,-75,105
68,92,40,1,65,145,-65,105
68,93,43,0,85,145,-75,105
68,94,15,1,85,150,-75,105
68,95,28,1,95,150,-75,105
68,96,16,1,95,150,-85,105
68,97,9,1,100,150,-85,105
68,98,25,1,100,155,-95,105
68,99,37,0,88,165,-95,105
69,0,30,1,50,50,60,50
69,1,43,0,70,50,50,50
69,2,45,0,70,50,50,55
69,3,13,0,70,50,50,60
69,4,4,1,80,50,50,55
69,5,28,0,70,50,60,55
69,6,40,1,70,40,70,55
69,7,14,1,70,45,70,55
69,8,12,1,75,45,70,55
69,9,46,0,68,45,70,60
69,10,24,0,63,45,75,60
69,11,38,0,58,50,75,60
69,12,1,1,50,50,80,60
69,13,27,1,50,55,75,60
69,14,12,1,55,55,75,60
69,15,16,0,45,60,75,60
69,16,39,0,38,65,75,60
69,17,31,0,38,70,65,60
69,18,13,0,38,70,65,65
69,19,2,0,28,70,70,65
69,20,23,0,23,60,70,70
69,21,41,0,13,70,70,70
69,22,3,0,28,70,65,70
69,23,13,0,28,70,65,75
69,24,9,0,23,70,65,80
69,25,21,0,18,70,80,80
69,26,12,1,23,70,80,80
69,27,23,1,33,70,75,80
69,28,14,1,33,75,75,80
69,29,45,1,33,80,75,80
69,30,43,1,33,80,80,65
69,31,1,0,43,80,65,65
69,32,48,1,43,85,65,55
69,33,44,0,43,85,75,60
69,34,2,0,33,85,80,60
69,35,26,1,43,85,75,60
69,36,13,0,43,85,75,65
69,37,3,0,58,85,70,65
69,38,16,0,48,90,70,65
69,39,45,1,48,95,70,65
69,40,37,0,36,105,70,65
69,41,25,1,36,110,60,65
69,42,23,1,46,110,55,65
69,43,10,0,41,115,55,65
69,44,17,0,21,125,55,65
69,45,18,1,31,125,55,65
69,46,13,0,31,125,55,70
69,47,5,1,36,125,45,70
69,48,25,0,36,120,55,70
69,49,27,1,36,125,50,70
69,50,46,1,41,125,50,65
69,51,22,0,36,125,55,65
69,52,8,1,26,125,55,70
69,53,44,0,26,125,65,75
69,54,14,1,26,130,65,75
69,55,26,0,21,130,65,80
69,56,22,0,16,130,70,80
69,57,30,0,16,130,60,90
69,58,32,1,16,120,75,90
69,59,9,1,21,120,75,90
69,60,15,0,41,115,75,90
69,61,45,1,41,120,75,90
69,62,20,1,41,125,60,90
69,63,5,1,46,125,50,90
69,64,22,1,46,130,40,90
69,65,33,1,46,135,40,90
69,66,34,0,46,120,55,90
69,67,9,1,51,120,55,90
69,68,47,0,76,120,55,90
69,69,39,1,81,120,55,85
69,70,14,0,81,120,55,90
69,71,27,1,81,125,50,90
69,72,2,0,71,125,55,90
69,73,9,0,66,125,55,95
69,74,35,1,66,115,65,95
69,75,11,1,71,115,65,95
69,76,20,0,66,115,80,95
69,77,46,0,59,115,80,100
69,78,27,0,69,100,80,100
69,79,2,1,74,100,70,100
69,80,4,1,84,100,70,95
69,81,30,1,84,100,80,95
69,82,3,0,99,100,75,95
69,83,44,0,99,100,85,100
69,84,11,0,94,100,85,102
69,85,26,0,89,100,85,107
69,86,38,0,84,105,85,107
69,87,14,1,84,110,85,107
69,88,5,0,79,110,90,107
69,89,12,0,74,120,90,107
69,90,1,1,66,120,95,107
69,91,16,1,66,120,85,107
69,92,4,0,51,125,85,107
69,93,3,0,66,125,80,107
69,94,26,1,76,125,75,107
69,95,17,0,56,135,75,107
69,96,9,0,51,135,75,112
69,97,18,0,26,135,75,122
69,98,22,0,21,135,80,122
69,99,38,0,16,140,80,122
70,0,5,1,55,50,40,50
70,1,2,1,60,50,30,50
70,2,28,1,70,50,30,50
70,3,12,1,75,50,30,50
70,4,6,0,85,50,25,50
70,5,18,1,95,50,25,50
70,6,4,0,80,55,25,50
70,7,41,0,70,65,25,50
70,8,11,1,75,65,25,50
70,9,3,1,68,65,25,55
70,10,31,1,68,65,35,55
70,11,23,0,63,55,35,60
70,12,1,0,73,55,20,60
70,13,11,0,68,55,20,62
70,14,25,0,68,50,30,62
70,15,22,1,68,55,20,62
70,16,6,1,60,55,20,67
70,17,39,0,53,60,20,67
70,18,1,0,63,60,5,67
70,19,21,1,63,65,-10,67
70,20,42,1,63,70,-10,67
70,21,22,0,58,70,-5,67
70,22,14,0,58,70,-5,72
70,23,47,1,58,70,-5,87
70,24,28,0,48,70,5,87
70,25,48,0,38,70,5,92
70,26,2,0,28,70,10,92
70,27,16,1,28,70,0,92
70,28,3,0,43,70,-5,92
70,29,13,1,48,75,-5,92
70,30,11,1,53,75,-5,92
70,31,48,0,43,75,-5,97
70,32,40,0,43,85,-15,97
70,33,26,1,53,85,-20,97
70,34,39,0,46,90,-20,97
70,35,14,0,46,90,-20,102
70,36,3,0,61,90,-25,102
70,37,22,1,61,95,-35,102
70,38,15,1,61,100,-35,102
70,39,5,1,66,100,-45,102
70,40,47,1,66,100,-45,117
70,41,6,1,58,100,-45,122
70,42,8,0,58,105,-55,122
70,43,16,1,58,105,-65,122
70,44,26,0,53,105,-65,127
70,45,5,0,48,105,-60,127
70,46,47,1,48,105,-60,142
70,47,12,0,43,115,-60,142
70,48,41,0,33,125,-60,142
70,49,13,0,33,125,-60,147
70,50,48,0,23,125,-60,152
70,51,3,1,16,125,-60,157
70,52,10,1,36,125,-70,157
70,53,26,1,46,125,-75,157
70,54,27,0,56,110,-75,157
70,55,13,1,61,115,-75,157
70,56,5,0,56,115,-70,157
70,57,43,1,56,115,-65,142
70,58,42,1,56,120,-65,142
70,59,9,1,61,120,-65,142
70,60,37,1,71,120,-65,142
70,61,13,1,76,125,-65,142
70,62,40,0,76,135,-75,142
70,63,21,1,76,140,-90,142
70,64,4,0,61,145,-90,142
70,65,10,0,56,150,-90,142
70,66,9,1,61,150,-90,142
70,67,12,1,66,150,-90,142
70,68,20,1,66,155,-105,142
70,69,13,1,71,160,-105,142
70,70,3,1,64,160,-105,147
70,71,2,0,54,160,-100,147
70,72,23,1,64,160,-105,147
70,73,46,0,57,160,-105,152
70,74,36,0,57,155,-105,154
70,75,10,1,77,155,-115,154
70,76,9,0,72,155,-115,159
70,77,22,1,72,160,-125,159
70,78,5,0,67,160,-120,159
70,79,36,0,67,155,-120,161
70,80,48,1,67,160,-120,151
70,81,40,0,67,170,-130,151
70,82,47,1,67,170,-130,166
70,83,6,1,59,170,-130,171
70,84,39,1,64,170,-130,166
70,85,16,1,64,170,-140,166
70,86,21,0,59,170,-125,166
70,87,13,0,59,170,-125,171
70,88,26,0,54,170,-125,176
70,89,29,0,44,170,-120,176
70,90,18,1,54,170,-120,176
70,91,38,0,49,175,-120,176
70,92,37,0,37,185,-120,176
70,93,7,1,42,185,-120,171
70,94,22,0,37,185,-115,171
70,95,16,1,37,185,-125,171
70,96,46,1,42,185,-125,166
70,97,27,1,42,190,-130,166
70,98,10,1,62,190,-140,166
70,99,1,0,72,190,-155,166
71,0,21,1,50,55,35,50
71,1,2,1,55,55,25,50
71,2,26,1,65,55,20,50
71,3,9,0,60,55,20,55
71,4,31,0,60,60,10,55
71,5,45,1,60,65,10,55
71,6,32,0,60,70,-5,55
71,7,7,0,45,75,-5,55
71,8,15,0,65,70,-5,55
71,9,21,0,60,70,10,55
71,10,43,1,60,70,15,40
71,11,28,0,50,70,25,40
71,12,5,1,55,70,15,40
71,13,22,0,50,70,20,40
71,14,15,1,50,75,20,40
71,15,45,0,50,75,20,45
71,16,11,1,55,75,20,45
71,17,21,0,50,75,35,45
71,18,41,0,40,85,35,45
71,19,33,1,40,90,35,45
71,20,10,0,35,95,35,45
71,21,1,1,27,95,40,45
71,22,42,1,27,100,40,45
71,23,36,0,27,95,40,47
71,24,15,1,27,100,40,47
71,25,4,1,37,100,40,42
71,26,11,0,32,100,40,44
71,27,12,1,37,100,40,44
71,28,3,0,52,100,35,44
71,29,25,1,52,105,25,44
71,30,15,1,52,110,25,44
71,31,21,0,47,110,40,44
71,32,13,0,47,110,40,49
71,33,11,0,42,110,40,51
71,34,10,0,37,115,40,51
71,35,5,1,42,115,30,51
71,36,34,1,57,115,30,51
71,37,8,1,47,115,30,56
71,38,15,1,47,120,30,56
71,39,36,1,47,125,30,51
71,40,6,1,39,125,30,56
71,41,28,0,29,125,40,56
71,42,38,0,24,130,40,56
71,43,5,1,29,130,30,56
71,44,20,0,24,130,45,56
71,45,13,1,29,135,45,56
71,46,24,1,34,135,45,56
71,47,21,0,29,135,60,56
71,48,7,1,34,135,60,51
71,49,3,0,49,135,55,51
71,50,1,0,59,135,40,51
71,51,39,0,52,140,40,51
71,52,5,1,57,140,30,51
71,53,21,0,52,140,45,51
71,54,14,0,52,140,45,56
71,55,20,0,47,140,60,56
71,56,47,0,72,140,60,56
71,57,12,1,77,140,60,56
71,58,22,1,77,145,50,56
71,59,26,0,72,145,50,61
71,60,16,1,72,145,40,61
71,61,23,0,67,135,40,66
71,62,9,1,72,135,40,66
71,63,17,1,57,135,50,66
71,64,40,1,57,125,60,66
71,65,8,1,47,125,60,71
71,66,27,1,47,130,55,71
71,67,16,1,47,130,45,71
71,68,10,0,42,135,45,71
71,69,11,0,37,135,45,73
71,70,24,1,42,135,45,73
71,71,41,1,47,125,45,73
71,72,4,0,32,130,45,73
71,73,23,0,27,120,45,78
71,74,14,0,27,120,45,83
71,75,44,0,27,120,55,88
71,76,19,1,42,120,55,88
71,77,6,1,34,120,55,93
71,78,45,1,34,125,55,93
71,79,16,0,24,130,55,93
71,80,14,0,24,130,55,98
71,81,3,1,17,130,55,103
71,82,41,0,7,140,55,103
71,83,4,0,-8,145,55,103
71,84,1,1,-16,145,60,103
71,85,8,0,-16,150,50,103
71,86,21,0,-21,150,65,103
71,87,26,0,-26,150,65,108
71,88,11,1,-21,150,65,108
71,89,7,1,-16,150,65,103
71,90,12,0,-21,160,65,103
71,91,20,1,-21,165,50,103
71,92,2,0,-31,165,55,103
71,93,25,1,-31,170,45,103
71,94,10,0,-36,175,45,103
71,95,12,1,-31,175,45,103
71,96,15,0,-11,170,45,103
71,97,14,0,-11,170,45,108
71,98,16,0,-21,175,45,108
71,99,20,0,-26,175,60,108
72,0,11,0,45,50,50,52
72,1,39,1,50,50,50,47
72,2,23,0,45,40,50,52
72,3,2,0,35,40,55,52
72,4,13,0,35,40,55,57
72,5,11,1,40,40,55,57
72,6,46,0,33,40,55,62
72,7,9,1,38,40,55,62
72,8,1,1,30,40,60,62
72,9,31,0,30,45,50,62
72,10,45,0,30,45,50,67
72,11,6,1,22,45,50,72
72,12,15,0,42,40,50,72
72,13,23,0,37,30,50,77
72,14,29,0,27,30,55,77
72,15,32,1,27,20,70,77
72,16,33,1,27,25,70,77
72,17,16,1,27,25,60,77
72,18,8,0,27,30,50,77
72,19,2,0,17,30,55,77
72,20,25,1,17,35,45,77
72,21,4,0,2,40,45,77
72,22,27,1,2,45,40,77
72,23,5,1,7,45,30,77
72,24,42,1,7,50,30,77
72,25,2,0,-3,50,35,77
72,26,11,0,-8,50,35,79
72,27,48,0,-18,50,35,84
72,28,23,1,-8,50,30,84
72,29,24,0,-13,50,35,84
72,30,6,0,-3,50,30,84
72,31,41,1,2,40,30,84
72,32,40,0,2,50,20,84
72,33,1,1,-6,50,25,84
72,34,30,1,-6,50,35,84
72,35,13,1,-1,55,35,84
72,36,28,0,-11,55,45,84
72,37,12,1,-6,55,45,84
72,38,16,1,-6,55,35,84
72,39,25,0,-6,50,45,84
72,40,8,0,-6,55,35,84
72,41,44,0,-6,55,45,89
72,42,38,0,-11,60,45,89
72,43,26,0,-16,60,45,94
72,44,1,0,-6,60,30,94
72,45,2,0,-16,60,35,94
72,46,46,1,-11,60,35,89
72,47,36,1,-11,65,35,84
72,48,21,0,-16,65,50,84
72,49,20,0,-21,65,65,84
72,50,10,0,-26,70,65,84
72,51,34,1,-11,70,65,84
72,52,16,1,-11,70,55,84
72,53,15,0,9,65,55,84
72,54,29,0,-1,65,60,84
72,55,22,1,-1,70,50,84
72,56,5,1,4,70,40,84
72,57,44,1,9,70,40,84
72,58,26,0,4,70,40,89
72,59,13,1,9,75,40,89
72,60,19,1,24,75,40,89
72,61,43,1,24,75,45,74
72,62,38,0,19,80,45,74
72,63,1,0,29,80,30,74
72,64,15,0,49,75,30,74
72,65,44,1,54,75,30,74
72,66,9,0,49,75,30,79
72,67,28,1,59,75,30,79
72,68,16,0,49,80,30,79
72,69,38,0,44,85,30,79
72,70,6,0,54,85,25,79
72,71,17,1,39,85,35,79
72,72,41,0,29,95,35,79
72,73,11,1,34,95,35,79
72,74,35,1,34,85,45,79
72,75,16,0,24,90,45,79
72,76,20,0,19,90,60,79
72,77,45,0,19,90,60,84
72,78,15,1,19,95,60,84
72,79,43,0,39,95,50,84
72,80,13,0,39,95,50,89
72,81,41,1,44,85,50,89
72,82,20,0,39,85,65,89
72,83,46,0,32,85,65,94
72,84,40,1,32,75,75,94
72,85,24,0,27,75,80,94
72,86,9,1,32,75,80,94
72,87,4,0,17,80,80,94
72,88,14,0,17,80,80,99
72,89,22,1,17,85,70,99
72,90,13,0,17,85,70,104
72,91,41,1,22,75,70,104
72,92,25,0,22,70,80,104
72,93,39,1,27,70,80,99
72,94,26,1,37,70,75,99
72,95,15,0,57,65,75,99
72,96,45,0,57,65,75,104
72,97,6,1,49,65,75,109
72,98,23,1,59,65,70,109
72,99,5,1,64,65,60,109
73,0,11,0,45,50,50,52
73,1,4,1,55,50,50,47
73,2,40,1,55,40,60,47
73,3,3,0,70,40,55,47
73,4,46,0,63,40,55,52
73,5,11,1,68,40,55,52
73,6,37,0,56,50,55,52
73,7,20,0,51,50,70,52
73,8,2,1,56,50,60,52
73,9,44,1,61,50,60,52
73,10,7,0,46,55,60,52
73,11,4,1,56,55,60,47
73,12,1,1,48,55,65,47
73,13,9,1,53,55,65,47
73,14,5,0,48,55,70,47
73,15,41,0,38,65,70,47
73,16,48,1,38,70,70,37
73,17,14,1,38,75,70,37
73,18,38,0,33,80,70,37
73,19,15,1,33,85,70,37
73,20,19,0,13,85,80,47
73,21,21,0,8,85,95,47
73,22,24,0,3,85,100,47
73,23,16,0,-7,90,100,47
73,24,43,1,-7,90,105,32
73,25,22,0,-12,90,110,32
73,26,4,0,-27,95,110,32
73,27,15,0,-7,90,110,32
73,28,21,1,-7,95,95,32
73,29,3,1,-14,95,95,37
73,30,5,0,-19,95,100,37
73,31,25,1,-19,100,90,37
73,32,10,0,-24,105,90,37
73,33,22,1,-24,110,80,37
73,34,31,1,-24,110,90,37
73,35,6,0,-14,110,85,37
73,36,1,1,-22,110,90,37
73,37,9,0,-27,110,90,42
73,38,18,0,-52,110,90,52
73,39,23,0,-57,100,90,57
73,40,20,1,-57,105,75,57
73,41,26,1,-47,105,70,57
73,42,28,0,-57,105,80,57
73,43,3,1,-64,105,80,62
73,44,38,0,-69,110,80,62
73,45,27,0,-59,95,80,62
73,46,21,1,-59,100,65,62
73,47,41,0,-69,110,65,62
73,48,3,1,-76,110,65,67
73,49,5,1,-71,110,55,67
73,50,43,0,-51,110,45,67
73,51,4,0,-66,115,45,67
73,52,13,0,-66,115,45,72
73,53,10,0,-71,120,45,72
73,54,6,0,-61,120,40,72
73,55,25,1,-61,125,30,72
73,56,23,1,-51,125,25,72
73,57,22,1,-51,130,15,72
73,58,40,0,-51,140,5,72
73,59,21,0,-56,140,20,72
73,60,36,1,-56,145,20,67
73,61,41,1,-51,135,20,67
73,62,10,1,-31,135,10,67
73,63,15,0,-11,130,10,67
73,64,22,1,-11,135,0,67
73,65,20,0,-16,135,15,67
73,66,2,0,-26,135,20,67
73,67,28,1,-16,135,20,67
73,68,12,0,-21,145,20,67
73,69,22,1,-21,150,10,67
73,70,1,0,-11,150,-5,67
73,71,9,1,-6,150,-5,67
73,72,41,1,-1,140,-5,67
73,73,37,1,9,140,-5,67
73,74,38,0,4,145,-5,67
73,75,4,0,-11,150,-5,67
73,76,22,1,-11,155,-15,67
73,77,25,0,-11,150,-5,67
73,78,41,0,-21,160,-5,67
73,79,47,0,4,160,-5,67
73,80,17,1,-11,160,5,67
73,81,11,1,-6,160,5,67
73,82,5,1,-1,160,-5,67
73,83,9,0,-6,160,-5,72
73,84,4,1,4,160,-5,67
73,85,21,0,-1,160,10,67
73,86,38,1,4,160,10,67
73,87,29,1,4,175,-10,67
73,88,15,1,4,180,-10,67
73,89,16,0,-6,185,-10,67
73,90,13,1,-1,190,-10,67
73,91,4,0,-16,195,-10,67
73,92,28,0,-26,195,0,67
73,93,29,0,-36,195,5,67
73,94,22,0,-41,195,10,67
73,95,21,0,-46,195,25,67
73,96,40,1,-46,185,35,67
73,97,43,0,-26,185,25,67
73,98,28,1,-16,185,25,67
73,99,23,1,-6,185,20,67
74,0,31,1,50,50,60,50
74,1,13,1,55,55,60,50
74,2,38,1,60,55,60,50
74,3,3,1,53,55,60,55
74,4,36,1,53,60,60,50
74,5,5,1,58,60,50,50
74,6,25,1,58,65,40,50
74,7,16,0,48,70,40,50
74,8,18,0,23,70,40,60
74,9,39,0,16,75,40,60
74,10,5,0,11,75,45,60
74,11,10,1,31,75,35,60
74,12,4,1,41,75,35,55
74,13,26,1,51,75,30,55
74,14,11,1,56,75,30,55
74,15,43,0,76,75,20,55
74,16,16,1,76,75,10,55
74,17,9,1,81,75,10,55
74,18,48,0,71,75,10,60
74,19,22,0,66,75,15,60
74,20,41,1,71,65,15,60
74,21,20,1,71,70,0,60
74,22,2,1,76,70,-10,60
74,23,5,0,71,70,-5,60
74,24,9,1,76,70,-5,60
74,25,26,0,71,70,-5,65
74,26,4,1,81,70,-5,60
74,27,21,1,81,75,-20,60
74,28,2,1,86,75,-30,60
74,29,17,0,66,85,-30,60
74,30,16,1,66,85,-40,60
74,31,15,1,66,90,-40,60
74,32,1,0,76,90,-55,60
74,33,42,0,68,90,-55,70
74,34,28,0,58,90,-45,70
74,35,47,0,83,90,-45,70
74,36,2,0,73,90,-40,70
74,37,38,0,68,95,-40,70
74,38,37,1,78,95,-40,70
74,39,41,1,83,85,-40,70
74,40,16,1,83,85,-50,70
74,41,1,1,75,85,-45,70
74,42,15,1,75,90,-45,70
74,43,46,0,68,90,-45,75
74,44,11,1,73,90,-45,75
74,45,4,1,83,90,-45,70
74,46,24,0,78,90,-40,70
74,47,15,1,78,95,-40,70
74,48,10,0,73,100,-40,70
74,49,27,1,73,105,-45,70
74,50,37,1,83,105,-45,70
74,51,22,1,83,110,-55,70
74,52,38,1,88,110,-55,70
74,53,41,0,78,120,-55,70
74,54,46,1,83,120,-55,65
74,55,43,0,103,120,-65,65
74,56,10,0,98,125,-65,65
74,57,4,0,83,130,-65,65
74,58,22,1,83,135,-75,65
74,59,38,0,78,140,-75,65
74,60,45,1,78,145,-75,65
74,61,39,1,83,145,-75,60
74,62,37,0,71,155,-75,60
74,63,5,1,76,155,-85,60
74,64,32,0,76,160,-100,60
74,65,23,1,86,160,-105,60
74,66,9,1,91,160,-105,60
74,67,28,0,81,160,-95,60
74,68,1,1,73,160,-90,60
74,69,38,0,68,165,-90,60
74,70,37,1,78,165,-90,60
74,71,13,0,78,165,-90,65
74,72,7,0,63,170,-90,65
74,73,46,1,68,170,-90,60
74,74,33,1,68,175,-90,60
74,75,9,0,63,175,-90,65
74,76,40,0,63,185,-100,65
74,77,26,0,58,185,-100,70
74,78,4,1,68,185,-100,65
74,79,1,1,60,185,-95,65
74,80,34,1,75,185,-95,65
74,81,11,0,70,185,-95,67
74,82,27,1,70,190,-100,67
74,83,23,1,80,190,-105,67
74,84,37,1,90,190,-105,67
74,85,15,0,110,185,-105,67
74,86,4,1,120,185,-105,62
74,87,1,1,112,185,-100,62
74,88,14,0,112,185,-100,67
74,89,38,1,117,185,-100,67
74,90,26,0,112,185,-100,72
74,91,2,1,117,185,-110,72
74,92,44,1,122,185,-110,72
74,93,37,0,110,195,-110,72
74,94,29,0,100,195,-105,72
74,95,22,1,100,200,-115,72
74,96,26,0,95,200,-115,77
74,97,11,0,90,200,-115,79
74,98,27,1,90,205,-120,79
74,99,6,0,100,205,-125,79
75,0,7,0,35,55,50,50
75,1,30,1,35,55,60,50
75,2,14,0,35,55,60,55
75,3,26,0,30,55,60,60
75,4,48,1,30,60,60,50
75,5,8,1,20,60,60,55
75,6,42,1,20,65,60,55
75,7,11,0,15,65,60,57
75,8,16,1,15,65,50,57
75,9,36,0,15,60,50,59
75,10,1,1,7,60,55,59
75,11,28,0,-3,60,65,59
75,12,10,0,-8,65,65,59
75,13,15,0,12,60,65,59
75,14,14,0,12,60,65,64
75,15,37,0,0,70,65,64
75,16,13,1,5,75,65,64
75,17,31,1,5,75,75,64
75,18,21,1,5,80,60,64
75,19,11,1,10,80,60,64
75,20,22,0,5,80,65,64
75,21,14,0,5,80,65,69
75,22,12,0,0,90,65,69
75,23,37,1,10,90,65,69
75,24,13,0,10,90,65,74
75,25,22,0,5,90,70,74
75,26,26,1,15,90,65,74
75,27,42,1,15,95,65,74
75,28,41,1,20,85,65,74
75,29,12,0,15,95,65,74
75,30,2,1,20,95,55,74
75,31,20,0,15,95,70,74
75,32,25,0,15,90,80,74
75,33,44,1,20,90,80,74
75,34,42,1,20,95,80,74
75,35,13,0,20,95,80,79
75,36,41,0,10,105,80,79
75,37,29,1,10,120,60,79
75,38,22,1,10,125,50,79
75,39,44,0,10,125,60,84
75,40,25,0,10,120,70,84
75,41,37,1,20,120,70,84
75,42,32,0,20,125,55,84
75,43,9,1,25,125,55,84
75,44,14,0,25,125,55,89
75,45,4,1,35,125,55,84
75,46,1,1,27,125,60,84
75,47,5,1,32,125,50,84
75,48,41,1,37,115,50,84
75,49,48,0,27,115,50,89
75,50,23,1,37,115,45,89
75,51,25,1,37,120,35,89
75,52,15,0,57,115,35,89
75,53,11,0,52,115,35,91
75,54,27,0,62,100,35,91
75,55,1,0,72,100,20,91
75,56,7,0,57,105,20,91
75,57,39,1,62,105,20,86
75,58,15,1,62,110,20,86
75,59,2,1,67,110,10,86
75,60,33,1,67,115,10,86
75,61,22,1,67,120,0,86
75,62,25,0,67,115,10,86
75,63,7,0,52,120,10,86
75,64,15,1,52,125,10,86
75,65,23,0,47,115,10,91
75,66,4,0,32,120,10,91
75,67,14,0,32,120,10,96
75,68,16,0,22,125,10,96
75,69,12,0,17,135,10,96
75,70,8,0,17,140,0,96
75,71,26,0,12,140,0,101
75,72,6,1,4,140,0,106
75,73,17,0,-16,150,0,106
75,74,27,0,-6,135,0,106
75,75,42,1,-6,140,0,106
75,76,20,0,-11,140,15,106
75,77,29,1,-11,155,-5,106
75,78,12,0,-16,165,-5,106
75,79,3,0,-1,165,-10,106
75,80,34,0,-1,150,5,106
75,81,10,0,-6,155,5,106
75,82,24,0,-11,155,10,106
75,83,15,1,-11,160,10,106
75,84,11,0,-16,160,10,108
75,85,26,1,-6,160,5,108
75,86,5,0,-11,160,10,108
75,87,25,0,-11,155,20,108
75,88,44,0,-11,155,30,113
75,89,14,0,-11,155,30,118
75,90,9,0,-16,155,30,123
75,91,4,0,-31,160,30,123
75,92,22,1,-31,165,20,123
75,93,20,1,-31,170,5,123
75,94,3,0,-16,170,0,123
75,95,10,1,4,170,-10,123
75,96,13,1,9,175,-10,123
75,97,25,0,9,170,0,123
75,98,16,0,-1,175,0,123
75,99,12,1,4,175,0,123
76,0,13,1,55,55,50,50
76,1,14,1,55,60,50,50
76,2,24,0,50,60,55,50
76,3,25,1,50,65,45,50
76,4,31,0,50,70,35,50
76,5,15,0,70,65,35,50
76,6,32,0,70,70,20,50
76,7,1,1,62,70,25,50
76,8,9,0,57,70,25,55
76,9,6,1,49,70,25,60
76,10,23,1,59,70,20,60
76,11,5,1,64,70,10,60
76,12,15,0,84,65,10,60
76,13,11,0,79,65,10,62
76,14,39,1,84,65,10,57
76,15,45,0,84,65,10,62
76,16,17,1,69,65,20,62
76,17,33,0,99,65,20,62
76,18,11,0,94,65,20,64
76,19,13,1,99,70,20,64
76,20,16,1,99,70,10,64
76,21,23,0,94,60,10,69
76,22,4,0,79,65,10,69
76,23,46,1,84,65,10,64
76,24,41,1,89,55,10,64
76,25,47,1,89,55,10,79
76,26,44,1,94,55,10,79
76,27,19,1,109,55,10,79
76,28,3,1,102,55,10,84
76,29,34,1,117,55,10,84
76,30,12,0,112,65,10,84
76,31,23,1,122,65,5,84
76,32,14,1,122,70,5,84
76,33,22,0,117,70,10,84
76,34,13,1,122,75,10,84
76,35,4,0,107,80,10,84
76,36,11,0,102,80,10,86
76,37,18,1,112,80,10,86
76,38,43,1,112,80,15,71
76,39,5,0,107,80,20,71
76,40,3,1,100,80,20,76
76,41,9,1,105,80,20,76
76,42,48,0,95,80,20,81
76,43,44,0,95,80,30,86
76,44,20,1,95,85,15,86
76,45,3,1,88,85,15,91
76,46,42,1,88,90,15,91
76,47,29,1,88,105,-5,91
76,48,21,0,83,105,10,91
76,49,19,1,98,105,10,91
76,50,16,1,98,105,0,91
76,51,4,0,83,110,0,91
76,52,10,1,103,110,-10,91
76,53,14,0,103,110,-10,96
76,54,24,1,108,110,-10,96
76,55,26,1,118,110,-15,96
76,56,22,1,118,115,-25,96
76,57,9,0,113,115,-25,101
76,58,3,1,106,115,-25,106
76,59,16,1,106,115,-35,106
76,60,48,1,106,120,-35,96
76,61,38,0,101,125,-35,96
76,62,11,1,106,125,-35,96
76,63,35,0,106,133,-50,96
76,64,30,0,106,133,-60,106
76,65,9,0,101,133,-60,111
76,66,48,1,101,138,-60,101
76,67,39,1,106,138,-60,96
76,68,8,0,106,143,-70,96
76,69,18,0,81,143,-70,106
76,70,15,0,101,138,-70,106
76,71,25,0,101,133,-60,106
76,72,7,1,106,133,-60,101
76,73,2,1,111,133,-70,101
76,74,17,1,96,133,-60,101
76,75,9,1,101,133,-60,101
76,76,14,0,101,133,-60,106
76,77,41,0,91,143,-60,106
76,78,16,1,91,143,-70,106
76,79,29,1,91,158,-90,106
76,80,20,0,86,158,-75,106
76,81,48,1,86,163,-75,96
76,82,2,1,91,163,-85,96
76,83,15,1,91,168,-85,96
76,84,24,1,96,168,-85,96
76,85,3,0,111,168,-90,96
76,86,20,1,111,173,-105,96
76,87,41,1,116,163,-105,96
76,88,23,0,111,153,-105,101
76,89,44,0,111,153,-95,106
76,90,9,0,106,153,-95,111
76,91,19,0,86,153,-85,121
76,92,7,1,91,153,-85,116
76,93,6,1,83,153,-85,121
76,94,14,1,83,158,-85,121
76,95,11,1,88,158,-85,121
76,96,2,1,93,158,-95,121
76,97,21,1,93,163,-110,121
76,98,25,0,93,158,-100,121
76,99,15,0,113,153,-100,121
77,0,6,0,60,50,45,50
77,1,2,0,50,50,50,50
77,2,12,1,55,50,50,50
77,3,14,1,55,55,50,50
77,4,10,1,75,55,40,50
77,5,20,1,75,60,25,50
77,6,36,1,75,65,25,45
77,7,42,1,75,70,25,45
77,8,43,0,95,70,15,45
77,9,2,0,85,70,20,45
77,10,38,1,90,70,20,45
77,11,5,0,85,70,25,45
77,12,28,0,75,70,35,45
77,13,27,0,85,55,35,45
77,14,22,0,80,55,40,45
77,15,31,0,80,60,30,45
77,16,46,0,73,60,30,50
77,17,24,1,78,60,30,50
77,18,9,1,83,60,30,50
77,19,7,1,88,60,30,45
77,20,18,0,63,60,30,55
77,21,32,0,63,65,15,55
77,22,14,1,63,70,15,55
77,23,20,0,58,70,30,55
77,24,16,1,58,70,20,55
77,25,17,1,43,70,30,55
77,26,3,1,36,70,30,60
77,27,5,1,41,70,20,60
77,28,13,1,46,75,20,60
77,29,1,0,56,75,5,60
77,30,33,1,56,80,5,60
77,31,15,1,56,85,5,60
77,32,41,1,61,75,5,60
77,33,29,1,61,90,-15,60
77,34,44,0,61,90,-5,65
77,35,24,1,66,90,-5,65
77,36,14,1,66,95,-5,65
77,37,37,1,76,95,-5,65
77,38,25,0,76,90,5,65
77,39,2,0,66,90,10,65
77,40,22,1,66,95,0,65
77,41,41,0,56,105,0,65
77,42,27,1,56,110,-5,65
77,43,20,1,56,115,-20,65
77,44,13,0,56,115,-20,70
77,45,10,1,76,115,-30,70
77,46,5,0,71,115,-25,70
77,47,38,1,76,115,-25,70
77,48,40,0,76,125,-35,70
77,49,45,0,76,125,-35,75
77,50,14,0,76,125,-35,80
77,51,1,0,86,125,-50,80
77,52,43,0,106,125,-60,80
77,53,5,1,111,125,-70,80
77,54,48,1,111,130,-70,70
77,55,15,1,111,135,-70,70
77,56,10,0,106,140,-70,70
77,57,34,0,106,125,-55,70
77,58,39,0,99,130,-55,70
77,59,4,0,84,135,-55,70
77,60,12,0,79,145,-55,70
77,61,42,1,79,150,-55,70
77,62,20,1,79,155,-70,70
77,63,1,1,71,155,-65,70
77,64,24,1,76,155,-65,70
77,65,29,1,76,170,-85,70
77,66,27,0,86,155,-85,70
77,67,10,1,106,155,-95,70
77,68,28,0,96,155,-85,70
77,69,16,1,96,155,-95,70
77,70,17,1,81,155,-85,70
77,71,43,1,81,155,-80,55
77,72,10,0,76,160,-80,55
77,73,8,0,76,165,-90,55
77,74,44,1,81,165,-90,55
77,75,41,1,86,155,-90,55
77,76,26,1,96,155,-95,55
77,77,14,1,96,160,-95,55
77,78,24,1,101,160,-95,55
77,79,46,1,106,160,-95,50
77,80,4,1,116,160,-95,45
77,81,22,0,111,160,-90,45
77,82,27,1,111,165,-95,45
77,83,17,1,96,165,-85,45
77,84,18,0,71,165,-85,55
77,85,25,1,71,170,-95,55
77,86,22,1,71,175,-105,55
77,87,4,1,81,175,-105,50
77,88,23,1,91,175,-110,50
77,89,36,1,91,180,-110,45
77,90,12,1,96,180,-110,45
77,91,35,1,96,170,-100,45
77,92,5,1,101,170,-110,45
77,93,14,0,101,170,-110,50
77,94,27,1,101,175,-115,50
77,95,41,0,91,185,-115,50
77,96,10,0,86,190,-115,50
77,97,5,1,91,190,-125,50
77,98,1,1,83,190,-120,50
77,99,16,1,83,190,-130,50
78,0,31,1,50,50,60,50
78,1,46,1,55,50,60,45
78,2,3,0,70,50,55,45
78,3,25,0,70,45,65,45
78,4,29,1,70,60,45,45
78,5,45,1,70,65,45,45
78,6,26,1,80,65,40,45
78,7,18,1,90,65,40,45
78,8,20,1,90,70,25,45
78,9,41,1,95,60,25,45
78,10,32,1,95,50,40,45
78,11,16,0,85,55,40,45
78,12,38,1,90,55,40,45
78,13,20,1,90,60,25,45
78,14,12,1,95,60,25,45
78,15,5,0,90,60,30,45
78,16,13,0,90,60,30,50
78,17,44,1,95,60,30,50
78,18,4,0,80,65,30,50
78,19,36,0,80,60,30,52
78,20,41,0,70,70,30,52
78,21,19,1,85,70,30,52
78,22,12,1,90,70,30,52
78,23,15,0,110,65,30,52
78,24,33,1,110,70,30,52
78,25,45,1,110,75,30,52
78,26,9,0,105,75,30,57
78,27,34,1,120,75,30,57
78,28,5,0,115,75,35,57
78,29,8,1,105,75,35,62
78,30,24,0,100,75,40,62
78,31,9,1,105,75,40,62
78,32,37,1,115,75,40,62
78,33,14,1,115,80,40,62
78,34,42,0,107,80,40,72
78,35,28,1,117,80,40,72
78,36,12,0,112,90,40,72
78,37,10,1,132,90,30,72
78,38,27,0,142,75,30,72
78,39,25,1,142,80,20,72
78,40,11,0,137,80,20,74
78,41,36,1,137,85,20,69
78,42,39,0,130,90,20,69
78,43,3,1,123,90,20,74
78,44,18,1,133,90,20,74
78,45,15,1,133,95,20,74
78,46,1,0,143,95,5,74
78,47,16,1,143,95,-5,74
78,48,20,1,143,100,-20,74
78,49,9,1,148,100,-20,74
78,50,11,0,143,100,-20,76
78,51,2,1,148,100,-30,76
78,52,35,1,148,90,-20,76
78,53,22,1,148,95,-30,76
78,54,13,0,148,95,-30,81
78,55,12,0,143,105,-30,81
78,56,3,1,136,105,-30,86
78,57,2,0,126,105,-25,86
78,58,36,1,126,110,-25,81
78,59,1,0,136,110,-40,81
78,60,43,1,136,110,-35,66
78,61,5,1,141,110,-45,66
78,62,10,1,161,110,-55,66
78,63,9,1,166,110,-55,66
78,64,40,1,166,100,-45,66
78,65,6,0,176,100,-50,66
78,66,3,0,191,100,-55,66
78,67,17,1,176,100,-45,66
78,68,14,0,176,100,-45,71
78,69,41,1,181,90,-45,71
78,70,4,1,191,90,-45,66
78,71,40,0,191,100,-55,66
78,72,21,1,191,105,-70,66
78,73,30,1,191,105,-60,66
78,74,15,0,211,100,-60,66
78,75,25,0,211,95,-50,66
78,76,4,0,196,100,-50,66
78,77,10,1,216,100,-60,66
78,78,39,0,209,105,-60,66
78,79,26,1,219,105,-65,66
78,80,37,0,207,115,-65,66
78,81,16,1,207,115,-75,66
78,82,2,0,197,115,-70,66
78,83,10,1,217,115,-80,66
78,84,17,0,197,125,-80,66
78,85,18,1,207,125,-80,66
78,86,25,1,207,130,-90,66
78,87,5,0,202,130,-85,66
78,88,23,1,212,130,-90,66
78,89,9,1,217,130,-90,66
78,90,43,0,237,130,-100,66
78,91,41,1,242,120,-100,66
78,92,10,1,262,120,-110,66
78,93,23,0,257,110,-110,71
78,94,36,1,257,115,-110,66
78,95,42,0,249,115,-110,76
78,96,1,0,259,115,-125,76
78,97,13,0,259,115,-125,81
78,98,17,1,244,115,-115,81
78,99,30,0,244,115,-125,91
79,0,43,0,70,50,40,50
79,1,37,0,58,60,40,50
79,2,28,1,68,60,40,50
79,3,25,1,68,65,30,50
79,4,24,0,63,65,35,50
79,5,14,1,63,70,35,50
79,6,23,0,58,60,35,55
79,7,13,0,58,60,35,60
79,8,43,0,78,60,25,60
79,9,16,1,78,60,15,60
79,10,12,0,73,70,15,60
79,11,47,1,73,70,15,75
79,12,14,1,73,75,15,75
79,13,10,1,93,75,5,75
79,14,5,1,98,75,-5,75
79,15,26,1,108,75,-10,75
79,16,3,0,123,75,-15,75
79,17,40,0,123,85,-25,75
79,18,10,0,118,90,-25,75
79,19,31,0,118,95,-35,75
79,20,22,1,118,100,-45,75
79,21,23,0,113,90,-45,80
79,22,47,0,138,90,-45,80
79,23,5,0,133,90,-40,80
79,24,6,1,125,90,-40,85
79,25,1,0,135,90,-55,85
79,26,14,1,135,95,-55,85
79,27,47,0,160,95,-55,85
79,28,5,0,155,95,-50,85
79,29,4,1,165,95,-50,80
79,30,25,0,165,90,-40,80
79,31,46,1,170,90,-40,75
79,32,40,1,170,80,-30,75
79,33,22,0,165,80,-25,75
79,34,10,1,185,80,-35,75
79,35,16,0,175,85,-35,75
79,36,46,1,180,85,-35,70
79,37,21,0,175,85,-20,70
79,38,5,0,170,85,-15,70
79,39,45,1,170,90,-15,70
79,40,18,0,145,90,-15,80
79,41,42,0,137,90,-15,90
79,42,23,1,147,90,-20,90
79,43,3,1,140,90,-20,95
79,44,29,1,140,105,-40,95
79,45,16,1,140,105,-50,95
79,46,32,0,140,110,-65,95
79,47,39,0,133,115,-65,95
79,48,13,0,133,115,-65,100
79,49,41,1,138,105,-65,100
79,50,12,0,133,115,-65,100
79,51,30,0,133,115,-75,110
79,52,9,0,128,115,-75,115
79,53,45,0,128,115,-75,120
79,54,16,0,118,120,-75,120
79,55,22,1,118,125,-85,120
79,56,33,1,118,130,-85,120
79,57,5,1,123,130,-95,120
79,58,37,0,111,140,-95,120
79,59,36,1,111,145,-95,115
79,60,41,0,101,155,-95,115
79,61,3,1,94,155,-95,120
79,62,20,1,94,160,-110,120
79,63,18,1,104,160,-110,120
79,64,44,0,104,160,-100,125
79,65,11,1,109,160,-100,125
79,66,5,1,114,160,-110,125
79,67,20,0,109,160,-95,125
79,68,1,0,119,160,-110,125
79,69,37,0,107,170,-110,125
79,70,16,1,107,170,-120,125
79,71,22,1,107,175,-130,125
79,72,12,0,102,185,-130,125
79,73,42,1,102,190,-130,125
79,74,10,0,97,195,-130,125
79,75,46,0,90,195,-130,130
79,76,26,0,85,195,-130,135
79,77,37,1,95,195,-130,135
79,78,3,0,110,195,-135,135
79,79,16,0,100,200,-135,135
79,80,27,1,100,205,-140,135
79,81,11,0,95,205,-140,137
79,82,1,1,87,205,-135,137
79,83,24,0,82,205,-130,137
79,84,13,0,82,205,-130,142
79,85,12,0,77,215,-130,142
79,86,2,1,82,215,-140,142
79,87,19,1,97,215,-140,142
79,88,48,1,97,220,-140,132
79,89,13,1,102,225,-140,132
79,90,40,0,102,235,-150,132
79,91,9,1,107,235,-150,132
79,92,17,1,92,235,-140,132
79,93,23,0,87,225,-140,137
79,94,47,1,87,225,-140,152
79,95,27,0,97,210,-140,152
79,96,5,0,92,210,-135,152
79,97,20,0,87,210,-120,152
79,98,37,1,97,210,-120,152
79,99,16,1,97,210,-130,152
80,0,16,0,40,55,50,50
80,1,26,0,35,55,50,55
80,2,39,1,40,55,50,50
80,3,24,0,35,55,55,50
80,4,6,1,27,55,55,55
80,5,11,1,32,55,55,55
80,6,22,1,32,60,45,55
80,7,25,1,32,65,35,55
80,8,15,1,32,70,35,55
80,9,14,1,32,75,35,55
80,10,37,1,42,75,35,55
80,11,8,0,42,80,25,55
80,12,3,0,57,80,20,55
80,13,28,1,67,80,20,55
80,14,20,0,62,80,35,55
80,15,12,0,57,90,35,55
80,16,41,0,47,100,35,55
80,17,31,1,47,100,45,55
80,18,45,0,47,100,45,60
80,19,1,1,39,100,50,60
80,20,5,0,34,100,55,60
80,21,9,1,39,100,55,60
80,22,17,0,19,110,55,60
80,23,36,0,19,105,55,62
80,24,20,0,14,105,70,62
80,25,14,1,14,110,70,62
80,26,3,0,29,110,65,62
80,27,43,1,29,110,70,47
80,28,16,1,29,110,60,47
80,29,23,0,24,100,60,52
80,30,18,0,-1,100,60,62
80,31,26,1,9,100,55,62
80,32,37,1,19,100,55,62
80,33,42,0,11,100,55,72
80,34,32,0,11,105,40,72
80,35,5,0,6,105,45,72
80,36,11,1,11,105,45,72
80,37,3,0,26,105,40,72
80,38,24,0,21,105,45,72
80,39,4,1,31,105,45,67
80,40,45,0,31,105,45,72
80,41,10,0,26,110,45,72
80,42,25,0,26,105,55,72
80,43,47,0,51,105,55,72
80,44,13,0,51,105,55,77
80,45,5,1,56,105,45,77
80,46,9,1,61,105,45,77
80,47,25,1,61,110,35,77
80,48,28,0,51,110,45,77
80,49,23,0,46,100,45,82
80,50,4,1,56,100,45,77
80,51,29,0,46,100,50,77
80,52,14,1,46,105,50,77
80,53,9,1,51,105,50,77
80,54,33,0,81,105,50,77
80,55,10,0,76,110,50,77
80,56,22,0,71,110,55,77
80,57,25,1,71,115,45,77
80,58,3,1,64,115,45,82
80,59,36,0,64,110,45,84
80,60,48,1,64,115,45,74
80,61,10,1,84,115,35,74
80,62,42,1,84,120,35,74
80,63,26,0,79,120,35,79
80,64,16,0,69,125,35,79
80,65,22,1,69,130,25,79
80,66,10,0,64,135,25,79
80,67,45,0,64,135,25,84
80,68,7,1,69,135,25,79
80,69,37,1,79,135,25,79
80,70,24,1,84,135,25,79
80,71,20,0,79,135,40,79
80,72,30,1,79,135,50,79
80,73,27,0,89,120,50,79
80,74,22,1,89,125,40,79
80,75,25,1,89,130,30,79
80,76,24,1,94,130,30,79
80,77,12,1,99,130,30,79
80,78,11,0,94,130,30,81
80,79,39,1,99,130,30,76
80,80,41,0,89,140,30,76
80,81,9,1,94,140,30,76
80,82,25,1,94,145,20,76
80,83,16,1,94,145,10,76
80,84,39,0,87,150,10,76
80,85,1,1,79,150,15,76
80,86,44,0,79,150,25,81
80,87,3,0,94,150,20,81
80,88,40,0,94,160,10,81
80,89,14,1,94,165,10,81
80,90,2,1,99,165,0,81
80,91,11,1,104,165,0,81
80,92,47,0,129,165,0,81
80,93,10,1,149,165,-10,81
80,94,34,0,149,150,5,81
80,95,16,1,149,150,-5,81
80,96,25,0,149,145,5,81
80,97,30,1,149,145,15,81
80,98,18,0,124,145,15,91
80,99,22,0,119,145,20,91
81,0,10,1,70,50,40,50
81,1,17,0,50,60,40,50
81,2,31,1,50,60,50,50
81,3,1,1,42,60,55,50
81,4,22,0,37,60,60,50
81,5,13,0,37,60,60,55
81,6,11,1,42,60,60,55
81,7,45,0,42,60,60,60
81,8,9,1,47,60,60,60
81,9,27,0,57,45,60,60
81,10,22,0,52,45,65,60
81,11,21,0,47,45,80,60
81,12,12,1,52,45,80,60
81,13,29,1,52,60,60,60
81,14,1,0,62,60,45,60
81,15,16,1,62,60,35,60
81,16,7,1,67,60,35,55
81,17,3,0,82,60,30,55
81,18,10,0,77,65,30,55
81,19,41,1,82,55,30,55
81,20,11,0,77,55,30,57
81,21,43,1,77,55,35,42
81,22,16,1,77,55,25,42
81,23,14,0,77,55,25,47
81,24,41,1,82,45,25,47
81,25,44,0,82,45,35,52
81,26,39,0,75,50,35,52
81,27,16,1,75,50,25,52
81,28,2,0,65,50,30,52
81,29,12,1,70,50,30,52
81,30,10,1,90,50,20,52
81,31,48,0,80,50,20,57
81,32,14,0,80,50,20,62
81,33,23,1,90,50,15,62
81,34,22,1,90,55,5,62
81,35,37,0,78,65,5,62
81,36,16,1,78,65,-5,62
81,37,15,0,98,60,-5,62
81,38,24,0,93,60,0,62
81,39,20,0,88,60,15,62
81,40,30,1,88,60,25,62
81,41,46,1,93,60,25,57
81,42,28,1,103,60,25,57
81,43,2,0,93,60,30,57
81,44,39,0,86,65,30,57
81,45,13,1,91,70,30,57
81,46,7,0,76,75,30,57
81,47,28,0,66,75,40,57
81,48,10,1,86,75,30,57
81,49,27,1,86,80,25,57
81,50,47,0,111,80,25,57
81,51,4,0,96,85,25,57
81,52,42,0,88,85,25,67
81,53,9,1,93,85,25,67
81,54,18,0,68,85,25,77
81,55,41,0,58,95,25,77
81,56,10,1,78,95,15,77
81,57,38,1,83,95,15,77
81,58,6,1,75,95,15,82
81,59,26,0,70,95,15,87
81,60,14,1,70,100,15,87
81,61,11,1,75,100,15,87
81,62,22,1,75,105,5,87
81,63,1,0,85,105,-10,87
81,64,43,1,85,105,-5,72
81,65,45,0,85,105,-5,77
81,66,44,0,85,105,5,82
81,67,15,1,85,110,5,82
81,68,14,1,85,115,5,82
81,69,5,0,80,115,10,82
81,70,36,0,80,110,10,84
81,71,17,1,65,110,20,84
81,72,42,1,65,115,20,84
81,73,41,1,70,105,20,84
81,74,9,0,65,105,20,89
81,75,13,1,70,110,20,89
81,76,29,1,70,125,0,89
81,77,14,0,70,125,0,94
81,78,22,0,65,125,5,94
81,79,9,0,60,125,5,99
81,80,25,1,60,130,-5,99
81,81,20,1,60,135,-20,99
81,82,17,0,40,145,-20,99
81,83,13,0,40,145,-20,104
81,84,15,0,60,140,-20,104
81,85,42,0,52,140,-20,114
81,86,47,0,77,140,-20,114
81,87,9,1,82,140,-20,114
81,88,39,0,75,145,-20,114
81,89,18,0,50,145,-20,124
81,90,3,0,65,145,-25,124
81,91,48,1,65,150,-25,114
81,92,13,0,65,150,-25,119
81,93,23,1,75,150,-30,119
81,94,25,1,75,155,-40,119
81,95,29,0,65,155,-35,119
81,96,24,1,70,155,-35,119
81,97,37,0,58,165,-35,119
81,98,12,1,63,165,-35,119
81,99,25,0,63,160,-25,119
82,0,21,0,45,50,65,50
82,1,27,1,45,55,60,50
82,2,4,1,55,55,60,45
82,3,29,1,55,70,40,45
82,4,23,1,65,70,35,45
82,5,7,0,50,75,35,45
82,6,14,1,50,80,35,45
82,7,16,0,40,85,35,45
82,8,12,1,45,85,35,45
82,9,4,1,55,85,35,40
82,10,27,1,55,90,30,40
82,11,6,0,65,90,25,40
82,12,41,0,55,100,25,40
82,13,47,0,80,100,25,40
82,14,44,0,80,100,35,45
82,15,36,0,80,95,35,47
82,16,6,0,90,95,30,47
82,17,11,0,85,95,30,49
82,18,41,1,90,85,30,49
82,19,14,1,90,90,30,49
82,20,43,1,90,90,35,34
82,21,23,0,85,80,35,39
82,22,4,1,95,80,35,34
82,23,9,1,100,80,35,34
82,24,28,0,90,80,45,34
82,25,42,0,82,80,45,44
82,26,39,0,75,85,45,44
82,27,25,0,75,80,55,44
82,28,31,0,75,85,45,44
82,29,37,1,85,85,45,44
82,30,1,1,77,85,50,44
82,31,22,1,77,90,40,44
82,32,5,0,72,90,45,44
82,33,28,1,82,90,45,44
82,34,11,1,87,90,45,44
82,35,20,1,87,95,30,44
82,36,3,1,80,95,30,49
82,37,32,1,80,85,45,49
82,38,44,0,80,85,55,54
82,39,9,1,85,85,55,54
82,40,21,0,80,85,70,54
82,41,22,1,80,90,60,54
82,42,26,1,90,90,55,54
82,43,23,1,100,90,50,54
82,44,3,0,115,90,45,54
82,45,11,0,110,90,45,56
82,46,8,1,100,90,45,61
82,47,48,1,100,95,45,51
82,48,4,0,85,100,45,51
82,49,5,1,90,100,35,51
82,50,28,0,80,100,45,51
82,51,11,1,85,100,45,51
82,52,14,0,85,100,45,56
82,53,9,0,80,100,45,61
82,54,12,1,85,100,45,61
82,55,13,0,85,100,45,66
82,56,41,1,90,90,45,66
82,57,15,1,90,95,45,66
82,58,26,0,85,95,45,71
82,59,10,1,105,95,35,71
82,60,24,1,110,95,35,71
82,61,37,0,98,105,35,71
82,62,27,1,98,110,30,71
82,63,22,0,93,110,35,71
82,64,17,1,78,110,45,71
82,65,5,1,83,110,35,71
82,66,3,0,98,110,30,71
82,67,20,1,98,115,15,71
82,68,33,0,128,115,15,71
82,69,10,0,123,120,15,71
82,70,26,0,118,120,15,76
82,71,14,0,118,120,15,81
82,72,28,0,108,120,25,81
82,73,19,0,88,120,35,91
82,74,18,1,98,120,35,91
82,75,24,1,103,120,35,91
82,76,1,0,113,120,20,91
82,77,21,0,108,120,35,91
82,78,20,1,108,125,20,91
82,79,39,0,101,130,20,91
82,80,12,1,106,130,20,91
82,81,2,1,111,130,10,91
82,82,4,0,96,135,10,91
82,83,23,0,91,125,10,96
82,84,45,0,91,125,10,101
82,85,10,0,86,130,10,101
82,86,20,1,86,135,-5,101
82,87,22,0,81,135,0,101
82,88,41,1,86,125,0,101
82,89,7,0,71,130,0,101
82,90,40,1,71,120,10,101
82,91,3,1,64,120,10,106
82,92,2,1,69,120,0,106
82,93,25,0,69,115,10,106
82,94,11,1,74,115,10,106
82,95,22,1,74,120,0,106
82,96,39,1,79,120,0,101
82,97,16,0,69,125,0,101
82,98,6,0,79,125,-5,101
82,99,23,1,89,125,-10,101
83,0,16,0,40,55,50,50
83,1,44,1,45,55,50,50
83,2,20,0,40,55,65,50
83,3,8,1,30,55,65,55
83,4,38,0,25,60,65,55
83,5,23,0,20,50,65,60
83,6,21,1,20,55,50,60
83,7,16,0,10,60,50,60
83,8,45,0,10,60,50,65
83,9,11,1,15,60,50,65
83,10,10,1,35,60,40,65
83,11,42,1,35,65,40,65
83,12,13,0,35,65,40,70
83,13,14,1,35,70,40,70
83,14,45,1,35,75,40,70
83,15,5,0,30,75,45,70
83,16,17,1,15,75,55,70
83,17,27,0,25,60,55,70
83,18,10,0,20,65,55,70
83,19,47,1,20,65,55,85
83,20,1,1,12,65,60,85
83,21,8,1,2,65,60,90
83,22,15,1,2,70,60,90
83,23,13,1,7,75,60,90
83,24,7,0,-8,80,60,90
83,25,9,0,-13,80,60,95
83,26,28,1,-3,80,60,95
83,27,16,1,-3,80,50,95
83,28,3,0,12,80,45,95
83,29,36,1,12,85,45,90
83,30,13,0,12,85,45,95
83,31,20,0,7,85,60,95
83,32,39,1,12,85,60,90
83,33,25,0,12,80,70,90
83,34,14,0,12,80,70,95
83,35,15,0,32,75,70,95
83,36,11,0,27,75,70,97
83,37,16,0,17,80,70,97
83,38,26,1,27,80,65,97
83,39,23,0,22,70,65,102
83,40,13,1,27,75,65,102
83,41,10,1,47,75,55,102
83,42,41,1,52,65,55,102
83,43,9,0,47,65,55,107
83,44,31,1,47,65,65,107
83,45,43,1,47,65,70,92
83,46,15,1,47,70,70,92
83,47,6,1,39,70,70,97
83,48,1,0,49,70,55,97
83,49,10,0,44,75,55,97
83,50,37,1,54,75,55,97
83,51,5,1,59,75,45,97
83,52,3,1,52,75,45,102
83,53,12,0,47,85,45,102
83,54,23,1,57,85,40,102
83,55,4,0,42,90,40,102
83,56,18,0,17,90,40,112
83,57,47,1,17,90,40,127
83,58,14,1,17,95,40,127
83,59,22,1,17,100,30,127
83,60,5,1,22,100,20,127
83,61,6,1,14,100,20,132
83,62,15,0,34,95,20,132
83,63,8,1,24,95,20,137
83,64,26,0,19,95,20,142
83,65,13,1,24,100,20,142
83,66,30,1,24,100,30,142
83,67,17,1,9,100,40,142
83,68,6,1,1,100,40,147
83,69,40,1,1,90,50,147
83,70,32,1,1,80,65,147
83,71,33,0,31,80,65,147
83,72,9,1,36,80,65,147
83,73,34,0,36,65,80,147
83,74,25,1,36,70,70,147
83,75,12,1,41,70,70,147
83,76,18,0,16,70,70,157
83,77,41,1,21,60,70,157
83,78,26,1,31,60,65,157
83,79,19,0,11,60,75,167
83,80,1,1,3,60,80,167
83,81,35,1,3,50,90,167
83,82,22,0,-2,50,95,167
83,83,8,0,-2,55,85,167
83,84,45,1,-2,60,85,167
83,85,25,1,-2,65,75,167
83,86,16,1,-2,65,65,167
83,87,2,1,3,65,55,167
83,88,37,1,13,65,55,167
83,89,43,0,33,65,45,167
83,90,47,0,58,65,45,167
83,91,7,1,63,65,45,162
83,92,16,1,63,65,35,162
83,93,23,1,73,65,30,162
83,94,28,1,83,65,30,162
83,95,12,1,88,65,30,162
83,96,10,0,83,70,30,162
83,97,45,1,83,75,30,162
83,98,11,0,78,75,30,164
83,99,20,0,73,75,45,164
84,0,11,1,55,50,50,50
84,1,48,0,45,50,50,55
84,2,23,0,40,40,50,60
84,3,46,1,45,40,50,55
84,4,40,0,45,50,40,55
84,5,16,1,45,50,30,55
84,6,11,0,40,50,30,57
84,7,5,1,45,50,20,57
84,8,41,0,35,60,20,57
84,9,46,1,40,60,20,52
84,10,15,1,40,65,20,52
84,11,39,0,33,70,20,52
84,12,23,1,43,70,15,52
84,13,25,1,43,75,5,52
84,14,44,0,43,75,15,57
84,15,36,0,43,70,15,59
84,16,19,0,23,70,25,69
84,17,28,1,33,70,25,69
84,18,41,1,38,60,25,69
84,19,31,0,38,65,15,69
84,20,47,1,38,65,15,84
84,21,27,0,48,50,15,84
84,22,12,0,43,60,15,84
84,23,26,0,38,60,15,89
84,24,3,1,31,60,15,94
84,25,15,0,51,55,15,94
84,26,24,0,46,55,20,94
84,27,29,1,46,70,0,94
84,28,13,1,51,75,0,94
84,29,8,1,41,75,0,99
84,30,7,1,46,75,0,94
84,31,2,0,36,75,5,94
84,32,23,1,46,75,0,94
84,33,3,1,39,75,0,99
84,34,22,1,39,80,-10,99
84,35,16,1,39,80,-20,99
84,36,47,1,39,80,-20,114
84,37,8,1,29,80,-20,119
84,38,4,0,14,85,-20,119
84,39,26,0,9,85,-20,124
84,40,13,1,14,90,-20,124
84,41,11,0,9,90,-20,126
84,42,22,0,4,90,-15,126
84,43,23,0,-1,80,-15,131
84,44,19,1,14,80,-15,131
84,45,43,0,34,80,-25,131
84,46,5,0,29,80,-20,131
84,47,4,1,39,80,-20,126
84,48,7,0,24,85,-20,126
84,49,20,0,19,85,-5,126
84,50,32,0,19,90,-20,126
84,51,30,0,19,90,-30,136
84,52,6,0,29,90,-35,136
84,53,41,0,19,100,-35,136
84,54,13,1,24,105,-35,136
84,55,5,1,29,105,-45,136
84,56,42,0,21,105,-45,146
84,57,18,0,-4,105,-45,156
84,58,11,1,1,105,-45,156
84,59,1,0,11,105,-60,156
84,60,14,1,11,110,-60,156
84,61,13,0,11,110,-60,161
84,62,24,1,16,110,-60,161
84,63,46,0,9,110,-60,166
84,64,33,0,39,110,-60,166
84,65,27,0,49,95,-60,166
84,66,13,1,54,100,-60,166
84,67,40,1,54,90,-50,166
84,68,3,1,47,90,-50,171
84,69,1,0,57,90,-65,171
84,70,41,1,62,80,-65,171
84,71,36,0,62,75,-65,173
84,72,10,1,82,75,-75,173
84,73,6,1,74,75,-75,178
84,74,22,1,74,80,-85,178
84,75,38,1,79,80,-85,178
84,76,14,0,79,80,-85,183
84,77,21,1,79,85,-100,183
84,78,48,1,79,90,-100,173
84,79,18,0,54,90,-100,183
84,80,2,1,59,90,-110,183
84,81,4,1,69,90,-110,178
84,82,6,0,79,90,-115,178
84,83,14,0,79,90,-115,183
84,84,22,0,74,90,-110,183
84,85,2,1,79,90,-120,183
84,86,5,0,74,90,-115,183
84,87,30,1,74,90,-105,183
84,88,11,1,79,90,-105,183
84,89,40,0,79,100,-115,183
84,90,4,0,64,105,-115,183
84,91,9,1,69,105,-115,183
84,92,13,0,69,105,-115,188
84,93,11,0,64,105,-115,190
84,94,41,0,54,115,-115,190
84,95,34,0,54,100,-100,190
84,96,26,1,64,100,-105,190
84,97,46,0,57,100,-105,195
84,98,12,0,52,110,-105,195
84,99,38,0,47,115,-105,195
85,0,37,1,60,50,50,50
85,1,23,0,55,40,50,55
85,2,36,1,55,45,50,50
85,3,16,0,45,50,50,50
85,4,10,0,40,55,50,50
85,5,12,0,35,65,50,50
85,6,38,0,30,70,50,50
85,7,37,0,18,80,50,50
85,8,31,1,18,80,60,50
85,9,15,0,38,75,60,50
85,10,1,0,48,75,45,50
85,11,29,0,38,75,50,50
85,12,16,1,38,75,40,50
85,13,27,0,48,60,40,50
85,14,46,1,53,60,40,45
85,15,5,1,58,60,30,45
85,16,10,0,53,65,30,45
85,17,24,0,48,65,35,45
85,18,45,1,48,70,35,45
85,19,15,1,48,75,35,45
85,20,32,1,48,65,50,45
85,21,4,0,33,70,50,45
85,22,40,1,33,60,60,45
85,23,25,1,33,65,50,45
85,24,33,0,63,65,50,45
85,25,23,1,73,65,45,45
85,26,14,0,73,65,45,50
85,27,2,1,78,65,35,50
85,28,39,1,83,65,35,45
85,29,13,1,88,70,35,45
85,30,22,0,83,70,40,45
85,31,43,1,83,70,45,30
85,32,24,1,88,70,45,30
85,33,2,0,78,70,50,30
85,34,16,0,68,75,50,30
85,35,15,0,88,70,50,30
85,36,8,1,78,70,50,35
85,37,4,1,88,70,50,30
85,38,1,1,80,70,55,30
85,39,42,0,72,70,55,40
85,40,12,0,67,80,55,40
85,41,34,0,67,65,70,40
85,42,41,1,72,55,70,40
85,43,40,1,72,45,80,40
85,44,2,1,77,45,70,40
85,45,27,1,77,50,65,40
85,46,26,1,87,50,60,40
85,47,16,1,87,50,50,40
85,48,48,1,87,55,50,30
85,49,9,0,82,55,50,35
85,50,11,0,77,55,50,37
85,51,5,1,82,55,40,37
85,52,14,0,82,55,40,42
85,53,30,1,82,55,50,42
85,54,36,0,82,50,50,44
85,55,16,0,72,55,50,44
85,56,22,0,67,55,55,44
85,57,48,1,67,60,55,34
85,58,14,0,67,60,55,39
85,59,10,1,87,60,45,39
85,60,21,1,87,65,30,39
85,61,47,0,112,65,30,39
85,62,11,0,107,65,30,41
85,63,15,1,107,70,30,41
85,64,14,0,107,70,30,46
85,65,7,0,92,75,30,46
85,66,25,1,92,80,20,46
85,67,35,1,92,70,30,46
85,68,39,1,97,70,30,41
85,69,11,0,92,70,30,43
85,70,15,1,92,75,30,43
85,71,37,0,80,85,30,43
85,72,28,0,70,85,40,43
85,73,6,1,62,85,40,48
85,74,16,0,52,90,40,48
85,75,9,0,47,90,40,53
85,76,41,0,37,100,40,53
85,77,23,1,47,100,35,53
85,78,47,1,47,100,35,68
85,79,14,1,47,105,35,68
85,80,13,1,52,110,35,68
85,81,4,1,62,110,35,63
85,82,39,0,55,115,35,63
85,83,16,0,45,120,35,63
85,84,41,0,35,130,35,63
85,85,20,1,35,135,20,63
85,86,26,1,45,135,15,63
85,87,48,1,45,140,15,53
85,88,24,0,40,140,20,53
85,89,42,1,40,145,20,53
85,90,46,1,45,145,20,48
85,91,21,1,45,150,5,48
85,92,23,1,55,150,0,48
85,93,15,0,75,145,0,48
85,94,25,0,75,140,10,48
85,95,22,0,70,140,15,48
85,96,9,1,75,140,15,48
85,97,2,1,80,140,5,48
85,98,26,1,90,140,0,48
85,99,27,0,100,125,0,48
86,0,10,0,45,55,50,50
86,1,46,1,50,55,50,45
86,2,31,0,50,60,40,45
86,3,13,1,55,65,40,45
86,4,2,1,60,65,30,45
86,5,10,1,80,65,20,45
86,6,43,1,80,65,25,30
86,7,26,0,75,65,25,35
86,8,11,1,80,65,25,35
86,9,36,0,80,60,25,37
86,10,13,0,80,60,25,42
86,11,41,0,70,70,25,42
86,12,27,0,80,55,25,42
86,13,29,1,80,70,5,42
86,14,2,0,70,70,10,42
86,15,8,1,60,70,10,47
86,16,5,0,55,70,15,47
86,17,16,1,55,70,5,47
86,18,11,0,50,70,5,49
86,19,40,1,50,60,15,49
86,20,25,1,50,65,5,49
86,21,10,0,45,70,5,49
86,22,18,0,20,70,5,59
86,23,12,1,25,70,5,59
86,24,5,0,20,70,10,59
86,25,8,1,10,70,10,64
86,26,25,1,10,75,0,64
86,27,21,0,5,75,15,64
86,28,43,0,25,75,5,64
86,29,11,1,30,75,5,64
86,30,2,0,20,75,10,64
86,31,25,1,20,80,0,64
86,32,46,1,25,80,0,59
86,33,20,0,20,80,15,59
86,34,5,1,25,80,5,59
86,35,16,1,25,80,-5,59
86,36,26,0,20,80,-5,64
86,37,38,0,15,85,-5,64
86,38,20,1,15,90,-20,64
86,39,18,1,25,90,-20,64
86,40,47,1,25,90,-20,79
86,41,14,1,25,95,-20,79
86,42,27,1,25,100,-25,79
86,43,21,0,20,100,-10,79
86,44,23,1,30,100,-15,79
86,45,20,1,30,105,-30,79
86,46,15,1,30,110,-30,79
86,47,2,0,20,110,-25,79
86,48,10,0,15,115,-25,79
86,49,18,1,25,115,-25,79
86,50,46,0,18,115,-25,84
86,51,28,1,28,115,-25,84
86,52,38,0,23,120,-25,84
86,53,16,0,13,125,-25,84
86,54,44,1,18,125,-25,84
86,55,14,0,18,125,-25,89
86,56,21,1,18,130,-40,89
86,57,22,0,13,130,-35,89
86,58,3,0,28,130,-40,89
86,59,32,1,28,120,-25,89
86,60,13,0,28,120,-25,94
86,61,23,0,23,110,-25,99
86,62,6,0,33,110,-30,99
86,63,2,1,38,110,-40,99
86,64,14,0,38,110,-40,104
86,65,10,1,58,110,-50,104
86,66,38,1,63,110,-50,104
86,67,5,0,58,110,-45,104
86,68,25,1,58,115,-55,104
86,69,15,0,78,110,-55,104
86,70,10,1,98,110,-65,104
86,71,41,0,88,120,-65,104
86,72,27,1,88,125,-70,104
86,73,9,1,93,125,-70,104
86,74,36,0,93,120,-70,106
86,75,19,0,73,120,-60,116
86,76,2,1,78,120,-70,116
86,77,43,0,98,120,-80,116
86,78,27,0,108,105,-80,116
86,79,11,1,113,105,-80,116
86,80,33,0,143,105,-80,116
86,81,25,0,143,100,-70,116
86,82,28,0,133,100,-60,116
86,83,1,1,125,100,-55,116
86,84,9,0,120,100,-55,121
86,85,7,1,125,100,-55,116
86,86,2,0,115,100,-50,116
86,87,37,1,125,100,-50,116
86,88,23,1,135,100,-55,116
86,89,4,0,120,105,-55,116
86,90,28,0,110,105,-45,116
86,91,21,0,105,105,-30,116
86,92,5,1,110,105,-40,116
86,93,3,1,103,105,-40,121
86,94,4,0,88,110,-40,121
86,95,23,1,98,110,-45,121
86,96,10,0,93,115,-45,121
86,97,2,1,98,115,-55,121
86,98,36,1,98,120,-55,116
86,99,16,0,88,125,-55,116
87,0,5,0,45,50,55,50
87,1,29,0,35,50,60,50
87,2,21,1,35,55,45,50
87,3,2,0,25,55,50,50
87,4,41,1,30,45,50,50
87,5,31,0,30,50,40,50
87,6,8,0,30,55,30,50
87,7,40,0,30,65,20,50
87,8,15,1,30,70,20,50
87,9,4,0,15,75,20,50
87,10,39,0,8,80,20,50
87,11,23,0,3,70,20,55
87,12,12,0,-2,80,20,55
87,13,9,0,-7,80,20,60
87,14,36,0,-7,75,20,62
87,15,15,1,-7,80,20,62
87,16,28,1,3,80,20,62
87,17,3,1,-4,80,20,67
87,18,2,1,1,80,10,67
87,19,10,1,21,80,0,67
87,20,17,0,1,90,0,67
87,21,15,1,1,95,0,67
87,22,20,1,1,100,-15,67
87,23,41,0,-9,110,-15,67
87,24,48,0,-19,110,-15,72
87,25,22,1,-19,115,-25,72
87,26,36,0,-19,110,-25,74
87,27,10,1,1,110,-35,74
87,28,20,0,-4,110,-20,74
87,29,41,0,-14,120,-20,74
87,30,42,0,-22,120,-20,84
87,31,3,1,-29,120,-20,89
87,32,15,0,-9,115,-20,89
87,33,46,1,-4,115,-20,84
87,34,23,1,6,115,-25,84
87,35,1,0,16,115,-40,84
87,36,26,0,11,115,-40,89
87,37,14,0,11,115,-40,94
87,38,25,0,11,110,-30,94
87,39,12,0,6,120,-30,94
87,40,1,0,16,120,-45,94
87,41,13,1,21,125,-45,94
87,42,20,0,16,125,-30,94
87,43,42,0,8,125,-30,104
87,44,22,0,3,125,-25,104
87,45,39,1,8,125,-25,99
87,46,25,1,8,130,-35,99
87,47,23,0,3,120,-35,104
87,48,1,0,13,120,-50,104
87,49,9,0,8,120,-50,109
87,50,19,1,23,120,-50,109
87,51,45,0,23,120,-50,114
87,52,22,1,23,125,-60,114
87,53,2,1,28,125,-70,114
87,54,40,0,28,135,-80,114
87,55,3,0,43,135,-85,114
87,56,41,1,48,125,-85,114
87,57,46,1,53,125,-85,109
87,58,13,0,53,125,-85,114
87,59,37,0,41,135,-85,114
87,60,11,0,36,135,-85,116
87,61,25,0,36,130,-75,116
87,62,2,0,26,130,-70,116
87,63,10,0,21,135,-70,116
87,64,13,1,26,140,-70,116
87,65,23,1,36,140,-75,116
87,66,9,0,31,140,-75,121
87,67,15,0,51,135,-75,121
87,68,43,1,51,135,-70,106
87,69,30,1,51,135,-60,106
87,70,22,1,51,140,-70,106
87,71,36,1,51,145,-70,101
87,72,11,1,56,145,-70,101
87,73,20,1,56,150,-85,101
87,74,6,1,48,150,-85,106
87,75,26,1,58,150,-90,106
87,76,1,1,50,150,-85,106
87,77,13,1,55,155,-85,106
87,78,9,0,50,155,-85,111
87,79,41,1,55,145,-85,111
87,80,28,0,45,145,-75,111
87,81,23,1,55,145,-80,111
87,82,13,0,55,145,-80,116
87,83,16,0,45,150,-80,116
87,84,47,1,45,150,-80,131
87,85,10,1,65,150,-90,131
87,86,12,1,70,150,-90,131
87,87,28,1,80,150,-90,131
87,88,7,0,65,155,-90,131
87,89,26,1,75,155,-95,131
87,90,20,1,75,160,-110,131
87,91,38,0,70,165,-110,131
87,92,29,1,70,180,-130,131
87,93,36,0,70,175,-130,133
87,94,25,1,70,180,-140,133
87,95,12,1,75,180,-140,133
87,96,32,1,75,170,-125,133
87,97,40,0,75,180,-135,133
87,98,1,1,67,180,-130,133
87,99,3,1,60,180,-130,138
88,0,5,1,55,50,40,50
88,1,21,1,55,55,25,50
88,2,12,0,50,65,25,50
88,3,28,1,60,65,25,50
88,4,37,1,70,65,25,50
88,5,5,0,65,65,30,50
88,6,4,1,75,65,30,45
88,7,16,1,75,65,20,45
88,8,15,1,75,70,20,45
88,9,13,0,75,70,20,50
88,10,3,0,90,70,15,50
88,11,42,1,90,75,15,50
88,12,5,0,85,75,20,50
88,13,16,1,85,75,10,50
88,14,15,0,105,70,10,50
88,15,13,1,110,75,10,50
88,16,2,1,115,75,0,50
88,17,19,0,95,75,10,60
88,18,31,1,95,75,20,60
88,19,29,0,85,75,25,60
88,20,47,1,85,75,25,75
88,21,41,0,75,85,25,75
88,22,11,1,80,85,25,75
88,23,16,1,80,85,15,75
88,24,8,0,80,90,5,75
88,25,13,1,85,95,5,75
88,26,25,0,85,90,15,75
88,27,39,1,90,90,15,70
88,28,15,1,90,95,15,70
88,29,3,1,83,95,15,75
88,30,27,1,83,100,10,75
88,31,30,0,83,100,0,85
88,32,32,0,83,105,-15,85
88,33,11,1,88,105,-15,85
88,34,25,0,88,100,-5,85
88,35,46,1,93,100,-5,80
88,36,23,0,88,90,-5,85
88,37,33,0,118,90,-5,85
88,38,2,1,123,90,-15,85
88,39,34,1,138,90,-15,85
88,40,25,0,138,85,-5,85
88,41,6,0,148,85,-10,85
88,42,23,0,143,75,-10,90
88,43,16,0,133,80,-10,90
88,44,36,1,133,85,-10,85
88,45,3,1,126,85,-10,90
88,46,1,0,136,85,-25,90
88,47,48,1,136,90,-25,80
88,48,15,0,156,85,-25,80
88,49,47,0,181,85,-25,80
88,50,20,0,176,85,-10,80
88,51,39,0,169,90,-10,80
88,52,12,1,174,90,-10,80
88,53,25,1,174,95,-20,80
88,54,36,0,174,90,-20,82
88,55,41,1,179,80,-20,82
88,56,26,1,189,80,-25,82
88,57,44,1,194,80,-25,82
88,58,15,1,194,85,-25,82
88,59,23,0,189,75,-25,87
88,60,6,0,199,75,-30,87
88,61,2,1,204,75,-40,87
88,62,12,1,209,75,-40,87
88,63,25,1,209,80,-50,87
88,64,3,0,224,80,-55,87
88,65,46,0,217,80,-55,92
88,66,6,0,227,80,-60,92
88,67,15,1,227,85,-60,92
88,68,23,1,237,85,-65,92
88,69,2,1,242,85,-75,92
88,70,8,0,242,90,-85,92
88,71,16,1,242,90,-95,92
88,72,9,0,237,90,-95,97
88,73,26,0,232,90,-95,102
88,74,39,0,225,95,-95,102
88,75,22,1,225,100,-105,102
88,76,48,0,215,100,-105,107
88,77,47,0,240,100,-105,107
88,78,46,0,233,100,-105,112
88,79,17,1,218,100,-95,112
88,80,15,1,218,105,-95,112
88,81,21,0,213,105,-80,112
88,82,5,1,218,105,-90,112
88,83,24,1,223,105,-90,112
88,84,25,0,223,100,-80,112
88,85,12,1,228,100,-80,112
88,86,4,1,238,100,-80,107
88,87,16,1,238,100,-90,107
88,88,9,1,243,100,-90,107
88,89,13,0,243,100,-90,112
88,90,25,1,243,105,-100,112
88,91,15,0,263,100,-100,112
88,92,12,1,268,100,-100,112
88,93,1,1,260,100,-95,112
88,94,3,1,253,100,-95,117
88,95,20,0,248,100,-80,117
88,96,40,1,248,90,-70,117
88,97,10,1,268,90,-80,117
88,98,23,1,278,90,-85,117
88,99,39,0,271,95,-85,117
89,0,26,1,60,50,45,50
89,1,3,0,75,50,40,50
89,2,16,0,65,55,40,50
89,3,45,1,65,60,40,50
89,4,41,1,70,50,40,50
89,5,37,0,58,60,40,50
89,6,36,1,58,65,40,45
89,7,29,0,48,65,45,45
89,8,8,0,48,70,35,45
89,9,40,0,48,80,25,45
89,10,3,1,41,80,25,50
89,11,1,1,33,80,30,50
89,12,6,0,43,80,25,50
89,13,12,1,48,80,25,50
89,14,25,1,48,85,15,50
89,15,22,0,43,85,20,50
89,16,38,0,38,90,20,50
89,17,7,0,23,95,20,50
89,18,15,0,43,90,20,50
89,19,25,1,43,95,10,50
89,20,11,1,48,95,10,50
89,21,12,1,53,95,10,50
89,22,3,1,46,95,10,55
89,23,16,0,36,100,10,55
89,24,9,0,31,100,10,60
89,25,13,1,36,105,10,60
89,26,11,0,31,105,10,62
89,27,31,0,31,110,0,62
89,28,10,1,51,110,-10,62
89,29,32,1,51,100,5,62
89,30,41,0,41,110,5,62
89,31,9,1,46,110,5,62
89,32,38,0,41,115,5,62
89,33,16,0,31,120,5,62
89,34,26,1,41,120,0,62
89,35,12,0,36,130,0,62
89,36,15,0,56,125,0,62
89,37,30,0,56,125,-10,72
89,38,9,0,51,125,-10,77
89,39,41,1,56,115,-10,77
89,40,2,1,61,115,-20,77
89,41,26,0,56,115,-20,82
89,42,1,1,48,115,-15,82
89,43,20,1,48,120,-30,82
89,44,17,1,33,120,-20,82
89,45,15,0,53,115,-20,82
89,46,21,0,48,115,-5,82
89,47,39,1,53,115,-5,77
89,48,14,1,53,120,-5,77
89,49,1,0,63,120,-20,77
89,50,26,0,58,120,-20,82
89,51,41,1,63,110,-20,82
89,52,3,0,78,110,-25,82
89,53,14,0,78,110,-25,87
89,54,19,0,58,110,-15,97
89,55,33,1,58,115,-15,97
89,56,9,0,53,115,-15,102
89,57,24,1,58,115,-15,102
89,58,14,1,58,120,-15,102
89,59,41,1,63,110,-15,102
89,60,11,0,58,110,-15,104
89,61,36,0,58,105,-15,106
89,62,12,0,53,115,-15,106
89,63,22,1,53,120,-25,106
89,64,29,1,53,135,-45,106
89,65,15,0,73,130,-45,106
89,66,13,1,78,135,-45,106
89,67,8,0,78,140,-55,106
89,68,23,0,73,130,-55,111
89,69,47,1,73,130,-55,126
89,70,3,1,66,130,-55,131
89,71,34,1,81,130,-55,131
89,72,10,1,101,130,-65,131
89,73,4,1,111,130,-65,126
89,74,45,0,111,130,-65,131
89,75,26,0,106,130,-65,136
89,76,1,0,116,130,-80,136
89,77,35,1,116,120,-70,136
89,78,41,1,121,110,-70,136
89,79,2,0,111,110,-65,136
89,80,26,1,121,110,-70,136
89,81,4,1,131,110,-70,131
89,82,46,0,124,110,-70,136
89,83,41,1,129,100,-70,136
89,84,14,0,129,100,-70,141
89,85,11,0,124,100,-70,143
89,86,18,0,99,100,-70,153
89,87,24,1,104,100,-70,153
89,88,9,1,109,100,-70,153
89,89,8,0,109,105,-80,153
89,90,44,0,109,105,-70,158
89,91,3,1,102,105,-70,163
89,92,24,1,107,105,-70,163
89,93,23,1,117,105,-75,163
89,94,22,0,112,105,-70,163
89,95,20,0,107,105,-55,163
89,96,7,1,112,105,-55,158
89,97,21,0,107,105,-40,158
89,98,42,0,99,105,-40,168
89,99,9,0,94,105,-40,173
90,0,43,0,70,50,40,50
90,1,1,0,80,50,25,50
90,2,14,1,80,55,25,50
90,3,17,0,60,65,25,50
90,4,12,1,65,65,25,50
90,5,43,1,65,65,30,35
90,6,20,0,60,65,45,35
90,7,7,1,65,65,45,30
90,8,31,0,65,70,35,30
90,9,38,1,70,70,35,30
90,10,6,1,62,70,35,35
90,11,36,0,62,65,35,37
90,12,23,1,72,65,30,37
90,13,46,1,77,65,30,32
90,14,15,1,77,70,30,32
90,15,25,1,77,75,20,32
90,16,5,0,72,75,25,32
90,17,3,0,87,75,20,32
90,18,41,0,77,85,20,32
90,19,13,0,77,85,20,37
90,20,9,0,72,85,20,42
90,21,32,0,72,90,5,42
90,22,1,0,82,90,-10,42
90,23,10,1,102,90,-20,42
90,24,5,1,107,90,-30,42
90,25,12,1,112,90,-30,42
90,26,47,0,137,90,-30,42
90,27,2,1,142,90,-40,42
90,28,48,0,132,90,-40,47
90,29,36,1,132,95,-40,42
90,30,33,1,132,100,-40,42
90,31,8,1,122,100,-40,47
90,32,42,1,122,105,-40,47
90,33,45,0,122,105,-40,52
90,34,9,1,127,105,-40,52
90,35,14,1,127,110,-40,52
90,36,25,0,127,105,-30,52
90,37,15,1,127,110,-30,52
90,38,13,1,132,115,-30,52
90,39,48,1,132,120,-30,42
90,40,9,0,127,120,-30,47
90,41,3,0,142,120,-35,47
90,42,11,1,147,120,-35,47
90,43,4,0,132,125,-35,47
90,44,14,0,132,125,-35,52
90,45,38,0,127,130,-35,52
90,46,34,1,142,130,-35,52
90,47,9,0,137,130,-35,57
90,48,37,0,125,140,-35,57
90,49,12,1,130,140,-35,57
90,50,26,0,125,140,-35,62
90,51,10,0,120,145,-35,62
90,52,16,1,120,145,-45,62
90,53,37,0,108,155,-45,62
90,54,27,0,118,140,-45,62
90,55,19,0,98,140,-35,72
90,56,45,0,98,140,-35,77
90,57,23,0,93,130,-35,82
90,58,13,0,93,130,-35,87
90,59,12,0,88,140,-35,87
90,60,8,0,88,145,-45,87
90,61,2,1,93,145,-55,87
90,62,1,1,85,145,-50,87
90,63,4,0,70,150,-50,87
90,64,39,1,75,150,-50,82
90,65,23,1,85,150,-55,82
90,66,20,0,80,150,-40,82
90,67,22,0,75,150,-35,82
90,68,13,1,80,155,-35,82
90,69,10,0,75,160,-35,82
90,70,25,1,75,165,-45,82
90,71,38,0,70,170,-45,82
90,72,37,1,80,170,-45,82
90,73,12,1,85,170,-45,82
90,74,10,0,80,175,-45,82
90,75,20,1,80,180,-60,82
90,76,26,0,75,180,-60,87
90,77,46,0,68,180,-60,92
90,78,17,0,48,190,-60,92
90,79,6,1,40,190,-60,97
90,80,39,1,45,190,-60,92
90,81,26,1,55,190,-65,92
90,82,4,0,40,195,-65,92
90,83,21,0,35,195,-50,92
90,84,11,1,40,195,-50,92
90,85,41,1,45,185,-50,92
90,86,25,0,45,180,-40,92
90,87,10,1,65,180,-50,92
90,88,6,1,57,180,-50,97
90,89,35,1,57,170,-40,97
90,90,13,0,57,170,-40,102
90,91,11,0,52,170,-40,104
90,92,25,0,52,165,-30,104
90,93,38,0,47,170,-30,104
90,94,12,1,52,170,-30,104
90,95,10,0,47,175,-30,104
90,96,46,0,40,175,-30,109
90,97,15,1,40,180,-30,109
90,98,1,1,32,180,-25,109
90,99,26,0,27,180,-25,114
91,0,45,0,50,50,50,55
91,1,31,0,50,55,40,55
91,2,4,1,60,55,40,50
91,3,48,0,50,55,40,55
91,4,7,0,35,60,40,55
91,5,1,0,45,60,25,55
91,6,41,1,50,50,25,55
91,7,45,0,50,50,25,60
91,8,39,0,43,55,25,60
91,9,18,1,53,55,25,60
91,10,47,0,78,55,25,60
91,11,7,1,83,55,25,55
91,12,19,1,98,55,25,55
91,13,10,1,118,55,15,55
91,14,14,1,118,60,15,55
91,15,22,1,118,65,5,55
91,16,20,1,118,70,-10,55
91,17,18,1,128,70,-10,55
91,18,11,0,123,70,-10,57
91,19,16,1,123,70,-20,57
91,20,36,1,123,75,-20,52
91,21,14,0,123,75,-20,57
91,22,41,0,113,85,-20,57
91,23,17,1,98,85,-10,57
91,24,22,1,98,90,-20,57
91,25,12,1,103,90,-20,57
91,26,14,0,103,90,-20,62
91,27,28,0,93,90,-10,62
91,28,16,0,83,95,-10,62
91,29,47,1,83,95,-10,77
91,30,41,1,88,85,-10,77
91,31,22,0,83,85,-5,77
91,32,14,1,83,90,-5,77
91,33,8,0,83,95,-15,77
91,34,11,0,78,95,-15,79
91,35,26,1,88,95,-20,79
91,36,38,0,83,100,-20,79
91,37,9,0,78,100,-20,84
91,38,21,0,73,100,-5,84
91,39,14,1,73,105,-5,84
91,40,42,0,65,105,-5,94
91,41,26,0,60,105,-5,99
91,42,46,1,65,105,-5,94
91,43,36,0,65,100,-5,96
91,44,1,0,75,100,-20,96
91,45,3,1,68,100,-20,101
91,46,32,0,68,105,-35,101
91,47,2,0,58,105,-30,101
91,48,8,0,58,110,-40,101
91,49,1,0,68,110,-55,101
91,50,33,1,68,115,-55,101
91,51,12,0,63,125,-55,101
91,52,13,0,63,125,-55,106
91,53,25,0,63,120,-45,106
91,54,30,1,63,120,-35,106
91,55,10,1,83,120,-45,106
91,56,2,1,88,120,-55,106
91,57,41,0,78,130,-55,106
91,58,12,1,83,130,-55,106
91,59,21,0,78,130,-40,106
91,60,40,0,78,140,-50,106
91,61,13,0,78,140,-50,111
91,62,34,1,93,140,-50,111
91,63,11,1,98,140,-50,111
91,64,41,0,88,150,-50,111
91,65,17,0,68,160,-50,111
91,66,22,0,63,160,-45,111
91,67,1,1,55,160,-40,111
91,68,10,1,75,160,-50,111
91,69,12,1,80,160,-50,111
91,70,11,0,75,160,-50,113
91,71,41,0,65,170,-50,113
91,72,13,1,70,175,-50,113
91,73,21,1,70,180,-65,113
91,74,3,1,63,180,-65,118
91,75,15,1,63,185,-65,118
91,76,36,0,63,180,-65,120
91,77,9,1,68,180,-65,120
91,78,46,1,73,180,-65,115
91,79,7,1,78,180,-65,110
91,80,25,1,78,185,-75,110
91,81,22,0,73,185,-70,110
91,82,16,0,63,190,-70,110
91,83,15,1,63,195,-70,110
91,84,10,0,58,200,-70,110
91,85,2,1,63,200,-80,110
91,86,8,0,63,205,-90,110
91,87,7,1,68,205,-90,105
91,88,12,0,63,215,-90,105
91,89,22,1,63,220,-100,105
91,90,15,1,63,225,-100,105
91,91,28,1,73,225,-100,105
91,92,44,1,78,225,-100,105
91,93,1,0,88,225,-115,105
91,94,36,1,88,230,-115,100
91,95,43,0,108,230,-125,100
91,96,8,1,98,230,-125,105
91,97,13,1,103,235,-125,105
91,98,7,1,108,235,-125,100
91,99,23,0,103,225,-125,105
92,0,15,0,70,45,50,50
92,1,31,0,70,50,40,50
92,2,48,1,70,55,40,40
92,3,20,0,65,55,55,40
92,4,41,0,55,65,55,40
92,5,10,1,75,65,45,40
92,6,37,0,63,75,45,40
92,7,1,1,55,75,50,40
92,8,16,1,55,75,40,40
92,9,43,1,55,75,45,25
92,10,41,0,45,85,45,25
92,11,25,0,45,80,55,25
92,12,29,0,35,80,60,25
92,13,13,0,35,80,60,30
92,14,27,1,35,85,55,30
92,15,22,1,35,90,45,30
92,16,20,0,30,90,60,30
92,17,26,1,40,90,55,30
92,18,5,1,45,90,45,30
92,19,40,1,45,80,55,30
92,20,29,0,35,80,60,30
92,21,17,1,20,80,70,30
92,22,16,1,20,80,60,30
92,23,42,1,20,85,60,30
92,24,7,1,25,85,60,25
92,25,5,0,20,85,65,25
92,26,41,1,25,75,65,25
92,27,11,1,30,75,65,25
92,28,10,0,25,80,65,25
92,29,20,0,20,80,80,25
92,30,5,0,15,80,85,25
92,31,42,1,15,85,85,25
92,32,22,1,15,90,75,25
92,33,45,1,15,95,75,25
92,34,20,0,10,95,90,25
92,35,47,0,35,95,90,25
92,36,3,1,28,95,90,30
92,37,1,0,38,95,75,30
92,38,17,1,23,95,85,30
92,39,11,1,28,95,85,30
92,40,43,1,28,95,90,15
92,41,9,0,23,95,90,20
92,42,14,1,23,100,90,20
92,43,22,0,18,100,95,20
92,44,40,1,18,90,105,20
92,45,38,0,13,95,105,20
92,46,3,1,6,95,105,25
92,47,13,1,11,100,105,25
92,48,16,0,1,105,105,25
92,49,12,0,-4,115,105,25
92,50,41,1,1,105,105,25
92,51,44,0,1,105,115,30
92,52,14,0,1,105,115,35
92,53,2,0,-9,105,120,35
92,54,11,1,-4,105,120,35
92,55,12,0,-9,115,120,35
92,56,32,1,-9,105,135,35
92,57,3,0,6,105,130,35
92,58,44,0,6,105,140,40
92,59,23,0,1,95,140,45
92,60,9,1,6,95,140,45
92,61,6,1,-2,95,140,50
92,62,39,1,3,95,140,45
92,63,22,1,3,100,130,45
92,64,8,0,3,105,120,45
92,65,4,1,13,105,120,40
92,66,25,0,13,100,130,40
92,67,33,1,13,105,130,40
92,68,10,1,33,105,120,40
92,69,11,0,28,105,120,42
92,70,16,1,28,105,110,42
92,71,8,0,28,110,100,42
92,72,27,0,38,95,100,42
92,73,38,0,33,100,100,42
92,74,5,1,38,100,90,42
92,75,25,1,38,105,80,42
92,76,15,1,38,110,80,42
92,77,22,1,38,115,70,42
92,78,6,0,48,115,65,42
92,79,43,0,68,115,55,42
92,80,23,0,63,105,55,47
92,81,13,1,68,110,55,47
92,82,24,1,73,110,55,47
92,83,3,1,66,110,55,52
92,84,11,1,71,110,55,52
92,85,41,1,76,100,55,52
92,86,16,1,76,100,45,52
92,87,48,1,76,105,45,42
92,88,8,0,76,110,35,42
92,89,44,0,76,110,45,47
92,90,9,0,71,110,45,52
92,91,13,0,71,110,45,57
92,92,4,0,56,115,45,57
92,93,47,1,56,115,45,72
92,94,22,0,51,115,50,72
92,95,36,1,51,120,50,67
92,96,13,1,56,125,50,67
92,97,6,1,48,125,50,72
92,98,18,1,58,125,50,72
92,99,25,0,58,120,60,72
93,0,2,1,55,50,40,50
93,1,6,1,47,50,40,55
93,2,3,0,62,50,35,55
93,3,5,1,67,50,25,55
93,4,4,0,52,55,25,55
93,5,23,0,47,45,25,60
93,6,9,1,52,45,25,60
93,7,27,1,52,50,20,60
93,8,5,0,47,50,25,60
93,9,22,1,47,55,15,60
93,10,4,1,57,55,15,55
93,11,14,0,57,55,15,60
93,12,2,1,62,55,5,60
93,13,25,1,62,60,-5,60
93,14,1,0,72,60,-20,60
93,15,9,1,77,60,-20,60
93,16,39,1,82,60,-20,55
93,17,20,1,82,65,-35,55
93,18,17,1,67,65,-25,55
93,19,18,1,77,65,-25,55
93,20,5,0,72,65,-20,55
93,21,7,1,77,65,-20,50
93,22,45,0,77,65,-20,55
93,23,8,1,67,65,-20,60
93,24,10,0,62,70,-20,60
93,25,42,0,54,70,-20,70
93,26,37,1,64,70,-20,70
93,27,1,0,74,70,-35,70
93,28,22,0,69,70,-30,70
93,29,10,0,64,75,-30,70
93,30,38,0,59,80,-30,70
93,31,4,1,69,80,-30,65
93,32,11,1,74,80,-30,65
93,33,1,0,84,80,-45,65
93,34,15,0,104,75,-45,65
93,35,12,0,99,85,-45,65
93,36,16,1,99,85,-55,65
93,37,5,0,94,85,-50,65
93,38,25,1,94,90,-60,65
93,39,13,0,94,90,-60,70
93,40,41,0,84,100,-60,70
93,41,26,1,94,100,-65,70
93,42,10,1,114,100,-75,70
93,43,4,1,124,100,-75,65
93,44,5,0,119,100,-70,65
93,45,6,1,111,100,-70,70
93,46,3,0,126,100,-75,70
93,47,17,1,111,100,-65,70
93,48,36,1,111,105,-65,65
93,49,31,0,111,110,-75,65
93,50,32,0,111,115,-90,65
93,51,20,1,111,120,-105,65
93,52,6,0,121,120,-110,65
93,53,44,0,121,120,-100,70
93,54,22,1,121,125,-110,70
93,55,40,1,121,115,-100,70
93,56,25,1,121,120,-110,70
93,57,3,1,114,120,-110,75
93,58,21,0,109,120,-95,75
93,59,37,0,97,130,-95,75
93,60,48,0,87,130,-95,80
93,61,39,0,80,135,-95,80
93,62,41,0,70,145,-95,80
93,63,14,1,70,150,-95,80
93,64,30,1,70,150,-85,80
93,65,11,0,65,150,-85,82
93,66,33,0,95,150,-85,82
93,67,22,1,95,155,-95,82
93,68,39,1,100,155,-95,77
93,69,4,1,110,155,-95,72
93,70,9,0,105,155,-95,77
93,71,10,1,125,155,-105,77
93,72,41,1,130,145,-105,77
93,73,46,0,123,145,-105,82
93,74,29,0,113,145,-100,82
93,75,6,1,105,145,-100,87
93,76,45,1,105,150,-100,87
93,77,34,1,120,150,-100,87
93,78,25,1,120,155,-110,87
93,79,1,0,130,155,-125,87
93,80,9,0,125,155,-125,92
93,81,22,0,120,155,-120,92
93,82,11,1,125,155,-120,92
93,83,29,1,125,170,-140,92
93,84,2,0,115,170,-135,92
93,85,20,1,115,175,-150,92
93,86,27,1,115,180,-155,92
93,87,11,0,110,180,-155,94
93,88,5,1,115,180,-165,94
93,89,30,0,115,180,-175,104
93,90,18,1,125,180,-175,104
93,91,48,1,125,185,-175,94
93,92,41,1,130,175,-175,94
93,93,3,0,145,175,-180,94
93,94,13,1,150,180,-180,94
93,95,11,0,145,180,-180,96
93,96,15,0,165,175,-180,96
93,97,22,1,165,180,-190,96
93,98,26,0,160,180,-190,101
93,99,43,0,180,180,-200,101
94,0,5,1,55,50,40,50
94,1,10,0,50,55,40,50
94,2,46,1,55,55,40,45
94,3,31,0,55,60,30,45
94,4,2,0,45,60,35,45
94,5,25,1,45,65,25,45
94,6,23,1,55,65,20,45
94,7,4,1,65,65,20,40
94,8,48,1,65,70,20,30
94,9,38,1,70,70,20,30
94,10,2,0,60,70,25,30
94,11,25,1,60,75,15,30
94,12,24,0,55,75,20,30
94,13,21,0,50,75,35,30
94,14,43,1,50,75,40,15
94,15,9,0,45,75,40,20
94,16,41,1,50,65,40,20
94,17,27,1,50,70,35,20
94,18,32,1,50,60,50,20
94,19,28,1,60,60,50,20
94,20,14,0,60,60,50,25
94,21,37,1,70,60,50,25
94,22,21,1,70,65,35,25
94,23,11,0,65,65,35,27
94,24,33,0,95,65,35,27
94,25,3,0,110,65,30,27
94,26,28,1,120,65,30,27
94,27,10,1,140,65,20,27
94,28,12,0,135,75,20,27
94,29,23,0,130,65,20,32
94,30,2,0,120,65,25,32
94,31,38,0,115,70,25,32
94,32,18,1,125,70,25,32
94,33,1,1,117,70,30,32
94,34,6,0,127,70,25,32
94,35,3,1,120,70,25,37
94,36,37,0,108,80,25,37
94,37,36,1,108,85,25,32
94,38,7,1,113,85,25,27
94,39,12,0,108,95,25,27
94,40,45,1,108,100,25,27
94,41,2,1,113,100,15,27
94,42,26,0,108,100,15,32
94,43,9,1,113,100,15,32
94,44,11,0,108,100,15,34
94,45,10,1,128,100,5,34
94,46,5,0,123,100,10,34
94,47,2,0,113,100,15,34
94,48,8,0,113,105,5,34
94,49,12,0,108,115,5,34
94,50,23,1,118,115,0,34
94,51,27,1,118,120,-5,34
94,52,34,0,118,105,10,34
94,53,38,1,123,105,10,34
94,54,35,0,123,113,-5,34
94,55,16,0,113,118,-5,34
94,56,12,0,108,128,-5,34
94,57,27,1,108,133,-10,34
94,58,46,1,113,133,-10,29
94,59,25,1,113,138,-20,29
94,60,45,1,113,143,-20,29
94,61,24,1,118,143,-20,29
94,62,1,0,128,143,-35,29
94,63,29,1,128,158,-55,29
94,64,22,1,128,163,-65,29
94,65,27,0,138,148,-65,29
94,66,10,0,133,153,-65,29
94,67,9,1,138,153,-65,29
94,68,7,1,143,153,-65,24
94,69,11,0,138,153,-65,26
94,70,24,0,133,153,-60,26
94,71,5,0,128,153,-55,26
94,72,12,1,133,153,-55,26
94,73,20,0,128,153,-40,26
94,74,42,1,128,158,-40,26
94,75,15,0,148,153,-40,26
94,76,21,0,143,153,-25,26
94,77,22,1,143,158,-35,26
94,78,26,1,153,158,-40,26
94,79,8,0,153,163,-50,26
94,80,42,1,153,168,-50,26
94,81,39,0,146,173,-50,26
94,82,6,0,156,173,-55,26
94,83,2,1,161,173,-65,26
94,84,25,0,161,168,-55,26
94,85,36,1,161,173,-55,21
94,86,15,1,161,178,-55,21
94,87,7,0,146,183,-55,21
94,88,18,1,156,183,-55,21
94,89,8,1,146,183,-55,26
94,90,36,1,146,188,-55,21
94,91,9,0,141,188,-55,26
94,92,5,1,146,188,-65,26
94,93,46,1,151,188,-65,21
94,94,23,1,161,188,-70,21
94,95,14,1,161,193,-70,21
94,96,25,0,161,188,-60,21
94,97,13,1,166,193,-60,21
94,98,10,0,161,198,-60,21
94,99,21,1,161,203,-75,21
95,0,26,0,45,50,50,55
95,1,48,1,45,55,50,45
95,2,31,0,45,60,40,45
95,3,37,1,55,60,40,45
95,4,45,1,55,65,40,45
95,5,25,0,55,60,50,45
95,6,41,1,60,50,50,45
95,7,5,0,55,50,55,45
95,8,30,0,55,50,45,55
95,9,20,0,50,50,60,55
95,10,39,1,55,50,60,50
95,11,23,0,50,40,60,55
95,12,32,1,50,30,75,55
95,13,12,1,55,30,75,55
95,14,10,0,50,35,75,55
95,15,46,0,43,35,75,60
95,16,7,0,28,40,75,60
95,17,23,0,23,30,75,65
95,18,5,0,18,30,80,65
95,19,28,1,28,30,80,65
95,20,45,1,28,35,80,65
95,21,39,1,33,35,80,60
95,22,22,1,33,40,70,60
95,23,13,1,38,45,70,60
95,24,26,1,48,45,65,60
95,25,12,1,53,45,65,60
95,26,25,1,53,50,55,60
95,27,22,1,53,55,45,60
95,28,15,0,73,50,45,60
95,29,39,0,66,55,45,60
95,30,26,0,61,55,45,65
95,31,41,0,51,65,45,65
95,32,42,1,51,70,45,65
95,33,5,1,56,70,35,65
95,34,25,0,56,65,45,65
95,35,24,1,61,65,45,65
95,36,47,1,61,65,45,80
95,37,45,1,61,70,45,80
95,38,8,1,51,70,45,85
95,39,30,1,51,70,55,85
95,40,25,1,51,75,45,85
95,41,46,1,56,75,45,80
95,42,26,0,51,75,45,85
95,43,33,1,51,80,45,85
95,44,8,0,51,85,35,85
95,45,4,0,36,90,35,85
95,46,2,1,41,90,25,85
95,47,42,1,41,95,25,85
95,48,22,0,36,95,30,85
95,49,28,0,26,95,40,85
95,50,25,0,26,90,50,85
95,51,44,0,26,90,60,90
95,52,46,1,31,90,60,85
95,53,42,1,31,95,60,85
95,54,3,0,46,95,55,85
95,55,2,1,51,95,45,85
95,56,16,1,51,95,35,85
95,57,23,0,46,85,35,90
95,58,44,0,46,85,45,95
95,59,27,0,56,70,45,95
95,60,9,1,61,70,45,95
95,61,10,1,81,70,35,95
95,62,43,0,101,70,25,95
95,63,39,0,94,75,25,95
95,64,4,1,104,75,25,90
95,65,13,0,104,75,25,95
95,66,3,1,97,75,25,100
95,67,16,1,97,75,15,100
95,68,7,0,82,80,15,100
95,69,41,1,87,70,15,100
95,70,36,0,87,65,15,102
95,71,9,0,82,65,15,107
95,72,34,1,97,65,15,107
95,73,2,0,87,65,20,107
95,74,13,1,92,70,20,107
95,75,14,1,92,75,20,107
95,76,47,0,117,75,20,107
95,77,38,1,122,75,20,107
95,78,1,1,114,75,25,107
95,79,25,0,114,70,35,107
95,80,5,1,119,70,25,107
95,81,10,1,139,70,15,107
95,82,41,1,144,60,15,107
95,83,4,0,129,65,15,107
95,84,47,0,154,65,15,107
95,85,23,1,164,65,10,107
95,86,35,1,164,55,20,107
95,87,20,0,159,55,35,107
95,88,26,1,169,55,30,107
95,89,46,1,174,55,30,102
95,90,3,0,189,55,25,102
95,91,6,0,199,55,20,102
95,92,44,1,204,55,20,102
95,93,12,1,209,55,20,102
95,94,39,0,202,60,20,102
95,95,5,0,197,60,25,102
95,96,16,0,187,65,25,102
95,97,23,0,182,55,25,107
95,98,25,1,182,60,15,107
95,99,4,1,192,60,15,102
96,0,31,1,50,50,60,50
96,1,24,1,55,50,60,50
96,2,12,0,50,60,60,50
96,3,14,0,50,60,60,55
96,4,13,0,50,60,60,60
96,5,9,1,55,60,60,60
96,6,26,1,65,60,55,60
96,7,46,1,70,60,55,55
96,8,25,1,70,65,45,55
96,9,12,1,75,65,45,55
96,10,13,1,80,70,45,55
96,11,5,0,75,70,50,55
96,12,44,0,75,70,60,60
96,13,21,0,70,70,75,60
96,14,18,0,45,70,75,70
96,15,12,0,40,80,75,70
96,16,15,1,40,85,75,70
96,17,39,0,33,90,75,70
96,18,11,0,28,90,75,72
96,19,23,1,38,90,70,72
96,20,19,1,53,90,70,72
96,21,10,0,48,95,70,72
96,22,16,0,38,100,70,72
96,23,15,1,38,105,70,72
96,24,11,0,33,105,70,74
96,25,38,0,28,110,70,74
96,26,25,1,28,115,60,74
96,27,12,0,23,125,60,74
96,28,16,0,13,130,60,74
96,29,44,1,18,130,60,74
96,30,15,0,38,125,60,74
96,31,3,0,53,125,55,74
96,32,10,1,73,125,45,74
96,33,27,0,83,110,45,74
96,34,16,1,83,110,35,74
96,35,8,0,83,115,25,74
96,36,22,1,83,120,15,74
96,37,38,0,78,125,15,74
96,38,20,1,78,130,0,74
96,39,23,0,73,120,0,79
96,40,37,1,83,120,0,79
96,41,44,1,88,120,0,79
96,42,42,1,88,125,0,79
96,43,43,0,108,125,-10,79
96,44,21,0,103,125,5,79
96,45,6,1,95,125,5,84
96,46,46,0,88,125,5,89
96,47,4,0,73,130,5,89
96,48,15,1,73,135,5,89
96,49,21,0,68,135,20,89
96,50,45,1,68,140,20,89
96,51,16,1,68,140,10,89
96,52,46,1,73,140,10,84
96,53,40,1,73,130,20,84
96,54,5,0,68,130,25,84
96,55,10,1,88,130,15,84
96,56,3,0,103,130,10,84
96,57,20,0,98,130,25,84
96,58,30,1,98,130,35,84
96,59,16,1,98,130,25,84
96,60,2,1,103,130,15,84
96,61,38,0,98,135,15,84
96,62,46,0,91,135,15,89
96,63,15,0,111,130,15,89
96,64,41,1,116,120,15,89
96,65,43,0,136,120,5,89
96,66,28,0,126,120,15,89
96,67,13,1,131,125,15,89
96,68,36,1,131,130,15,84
96,69,32,0,131,135,0,84
96,70,33,1,131,140,0,84
96,71,20,0,126,140,15,84
96,72,15,1,126,145,15,84
96,73,1,1,118,145,20,84
96,74,42,1,118,150,20,84
96,75,2,1,123,150,10,84
96,76,44,0,123,150,20,89
96,77,10,1,143,150,10,89
96,78,27,1,143,155,5,89
96,79,42,1,143,160,5,89
96,80,40,0,143,170,-5,89
96,81,20,1,143,175,-20,89
96,82,16,1,143,175,-30,89
96,83,25,1,143,180,-40,89
96,84,23,0,138,170,-40,94
96,85,2,0,128,170,-35,94
96,86,28,1,138,170,-35,94
96,87,16,1,138,170,-45,94
96,88,30,0,138,170,-55,104
96,89,25,1,138,175,-65,104
96,90,38,1,143,175,-65,104
96,91,20,0,138,175,-50,104
96,92,44,1,143,175,-50,104
96,93,26,0,138,175,-50,109
96,94,15,1,138,180,-50,109
96,95,16,1,138,180,-60,109
96,96,11,0,133,180,-60,111
96,97,25,1,133,185,-70,111
96,98,12,1,138,185,-70,111
96,99,45,0,138,185,-70,116
97,0,28,0,40,50,60,50
97,1,25,0,40,45,70,50
97,2,11,1,45,45,70,50
97,3,1,1,37,45,75,50
97,4,31,0,37,50,65,50
97,5,32,1,37,40,80,50
97,6,26,1,47,40,75,50
97,7,13,1,52,45,75,50
97,8,7,1,57,45,75,45
97,9,20,1,57,50,60,45
97,10,33,1,57,55,60,45
97,11,4,0,42,60,60,45
97,12,22,1,42,65,50,45
97,13,14,1,42,70,50,45
97,14,10,1,62,70,40,45
97,15,16,0,52,75,40,45
97,16,29,1,52,90,20,45
97,17,25,1,52,95,10,45
97,18,5,0,47,95,15,45
97,19,23,0,42,85,15,50
97,20,16,0,32,90,15,50
97,21,1,1,24,90,20,50
97,22,34,0,24,75,35,50
97,23,39,1,29,75,35,45
97,24,38,0,24,80,35,45
97,25,16,0,14,85,35,45
97,26,13,0,14,85,35,50
97,27,26,1,24,85,30,50
97,28,15,1,24,90,30,50
97,29,41,0,14,100,30,50
97,30,18,0,-11,100,30,60
97,31,12,1,-6,100,30,60
97,32,2,1,-1,100,20,60
97,33,10,1,19,100,10,60
97,34,16,1,19,100,0,60
97,35,36,0,19,95,0,62
97,36,45,0,19,95,0,67
97,37,20,0,14,95,15,67
97,38,38,1,19,95,15,67
97,39,2,1,24,95,5,67
97,40,30,1,24,95,15,67
97,41,4,0,9,100,15,67
97,42,9,0,4,100,15,72
97,43,47,1,4,100,15,87
97,44,11,1,9,100,15,87
97,45,41,0,-1,110,15,87
97,46,7,0,-16,115,15,87
97,47,39,0,-23,120,15,87
97,48,42,0,-31,120,15,97
97,49,1,0,-21,120,0,97
97,50,18,1,-11,120,0,97
97,51,23,0,-16,110,0,102
97,52,45,1,-16,115,0,102
97,53,4,0,-31,120,0,102
97,54,15,1,-31,125,0,102
97,55,1,0,-21,125,-15,102
97,56,11,0,-26,125,-15,104
97,57,9,0,-31,125,-15,109
97,58,8,1,-41,125,-15,114
97,59,18,1,-31,125,-15,114
97,60,26,0,-36,125,-15,119
97,61,36,1,-36,130,-15,114
97,62,15,0,-16,125,-15,114
97,63,5,0,-21,125,-10,114
97,64,25,0,-21,120,0,114
97,65,16,0,-31,125,0,114
97,66,26,0,-36,125,0,119
97,67,9,0,-41,125,0,124
97,68,39,1,-36,125,0,119
97,69,12,1,-31,125,0,119
97,70,10,1,-11,125,-10,119
97,71,21,0,-16,125,5,119
97,72,48,0,-26,125,5,124
97,73,39,1,-21,125,5,119
97,74,18,1,-11,125,5,119
97,75,23,0,-16,115,5,124
97,76,42,0,-24,115,5,134
97,77,41,1,-19,105,5,134
97,78,48,1,-19,110,5,124
97,79,20,1,-19,115,-10,124
97,80,26,0,-24,115,-10,129
97,81,29,0,-34,115,-5,129
97,82,4,1,-24,115,-5,124
97,83,15,0,-4,110,-5,124
97,84,9,0,-9,110,-5,129
97,85,10,0,-14,115,-5,129
97,86,12,1,-9,115,-5,129
97,87,43,1,-9,115,0,114
97,88,5,1,-4,115,-10,114
97,89,42,1,-4,120,-10,114
97,90,47,0,21,120,-10,114
97,91,9,1,26,120,-10,114
97,92,2,1,31,120,-20,114
97,93,35,1,31,110,-10,114
97,94,17,0,11,120,-10,114
97,95,38,1,16,120,-10,114
97,96,5,1,21,120,-20,114
97,97,43,0,41,120,-30,114
97,98,25,1,41,125,-40,114
97,99,19,0,21,125,-30,124
98,0,19,0,30,50,60,60
98,1,31,0,30,55,50,60
98,2,16,1,30,55,40,60
98,3,41,0,20,65,40,60
98,4,13,1,25,70,40,60
98,5,7,0,10,75,40,60
98,6,25,1,10,80,30,60
98,7,16,1,10,80,20,60
98,8,22,0,5,80,25,60
98,9,48,1,5,85,25,50
98,10,7,1,10,85,25,45
98,11,2,1,15,85,15,45
98,12,41,1,20,75,15,45
98,13,40,0,20,85,5,45
98,14,42,0,12,85,5,55
98,15,5,0,7,85,10,55
98,16,6,1,-1,85,10,60
98,17,22,0,-6,85,15,60
98,18,3,1,-13,85,15,65
98,19,25,0,-13,80,25,65
98,20,26,0,-18,80,25,70
98,21,23,1,-8,80,20,70
98,22,19,1,7,80,20,70
98,23,37,0,-5,90,20,70
98,24,14,1,-5,95,20,70
98,25,46,1,0,95,20,65
98,26,26,1,10,95,15,65
98,27,2,0,0,95,20,65
98,28,20,1,0,100,5,65
98,29,22,1,0,105,-5,65
98,30,15,1,0,110,-5,65
98,31,8,1,-10,110,-5,70
98,32,2,1,-5,110,-15,70
98,33,20,0,-10,110,0,70
98,34,13,1,-5,115,0,70
98,35,4,0,-20,120,0,70
98,36,28,0,-30,120,10,70
98,37,37,0,-42,130,10,70
98,38,22,0,-47,130,15,70
98,39,14,0,-47,130,15,75
98,40,4,0,-62,135,15,75
98,41,47,0,-37,135,15,75
98,42,20,1,-37,140,0,75
98,43,25,1,-37,145,-10,75
98,44,15,0,-17,140,-10,75
98,45,36,1,-17,145,-10,70
98,46,19,1,-2,145,-10,70
98,47,43,0,18,145,-20,70
98,48,2,1,23,145,-30,70
98,49,30,1,23,145,-20,70
98,50,16,0,13,150,-20,70
98,51,26,1,23,150,-25,70
98,52,38,1,28,150,-25,70
98,53,41,0,18,160,-25,70
98,54,30,0,18,160,-35,80
98,55,16,1,18,160,-45,80
98,56,22,1,18,165,-55,80
98,57,21,1,18,170,-70,80
98,58,12,1,23,170,-70,80
98,59,45,1,23,175,-70,80
98,60,2,0,13,175,-65,80
98,61,14,0,13,175,-65,85
98,62,9,0,8,175,-65,90
98,63,11,0,3,175,-65,92
98,64,46,1,8,175,-65,87
98,65,47,0,33,175,-65,87
98,66,7,0,18,180,-65,87
98,67,14,0,18,180,-65,92
98,68,22,1,18,185,-75,92
98,69,42,0,10,185,-75,102
98,70,36,1,10,190,-75,97
98,71,3,1,3,190,-75,102
98,72,26,1,13,190,-80,102
98,73,12,1,18,190,-80,102
98,74,20,1,18,195,-95,102
98,75,25,1,18,200,-105,102
98,76,17,0,-2,210,-105,102
98,77,2,0,-12,210,-100,102
98,78,15,1,-12,215,-100,102
98,79,20,0,-17,215,-85,102
98,80,8,0,-17,220,-95,102
98,81,12,1,-12,220,-95,102
98,82,38,0,-17,225,-95,102
98,83,26,1,-7,225,-100,102
98,84,42,0,-15,225,-100,112
98,85,27,0,-5,210,-100,112
98,86,22,0,-10,210,-95,112
98,87,2,0,-20,210,-90,112
98,88,15,0,0,205,-90,112
98,89,24,1,5,205,-90,112
98,90,45,0,5,205,-90,117
98,91,14,1,5,210,-90,117
98,92,19,0,-15,210,-80,127
98,93,1,1,-23,210,-75,127
98,94,4,0,-38,215,-75,127
98,95,25,0,-38,210,-65,127
98,96,32,1,-38,200,-50,127
98,97,33,1,-38,205,-50,127
98,98,34,0,-38,190,-35,127
98,99,47,0,-13,190,-35,127
99,0,5,0,45,50,55,50
99,1,44,0,45,50,65,55
99,2,10,1,65,50,55,55
99,3,36,0,65,45,55,57
99,4,15,1,65,50,55,57
99,5,2,0,55,50,60,57
99,6,9,1,60,50,60,57
99,7,10,0,55,55,60,57
99,8,25,1,55,60,50,57
99,9,37,1,65,60,50,57
99,10,15,1,65,65,50,57
99,11,30,0,65,65,40,67
99,12,24,1,70,65,40,67
99,13,8,0,70,70,30,67
99,14,1,0,80,70,15,67
99,15,43,0,100,70,5,67
99,16,37,0,88,80,5,67
99,17,36,1,88,85,5,62
99,18,48,0,78,85,5,67
99,19,3,1,71,85,5,72
99,20,1,1,63,85,10,72
99,21,38,1,68,85,10,72
99,22,12,0,63,95,10,72
99,23,25,1,63,100,0,72
99,24,28,0,53,100,10,72
99,25,11,0,48,100,10,74
99,26,41,1,53,90,10,74
99,27,14,1,53,95,10,74
99,28,31,1,53,95,20,74
99,29,15,0,73,90,20,74
99,30,43,1,73,90,25,59
99,31,5,0,68,90,30,59
99,32,13,1,73,95,30,59
99,33,11,0,68,95,30,61
99,34,32,0,68,100,15,61
99,35,40,1,68,90,25,61
99,36,24,1,73,90,25,61
99,37,21,0,68,90,40,61
99,38,7,0,53,95,40,61
99,39,18,1,63,95,40,61
99,40,13,0,63,95,40,66
99,41,12,1,68,95,40,66
99,42,17,0,48,105,40,66
99,43,26,1,58,105,35,66
99,44,21,1,58,110,20,66
99,45,27,1,58,115,15,66
99,46,47,1,58,115,15,81
99,47,14,0,58,115,15,86
99,48,44,0,58,115,25,91
99,49,2,0,48,115,30,91
99,50,9,1,53,115,30,91
99,51,7,1,58,115,30,86
99,52,5,1,63,115,20,86
99,53,25,0,63,110,30,86
99,54,14,0,63,110,30,91
99,55,33,0,93,110,30,91
99,56,1,1,85,110,35,91
99,57,27,0,95,95,35,91
99,58,8,1,85,95,35,96
99,59,2,1,90,95,25,96
99,60,3,1,83,95,25,101
99,61,12,1,88,95,25,101
99,62,5,0,83,95,30,101
99,63,20,0,78,95,45,101
99,64,34,1,93,95,45,101
99,65,4,1,103,95,45,96
99,66,22,0,98,95,50,96
99,67,5,1,103,95,40,96
99,68,38,0,98,100,40,96
99,69,12,0,93,110,40,96
99,70,43,0,113,110,30,96
99,71,1,0,123,110,15,96
99,72,22,1,123,115,5,96
99,73,23,1,133,115,0,96
99,74,20,0,128,115,15,96
99,75,17,0,108,125,15,96
99,76,16,0,98,130,15,96
99,77,38,1,103,130,15,96
99,78,19,0,83,130,25,106
99,79,41,1,88,120,25,106
99,80,48,0,78,120,25,111
99,81,14,0,78,120,25,116
99,82,7,0,63,125,25,116
99,83,18,1,73,125,25,116
99,84,12,0,68,135,25,116
99,85,27,1,68,140,20,116
99,86,10,0,63,145,20,116
99,87,46,0,56,145,20,121
99,88,11,0,51,145,20,123
99,89,47,0,76,145,20,123
99,90,13,0,76,145,20,128
99,91,7,1,81,145,20,123
99,92,16,1,81,145,10,123
99,93,26,1,91,145,5,123
99,94,3,1,84,145,5,128
99,95,6,0,94,145,0,128
99,96,8,0,94,150,-10,128
99,97,40,1,94,140,0,128
99,98,44,0,94,140,10,133
99,99,13,0,94,140,10,138
