run,turn,card_id,choice,resources,security,moral,progress
0,0,57,0,40,50,50,55
0,1,43,1,40,50,55,40
0,2,14,0,40,50,55,45
0,3,16,0,30,55,55,45
0,4,31,0,30,60,45,45
0,5,5,1,35,60,35,45
0,6,13,1,40,65,35,45
0,7,22,1,40,70,25,45
0,8,45,0,40,70,25,50
0,9,32,0,40,75,10,50
0,10,24,0,35,75,15,50
0,11,18,0,10,75,15,60
0,12,20,0,5,75,30,60
0,13,5,0,0,75,35,60
0,14,23,1,10,75,30,60
0,15,1,0,20,75,15,60
0,16,11,0,15,75,15,62
0,17,3,1,8,75,15,67
0,18,14,0,8,75,15,72
0,19,9,0,3,75,15,77
0,20,36,0,3,70,15,79
0,21,33,1,3,75,15,79
0,22,24,0,-2,75,20,79
0,23,22,0,-7,75,25,79
0,24,41,0,-17,85,25,79
0,25,6,1,-25,85,25,84
0,26,16,1,-25,85,15,84
0,27,34,0,-25,70,30,84
0,28,10,0,-30,75,30,84
0,29,18,0,-55,75,30,94
0,30,42,0,-63,75,30,104
0,31,41,1,-58,65,30,104
0,32,13,1,-53,70,30,104
0,33,38,1,-48,70,30,104
0,34,22,0,-53,70,35,104
0,35,40,0,-53,80,25,104
0,36,16,0,-63,85,25,104
0,37,12,1,-58,85,25,104
0,38,45,1,-58,90,25,104
0,39,37,1,-48,90,25,104
0,40,5,0,-53,90,30,104
0,41,15,1,-53,95,30,104
0,42,19,0,-73,95,40,114
0,43,47,1,-73,95,40,129
0,44,22,0,-78,95,45,129
0,45,41,1,-73,85,45,129
0,46,46,1,-68,85,45,124
0,47,7,0,-83,90,45,124
0,48,16,0,-93,95,45,124
0,49,26,1,-83,95,40,124
0,50,45,1,-83,100,40,124
0,51,5,1,-78,100,30,124
0,52,30,0,-78,100,20,134
0,53,13,0,-78,100,20,139
0,54,3,1,-85,100,20,144
0,55,12,1,-80,100,20,144
0,56,36,1,-80,105,20,139
0,57,43,0,-60,105,10,139
0,58,15,0,-40,100,10,139
0,59,48,0,-50,100,10,144
0,60,35,0,-50,108,-5,144
0,61,7,1,-45,108,-5,139
0,62,27,0,-35,93,-5,139
0,63,25,0,-35,88,5,139
0,64,12,1,-30,88,5,139
0,65,37,1,-20,88,5,139
0,66,5,1,-15,88,-5,139
0,67,43,0,5,88,-15,139
0,68,30,0,5,88,-25,149
0,69,6,0,15,88,-30,149
0,70,23,1,25,88,-35,149
0,71,41,1,30,78,-35,149
0,72,11,0,25,78,-35,151
0,73,58,1,25,83,-35,151
0,74,25,1,25,88,-45,151
0,75,44,1,30,88,-45,151
0,76,40,1,30,78,-35,151
0,77,7,0,15,83,-35,151
0,78,5,1,20,83,-45,151
0,79,18,1,30,83,-45,151
0,80,14,1,30,88,-45,151
0,81,16,1,30,88,-55,151
0,82,1,1,22,88,-50,151
0,83,28,0,12,88,-40,151
0,84,19,1,27,88,-40,151
0,85,20,0,22,88,-25,151
0,86,59,1,22,93,-25,151
0,87,14,1,22,98,-25,151
0,88,36,1,22,103,-25,146
0,89,37,0,10,113,-25,146
0,90,46,1,15,113,-25,141
0,91,5,0,10,113,-20,141
0,92,43,1,10,113,-15,126
0,93,14,0,10,113,-15,131
0,94,41,1,15,103,-15,131
0,95,10,0,10,108,-15,131
0,96,27,0,20,93,-15,131
0,97,60,1,20,103,-15,131
0,98,4,1,30,103,-15,126
0,99,42,0,22,103,-15,136
1,0,10,0,45,55,50,50
1,1,31,1,45,55,60,50
1,2,21,0,40,55,75,50
1,3,23,1,50,55,70,50
1,4,5,1,55,55,60,50
1,5,10,0,50,60,60,50
1,6,29,0,40,60,65,50
1,7,11,0,35,60,65,52
1,8,27,0,45,45,65,52
1,9,15,1,45,50,65,52
1,10,20,0,40,50,80,52
1,11,25,1,40,55,70,52
1,12,41,1,45,45,70,52
1,13,4,0,30,50,70,52
1,14,21,0,25,50,85,52
1,15,40,0,25,60,75,52
1,16,57,1,25,65,75,52
1,17,3,1,18,65,75,57
1,18,46,0,11,65,75,62
1,19,45,0,11,65,75,67
1,20,4,1,21,65,75,62
1,21,25,0,21,60,85,62
1,22,14,1,21,65,85,62
1,23,28,0,11,65,95,62
1,24,11,1,16,65,95,62
1,25,29,1,16,80,75,62
1,26,44,0,16,80,85,67
1,27,4,1,26,80,85,62
1,28,25,0,26,75,95,62
1,29,3,0,41,75,90,62
1,30,16,1,41,75,80,62
1,31,42,1,41,80,80,62
1,32,24,1,46,80,80,62
1,33,45,0,46,80,80,67
1,34,43,0,66,80,70,67
1,35,7,1,71,80,70,62
1,36,42,0,63,80,70,72
1,37,46,0,56,80,70,77
1,38,16,0,46,85,70,77
1,39,20,1,46,90,55,77
1,40,41,0,36,100,55,77
1,41,24,0,31,100,60,77
1,42,6,0,41,100,55,77
1,43,47,0,66,100,55,77
1,44,44,0,66,100,65,82
1,45,23,1,76,100,60,82
1,46,1,0,86,100,45,82
1,47,10,0,81,105,45,82
1,48,22,0,76,105,50,82
1,49,41,1,81,95,50,82
1,50,14,1,81,100,50,82
1,51,16,0,71,105,50,82
1,52,45,1,71,110,50,82
1,53,27,1,71,115,45,82
1,54,23,0,66,105,45,87
1,55,32,0,66,110,30,87
1,56,14,0,66,110,30,92
1,57,33,1,66,115,30,92
1,58,37,1,76,115,30,92
1,59,47,1,76,115,30,107
1,60,4,0,61,120,30,107
1,61,58,1,61,125,30,107
1,62,20,1,61,130,15,107
1,63,12,1,66,130,15,107
1,64,10,1,86,130,5,107
1,65,5,1,91,130,-5,107
1,66,24,1,96,130,-5,107
1,67,7,0,81,135,-5,107
1,68,23,0,76,125,-5,112
1,69,3,1,69,125,-5,117
1,70,12,1,74,125,-5,117
1,71,48,0,64,125,-5,122
1,72,46,1,69,125,-5,117
1,73,14,1,69,130,-5,117
1,74,16,0,59,135,-5,117
1,75,45,1,59,140,-5,117
1,76,10,0,54,145,-5,117
1,77,3,1,47,145,-5,122
1,78,12,0,42,155,-5,122
1,79,29,1,42,170,-25,122
1,80,22,1,42,175,-35,122
1,81,27,0,52,160,-35,122
1,82,47,1,52,160,-35,137
1,83,59,1,52,165,-35,137
1,84,60,1,52,175,-35,137
1,85,44,0,52,175,-25,142
1,86,4,1,62,175,-25,137
1,87,5,0,57,175,-20,137
1,88,17,0,37,185,-20,137
1,89,37,0,25,195,-20,137
1,90,15,1,25,200,-20,137
1,91,21,0,20,200,-5,137
1,92,36,1,20,205,-5,132
1,93,34,0,20,190,10,132
1,94,10,1,40,190,0,132
1,95,8,1,30,190,0,137
1,96,61,0,30,190,20,137
1,97,5,1,35,190,10,137
1,98,14,0,35,190,10,142
1,99,20,1,35,195,-5,142
2,0,20,0,45,50,65,50
2,1,11,0,40,50,65,52
2,2,13,0,40,50,65,57
2,3,9,0,35,50,65,62
2,4,5,1,40,50,55,62
2,5,40,1,40,40,65,62
2,6,41,0,30,50,65,62
2,7,37,1,40,50,65,62
2,8,26,0,35,50,65,67
2,9,49,1,35,55,65,67
2,10,12,1,40,55,65,67
2,11,18,0,15,55,65,77
2,12,5,0,10,55,70,77
2,13,14,1,10,60,70,77
2,14,36,1,10,65,70,72
2,15,27,1,10,70,65,72
2,16,11,1,15,70,65,72
2,17,26,1,25,70,60,72
2,18,10,1,45,70,50,72
2,19,9,0,40,70,50,77
2,20,2,1,45,70,40,77
2,21,11,0,40,70,40,79
2,22,7,1,45,70,40,74
2,23,31,1,45,70,50,74
2,24,22,1,45,75,40,74
2,25,2,1,50,75,30,74
2,26,15,0,70,70,30,74
2,27,45,0,70,70,30,79
2,28,44,1,75,70,30,79
2,29,42,0,67,70,30,89
2,30,43,1,67,70,35,74
2,31,7,1,72,70,35,69
2,32,23,0,67,60,35,74
2,33,16,1,67,60,25,74
2,34,10,0,62,65,25,74
2,35,4,0,47,70,25,74
2,36,26,1,57,70,20,74
2,37,25,0,57,65,30,74
2,38,36,1,57,70,30,69
2,39,23,0,52,60,30,74
2,40,16,1,52,60,20,74
2,41,20,1,52,65,5,74
2,42,11,0,47,65,5,76
2,43,2,1,52,65,-5,76
2,44,22,0,47,65,0,76
2,45,12,1,52,65,0,76
2,46,10,1,72,65,-10,76
2,47,1,0,82,65,-25,76
2,48,25,0,82,60,-15,76
2,49,22,1,82,65,-25,76
2,50,15,1,82,70,-25,76
2,51,44,1,87,70,-25,76
2,52,1,1,79,70,-20,76
2,53,2,1,84,70,-30,76
2,54,46,1,89,70,-30,71
2,55,48,0,79,70,-30,76
2,56,45,1,79,75,-30,76
2,57,41,0,69,85,-30,76
2,58,26,0,64,85,-30,81
2,59,46,1,69,85,-30,76
2,60,10,1,89,85,-40,76
2,61,39,1,94,85,-40,71
2,62,27,1,94,90,-45,71
2,63,48,1,94,95,-45,61
2,64,47,0,119,95,-45,61
2,65,9,1,124,95,-45,61
2,66,44,1,129,95,-45,61
2,67,20,1,129,100,-60,61
2,68,43,1,129,100,-55,46
2,69,41,1,134,90,-55,46
2,70,38,1,139,90,-55,46
2,71,11,1,144,90,-55,46
2,72,57,0,134,90,-55,51
2,73,40,1,134,80,-45,51
2,74,14,0,134,80,-45,56
2,75,32,0,134,85,-60,56
2,76,17,1,119,85,-50,56
2,77,3,1,112,85,-50,61
2,78,12,1,117,85,-50,61
2,79,20,0,112,85,-35,61
2,80,37,1,122,85,-35,61
2,81,9,1,127,85,-35,61
2,82,14,1,127,90,-35,61
2,83,5,0,122,90,-30,61
2,84,16,1,122,90,-40,61
2,85,21,0,117,90,-25,61
2,86,17,1,102,90,-15,61
2,87,13,0,102,90,-15,66
2,88,11,0,97,90,-15,68
2,89,46,1,102,90,-15,63
2,90,44,0,102,90,-5,68
2,91,48,1,102,95,-5,58
2,92,3,0,117,95,-10,58
2,93,5,1,122,95,-20,58
2,94,2,1,127,95,-30,58
2,95,13,1,132,100,-30,58
2,96,48,0,122,100,-30,63
2,97,11,0,117,100,-30,65
2,98,58,0,117,90,-30,65
2,99,38,0,112,95,-30,65
3,0,27,1,50,55,45,50
3,1,10,1,70,55,35,50
3,2,13,0,70,55,35,55
3,3,23,0,65,45,35,60
3,4,5,1,70,45,25,60
3,5,24,1,75,45,25,60
3,6,16,1,75,45,15,60
3,7,40,1,75,35,25,60
3,8,15,1,75,40,25,60
3,9,12,0,70,50,25,60
3,10,42,1,70,55,25,60
3,11,5,0,65,55,30,60
3,12,36,0,65,50,30,62
3,13,16,1,65,50,20,62
3,14,45,1,65,55,20,62
3,15,48,0,55,55,20,67
3,16,57,1,55,60,20,67
3,17,10,0,50,65,20,67
3,18,5,1,55,65,10,67
3,19,4,1,65,65,10,62
3,20,16,1,65,65,0,62
3,21,13,0,65,65,0,67
3,22,41,0,55,75,0,67
3,23,25,1,55,80,-10,67
3,24,20,0,50,80,5,67
3,25,26,1,60,80,0,67
3,26,48,0,50,80,0,72
3,27,22,1,50,85,-10,72
3,28,37,1,60,85,-10,72
3,29,1,1,52,85,-5,72
3,30,10,0,47,90,-5,72
3,31,12,0,42,100,-5,72
3,32,16,1,42,100,-15,72
3,33,41,0,32,110,-15,72
3,34,4,0,17,115,-15,72
3,35,38,1,22,115,-15,72
3,36,7,1,27,115,-15,67
3,37,13,0,27,115,-15,72
3,38,18,1,37,115,-15,72
3,39,36,0,37,110,-15,74
3,40,27,1,37,115,-20,74
3,41,43,1,37,115,-15,59
3,42,23,0,32,105,-15,64
3,43,41,0,22,115,-15,64
3,44,2,0,12,115,-10,64
3,45,20,0,7,115,5,64
3,46,12,1,12,115,5,64
3,47,47,0,37,115,5,64
3,48,23,0,32,105,5,69
3,49,16,0,22,110,5,69
3,50,58,1,22,115,5,69
3,51,26,0,17,115,5,74
3,52,13,0,17,115,5,79
3,53,20,1,17,120,-10,79
3,54,5,0,12,120,-5,79
3,55,18,0,-13,120,-5,89
3,56,26,0,-18,120,-5,94
3,57,41,1,-13,110,-5,94
3,58,25,1,-13,115,-15,94
3,59,17,1,-28,115,-5,94
3,60,11,0,-33,115,-5,96
3,61,7,1,-28,115,-5,91
3,62,3,0,-13,115,-10,91
3,63,39,1,-8,115,-10,86
3,64,18,1,2,115,-10,86
3,65,28,0,-8,115,0,86
3,66,11,1,-3,115,0,86
3,67,20,0,-8,115,15,86
3,68,48,1,-8,120,15,76
3,69,31,0,-8,125,5,76
3,70,1,1,-16,125,10,76
3,71,23,0,-21,115,10,81
3,72,7,0,-36,120,10,81
3,73,22,0,-41,120,15,81
3,74,27,1,-41,125,10,81
3,75,2,1,-36,125,0,81
3,76,9,1,-31,125,0,81
3,77,3,1,-38,125,0,86
3,78,16,1,-38,125,-10,86
3,79,48,1,-38,130,-10,76
3,80,10,0,-43,135,-10,76
3,81,15,1,-43,140,-10,76
3,82,36,0,-43,135,-10,78
3,83,12,0,-48,145,-10,78
3,84,3,1,-55,145,-10,83
3,85,44,1,-50,145,-10,83
3,86,1,0,-40,145,-25,83
3,87,13,1,-35,150,-25,83
3,88,14,1,-35,155,-25,83
3,89,9,0,-40,155,-25,88
3,90,16,0,-50,160,-25,88
3,91,19,1,-35,160,-25,88
3,92,59,0,-35,160,-35,93
3,93,17,1,-50,160,-25,93
3,94,6,1,-58,160,-25,98
3,95,11,0,-63,160,-25,100
3,96,10,0,-68,165,-25,100
3,97,42,1,-68,170,-25,100
3,98,46,1,-63,170,-25,95
3,99,1,1,-71,170,-20,95
4,0,8,1,40,50,50,55
4,1,10,0,35,55,50,55
4,2,28,0,25,55,60,55
4,3,6,0,35,55,55,55
4,4,15,1,35,60,55,55
4,5,25,0,35,55,65,55
4,6,37,1,45,55,65,55
4,7,42,1,45,60,65,55
4,8,44,0,45,60,75,60
4,9,9,0,40,60,75,65
4,10,46,1,45,60,75,60
4,11,13,0,45,60,75,65
4,12,15,0,65,55,75,65
4,13,5,1,70,55,65,65
4,14,37,0,58,65,65,65
4,15,38,1,63,65,65,65
4,16,16,1,63,65,55,65
4,17,48,1,63,70,55,55
4,18,31,0,63,75,45,55
4,19,3,0,78,75,40,55
4,20,1,1,70,75,45,55
4,21,36,0,70,70,45,57
4,22,4,0,55,75,45,57
4,23,22,1,55,80,35,57
4,24,3,0,70,80,30,57
4,25,10,0,65,85,30,57
4,26,40,0,65,95,20,57
4,27,29,1,65,110,0,57
4,28,1,0,75,110,-15,57
4,29,20,0,70,110,0,57
4,30,57,1,70,115,0,57
4,31,3,1,63,115,0,62
4,32,32,1,63,105,15,62
4,33,25,1,63,110,5,62
4,34,33,1,63,115,5,62
4,35,22,0,58,115,10,62
4,36,38,0,53,120,10,62
4,37,47,0,78,120,10,62
4,38,6,0,88,120,5,62
4,39,11,1,93,120,5,62
4,40,42,0,85,120,5,72
4,41,13,0,85,120,5,77
4,42,46,1,90,120,5,72
4,43,10,1,110,120,-5,72
4,44,23,1,120,120,-10,72
4,45,44,1,125,120,-10,72
4,46,36,1,125,125,-10,67
4,47,8,1,115,125,-10,72
4,48,25,0,115,120,0,72
4,49,20,1,115,125,-15,72
4,50,9,1,120,125,-15,72
4,51,41,1,125,115,-15,72
4,52,23,0,120,105,-15,77
4,53,11,1,125,105,-15,77
4,54,21,1,125,110,-30,77
4,55,46,0,118,110,-30,82
4,56,15,1,118,115,-30,82
4,57,13,0,118,115,-30,87
4,58,36,0,118,110,-30,89
4,59,11,1,123,110,-30,89
4,60,37,0,111,120,-30,89
4,61,23,0,106,110,-30,94
4,62,7,0,91,115,-30,94
4,63,38,0,86,120,-30,94
4,64,8,1,76,120,-30,99
4,65,42,0,68,120,-30,109
4,66,19,0,48,120,-20,119
4,67,11,1,53,120,-20,119
4,68,20,1,53,125,-35,119
4,69,22,1,53,130,-45,119
4,70,41,1,58,120,-45,119
4,71,1,0,68,120,-60,119
4,72,15,0,88,115,-60,119
4,73,5,1,93,115,-70,119
4,74,9,1,98,115,-70,119
4,75,28,1,108,115,-70,119
4,76,4,1,118,115,-70,114
4,77,27,1,118,120,-75,114
4,78,16,1,118,120,-85,114
4,79,58,0,118,110,-85,114
4,80,17,1,103,110,-75,114
4,81,41,0,93,120,-75,114
4,82,34,1,108,120,-75,114
4,83,42,0,100,120,-75,124
4,84,7,0,85,125,-75,124
4,85,25,1,85,130,-85,124
4,86,14,1,85,135,-85,124
4,87,38,0,80,140,-85,124
4,88,5,0,75,140,-80,124
4,89,23,1,85,140,-85,124
4,90,15,0,105,135,-85,124
4,91,27,0,115,120,-85,124
4,92,45,0,115,120,-85,129
4,93,37,0,103,130,-85,129
4,94,39,1,108,130,-85,124
4,95,46,1,113,130,-85,119
4,96,1,0,123,130,-100,119
4,97,13,1,128,135,-100,119
4,98,26,0,123,135,-100,124
4,99,16,1,123,135,-110,124
5,0,47,1,50,50,50,65
5,1,36,0,50,45,50,67
5,2,4,0,35,50,50,67
5,3,2,1,40,50,40,67
5,4,3,0,55,50,35,67
5,5,22,1,55,55,25,67
5,6,11,0,50,55,25,69
5,7,25,0,50,50,35,69
5,8,49,0,50,50,35,74
5,9,36,1,50,55,35,69
5,10,28,0,40,55,45,69
5,11,38,1,45,55,45,69
5,12,25,1,45,60,35,69
5,13,3,1,38,60,35,74
5,14,14,0,38,60,35,79
5,15,22,0,33,60,40,79
5,16,2,1,38,60,30,79
5,17,23,1,48,60,25,79
5,18,12,0,43,70,25,79
5,19,9,0,38,70,25,84
5,20,31,0,38,75,15,84
5,21,27,1,38,80,10,84
5,22,29,1,38,95,-10,84
5,23,4,1,48,95,-10,79
5,24,25,1,48,100,-20,79
5,25,40,1,48,90,-10,79
5,26,20,1,48,95,-25,79
5,27,23,0,43,85,-25,84
5,28,1,0,53,85,-40,84
5,29,22,0,48,85,-35,84
5,30,48,1,48,90,-35,74
5,31,12,0,43,100,-35,74
5,32,50,0,43,110,-35,74
5,33,23,1,53,110,-40,74
5,34,5,1,58,110,-50,74
5,35,41,1,63,100,-50,74
5,36,1,1,55,100,-45,74
5,37,29,0,45,100,-40,74
5,38,11,1,50,100,-40,74
5,39,46,1,55,100,-40,69
5,40,8,0,55,105,-50,69
5,41,4,1,65,105,-50,64
5,42,1,1,57,105,-45,64
5,43,20,0,52,105,-30,64
5,44,7,0,37,110,-30,64
5,45,46,1,42,110,-30,59
5,46,12,1,47,110,-30,59
5,47,40,0,47,120,-40,59
5,48,23,1,57,120,-45,59
5,49,10,1,77,120,-55,59
5,50,57,1,77,125,-55,59
5,51,26,0,72,125,-55,64
5,52,25,0,72,120,-45,64
5,53,11,0,67,120,-45,66
5,54,43,1,67,120,-40,51
5,55,8,0,67,125,-50,51
5,56,26,1,77,125,-55,51
5,57,4,1,87,125,-55,46
5,58,15,1,87,130,-55,46
5,59,10,0,82,135,-55,46
5,60,20,0,77,135,-40,46
5,61,11,1,82,135,-40,46
5,62,40,0,82,145,-50,46
5,63,21,0,77,145,-35,46
5,64,9,1,82,145,-35,46
5,65,12,0,77,155,-35,46
5,66,17,1,62,155,-25,46
5,67,58,1,62,160,-25,46
5,68,24,1,67,160,-25,46
5,69,26,0,62,160,-25,51
5,70,12,0,57,170,-25,51
5,71,9,1,62,170,-25,51
5,72,16,1,62,170,-35,51
5,73,36,0,62,165,-35,53
5,74,5,1,67,165,-45,53
5,75,6,0,77,165,-50,53
5,76,14,1,77,170,-50,53
5,77,23,0,72,160,-50,58
5,78,59,0,72,160,-60,63
5,79,2,0,62,160,-55,63
5,80,28,1,72,160,-55,63
5,81,16,1,72,160,-65,63
5,82,60,0,102,160,-65,63
5,83,13,1,107,165,-65,63
5,84,42,0,99,165,-65,73
5,85,41,1,104,155,-65,73
5,86,40,1,104,145,-55,73
5,87,21,1,104,150,-70,73
5,88,10,0,99,155,-70,73
5,89,23,0,94,145,-70,78
5,90,61,1,94,155,-70,78
5,91,15,1,94,160,-70,78
5,92,44,0,94,160,-60,83
5,93,11,1,99,160,-60,83
5,94,41,0,89,170,-60,83
5,95,32,1,89,160,-45,83
5,96,42,0,81,160,-45,93
5,97,27,0,91,145,-45,93
5,98,3,0,106,145,-50,93
5,99,18,0,81,145,-50,103
6,0,49,1,50,55,50,50
6,1,25,1,50,60,40,50
6,2,5,0,45,60,45,50
6,3,23,1,55,60,40,50
6,4,20,0,50,60,55,50
6,5,4,1,60,60,55,45
6,6,11,1,65,60,55,45
6,7,10,0,60,65,55,45
6,8,41,0,50,75,55,45
6,9,26,0,45,75,55,50
6,10,22,1,45,80,45,50
6,11,4,1,55,80,45,45
6,12,13,1,60,85,45,45
6,13,2,1,65,85,35,45
6,14,41,1,70,75,35,45
6,15,10,0,65,80,35,45
6,16,22,1,65,85,25,45
6,17,27,1,65,90,20,45
6,18,23,0,60,80,20,50
6,19,57,1,60,85,20,50
6,20,31,1,60,85,30,50
6,21,16,1,60,85,20,50
6,22,24,0,55,85,25,50
6,23,11,1,60,85,25,50
6,24,58,0,60,75,25,50
6,25,5,1,65,75,15,50
6,26,15,0,85,70,15,50
6,27,9,0,80,70,15,55
6,28,2,0,70,70,20,55
6,29,17,1,55,70,30,55
6,30,3,1,48,70,30,60
6,31,4,0,33,75,30,60
6,32,59,0,33,75,20,65
6,33,20,1,33,80,5,65
6,34,40,1,33,70,15,65
6,35,8,0,33,75,5,65
6,36,37,0,21,85,5,65
6,37,26,1,31,85,0,65
6,38,15,0,51,80,0,65
6,39,20,0,46,80,15,65
6,40,22,0,41,80,20,65
6,41,45,1,41,85,20,65
6,42,39,0,34,90,20,65
6,43,14,1,34,95,20,65
6,44,11,1,39,95,20,65
6,45,32,0,39,100,5,65
6,46,36,0,39,95,5,67
6,47,41,0,29,105,5,67
6,48,20,0,24,105,20,67
6,49,25,0,24,100,30,67
6,50,23,1,34,100,25,67
6,51,60,1,34,110,25,67
6,52,11,0,29,110,25,69
6,53,22,1,29,115,15,69
6,54,13,1,34,120,15,69
6,55,20,1,34,125,0,69
6,56,12,0,29,135,0,69
6,57,6,0,39,135,-5,69
6,58,5,0,34,135,0,69
6,59,25,1,34,140,-10,69
6,60,24,1,39,140,-10,69
6,61,18,1,49,140,-10,69
6,62,13,1,54,145,-10,69
6,63,41,0,44,155,-10,69
6,64,22,0,39,155,-5,69
6,65,40,0,39,165,-15,69
6,66,39,1,44,165,-15,64
6,67,1,0,54,165,-30,64
6,68,23,1,64,165,-35,64
6,69,24,0,59,165,-30,64
6,70,44,1,64,165,-30,64
6,71,5,0,59,165,-25,64
6,72,41,1,64,155,-25,64
6,73,45,1,64,160,-25,64
6,74,28,0,54,160,-15,64
6,75,27,1,54,165,-20,64
6,76,22,1,54,170,-30,64
6,77,33,0,84,170,-30,64
6,78,48,0,74,170,-30,69
6,79,42,0,66,170,-30,79
6,80,15,1,66,175,-30,79
6,81,5,0,61,175,-25,79
6,82,28,0,51,175,-15,79
6,83,22,1,51,180,-25,79
6,84,7,0,36,185,-25,79
6,85,10,1,56,185,-35,79
6,86,40,0,56,195,-45,79
6,87,44,1,61,195,-45,79
6,88,14,1,61,200,-45,79
6,89,34,1,76,200,-45,79
6,90,18,1,86,200,-45,79
6,91,12,0,81,210,-45,79
6,92,9,1,86,210,-45,79
6,93,29,1,86,225,-65,79
6,94,11,0,81,225,-65,81
6,95,10,1,101,225,-75,81
6,96,2,1,106,225,-85,81
6,97,16,1,106,225,-95,81
6,98,13,0,106,225,-95,86
6,99,26,0,101,225,-95,91
7,0,11,0,45,50,50,52
7,1,2,1,50,50,40,52
7,2,27,0,60,35,40,52
7,3,26,0,55,35,40,57
7,4,38,0,50,40,40,57
7,5,10,0,45,45,40,57
7,6,5,0,40,45,45,57
7,7,22,1,40,50,35,57
7,8,48,0,30,50,35,62
7,9,27,0,40,35,35,62
7,10,2,0,30,35,40,62
7,11,15,1,30,40,40,62
7,12,5,0,25,40,45,62
7,13,23,1,35,40,40,62
7,14,46,0,28,40,40,67
7,15,57,1,28,45,40,67
7,16,12,0,23,55,40,67
7,17,19,0,3,55,50,77
7,18,25,0,3,50,60,77
7,19,28,0,-7,50,70,77
7,20,41,0,-17,60,70,77
7,21,31,1,-17,60,80,77
7,22,20,0,-22,60,95,77
7,23,16,0,-32,65,95,77
7,24,10,0,-37,70,95,77
7,25,19,1,-22,70,95,77
7,26,24,1,-17,70,95,77
7,27,20,0,-22,70,110,77
7,28,23,1,-12,70,105,77
7,29,1,0,-2,70,90,77
7,30,25,0,-2,65,100,77
7,31,42,0,-10,65,100,87
7,32,4,0,-25,70,100,87
7,33,9,1,-20,70,100,87
7,34,46,1,-15,70,100,82
7,35,8,0,-15,75,90,82
7,36,3,0,0,75,85,82
7,37,41,1,5,65,85,82
7,38,15,1,5,70,85,82
7,39,17,1,-10,70,95,82
7,40,18,1,0,70,95,82
7,41,4,0,-15,75,95,82
7,42,58,0,-15,65,95,82
7,43,22,0,-20,65,100,82
7,44,42,1,-20,70,100,82
7,45,32,1,-20,60,115,82
7,46,1,1,-28,60,120,82
7,47,14,0,-28,60,120,87
7,48,5,0,-33,60,125,87
7,49,33,1,-33,65,125,87
7,50,9,0,-38,65,125,92
7,51,8,0,-38,70,115,92
7,52,2,0,-48,70,120,92
7,53,47,1,-48,70,120,107
7,54,25,0,-48,65,130,107
7,55,5,0,-53,65,135,107
7,56,30,1,-53,65,145,107
7,57,46,0,-60,65,145,112
7,58,41,0,-70,75,145,112
7,59,42,0,-78,75,145,122
7,60,39,0,-85,80,145,122
7,61,10,0,-90,85,145,122
7,62,21,1,-90,90,130,122
7,63,2,0,-100,90,135,122
7,64,9,1,-95,90,135,122
7,65,18,1,-85,90,135,122
7,66,23,1,-75,90,130,122
7,67,20,1,-75,95,115,122
7,68,28,1,-65,95,115,122
7,69,29,1,-65,110,95,122
7,70,14,1,-65,115,95,122
7,71,9,1,-60,115,95,122
7,72,7,1,-55,115,95,117
7,73,2,0,-65,115,100,117
7,74,45,1,-65,120,100,117
7,75,44,1,-60,120,100,117
7,76,20,0,-65,120,115,117
7,77,10,0,-70,125,115,117
7,78,34,1,-55,125,115,117
7,79,9,0,-60,125,115,122
7,80,47,0,-35,125,115,122
7,81,38,0,-40,130,115,122
7,82,14,0,-40,130,115,127
7,83,13,1,-35,135,115,127
7,84,9,0,-40,135,115,132
7,85,16,0,-50,140,115,132
7,86,27,0,-40,125,115,132
7,87,41,0,-50,135,115,132
7,88,20,0,-55,135,130,132
7,89,35,0,-55,143,115,132
7,90,49,0,-55,143,115,137
7,91,11,1,-50,143,115,137
7,92,2,1,-45,143,105,137
7,93,21,0,-50,143,120,137
7,94,20,1,-50,148,105,137
7,95,36,0,-50,143,105,139
7,96,14,0,-50,143,105,144
7,97,3,0,-35,143,100,144
7,98,11,1,-30,143,100,144
7,99,8,1,-40,143,100,149
8,0,6,1,42,50,50,55
8,1,31,1,42,50,60,55
8,2,10,1,62,50,50,55
8,3,22,0,57,50,55,55
8,4,2,0,47,50,60,55
8,5,37,1,57,50,60,55
8,6,24,0,52,50,65,55
8,7,5,1,57,50,55,55
8,8,1,1,49,50,60,55
8,9,25,0,49,45,70,55
8,10,14,1,49,50,70,55
8,11,16,0,39,55,70,55
8,12,21,1,39,60,55,55
8,13,44,0,39,60,65,60
8,14,2,1,44,60,55,60
8,15,57,1,44,65,55,60
8,16,10,0,39,70,55,60
8,17,41,0,29,80,55,60
8,18,12,1,34,80,55,60
8,19,20,0,29,80,70,60
8,20,18,1,39,80,70,60
8,21,40,1,39,70,80,60
8,22,23,0,34,60,80,65
8,23,5,0,29,60,85,65
8,24,12,0,24,70,85,65
8,25,11,1,29,70,85,65
8,26,2,1,34,70,75,65
8,27,25,0,34,65,85,65
8,28,30,1,34,65,95,65
8,29,46,0,27,65,95,70
8,30,42,1,27,70,95,70
8,31,16,1,27,70,85,70
8,32,41,1,32,60,85,70
8,33,2,0,22,60,90,70
8,34,23,1,32,60,85,70
8,35,1,0,42,60,70,70
8,36,43,0,62,60,60,70
8,37,10,0,57,65,60,70
8,38,27,0,67,50,60,70
8,39,14,1,67,55,60,70
8,40,16,0,57,60,60,70
8,41,6,0,67,60,55,70
8,42,25,1,67,65,45,70
8,43,11,1,72,65,45,70
8,44,26,0,67,65,45,75
8,45,12,0,62,75,45,75
8,46,15,1,62,80,45,75
8,47,2,0,52,80,50,75
8,48,5,1,57,80,40,75
8,49,22,0,52,80,45,75
8,50,11,0,47,80,45,77
8,51,32,0,47,85,30,77
8,52,16,1,47,85,20,77
8,53,14,1,47,90,20,77
8,54,3,1,40,90,20,82
8,55,41,0,30,100,20,82
8,56,22,0,25,100,25,82
8,57,15,1,25,105,25,82
8,58,17,1,10,105,35,82
8,59,9,0,5,105,35,87
8,60,44,0,5,105,45,92
8,61,8,1,-5,105,45,97
8,62,13,0,-5,105,45,102
8,63,42,1,-5,110,45,102
8,64,23,1,5,110,40,102
8,65,1,1,-3,110,45,102
8,66,15,1,-3,115,45,102
8,67,25,0,-3,110,55,102
8,68,9,1,2,110,55,102
8,69,33,1,2,115,55,102
8,70,38,0,-3,120,55,102
8,71,14,0,-3,120,55,107
8,72,20,1,-3,125,40,107
8,73,11,0,-8,125,40,109
8,74,21,0,-13,125,55,109
8,75,41,1,-8,115,55,109
8,76,7,0,-23,120,55,109
8,77,2,0,-33,120,60,109
8,78,27,0,-23,105,60,109
8,79,44,1,-18,105,60,109
8,80,23,1,-8,105,55,109
8,81,26,0,-13,105,55,114
8,82,8,1,-23,105,55,119
8,83,10,0,-28,110,55,119
8,84,9,1,-23,110,55,119
8,85,34,1,-8,110,55,119
8,86,5,0,-13,110,60,119
8,87,1,0,-3,110,45,119
8,88,40,0,-3,120,35,119
8,89,9,1,2,120,35,119
8,90,47,1,2,120,35,134
8,91,4,0,-13,125,35,134
8,92,16,1,-13,125,25,134
8,93,23,0,-18,115,25,139
8,94,9,1,-13,115,25,139
8,95,37,0,-25,125,25,139
8,96,11,0,-30,125,25,141
8,97,38,0,-35,130,25,141
8,98,10,1,-15,130,15,141
8,99,24,0,-20,130,20,141
9,0,43,1,50,50,55,35
9,1,9,0,45,50,55,40
9,2,18,1,55,50,55,40
9,3,23,0,50,40,55,45
9,4,7,1,55,40,55,40
9,5,45,0,55,40,55,45
9,6,15,1,55,45,55,45
9,7,12,0,50,55,55,45
9,8,25,0,50,50,65,45
9,9,41,0,40,60,65,45
9,10,9,1,45,60,65,45
9,11,20,1,45,65,50,45
9,12,48,0,35,65,50,50
9,13,42,1,35,70,50,50
9,14,12,0,30,80,50,50
9,15,5,0,25,80,55,50
9,16,21,0,20,80,70,50
9,17,44,1,25,80,70,50
9,18,14,0,25,80,70,55
9,19,38,1,30,80,70,55
9,20,7,1,35,80,70,50
9,21,5,1,40,80,60,50
9,22,26,0,35,80,60,55
9,23,43,0,55,80,50,55
9,24,3,1,48,80,50,60
9,25,17,1,33,80,60,60
9,26,27,1,33,85,55,60
9,27,8,1,23,85,55,65
9,28,4,1,33,85,55,60
9,29,57,1,33,90,55,60
9,30,23,0,28,80,55,65
9,31,5,1,33,80,45,65
9,32,11,1,38,80,45,65
9,33,25,1,38,85,35,65
9,34,12,0,33,95,35,65
9,35,9,1,38,95,35,65
9,36,16,1,38,95,25,65
9,37,22,0,33,95,30,65
9,38,31,0,33,100,20,65
9,39,45,1,33,105,20,65
9,40,20,0,28,105,35,65
9,41,15,0,48,100,35,65
9,42,22,0,43,100,40,65
9,43,13,0,43,100,40,70
9,44,38,0,38,105,40,70
9,45,2,0,28,105,45,70
9,46,36,0,28,100,45,72
9,47,39,0,21,105,45,72
9,48,16,1,21,105,35,72
9,49,8,0,21,110,25,72
9,50,14,0,21,110,25,77
9,51,58,1,21,115,25,77
9,52,42,0,13,115,25,87
9,53,30,0,13,115,15,97
9,54,27,0,23,100,15,97
9,55,12,1,28,100,15,97
9,56,40,1,28,90,25,97
9,57,22,1,28,95,15,97
9,58,25,0,28,90,25,97
9,59,15,0,48,85,25,97
9,60,37,0,36,95,25,97
9,61,23,0,31,85,25,102
9,62,11,0,26,85,25,104
9,63,38,1,31,85,25,104
9,64,36,1,31,90,25,99
9,65,39,0,24,95,25,99
9,66,12,1,29,95,25,99
9,67,46,0,22,95,25,104
9,68,9,0,17,95,25,109
9,69,38,0,12,100,25,109
9,70,1,1,4,100,30,109
9,71,20,0,-1,100,45,109
9,72,27,0,9,85,45,109
9,73,40,0,9,95,35,109
9,74,3,0,24,95,30,109
9,75,28,1,34,95,30,109
9,76,44,0,34,95,40,114
9,77,13,1,39,100,40,114
9,78,14,0,39,100,40,119
9,79,59,0,39,100,30,124
9,80,27,0,49,85,30,124
9,81,6,0,59,85,25,124
9,82,42,0,51,85,25,134
9,83,39,1,56,85,25,129
9,84,13,1,61,90,25,129
9,85,10,1,81,90,15,129
9,86,5,1,86,90,5,129
9,87,14,0,86,90,5,134
9,88,2,0,76,90,10,134
9,89,9,1,81,90,10,134
9,90,29,0,71,90,15,134
9,91,5,1,76,90,5,134
9,92,22,0,71,90,10,134
9,93,2,0,61,90,15,134
9,94,60,0,91,90,15,134
9,95,44,1,96,90,15,134
9,96,25,0,96,85,25,134
9,97,36,0,96,80,25,136
9,98,11,0,91,80,25,138
9,99,26,0,86,80,25,143
10,0,41,0,40,60,50,50
10,1,4,1,50,60,50,45
10,2,14,1,50,65,50,45
10,3,49,1,50,70,50,45
10,4,31,0,50,75,40,45
10,5,17,0,30,85,40,45
10,6,3,0,45,85,35,45
10,7,22,1,45,90,25,45
10,8,5,0,40,90,30,45
10,9,40,0,40,100,20,45
10,10,27,0,50,85,20,45
10,11,11,1,55,85,20,45
10,12,25,1,55,90,10,45
10,13,3,1,48,90,10,50
10,14,10,1,68,90,0,50
10,15,42,0,60,90,0,60
10,16,46,1,65,90,0,55
10,17,40,1,65,80,10,55
10,18,25,1,65,85,0,55
10,19,22,1,65,90,-10,55
10,20,10,0,60,95,-10,55
10,21,43,1,60,95,-5,40
10,22,2,0,50,95,0,40
10,23,9,1,55,95,0,40
10,24,13,1,60,100,0,40
10,25,32,0,60,105,-15,40
10,26,18,1,70,105,-15,40
10,27,11,0,65,105,-15,42
10,28,2,1,70,105,-25,42
10,29,6,1,62,105,-25,47
10,30,33,1,62,110,-25,47
10,31,9,0,57,110,-25,52
10,32,16,1,57,110,-35,52
10,33,4,1,67,110,-35,47
10,34,3,0,82,110,-40,47
10,35,2,1,87,110,-50,47
10,36,57,0,77,110,-50,52
10,37,23,0,72,100,-50,57
10,38,26,0,67,100,-50,62
10,39,22,1,67,105,-60,62
10,40,58,1,67,110,-60,62
10,41,6,0,77,110,-65,62
10,42,1,0,87,110,-80,62
10,43,59,1,87,115,-80,62
10,44,44,1,92,115,-80,62
10,45,22,0,87,115,-75,62
10,46,38,1,92,115,-75,62
10,47,29,1,92,130,-95,62
10,48,27,1,92,135,-100,62
10,49,28,1,102,135,-100,62
10,50,42,0,94,135,-100,72
10,51,30,1,94,135,-90,72
10,52,20,0,89,135,-75,72
10,53,3,0,104,135,-80,72
10,54,8,1,94,135,-80,77
10,55,22,1,94,140,-90,77
10,56,10,1,114,140,-100,77
10,57,25,1,114,145,-110,77
10,58,11,0,109,145,-110,79
10,59,40,1,109,135,-100,79
10,60,29,1,109,150,-120,79
10,61,4,0,94,155,-120,79
10,62,5,0,89,155,-115,79
10,63,24,0,84,155,-110,79
10,64,47,0,109,155,-110,79
10,65,11,1,114,155,-110,79
10,66,25,1,114,160,-120,79
10,67,13,0,114,160,-120,84
10,68,16,0,104,165,-120,84
10,69,12,0,99,175,-120,84
10,70,20,0,94,175,-105,84
10,71,22,0,89,175,-100,84
10,72,60,0,119,175,-100,84
10,73,26,1,129,175,-105,84
10,74,1,1,121,175,-100,84
10,75,23,1,131,175,-105,84
10,76,7,0,116,180,-105,84
10,77,5,0,111,180,-100,84
10,78,44,1,116,180,-100,84
10,79,13,1,121,185,-100,84
10,80,26,0,116,185,-100,89
10,81,4,1,126,185,-100,84
10,82,1,0,136,185,-115,84
10,83,7,1,141,185,-115,79
10,84,34,1,156,185,-115,79
10,85,26,0,151,185,-115,84
10,86,15,1,151,190,-115,84
10,87,25,1,151,195,-125,84
10,88,9,0,146,195,-125,89
10,89,4,1,156,195,-125,84
10,90,10,0,151,200,-125,84
10,91,7,0,136,205,-125,84
10,92,11,1,141,205,-125,84
10,93,14,0,141,205,-125,89
10,94,13,1,146,210,-125,89
10,95,20,0,141,210,-110,89
10,96,26,0,136,210,-110,94
10,97,5,1,141,210,-120,94
10,98,14,0,141,210,-120,99
10,99,2,0,131,210,-115,99
11,0,7,0,35,55,50,50
11,1,20,0,30,55,65,50
11,2,11,1,35,55,65,50
11,3,41,1,40,45,65,50
11,4,15,0,60,40,65,50
11,5,36,0,60,35,65,52
11,6,16,1,60,35,55,52
11,7,6,0,70,35,50,52
11,8,13,0,70,35,50,57
11,9,28,1,80,35,50,57
11,10,21,0,75,35,65,57
11,11,27,0,85,20,65,57
11,12,20,0,80,20,80,57
11,13,10,1,100,20,70,57
11,14,1,0,110,20,55,57
11,15,16,0,100,25,55,57
11,16,12,0,95,35,55,57
11,17,15,0,115,30,55,57
11,18,43,0,135,30,45,57
11,19,2,1,140,30,35,57
11,20,13,1,145,35,35,57
11,21,20,0,140,35,50,57
11,22,1,1,132,35,55,57
11,23,38,0,127,40,55,57
11,24,3,0,142,40,50,57
11,25,4,1,152,40,50,52
11,26,39,0,145,45,50,52
11,27,22,0,140,45,55,52
11,28,12,1,145,45,55,52
11,29,15,0,165,40,55,52
11,30,13,0,165,40,55,57
11,31,23,1,175,40,50,57
11,32,25,0,175,35,60,57
11,33,36,0,175,30,60,59
11,34,8,0,175,35,50,59
11,35,47,0,200,35,50,59
11,36,28,1,210,35,50,59
11,37,38,1,215,35,50,59
11,38,45,1,215,40,50,59
11,39,16,0,205,45,50,59
11,40,2,1,210,45,40,59
11,41,36,0,210,40,40,61
11,42,57,1,210,45,40,61
11,43,4,1,220,45,40,56
11,44,1,0,230,45,25,56
11,45,41,0,220,55,25,56
11,46,16,0,210,60,25,56
11,47,18,1,220,60,25,56
11,48,11,1,225,60,25,56
11,49,3,0,240,60,20,56
11,50,27,0,250,45,20,56
11,51,9,1,255,45,20,56
11,52,21,1,255,50,5,56
11,53,14,1,255,55,5,56
11,54,36,0,255,50,5,58
11,55,4,1,265,50,5,53
11,56,22,0,260,50,10,53
11,57,31,1,260,50,20,53
11,58,13,0,260,50,20,58
11,59,30,0,260,50,10,68
11,60,24,0,255,50,15,68
11,61,32,0,255,55,0,68
11,62,45,0,255,55,0,73
11,63,26,0,250,55,0,78
11,64,6,0,260,55,-5,78
11,65,47,0,285,55,-5,78
11,66,10,0,280,60,-5,78
11,67,33,1,280,65,-5,78
11,68,8,1,270,65,-5,83
11,69,9,1,275,65,-5,83
11,70,38,1,280,65,-5,83
11,71,6,0,290,65,-10,83
11,72,22,1,290,70,-20,83
11,73,48,0,280,70,-20,88
11,74,14,0,280,70,-20,93
11,75,4,0,265,75,-20,93
11,76,58,0,265,65,-20,93
11,77,43,0,285,65,-30,93
11,78,41,1,290,55,-30,93
11,79,45,1,290,60,-30,93
11,80,46,1,295,60,-30,88
11,81,4,0,280,65,-30,88
11,82,13,0,280,65,-30,93
11,83,12,0,275,75,-30,93
11,84,34,1,290,75,-30,93
11,85,14,0,290,75,-30,98
11,86,44,1,295,75,-30,98
11,87,1,0,305,75,-45,98
11,88,4,0,290,80,-45,98
11,89,45,1,290,85,-45,98
11,90,23,1,300,85,-50,98
11,91,24,0,295,85,-45,98
11,92,46,1,300,85,-45,93
11,93,2,0,290,85,-40,93
11,94,15,1,290,90,-40,93
11,95,40,0,290,100,-50,93
11,96,39,0,283,105,-50,93
11,97,43,1,283,105,-45,78
11,98,35,1,283,95,-35,78
11,99,10,1,303,95,-45,78
12,0,26,1,60,50,45,50
12,1,15,1,60,55,45,50
12,2,3,0,75,55,40,50
12,3,12,0,70,65,40,50
12,4,25,0,70,60,50,50
12,5,14,0,70,60,50,55
12,6,57,1,70,65,50,55
12,7,26,0,65,65,50,60
12,8,41,1,70,55,50,60
12,9,58,0,70,45,50,60
12,10,44,0,70,45,60,65
12,11,14,0,70,45,60,70
12,12,20,0,65,45,75,70
12,13,11,0,60,45,75,72
12,14,59,1,60,50,75,72
12,15,38,0,55,55,75,72
12,16,47,1,55,55,75,87
12,17,10,1,75,55,65,87
12,18,21,1,75,60,50,87
12,19,11,1,80,60,50,87
12,20,5,1,85,60,40,87
12,21,16,0,75,65,40,87
12,22,31,0,75,70,30,87
12,23,23,1,85,70,25,87
12,24,3,0,100,70,20,87
12,25,20,1,100,75,5,87
12,26,24,0,95,75,10,87
12,27,60,1,95,85,10,87
12,28,32,1,95,75,25,87
12,29,7,1,100,75,25,82
12,30,14,0,100,75,25,87
12,31,5,0,95,75,30,87
12,32,42,1,95,80,30,87
12,33,10,0,90,85,30,87
12,34,23,0,85,75,30,92
12,35,39,0,78,80,30,92
12,36,1,0,88,80,15,92
12,37,46,1,93,80,15,87
12,38,41,1,98,70,15,87
12,39,13,1,103,75,15,87
12,40,14,1,103,80,15,87
12,41,2,0,93,80,20,87
12,42,12,1,98,80,20,87
12,43,23,0,93,70,20,92
12,44,8,0,93,75,10,92
12,45,6,0,103,75,5,92
12,46,16,1,103,75,-5,92
12,47,1,0,113,75,-20,92
12,48,12,0,108,85,-20,92
12,49,61,0,108,85,0,92
12,50,3,0,123,85,-5,92
12,51,43,1,123,85,0,77
12,52,16,1,123,85,-10,77
12,53,37,0,111,95,-10,77
12,54,45,1,111,100,-10,77
12,55,2,0,101,100,-5,77
12,56,40,1,101,90,5,77
12,57,11,1,106,90,5,77
12,58,9,1,111,90,5,77
12,59,38,0,106,95,5,77
12,60,20,0,101,95,20,77
12,61,3,1,94,95,20,82
12,62,22,0,89,95,25,82
12,63,16,0,79,100,25,82
12,64,19,0,59,100,35,92
12,65,10,0,54,105,35,92
12,66,23,0,49,95,35,97
12,67,3,1,42,95,35,102
12,68,6,1,34,95,35,107
12,69,2,0,24,95,40,107
12,70,40,0,24,105,30,107
12,71,9,1,29,105,30,107
12,72,10,1,49,105,20,107
12,73,5,0,44,105,25,107
12,74,2,1,49,105,15,107
12,75,33,0,79,105,15,107
12,76,29,1,79,120,-5,107
12,77,23,1,89,120,-10,107
12,78,26,1,99,120,-15,107
12,79,11,0,94,120,-15,109
12,80,3,0,109,120,-20,109
12,81,29,0,99,120,-15,109
12,82,8,0,99,125,-25,109
12,83,42,1,99,130,-25,109
12,84,41,1,104,120,-25,109
12,85,62,0,104,120,-25,109
12,86,48,1,104,125,-25,99
12,87,11,0,99,125,-25,101
12,88,38,1,104,125,-25,101
12,89,28,0,94,125,-15,101
12,90,41,1,99,115,-15,101
12,91,26,1,109,115,-20,101
12,92,4,0,94,120,-20,101
12,93,39,0,87,125,-20,101
12,94,40,1,87,115,-10,101
12,95,41,0,77,125,-10,101
12,96,12,0,72,135,-10,101
12,97,26,0,67,135,-10,106
12,98,23,1,77,135,-15,106
12,99,18,0,52,135,-15,116
13,0,38,1,55,50,50,50
13,1,22,0,50,50,55,50
13,2,12,1,55,50,55,50
13,3,1,0,65,50,40,50
13,4,37,0,53,60,40,50
13,5,15,0,73,55,40,50
13,6,11,0,68,55,40,52
13,7,19,0,48,55,50,62
13,8,36,1,48,60,50,57
13,9,9,1,53,60,50,57
13,10,16,0,43,65,50,57
13,11,49,1,43,70,50,57
13,12,31,0,43,75,40,57
13,13,12,1,48,75,40,57
13,14,10,1,68,75,30,57
13,15,20,0,63,75,45,57
13,16,36,0,63,70,45,59
13,17,57,1,63,75,45,59
13,18,23,0,58,65,45,64
13,19,12,1,63,65,45,64
13,20,40,1,63,55,55,64
13,21,28,0,53,55,65,64
13,22,3,1,46,55,65,69
13,23,7,0,31,60,65,69
13,24,39,1,36,60,65,64
13,25,16,0,26,65,65,64
13,26,11,0,21,65,65,66
13,27,40,0,21,75,55,66
13,28,41,0,11,85,55,66
13,29,10,0,6,90,55,66
13,30,13,0,6,90,55,71
13,31,2,1,11,90,45,71
13,32,44,0,11,90,55,76
13,33,58,0,11,80,55,76
13,34,46,0,4,80,55,81
13,35,23,0,-1,70,55,86
13,36,5,0,-6,70,60,86
13,37,28,0,-16,70,70,86
13,38,11,0,-21,70,70,88
13,39,14,1,-21,75,70,88
13,40,9,1,-16,75,70,88
13,41,41,1,-11,65,70,88
13,42,12,1,-6,65,70,88
13,43,59,0,-6,65,60,93
13,44,23,0,-11,55,60,98
13,45,10,1,9,55,50,98
13,46,27,1,9,60,45,98
13,47,2,0,-1,60,50,98
13,48,16,1,-1,60,40,98
13,49,25,0,-1,55,50,98
13,50,42,0,-9,55,50,108
13,51,20,1,-9,60,35,108
13,52,60,0,21,60,35,108
13,53,2,0,11,60,40,108
13,54,9,0,6,60,40,113
13,55,38,0,1,65,40,113
13,56,1,1,-7,65,45,113
13,57,14,0,-7,65,45,118
13,58,25,0,-7,60,55,118
13,59,10,1,13,60,45,118
13,60,18,1,23,60,45,118
13,61,39,0,16,65,45,118
13,62,8,1,6,65,45,123
13,63,32,0,6,70,30,123
13,64,33,1,6,75,30,123
13,65,44,1,11,75,30,123
13,66,10,1,31,75,20,123
13,67,1,1,23,75,25,123
13,68,21,1,23,80,10,123
13,69,6,1,15,80,10,128
13,70,19,1,30,80,10,128
13,71,23,1,40,80,5,128
13,72,9,0,35,80,5,133
13,73,4,1,45,80,5,128
13,74,12,1,50,80,5,128
13,75,18,1,60,80,5,128
13,76,1,0,70,80,-10,128
13,77,42,1,70,85,-10,128
13,78,13,0,70,85,-10,133
13,79,4,1,80,85,-10,128
13,80,22,0,75,85,-5,128
13,81,27,0,85,70,-5,128
13,82,7,1,90,70,-5,123
13,83,16,1,90,70,-15,123
13,84,5,0,85,70,-10,123
13,85,6,1,77,70,-10,128
13,86,11,1,82,70,-10,128
13,87,34,0,82,55,5,128
13,88,43,0,102,55,-5,128
13,89,14,1,102,60,-5,128
13,90,21,1,102,65,-20,128
13,91,30,0,102,65,-30,138
13,92,6,1,94,65,-30,143
13,93,41,1,99,55,-30,143
13,94,5,0,94,55,-25,143
13,95,16,0,84,60,-25,143
13,96,20,1,84,65,-40,143
13,97,26,0,79,65,-40,148
13,98,2,1,84,65,-50,148
13,99,10,0,79,70,-50,148
14,0,21,0,45,50,65,50
14,1,25,0,45,45,75,50
14,2,16,0,35,50,75,50
14,3,10,1,55,50,65,50
14,4,20,0,50,50,80,50
14,5,28,1,60,50,80,50
14,6,26,1,70,50,75,50
14,7,42,0,62,50,75,60
14,8,23,1,72,50,70,60
14,9,46,0,65,50,70,65
14,10,2,0,55,50,75,65
14,11,5,0,50,50,80,65
14,12,39,0,43,55,80,65
14,13,30,0,43,55,70,75
14,14,24,0,38,55,75,75
14,15,25,0,38,50,85,75
14,16,41,0,28,60,85,75
14,17,14,0,28,60,85,80
14,18,6,0,38,60,80,80
14,19,13,0,38,60,80,85
14,20,4,1,48,60,80,80
14,21,26,1,58,60,75,80
14,22,9,0,53,60,75,85
14,23,12,0,48,70,75,85
14,24,42,0,40,70,75,95
14,25,31,1,40,70,85,95
14,26,28,0,30,70,95,95
14,27,32,1,30,60,110,95
14,28,17,0,10,70,110,95
14,29,44,0,10,70,120,100
14,30,10,0,5,75,120,100
14,31,41,0,-5,85,120,100
14,32,30,0,-5,85,110,110
14,33,33,0,25,85,110,110
14,34,28,1,35,85,110,110
14,35,36,0,35,80,110,112
14,36,20,1,35,85,95,112
14,37,1,0,45,85,80,112
14,38,27,0,55,70,80,112
14,39,3,0,70,70,75,112
14,40,2,0,60,70,80,112
14,41,34,0,60,55,95,112
14,42,28,0,50,55,105,112
14,43,5,1,55,55,95,112
14,44,29,0,45,55,100,112
14,45,15,1,45,60,100,112
14,46,44,0,45,60,110,117
14,47,26,1,55,60,105,117
14,48,22,1,55,65,95,117
14,49,2,0,45,65,100,117
14,50,30,0,45,65,90,127
14,51,45,1,45,70,90,127
14,52,16,1,45,70,80,127
14,53,15,1,45,75,80,127
14,54,13,1,50,80,80,127
14,55,42,1,50,85,80,127
14,56,17,0,30,95,80,127
14,57,3,1,23,95,80,132
14,58,11,1,28,95,80,132
14,59,7,0,13,100,80,132
14,60,38,0,8,105,80,132
14,61,10,0,3,110,80,132
14,62,14,1,3,115,80,132
14,63,20,1,3,120,65,132
14,64,2,1,8,120,55,132
14,65,57,1,8,125,55,132
14,66,47,1,8,125,55,147
14,67,46,1,13,125,55,142
14,68,11,1,18,125,55,142
14,69,13,1,23,130,55,142
14,70,10,1,43,130,45,142
14,71,58,0,43,120,45,142
14,72,23,0,38,110,45,147
14,73,11,0,33,110,45,149
14,74,25,1,33,115,35,149
14,75,26,0,28,115,35,154
14,76,43,1,28,115,40,139
14,77,37,1,38,115,40,139
14,78,3,1,31,115,40,144
14,79,1,0,41,115,25,144
14,80,28,1,51,115,25,144
14,81,30,0,51,115,15,154
14,82,15,1,51,120,15,154
14,83,42,1,51,125,15,154
14,84,11,1,56,125,15,154
14,85,16,1,56,125,5,154
14,86,38,1,61,125,5,154
14,87,29,0,51,125,10,154
14,88,41,0,41,135,10,154
14,89,44,1,46,135,10,154
14,90,12,0,41,145,10,154
14,91,24,1,46,145,10,154
14,92,9,1,51,145,10,154
14,93,35,1,51,135,20,154
14,94,1,1,43,135,25,154
14,95,12,0,38,145,25,154
14,96,36,0,38,140,25,156
14,97,46,1,43,140,25,151
14,98,41,0,33,150,25,151
14,99,9,0,28,150,25,156
15,0,9,1,55,50,50,50
15,1,27,0,65,35,50,50
15,2,26,0,60,35,50,55
15,3,5,0,55,35,55,55
15,4,48,1,55,40,55,45
15,5,1,0,65,40,40,45
15,6,31,1,65,40,50,45
15,7,27,1,65,45,45,45
15,8,20,1,65,50,30,45
15,9,5,0,60,50,35,45
15,10,29,0,50,50,40,45
15,11,25,0,50,45,50,45
15,12,17,1,35,45,60,45
15,13,11,0,30,45,60,47
15,14,1,0,40,45,45,47
15,15,19,0,20,45,55,57
15,16,13,0,20,45,55,62
15,17,15,1,20,50,55,62
15,18,25,0,20,45,65,62
15,19,22,0,15,45,70,62
15,20,38,1,20,45,70,62
15,21,39,0,13,50,70,62
15,22,10,1,33,50,60,62
15,23,5,0,28,50,65,62
15,24,6,1,20,50,65,67
15,25,4,0,5,55,65,67
15,26,23,1,15,55,60,67
15,27,9,0,10,55,60,72
15,28,19,1,25,55,60,72
15,29,2,0,15,55,65,72
15,30,3,0,30,55,60,72
15,31,13,1,35,60,60,72
15,32,24,1,40,60,60,72
15,33,44,0,40,60,70,77
15,34,20,1,40,65,55,77
15,35,16,0,30,70,55,77
15,36,10,1,50,70,45,77
15,37,46,1,55,70,45,72
15,38,15,1,55,75,45,72
15,39,38,1,60,75,45,72
15,40,41,1,65,65,45,72
15,41,11,0,60,65,45,74
15,42,4,1,70,65,45,69
15,43,32,1,70,55,60,69
15,44,14,0,70,55,60,74
15,45,28,1,80,55,60,74
15,46,26,0,75,55,60,79
15,47,10,1,95,55,50,79
15,48,33,1,95,60,50,79
15,49,3,0,110,60,45,79
15,50,14,1,110,65,45,79
15,51,25,0,110,60,55,79
15,52,23,0,105,50,55,84
15,53,40,1,105,40,65,84
15,54,10,1,125,40,55,84
15,55,9,0,120,40,55,89
15,56,17,0,100,50,55,89
15,57,22,0,95,50,60,89
15,58,21,0,90,50,75,89
15,59,20,0,85,50,90,89
15,60,45,1,85,55,90,89
15,61,47,1,85,55,90,104
15,62,27,0,95,40,90,104
15,63,40,0,95,50,80,104
15,64,57,1,95,55,80,104
15,65,14,1,95,60,80,104
15,66,12,1,100,60,80,104
15,67,11,1,105,60,80,104
15,68,41,1,110,50,80,104
15,69,8,1,100,50,80,109
15,70,14,1,100,55,80,109
15,71,22,0,95,55,85,109
15,72,12,1,100,55,85,109
15,73,9,1,105,55,85,109
15,74,4,1,115,55,85,104
15,75,43,1,115,55,90,89
15,76,10,1,135,55,80,89
15,77,41,1,140,45,80,89
15,78,15,1,140,50,80,89
15,79,11,0,135,50,80,91
15,80,36,0,135,45,80,93
15,81,14,1,135,50,80,93
15,82,12,1,140,50,80,93
15,83,15,0,160,45,80,93
15,84,4,1,170,45,80,88
15,85,25,0,170,40,90,88
15,86,21,1,170,45,75,88
15,87,8,0,170,50,65,88
15,88,1,1,162,50,70,88
15,89,11,1,167,50,70,88
15,90,41,1,172,40,70,88
15,91,3,1,165,40,70,93
15,92,5,1,170,40,60,93
15,93,25,0,170,35,70,93
15,94,15,0,190,30,70,93
15,95,16,1,190,30,60,93
15,96,12,1,195,30,60,93
15,97,48,0,185,30,60,98
15,98,42,1,185,35,60,98
15,99,44,0,185,35,70,103
16,0,4,1,60,50,50,45
16,1,3,0,75,50,45,45
16,2,21,0,70,50,60,45
16,3,47,1,70,50,60,60
16,4,57,1,70,55,60,60
16,5,10,0,65,60,60,60
16,6,26,0,60,60,60,65
16,7,11,1,65,60,60,65
16,8,15,0,85,55,60,65
16,9,2,1,90,55,50,65
16,10,14,1,90,60,50,65
16,11,5,0,85,60,55,65
16,12,26,0,80,60,55,70
16,13,6,0,90,60,50,70
16,14,11,1,95,60,50,70
16,15,24,0,90,60,55,70
16,16,15,1,90,65,55,70
16,17,10,1,110,65,45,70
16,18,29,1,110,80,25,70
16,19,46,0,103,80,25,75
16,20,12,1,108,80,25,75
16,21,9,0,103,80,25,80
16,22,5,0,98,80,30,80
16,23,16,0,88,85,30,80
16,24,3,0,103,85,25,80
16,25,44,0,103,85,35,85
16,26,12,1,108,85,35,85
16,27,26,0,103,85,35,90
16,28,23,1,113,85,30,90
16,29,16,0,103,90,30,90
16,30,13,0,103,90,30,95
16,31,5,1,108,90,20,95
16,32,9,1,113,90,20,95
16,33,39,0,106,95,20,95
16,34,22,1,106,100,10,95
16,35,40,0,106,110,0,95
16,36,14,0,106,110,0,100
16,37,27,0,116,95,0,100
16,38,46,1,121,95,0,95
16,39,45,0,121,95,0,100
16,40,37,0,109,105,0,100
16,41,16,0,99,110,0,100
16,42,28,1,109,110,0,100
16,43,21,1,109,115,-15,100
16,44,4,0,94,120,-15,100
16,45,15,0,114,115,-15,100
16,46,23,0,109,105,-15,105
16,47,22,0,104,105,-10,105
16,48,11,0,99,105,-10,107
16,49,24,1,104,105,-10,107
16,50,13,1,109,110,-10,107
16,51,43,0,129,110,-20,107
16,52,4,0,114,115,-20,107
16,53,10,1,134,115,-30,107
16,54,46,0,127,115,-30,112
16,55,15,0,147,110,-30,112
16,56,9,0,142,110,-30,117
16,57,5,0,137,110,-25,117
16,58,30,1,137,110,-15,117
16,59,10,0,132,115,-15,117
16,60,23,1,142,115,-20,117
16,61,44,0,142,115,-10,122
16,62,25,1,142,120,-20,122
16,63,16,0,132,125,-20,122
16,64,41,0,122,135,-20,122
16,65,21,1,122,140,-35,122
16,66,43,1,122,140,-30,107
16,67,26,0,117,140,-30,112
16,68,8,0,117,145,-40,112
16,69,48,1,117,150,-40,102
16,70,4,1,127,150,-40,97
16,71,41,0,117,160,-40,97
16,72,15,0,137,155,-40,97
16,73,46,1,142,155,-40,92
16,74,22,0,137,155,-35,92
16,75,16,1,137,155,-45,92
16,76,11,1,142,155,-45,92
16,77,7,1,147,155,-45,87
16,78,31,1,147,155,-35,87
16,79,28,1,157,155,-35,87
16,80,48,0,147,155,-35,92
16,81,15,1,147,160,-35,92
16,82,41,0,137,170,-35,92
16,83,5,1,142,170,-45,92
16,84,11,0,137,170,-45,94
16,85,25,1,137,175,-55,94
16,86,58,0,137,165,-55,94
16,87,6,1,129,165,-55,99
16,88,12,1,134,165,-55,99
16,89,29,1,134,180,-75,99
16,90,47,0,159,180,-75,99
16,91,2,0,149,180,-70,99
16,92,25,0,149,175,-60,99
16,93,37,1,159,175,-60,99
16,94,16,0,149,180,-60,99
16,95,32,1,149,170,-45,99
16,96,59,1,149,175,-45,99
16,97,2,0,139,175,-40,99
16,98,10,0,134,180,-40,99
16,99,11,1,139,180,-40,99
17,0,57,0,40,50,50,55
17,1,46,0,33,50,50,60
17,2,43,0,53,50,40,60
17,3,16,1,53,50,30,60
17,4,11,1,58,50,30,60
17,5,14,0,58,50,30,65
17,6,18,0,33,50,30,75
17,7,31,0,33,55,20,75
17,8,16,1,33,55,10,75
17,9,32,0,33,60,-5,75
17,10,5,1,38,60,-15,75
17,11,13,0,38,60,-15,80
17,12,41,1,43,50,-15,80
17,13,12,1,48,50,-15,80
17,14,23,1,58,50,-20,80
17,15,9,0,53,50,-20,85
17,16,11,1,58,50,-20,85
17,17,3,1,51,50,-20,90
17,18,6,0,61,50,-25,90
17,19,26,0,56,50,-25,95
17,20,58,0,56,40,-25,95
17,21,23,1,66,40,-30,95
17,22,4,0,51,45,-30,95
17,23,12,1,56,45,-30,95
17,24,33,0,86,45,-30,95
17,25,13,1,91,50,-30,95
17,26,59,1,91,55,-30,95
17,27,34,0,91,40,-15,95
17,28,10,1,111,40,-25,95
17,29,18,1,121,40,-25,95
17,30,36,0,121,35,-25,97
17,31,16,1,121,35,-35,97
17,32,19,0,101,35,-25,107
17,33,13,1,106,40,-25,107
17,34,18,1,116,40,-25,107
17,35,9,0,111,40,-25,112
17,36,6,0,121,40,-30,112
17,37,7,1,126,40,-30,107
17,38,16,1,126,40,-40,107
17,39,4,0,111,45,-40,107
17,40,44,0,111,45,-30,112
17,41,36,1,111,50,-30,107
17,42,12,0,106,60,-30,107
17,43,16,0,96,65,-30,107
17,44,11,1,101,65,-30,107
17,45,39,0,94,70,-30,107
17,46,60,0,124,70,-30,107
17,47,2,0,114,70,-25,107
17,48,23,0,109,60,-25,112
17,49,61,1,109,70,-25,112
17,50,1,1,101,70,-20,112
17,51,24,0,96,70,-15,112
17,52,9,0,91,70,-15,117
17,53,47,1,91,70,-15,132
17,54,12,1,96,70,-15,132
17,55,19,0,76,70,-5,142
17,56,27,1,76,75,-10,142
17,57,16,1,76,75,-20,142
17,58,6,0,86,75,-25,142
17,59,35,0,86,83,-40,142
17,60,8,0,86,88,-50,142
17,61,22,1,86,93,-60,142
17,62,4,1,96,93,-60,137
17,63,49,1,96,98,-60,137
17,64,9,0,91,98,-60,142
17,65,45,0,91,98,-60,147
17,66,1,1,83,98,-55,147
17,67,26,1,93,98,-60,147
17,68,5,0,88,98,-55,147
17,69,29,0,78,98,-50,147
17,70,43,0,98,98,-60,147
17,71,19,1,113,98,-60,147
17,72,14,0,113,98,-60,152
17,73,12,1,118,98,-60,152
17,74,28,0,108,98,-50,152
17,75,43,1,108,98,-45,137
17,76,45,1,108,103,-45,137
17,77,26,0,103,103,-45,142
17,78,7,1,108,103,-45,137
17,79,4,0,93,108,-45,137
17,80,46,0,86,108,-45,142
17,81,8,0,86,113,-55,142
17,82,37,1,96,113,-55,142
17,83,11,1,101,113,-55,142
17,84,36,1,101,118,-55,137
17,85,43,1,101,118,-50,122
17,86,47,0,126,118,-50,122
17,87,6,1,118,118,-50,127
17,88,15,1,118,123,-50,127
17,89,17,0,98,133,-50,127
17,90,41,1,103,123,-50,127
17,91,25,0,103,118,-40,127
17,92,30,0,103,118,-50,137
17,93,46,1,108,118,-50,132
17,94,9,1,113,118,-50,132
17,95,16,0,103,123,-50,132
17,96,14,1,103,128,-50,132
17,97,12,1,108,128,-50,132
17,98,3,0,123,128,-55,132
17,99,6,0,133,128,-60,132
18,0,11,1,55,50,50,50
18,1,31,1,55,50,60,50
18,2,16,1,55,50,50,50
18,3,26,1,65,50,45,50
18,4,15,1,65,55,45,50
18,5,3,1,58,55,45,55
18,6,10,0,53,60,45,55
18,7,7,0,38,65,45,55
18,8,49,0,38,65,45,60
18,9,5,0,33,65,50,60
18,10,25,0,33,60,60,60
18,11,23,1,43,60,55,60
18,12,6,0,53,60,50,60
18,13,32,0,53,65,35,60
18,14,16,1,53,65,25,60
18,15,15,0,73,60,25,60
18,16,23,0,68,50,25,65
18,17,40,1,68,40,35,65
18,18,22,0,63,40,40,65
18,19,1,1,55,40,45,65
18,20,16,1,55,40,35,65
18,21,2,1,60,40,25,65
18,22,45,0,60,40,25,70
18,23,29,0,50,40,30,70
18,24,6,1,42,40,30,75
18,25,37,0,30,50,30,75
18,26,39,0,23,55,30,75
18,27,33,1,23,60,30,75
18,28,5,0,18,60,35,75
18,29,16,1,18,60,25,75
18,30,15,0,38,55,25,75
18,31,22,1,38,60,15,75
18,32,34,1,53,60,15,75
18,33,35,0,53,68,0,75
18,34,41,0,43,78,0,75
18,35,13,1,48,83,0,75
18,36,46,1,53,83,0,70
18,37,37,0,41,93,0,70
18,38,12,1,46,93,0,70
18,39,1,1,38,93,5,70
18,40,10,0,33,98,5,70
18,41,2,0,23,98,10,70
18,42,50,0,23,108,10,70
18,43,14,0,23,108,10,75
18,44,24,1,28,108,10,75
18,45,22,1,28,113,0,75
18,46,5,1,33,113,-10,75
18,47,27,1,33,118,-15,75
18,48,4,1,43,118,-15,70
18,49,16,1,43,118,-25,70
18,50,18,1,53,118,-25,70
18,51,8,0,53,123,-35,70
18,52,1,1,45,123,-30,70
18,53,26,0,40,123,-30,75
18,54,38,1,45,123,-30,75
18,55,4,0,30,128,-30,75
18,56,37,0,18,138,-30,75
18,57,41,1,23,128,-30,75
18,58,29,1,23,143,-50,75
18,59,26,1,33,143,-55,75
18,60,10,1,53,143,-65,75
18,61,6,1,45,143,-65,80
18,62,23,0,40,133,-65,85
18,63,1,0,50,133,-80,85
18,64,3,1,43,133,-80,90
18,65,4,1,53,133,-80,85
18,66,26,0,48,133,-80,90
18,67,9,1,53,133,-80,90
18,68,37,0,41,143,-80,90
18,69,38,0,36,148,-80,90
18,70,4,0,21,153,-80,90
18,71,12,1,26,153,-80,90
18,72,41,1,31,143,-80,90
18,73,6,1,23,143,-80,95
18,74,16,0,13,148,-80,95
18,75,39,1,18,148,-80,90
18,76,5,0,13,148,-75,90
18,77,15,1,13,153,-75,90
18,78,41,0,3,163,-75,90
18,79,23,1,13,163,-80,90
18,80,43,0,33,163,-90,90
18,81,5,0,28,163,-85,90
18,82,9,1,33,163,-85,90
18,83,11,1,38,163,-85,90
18,84,42,0,30,163,-85,100
18,85,24,0,25,163,-80,100
18,86,43,0,45,163,-90,100
18,87,23,1,55,163,-95,100
18,88,16,0,45,168,-95,100
18,89,4,0,30,173,-95,100
18,90,1,0,40,173,-110,100
18,91,27,0,50,158,-110,100
18,92,15,1,50,163,-110,100
18,93,30,0,50,163,-120,110
18,94,43,0,70,163,-130,110
18,95,14,1,70,168,-130,110
18,96,44,0,70,168,-120,115
18,97,40,0,70,178,-130,115
18,98,16,1,70,178,-140,115
18,99,21,1,70,183,-155,115
19,0,38,0,45,55,50,50
19,1,29,1,45,70,30,50
19,2,31,0,45,75,20,50
19,3,15,0,65,70,20,50
19,4,2,0,55,70,25,50
19,5,23,1,65,70,20,50
19,6,5,0,60,70,25,50
19,7,42,1,60,75,25,50
19,8,14,0,60,75,25,55
19,9,41,1,65,65,25,55
19,10,47,0,90,65,25,55
19,11,36,1,90,70,25,50
19,12,13,0,90,70,25,55
19,13,28,1,100,70,25,55
19,14,25,1,100,75,15,55
19,15,24,1,105,75,15,55
19,16,20,1,105,80,0,55
19,17,7,1,110,80,0,50
19,18,38,1,115,80,0,50
19,19,42,0,107,80,0,60
19,20,39,1,112,80,0,55
19,21,12,0,107,90,0,55
19,22,14,0,107,90,0,60
19,23,4,1,117,90,0,55
19,24,20,1,117,95,-15,55
19,25,2,1,122,95,-25,55
19,26,16,1,122,95,-35,55
19,27,47,0,147,95,-35,55
19,28,30,1,147,95,-25,55
19,29,9,0,142,95,-25,60
19,30,39,0,135,100,-25,60
19,31,1,1,127,100,-20,60
19,32,15,0,147,95,-20,60
19,33,18,0,122,95,-20,70
19,34,4,0,107,100,-20,70
19,35,14,0,107,100,-20,75
19,36,3,1,100,100,-20,80
19,37,29,0,90,100,-15,80
19,38,25,1,90,105,-25,80
19,39,32,1,90,95,-10,80
19,40,18,0,65,95,-10,90
19,41,33,1,65,100,-10,90
19,42,1,0,75,100,-25,90
19,43,2,1,80,100,-35,90
19,44,13,0,80,100,-35,95
19,45,37,0,68,110,-35,95
19,46,48,1,68,115,-35,85
19,47,4,0,53,120,-35,85
19,48,16,0,43,125,-35,85
19,49,3,0,58,125,-40,85
19,50,45,0,58,125,-40,90
19,51,6,1,50,125,-40,95
19,52,36,1,50,130,-40,90
19,53,37,0,38,140,-40,90
19,54,26,1,48,140,-45,90
19,55,42,0,40,140,-45,100
19,56,34,1,55,140,-45,100
19,57,11,1,60,140,-45,100
19,58,2,0,50,140,-40,100
19,59,28,0,40,140,-30,100
19,60,9,1,45,140,-30,100
19,61,8,1,35,140,-30,105
19,62,3,1,28,140,-30,110
19,63,6,1,20,140,-30,115
19,64,29,1,20,155,-50,115
19,65,11,1,25,155,-50,115
19,66,12,1,30,155,-50,115
19,67,25,1,30,160,-60,115
19,68,44,1,35,160,-60,115
19,69,22,0,30,160,-55,115
19,70,28,1,40,160,-55,115
19,71,40,0,40,170,-65,115
19,72,35,1,40,160,-55,115
19,73,47,0,65,160,-55,115
19,74,1,0,75,160,-70,115
19,75,13,0,75,160,-70,120
19,76,28,1,85,160,-70,120
19,77,26,1,95,160,-75,120
19,78,18,1,105,160,-75,120
19,79,57,1,105,165,-75,120
19,80,41,1,110,155,-75,120
19,81,13,0,110,155,-75,125
19,82,21,1,110,160,-90,125
19,83,58,0,110,150,-90,125
19,84,7,0,95,155,-90,125
19,85,47,1,95,155,-90,140
19,86,17,1,80,155,-80,140
19,87,2,0,70,155,-75,140
19,88,13,0,70,155,-75,145
19,89,44,0,70,155,-65,150
19,90,27,0,80,140,-65,150
19,91,7,1,85,140,-65,145
19,92,20,0,80,140,-50,145
19,93,16,0,70,145,-50,145
19,94,22,0,65,145,-45,145
19,95,13,1,70,150,-45,145
19,96,2,0,60,150,-40,145
19,97,37,0,48,160,-40,145
19,98,49,0,48,160,-40,150
19,99,27,0,58,145,-40,150
20,0,1,0,60,50,35,50
20,1,57,0,50,50,35,55
20,2,49,0,50,50,35,60
20,3,9,1,55,50,35,60
20,4,10,0,50,55,35,60
20,5,4,1,60,55,35,55
20,6,12,0,55,65,35,55
20,7,43,1,55,65,40,40
20,8,23,1,65,65,35,40
20,9,10,0,60,70,35,40
20,10,28,0,50,70,45,40
20,11,31,0,50,75,35,40
20,12,3,0,65,75,30,40
20,13,7,1,70,75,30,35
20,14,14,1,70,80,30,35
20,15,18,0,45,80,30,45
20,16,29,0,35,80,35,45
20,17,43,0,55,80,25,45
20,18,15,1,55,85,25,45
20,19,4,1,65,85,25,40
20,20,27,0,75,70,25,40
20,21,13,0,75,70,25,45
20,22,39,0,68,75,25,45
20,23,38,0,63,80,25,45
20,24,32,0,63,85,10,45
20,25,22,1,63,90,0,45
20,26,13,1,68,95,0,45
20,27,15,0,88,90,0,45
20,28,36,0,88,85,0,47
20,29,17,0,68,95,0,47
20,30,58,1,68,100,0,47
20,31,6,0,78,100,-5,47
20,32,37,1,88,100,-5,47
20,33,33,1,88,105,-5,47
20,34,15,1,88,110,-5,47
20,35,2,1,93,110,-15,47
20,36,8,0,93,115,-25,47
20,37,45,1,93,120,-25,47
20,38,11,1,98,120,-25,47
20,39,5,0,93,120,-20,47
20,40,34,0,93,105,-5,47
20,41,13,1,98,110,-5,47
20,42,6,0,108,110,-10,47
20,43,36,0,108,105,-10,49
20,44,4,1,118,105,-10,44
20,45,20,0,113,105,5,44
20,46,37,1,123,105,5,44
20,47,44,0,123,105,15,49
20,48,39,1,128,105,15,44
20,49,27,1,128,110,10,44
20,50,11,1,133,110,10,44
20,51,7,0,118,115,10,44
20,52,2,0,108,115,15,44
20,53,12,1,113,115,15,44
20,54,59,1,113,120,15,44
20,55,4,1,123,120,15,39
20,56,5,0,118,120,20,39
20,57,43,1,118,120,25,24
20,58,14,0,118,120,25,29
20,59,35,0,118,128,10,29
20,60,11,1,123,128,10,29
20,61,41,0,113,138,10,29
20,62,46,1,118,138,10,24
20,63,26,0,113,138,10,29
20,64,2,1,118,138,0,29
20,65,48,1,118,143,0,19
20,66,38,1,123,143,0,19
20,67,4,0,108,148,0,19
20,68,9,1,113,148,0,19
20,69,1,0,123,148,-15,19
20,70,11,1,128,148,-15,19
20,71,38,1,133,148,-15,19
20,72,16,1,133,148,-25,19
20,73,36,0,133,143,-25,21
20,74,1,1,125,143,-20,21
20,75,13,1,130,148,-20,21
20,76,44,0,130,148,-10,26
20,77,18,0,105,148,-10,36
20,78,15,1,105,153,-10,36
20,79,40,1,105,143,0,36
20,80,12,0,100,153,0,36
20,81,1,1,92,153,5,36
20,82,29,1,92,168,-15,36
20,83,38,1,97,168,-15,36
20,84,6,1,89,168,-15,41
20,85,26,1,99,168,-20,41
20,86,43,0,119,168,-30,41
20,87,17,1,104,168,-20,41
20,88,41,1,109,158,-20,41
20,89,18,1,119,158,-20,41
20,90,50,1,119,158,-10,41
20,91,44,1,124,158,-10,41
20,92,29,0,114,158,-5,41
20,93,5,0,109,158,0,41
20,94,12,0,104,168,0,41
20,95,14,1,104,173,0,41
20,96,25,0,104,168,10,41
20,97,23,0,99,158,10,46
20,98,29,0,89,158,15,46
20,99,9,1,94,158,15,46
21,0,25,0,50,45,60,50
21,1,31,0,50,50,50,50
21,2,4,1,60,50,50,45
21,3,44,0,60,50,60,50
21,4,16,1,60,50,50,50
21,5,14,0,60,50,50,55
21,6,17,1,45,50,60,55
21,7,3,0,60,50,55,55
21,8,49,0,60,50,55,60
21,9,23,1,70,50,50,60
21,10,18,1,80,50,50,60
21,11,11,1,85,50,50,60
21,12,20,1,85,55,35,60
21,13,22,1,85,60,25,60
21,14,6,0,95,60,20,60
21,15,10,1,115,60,10,60
21,16,9,0,110,60,10,65
21,17,5,0,105,60,15,65
21,18,13,0,105,60,15,70
21,19,43,1,105,60,20,55
21,20,1,1,97,60,25,55
21,21,12,0,92,70,25,55
21,22,46,0,85,70,25,60
21,23,3,1,78,70,25,65
21,24,16,1,78,70,15,65
21,25,18,1,88,70,15,65
21,26,11,1,93,70,15,65
21,27,5,1,98,70,5,65
21,28,38,0,93,75,5,65
21,29,32,1,93,65,20,65
21,30,57,0,83,65,20,70
21,31,13,0,83,65,20,75
21,32,2,0,73,65,25,75
21,33,48,1,73,70,25,65
21,34,33,0,103,70,25,65
21,35,22,0,98,70,30,65
21,36,16,0,88,75,30,65
21,37,20,1,88,80,15,65
21,38,25,1,88,85,5,65
21,39,42,1,88,90,5,65
21,40,14,0,88,90,5,70
21,41,5,0,83,90,10,70
21,42,18,1,93,90,10,70
21,43,16,1,93,90,0,70
21,44,17,1,78,90,10,70
21,45,11,0,73,90,10,72
21,46,9,1,78,90,10,72
21,47,2,1,83,90,0,72
21,48,38,0,78,95,0,72
21,49,26,1,88,95,-5,72
21,50,36,0,88,90,-5,74
21,51,39,0,81,95,-5,74
21,52,50,1,81,95,5,74
21,53,5,0,76,95,10,74
21,54,4,1,86,95,10,69
21,55,21,1,86,100,-5,69
21,56,43,1,86,100,0,54
21,57,2,0,76,100,5,54
21,58,14,1,76,105,5,54
21,59,44,0,76,105,15,59
21,60,51,0,76,85,15,69
21,61,1,1,68,85,20,69
21,62,12,1,73,85,20,69
21,63,21,0,68,85,35,69
21,64,26,0,63,85,35,74
21,65,23,1,73,85,30,74
21,66,8,1,63,85,30,79
21,67,22,1,63,90,20,79
21,68,14,1,63,95,20,79
21,69,40,1,63,85,30,79
21,70,16,0,53,90,30,79
21,71,10,0,48,95,30,79
21,72,39,0,41,100,30,79
21,73,3,0,56,100,25,79
21,74,14,1,56,105,25,79
21,75,34,0,56,90,40,79
21,76,29,0,46,90,45,79
21,77,38,1,51,90,45,79
21,78,5,0,46,90,50,79
21,79,16,1,46,90,40,79
21,80,52,0,66,80,40,79
21,81,27,0,76,65,40,79
21,82,15,1,76,70,40,79
21,83,23,1,86,70,35,79
21,84,42,0,78,70,35,89
21,85,18,0,53,70,35,99
21,86,13,0,53,70,35,104
21,87,24,1,58,70,35,104
21,88,9,1,63,70,35,104
21,89,58,0,63,60,35,104
21,90,44,0,63,60,45,109
21,91,48,1,63,65,45,99
21,92,41,1,68,55,45,99
21,93,36,0,68,50,45,101
21,94,1,1,60,50,50,101
21,95,2,0,50,50,55,101
21,96,25,1,50,55,45,101
21,97,15,1,50,60,45,101
21,98,35,1,50,50,55,101
21,99,12,0,45,60,55,101
22,0,11,1,55,50,50,50
22,1,27,1,55,55,45,50
22,2,45,1,55,60,45,50
22,3,3,1,48,60,45,55
22,4,21,0,43,60,60,55
22,5,41,0,33,70,60,55
22,6,43,0,53,70,50,55
22,7,1,0,63,70,35,55
22,8,10,1,83,70,25,55
22,9,37,1,93,70,25,55
22,10,16,1,93,70,15,55
22,11,9,0,88,70,15,60
22,12,43,0,108,70,5,60
22,13,23,0,103,60,5,65
22,14,2,0,93,60,10,65
22,15,25,1,93,65,0,65
22,16,14,0,93,65,0,70
22,17,20,1,93,70,-15,70
22,18,23,1,103,70,-20,70
22,19,45,0,103,70,-20,75
22,20,8,0,103,75,-30,75
22,21,36,1,103,80,-30,70
22,22,57,1,103,85,-30,70
22,23,29,1,103,100,-50,70
22,24,30,1,103,100,-40,70
22,25,23,0,98,90,-40,75
22,26,7,0,83,95,-40,75
22,27,22,0,78,95,-35,75
22,28,36,1,78,100,-35,70
22,29,45,0,78,100,-35,75
22,30,20,1,78,105,-50,75
22,31,25,1,78,110,-60,75
22,32,11,0,73,110,-60,77
22,33,26,1,83,110,-65,77
22,34,16,1,83,110,-75,77
22,35,5,1,88,110,-85,77
22,36,22,1,88,115,-95,77
22,37,20,0,83,115,-80,77
22,38,23,1,93,115,-85,77
22,39,15,0,113,110,-85,77
22,40,13,0,113,110,-85,82
22,41,9,0,108,110,-85,87
22,42,3,1,101,110,-85,92
22,43,23,1,111,110,-90,92
22,44,47,0,136,110,-90,92
22,45,15,1,136,115,-90,92
22,46,44,0,136,115,-80,97
22,47,28,1,146,115,-80,97
22,48,13,1,151,120,-80,97
22,49,31,0,151,125,-90,97
22,50,2,0,141,125,-85,97
22,51,10,0,136,130,-85,97
22,52,48,0,126,130,-85,102
22,53,23,1,136,130,-90,102
22,54,49,1,136,135,-90,102
22,55,4,1,146,135,-90,97
22,56,27,0,156,120,-90,97
22,57,8,1,146,120,-90,102
22,58,1,0,156,120,-105,102
22,59,12,0,151,130,-105,102
22,60,26,1,161,130,-110,102
22,61,23,1,171,130,-115,102
22,62,25,0,171,125,-105,102
22,63,5,0,166,125,-100,102
22,64,28,0,156,125,-90,102
22,65,4,1,166,125,-90,97
22,66,48,1,166,130,-90,87
22,67,43,1,166,130,-85,72
22,68,26,1,176,130,-90,72
22,69,23,1,186,130,-95,72
22,70,44,0,186,130,-85,77
22,71,24,1,191,130,-85,77
22,72,4,0,176,135,-85,77
22,73,10,1,196,135,-95,77
22,74,25,0,196,130,-85,77
22,75,9,1,201,130,-85,77
22,76,23,1,211,130,-90,77
22,77,29,0,201,130,-85,77
22,78,4,0,186,135,-85,77
22,79,24,0,181,135,-80,77
22,80,28,1,191,135,-80,77
22,81,26,0,186,135,-80,82
22,82,14,1,186,140,-80,82
22,83,40,0,186,150,-90,82
22,84,10,1,206,150,-100,82
22,85,37,1,216,150,-100,82
22,86,26,0,211,150,-100,87
22,87,41,0,201,160,-100,87
22,88,4,0,186,165,-100,87
22,89,15,0,206,160,-100,87
22,90,3,0,221,160,-105,87
22,91,23,1,231,160,-110,87
22,92,16,0,221,165,-110,87
22,93,32,1,221,155,-95,87
22,94,2,0,211,155,-90,87
22,95,9,0,206,155,-90,92
22,96,39,0,199,160,-90,92
22,97,25,0,199,155,-80,92
22,98,13,1,204,160,-80,92
22,99,40,0,204,170,-90,92
23,0,41,0,40,60,50,50
23,1,16,0,30,65,50,50
23,2,1,1,22,65,55,50
23,3,43,1,22,65,60,35
23,4,10,1,42,65,50,35
23,5,15,1,42,70,50,35
23,6,4,0,27,75,50,35
23,7,16,0,17,80,50,35
23,8,20,1,17,85,35,35
23,9,42,1,17,90,35,35
23,10,39,1,22,90,35,30
23,11,1,0,32,90,20,30
23,12,25,1,32,95,10,30
23,13,16,0,22,100,10,30
23,14,30,0,22,100,0,40
23,15,15,1,22,105,0,40
23,16,41,0,12,115,0,40
23,17,1,1,4,115,5,40
23,18,17,1,-11,115,15,40
23,19,24,1,-6,115,15,40
23,20,19,0,-26,115,25,50
23,21,27,0,-16,100,25,50
23,22,23,0,-21,90,25,55
23,23,20,0,-26,90,40,55
23,24,31,1,-26,90,50,55
23,25,12,1,-21,90,50,55
23,26,8,0,-21,95,40,55
23,27,16,1,-21,95,30,55
23,28,47,0,4,95,30,55
23,29,5,0,-1,95,35,55
23,30,3,0,14,95,30,55
23,31,23,1,24,95,25,55
23,32,49,0,24,95,25,60
23,33,17,0,4,105,25,60
23,34,16,1,4,105,15,60
23,35,1,1,-4,105,20,60
23,36,40,1,-4,95,30,60
23,37,41,1,1,85,30,60
23,38,20,1,1,90,15,60
23,39,32,1,1,80,30,60
23,40,18,0,-24,80,30,70
23,41,26,1,-14,80,25,70
23,42,13,0,-14,80,25,75
23,43,25,0,-14,75,35,75
23,44,43,1,-14,75,40,60
23,45,8,1,-24,75,40,65
23,46,22,1,-24,80,30,65
23,47,48,0,-34,80,30,70
23,48,12,1,-29,80,30,70
23,49,44,1,-24,80,30,70
23,50,4,1,-14,80,30,65
23,51,45,0,-14,80,30,70
23,52,13,1,-9,85,30,70
23,53,9,1,-4,85,30,70
23,54,22,0,-9,85,35,70
23,55,26,1,1,85,30,70
23,56,17,1,-14,85,40,70
23,57,43,1,-14,85,45,55
23,58,24,0,-19,85,50,55
23,59,40,1,-19,75,60,55
23,60,11,0,-24,75,60,57
23,61,42,1,-24,80,60,57
23,62,12,1,-19,80,60,57
23,63,7,1,-14,80,60,52
23,64,10,1,6,80,50,52
23,65,3,1,-1,80,50,57
23,66,41,1,4,70,50,57
23,67,33,0,34,70,50,57
23,68,23,1,44,70,45,57
23,69,16,1,44,70,35,57
23,70,12,1,49,70,35,57
23,71,34,0,49,55,50,57
23,72,46,1,54,55,50,52
23,73,3,1,47,55,50,57
23,74,27,1,47,60,45,57
23,75,48,0,37,60,45,62
23,76,17,0,17,70,45,62
23,77,5,0,12,70,50,62
23,78,15,0,32,65,50,62
23,79,36,0,32,60,50,64
23,80,23,1,42,60,45,64
23,81,25,0,42,55,55,64
23,82,16,0,32,60,55,64
23,83,10,0,27,65,55,64
23,84,15,0,47,60,55,64
23,85,35,1,47,50,65,64
23,86,42,0,39,50,65,74
23,87,28,1,49,50,65,74
23,88,10,1,69,50,55,74
23,89,12,1,74,50,55,74
23,90,20,1,74,55,40,74
23,91,17,0,54,65,40,74
23,92,45,1,54,70,40,74
23,93,39,0,47,75,40,74
23,94,14,0,47,75,40,79
23,95,3,0,62,75,35,79
23,96,15,1,62,80,35,79
23,97,4,1,72,80,35,74
23,98,21,1,72,85,20,74
23,99,44,0,72,85,30,79
24,0,6,0,60,50,45,50
24,1,5,0,55,50,50,50
24,2,49,1,55,55,50,50
24,3,27,0,65,40,50,50
24,4,3,1,58,40,50,55
24,5,30,1,58,40,60,55
24,6,28,0,48,40,70,55
24,7,12,0,43,50,70,55
24,8,19,0,23,50,80,65
24,9,22,1,23,55,70,65
24,10,10,1,43,55,60,65
24,11,38,1,48,55,60,65
24,12,31,0,48,60,50,65
24,13,9,1,53,60,50,65
24,14,26,0,48,60,50,70
24,15,16,0,38,65,50,70
24,16,23,0,33,55,50,75
24,17,10,1,53,55,40,75
24,18,15,1,53,60,40,75
24,19,19,0,33,60,50,85
24,20,46,1,38,60,50,80
24,21,39,0,31,65,50,80
24,22,16,0,21,70,50,80
24,23,17,1,6,70,60,80
24,24,2,0,-4,70,65,80
24,25,46,1,1,70,65,75
24,26,4,0,-14,75,65,75
24,27,44,1,-9,75,65,75
24,28,26,1,1,75,60,75
24,29,27,1,1,80,55,75
24,30,12,0,-4,90,55,75
24,31,2,1,1,90,45,75
24,32,3,0,16,90,40,75
24,33,13,1,21,95,40,75
24,34,38,0,16,100,40,75
24,35,25,0,16,95,50,75
24,36,29,1,16,110,30,75
24,37,41,0,6,120,30,75
24,38,13,1,11,125,30,75
24,39,57,1,11,130,30,75
24,40,2,0,1,130,35,75
24,41,27,0,11,115,35,75
24,42,25,1,11,120,25,75
24,43,22,0,6,120,30,75
24,44,14,0,6,120,30,80
24,45,6,0,16,120,25,80
24,46,4,1,26,120,25,75
24,47,26,1,36,120,20,75
24,48,13,0,36,120,20,80
24,49,2,1,41,120,10,80
24,50,6,0,51,120,5,80
24,51,23,1,61,120,0,80
24,52,44,1,66,120,0,80
24,53,22,1,66,125,-10,80
24,54,10,0,61,130,-10,80
24,55,15,0,81,125,-10,80
24,56,23,0,76,115,-10,85
24,57,42,1,76,120,-10,85
24,58,13,1,81,125,-10,85
24,59,12,1,86,125,-10,85
24,60,36,1,86,130,-10,80
24,61,28,0,76,130,0,80
24,62,15,1,76,135,0,80
24,63,13,0,76,135,0,85
24,64,6,1,68,135,0,90
24,65,45,1,68,140,0,90
24,66,14,1,68,145,0,90
24,67,16,1,68,145,-10,90
24,68,28,1,78,145,-10,90
24,69,25,0,78,140,0,90
24,70,42,0,70,140,0,100
24,71,1,1,62,140,5,100
24,72,6,1,54,140,5,105
24,73,58,1,54,145,5,105
24,74,2,0,44,145,10,105
24,75,16,0,34,150,10,105
24,76,23,1,44,150,5,105
24,77,1,0,54,150,-10,105
24,78,12,0,49,160,-10,105
24,79,25,0,49,155,0,105
24,80,15,0,69,150,0,105
24,81,59,1,69,155,0,105
24,82,21,0,64,155,15,105
24,83,42,1,64,160,15,105
24,84,26,0,59,160,15,110
24,85,28,0,49,160,25,110
24,86,44,0,49,160,35,115
24,87,5,1,54,160,25,115
24,88,12,1,59,160,25,115
24,89,25,0,59,155,35,115
24,90,43,0,79,155,25,115
24,91,18,1,89,155,25,115
24,92,14,1,89,160,25,115
24,93,22,0,84,160,30,115
24,94,16,1,84,160,20,115
24,95,24,1,89,160,20,115
24,96,20,1,89,165,5,115
24,97,1,0,99,165,-10,115
24,98,26,1,109,165,-15,115
24,99,14,0,109,165,-15,120
25,0,31,0,50,55,40,50
25,1,10,0,45,60,40,50
25,2,9,0,40,60,40,55
25,3,57,0,30,60,40,60
25,4,7,1,35,60,40,55
25,5,14,0,35,60,40,60
25,6,2,0,25,60,45,60
25,7,47,0,50,60,45,60
25,8,41,0,40,70,45,60
25,9,23,0,35,60,45,65
25,10,43,0,55,60,35,65
25,11,24,0,50,60,40,65
25,12,20,1,50,65,25,65
25,13,28,1,60,65,25,65
25,14,14,0,60,65,25,70
25,15,3,0,75,65,20,70
25,16,7,1,80,65,20,65
25,17,43,0,100,65,10,65
25,18,12,0,95,75,10,65
25,19,17,0,75,85,10,65
25,20,5,0,70,85,15,65
25,21,7,1,75,85,15,60
25,22,22,0,70,85,20,60
25,23,58,1,70,90,20,60
25,24,29,1,70,105,0,60
25,25,6,0,80,105,-5,60
25,26,25,1,80,110,-15,60
25,27,22,0,75,110,-10,60
25,28,16,1,75,110,-20,60
25,29,5,0,70,110,-15,60
25,30,9,0,65,110,-15,65
25,31,14,1,65,115,-15,65
25,32,11,0,60,115,-15,67
25,33,20,0,55,115,0,67
25,34,46,1,60,115,0,62
25,35,5,1,65,115,-10,62
25,36,15,1,65,120,-10,62
25,37,41,0,55,130,-10,62
25,38,6,1,47,130,-10,67
25,39,20,1,47,135,-25,67
25,40,2,1,52,135,-35,67
25,41,17,0,32,145,-35,67
25,42,5,1,37,145,-45,67
25,43,11,1,42,145,-45,67
25,44,4,1,52,145,-45,62
25,45,29,1,52,160,-65,62
25,46,20,1,52,165,-80,62
25,47,6,1,44,165,-80,67
25,48,48,1,44,170,-80,57
25,49,42,1,44,175,-80,57
25,50,46,0,37,175,-80,62
25,51,11,0,32,175,-80,64
25,52,44,1,37,175,-80,64
25,53,16,0,27,180,-80,64
25,54,2,0,17,180,-75,64
25,55,30,1,17,180,-65,64
25,56,26,1,27,180,-70,64
25,57,28,1,37,180,-70,64
25,58,14,0,37,180,-70,69
25,59,13,1,42,185,-70,69
25,60,47,1,42,185,-70,84
25,61,16,0,32,190,-70,84
25,62,8,1,22,190,-70,89
25,63,28,0,12,190,-60,89
25,64,10,1,32,190,-70,89
25,65,42,0,24,190,-70,99
25,66,59,0,24,190,-80,104
25,67,37,1,34,190,-80,104
25,68,7,0,19,195,-80,104
25,69,45,0,19,195,-80,109
25,70,15,0,39,190,-80,109
25,71,8,1,29,190,-80,114
25,72,29,0,19,190,-75,114
25,73,60,1,19,200,-75,114
25,74,45,0,19,200,-75,119
25,75,4,1,29,200,-75,114
25,76,46,0,22,200,-75,119
25,77,36,0,22,195,-75,121
25,78,40,1,22,185,-65,121
25,79,13,1,27,190,-65,121
25,80,12,0,22,200,-65,121
25,81,25,0,22,195,-55,121
25,82,2,0,12,195,-50,121
25,83,16,1,12,195,-60,121
25,84,5,0,7,195,-55,121
25,85,10,1,27,195,-65,121
25,86,9,1,32,195,-65,121
25,87,40,0,32,205,-75,121
25,88,39,1,37,205,-75,116
25,89,25,1,37,210,-85,116
25,90,5,1,42,210,-95,116
25,91,1,1,34,210,-90,116
25,92,11,0,29,210,-90,118
25,93,26,1,39,210,-95,118
25,94,19,1,54,210,-95,118
25,95,48,1,54,215,-95,108
25,96,38,0,49,220,-95,108
25,97,12,1,54,220,-95,108
25,98,10,1,74,220,-105,108
25,99,49,0,74,220,-105,113
26,0,4,1,60,50,50,45
26,1,43,1,60,50,55,30
26,2,31,1,60,50,65,30
26,3,1,1,52,50,70,30
26,4,10,0,47,55,70,30
26,5,25,0,47,50,80,30
26,6,20,0,42,50,95,30
26,7,43,1,42,50,100,15
26,8,7,0,27,55,100,15
26,9,12,0,22,65,100,15
26,10,27,1,22,70,95,15
26,11,32,1,22,60,110,15
26,12,11,1,27,60,110,15
26,13,16,0,17,65,110,15
26,14,43,0,37,65,100,15
26,15,13,0,37,65,100,20
26,16,26,1,47,65,95,20
26,17,41,0,37,75,95,20
26,18,39,0,30,80,95,20
26,19,5,1,35,80,85,20
26,20,3,1,28,80,85,25
26,21,23,1,38,80,80,25
26,22,24,0,33,80,85,25
26,23,33,1,33,85,85,25
26,24,57,1,33,90,85,25
26,25,14,1,33,95,85,25
26,26,20,0,28,95,100,25
26,27,16,0,18,100,100,25
26,28,12,0,13,110,100,25
26,29,9,1,18,110,100,25
26,30,13,0,18,110,100,30
26,31,2,0,8,110,105,30
26,32,36,1,8,115,105,25
26,33,21,1,8,120,90,25
26,34,4,0,-7,125,90,25
26,35,7,0,-22,130,90,25
26,36,20,1,-22,135,75,25
26,37,45,0,-22,135,75,30
26,38,27,1,-22,140,70,30
26,39,58,0,-22,130,70,30
26,40,5,1,-17,130,60,30
26,41,16,1,-17,130,50,30
26,42,23,1,-7,130,45,30
26,43,2,1,-2,130,35,30
26,44,26,0,-7,130,35,35
26,45,1,1,-15,130,40,35
26,46,27,1,-15,135,35,35
26,47,37,1,-5,135,35,35
26,48,16,0,-15,140,35,35
26,49,15,0,5,135,35,35
26,50,1,0,15,135,20,35
26,51,24,1,20,135,20,35
26,52,37,1,30,135,20,35
26,53,22,0,25,135,25,35
26,54,21,0,20,135,40,35
26,55,3,0,35,135,35,35
26,56,23,1,45,135,30,35
26,57,41,1,50,125,30,35
26,58,29,1,50,140,10,35
26,59,22,1,50,145,0,35
26,60,28,1,60,145,0,35
26,61,5,0,55,145,5,35
26,62,8,1,45,145,5,40
26,63,12,1,50,145,5,40
26,64,34,1,65,145,5,40
26,65,44,1,70,145,5,40
26,66,41,1,75,135,5,40
26,67,2,0,65,135,10,40
26,68,26,0,60,135,10,45
26,69,22,1,60,140,0,45
26,70,20,0,55,140,15,45
26,71,42,0,47,140,15,55
26,72,25,0,47,135,25,55
26,73,39,1,52,135,25,50
26,74,5,1,57,135,15,50
26,75,36,1,57,140,15,45
26,76,10,1,77,140,5,45
26,77,2,1,82,140,-5,45
26,78,16,0,72,145,-5,45
26,79,25,1,72,150,-15,45
26,80,39,0,65,155,-15,45
26,81,41,0,55,165,-15,45
26,82,8,1,45,165,-15,50
26,83,36,1,45,170,-15,45
26,84,24,1,50,170,-15,45
26,85,14,0,50,170,-15,50
26,86,2,0,40,170,-10,50
26,87,21,1,40,175,-25,50
26,88,13,0,40,175,-25,55
26,89,10,0,35,180,-25,55
26,90,46,1,40,180,-25,50
26,91,43,1,40,180,-20,35
26,92,24,0,35,180,-15,35
26,93,59,1,35,185,-15,35
26,94,13,0,35,185,-15,40
26,95,10,1,55,185,-25,40
26,96,23,1,65,185,-30,40
26,97,8,1,55,185,-30,45
26,98,29,1,55,200,-50,45
26,99,42,1,55,205,-50,45
27,0,4,0,35,55,50,50
27,1,31,0,35,60,40,50
27,2,28,0,25,60,50,50
27,3,9,0,20,60,50,55
27,4,32,1,20,50,65,55
27,5,38,1,25,50,65,55
27,6,7,0,10,55,65,55
27,7,37,0,-2,65,65,55
27,8,4,1,8,65,65,50
27,9,3,0,23,65,60,50
27,10,42,0,15,65,60,60
27,11,13,1,20,70,60,60
27,12,28,0,10,70,70,60
27,13,48,0,0,70,70,65
27,14,3,0,15,70,65,65
27,15,16,1,15,70,55,65
27,16,2,0,5,70,60,65
27,17,20,1,5,75,45,65
27,18,41,0,-5,85,45,65
27,19,36,0,-5,80,45,67
27,20,1,1,-13,80,50,67
27,21,12,1,-8,80,50,67
27,22,10,1,12,80,40,67
27,23,33,0,42,80,40,67
27,24,49,1,42,85,40,67
27,25,43,0,62,85,30,67
27,26,17,1,47,85,40,67
27,27,2,0,37,85,45,67
27,28,44,1,42,85,45,67
27,29,24,1,47,85,45,67
27,30,26,0,42,85,45,72
27,31,6,0,52,85,40,72
27,32,15,1,52,90,40,72
27,33,25,0,52,85,50,72
27,34,41,1,57,75,50,72
27,35,4,1,67,75,50,67
27,36,22,0,62,75,55,67
27,37,26,0,57,75,55,72
27,38,1,0,67,75,40,72
27,39,10,1,87,75,30,72
27,40,57,0,77,75,30,77
27,41,21,1,77,80,15,77
27,42,23,0,72,70,15,82
27,43,12,1,77,70,15,82
27,44,7,1,82,70,15,77
27,45,1,1,74,70,20,77
27,46,41,1,79,60,20,77
27,47,34,0,79,45,35,77
27,48,24,0,74,45,40,77
27,49,46,1,79,45,40,72
27,50,44,1,84,45,40,72
27,51,4,0,69,50,40,72
27,52,16,0,59,55,40,72
27,53,8,1,49,55,40,77
27,54,28,0,39,55,50,77
27,55,6,0,49,55,45,77
27,56,18,0,24,55,45,87
27,57,16,1,24,55,35,87
27,58,45,0,24,55,35,92
27,59,37,1,34,55,35,92
27,60,10,0,29,60,35,92
27,61,11,1,34,60,35,92
27,62,20,1,34,65,20,92
27,63,14,1,34,70,20,92
27,64,5,0,29,70,25,92
27,65,37,0,17,80,25,92
27,66,22,1,17,85,15,92
27,67,11,0,12,85,15,94
27,68,4,0,-3,90,15,94
27,69,16,0,-13,95,15,94
27,70,1,1,-21,95,20,94
27,71,12,0,-26,105,20,94
27,72,9,0,-31,105,20,99
27,73,14,0,-31,105,20,104
27,74,47,1,-31,105,20,119
27,75,23,1,-21,105,15,119
27,76,16,1,-21,105,5,119
27,77,42,1,-21,110,5,119
27,78,13,0,-21,110,5,124
27,79,38,0,-26,115,5,124
27,80,45,0,-26,115,5,129
27,81,9,0,-31,115,5,134
27,82,15,1,-31,120,5,134
27,83,5,0,-36,120,10,134
27,84,27,1,-36,125,5,134
27,85,2,0,-46,125,10,134
27,86,48,1,-46,130,10,124
27,87,42,0,-54,130,10,134
27,88,12,1,-49,130,10,134
27,89,18,0,-74,130,10,144
27,90,16,1,-74,130,0,144
27,91,15,1,-74,135,0,144
27,92,10,1,-54,135,-10,144
27,93,38,1,-49,135,-10,144
27,94,4,1,-39,135,-10,139
27,95,23,1,-29,135,-15,139
27,96,9,0,-34,135,-15,144
27,97,24,1,-29,135,-15,144
27,98,43,0,-9,135,-25,144
27,99,45,0,-9,135,-25,149
28,0,11,0,45,50,50,52
28,1,29,1,45,65,30,52
28,2,19,1,60,65,30,52
28,3,31,0,60,70,20,52
28,4,3,1,53,70,20,57
28,5,15,0,73,65,20,57
28,6,11,0,68,65,20,59
28,7,7,0,53,70,20,59
28,8,20,0,48,70,35,59
28,9,12,0,43,80,35,59
28,10,41,0,33,90,35,59
28,11,11,0,28,90,35,61
28,12,3,0,43,90,30,61
28,13,32,0,43,95,15,61
28,14,36,0,43,90,15,63
28,15,4,1,53,90,15,58
28,16,22,0,48,90,20,58
28,17,12,1,53,90,20,58
28,18,1,0,63,90,5,58
28,19,39,0,56,95,5,58
28,20,16,0,46,100,5,58
28,21,10,0,41,105,5,58
28,22,3,1,34,105,5,63
28,23,12,0,29,115,5,63
28,24,14,0,29,115,5,68
28,25,40,1,29,105,15,68
28,26,10,0,24,110,15,68
28,27,43,0,44,110,5,68
28,28,39,1,49,110,5,63
28,29,37,0,37,120,5,63
28,30,26,0,32,120,5,68
28,31,8,1,22,120,5,73
28,32,2,1,27,120,-5,73
28,33,13,1,32,125,-5,73
28,34,10,1,52,125,-15,73
28,35,24,0,47,125,-10,73
28,36,33,1,47,130,-10,73
28,37,14,0,47,130,-10,78
28,38,25,0,47,125,0,78
28,39,2,0,37,125,5,78
28,40,12,1,42,125,5,78
28,41,10,0,37,130,5,78
28,42,7,1,42,130,5,73
28,43,39,1,47,130,5,68
28,44,34,1,62,130,5,68
28,45,16,0,52,135,5,68
28,46,20,1,52,140,-10,68
28,47,22,0,47,140,-5,68
28,48,40,0,47,150,-15,68
28,49,48,1,47,155,-15,58
28,50,12,1,52,155,-15,58
28,51,23,1,62,155,-20,58
28,52,57,1,62,160,-20,58
28,53,24,0,57,160,-15,58
28,54,5,0,52,160,-10,58
28,55,38,1,57,160,-10,58
28,56,10,1,77,160,-20,58
28,57,30,0,77,160,-30,68
28,58,40,1,77,150,-20,68
28,59,24,0,72,150,-15,68
28,60,14,0,72,150,-15,73
28,61,6,0,82,150,-20,73
28,62,58,1,82,155,-20,73
28,63,16,1,82,155,-30,73
28,64,1,1,74,155,-25,73
28,65,4,1,84,155,-25,68
28,66,36,0,84,150,-25,70
28,67,20,0,79,150,-10,70
28,68,18,1,89,150,-10,70
28,69,25,0,89,145,0,70
28,70,37,1,99,145,0,70
28,71,23,0,94,135,0,75
28,72,35,0,94,143,-15,75
28,73,21,1,94,148,-30,75
28,74,13,0,94,148,-30,80
28,75,16,0,84,153,-30,80
28,76,15,0,104,148,-30,80
28,77,3,1,97,148,-30,85
28,78,41,1,102,138,-30,85
28,79,21,1,102,143,-45,85
28,80,8,0,102,148,-55,85
28,81,16,1,102,148,-65,85
28,82,13,0,102,148,-65,90
28,83,26,0,97,148,-65,95
28,84,15,0,117,143,-65,95
28,85,23,0,112,133,-65,100
28,86,7,0,97,138,-65,100
28,87,11,0,92,138,-65,102
28,88,2,0,82,138,-60,102
28,89,8,0,82,143,-70,102
28,90,9,1,87,143,-70,102
28,91,26,1,97,143,-75,102
28,92,13,0,97,143,-75,107
28,93,17,1,82,143,-65,107
28,94,44,0,82,143,-55,112
28,95,23,1,92,143,-60,112
28,96,9,1,97,143,-60,112
28,97,41,0,87,153,-60,112
28,98,7,0,72,158,-60,112
28,99,15,1,72,163,-60,112
29,0,41,1,55,40,50,50
29,1,44,0,55,40,60,55
29,2,20,0,50,40,75,55
29,3,27,0,60,25,75,55
29,4,21,1,60,30,60,55
29,5,38,1,65,30,60,55
29,6,15,1,65,35,60,55
29,7,11,1,70,35,60,55
29,8,36,1,70,40,60,50
29,9,20,1,70,45,45,50
29,10,41,1,75,35,45,50
29,11,26,1,85,35,40,50
29,12,13,0,85,35,40,55
29,13,12,1,90,35,40,55
29,14,10,1,110,35,30,55
29,15,15,1,110,40,30,55
29,16,8,1,100,40,30,60
29,17,24,1,105,40,30,60
29,18,18,0,80,40,30,70
29,19,19,0,60,40,40,80
29,20,13,0,60,40,40,85
29,21,6,1,52,40,40,90
29,22,38,0,47,45,40,90
29,23,1,1,39,45,45,90
29,24,3,0,54,45,40,90
29,25,14,1,54,50,40,90
29,26,5,0,49,50,45,90
29,27,40,1,49,40,55,90
29,28,16,0,39,45,55,90
29,29,46,1,44,45,55,85
29,30,24,1,49,45,55,85
29,31,4,0,34,50,55,85
29,32,3,0,49,50,50,85
29,33,9,1,54,50,50,85
29,34,5,1,59,50,40,85
29,35,16,1,59,50,30,85
29,36,12,0,54,60,30,85
29,37,13,0,54,60,30,90
29,38,41,1,59,50,30,90
29,39,27,0,69,35,30,90
29,40,7,0,54,40,30,90
29,41,31,0,54,45,20,90
29,42,16,0,44,50,20,90
29,43,11,1,49,50,20,90
29,44,32,1,49,40,35,90
29,45,5,0,44,40,40,90
29,46,4,1,54,40,40,85
29,47,16,0,44,45,40,85
29,48,6,1,36,45,40,90
29,49,15,0,56,40,40,90
29,50,24,0,51,40,45,90
29,51,41,0,41,50,45,90
29,52,12,1,46,50,45,90
29,53,26,0,41,50,45,95
29,54,21,1,41,55,30,95
29,55,9,0,36,55,30,100
29,56,18,1,46,55,30,100
29,57,33,0,76,55,30,100
29,58,29,1,76,70,10,100
29,59,57,1,76,75,10,100
29,60,5,0,71,75,15,100
29,61,22,1,71,80,5,100
29,62,1,0,81,80,-10,100
29,63,24,1,86,80,-10,100
29,64,13,1,91,85,-10,100
29,65,38,1,96,85,-10,100
29,66,10,0,91,90,-10,100
29,67,2,1,96,90,-20,100
29,68,44,0,96,90,-10,105
29,69,16,0,86,95,-10,105
29,70,27,1,86,100,-15,105
29,71,41,1,91,90,-15,105
29,72,23,1,101,90,-20,105
29,73,4,1,111,90,-20,100
29,74,43,1,111,90,-15,85
29,75,9,1,116,90,-15,85
29,76,27,0,126,75,-15,85
29,77,19,0,106,75,-5,95
29,78,2,0,96,75,0,95
29,79,7,1,101,75,0,90
29,80,17,1,86,75,10,90
29,81,34,1,101,75,10,90
29,82,46,0,94,75,10,95
29,83,20,0,89,75,25,95
29,84,42,1,89,80,25,95
29,85,40,0,89,90,15,95
29,86,35,1,89,80,25,95
29,87,27,1,89,85,20,95
29,88,39,1,94,85,20,90
29,89,10,0,89,90,20,90
29,90,16,0,79,95,20,90
29,91,49,0,79,95,20,95
29,92,13,1,84,100,20,95
29,93,8,0,84,105,10,95
29,94,11,1,89,105,10,95
29,95,2,1,94,105,0,95
29,96,19,1,109,105,0,95
29,97,15,1,109,110,0,95
29,98,13,1,114,115,0,95
29,99,11,1,119,115,0,95
30,0,42,1,50,55,50,50
30,1,16,1,50,55,40,50
30,2,19,0,30,55,50,60
30,3,47,0,55,55,50,60
30,4,10,1,75,55,40,60
30,5,31,1,75,55,50,60
30,6,8,1,65,55,50,65
30,7,4,1,75,55,50,60
30,8,16,1,75,55,40,60
30,9,39,0,68,60,40,60
30,10,23,0,63,50,40,65
30,11,10,1,83,50,30,65
30,12,3,0,98,50,25,65
30,13,8,0,98,55,15,65
30,14,2,1,103,55,5,65
30,15,44,0,103,55,15,70
30,16,15,1,103,60,15,70
30,17,25,1,103,65,5,70
30,18,1,0,113,65,-10,70
30,19,29,1,113,80,-30,70
30,20,22,1,113,85,-40,70
30,21,4,0,98,90,-40,70
30,22,6,1,90,90,-40,75
30,23,9,1,95,90,-40,75
30,24,5,0,90,90,-35,75
30,25,12,0,85,100,-35,75
30,26,11,1,90,100,-35,75
30,27,16,1,90,100,-45,75
30,28,46,0,83,100,-45,80
30,29,5,0,78,100,-40,80
30,30,47,0,103,100,-40,80
30,31,22,1,103,105,-50,80
30,32,16,0,93,110,-50,80
30,33,38,0,88,115,-50,80
30,34,25,1,88,120,-60,80
30,35,32,1,88,110,-45,80
30,36,6,0,98,110,-50,80
30,37,12,1,103,110,-50,80
30,38,57,1,103,115,-50,80
30,39,33,1,103,120,-50,80
30,40,4,1,113,120,-50,75
30,41,26,1,123,120,-55,75
30,42,3,0,138,120,-60,75
30,43,9,0,133,120,-60,80
30,44,10,1,153,120,-70,80
30,45,23,0,148,110,-70,85
30,46,16,0,138,115,-70,85
30,47,5,1,143,115,-80,85
30,48,34,0,143,100,-65,85
30,49,24,0,138,100,-60,85
30,50,14,1,138,105,-60,85
30,51,9,0,133,105,-60,90
30,52,22,0,128,105,-55,90
30,53,25,1,128,110,-65,90
30,54,12,0,123,120,-65,90
30,55,13,0,123,120,-65,95
30,56,58,0,123,110,-65,95
30,57,20,0,118,110,-50,95
30,58,2,0,108,110,-45,95
30,59,12,0,103,120,-45,95
30,60,42,0,95,120,-45,105
30,61,44,0,95,120,-35,110
30,62,35,0,95,128,-50,110
30,63,18,1,105,128,-50,110
30,64,48,1,105,133,-50,100
30,65,14,0,105,133,-50,105
30,66,16,1,105,133,-60,105
30,67,24,0,100,133,-55,105
30,68,20,1,100,138,-70,105
30,69,13,1,105,143,-70,105
30,70,4,1,115,143,-70,100
30,71,12,1,120,143,-70,100
30,72,25,0,120,138,-60,100
30,73,24,0,115,138,-55,100
30,74,49,0,115,138,-55,105
30,75,21,1,115,143,-70,105
30,76,4,0,100,148,-70,105
30,77,25,1,100,153,-80,105
30,78,16,1,100,153,-90,105
30,79,15,1,100,158,-90,105
30,80,50,0,100,168,-90,105
30,81,12,0,95,178,-90,105
30,82,51,1,95,183,-90,105
30,83,52,0,115,173,-90,105
30,84,25,1,115,178,-100,105
30,85,9,1,120,178,-100,105
30,86,5,1,125,178,-110,105
30,87,29,1,125,193,-130,105
30,88,11,1,130,193,-130,105
30,89,13,0,130,193,-130,110
30,90,25,0,130,188,-120,110
30,91,10,0,125,193,-120,110
30,92,46,0,118,193,-120,115
30,93,5,0,113,193,-115,115
30,94,15,1,113,198,-115,115
30,95,26,0,108,198,-115,120
30,96,18,0,83,198,-115,130
30,97,13,1,88,203,-115,130
30,98,14,1,88,208,-115,130
30,99,39,1,93,208,-115,125
31,0,36,0,50,45,50,52
31,1,41,0,40,55,50,52
31,2,57,1,40,60,50,52
31,3,14,0,40,60,50,57
31,4,23,0,35,50,50,62
31,5,4,1,45,50,50,57
31,6,49,1,45,55,50,57
31,7,12,1,50,55,50,57
31,8,5,1,55,55,40,57
31,9,7,1,60,55,40,52
31,10,28,1,70,55,40,52
31,11,46,1,75,55,40,47
31,12,41,1,80,45,40,47
31,13,15,1,80,50,40,47
31,14,58,1,80,55,40,47
31,15,26,0,75,55,40,52
31,16,16,0,65,60,40,52
31,17,31,1,65,60,50,52
31,18,45,1,65,65,50,52
31,19,10,0,60,70,50,52
31,20,22,0,55,70,55,52
31,21,2,0,45,70,60,52
31,22,21,1,45,75,45,52
31,23,9,0,40,75,45,57
31,24,4,1,50,75,45,52
31,25,16,0,40,80,45,52
31,26,27,0,50,65,45,52
31,27,29,1,50,80,25,52
31,28,46,0,43,80,25,57
31,29,7,1,48,80,25,52
31,30,15,1,48,85,25,52
31,31,21,1,48,90,10,52
31,32,16,1,48,90,0,52
31,33,11,0,43,90,0,54
31,34,4,1,53,90,0,49
31,35,40,1,53,80,10,49
31,36,43,1,53,80,15,34
31,37,3,1,46,80,15,39
31,38,39,0,39,85,15,39
31,39,22,1,39,90,5,39
31,40,4,0,24,95,5,39
31,41,19,1,39,95,5,39
31,42,15,0,59,90,5,39
31,43,12,1,64,90,5,39
31,44,46,1,69,90,5,34
31,45,38,1,74,90,5,34
31,46,11,1,79,90,5,34
31,47,27,0,89,75,5,34
31,48,36,1,89,80,5,29
31,49,2,0,79,80,10,29
31,50,5,1,84,80,0,29
31,51,11,0,79,80,0,31
31,52,15,0,99,75,0,31
31,53,1,0,109,75,-15,31
31,54,41,1,114,65,-15,31
31,55,4,1,124,65,-15,26
31,56,23,1,134,65,-20,26
31,57,15,0,154,60,-20,26
31,58,2,1,159,60,-30,26
31,59,14,0,159,60,-30,31
31,60,22,1,159,65,-40,31
31,61,17,1,144,65,-30,31
31,62,7,0,129,70,-30,31
31,63,16,1,129,70,-40,31
31,64,10,1,149,70,-50,31
31,65,2,0,139,70,-45,31
31,66,21,0,134,70,-30,31
31,67,6,1,126,70,-30,36
31,68,20,1,126,75,-45,36
31,69,15,1,126,80,-45,36
31,70,42,1,126,85,-45,36
31,71,27,1,126,90,-50,36
31,72,13,0,126,90,-50,41
31,73,11,1,131,90,-50,41
31,74,10,0,126,95,-50,41
31,75,7,0,111,100,-50,41
31,76,2,0,101,100,-45,41
31,77,44,0,101,100,-35,46
31,78,15,0,121,95,-35,46
31,79,10,1,141,95,-45,46
31,80,14,1,141,100,-45,46
31,81,12,1,146,100,-45,46
31,82,22,0,141,100,-40,46
31,83,26,0,136,100,-40,51
31,84,45,0,136,100,-40,56
31,85,4,1,146,100,-40,51
31,86,20,0,141,100,-25,51
31,87,9,1,146,100,-25,51
31,88,24,0,141,100,-20,51
31,89,14,0,141,100,-20,56
31,90,16,1,141,100,-30,56
31,91,59,1,141,105,-30,56
31,92,8,1,131,105,-30,61
31,93,28,0,121,105,-20,61
31,94,14,1,121,110,-20,61
31,95,39,1,126,110,-20,56
31,96,10,0,121,115,-20,56
31,97,37,0,109,125,-20,56
31,98,13,1,114,130,-20,56
31,99,25,1,114,135,-30,56
32,0,12,1,55,50,50,50
32,1,16,1,55,50,40,50
32,2,1,1,47,50,45,50
32,3,14,1,47,55,45,50
32,4,10,0,42,60,45,50
32,5,49,0,42,60,45,55
32,6,9,1,47,60,45,55
32,7,18,1,57,60,45,55
32,8,8,0,57,65,35,55
32,9,6,0,67,65,30,55
32,10,15,0,87,60,30,55
32,11,42,0,79,60,30,65
32,12,20,0,74,60,45,65
32,13,31,0,74,65,35,65
32,14,1,1,66,65,40,65
32,15,50,0,66,75,40,65
32,16,3,1,59,75,40,70
32,17,22,1,59,80,30,70
32,18,16,0,49,85,30,70
32,19,38,1,54,85,30,70
32,20,43,0,74,85,20,70
32,21,20,1,74,90,5,70
32,22,32,1,74,80,20,70
32,23,33,0,104,80,20,70
32,24,16,0,94,85,20,70
32,25,3,0,109,85,15,70
32,26,1,0,119,85,0,70
32,27,47,0,144,85,0,70
32,28,39,1,149,85,0,65
32,29,13,1,154,90,0,65
32,30,12,1,159,90,0,65
32,31,9,0,154,90,0,70
32,32,7,1,159,90,0,65
32,33,16,0,149,95,0,65
32,34,1,1,141,95,5,65
32,35,13,1,146,100,5,65
32,36,20,1,146,105,-10,65
32,37,4,0,131,110,-10,65
32,38,8,0,131,115,-20,65
32,39,10,0,126,120,-20,65
32,40,9,0,121,120,-20,70
32,41,25,0,121,115,-10,70
32,42,5,0,116,115,-5,70
32,43,48,1,116,120,-5,60
32,44,24,1,121,120,-5,60
32,45,57,1,121,125,-5,60
32,46,58,0,121,115,-5,60
32,47,47,1,121,115,-5,75
32,48,36,1,121,120,-5,70
32,49,46,0,114,120,-5,75
32,50,24,0,109,120,0,75
32,51,34,0,109,105,15,75
32,52,16,1,109,105,5,75
32,53,23,1,119,105,0,75
32,54,14,0,119,105,0,80
32,55,11,0,114,105,0,82
32,56,25,0,114,100,10,82
32,57,6,0,124,100,5,82
32,58,51,0,124,80,5,92
32,59,15,0,144,75,5,92
32,60,37,0,132,85,5,92
32,61,1,0,142,85,-10,92
32,62,12,0,137,95,-10,92
32,63,16,0,127,100,-10,92
32,64,26,1,137,100,-15,92
32,65,15,0,157,95,-15,92
32,66,3,1,150,95,-15,97
32,67,38,0,145,100,-15,97
32,68,12,1,150,100,-15,97
32,69,25,0,150,95,-5,97
32,70,6,0,160,95,-10,97
32,71,24,0,155,95,-5,97
32,72,4,1,165,95,-5,92
32,73,1,0,175,95,-20,92
32,74,41,0,165,105,-20,92
32,75,14,1,165,110,-20,92
32,76,3,0,180,110,-25,92
32,77,7,0,165,115,-25,92
32,78,46,0,158,115,-25,97
32,79,16,0,148,120,-25,97
32,80,19,0,128,120,-15,107
32,81,48,0,118,120,-15,112
32,82,13,1,123,125,-15,112
32,83,25,1,123,130,-25,112
32,84,14,1,123,135,-25,112
32,85,38,1,128,135,-25,112
32,86,3,1,121,135,-25,117
32,87,29,1,121,150,-45,117
32,88,23,1,131,150,-50,117
32,89,5,0,126,150,-45,117
32,90,37,0,114,160,-45,117
32,91,26,0,109,160,-45,122
32,92,22,0,104,160,-40,122
32,93,13,0,104,160,-40,127
32,94,41,1,109,150,-40,127
32,95,25,1,109,155,-50,127
32,96,20,0,104,155,-35,127
32,97,46,0,97,155,-35,132
32,98,12,0,92,165,-35,132
32,99,35,1,92,155,-25,132
33,0,25,1,50,55,40,50
33,1,10,0,45,60,40,50
33,2,31,1,45,60,50,50
33,3,32,0,45,65,35,50
33,4,26,0,40,65,35,55
33,5,11,0,35,65,35,57
33,6,21,0,30,65,50,57
33,7,3,0,45,65,45,57
33,8,38,1,50,65,45,57
33,9,15,1,50,70,45,57
33,10,13,0,50,70,45,62
33,11,26,1,60,70,40,62
33,12,14,0,60,70,40,67
33,13,41,0,50,80,40,67
33,14,24,0,45,80,45,67
33,15,33,1,45,85,45,67
33,16,21,0,40,85,60,67
33,17,1,0,50,85,45,67
33,18,11,1,55,85,45,67
33,19,4,0,40,90,45,67
33,20,8,1,30,90,45,72
33,21,13,1,35,95,45,72
33,22,16,1,35,95,35,72
33,23,24,0,30,95,40,72
33,24,1,1,22,95,45,72
33,25,7,1,27,95,45,67
33,26,42,1,27,100,45,67
33,27,6,1,19,100,45,72
33,28,57,0,9,100,45,77
33,29,13,1,14,105,45,77
33,30,15,0,34,100,45,77
33,31,21,1,34,105,30,77
33,32,12,0,29,115,30,77
33,33,22,1,29,120,20,77
33,34,25,0,29,115,30,77
33,35,37,0,17,125,30,77
33,36,8,1,7,125,30,82
33,37,16,0,-3,130,30,82
33,38,2,0,-13,130,35,82
33,39,41,1,-8,120,35,82
33,40,6,1,-16,120,35,87
33,41,15,1,-16,125,35,87
33,42,13,1,-11,130,35,87
33,43,20,0,-16,130,50,87
33,44,43,1,-16,130,55,72
33,45,14,0,-16,130,55,77
33,46,15,0,4,125,55,77
33,47,23,0,-1,115,55,82
33,48,47,0,24,115,55,82
33,49,22,1,24,120,45,82
33,50,10,1,44,120,35,82
33,51,5,1,49,120,25,82
33,52,2,1,54,120,15,82
33,53,16,1,54,120,5,82
33,54,8,0,54,125,-5,82
33,55,58,1,54,130,-5,82
33,56,22,1,54,135,-15,82
33,57,59,0,54,135,-25,87
33,58,46,0,47,135,-25,92
33,59,34,0,47,120,-10,92
33,60,11,1,52,120,-10,92
33,61,23,1,62,120,-15,92
33,62,14,1,62,125,-15,92
33,63,15,0,82,120,-15,92
33,64,20,1,82,125,-30,92
33,65,21,1,82,130,-45,92
33,66,13,1,87,135,-45,92
33,67,2,1,92,135,-55,92
33,68,3,0,107,135,-60,92
33,69,20,0,102,135,-45,92
33,70,4,0,87,140,-45,92
33,71,60,0,117,140,-45,92
33,72,10,0,112,145,-45,92
33,73,2,0,102,145,-40,92
33,74,45,0,102,145,-40,97
33,75,13,0,102,145,-40,102
33,76,18,0,77,145,-40,112
33,77,9,1,82,145,-40,112
33,78,44,1,87,145,-40,112
33,79,22,1,87,150,-50,112
33,80,26,0,82,150,-50,117
33,81,12,1,87,150,-50,117
33,82,43,1,87,150,-45,102
33,83,5,1,92,150,-55,102
33,84,14,1,92,155,-55,102
33,85,38,0,87,160,-55,102
33,86,26,0,82,160,-55,107
33,87,8,1,72,160,-55,112
33,88,25,1,72,165,-65,112
33,89,45,0,72,165,-65,117
33,90,10,0,67,170,-65,117
33,91,22,1,67,175,-75,117
33,92,14,1,67,180,-75,117
33,93,20,1,67,185,-90,117
33,94,18,0,42,185,-90,127
33,95,9,0,37,185,-90,132
33,96,27,0,47,170,-90,132
33,97,61,0,47,170,-70,132
33,98,46,1,52,170,-70,127
33,99,22,0,47,170,-65,127
34,0,5,1,55,50,40,50
34,1,16,0,45,55,40,50
34,2,26,0,40,55,40,55
34,3,12,1,45,55,40,55
34,4,22,0,40,55,45,55
34,5,31,0,40,60,35,55
34,6,1,1,32,60,40,55
34,7,42,1,32,65,40,55
34,8,48,1,32,70,40,45
34,9,16,0,22,75,40,45
34,10,49,1,22,80,40,45
34,11,45,1,22,85,40,45
34,12,37,0,10,95,40,45
34,13,9,0,5,95,40,50
34,14,44,1,10,95,40,50
34,15,14,1,10,100,40,50
34,16,13,1,15,105,40,50
34,17,26,1,25,105,35,50
34,18,20,0,20,105,50,50
34,19,9,1,25,105,50,50
34,20,45,1,25,110,50,50
34,21,32,0,25,115,35,50
34,22,48,1,25,120,35,40
34,23,37,1,35,120,35,40
34,24,9,1,40,120,35,40
34,25,41,0,30,130,35,40
34,26,26,1,40,130,30,40
34,27,28,1,50,130,30,40
34,28,4,1,60,130,30,35
34,29,10,0,55,135,30,35
34,30,13,1,60,140,30,35
34,31,33,1,60,145,30,35
34,32,38,1,65,145,30,35
34,33,4,0,50,150,30,35
34,34,14,1,50,155,30,35
34,35,25,1,50,160,20,35
34,36,12,0,45,170,20,35
34,37,27,0,55,155,20,35
34,38,16,0,45,160,20,35
34,39,40,1,45,150,30,35
34,40,24,1,50,150,30,35
34,41,3,0,65,150,25,35
34,42,46,1,70,150,25,30
34,43,7,1,75,150,25,25
34,44,12,0,70,160,25,25
34,45,11,1,75,160,25,25
34,46,23,1,85,160,20,25
34,47,8,0,85,165,10,25
34,48,20,1,85,170,-5,25
34,49,22,1,85,175,-15,25
34,50,6,0,95,175,-20,25
34,51,25,1,95,180,-30,25
34,52,38,1,100,180,-30,25
34,53,4,0,85,185,-30,25
34,54,16,1,85,185,-40,25
34,55,3,1,78,185,-40,30
34,56,13,0,78,185,-40,35
34,57,5,0,73,185,-35,35
34,58,10,0,68,190,-35,35
34,59,7,1,73,190,-35,30
34,60,43,1,73,190,-30,15
34,61,4,0,58,195,-30,15
34,62,5,0,53,195,-25,15
34,63,9,1,58,195,-25,15
34,64,16,1,58,195,-35,15
34,65,25,1,58,200,-45,15
34,66,23,1,68,200,-50,15
34,67,18,1,78,200,-50,15
34,68,43,0,98,200,-60,15
34,69,21,0,93,200,-45,15
34,70,2,1,98,200,-55,15
34,71,26,0,93,200,-55,20
34,72,22,0,88,200,-50,20
34,73,10,0,83,205,-50,20
34,74,8,0,83,210,-60,20
34,75,4,0,68,215,-60,20
34,76,12,0,63,225,-60,20
34,77,15,1,63,230,-60,20
34,78,10,0,58,235,-60,20
34,79,6,0,68,235,-65,20
34,80,40,1,68,225,-55,20
34,81,22,1,68,230,-65,20
34,82,45,0,68,230,-65,25
34,83,26,0,63,230,-65,30
34,84,5,1,68,230,-75,30
34,85,38,1,73,230,-75,30
34,86,10,0,68,235,-75,30
34,87,2,1,73,235,-85,30
34,88,57,0,63,235,-85,35
34,89,24,1,68,235,-85,35
34,90,9,0,63,235,-85,40
34,91,23,0,58,225,-85,45
34,92,8,1,48,225,-85,50
34,93,43,0,68,225,-95,50
34,94,13,0,68,225,-95,55
34,95,34,1,83,225,-95,55
34,96,12,1,88,225,-95,55
34,97,3,0,103,225,-100,55
34,98,14,0,103,225,-100,60
34,99,10,1,123,225,-110,60
35,0,14,1,50,55,50,50
35,1,21,1,50,60,35,50
35,2,3,0,65,60,30,50
35,3,26,0,60,60,30,55
35,4,10,1,80,60,20,55
35,5,45,0,80,60,20,60
35,6,4,0,65,65,20,60
35,7,15,0,85,60,20,60
35,8,12,0,80,70,20,60
35,9,37,0,68,80,20,60
35,10,21,0,63,80,35,60
35,11,40,0,63,90,25,60
35,12,15,0,83,85,25,60
35,13,16,0,73,90,25,60
35,14,20,1,73,95,10,60
35,15,28,0,63,95,20,60
35,16,9,1,68,95,20,60
35,17,37,0,56,105,20,60
35,18,14,0,56,105,20,65
35,19,2,0,46,105,25,65
35,20,10,0,41,110,25,65
35,21,41,0,31,120,25,65
35,22,25,0,31,115,35,65
35,23,26,0,26,115,35,70
35,24,17,1,11,115,45,70
35,25,10,0,6,120,45,70
35,26,4,0,-9,125,45,70
35,27,40,0,-9,135,35,70
35,28,23,1,1,135,30,70
35,29,28,1,11,135,30,70
35,30,22,1,11,140,20,70
35,31,14,1,11,145,20,70
35,32,24,1,16,145,20,70
35,33,1,0,26,145,5,70
35,34,48,1,26,150,5,60
35,35,9,0,21,150,5,65
35,36,26,1,31,150,0,65
35,37,22,1,31,155,-10,65
35,38,1,1,23,155,-5,65
35,39,10,0,18,160,-5,65
35,40,47,1,18,160,-5,80
35,41,44,1,23,160,-5,80
35,42,28,1,33,160,-5,80
35,43,41,1,38,150,-5,80
35,44,22,0,33,150,0,80
35,45,46,0,26,150,0,85
35,46,25,1,26,155,-10,85
35,47,13,1,31,160,-10,85
35,48,11,0,26,160,-10,87
35,49,29,0,16,160,-5,87
35,50,41,1,21,150,-5,87
35,51,24,1,26,150,-5,87
35,52,31,0,26,155,-15,87
35,53,3,1,19,155,-15,92
35,54,32,0,19,160,-30,92
35,55,10,1,39,160,-40,92
35,56,8,0,39,165,-50,92
35,57,21,0,34,165,-35,92
35,58,15,1,34,170,-35,92
35,59,20,0,29,170,-20,92
35,60,33,0,59,170,-20,92
35,61,57,0,49,170,-20,97
35,62,13,0,49,170,-20,102
35,63,39,1,54,170,-20,97
35,64,25,0,54,165,-10,97
35,65,7,1,59,165,-10,92
35,66,20,1,59,170,-25,92
35,67,3,1,52,170,-25,97
35,68,41,0,42,180,-25,97
35,69,38,0,37,185,-25,97
35,70,44,0,37,185,-15,102
35,71,43,0,57,185,-25,102
35,72,14,0,57,185,-25,107
35,73,41,1,62,175,-25,107
35,74,22,0,57,175,-20,107
35,75,25,0,57,170,-10,107
35,76,11,1,62,170,-10,107
35,77,9,1,67,170,-10,107
35,78,17,0,47,180,-10,107
35,79,34,1,62,180,-10,107
35,80,25,1,62,185,-20,107
35,81,2,1,67,185,-30,107
35,82,28,1,77,185,-30,107
35,83,36,1,77,190,-30,102
35,84,10,1,97,190,-40,102
35,85,42,0,89,190,-40,112
35,86,20,1,89,195,-55,112
35,87,11,0,84,195,-55,114
35,88,6,1,76,195,-55,119
35,89,48,0,66,195,-55,124
35,90,42,1,66,200,-55,124
35,91,12,1,71,200,-55,124
35,92,26,1,81,200,-60,124
35,93,14,0,81,200,-60,129
35,94,39,1,86,200,-60,124
35,95,45,0,86,200,-60,129
35,96,24,0,81,200,-55,129
35,97,44,1,86,200,-55,129
35,98,23,0,81,190,-55,134
35,99,9,0,76,190,-55,139
36,0,3,0,65,50,45,50
36,1,10,1,85,50,35,50
36,2,12,1,90,50,35,50
36,3,22,1,90,55,25,50
36,4,2,0,80,55,30,50
36,5,23,0,75,45,30,55
36,6,20,0,70,45,45,55
36,7,4,1,80,45,45,50
36,8,31,1,80,45,55,50
36,9,11,1,85,45,55,50
36,10,44,1,90,45,55,50
36,11,15,1,90,50,55,50
36,12,23,1,100,50,50,50
36,13,4,0,85,55,50,50
36,14,46,1,90,55,50,45
36,15,14,0,90,55,50,50
36,16,15,1,90,60,50,50
36,17,40,1,90,50,60,50
36,18,5,1,95,50,50,50
36,19,3,0,110,50,45,50
36,20,23,0,105,40,45,55
36,21,26,1,115,40,40,55
36,22,22,0,110,40,45,55
36,23,25,0,110,35,55,55
36,24,8,1,100,35,55,60
36,25,10,0,95,40,55,60
36,26,42,1,95,45,55,60
36,27,44,0,95,45,65,65
36,28,1,0,105,45,50,65
36,29,30,1,105,45,60,65
36,30,10,1,125,45,50,65
36,31,39,1,130,45,50,60
36,32,9,0,125,45,50,65
36,33,7,0,110,50,50,65
36,34,26,0,105,50,50,70
36,35,27,1,105,55,45,70
36,36,5,0,100,55,50,70
36,37,40,1,100,45,60,70
36,38,12,0,95,55,60,70
36,39,57,0,85,55,60,75
36,40,20,1,85,60,45,75
36,41,26,0,80,60,45,80
36,42,27,0,90,45,45,80
36,43,22,0,85,45,50,80
36,44,9,0,80,45,50,85
36,45,3,0,95,45,45,85
36,46,18,0,70,45,45,95
36,47,37,0,58,55,45,95
36,48,24,1,63,55,45,95
36,49,23,0,58,45,45,100
36,50,12,1,63,45,45,100
36,51,36,1,63,50,45,95
36,52,28,1,73,50,45,95
36,53,40,1,73,40,55,95
36,54,26,1,83,40,50,95
36,55,41,0,73,50,50,95
36,56,5,0,68,50,55,95
36,57,20,0,63,50,70,95
36,58,19,0,43,50,80,105
36,59,27,1,43,55,75,105
36,60,22,1,43,60,65,105
36,61,18,0,18,60,65,115
36,62,23,0,13,50,65,120
36,63,41,0,3,60,65,120
36,64,26,0,-2,60,65,125
36,65,40,0,-2,70,55,125
36,66,18,1,8,70,55,125
36,67,27,1,8,75,50,125
36,68,14,0,8,75,50,130
36,69,3,1,1,75,50,135
36,70,5,1,6,75,40,135
36,71,12,1,11,75,40,135
36,72,25,1,11,80,30,135
36,73,58,0,11,70,30,135
36,74,10,1,31,70,20,135
36,75,59,1,31,75,20,135
36,76,46,0,24,75,20,140
36,77,24,0,19,75,25,140
36,78,27,1,19,80,20,140
36,79,1,0,29,80,5,140
36,80,41,0,19,90,5,140
36,81,23,1,29,90,0,140
36,82,37,1,39,90,0,140
36,83,12,0,34,100,0,140
36,84,1,1,26,100,5,140
36,85,17,1,11,100,15,140
36,86,39,0,4,105,15,140
36,87,5,0,-1,105,20,140
36,88,21,1,-1,110,5,140
36,89,15,1,-1,115,5,140
36,90,7,0,-16,120,5,140
36,91,8,1,-26,120,5,145
36,92,10,0,-31,125,5,145
36,93,36,1,-31,130,5,140
36,94,9,1,-26,130,5,140
36,95,47,1,-26,130,5,155
36,96,15,0,-6,125,5,155
36,97,14,0,-6,125,5,160
36,98,44,1,-1,125,5,160
36,99,46,0,-8,125,5,165
37,0,36,1,50,55,50,45
37,1,24,0,45,55,55,45
37,2,57,1,45,60,55,45
37,3,4,0,30,65,55,45
37,4,37,0,18,75,55,45
37,5,16,0,8,80,55,45
37,6,12,1,13,80,55,45
37,7,42,1,13,85,55,45
37,8,38,1,18,85,55,45
37,9,6,1,10,85,55,50
37,10,47,1,10,85,55,65
37,11,31,0,10,90,45,65
37,12,23,0,5,80,45,70
37,13,36,1,5,85,45,65
37,14,13,0,5,85,45,70
37,15,10,0,0,90,45,70
37,16,44,0,0,90,55,75
37,17,1,1,-8,90,60,75
37,18,14,0,-8,90,60,80
37,19,30,1,-8,90,70,80
37,20,2,1,-3,90,60,80
37,21,7,0,-18,95,60,80
37,22,41,1,-13,85,60,80
37,23,24,1,-8,85,60,80
37,24,58,1,-8,90,60,80
37,25,21,0,-13,90,75,80
37,26,13,0,-13,90,75,85
37,27,29,1,-13,105,55,85
37,28,11,0,-18,105,55,87
37,29,12,0,-23,115,55,87
37,30,7,0,-38,120,55,87
37,31,16,0,-48,125,55,87
37,32,9,1,-43,125,55,87
37,33,11,1,-38,125,55,87
37,34,45,0,-38,125,55,92
37,35,4,0,-53,130,55,92
37,36,37,0,-65,140,55,92
37,37,15,0,-45,135,55,92
37,38,16,1,-45,135,45,92
37,39,22,0,-50,135,50,92
37,40,5,1,-45,135,40,92
37,41,2,1,-40,135,30,92
37,42,11,0,-45,135,30,94
37,43,7,1,-40,135,30,89
37,44,3,0,-25,135,25,89
37,45,19,0,-45,135,35,99
37,46,48,0,-55,135,35,104
37,47,41,1,-50,125,35,104
37,48,44,0,-50,125,45,109
37,49,1,0,-40,125,30,109
37,50,25,1,-40,130,20,109
37,51,11,0,-45,130,20,111
37,52,15,1,-45,135,20,111
37,53,47,1,-45,135,20,126
37,54,48,1,-45,140,20,116
37,55,42,1,-45,145,20,116
37,56,20,0,-50,145,35,116
37,57,6,0,-40,145,30,116
37,58,12,0,-45,155,30,116
37,59,23,1,-35,155,25,116
37,60,41,1,-30,145,25,116
37,61,1,0,-20,145,10,116
37,62,22,0,-25,145,15,116
37,63,45,1,-25,150,15,116
37,64,20,1,-25,155,0,116
37,65,13,1,-20,160,0,116
37,66,7,1,-15,160,0,111
37,67,5,0,-20,160,5,111
37,68,14,1,-20,165,5,111
37,69,36,1,-20,170,5,106
37,70,9,1,-15,170,5,106
37,71,21,0,-20,170,20,106
37,72,41,0,-30,180,20,106
37,73,14,1,-30,185,20,106
37,74,17,1,-45,185,30,106
37,75,4,0,-60,190,30,106
37,76,5,0,-65,190,35,106
37,77,10,0,-70,195,35,106
37,78,11,0,-75,195,35,108
37,79,42,1,-75,200,35,108
37,80,16,0,-85,205,35,108
37,81,25,1,-85,210,25,108
37,82,29,1,-85,225,5,108
37,83,46,1,-80,225,5,103
37,84,41,1,-75,215,5,103
37,85,23,0,-80,205,5,108
37,86,16,1,-80,205,-5,108
37,87,28,1,-70,205,-5,108
37,88,15,1,-70,210,-5,108
37,89,36,0,-70,205,-5,110
37,90,59,0,-70,205,-15,115
37,91,60,0,-40,205,-15,115
37,92,25,1,-40,210,-25,115
37,93,16,0,-50,215,-25,115
37,94,22,1,-50,220,-35,115
37,95,19,1,-35,220,-35,115
37,96,41,1,-30,210,-35,115
37,97,12,0,-35,220,-35,115
37,98,44,1,-30,220,-35,115
37,99,20,1,-30,225,-50,115
38,0,42,0,42,50,50,60
38,1,10,1,62,50,40,60
38,2,9,0,57,50,40,65
38,3,20,1,57,55,25,65
38,4,3,0,72,55,20,65
38,5,31,0,72,60,10,65
38,6,26,1,82,60,5,65
38,7,8,0,82,65,-5,65
38,8,11,0,77,65,-5,67
38,9,25,1,77,70,-15,67
38,10,4,0,62,75,-15,67
38,11,2,1,67,75,-25,67
38,12,45,1,67,80,-25,67
38,13,38,1,72,80,-25,67
38,14,11,0,67,80,-25,69
38,15,4,0,52,85,-25,69
38,16,16,1,52,85,-35,69
38,17,5,0,47,85,-30,69
38,18,15,0,67,80,-30,69
38,19,44,1,72,80,-30,69
38,20,26,0,67,80,-30,74
38,21,11,1,72,80,-30,74
38,22,25,0,72,75,-20,74
38,23,16,0,62,80,-20,74
38,24,22,1,62,85,-30,74
38,25,45,1,62,90,-30,74
38,26,37,0,50,100,-30,74
38,27,5,0,45,100,-25,74
38,28,25,0,45,95,-15,74
38,29,22,1,45,100,-25,74
38,30,9,1,50,100,-25,74
38,31,12,1,55,100,-25,74
38,32,26,1,65,100,-30,74
38,33,10,1,85,100,-40,74
38,34,38,0,80,105,-40,74
38,35,14,1,80,110,-40,74
38,36,9,1,85,110,-40,74
38,37,41,0,75,120,-40,74
38,38,25,1,75,125,-50,74
38,39,2,0,65,125,-45,74
38,40,16,1,65,125,-55,74
38,41,47,1,65,125,-55,89
38,42,42,1,65,130,-55,89
38,43,1,0,75,130,-70,89
38,44,11,0,70,130,-70,91
38,45,43,1,70,130,-65,76
38,46,22,1,70,135,-75,76
38,47,46,1,75,135,-75,71
38,48,3,1,68,135,-75,76
38,49,23,1,78,135,-80,76
38,50,21,1,78,140,-95,76
38,51,15,1,78,145,-95,76
38,52,2,0,68,145,-90,76
38,53,27,1,68,150,-95,76
38,54,5,1,73,150,-105,76
38,55,57,1,73,155,-105,76
38,56,22,0,68,155,-100,76
38,57,12,1,73,155,-100,76
38,58,23,0,68,145,-100,81
38,59,42,1,68,150,-100,81
38,60,25,0,68,145,-90,81
38,61,4,0,53,150,-90,81
38,62,1,0,63,150,-105,81
38,63,26,1,73,150,-110,81
38,64,58,1,73,155,-110,81
38,65,15,0,93,150,-110,81
38,66,44,1,98,150,-110,81
38,67,41,0,88,160,-110,81
38,68,42,1,88,165,-110,81
38,69,1,0,98,165,-125,81
38,70,30,1,98,165,-115,81
38,71,13,1,103,170,-115,81
38,72,59,0,103,170,-125,86
38,73,38,1,108,170,-125,86
38,74,5,0,103,170,-120,86
38,75,9,1,108,170,-120,86
38,76,13,0,108,170,-120,91
38,77,1,0,118,170,-135,91
38,78,2,1,123,170,-145,91
38,79,43,1,123,170,-140,76
38,80,41,0,113,180,-140,76
38,81,25,1,113,185,-150,76
38,82,20,0,108,185,-135,76
38,83,40,0,108,195,-145,76
38,84,10,1,128,195,-155,76
38,85,24,1,133,195,-155,76
38,86,7,0,118,200,-155,76
38,87,26,1,128,200,-160,76
38,88,14,1,128,205,-160,76
38,89,9,1,133,205,-160,76
38,90,6,1,125,205,-160,81
38,91,28,0,115,205,-150,81
38,92,60,1,115,215,-150,81
38,93,27,1,115,220,-155,81
38,94,12,1,120,220,-155,81
38,95,49,1,120,225,-155,81
38,96,29,0,110,225,-150,81
38,97,13,0,110,225,-150,86
38,98,17,0,90,235,-150,86
38,99,26,1,100,235,-155,86
39,0,12,1,55,50,50,50
39,1,31,1,55,50,60,50
39,2,39,0,48,55,60,50
39,3,16,0,38,60,60,50
39,4,15,0,58,55,60,50
39,5,23,0,53,45,60,55
39,6,21,0,48,45,75,55
39,7,22,0,43,45,80,55
39,8,4,0,28,50,80,55
39,9,24,0,23,50,85,55
39,10,10,1,43,50,75,55
39,11,23,0,38,40,75,60
39,12,25,0,38,35,85,60
39,13,22,1,38,40,75,60
39,14,13,0,38,40,75,65
39,15,40,0,38,50,65,65
39,16,47,1,38,50,65,80
39,17,41,0,28,60,65,80
39,18,32,1,28,50,80,80
39,19,49,1,28,55,80,80
39,20,28,0,18,55,90,80
39,21,42,0,10,55,90,90
39,22,37,0,-2,65,90,90
39,23,48,1,-2,70,90,80
39,24,44,0,-2,70,100,85
39,25,4,0,-17,75,100,85
39,26,15,1,-17,80,100,85
39,27,38,0,-22,85,100,85
39,28,25,1,-22,90,90,85
39,29,41,0,-32,100,90,85
39,30,33,0,-2,100,90,85
39,31,4,1,8,100,90,80
39,32,16,1,8,100,80,80
39,33,57,0,-2,100,80,85
39,34,28,0,-12,100,90,85
39,35,44,1,-7,100,90,85
39,36,20,0,-12,100,105,85
39,37,34,0,-12,85,120,85
39,38,14,1,-12,90,120,85
39,39,58,0,-12,80,120,85
39,40,10,1,8,80,110,85
39,41,22,0,3,80,115,85
39,42,4,1,13,80,115,80
39,43,28,0,3,80,125,80
39,44,3,1,-4,80,125,85
39,45,20,1,-4,85,110,85
39,46,10,0,-9,90,110,85
39,47,4,1,1,90,110,80
39,48,44,1,6,90,110,80
39,49,27,1,6,95,105,80
39,50,41,0,-4,105,105,80
39,51,1,1,-12,105,110,80
39,52,9,0,-17,105,110,85
39,53,15,0,3,100,110,85
39,54,37,0,-9,110,110,85
39,55,3,0,6,110,105,85
39,56,35,1,6,100,115,85
39,57,22,0,1,100,120,85
39,58,15,0,21,95,120,85
39,59,10,0,16,100,120,85
39,60,3,1,9,100,120,90
39,61,8,1,-1,100,120,95
39,62,14,0,-1,100,120,100
39,63,28,1,9,100,120,100
39,64,9,0,4,100,120,105
39,65,12,1,9,100,120,105
39,66,3,1,2,100,120,110
39,67,14,1,2,105,120,110
39,68,27,0,12,90,120,110
39,69,41,1,17,80,120,110
39,70,16,0,7,85,120,110
39,71,47,0,32,85,120,110
39,72,5,1,37,85,110,110
39,73,15,0,57,80,110,110
39,74,41,1,62,70,110,110
39,75,28,1,72,70,110,110
39,76,23,0,67,60,110,115
39,77,38,0,62,65,110,115
39,78,6,1,54,65,110,120
39,79,45,0,54,65,110,125
39,80,20,0,49,65,125,125
39,81,48,1,49,70,125,115
39,82,17,1,34,70,135,115
39,83,11,0,29,70,135,117
39,84,10,1,49,70,125,117
39,85,23,0,44,60,125,122
39,86,7,0,29,65,125,122
39,87,40,1,29,55,135,122
39,88,20,1,29,60,120,122
39,89,24,0,24,60,125,122
39,90,59,0,24,60,115,127
39,91,10,0,19,65,115,127
39,92,4,0,4,70,115,127
39,93,28,1,14,70,115,127
39,94,6,1,6,70,115,132
39,95,37,0,-6,80,115,132
39,96,60,1,-6,90,115,132
39,97,4,1,4,90,115,127
39,98,41,0,-6,100,115,127
39,99,61,1,-6,110,115,127
40,0,12,0,45,60,50,50
40,1,22,0,40,60,55,50
40,2,5,1,45,60,45,50
40,3,36,0,45,55,45,52
40,4,25,0,45,50,55,52
40,5,37,0,33,60,55,52
40,6,57,1,33,65,55,52
40,7,31,1,33,65,65,52
40,8,5,1,38,65,55,52
40,9,36,0,38,60,55,54
40,10,44,0,38,60,65,59
40,11,22,1,38,65,55,59
40,12,16,1,38,65,45,59
40,13,10,0,33,70,45,59
40,14,12,1,38,70,45,59
40,15,30,1,38,70,55,59
40,16,11,1,43,70,55,59
40,17,1,1,35,70,60,59
40,18,2,1,40,70,50,59
40,19,4,1,50,70,50,54
40,20,3,1,43,70,50,59
40,21,38,1,48,70,50,59
40,22,12,0,43,80,50,59
40,23,20,1,43,85,35,59
40,24,39,0,36,90,35,59
40,25,11,0,31,90,35,61
40,26,27,1,31,95,30,61
40,27,14,0,31,95,30,66
40,28,25,0,31,90,40,66
40,29,58,1,31,95,40,66
40,30,48,0,21,95,40,71
40,31,3,1,14,95,40,76
40,32,28,1,24,95,40,76
40,33,18,1,34,95,40,76
40,34,23,1,44,95,35,76
40,35,1,0,54,95,20,76
40,36,22,0,49,95,25,76
40,37,15,0,69,90,25,76
40,38,12,1,74,90,25,76
40,39,4,0,59,95,25,76
40,40,30,0,59,95,15,86
40,41,43,1,59,95,20,71
40,42,14,1,59,100,20,71
40,43,1,0,69,100,5,71
40,44,41,0,59,110,5,71
40,45,25,1,59,115,-5,71
40,46,26,0,54,115,-5,76
40,47,3,0,69,115,-10,76
40,48,42,1,69,120,-10,76
40,49,59,0,69,120,-20,81
40,50,1,1,61,120,-15,81
40,51,9,1,66,120,-15,81
40,52,20,1,66,125,-30,81
40,53,15,1,66,130,-30,81
40,54,7,0,51,135,-30,81
40,55,32,1,51,125,-15,81
40,56,21,1,51,130,-30,81
40,57,5,0,46,130,-25,81
40,58,46,0,39,130,-25,86
40,59,1,1,31,130,-20,86
40,60,33,1,31,135,-20,86
40,61,15,0,51,130,-20,86
40,62,41,0,41,140,-20,86
40,63,14,0,41,140,-20,91
40,64,21,0,36,140,-5,91
40,65,1,1,28,140,0,91
40,66,43,1,28,140,5,76
40,67,2,1,33,140,-5,76
40,68,9,1,38,140,-5,76
40,69,14,0,38,140,-5,81
40,70,1,0,48,140,-20,81
40,71,25,1,48,145,-30,81
40,72,4,0,33,150,-30,81
40,73,12,1,38,150,-30,81
40,74,60,1,38,160,-30,81
40,75,14,1,38,165,-30,81
40,76,28,1,48,165,-30,81
40,77,15,1,48,170,-30,81
40,78,24,1,53,170,-30,81
40,79,4,1,63,170,-30,76
40,80,12,0,58,180,-30,76
40,81,23,0,53,170,-30,81
40,82,42,1,53,175,-30,81
40,83,41,1,58,165,-30,81
40,84,9,0,53,165,-30,86
40,85,22,1,53,170,-40,86
40,86,38,0,48,175,-40,86
40,87,37,0,36,185,-40,86
40,88,1,0,46,185,-55,86
40,89,41,0,36,195,-55,86
40,90,23,1,46,195,-60,86
40,91,11,1,51,195,-60,86
40,92,44,1,56,195,-60,86
40,93,34,0,56,180,-45,86
40,94,5,1,61,180,-55,86
40,95,41,0,51,190,-55,86
40,96,11,0,46,190,-55,88
40,97,25,0,46,185,-45,88
40,98,16,1,46,185,-55,88
40,99,40,0,46,195,-65,88
41,0,25,1,50,55,40,50
41,1,14,1,50,60,40,50
41,2,10,1,70,60,30,50
41,3,16,0,60,65,30,50
41,4,47,0,85,65,30,50
41,5,2,0,75,65,35,50
41,6,20,1,75,70,20,50
41,7,26,1,85,70,15,50
41,8,57,0,75,70,15,55
41,9,47,1,75,70,15,70
41,10,31,1,75,70,25,70
41,11,1,1,67,70,30,70
41,12,58,1,67,75,30,70
41,13,27,1,67,80,25,70
41,14,13,1,72,85,25,70
41,15,18,1,82,85,25,70
41,16,2,1,87,85,15,70
41,17,1,0,97,85,0,70
41,18,11,1,102,85,0,70
41,19,30,1,102,85,10,70
41,20,41,0,92,95,10,70
41,21,14,1,92,100,10,70
41,22,16,0,82,105,10,70
41,23,3,0,97,105,5,70
41,24,29,1,97,120,-15,70
41,25,42,1,97,125,-15,70
41,26,21,0,92,125,0,70
41,27,32,0,92,130,-15,70
41,28,4,0,77,135,-15,70
41,29,44,1,82,135,-15,70
41,30,28,0,72,135,-5,70
41,31,16,0,62,140,-5,70
41,32,20,0,57,140,10,70
41,33,4,1,67,140,10,65
41,34,10,0,62,145,10,65
41,35,5,1,67,145,0,65
41,36,41,1,72,135,0,65
41,37,39,1,77,135,0,60
41,38,36,1,77,140,0,55
41,39,59,1,77,145,0,55
41,40,13,0,77,145,0,60
41,41,23,1,87,145,-5,60
41,42,21,1,87,150,-20,60
41,43,10,0,82,155,-20,60
41,44,28,1,92,155,-20,60
41,45,14,1,92,160,-20,60
41,46,5,1,97,160,-30,60
41,47,41,0,87,170,-30,60
41,48,47,0,112,170,-30,60
41,49,25,0,112,165,-20,60
41,50,60,0,142,165,-20,60
41,51,36,0,142,160,-20,62
41,52,22,1,142,165,-30,62
41,53,15,1,142,170,-30,62
41,54,44,1,147,170,-30,62
41,55,13,0,147,170,-30,67
41,56,36,1,147,175,-30,62
41,57,3,1,140,175,-30,67
41,58,43,1,140,175,-25,52
41,59,11,1,145,175,-25,52
41,60,8,1,135,175,-25,57
41,61,20,0,130,175,-10,57
41,62,24,0,125,175,-5,57
41,63,61,0,125,175,15,57
41,64,45,0,125,175,15,62
41,65,3,1,118,175,15,67
41,66,16,1,118,175,5,67
41,67,2,1,123,175,-5,67
41,68,5,0,118,175,0,67
41,69,1,0,128,175,-15,67
41,70,6,0,138,175,-20,67
41,71,41,1,143,165,-20,67
41,72,2,0,133,165,-15,67
41,73,26,1,143,165,-20,67
41,74,21,1,143,170,-35,67
41,75,22,1,143,175,-45,67
41,76,23,0,138,165,-45,72
41,77,4,0,123,170,-45,72
41,78,11,0,118,170,-45,74
41,79,46,1,123,170,-45,69
41,80,22,0,118,170,-40,69
41,81,40,1,118,160,-30,69
41,82,37,1,128,160,-30,69
41,83,21,1,128,165,-45,69
41,84,2,1,133,165,-55,69
41,85,39,0,126,170,-55,69
41,86,8,1,116,170,-55,74
41,87,10,1,136,170,-65,74
41,88,20,1,136,175,-80,74
41,89,23,0,131,165,-80,79
41,90,9,0,126,165,-80,84
41,91,15,0,146,160,-80,84
41,92,41,1,151,150,-80,84
41,93,18,1,161,150,-80,84
41,94,42,1,161,155,-80,84
41,95,46,1,166,155,-80,79
41,96,4,0,151,160,-80,79
41,97,62,1,121,180,-80,79
41,98,27,1,121,185,-85,79
41,99,22,1,121,190,-95,79
42,0,13,0,50,50,50,55
42,1,22,1,50,55,40,55
42,2,25,0,50,50,50,55
42,3,14,1,50,55,50,55
42,4,23,1,60,55,45,55
42,5,40,0,60,65,35,55
42,6,3,0,75,65,30,55
42,7,11,0,70,65,30,57
42,8,42,0,62,65,30,67
42,9,22,1,62,70,20,67
42,10,45,1,62,75,20,67
42,11,49,1,62,80,20,67
42,12,3,1,55,80,20,72
42,13,19,1,70,80,20,72
42,14,24,0,65,80,25,72
42,15,15,1,65,85,25,72
42,16,48,0,55,85,25,77
42,17,26,0,50,85,25,82
42,18,10,1,70,85,15,82
42,19,47,0,95,85,15,82
42,20,17,1,80,85,25,82
42,21,30,1,80,85,35,82
42,22,38,0,75,90,35,82
42,23,1,1,67,90,40,82
42,24,27,1,67,95,35,82
42,25,25,1,67,100,25,82
42,26,12,1,72,100,25,82
42,27,29,1,72,115,5,82
42,28,41,0,62,125,5,82
42,29,3,1,55,125,5,87
42,30,30,0,55,125,-5,97
42,31,10,0,50,130,-5,97
42,32,4,1,60,130,-5,92
42,33,2,1,65,130,-15,92
42,34,11,0,60,130,-15,94
42,35,9,1,65,130,-15,94
42,36,21,0,60,130,0,94
42,37,25,0,60,125,10,94
42,38,1,0,70,125,-5,94
42,39,20,0,65,125,10,94
42,40,24,0,60,125,15,94
42,41,10,0,55,130,15,94
42,42,16,1,55,130,5,94
42,43,25,0,55,125,15,94
42,44,23,0,50,115,15,99
42,45,29,1,50,130,-5,99
42,46,41,1,55,120,-5,99
42,47,28,0,45,120,5,99
42,48,48,1,45,125,5,89
42,49,15,1,45,130,5,89
42,50,42,1,45,135,5,89
42,51,11,1,50,135,5,89
42,52,44,1,55,135,5,89
42,53,38,1,60,135,5,89
42,54,21,0,55,135,20,89
42,55,31,1,55,135,30,89
42,56,7,0,40,140,30,89
42,57,14,1,40,145,30,89
42,58,3,1,33,145,30,94
42,59,15,1,33,150,30,94
42,60,38,0,28,155,30,94
42,61,22,1,28,160,20,94
42,62,7,0,13,165,20,94
42,63,16,1,13,165,10,94
42,64,13,1,18,170,10,94
42,65,1,0,28,170,-5,94
42,66,42,0,20,170,-5,104
42,67,4,1,30,170,-5,99
42,68,40,0,30,180,-15,99
42,69,11,1,35,180,-15,99
42,70,1,0,45,180,-30,99
42,71,14,0,45,180,-30,104
42,72,38,0,40,185,-30,104
42,73,23,1,50,185,-35,104
42,74,15,0,70,180,-35,104
42,75,2,0,60,180,-30,104
42,76,29,0,50,180,-25,104
42,77,32,1,50,170,-10,104
42,78,9,1,55,170,-10,104
42,79,13,0,55,170,-10,109
42,80,12,0,50,180,-10,109
42,81,47,1,50,180,-10,124
42,82,18,1,60,180,-10,124
42,83,25,0,60,175,0,124
42,84,1,0,70,175,-15,124
42,85,26,0,65,175,-15,129
42,86,9,1,70,175,-15,129
42,87,22,1,70,180,-25,129
42,88,5,0,65,180,-20,129
42,89,2,1,70,180,-30,129
42,90,37,0,58,190,-30,129
42,91,19,0,38,190,-20,139
42,92,12,1,43,190,-20,139
42,93,3,1,36,190,-20,144
42,94,57,0,26,190,-20,149
42,95,4,1,36,190,-20,144
42,96,26,0,31,190,-20,149
42,97,46,0,24,190,-20,154
42,98,22,0,19,190,-15,154
42,99,45,1,19,195,-15,154
43,0,11,0,45,50,50,52
43,1,57,1,45,55,50,52
43,2,36,1,45,60,50,47
43,3,14,1,45,65,50,47
43,4,3,1,38,65,50,52
43,5,31,0,38,70,40,52
43,6,32,0,38,75,25,52
43,7,27,0,48,60,25,52
43,8,1,0,58,60,10,52
43,9,46,1,63,60,10,47
43,10,15,0,83,55,10,47
43,11,5,0,78,55,15,47
43,12,13,0,78,55,15,52
43,13,3,0,93,55,10,52
43,14,41,1,98,45,10,52
43,15,43,1,98,45,15,37
43,16,14,1,98,50,15,37
43,17,20,0,93,50,30,37
43,18,5,0,88,50,35,37
43,19,26,0,83,50,35,42
43,20,39,1,88,50,35,37
43,21,9,1,93,50,35,37
43,22,14,1,93,55,35,37
43,23,41,1,98,45,35,37
43,24,3,0,113,45,30,37
43,25,26,0,108,45,30,42
43,26,2,0,98,45,35,42
43,27,27,0,108,30,35,42
43,28,23,1,118,30,30,42
43,29,39,1,123,30,30,37
43,30,5,0,118,30,35,37
43,31,3,1,111,30,35,42
43,32,24,1,116,30,35,42
43,33,45,0,116,30,35,47
43,34,38,1,121,30,35,47
43,35,1,0,131,30,20,47
43,36,2,0,121,30,25,47
43,37,19,0,101,30,35,57
43,38,26,1,111,30,30,57
43,39,44,1,116,30,30,57
43,40,46,1,121,30,30,52
43,41,58,1,121,35,30,52
43,42,2,1,126,35,20,52
43,43,22,0,121,35,25,52
43,44,13,1,126,40,25,52
43,45,16,1,126,40,15,52
43,46,14,1,126,45,15,52
43,47,39,0,119,50,15,52
43,48,4,0,104,55,15,52
43,49,44,0,104,55,25,57
43,50,28,1,114,55,25,57
43,51,38,1,119,55,25,57
43,52,8,1,109,55,25,62
43,53,43,1,109,55,30,47
43,54,39,1,114,55,30,42
43,55,13,0,114,55,30,47
43,56,5,1,119,55,20,47
43,57,15,0,139,50,20,47
43,58,16,0,129,55,20,47
43,59,27,1,129,60,15,47
43,60,23,0,124,50,15,52
43,61,13,0,124,50,15,57
43,62,18,1,134,50,15,57
43,63,26,1,144,50,10,57
43,64,28,0,134,50,20,57
43,65,4,0,119,55,20,57
43,66,2,1,124,55,10,57
43,67,16,0,114,60,10,57
43,68,33,1,114,65,10,57
43,69,46,0,107,65,10,62
43,70,14,0,107,65,10,67
43,71,12,0,102,75,10,67
43,72,1,0,112,75,-5,67
43,73,15,0,132,70,-5,67
43,74,41,1,137,60,-5,67
43,75,5,0,132,60,0,67
43,76,4,1,142,60,0,62
43,77,7,0,127,65,0,62
43,78,48,1,127,70,0,52
43,79,23,1,137,70,-5,52
43,80,10,1,157,70,-15,52
43,81,20,1,157,75,-30,52
43,82,6,0,167,75,-35,52
43,83,3,0,182,75,-40,52
43,84,2,1,187,75,-50,52
43,85,38,0,182,80,-50,52
43,86,59,1,182,85,-50,52
43,87,37,1,192,85,-50,52
43,88,1,1,184,85,-45,52
43,89,23,1,194,85,-50,52
43,90,17,1,179,85,-40,52
43,91,25,1,179,90,-50,52
43,92,40,0,179,100,-60,52
43,93,3,1,172,100,-60,57
43,94,45,1,172,105,-60,57
43,95,9,0,167,105,-60,62
43,96,23,1,177,105,-65,62
43,97,12,1,182,105,-65,62
43,98,16,0,172,110,-65,62
43,99,22,1,172,115,-75,62
44,0,22,0,45,50,55,50
44,1,21,0,40,50,70,50
44,2,26,0,35,50,70,55
44,3,36,0,35,45,70,57
44,4,13,1,40,50,70,57
44,5,28,1,50,50,70,57
44,6,8,1,40,50,70,62
44,7,41,1,45,40,70,62
44,8,23,1,55,40,65,62
44,9,1,0,65,40,50,62
44,10,45,1,65,45,50,62
44,11,22,0,60,45,55,62
44,12,12,0,55,55,55,62
44,13,43,0,75,55,45,62
44,14,10,0,70,60,45,62
44,15,18,0,45,60,45,72
44,16,26,1,55,60,40,72
44,17,31,0,55,65,30,72
44,18,32,0,55,70,15,72
44,19,23,0,50,60,15,77
44,20,38,0,45,65,15,77
44,21,4,1,55,65,15,72
44,22,10,1,75,65,5,72
44,23,14,0,75,65,5,77
44,24,15,0,95,60,5,77
44,25,13,1,100,65,5,77
44,26,16,0,90,70,5,77
44,27,4,0,75,75,5,77
44,28,57,0,65,75,5,82
44,29,33,0,95,75,5,82
44,30,40,1,95,65,15,82
44,31,20,1,95,70,0,82
44,32,12,0,90,80,0,82
44,33,27,1,90,85,-5,82
44,34,38,0,85,90,-5,82
44,35,44,1,90,90,-5,82
44,36,1,1,82,90,0,82
44,37,11,0,77,90,0,84
44,38,26,0,72,90,0,89
44,39,4,1,82,90,0,84
44,40,9,0,77,90,0,89
44,41,7,1,82,90,0,84
44,42,30,1,82,90,10,84
44,43,15,0,102,85,10,84
44,44,24,1,107,85,10,84
44,45,16,1,107,85,0,84
44,46,25,1,107,90,-10,84
44,47,5,1,112,90,-20,84
44,48,13,0,112,90,-20,89
44,49,40,1,112,80,-10,89
44,50,8,0,112,85,-20,89
44,51,14,1,112,90,-20,89
44,52,16,1,112,90,-30,89
44,53,5,0,107,90,-25,89
44,54,21,0,102,90,-10,89
44,55,22,0,97,90,-5,89
44,56,25,0,97,85,5,89
44,57,19,1,112,85,5,89
44,58,16,1,112,85,-5,89
44,59,9,1,117,85,-5,89
44,60,20,0,112,85,10,89
44,61,10,1,132,85,0,89
44,62,39,1,137,85,0,84
44,63,37,0,125,95,0,84
44,64,11,1,130,95,0,84
44,65,27,1,130,100,-5,84
44,66,6,1,122,100,-5,89
44,67,7,0,107,105,-5,89
44,68,12,0,102,115,-5,89
44,69,43,0,122,115,-15,89
44,70,48,1,122,120,-15,79
44,71,44,0,122,120,-5,84
44,72,24,0,117,120,0,84
44,73,58,0,117,110,0,84
44,74,41,0,107,120,0,84
44,75,21,0,102,120,15,84
44,76,18,0,77,120,15,94
44,77,3,0,92,120,10,94
44,78,20,0,87,120,25,94
44,79,30,1,87,120,35,94
44,80,4,0,72,125,35,94
44,81,23,1,82,125,30,94
44,82,36,0,82,120,30,96
44,83,26,1,92,120,25,96
44,84,25,0,92,115,35,96
44,85,37,0,80,125,35,96
44,86,13,0,80,125,35,101
44,87,42,1,80,130,35,101
44,88,9,1,85,130,35,101
44,89,29,0,75,130,40,101
44,90,12,1,80,130,40,101
44,91,15,0,100,125,40,101
44,92,38,0,95,130,40,101
44,93,8,0,95,135,30,101
44,94,10,1,115,135,20,101
44,95,37,1,125,135,20,101
44,96,3,1,118,135,20,106
44,97,46,0,111,135,20,111
44,98,24,1,116,135,20,111
44,99,2,1,121,135,10,111
45,0,6,1,42,50,50,55
45,1,15,1,42,55,50,55
45,2,49,0,42,55,50,60
45,3,40,1,42,45,60,60
45,4,22,1,42,50,50,60
45,5,25,1,42,55,40,60
45,6,15,1,42,60,40,60
45,7,16,1,42,60,30,60
45,8,40,0,42,70,20,60
45,9,11,0,37,70,20,62
45,10,12,1,42,70,20,62
45,11,9,0,37,70,20,67
45,12,41,0,27,80,20,67
45,13,27,1,27,85,15,67
45,14,31,1,27,85,25,67
45,15,36,0,27,80,25,69
45,16,2,1,32,80,15,69
45,17,37,0,20,90,15,69
45,18,14,0,20,90,15,74
45,19,48,0,10,90,15,79
45,20,15,0,30,85,15,79
45,21,43,1,30,85,20,64
45,22,17,1,15,85,30,64
45,23,10,0,10,90,30,64
45,24,8,1,0,90,30,69
45,25,45,1,0,95,30,69
45,26,26,1,10,95,25,69
45,27,12,1,15,95,25,69
45,28,2,0,5,95,30,69
45,29,5,1,10,95,20,69
45,30,7,1,15,95,20,64
45,31,23,1,25,95,15,64
45,32,14,1,25,100,15,64
45,33,15,0,45,95,15,64
45,34,50,1,45,95,25,64
45,35,11,0,40,95,25,66
45,36,12,0,35,105,25,66
45,37,7,0,20,110,25,66
45,38,16,0,10,115,25,66
45,39,13,1,15,120,25,66
45,40,20,0,10,120,40,66
45,41,1,0,20,120,25,66
45,42,2,0,10,120,30,66
45,43,51,1,10,125,30,66
45,44,16,1,10,125,20,66
45,45,23,1,20,125,15,66
45,46,32,1,20,115,30,66
45,47,24,1,25,115,30,66
45,48,36,1,25,120,30,61
45,49,4,1,35,120,30,56
45,50,3,0,50,120,25,56
45,51,44,1,55,120,25,56
45,52,9,0,50,120,25,61
45,53,16,0,40,125,25,61
45,54,4,0,25,130,25,61
45,55,38,1,30,130,25,61
45,56,41,1,35,120,25,61
45,57,39,0,28,125,25,61
45,58,45,0,28,125,25,66
45,59,1,0,38,125,10,66
45,60,3,0,53,125,5,66
45,61,4,1,63,125,5,61
45,62,11,0,58,125,5,63
45,63,29,1,58,140,-15,63
45,64,1,1,50,140,-10,63
45,65,5,1,55,140,-20,63
45,66,52,0,75,130,-20,63
45,67,16,1,75,130,-30,63
45,68,6,1,67,130,-30,68
45,69,39,0,60,135,-30,68
45,70,41,0,50,145,-30,68
45,71,33,0,80,145,-30,68
45,72,42,0,72,145,-30,78
45,73,30,0,72,145,-40,88
45,74,5,1,77,145,-50,88
45,75,16,0,67,150,-50,88
45,76,41,1,72,140,-50,88
45,77,42,0,64,140,-50,98
45,78,45,1,64,145,-50,98
45,79,53,0,64,160,-65,98
45,80,9,0,59,160,-65,103
45,81,41,0,49,170,-65,103
45,82,47,0,74,170,-65,103
45,83,26,0,69,170,-65,108
45,84,34,1,84,170,-65,108
45,85,48,1,84,175,-65,98
45,86,13,0,84,175,-65,103
45,87,35,0,84,183,-80,103
45,88,20,0,79,183,-65,103
45,89,41,0,69,193,-65,103
45,90,26,0,64,193,-65,108
45,91,30,0,64,193,-75,118
45,92,12,1,69,193,-75,118
45,93,20,0,64,193,-60,118
45,94,17,1,49,193,-50,118
45,95,16,0,39,198,-50,118
45,96,38,1,44,198,-50,118
45,97,12,0,39,208,-50,118
45,98,8,0,39,213,-60,118
45,99,24,1,44,213,-60,118
46,0,20,0,45,50,65,50
46,1,22,1,45,55,55,50
46,2,14,1,45,60,55,50
46,3,36,1,45,65,55,45
46,4,24,1,50,65,55,45
46,5,39,1,55,65,55,40
46,6,15,0,75,60,55,40
46,7,37,0,63,70,55,40
46,8,1,1,55,70,60,40
46,9,18,0,30,70,60,50
46,10,43,1,30,70,65,35
46,11,30,0,30,70,55,45
46,12,57,0,20,70,55,50
46,13,38,0,15,75,55,50
46,14,44,0,15,75,65,55
46,15,25,1,15,80,55,55
46,16,23,1,25,80,50,55
46,17,1,1,17,80,55,55
46,18,31,1,17,80,65,55
46,19,22,1,17,85,55,55
46,20,20,1,17,90,40,55
46,21,5,1,22,90,30,55
46,22,10,1,42,90,20,55
46,23,23,0,37,80,20,60
46,24,15,0,57,75,20,60
46,25,29,0,47,75,25,60
46,26,18,1,57,75,25,60
46,27,58,0,57,65,25,60
46,28,3,1,50,65,25,65
46,29,17,1,35,65,35,65
46,30,1,0,45,65,20,65
46,31,15,1,45,70,20,65
46,32,23,1,55,70,15,65
46,33,16,1,55,70,5,65
46,34,21,1,55,75,-10,65
46,35,4,1,65,75,-10,60
46,36,59,0,65,75,-20,65
46,37,43,0,85,75,-30,65
46,38,22,1,85,80,-40,65
46,39,26,1,95,80,-45,65
46,40,38,1,100,80,-45,65
46,41,9,1,105,80,-45,65
46,42,37,1,115,80,-45,65
46,43,15,0,135,75,-45,65
46,44,7,1,140,75,-45,60
46,45,11,1,145,75,-45,60
46,46,17,0,125,85,-45,60
46,47,36,0,125,80,-45,62
46,48,4,0,110,85,-45,62
46,49,16,0,100,90,-45,62
46,50,37,1,110,90,-45,62
46,51,13,0,110,90,-45,67
46,52,10,0,105,95,-45,67
46,53,43,0,125,95,-55,67
46,54,12,1,130,95,-55,67
46,55,46,1,135,95,-55,62
46,56,60,0,165,95,-55,62
46,57,17,1,150,95,-45,62
46,58,10,0,145,100,-45,62
46,59,41,0,135,110,-45,62
46,60,27,1,135,115,-50,62
46,61,23,0,130,105,-50,67
46,62,14,0,130,105,-50,72
46,63,42,0,122,105,-50,82
46,64,12,1,127,105,-50,82
46,65,4,1,137,105,-50,77
46,66,39,1,142,105,-50,72
46,67,2,1,147,105,-60,72
46,68,42,0,139,105,-60,82
46,69,27,1,139,110,-65,82
46,70,29,1,139,125,-85,82
46,71,13,0,139,125,-85,87
46,72,14,1,139,130,-85,87
46,73,16,0,129,135,-85,87
46,74,24,1,134,135,-85,87
46,75,41,1,139,125,-85,87
46,76,22,1,139,130,-95,87
46,77,13,0,139,130,-95,92
46,78,36,1,139,135,-95,87
46,79,10,1,159,135,-105,87
46,80,30,1,159,135,-95,87
46,81,26,1,169,135,-100,87
46,82,46,1,174,135,-100,82
46,83,2,0,164,135,-95,82
46,84,23,0,159,125,-95,87
46,85,32,0,159,130,-110,87
46,86,33,1,159,135,-110,87
46,87,13,0,159,135,-110,92
46,88,47,0,184,135,-110,92
46,89,23,1,194,135,-115,92
46,90,1,1,186,135,-110,92
46,91,25,1,186,140,-120,92
46,92,11,0,181,140,-120,94
46,93,49,0,181,140,-120,99
46,94,16,1,181,140,-130,99
46,95,46,1,186,140,-130,94
46,96,23,0,181,130,-130,99
46,97,41,0,171,140,-130,99
46,98,3,1,164,140,-130,104
46,99,50,0,164,150,-130,104
47,0,40,0,50,60,40,50
47,1,15,0,70,55,40,50
47,2,24,0,65,55,45,50
47,3,20,1,65,60,30,50
47,4,10,1,85,60,20,50
47,5,25,1,85,65,10,50
47,6,23,0,80,55,10,55
47,7,28,1,90,55,10,55
47,8,37,1,100,55,10,55
47,9,7,0,85,60,10,55
47,10,15,1,85,65,10,55
47,11,20,0,80,65,25,55
47,12,5,1,85,65,15,55
47,13,31,0,85,70,5,55
47,14,28,1,95,70,5,55
47,15,22,1,95,75,-5,55
47,16,30,0,95,75,-15,65
47,17,10,0,90,80,-15,65
47,18,36,1,90,85,-15,60
47,19,25,0,90,80,-5,60
47,20,41,1,95,70,-5,60
47,21,5,0,90,70,0,60
47,22,32,0,90,75,-15,60
47,23,11,0,85,75,-15,62
47,24,43,0,105,75,-25,62
47,25,14,0,105,75,-25,67
47,26,15,0,125,70,-25,67
47,27,3,1,118,70,-25,72
47,28,37,0,106,80,-25,72
47,29,26,0,101,80,-25,77
47,30,33,0,131,80,-25,77
47,31,15,1,131,85,-25,77
47,32,45,0,131,85,-25,82
47,33,11,1,136,85,-25,82
47,34,44,0,136,85,-15,87
47,35,22,0,131,85,-10,87
47,36,26,1,141,85,-15,87
47,37,1,1,133,85,-10,87
47,38,25,1,133,90,-20,87
47,39,21,0,128,90,-5,87
47,40,20,0,123,90,10,87
47,41,19,0,103,90,20,97
47,42,7,1,108,90,20,92
47,43,38,0,103,95,20,92
47,44,23,0,98,85,20,97
47,45,57,1,98,90,20,97
47,46,58,0,98,80,20,97
47,47,2,0,88,80,25,97
47,48,22,0,83,80,30,97
47,49,36,0,83,75,30,99
47,50,23,0,78,65,30,104
47,51,20,0,73,65,45,104
47,52,41,1,78,55,45,104
47,53,22,0,73,55,50,104
47,54,18,1,83,55,50,104
47,55,1,0,93,55,35,104
47,56,46,0,86,55,35,109
47,57,3,0,101,55,30,109
47,58,41,1,106,45,30,109
47,59,5,1,111,45,20,109
47,60,34,1,126,45,20,109
47,61,4,0,111,50,20,109
47,62,9,1,116,50,20,109
47,63,15,0,136,45,20,109
47,64,38,1,141,45,20,109
47,65,21,1,141,50,5,109
47,66,11,1,146,50,5,109
47,67,8,0,146,55,-5,109
47,68,3,1,139,55,-5,114
47,69,26,0,134,55,-5,119
47,70,40,0,134,65,-15,119
47,71,23,1,144,65,-20,119
47,72,15,0,164,60,-20,119
47,73,59,1,164,65,-20,119
47,74,11,1,169,65,-20,119
47,75,41,1,174,55,-20,119
47,76,20,0,169,55,-5,119
47,77,3,0,184,55,-10,119
47,78,25,1,184,60,-20,119
47,79,11,0,179,60,-20,121
47,80,17,1,164,60,-10,121
47,81,15,1,164,65,-10,121
47,82,13,1,169,70,-10,121
47,83,12,0,164,80,-10,121
47,84,20,0,159,80,5,121
47,85,46,1,164,80,5,116
47,86,40,0,164,90,-5,116
47,87,41,1,169,80,-5,116
47,88,14,1,169,85,-5,116
47,89,24,0,164,85,0,116
47,90,28,0,154,85,10,116
47,91,10,1,174,85,0,116
47,92,38,1,179,85,0,116
47,93,7,0,164,90,0,116
47,94,3,0,179,90,-5,116
47,95,14,0,179,90,-5,121
47,96,4,1,189,90,-5,116
47,97,9,0,184,90,-5,121
47,98,13,1,189,95,-5,121
47,99,8,0,189,100,-15,121
48,0,9,0,45,50,50,55
48,1,20,0,40,50,65,55
48,2,49,0,40,50,65,60
48,3,41,1,45,40,65,60
48,4,31,0,45,45,55,60
48,5,8,0,45,50,45,60
48,6,2,0,35,50,50,60
48,7,44,1,40,50,50,60
48,8,11,1,45,50,50,60
48,9,1,0,55,50,35,60
48,10,41,0,45,60,35,60
48,11,25,0,45,55,45,60
48,12,13,0,45,55,45,65
48,13,12,0,40,65,45,65
48,14,16,0,30,70,45,65
48,15,10,1,50,70,35,65
48,16,8,0,50,75,25,65
48,17,21,1,50,80,10,65
48,18,26,1,60,80,5,65
48,19,48,0,50,80,5,70
48,20,42,1,50,85,5,70
48,21,9,1,55,85,5,70
48,22,22,0,50,85,10,70
48,23,7,1,55,85,10,65
48,24,26,0,50,85,10,70
48,25,28,1,60,85,10,70
48,26,37,0,48,95,10,70
48,27,21,0,43,95,25,70
48,28,47,0,68,95,25,70
48,29,38,1,73,95,25,70
48,30,20,0,68,95,40,70
48,31,1,1,60,95,45,70
48,32,42,1,60,100,45,70
48,33,16,0,50,105,45,70
48,34,39,1,55,105,45,65
48,35,26,1,65,105,40,65
48,36,17,1,50,105,50,65
48,37,36,0,50,100,50,67
48,38,14,1,50,105,50,67
48,39,11,0,45,105,50,69
48,40,19,0,25,105,60,79
48,41,29,0,15,105,65,79
48,42,10,0,10,110,65,79
48,43,4,0,-5,115,65,79
48,44,14,0,-5,115,65,84
48,45,15,1,-5,120,65,84
48,46,57,1,-5,125,65,84
48,47,10,0,-10,130,65,84
48,48,7,0,-25,135,65,84
48,49,1,1,-33,135,70,84
48,50,48,1,-33,140,70,74
48,51,15,1,-33,145,70,74
48,52,16,0,-43,150,70,74
48,53,6,1,-51,150,70,79
48,54,4,1,-41,150,70,74
48,55,39,0,-48,155,70,74
48,56,23,1,-38,155,65,74
48,57,13,0,-38,155,65,79
48,58,16,0,-48,160,65,79
48,59,22,1,-48,165,55,79
48,60,26,1,-38,165,50,79
48,61,15,1,-38,170,50,79
48,62,6,1,-46,170,50,84
48,63,1,0,-36,170,35,84
48,64,12,0,-41,180,35,84
48,65,5,1,-36,180,25,84
48,66,13,0,-36,180,25,89
48,67,9,0,-41,180,25,94
48,68,43,1,-41,180,30,79
48,69,22,0,-46,180,35,79
48,70,12,0,-51,190,35,79
48,71,3,0,-36,190,30,79
48,72,2,1,-31,190,20,79
48,73,26,1,-21,190,15,79
48,74,16,1,-21,190,5,79
48,75,1,0,-11,190,-10,79
48,76,27,1,-11,195,-15,79
48,77,20,0,-16,195,0,79
48,78,28,1,-6,195,0,79
48,79,29,1,-6,210,-20,79
48,80,23,1,4,210,-25,79
48,81,13,1,9,215,-25,79
48,82,45,0,9,215,-25,84
48,83,7,0,-6,220,-25,84
48,84,32,1,-6,210,-10,84
48,85,3,0,9,210,-15,84
48,86,11,0,4,210,-15,86
48,87,22,1,4,215,-25,86
48,88,23,0,-1,205,-25,91
48,89,17,0,-21,215,-25,91
48,90,19,1,-6,215,-25,91
48,91,13,1,-1,220,-25,91
48,92,28,0,-11,220,-15,91
48,93,45,0,-11,220,-15,96
48,94,18,1,-1,220,-15,96
48,95,9,1,4,220,-15,96
48,96,23,1,14,220,-20,96
48,97,33,0,44,220,-20,96
48,98,26,1,54,220,-25,96
48,99,10,0,49,225,-25,96
49,0,31,0,50,55,40,50
49,1,23,0,45,45,40,55
49,2,45,1,45,50,40,55
49,3,13,0,45,50,40,60
49,4,32,1,45,40,55,60
49,5,21,1,45,45,40,60
49,6,2,0,35,45,45,60
49,7,14,1,35,50,45,60
49,8,20,0,30,50,60,60
49,9,40,0,30,60,50,60
49,10,4,1,40,60,50,55
49,11,1,1,32,60,55,55
49,12,11,0,27,60,55,57
49,13,16,1,27,60,45,57
49,14,46,1,32,60,45,52
49,15,3,0,47,60,40,52
49,16,20,0,42,60,55,52
49,17,13,0,42,60,55,57
49,18,48,0,32,60,55,62
49,19,23,0,27,50,55,67
49,20,3,1,20,50,55,72
49,21,1,0,30,50,40,72
49,22,8,0,30,55,30,72
49,23,16,1,30,55,20,72
49,24,41,1,35,45,20,72
49,25,11,0,30,45,20,74
49,26,22,1,30,50,10,74
49,27,38,1,35,50,10,74
49,28,33,0,65,50,10,74
49,29,13,1,70,55,10,74
49,30,34,1,85,55,10,74
49,31,14,1,85,60,10,74
49,32,15,1,85,65,10,74
49,33,39,0,78,70,10,74
49,34,7,0,63,75,10,74
49,35,26,0,58,75,10,79
49,36,21,1,58,80,-5,79
49,37,4,0,43,85,-5,79
49,38,15,1,43,90,-5,79
49,39,1,1,35,90,0,79
49,40,25,1,35,95,-10,79
49,41,45,0,35,95,-10,84
49,42,10,1,55,95,-20,84
49,43,24,0,50,95,-15,84
49,44,57,1,50,100,-15,84
49,45,25,1,50,105,-25,84
49,46,11,1,55,105,-25,84
49,47,41,0,45,115,-25,84
49,48,45,1,45,120,-25,84
49,49,22,1,45,125,-35,84
49,50,4,1,55,125,-35,79
49,51,40,1,55,115,-25,79
49,52,10,1,75,115,-35,79
49,53,20,0,70,115,-20,79
49,54,12,1,75,115,-20,79
49,55,37,1,85,115,-20,79
49,56,11,1,90,115,-20,79
49,57,15,1,90,120,-20,79
49,58,10,0,85,125,-20,79
49,59,4,0,70,130,-20,79
49,60,16,0,60,135,-20,79
49,61,27,1,60,140,-25,79
49,62,39,1,65,140,-25,74
49,63,43,1,65,140,-20,59
49,64,15,0,85,135,-20,59
49,65,11,1,90,135,-20,59
49,66,38,1,95,135,-20,59
49,67,5,1,100,135,-30,59
49,68,23,1,110,135,-35,59
49,69,8,1,100,135,-35,64
49,70,40,0,100,145,-45,64
49,71,42,0,92,145,-45,74
49,72,14,1,92,150,-45,74
49,73,20,0,87,150,-30,74
49,74,4,1,97,150,-30,69
49,75,25,1,97,155,-40,69
49,76,5,1,102,155,-50,69
49,77,1,1,94,155,-45,69
49,78,41,1,99,145,-45,69
49,79,45,1,99,150,-45,69
49,80,29,1,99,165,-65,69
49,81,16,1,99,165,-75,69
49,82,2,0,89,165,-70,69
49,83,58,1,89,170,-70,69
49,84,37,1,99,170,-70,69
49,85,21,1,99,175,-85,69
49,86,26,1,109,175,-90,69
49,87,46,1,114,175,-90,64
49,88,10,0,109,180,-90,64
49,89,39,0,102,185,-90,64
49,90,14,1,102,190,-90,64
49,91,25,1,102,195,-100,64
49,92,59,0,102,195,-110,69
49,93,12,0,97,205,-110,69
49,94,10,1,117,205,-120,69
49,95,22,1,117,210,-130,69
49,96,60,0,147,210,-130,69
49,97,5,0,142,210,-125,69
49,98,15,1,142,215,-125,69
49,99,36,0,142,210,-125,71
50,0,1,0,60,50,35,50
50,1,2,0,50,50,40,50
50,2,10,1,70,50,30,50
50,3,3,1,63,50,30,55
50,4,9,0,58,50,30,60
50,5,6,1,50,50,30,65
50,6,40,0,50,60,20,65
50,7,28,0,40,60,30,65
50,8,4,1,50,60,30,60
50,9,37,0,38,70,30,60
50,10,48,0,28,70,30,65
50,11,1,0,38,70,15,65
50,12,2,1,43,70,5,65
50,13,41,0,33,80,5,65
50,14,20,1,33,85,-10,65
50,15,6,1,25,85,-10,70
50,16,9,0,20,85,-10,75
50,17,1,1,12,85,-5,75
50,18,21,0,7,85,10,75
50,19,42,1,7,90,10,75
50,20,15,1,7,95,10,75
50,21,41,0,-3,105,10,75
50,22,24,1,2,105,10,75
50,23,26,1,12,105,5,75
50,24,16,1,12,105,-5,75
50,25,46,0,5,105,-5,80
50,26,30,1,5,105,5,80
50,27,48,1,5,110,5,70
50,28,25,0,5,105,15,70
50,29,16,0,-5,110,15,70
50,30,14,0,-5,110,15,75
50,31,26,0,-10,110,15,80
50,32,12,1,-5,110,15,80
50,33,10,1,15,110,5,80
50,34,2,0,5,110,10,80
50,35,44,0,5,110,20,85
50,36,21,0,0,110,35,85
50,37,9,1,5,110,35,85
50,38,24,0,0,110,40,85
50,39,5,0,-5,110,45,85
50,40,31,1,-5,110,55,85
50,41,18,0,-30,110,55,95
50,42,12,1,-25,110,55,95
50,43,39,0,-32,115,55,95
50,44,40,0,-32,125,45,95
50,45,26,1,-22,125,40,95
50,46,7,1,-17,125,40,90
50,47,8,0,-17,130,30,90
50,48,23,0,-22,120,30,95
50,49,32,0,-22,125,15,95
50,50,57,0,-32,125,15,100
50,51,15,1,-32,130,15,100
50,52,58,1,-32,135,15,100
50,53,26,0,-37,135,15,105
50,54,59,0,-37,135,5,110
50,55,4,1,-27,135,5,105
50,56,20,1,-27,140,-10,105
50,57,21,0,-32,140,5,105
50,58,9,0,-37,140,5,110
50,59,28,1,-27,140,5,110
50,60,13,0,-27,140,5,115
50,61,26,1,-17,140,0,115
50,62,12,0,-22,150,0,115
50,63,20,1,-22,155,-15,115
50,64,23,0,-27,145,-15,120
50,65,3,1,-34,145,-15,125
50,66,46,0,-41,145,-15,130
50,67,48,0,-51,145,-15,135
50,68,33,1,-51,150,-15,135
50,69,23,0,-56,140,-15,140
50,70,7,1,-51,140,-15,135
50,71,14,1,-51,145,-15,135
50,72,29,1,-51,160,-35,135
50,73,2,1,-46,160,-45,135
50,74,23,0,-51,150,-45,140
50,75,22,0,-56,150,-40,140
50,76,8,1,-66,150,-40,145
50,77,41,1,-61,140,-40,145
50,78,15,0,-41,135,-40,145
50,79,21,0,-46,135,-25,145
50,80,37,0,-58,145,-25,145
50,81,25,1,-58,150,-35,145
50,82,2,1,-53,150,-45,145
50,83,45,1,-53,155,-45,145
50,84,10,1,-33,155,-55,145
50,85,36,0,-33,150,-55,147
50,86,40,1,-33,140,-45,147
50,87,3,1,-40,140,-45,152
50,88,38,1,-35,140,-45,152
50,89,48,0,-45,140,-45,157
50,90,28,1,-35,140,-45,157
50,91,8,1,-45,140,-45,162
50,92,30,1,-45,140,-35,162
50,93,42,1,-45,145,-35,162
50,94,45,0,-45,145,-35,167
50,95,44,0,-45,145,-25,172
50,96,25,0,-45,140,-15,172
50,97,8,1,-55,140,-15,177
50,98,5,0,-60,140,-10,177
50,99,48,0,-70,140,-10,182
51,0,7,1,55,50,50,45
51,1,21,1,55,55,35,45
51,2,20,1,55,60,20,45
51,3,15,0,75,55,20,45
51,4,41,1,80,45,20,45
51,5,13,0,80,45,20,50
51,6,16,1,80,45,10,50
51,7,37,1,90,45,10,50
51,8,4,0,75,50,10,50
51,9,9,1,80,50,10,50
51,10,11,0,75,50,10,52
51,11,15,1,75,55,10,52
51,12,22,0,70,55,15,52
51,13,25,0,70,50,25,52
51,14,2,1,75,50,15,52
51,15,1,0,85,50,0,52
51,16,15,0,105,45,0,52
51,17,9,0,100,45,0,57
51,18,25,0,100,40,10,57
51,19,18,1,110,40,10,57
51,20,28,1,120,40,10,57
51,21,42,1,120,45,10,57
51,22,29,0,110,45,15,57
51,23,48,0,100,45,15,62
51,24,20,0,95,45,30,62
51,25,44,0,95,45,40,67
51,26,10,1,115,45,30,67
51,27,16,1,115,45,20,67
51,28,14,0,115,45,20,72
51,29,20,0,110,45,35,72
51,30,38,0,105,50,35,72
51,31,4,0,90,55,35,72
51,32,21,0,85,55,50,72
51,33,47,1,85,55,50,87
51,34,2,1,90,55,40,87
51,35,16,1,90,55,30,87
51,36,24,1,95,55,30,87
51,37,7,0,80,60,30,87
51,38,25,0,80,55,40,87
51,39,2,1,85,55,30,87
51,40,31,1,85,55,40,87
51,41,16,1,85,55,30,87
51,42,32,1,85,45,45,87
51,43,15,0,105,40,45,87
51,44,20,0,100,40,60,87
51,45,7,1,105,40,60,82
51,46,22,1,105,45,50,82
51,47,44,1,110,45,50,82
51,48,13,1,115,50,50,82
51,49,6,0,125,50,45,82
51,50,24,0,120,50,50,82
51,51,36,1,120,55,50,77
51,52,7,0,105,60,50,77
51,53,4,0,90,65,50,77
51,54,14,0,90,65,50,82
51,55,37,1,100,65,50,82
51,56,26,0,95,65,50,87
51,57,6,1,87,65,50,92
51,58,3,1,80,65,50,97
51,59,33,1,80,70,50,97
51,60,37,1,90,70,50,97
51,61,47,1,90,70,50,112
51,62,21,1,90,75,35,112
51,63,28,1,100,75,35,112
51,64,15,1,100,80,35,112
51,65,57,0,90,80,35,117
51,66,12,0,85,90,35,117
51,67,16,1,85,90,25,117
51,68,1,1,77,90,30,117
51,69,18,1,87,90,30,117
51,70,44,0,87,90,40,122
51,71,14,1,87,95,40,122
51,72,25,1,87,100,30,122
51,73,39,0,80,105,30,122
51,74,2,0,70,105,35,122
51,75,30,0,70,105,25,132
51,76,10,0,65,110,25,132
51,77,5,0,60,110,30,132
51,78,24,0,55,110,35,132
51,79,46,0,48,110,35,137
51,80,3,0,63,110,30,137
51,81,6,0,73,110,25,137
51,82,4,0,58,115,25,137
51,83,15,0,78,110,25,137
51,84,25,1,78,115,15,137
51,85,58,0,78,105,15,137
51,86,20,0,73,105,30,137
51,87,2,0,63,105,35,137
51,88,9,0,58,105,35,142
51,89,34,0,58,90,50,142
51,90,26,0,53,90,50,147
51,91,38,1,58,90,50,147
51,92,11,1,63,90,50,147
51,93,16,1,63,90,40,147
51,94,59,0,63,90,30,152
51,95,60,1,63,100,30,152
51,96,10,1,83,100,20,152
51,97,13,0,83,100,20,157
51,98,22,1,83,105,10,157
51,99,41,0,73,115,10,157
52,0,14,1,50,55,50,50
52,1,49,0,50,55,50,55
52,2,3,0,65,55,45,55
52,3,10,0,60,60,45,55
52,4,15,0,80,55,45,55
52,5,25,1,80,60,35,55
52,6,9,1,85,60,35,55
52,7,8,1,75,60,35,60
52,8,20,0,70,60,50,60
52,9,7,0,55,65,50,60
52,10,25,1,55,70,40,60
52,11,17,1,40,70,50,60
52,12,12,0,35,80,50,60
52,13,26,0,30,80,50,65
52,14,40,1,30,70,60,65
52,15,20,1,30,75,45,65
52,16,9,1,35,75,45,65
52,17,50,0,35,85,45,65
52,18,37,0,23,95,45,65
52,19,21,0,18,95,60,65
52,20,46,0,11,95,60,70
52,21,1,0,21,95,45,70
52,22,8,1,11,95,45,75
52,23,12,0,6,105,45,75
52,24,25,0,6,100,55,75
52,25,43,1,6,100,60,60
52,26,36,0,6,95,60,62
52,27,24,0,1,95,65,62
52,28,11,0,-4,95,65,64
52,29,28,1,6,95,65,64
52,30,38,1,11,95,65,64
52,31,41,0,1,105,65,64
52,32,4,0,-14,110,65,64
52,33,37,0,-26,120,65,64
52,34,20,0,-31,120,80,64
52,35,23,0,-36,110,80,69
52,36,1,1,-44,110,85,69
52,37,5,1,-39,110,75,69
52,38,10,0,-44,115,75,69
52,39,45,0,-44,115,75,74
52,40,40,0,-44,125,65,74
52,41,42,1,-44,130,65,74
52,42,41,1,-39,120,65,74
52,43,6,1,-47,120,65,79
52,44,23,1,-37,120,60,79
52,45,9,0,-42,120,60,84
52,46,2,1,-37,120,50,84
52,47,39,0,-44,125,50,84
52,48,6,1,-52,125,50,89
52,49,3,1,-59,125,50,94
52,50,18,1,-49,125,50,94
52,51,5,1,-44,125,40,94
52,52,16,1,-44,125,30,94
52,53,28,0,-54,125,40,94
52,54,25,1,-54,130,30,94
52,55,14,0,-54,130,30,99
52,56,20,0,-59,130,45,99
52,57,26,0,-64,130,45,104
52,58,1,0,-54,130,30,104
52,59,5,0,-59,130,35,104
52,60,16,0,-69,135,35,104
52,61,46,1,-64,135,35,99
52,62,51,0,-64,115,35,109
52,63,23,1,-54,115,30,109
52,64,41,0,-64,125,30,109
52,65,16,1,-64,125,20,109
52,66,29,1,-64,140,0,109
52,67,1,0,-54,140,-15,109
52,68,42,0,-62,140,-15,119
52,69,4,1,-52,140,-15,114
52,70,28,1,-42,140,-15,114
52,71,7,1,-37,140,-15,109
52,72,44,0,-37,140,-5,114
52,73,3,1,-44,140,-5,119
52,74,20,0,-49,140,10,119
52,75,52,0,-29,130,10,119
52,76,22,0,-34,130,15,119
52,77,28,1,-24,130,15,119
52,78,46,0,-31,130,15,124
52,79,25,1,-31,135,5,124
52,80,26,0,-36,135,5,129
52,81,22,0,-41,135,10,129
52,82,38,0,-46,140,10,129
52,83,15,0,-26,135,10,129
52,84,20,1,-26,140,-5,129
52,85,9,1,-21,140,-5,129
52,86,57,0,-31,140,-5,134
52,87,53,0,-31,155,-20,134
52,88,46,0,-38,155,-20,139
52,89,16,0,-48,160,-20,139
52,90,29,1,-48,175,-40,139
52,91,48,1,-48,180,-40,129
52,92,31,0,-48,185,-50,129
52,93,47,1,-48,185,-50,144
52,94,12,1,-43,185,-50,144
52,95,2,1,-38,185,-60,144
52,96,15,0,-18,180,-60,144
52,97,48,0,-28,180,-60,149
52,98,6,0,-18,180,-65,149
52,99,41,0,-28,190,-65,149
53,0,36,1,50,55,50,45
53,1,22,0,45,55,55,45
53,2,21,0,40,55,70,45
53,3,1,1,32,55,75,45
53,4,49,0,32,55,75,50
53,5,50,0,32,65,75,50
53,6,23,1,42,65,70,50
53,7,3,0,57,65,65,50
53,8,16,1,57,65,55,50
53,9,36,0,57,60,55,52
53,10,38,0,52,65,55,52
53,11,5,1,57,65,45,52
53,12,9,0,52,65,45,57
53,13,25,0,52,60,55,57
53,14,14,0,52,60,55,62
53,15,29,0,42,60,60,62
53,16,19,1,57,60,60,62
53,17,10,0,52,65,60,62
53,18,30,0,52,65,50,72
53,19,4,1,62,65,50,67
53,20,14,1,62,70,50,67
53,21,36,0,62,65,50,69
53,22,43,1,62,65,55,54
53,23,45,1,62,70,55,54
53,24,3,1,55,70,55,59
53,25,8,1,45,70,55,64
53,26,9,1,50,70,55,64
53,27,29,1,50,85,35,64
53,28,10,1,70,85,25,64
53,29,38,0,65,90,25,64
53,30,13,0,65,90,25,69
53,31,25,1,65,95,15,69
53,32,4,0,50,100,15,69
53,33,29,0,40,100,20,69
53,34,57,1,40,105,20,69
53,35,9,1,45,105,20,69
53,36,2,1,50,105,10,69
53,37,58,1,50,110,10,69
53,38,20,1,50,115,-5,69
53,39,13,1,55,120,-5,69
53,40,15,0,75,115,-5,69
53,41,4,0,60,120,-5,69
53,42,44,0,60,120,5,74
53,43,11,1,65,120,5,74
53,44,5,1,70,120,-5,74
53,45,42,0,62,120,-5,84
53,46,9,1,67,120,-5,84
53,47,36,1,67,125,-5,79
53,48,12,0,62,135,-5,79
53,49,38,1,67,135,-5,79
53,50,16,1,67,135,-15,79
53,51,26,0,62,135,-15,84
53,52,46,1,67,135,-15,79
53,53,1,1,59,135,-10,79
53,54,10,0,54,140,-10,79
53,55,7,1,59,140,-10,74
53,56,14,1,59,145,-10,74
53,57,43,0,79,145,-20,74
53,58,15,1,79,150,-20,74
53,59,23,1,89,150,-25,74
53,60,10,0,84,155,-25,74
53,61,9,0,79,155,-25,79
53,62,22,1,79,160,-35,79
53,63,12,0,74,170,-35,79
53,64,39,0,67,175,-35,79
53,65,2,1,72,175,-45,79
53,66,31,1,72,175,-35,79
53,67,43,1,72,175,-30,64
53,68,44,0,72,175,-20,69
53,69,41,1,77,165,-20,69
53,70,2,1,82,165,-30,69
53,71,6,1,74,165,-30,74
53,72,4,0,59,170,-30,74
53,73,15,1,59,175,-30,74
53,74,38,1,64,175,-30,74
53,75,28,1,74,175,-30,74
53,76,37,0,62,185,-30,74
53,77,5,0,57,185,-25,74
53,78,44,1,62,185,-25,74
53,79,12,1,67,185,-25,74
53,80,41,1,72,175,-25,74
53,81,22,1,72,180,-35,74
53,82,1,1,64,180,-30,74
53,83,26,0,59,180,-30,79
53,84,20,1,59,185,-45,79
53,85,5,1,64,185,-55,79
53,86,6,0,74,185,-60,79
53,87,40,0,74,195,-70,79
53,88,25,0,74,190,-60,79
53,89,9,1,79,190,-60,79
53,90,32,0,79,195,-75,79
53,91,15,0,99,190,-75,79
53,92,11,1,104,190,-75,79
53,93,48,0,94,190,-75,84
53,94,4,0,79,195,-75,84
53,95,3,0,94,195,-80,84
53,96,36,0,94,190,-80,86
53,97,45,0,94,190,-80,91
53,98,1,1,86,190,-75,91
53,99,13,1,91,195,-75,91
54,0,48,0,40,50,50,55
54,1,23,1,50,50,45,55
54,2,9,0,45,50,45,60
54,3,6,1,37,50,45,65
54,4,13,0,37,50,45,70
54,5,49,1,37,55,45,70
54,6,25,1,37,60,35,70
54,7,26,1,47,60,30,70
54,8,18,1,57,60,30,70
54,9,22,1,57,65,20,70
54,10,11,1,62,65,20,70
54,11,3,0,77,65,15,70
54,12,15,0,97,60,15,70
54,13,45,1,97,65,15,70
54,14,12,1,102,65,15,70
54,15,16,1,102,65,5,70
54,16,31,0,102,70,-5,70
54,17,5,0,97,70,0,70
54,18,17,1,82,70,10,70
54,19,20,1,82,75,-5,70
54,20,11,0,77,75,-5,72
54,21,32,1,77,65,10,72
54,22,33,1,77,70,10,72
54,23,10,1,97,70,0,72
54,24,2,1,102,70,-10,72
54,25,23,1,112,70,-15,72
54,26,44,0,112,70,-5,77
54,27,14,0,112,70,-5,82
54,28,15,0,132,65,-5,82
54,29,36,0,132,60,-5,84
54,30,20,0,127,60,10,84
54,31,7,1,132,60,10,79
54,32,10,0,127,65,10,79
54,33,15,1,127,70,10,79
54,34,40,1,127,60,20,79
54,35,22,0,122,60,25,79
54,36,16,1,122,60,15,79
54,37,11,1,127,60,15,79
54,38,10,0,122,65,15,79
54,39,40,0,122,75,5,79
54,40,6,1,114,75,5,84
54,41,5,1,119,75,-5,84
54,42,24,1,124,75,-5,84
54,43,45,1,124,80,-5,84
54,44,12,1,129,80,-5,84
54,45,26,0,124,80,-5,89
54,46,7,0,109,85,-5,89
54,47,22,1,109,90,-15,89
54,48,10,1,129,90,-25,89
54,49,44,0,129,90,-15,94
54,50,48,1,129,95,-15,84
54,51,14,1,129,100,-15,84
54,52,47,0,154,100,-15,84
54,53,34,1,169,100,-15,84
54,54,2,1,174,100,-25,84
54,55,22,0,169,100,-20,84
54,56,16,0,159,105,-20,84
54,57,12,0,154,115,-20,84
54,58,24,1,159,115,-20,84
54,59,18,0,134,115,-20,94
54,60,35,1,134,105,-10,94
54,61,6,1,126,105,-10,99
54,62,5,1,131,105,-20,99
54,63,3,0,146,105,-25,99
54,64,12,1,151,105,-25,99
54,65,10,0,146,110,-25,99
54,66,22,0,141,110,-20,99
54,67,18,0,116,110,-20,109
54,68,17,0,96,120,-20,109
54,69,11,0,91,120,-20,111
54,70,25,1,91,125,-30,111
54,71,37,1,101,125,-30,111
54,72,4,0,86,130,-30,111
54,73,2,1,91,130,-40,111
54,74,15,1,91,135,-40,111
54,75,1,0,101,135,-55,111
54,76,5,0,96,135,-50,111
54,77,38,1,101,135,-50,111
54,78,26,1,111,135,-55,111
54,79,28,1,121,135,-55,111
54,80,37,0,109,145,-55,111
54,81,20,1,109,150,-70,111
54,82,48,0,99,150,-70,116
54,83,23,1,109,150,-75,116
54,84,47,1,109,150,-75,131
54,85,9,1,114,150,-75,131
54,86,26,0,109,150,-75,136
54,87,12,0,104,160,-75,136
54,88,11,0,99,160,-75,138
54,89,17,1,84,160,-65,138
54,90,7,1,89,160,-65,133
54,91,22,0,84,160,-60,133
54,92,26,0,79,160,-60,138
54,93,5,1,84,160,-70,138
54,94,48,0,74,160,-70,143
54,95,11,1,79,160,-70,143
54,96,2,0,69,160,-65,143
54,97,24,1,74,160,-65,143
54,98,4,1,84,160,-65,138
54,99,42,1,84,165,-65,138
55,0,39,1,55,50,50,45
55,1,41,0,45,60,50,45
55,2,37,0,33,70,50,45
55,3,10,0,28,75,50,45
55,4,43,1,28,75,55,30
55,5,4,0,13,80,55,30
55,6,57,1,13,85,55,30
55,7,16,1,13,85,45,30
55,8,14,1,13,90,45,30
55,9,15,1,13,95,45,30
55,10,46,1,18,95,45,25
55,11,23,1,28,95,40,25
55,12,6,1,20,95,40,30
55,13,20,0,15,95,55,30
55,14,29,0,5,95,60,30
55,15,27,0,15,80,60,30
55,16,31,1,15,80,70,30
55,17,14,1,15,85,70,30
55,18,10,1,35,85,60,30
55,19,5,0,30,85,65,30
55,20,38,1,35,85,65,30
55,21,32,1,35,75,80,30
55,22,39,0,28,80,80,30
55,23,58,1,28,85,80,30
55,24,14,0,28,85,80,35
55,25,33,0,58,85,80,35
55,26,41,1,63,75,80,35
55,27,20,1,63,80,65,35
55,28,5,0,58,80,70,35
55,29,10,0,53,85,70,35
55,30,24,0,48,85,75,35
55,31,2,0,38,85,80,35
55,32,12,1,43,85,80,35
55,33,59,0,43,85,70,40
55,34,43,1,43,85,75,25
55,35,14,1,43,90,75,25
55,36,11,0,38,90,75,27
55,37,4,1,48,90,75,22
55,38,13,1,53,95,75,22
55,39,22,1,53,100,65,22
55,40,30,0,53,100,55,32
55,41,48,1,53,105,55,22
55,42,41,1,58,95,55,22
55,43,13,0,58,95,55,27
55,44,2,1,63,95,45,27
55,45,4,1,73,95,45,22
55,46,11,0,68,95,45,24
55,47,9,0,63,95,45,29
55,48,27,1,63,100,40,29
55,49,6,0,73,100,35,29
55,50,47,0,98,100,35,29
55,51,1,1,90,100,40,29
55,52,13,1,95,105,40,29
55,53,60,0,125,105,40,29
55,54,23,1,135,105,35,29
55,55,5,0,130,105,40,29
55,56,3,1,123,105,40,34
55,57,38,1,128,105,40,34
55,58,26,1,138,105,35,34
55,59,14,0,138,105,35,39
55,60,61,0,138,105,55,39
55,61,16,0,128,110,55,39
55,62,27,0,138,95,55,39
55,63,12,0,133,105,55,39
55,64,3,0,148,105,50,39
55,65,34,1,163,105,50,39
55,66,8,0,163,110,40,39
55,67,17,1,148,110,50,39
55,68,9,0,143,110,50,44
55,69,5,1,148,110,40,44
55,70,6,0,158,110,35,44
55,71,13,1,163,115,35,44
55,72,48,0,153,115,35,49
55,73,14,1,153,120,35,49
55,74,35,1,153,110,45,49
55,75,44,0,153,110,55,54
55,76,11,0,148,110,55,56
55,77,62,1,118,130,55,56
55,78,13,0,118,130,55,61
55,79,46,0,111,130,55,66
55,80,47,0,136,130,55,66
55,81,5,1,141,130,45,66
55,82,12,0,136,140,45,66
55,83,21,0,131,140,60,66
55,84,45,1,131,145,60,66
55,85,40,0,131,155,50,66
55,86,38,0,126,160,50,66
55,87,14,1,126,165,50,66
55,88,10,0,121,170,50,66
55,89,20,0,116,170,65,66
55,90,3,1,109,170,65,71
55,91,48,0,99,170,65,76
55,92,40,0,99,180,55,76
55,93,11,0,94,180,55,78
55,94,5,1,99,180,45,78
55,95,3,1,92,180,45,83
55,96,4,1,102,180,45,78
55,97,28,0,92,180,55,78
55,98,12,1,97,180,55,78
55,99,27,1,97,185,50,78
56,0,23,1,60,50,45,50
56,1,12,0,55,60,45,50
56,2,20,1,55,65,30,50
56,3,11,1,60,65,30,50
56,4,4,0,45,70,30,50
56,5,9,1,50,70,30,50
56,6,49,1,50,75,30,50
56,7,40,0,50,85,20,50
56,8,5,0,45,85,25,50
56,9,41,0,35,95,25,50
56,10,13,1,40,100,25,50
56,11,20,0,35,100,40,50
56,12,38,0,30,105,40,50
56,13,5,0,25,105,45,50
56,14,18,1,35,105,45,50
56,15,11,1,40,105,45,50
56,16,15,1,40,110,45,50
56,17,44,1,45,110,45,50
56,18,22,1,45,115,35,50
56,19,13,0,45,115,35,55
56,20,14,0,45,115,35,60
56,21,12,0,40,125,35,60
56,22,8,0,40,130,25,60
56,23,26,0,35,130,25,65
56,24,48,0,25,130,25,70
56,25,16,1,25,130,15,70
56,26,13,0,25,130,15,75
56,27,43,1,25,130,20,60
56,28,31,1,25,130,30,60
56,29,20,0,20,130,45,60
56,30,11,0,15,130,45,62
56,31,28,0,5,130,55,62
56,32,1,0,15,130,40,62
56,33,26,0,10,130,40,67
56,34,12,0,5,140,40,67
56,35,25,0,5,135,50,67
56,36,16,1,5,135,40,67
56,37,28,0,-5,135,50,67
56,38,23,0,-10,125,50,72
56,39,4,1,0,125,50,67
56,40,7,0,-15,130,50,67
56,41,32,0,-15,135,35,67
56,42,11,1,-10,135,35,67
56,43,20,0,-15,135,50,67
56,44,10,0,-20,140,50,67
56,45,29,0,-30,140,55,67
56,46,4,0,-45,145,55,67
56,47,9,1,-40,145,55,67
56,48,15,1,-40,150,55,67
56,49,45,0,-40,150,55,72
56,50,48,0,-50,150,55,77
56,51,33,1,-50,155,55,77
56,52,46,1,-45,155,55,72
56,53,13,1,-40,160,55,72
56,54,23,0,-45,150,55,77
56,55,20,0,-50,150,70,77
56,56,26,1,-40,150,65,77
56,57,15,1,-40,155,65,77
56,58,11,0,-45,155,65,79
56,59,37,0,-57,165,65,79
56,60,1,0,-47,165,50,79
56,61,20,0,-52,165,65,79
56,62,39,0,-59,170,65,79
56,63,40,0,-59,180,55,79
56,64,30,1,-59,180,65,79
56,65,10,0,-64,185,65,79
56,66,26,1,-54,185,60,79
56,67,17,1,-69,185,70,79
56,68,23,0,-74,175,70,84
56,69,44,1,-69,175,70,84
56,70,3,0,-54,175,65,84
56,71,14,1,-54,180,65,84
56,72,5,1,-49,180,55,84
56,73,22,0,-54,180,60,84
56,74,4,0,-69,185,60,84
56,75,16,0,-79,190,60,84
56,76,19,1,-64,190,60,84
56,77,5,1,-59,190,50,84
56,78,23,1,-49,190,45,84
56,79,21,0,-54,190,60,84
56,80,1,0,-44,190,45,84
56,81,22,1,-44,195,35,84
56,82,57,0,-54,195,35,89
56,83,17,0,-74,205,35,89
56,84,12,0,-79,215,35,89
56,85,10,1,-59,215,25,89
56,86,13,0,-59,215,25,94
56,87,16,0,-69,220,25,94
56,88,48,0,-79,220,25,99
56,89,36,0,-79,215,25,101
56,90,4,1,-69,215,25,96
56,91,2,1,-64,215,15,96
56,92,1,0,-54,215,0,96
56,93,16,0,-64,220,0,96
56,94,24,1,-59,220,0,96
56,95,11,1,-54,220,0,96
56,96,21,0,-59,220,15,96
56,97,10,1,-39,220,5,96
56,98,2,0,-49,220,10,96
56,99,25,1,-49,225,0,96
57,0,2,1,55,50,40,50
57,1,31,1,55,50,50,50
57,2,13,1,60,55,50,50
57,3,6,0,70,55,45,50
57,4,37,1,80,55,45,50
57,5,4,0,65,60,45,50
57,6,49,1,65,65,45,50
57,7,46,1,70,65,45,45
57,8,22,1,70,70,35,45
57,9,11,0,65,70,35,47
57,10,8,1,55,70,35,52
57,11,18,1,65,70,35,52
57,12,32,1,65,60,50,52
57,13,10,1,85,60,40,52
57,14,11,1,90,60,40,52
57,15,3,0,105,60,35,52
57,16,2,1,110,60,25,52
57,17,24,1,115,60,25,52
57,18,41,0,105,70,25,52
57,19,30,1,105,70,35,52
57,20,33,0,135,70,35,52
57,21,3,1,128,70,35,57
57,22,42,0,120,70,35,67
57,23,47,1,120,70,35,82
57,24,43,1,120,70,40,67
57,25,25,1,120,75,30,67
57,26,38,0,115,80,30,67
57,27,16,0,105,85,30,67
57,28,47,1,105,85,30,82
57,29,10,1,125,85,20,82
57,30,12,0,120,95,20,82
57,31,38,0,115,100,20,82
57,32,15,1,115,105,20,82
57,33,7,0,100,110,20,82
57,34,29,0,90,110,25,82
57,35,8,1,80,110,25,87
57,36,30,0,80,110,15,97
57,37,43,1,80,110,20,82
57,38,26,0,75,110,20,87
57,39,12,1,80,110,20,87
57,40,7,1,85,110,20,82
57,41,14,1,85,115,20,82
57,42,48,1,85,120,20,72
57,43,45,1,85,125,20,72
57,44,11,0,80,125,20,74
57,45,6,0,90,125,15,74
57,46,25,1,90,130,5,74
57,47,26,0,85,130,5,79
57,48,34,0,85,115,20,79
57,49,39,1,90,115,20,74
57,50,21,0,85,115,35,74
57,51,45,1,85,120,35,74
57,52,5,0,80,120,40,74
57,53,1,1,72,120,45,74
57,54,9,1,77,120,45,74
57,55,18,1,87,120,45,74
57,56,14,0,87,120,45,79
57,57,7,0,72,125,45,79
57,58,57,0,62,125,45,84
57,59,2,1,67,125,35,84
57,60,29,1,67,140,15,84
57,61,9,1,72,140,15,84
57,62,46,0,65,140,15,89
57,63,27,1,65,145,10,89
57,64,3,0,80,145,5,89
57,65,37,1,90,145,5,89
57,66,22,0,85,145,10,89
57,67,10,0,80,150,10,89
57,68,35,0,80,158,-5,89
57,69,27,1,80,163,-10,89
57,70,38,0,75,168,-10,89
57,71,42,1,75,173,-10,89
57,72,40,0,75,183,-20,89
57,73,36,0,75,178,-20,91
57,74,14,1,75,183,-20,91
57,75,2,0,65,183,-15,91
57,76,4,1,75,183,-15,86
57,77,1,0,85,183,-30,86
57,78,27,0,95,168,-30,86
57,79,18,0,70,168,-30,96
57,80,25,0,70,163,-20,96
57,81,26,0,65,163,-20,101
57,82,22,1,65,168,-30,101
57,83,23,1,75,168,-35,101
57,84,36,1,75,173,-35,96
57,85,25,0,75,168,-25,96
57,86,4,1,85,168,-25,91
57,87,11,1,90,168,-25,91
57,88,7,1,95,168,-25,86
57,89,37,0,83,178,-25,86
57,90,41,0,73,188,-25,86
57,91,15,0,93,183,-25,86
57,92,1,0,103,183,-40,86
57,93,23,1,113,183,-45,86
57,94,9,1,118,183,-45,86
57,95,4,0,103,188,-45,86
57,96,21,1,103,193,-60,86
57,97,22,1,103,198,-70,86
57,98,26,0,98,198,-70,91
57,99,5,1,103,198,-80,91
58,0,3,0,65,50,45,50
58,1,21,0,60,50,60,50
58,2,2,1,65,50,50,50
58,3,11,1,70,50,50,50
58,4,22,1,70,55,40,50
58,5,57,1,70,60,40,50
58,6,44,1,75,60,40,50
58,7,20,1,75,65,25,50
58,8,4,0,60,70,25,50
58,9,22,0,55,70,30,50
58,10,31,1,55,70,40,50
58,11,1,1,47,70,45,50
58,12,26,1,57,70,40,50
58,13,47,0,82,70,40,50
58,14,13,0,82,70,40,55
58,15,37,0,70,80,40,55
58,16,8,0,70,85,30,55
58,17,21,1,70,90,15,55
58,18,3,0,85,90,10,55
58,19,20,0,80,90,25,55
58,20,42,1,80,95,25,55
58,21,58,1,80,100,25,55
58,22,7,1,85,100,25,50
58,23,4,0,70,105,25,50
58,24,59,0,70,105,15,55
58,25,40,0,70,115,5,55
58,26,60,1,70,125,5,55
58,27,41,1,75,115,5,55
58,28,1,0,85,115,-10,55
58,29,38,0,80,120,-10,55
58,30,20,0,75,120,5,55
58,31,61,0,75,120,25,55
58,32,13,1,80,125,25,55
58,33,14,1,80,130,25,55
58,34,25,1,80,135,15,55
58,35,12,1,85,135,15,55
58,36,28,1,95,135,15,55
58,37,27,1,95,140,10,55
58,38,23,0,90,130,10,60
58,39,36,1,90,135,10,55
58,40,62,0,90,135,10,55
58,41,32,1,90,125,25,55
58,42,3,1,83,125,25,60
58,43,11,1,88,125,25,60
58,44,23,1,98,125,20,60
58,45,16,1,98,125,10,60
58,46,17,0,78,135,10,60
58,47,22,0,73,135,15,60
58,48,12,1,78,135,15,60
58,49,37,1,88,135,15,60
58,50,41,1,93,125,15,60
58,51,45,1,93,130,15,60
58,52,2,1,98,130,5,60
58,53,5,1,103,130,-5,60
58,54,3,1,96,130,-5,65
58,55,29,1,96,145,-25,65
58,56,44,0,96,145,-15,70
58,57,26,1,106,145,-20,70
58,58,7,0,91,150,-20,70
58,59,37,1,101,150,-20,70
58,60,36,1,101,155,-20,65
58,61,4,0,86,160,-20,65
58,62,41,0,76,170,-20,65
58,63,11,1,81,170,-20,65
58,64,1,0,91,170,-35,65
58,65,23,0,86,160,-35,70
58,66,44,0,86,160,-25,75
58,67,45,0,86,160,-25,80
58,68,33,1,86,165,-25,80
58,69,7,0,71,170,-25,80
58,70,24,1,76,170,-25,80
58,71,17,0,56,180,-25,80
58,72,3,0,71,180,-30,80
58,73,9,0,66,180,-30,85
58,74,8,1,56,180,-30,90
58,75,11,1,61,180,-30,90
58,76,36,1,61,185,-30,85
58,77,45,1,61,190,-30,85
58,78,25,0,61,185,-20,85
58,79,16,0,51,190,-20,85
58,80,15,0,71,185,-20,85
58,81,37,0,59,195,-20,85
58,82,20,1,59,200,-35,85
58,83,22,1,59,205,-45,85
58,84,27,1,59,210,-50,85
58,85,26,0,54,210,-50,90
58,86,9,1,59,210,-50,90
58,87,4,1,69,210,-50,85
58,88,14,1,69,215,-50,85
58,89,48,1,69,220,-50,75
58,90,23,1,79,220,-55,75
58,91,5,0,74,220,-50,75
58,92,6,1,66,220,-50,80
58,93,16,0,56,225,-50,80
58,94,25,0,56,220,-40,80
58,95,2,0,46,220,-35,80
58,96,11,0,41,220,-35,82
58,97,42,1,41,225,-35,82
58,98,40,1,41,215,-25,82
58,99,37,0,29,225,-25,82
59,0,16,0,40,55,50,50
59,1,4,0,25,60,50,50
59,2,1,1,17,60,55,50
59,3,9,0,12,60,55,55
59,4,6,0,22,60,50,55
59,5,5,1,27,60,40,55
59,6,25,0,27,55,50,55
59,7,12,0,22,65,50,55
59,8,40,0,22,75,40,55
59,9,22,0,17,75,45,55
59,10,8,0,17,80,35,55
59,11,1,0,27,80,20,55
59,12,20,0,22,80,35,55
59,13,17,1,7,80,45,55
59,14,41,0,-3,90,45,55
59,15,30,0,-3,90,35,65
59,16,38,1,2,90,35,65
59,17,23,1,12,90,30,65
59,18,31,1,12,90,40,65
59,19,57,1,12,95,40,65
59,20,20,0,7,95,55,65
59,21,10,0,2,100,55,65
59,22,41,1,7,90,55,65
59,23,1,0,17,90,40,65
59,24,9,0,12,90,40,70
59,25,4,1,22,90,40,65
59,26,10,1,42,90,30,65
59,27,20,1,42,95,15,65
59,28,44,0,42,95,25,70
59,29,25,1,42,100,15,70
59,30,5,1,47,100,5,70
59,31,58,0,47,90,5,70
59,32,38,1,52,90,5,70
59,33,13,1,57,95,5,70
59,34,43,0,77,95,-5,70
59,35,14,1,77,100,-5,70
59,36,5,0,72,100,0,70
59,37,26,0,67,100,0,75
59,38,23,0,62,90,0,80
59,39,9,0,57,90,0,85
59,40,1,1,49,90,5,85
59,41,25,1,49,95,-5,85
59,42,40,1,49,85,5,85
59,43,10,0,44,90,5,85
59,44,37,0,32,100,5,85
59,45,20,1,32,105,-10,85
59,46,12,0,27,115,-10,85
59,47,16,1,27,115,-20,85
59,48,59,0,27,115,-30,90
59,49,2,1,32,115,-40,90
59,50,10,0,27,120,-40,90
59,51,60,1,27,130,-40,90
59,52,41,1,32,120,-40,90
59,53,37,1,42,120,-40,90
59,54,13,1,47,125,-40,90
59,55,45,0,47,125,-40,95
59,56,28,1,57,125,-40,95
59,57,38,0,52,130,-40,95
59,58,15,0,72,125,-40,95
59,59,9,0,67,125,-40,100
59,60,18,0,42,125,-40,110
59,61,40,1,42,115,-30,110
59,62,2,0,32,115,-25,110
59,63,36,0,32,110,-25,112
59,64,14,1,32,115,-25,112
59,65,41,0,22,125,-25,112
59,66,40,0,22,135,-35,112
59,67,16,0,12,140,-35,112
59,68,22,0,7,140,-30,112
59,69,4,1,17,140,-30,107
59,70,28,1,27,140,-30,107
59,71,17,1,12,140,-20,107
59,72,15,0,32,135,-20,107
59,73,20,0,27,135,-5,107
59,74,42,1,27,140,-5,107
59,75,32,0,27,145,-20,107
59,76,26,0,22,145,-20,112
59,77,24,1,27,145,-20,112
59,78,23,1,37,145,-25,112
59,79,12,1,42,145,-25,112
59,80,16,0,32,150,-25,112
59,81,40,1,32,140,-15,112
59,82,9,1,37,140,-15,112
59,83,38,0,32,145,-15,112
59,84,2,0,22,145,-10,112
59,85,46,1,27,145,-10,107
59,86,12,0,22,155,-10,107
59,87,15,1,22,160,-10,107
59,88,9,1,27,160,-10,107
59,89,1,1,19,160,-5,107
59,90,39,0,12,165,-5,107
59,91,20,0,7,165,10,107
59,92,21,0,2,165,25,107
59,93,36,1,2,170,25,102
59,94,33,0,32,170,25,102
59,95,23,0,27,160,25,107
59,96,14,1,27,165,25,107
59,97,26,0,22,165,25,112
59,98,9,0,17,165,25,117
59,99,18,1,27,165,25,117
60,0,10,0,45,55,50,50
60,1,26,0,40,55,50,55
60,2,22,0,35,55,55,55
60,3,24,1,40,55,55,55
60,4,20,1,40,60,40,55
60,5,45,1,40,65,40,55
60,6,6,1,32,65,40,60
60,7,31,0,32,70,30,60
60,8,43,0,52,70,20,60
60,9,5,0,47,70,25,60
60,10,28,0,37,70,35,60
60,11,22,1,37,75,25,60
60,12,14,1,37,80,25,60
60,13,26,1,47,80,20,60
60,14,32,0,47,85,5,60
60,15,3,0,62,85,0,60
60,16,17,0,42,95,0,60
60,17,25,0,42,90,10,60
60,18,46,0,35,90,10,65
60,19,43,0,55,90,0,65
60,20,26,1,65,90,-5,65
60,21,15,0,85,85,-5,65
60,22,11,1,90,85,-5,65
60,23,20,0,85,85,10,65
60,24,2,1,90,85,0,65
60,25,8,0,90,90,-10,65
60,26,25,1,90,95,-20,65
60,27,46,0,83,95,-20,70
60,28,12,0,78,105,-20,70
60,29,45,1,78,110,-20,70
60,30,16,0,68,115,-20,70
60,31,41,1,73,105,-20,70
60,32,14,0,73,105,-20,75
60,33,9,1,78,105,-20,75
60,34,4,1,88,105,-20,70
60,35,40,0,88,115,-30,70
60,36,26,1,98,115,-35,70
60,37,1,1,90,115,-30,70
60,38,6,0,100,115,-35,70
60,39,41,0,90,125,-35,70
60,40,4,0,75,130,-35,70
60,41,42,0,67,130,-35,80
60,42,16,1,67,130,-45,80
60,43,25,1,67,135,-55,80
60,44,2,1,72,135,-65,80
60,45,47,0,97,135,-65,80
60,46,20,1,97,140,-80,80
60,47,8,1,87,140,-80,85
60,48,24,0,82,140,-75,85
60,49,40,0,82,150,-85,85
60,50,7,1,87,150,-85,80
60,51,1,1,79,150,-80,80
60,52,11,0,74,150,-80,82
60,53,16,0,64,155,-80,82
60,54,12,1,69,155,-80,82
60,55,22,0,64,155,-75,82
60,56,44,0,64,155,-65,87
60,57,33,0,94,155,-65,87
60,58,9,1,99,155,-65,87
60,59,40,1,99,145,-55,87
60,60,18,1,109,145,-55,87
60,61,16,0,99,150,-55,87
60,62,23,0,94,140,-55,92
60,63,14,0,94,140,-55,97
60,64,3,0,109,140,-60,97
60,65,2,1,114,140,-70,97
60,66,47,1,114,140,-70,112
60,67,13,0,114,140,-70,117
60,68,14,1,114,145,-70,117
60,69,43,0,134,145,-80,117
60,70,6,1,126,145,-80,122
60,71,41,1,131,135,-80,122
60,72,15,1,131,140,-80,122
60,73,22,0,126,140,-75,122
60,74,16,0,116,145,-75,122
60,75,39,1,121,145,-75,117
60,76,17,0,101,155,-75,117
60,77,46,1,106,155,-75,112
60,78,40,0,106,165,-85,112
60,79,13,1,111,170,-85,112
60,80,48,1,111,175,-85,102
60,81,10,1,131,175,-95,102
60,82,3,0,146,175,-100,102
60,83,17,0,126,185,-100,102
60,84,25,1,126,190,-110,102
60,85,21,1,126,195,-125,102
60,86,11,1,131,195,-125,102
60,87,1,1,123,195,-120,102
60,88,41,0,113,205,-120,102
60,89,44,1,118,205,-120,102
60,90,22,1,118,210,-130,102
60,91,23,0,113,200,-130,107
60,92,16,0,103,205,-130,107
60,93,7,1,108,205,-130,102
60,94,10,1,128,205,-140,102
60,95,34,1,143,205,-140,102
60,96,44,1,148,205,-140,102
60,97,5,0,143,205,-135,102
60,98,25,1,143,210,-145,102
60,99,16,1,143,210,-155,102
61,0,15,0,70,45,50,50
61,1,7,1,75,45,50,45
61,2,10,0,70,50,50,45
61,3,19,1,85,50,50,45
61,4,1,0,95,50,35,45
61,5,3,0,110,50,30,45
61,6,42,1,110,55,30,45
61,7,14,0,110,55,30,50
61,8,43,1,110,55,35,35
61,9,5,0,105,55,40,35
61,10,31,0,105,60,30,35
61,11,12,1,110,60,30,35
61,12,8,0,110,65,20,35
61,13,40,1,110,55,30,35
61,14,27,1,110,60,25,35
61,15,9,1,115,60,25,35
61,16,17,0,95,70,25,35
61,17,39,0,88,75,25,35
61,18,30,1,88,75,35,35
61,19,38,1,93,75,35,35
61,20,2,1,98,75,25,35
61,21,22,0,93,75,30,35
61,22,32,0,93,80,15,35
61,23,33,0,123,80,15,35
61,24,27,1,123,85,10,35
61,25,38,0,118,90,10,35
61,26,13,1,123,95,10,35
61,27,36,1,123,100,10,30
61,28,57,1,123,105,10,30
61,29,20,0,118,105,25,30
61,30,44,1,123,105,25,30
61,31,46,1,128,105,25,25
61,32,47,1,128,105,25,40
61,33,8,1,118,105,25,45
61,34,10,0,113,110,25,45
61,35,9,0,108,110,25,50
61,36,42,1,108,115,25,50
61,37,25,1,108,120,15,50
61,38,13,0,108,120,15,55
61,39,22,1,108,125,5,55
61,40,9,0,103,125,5,60
61,41,3,1,96,125,5,65
61,42,30,0,96,125,-5,75
61,43,58,1,96,130,-5,75
61,44,25,1,96,135,-15,75
61,45,11,0,91,135,-15,77
61,46,26,1,101,135,-20,77
61,47,39,0,94,140,-20,77
61,48,34,1,109,140,-20,77
61,49,29,0,99,140,-15,77
61,50,42,1,99,145,-15,77
61,51,11,1,104,145,-15,77
61,52,25,1,104,150,-25,77
61,53,3,0,119,150,-30,77
61,54,8,1,109,150,-30,82
61,55,4,1,119,150,-30,77
61,56,18,1,129,150,-30,77
61,57,13,1,134,155,-30,77
61,58,6,0,144,155,-35,77
61,59,59,0,144,155,-45,82
61,60,14,0,144,155,-45,87
61,61,7,0,129,160,-45,87
61,62,37,1,139,160,-45,87
61,63,9,1,144,160,-45,87
61,64,25,0,144,155,-35,87
61,65,21,1,144,160,-50,87
61,66,24,1,149,160,-50,87
61,67,2,0,139,160,-45,87
61,68,39,0,132,165,-45,87
61,69,13,0,132,165,-45,92
61,70,1,1,124,165,-40,92
61,71,4,0,109,170,-40,92
61,72,18,1,119,170,-40,92
61,73,5,1,124,170,-50,92
61,74,26,0,119,170,-50,97
61,75,22,1,119,175,-60,97
61,76,10,1,139,175,-70,97
61,77,41,0,129,185,-70,97
61,78,24,1,134,185,-70,97
61,79,37,0,122,195,-70,97
61,80,26,0,117,195,-70,102
61,81,5,0,112,195,-65,102
61,82,41,1,117,185,-65,102
61,83,4,0,102,190,-65,102
61,84,21,1,102,195,-80,102
61,85,40,1,102,185,-70,102
61,86,45,1,102,190,-70,102
61,87,16,1,102,190,-80,102
61,88,13,1,107,195,-80,102
61,89,22,0,102,195,-75,102
61,90,29,0,92,195,-70,102
61,91,15,1,92,200,-70,102
61,92,38,1,97,200,-70,102
61,93,11,0,92,200,-70,104
61,94,12,1,97,200,-70,104
61,95,42,0,89,200,-70,114
61,96,43,0,109,200,-80,114
61,97,4,1,119,200,-80,109
61,98,60,0,149,200,-80,109
61,99,16,0,139,205,-80,109
62,0,4,1,60,50,50,45
62,1,11,0,55,50,50,47
62,2,26,1,65,50,45,47
62,3,48,1,65,55,45,37
62,4,25,1,65,60,35,37
62,5,22,1,65,65,25,37
62,6,14,0,65,65,25,42
62,7,26,0,60,65,25,47
62,8,3,0,75,65,20,47
62,9,44,0,75,65,30,52
62,10,22,0,70,65,35,52
62,11,1,1,62,65,40,52
62,12,40,0,62,75,30,52
62,13,12,0,57,85,30,52
62,14,21,0,52,85,45,52
62,15,31,0,52,90,35,52
62,16,38,1,57,90,35,52
62,17,11,1,62,90,35,52
62,18,37,1,72,90,35,52
62,19,2,1,77,90,25,52
62,20,1,1,69,90,30,52
62,21,25,1,69,95,20,52
62,22,3,1,62,95,20,57
62,23,4,0,47,100,20,57
62,24,26,1,57,100,15,57
62,25,29,1,57,115,-5,57
62,26,2,1,62,115,-15,57
62,27,16,0,52,120,-15,57
62,28,6,0,62,120,-20,57
62,29,26,0,57,120,-20,62
62,30,24,1,62,120,-20,62
62,31,22,0,57,120,-15,62
62,32,11,0,52,120,-15,64
62,33,2,0,42,120,-10,64
62,34,32,0,42,125,-25,64
62,35,16,0,32,130,-25,64
62,36,23,1,42,130,-30,64
62,37,33,0,72,130,-30,64
62,38,14,0,72,130,-30,69
62,39,22,0,67,130,-25,69
62,40,44,0,67,130,-15,74
62,41,4,1,77,130,-15,69
62,42,28,1,87,130,-15,69
62,43,47,0,112,130,-15,69
62,44,38,0,107,135,-15,69
62,45,22,1,107,140,-25,69
62,46,11,1,112,140,-25,69
62,47,15,1,112,145,-25,69
62,48,26,1,122,145,-30,69
62,49,47,0,147,145,-30,69
62,50,2,1,152,145,-40,69
62,51,23,0,147,135,-40,74
62,52,9,0,142,135,-40,79
62,53,5,1,147,135,-50,79
62,54,14,1,147,140,-50,79
62,55,2,0,137,140,-45,79
62,56,48,1,137,145,-45,69
62,57,22,1,137,150,-55,69
62,58,10,1,157,150,-65,69
62,59,42,0,149,150,-65,79
62,60,21,1,149,155,-80,79
62,61,26,0,144,155,-80,84
62,62,57,1,144,160,-80,84
62,63,16,0,134,165,-80,84
62,64,39,0,127,170,-80,84
62,65,21,1,127,175,-95,84
62,66,45,1,127,180,-95,84
62,67,43,1,127,180,-90,69
62,68,30,1,127,180,-80,69
62,69,29,1,127,195,-100,69
62,70,34,1,142,195,-100,69
62,71,20,1,142,200,-115,69
62,72,8,0,142,205,-125,69
62,73,25,0,142,200,-115,69
62,74,58,1,142,205,-115,69
62,75,46,1,147,205,-115,64
62,76,41,0,137,215,-115,64
62,77,59,0,137,215,-125,69
62,78,11,0,132,215,-125,71
62,79,37,1,142,215,-125,71
62,80,23,0,137,205,-125,76
62,81,12,0,132,215,-125,76
62,82,2,0,122,215,-120,76
62,83,41,0,112,225,-120,76
62,84,20,0,107,225,-105,76
62,85,9,1,112,225,-105,76
62,86,4,1,122,225,-105,71
62,87,15,0,142,220,-105,71
62,88,49,0,142,220,-105,76
62,89,44,0,142,220,-95,81
62,90,1,0,152,220,-110,81
62,91,24,0,147,220,-105,81
62,92,26,1,157,220,-110,81
62,93,40,0,157,230,-120,81
62,94,4,0,142,235,-120,81
62,95,60,1,142,245,-120,81
62,96,9,1,147,245,-120,81
62,97,25,0,147,240,-110,81
62,98,40,1,147,230,-100,81
62,99,5,0,142,230,-95,81
63,0,37,0,38,60,50,50
63,1,49,0,38,60,50,55
63,2,44,0,38,60,60,60
63,3,47,1,38,60,60,75
63,4,17,0,18,70,60,75
63,5,41,1,23,60,60,75
63,6,25,0,23,55,70,75
63,7,22,1,23,60,60,75
63,8,7,0,8,65,60,75
63,9,13,0,8,65,60,80
63,10,21,1,8,70,45,80
63,11,36,0,8,65,45,82
63,12,20,1,8,70,30,82
63,13,10,1,28,70,20,82
63,14,31,1,28,70,30,82
63,15,42,0,20,70,30,92
63,16,28,1,30,70,30,92
63,17,12,0,25,80,30,92
63,18,21,0,20,80,45,92
63,19,32,1,20,70,60,92
63,20,46,0,13,70,60,97
63,21,26,1,23,70,55,97
63,22,28,1,33,70,55,97
63,23,10,1,53,70,45,97
63,24,16,0,43,75,45,97
63,25,33,1,43,80,45,97
63,26,23,1,53,80,40,97
63,27,27,0,63,65,40,97
63,28,41,0,53,75,40,97
63,29,3,0,68,75,35,97
63,30,39,1,73,75,35,92
63,31,9,1,78,75,35,92
63,32,50,0,78,85,35,92
63,33,6,0,88,85,30,92
63,34,41,1,93,75,30,92
63,35,11,0,88,75,30,94
63,36,36,0,88,70,30,96
63,37,46,1,93,70,30,91
63,38,24,1,98,70,30,91
63,39,23,1,108,70,25,91
63,40,28,0,98,70,35,91
63,41,4,0,83,75,35,91
63,42,6,0,93,75,30,91
63,43,12,1,98,75,30,91
63,44,21,0,93,75,45,91
63,45,13,0,93,75,45,96
63,46,40,1,93,65,55,96
63,47,41,1,98,55,55,96
63,48,51,1,98,60,55,96
63,49,20,0,93,60,70,96
63,50,16,0,83,65,70,96
63,51,14,0,83,65,70,101
63,52,15,1,83,70,70,101
63,53,26,0,78,70,70,106
63,54,5,1,83,70,60,106
63,55,45,0,83,70,60,111
63,56,14,1,83,75,60,111
63,57,43,1,83,75,65,96
63,58,37,0,71,85,65,96
63,59,12,0,66,95,65,96
63,60,13,1,71,100,65,96
63,61,3,1,64,100,65,101
63,62,34,1,79,100,65,101
63,63,41,0,69,110,65,101
63,64,4,1,79,110,65,96
63,65,18,0,54,110,65,106
63,66,11,1,59,110,65,106
63,67,5,0,54,110,70,106
63,68,23,1,64,110,65,106
63,69,1,1,56,110,70,106
63,70,4,0,41,115,70,106
63,71,10,0,36,120,70,106
63,72,37,1,46,120,70,106
63,73,16,0,36,125,70,106
63,74,5,1,41,125,60,106
63,75,13,0,41,125,60,111
63,76,8,1,31,125,60,116
63,77,41,1,36,115,60,116
63,78,11,0,31,115,60,118
63,79,30,0,31,115,50,128
63,80,28,0,21,115,60,128
63,81,48,0,11,115,60,133
63,82,16,1,11,115,50,133
63,83,12,0,6,125,50,133
63,84,4,1,16,125,50,128
63,85,35,1,16,115,60,128
63,86,48,1,16,120,60,118
63,87,11,0,11,120,60,120
63,88,25,0,11,115,70,120
63,89,8,1,1,115,70,125
63,90,2,1,6,115,60,125
63,91,36,0,6,110,60,127
63,92,4,0,-9,115,60,127
63,93,37,1,1,115,60,127
63,94,1,1,-7,115,65,127
63,95,57,0,-17,115,65,132
63,96,11,1,-12,115,65,132
63,97,6,1,-20,115,65,137
63,98,38,0,-25,120,65,137
63,99,20,0,-30,120,80,137
64,0,22,1,50,55,40,50
64,1,11,0,45,55,40,52
64,2,21,1,45,60,25,52
64,3,43,1,45,60,30,37
64,4,14,1,45,65,30,37
64,5,9,1,50,65,30,37
64,6,18,0,25,65,30,47
64,7,20,1,25,70,15,47
64,8,26,0,20,70,15,52
64,9,49,0,20,70,15,57
64,10,43,0,40,70,5,57
64,11,4,1,50,70,5,52
64,12,27,0,60,55,5,52
64,13,14,0,60,55,5,57
64,14,2,0,50,55,10,57
64,15,43,0,70,55,0,57
64,16,12,1,75,55,0,57
64,17,23,1,85,55,-5,57
64,18,15,1,85,60,-5,57
64,19,57,1,85,65,-5,57
64,20,28,0,75,65,5,57
64,21,5,1,80,65,-5,57
64,22,13,1,85,70,-5,57
64,23,2,1,90,70,-15,57
64,24,31,1,90,70,-5,57
64,25,28,1,100,70,-5,57
64,26,4,0,85,75,-5,57
64,27,27,0,95,60,-5,57
64,28,6,1,87,60,-5,62
64,29,20,0,82,60,10,62
64,30,38,0,77,65,10,62
64,31,39,0,70,70,10,62
64,32,36,0,70,65,10,64
64,33,4,1,80,65,10,59
64,34,16,0,70,70,10,59
64,35,26,1,80,70,5,59
64,36,58,1,80,75,5,59
64,37,48,1,80,80,5,49
64,38,42,1,80,85,5,49
64,39,32,0,80,90,-10,49
64,40,1,1,72,90,-5,49
64,41,23,1,82,90,-10,49
64,42,48,0,72,90,-10,54
64,43,21,1,72,95,-25,54
64,44,59,0,72,95,-35,59
64,45,50,1,72,95,-25,59
64,46,10,0,67,100,-25,59
64,47,25,1,67,105,-35,59
64,48,36,0,67,100,-35,61
64,49,12,1,72,100,-35,61
64,50,33,0,102,100,-35,61
64,51,20,0,97,100,-20,61
64,52,7,0,82,105,-20,61
64,53,3,0,97,105,-25,61
64,54,46,1,102,105,-25,56
64,55,14,1,102,110,-25,56
64,56,10,1,122,110,-35,56
64,57,27,1,122,115,-40,56
64,58,34,0,122,100,-25,56
64,59,7,0,107,105,-25,56
64,60,15,0,127,100,-25,56
64,61,11,1,132,100,-25,56
64,62,28,1,142,100,-25,56
64,63,26,0,137,100,-25,61
64,64,48,1,137,105,-25,51
64,65,37,1,147,105,-25,51
64,66,3,0,162,105,-30,51
64,67,13,1,167,110,-30,51
64,68,6,1,159,110,-30,56
64,69,22,1,159,115,-40,56
64,70,36,0,159,110,-40,58
64,71,23,0,154,100,-40,63
64,72,1,1,146,100,-35,63
64,73,13,1,151,105,-35,63
64,74,43,0,171,105,-45,63
64,75,11,1,176,105,-45,63
64,76,29,0,166,105,-40,63
64,77,23,1,176,105,-45,63
64,78,38,1,181,105,-45,63
64,79,4,0,166,110,-45,63
64,80,24,0,161,110,-40,63
64,81,25,0,161,105,-30,63
64,82,17,1,146,105,-20,63
64,83,60,1,146,115,-20,63
64,84,9,0,141,115,-20,68
64,85,26,1,151,115,-25,68
64,86,38,0,146,120,-25,68
64,87,36,0,146,115,-25,70
64,88,11,1,151,115,-25,70
64,89,14,1,151,120,-25,70
64,90,13,1,156,125,-25,70
64,91,10,1,176,125,-35,70
64,92,46,0,169,125,-35,75
64,93,2,1,174,125,-45,75
64,94,25,0,174,120,-35,75
64,95,14,1,174,125,-35,75
64,96,51,1,174,130,-35,75
64,97,15,0,194,125,-35,75
64,98,2,0,184,125,-30,75
64,99,25,1,184,130,-40,75
65,0,21,1,50,55,35,50
65,1,16,1,50,55,25,50
65,2,15,0,70,50,25,50
65,3,11,0,65,50,25,52
65,4,36,0,65,45,25,54
65,5,19,0,45,45,35,64
65,6,45,0,45,45,35,69
65,7,3,1,38,45,35,74
65,8,16,1,38,45,25,74
65,9,57,1,38,50,25,74
65,10,9,1,43,50,25,74
65,11,22,1,43,55,15,74
65,12,12,1,48,55,15,74
65,13,31,1,48,55,25,74
65,14,16,1,48,55,15,74
65,15,46,1,53,55,15,69
65,16,2,0,43,55,20,69
65,17,21,1,43,60,5,69
65,18,41,0,33,70,5,69
65,19,28,0,23,70,15,69
65,20,9,1,28,70,15,69
65,21,38,0,23,75,15,69
65,22,16,1,23,75,5,69
65,23,10,1,43,75,-5,69
65,24,14,1,43,80,-5,69
65,25,32,0,43,85,-20,69
65,26,17,0,23,95,-20,69
65,27,42,0,15,95,-20,79
65,28,8,0,15,100,-30,79
65,29,25,1,15,105,-40,79
65,30,6,0,25,105,-45,79
65,31,58,1,25,110,-45,79
65,32,13,0,25,110,-45,84
65,33,30,1,25,110,-35,84
65,34,44,1,30,110,-35,84
65,35,11,0,25,110,-35,86
65,36,15,1,25,115,-35,86
65,37,59,0,25,115,-45,91
65,38,41,1,30,105,-45,91
65,39,8,1,20,105,-45,96
65,40,5,0,15,105,-40,96
65,41,14,1,15,110,-40,96
65,42,23,1,25,110,-45,96
65,43,4,0,10,115,-45,96
65,44,15,0,30,110,-45,96
65,45,60,1,30,120,-45,96
65,46,39,1,35,120,-45,91
65,47,40,0,35,130,-55,91
65,48,29,1,35,145,-75,91
65,49,42,1,35,150,-75,91
65,50,13,1,40,155,-75,91
65,51,6,1,32,155,-75,96
65,52,5,0,27,155,-70,96
65,53,28,0,17,155,-60,96
65,54,44,0,17,155,-50,101
65,55,16,1,17,155,-60,101
65,56,10,0,12,160,-60,101
65,57,21,1,12,165,-75,101
65,58,4,1,22,165,-75,96
65,59,33,0,52,165,-75,96
65,60,5,1,57,165,-85,96
65,61,46,0,50,165,-85,101
65,62,42,0,42,165,-85,111
65,63,22,0,37,165,-80,111
65,64,7,1,42,165,-80,106
65,65,13,0,42,165,-80,111
65,66,26,1,52,165,-85,111
65,67,3,0,67,165,-90,111
65,68,20,0,62,165,-75,111
65,69,9,0,57,165,-75,116
65,70,16,1,57,165,-85,116
65,71,25,1,57,170,-95,116
65,72,37,0,45,180,-95,116
65,73,45,0,45,180,-95,121
65,74,27,1,45,185,-100,121
65,75,19,1,60,185,-100,121
65,76,28,1,70,185,-100,121
65,77,1,1,62,185,-95,121
65,78,25,1,62,190,-105,121
65,79,21,0,57,190,-90,121
65,80,23,0,52,180,-90,126
65,81,22,1,52,185,-100,126
65,82,42,1,52,190,-100,126
65,83,44,0,52,190,-90,131
65,84,41,1,57,180,-90,131
65,85,14,0,57,180,-90,136
65,86,26,1,67,180,-95,136
65,87,22,0,62,180,-90,136
65,88,3,1,55,180,-90,141
65,89,47,0,80,180,-90,141
65,90,9,1,85,180,-90,141
65,91,10,0,80,185,-90,141
65,92,2,0,70,185,-85,141
65,93,7,1,75,185,-85,136
65,94,6,0,85,185,-90,136
65,95,45,0,85,185,-90,141
65,96,15,0,105,180,-90,141
65,97,9,1,110,180,-90,141
65,98,42,1,110,185,-90,141
65,99,34,1,125,185,-90,141
66,0,26,0,45,50,50,55
66,1,57,1,45,55,50,55
66,2,2,1,50,55,40,55
66,3,1,1,42,55,45,55
66,4,28,0,32,55,55,55
66,5,58,0,32,45,55,55
66,6,8,0,32,50,45,55
66,7,59,1,32,55,45,55
66,8,46,0,25,55,45,60
66,9,14,1,25,60,45,60
66,10,31,0,25,65,35,60
66,11,45,0,25,65,35,65
66,12,23,1,35,65,30,65
66,13,2,1,40,65,20,65
66,14,16,0,30,70,20,65
66,15,5,1,35,70,10,65
66,16,10,1,55,70,0,65
66,17,32,0,55,75,-15,65
66,18,60,1,55,85,-15,65
66,19,21,0,50,85,0,65
66,20,3,0,65,85,-5,65
66,21,25,0,65,80,5,65
66,22,4,0,50,85,5,65
66,23,15,1,50,90,5,65
66,24,22,0,45,90,10,65
66,25,1,1,37,90,15,65
66,26,42,0,29,90,15,75
66,27,3,0,44,90,10,75
66,28,12,0,39,100,10,75
66,29,29,1,39,115,-10,75
66,30,1,0,49,115,-25,75
66,31,47,1,49,115,-25,90
66,32,33,1,49,120,-25,90
66,33,34,1,64,120,-25,90
66,34,22,0,59,120,-20,90
66,35,12,0,54,130,-20,90
66,36,23,0,49,120,-20,95
66,37,43,0,69,120,-30,95
66,38,25,0,69,115,-20,95
66,39,5,1,74,115,-30,95
66,40,22,0,69,115,-25,95
66,41,11,0,64,115,-25,97
66,42,20,0,59,115,-10,97
66,43,1,0,69,115,-25,97
66,44,3,1,62,115,-25,102
66,45,42,1,62,120,-25,102
66,46,23,0,57,110,-25,107
66,47,11,1,62,110,-25,107
66,48,35,1,62,100,-15,107
66,49,12,1,67,100,-15,107
66,50,5,1,72,100,-25,107
66,51,26,0,67,100,-25,112
66,52,1,0,77,100,-40,112
66,53,30,0,77,100,-50,122
66,54,29,1,77,115,-70,122
66,55,12,1,82,115,-70,122
66,56,11,1,87,115,-70,122
66,57,40,1,87,105,-60,122
66,58,20,0,82,105,-45,122
66,59,10,0,77,110,-45,122
66,60,3,1,70,110,-45,127
66,61,16,0,60,115,-45,127
66,62,12,1,65,115,-45,127
66,63,7,0,50,120,-45,127
66,64,20,1,50,125,-60,127
66,65,3,1,43,125,-60,132
66,66,43,0,63,125,-70,132
66,67,8,1,53,125,-70,137
66,68,25,0,53,120,-60,137
66,69,11,0,48,120,-60,139
66,70,36,1,48,125,-60,134
66,71,13,1,53,130,-60,134
66,72,3,1,46,130,-60,139
66,73,49,0,46,130,-60,144
66,74,22,1,46,135,-70,144
66,75,14,0,46,135,-70,149
66,76,17,1,31,135,-60,149
66,77,27,1,31,140,-65,149
66,78,19,1,46,140,-65,149
66,79,45,1,46,145,-65,149
66,80,23,1,56,145,-70,149
66,81,5,1,61,145,-80,149
66,82,16,1,61,145,-90,149
66,83,47,1,61,145,-90,164
66,84,26,1,71,145,-95,164
66,85,13,0,71,145,-95,169
66,86,10,0,66,150,-95,169
66,87,28,1,76,150,-95,169
66,88,20,1,76,155,-110,169
66,89,50,0,76,165,-110,169
66,90,24,0,71,165,-105,169
66,91,3,1,64,165,-105,174
66,92,22,0,59,165,-100,174
66,93,4,1,69,165,-100,169
66,94,16,0,59,170,-100,169
66,95,45,0,59,170,-100,174
66,96,26,0,54,170,-100,179
66,97,1,0,64,170,-115,179
66,98,10,1,84,170,-125,179
66,99,46,1,89,170,-125,174
67,0,10,1,70,50,40,50
67,1,40,0,70,60,30,50
67,2,20,1,70,65,15,50
67,3,26,1,80,65,10,50
67,4,45,0,80,65,10,55
67,5,24,0,75,65,15,55
67,6,12,0,70,75,15,55
67,7,6,0,80,75,10,55
67,8,57,0,70,75,10,60
67,9,11,0,65,75,10,62
67,10,31,0,65,80,0,62
67,11,27,1,65,85,-5,62
67,12,39,0,58,90,-5,62
67,13,48,1,58,95,-5,52
67,14,10,0,53,100,-5,52
67,15,32,1,53,90,10,52
67,16,40,0,53,100,0,52
67,17,4,1,63,100,0,47
67,18,1,1,55,100,5,47
67,19,3,0,70,100,0,47
67,20,14,1,70,105,0,47
67,21,11,1,75,105,0,47
67,22,38,0,70,110,0,47
67,23,4,1,80,110,0,42
67,24,41,1,85,100,0,42
67,25,42,1,85,105,0,42
67,26,36,1,85,110,0,37
67,27,23,0,80,100,0,42
67,28,40,1,80,90,10,42
67,29,4,1,90,90,10,37
67,30,19,0,70,90,20,47
67,31,41,0,60,100,20,47
67,32,58,1,60,105,20,47
67,33,22,0,55,105,25,47
67,34,21,1,55,110,10,47
67,35,2,0,45,110,15,47
67,36,5,1,50,110,5,47
67,37,30,1,50,110,15,47
67,38,43,0,70,110,5,47
67,39,45,0,70,110,5,52
67,40,44,0,70,110,15,57
67,41,40,0,70,120,5,57
67,42,47,1,70,120,5,72
67,43,14,0,70,120,5,77
67,44,1,0,80,120,-10,77
67,45,11,1,85,120,-10,77
67,46,9,1,90,120,-10,77
67,47,29,0,80,120,-5,77
67,48,7,0,65,125,-5,77
67,49,33,0,95,125,-5,77
67,50,15,1,95,130,-5,77
67,51,11,1,100,130,-5,77
67,52,41,1,105,120,-5,77
67,53,14,0,105,120,-5,82
67,54,47,0,130,120,-5,82
67,55,1,0,140,120,-20,82
67,56,27,0,150,105,-20,82
67,57,23,0,145,95,-20,87
67,58,8,1,135,95,-20,92
67,59,28,1,145,95,-20,92
67,60,14,0,145,95,-20,97
67,61,21,1,145,100,-35,97
67,62,15,0,165,95,-35,97
67,63,10,0,160,100,-35,97
67,64,18,0,135,100,-35,107
67,65,2,0,125,100,-30,107
67,66,45,0,125,100,-30,112
67,67,37,0,113,110,-30,112
67,68,20,1,113,115,-45,112
67,69,17,1,98,115,-35,112
67,70,23,1,108,115,-40,112
67,71,6,1,100,115,-40,117
67,72,34,1,115,115,-40,117
67,73,26,0,110,115,-40,122
67,74,4,0,95,120,-40,122
67,75,16,1,95,120,-50,122
67,76,21,1,95,125,-65,122
67,77,30,1,95,125,-55,122
67,78,11,0,90,125,-55,124
67,79,45,0,90,125,-55,129
67,80,15,1,90,130,-55,129
67,81,2,1,95,130,-65,129
67,82,24,1,100,130,-65,129
67,83,41,1,105,120,-65,129
67,84,4,1,115,120,-65,124
67,85,37,1,125,120,-65,124
67,86,22,1,125,125,-75,124
67,87,13,1,130,130,-75,124
67,88,3,0,145,130,-80,124
67,89,9,1,150,130,-80,124
67,90,27,1,150,135,-85,124
67,91,16,1,150,135,-95,124
67,92,23,0,145,125,-95,129
67,93,48,1,145,130,-95,119
67,94,14,1,145,135,-95,119
67,95,30,1,145,135,-85,119
67,96,44,1,150,135,-85,119
67,97,2,0,140,135,-80,119
67,98,41,1,145,125,-80,119
67,99,5,1,150,125,-90,119
68,0,26,1,60,50,45,50
68,1,10,1,80,50,35,50
68,2,57,0,70,50,35,55
68,3,21,0,65,50,50,55
68,4,49,0,65,50,50,60
68,5,18,0,40,50,50,70
68,6,9,0,35,50,50,75
68,7,12,0,30,60,50,75
68,8,58,1,30,65,50,75
68,9,59,0,30,65,40,80
68,10,3,1,23,65,40,85
68,11,23,0,18,55,40,90
68,12,50,0,18,65,40,90
68,13,2,0,8,65,45,90
68,14,47,0,33,65,45,90
68,15,15,1,33,70,45,90
68,16,18,1,43,70,45,90
68,17,20,0,38,70,60,90
68,18,10,0,33,75,60,90
68,19,60,0,63,75,60,90
68,20,26,1,73,75,55,90
68,21,61,1,73,85,55,90
68,22,46,0,66,85,55,95
68,23,23,1,76,85,50,95
68,24,15,0,96,80,50,95
68,25,26,0,91,80,50,100
68,26,13,0,91,80,50,105
68,27,28,1,101,80,50,105
68,28,17,0,81,90,50,105
68,29,14,0,81,90,50,110
68,30,12,1,86,90,50,110
68,31,1,0,96,90,35,110
68,32,62,0,96,90,35,110
68,33,28,0,86,90,45,110
68,34,25,0,86,85,55,110
68,35,9,0,81,85,55,115
68,36,13,0,81,85,55,120
68,37,42,0,73,85,55,130
68,38,41,0,63,95,55,130
68,39,26,0,58,95,55,135
68,40,2,1,63,95,45,135
68,41,31,1,63,95,55,135
68,42,12,1,68,95,55,135
68,43,41,1,73,85,55,135
68,44,26,1,83,85,50,135
68,45,40,1,83,75,60,135
68,46,22,1,83,80,50,135
68,47,7,0,68,85,50,135
68,48,10,1,88,85,40,135
68,49,6,0,98,85,35,135
68,50,51,0,98,65,35,145
68,51,28,0,88,65,45,145
68,52,24,1,93,65,45,145
68,53,3,0,108,65,40,145
68,54,7,1,113,65,40,140
68,55,36,1,113,70,40,135
68,56,23,0,108,60,40,140
68,57,2,1,113,60,30,140
68,58,11,0,108,60,30,142
68,59,5,1,113,60,20,142
68,60,20,1,113,65,5,142
68,61,9,0,108,65,5,147
68,62,27,0,118,50,5,147
68,63,15,0,138,45,5,147
68,64,3,0,153,45,0,147
68,65,11,0,148,45,0,149
68,66,22,1,148,50,-10,149
68,67,40,0,148,60,-20,149
68,68,4,0,133,65,-20,149
68,69,8,1,123,65,-20,154
68,70,26,1,133,65,-25,154
68,71,1,1,125,65,-20,154
68,72,15,1,125,70,-20,154
68,73,28,0,115,70,-10,154
68,74,45,1,115,75,-10,154
68,75,14,1,115,80,-10,154
68,76,47,0,140,80,-10,154
68,77,41,1,145,70,-10,154
68,78,12,0,140,80,-10,154
68,79,10,0,135,85,-10,154
68,80,22,1,135,90,-20,154
68,81,21,0,130,90,-5,154
68,82,23,0,125,80,-5,159
68,83,32,0,125,85,-20,159
68,84,11,1,130,85,-20,159
68,85,8,0,130,90,-30,159
68,86,14,1,130,95,-30,159
68,87,16,1,130,95,-40,159
68,88,20,1,130,100,-55,159
68,89,15,0,150,95,-55,159
68,90,6,1,142,95,-55,164
68,91,41,0,132,105,-55,164
68,92,24,1,137,105,-55,164
68,93,16,1,137,105,-65,164
68,94,26,0,132,105,-65,169
68,95,29,0,122,105,-60,169
68,96,1,1,114,105,-55,169
68,97,12,1,119,105,-55,169
68,98,25,1,119,110,-65,169
68,99,10,0,114,115,-65,169
69,0,31,0,50,55,40,50
69,1,9,0,45,55,40,55
69,2,26,1,55,55,35,55
69,3,36,0,55,50,35,57
69,4,6,0,65,50,30,57
69,5,57,1,65,55,30,57
69,6,2,0,55,55,35,57
69,7,16,1,55,55,25,57
69,8,58,1,55,60,25,57
69,9,8,0,55,65,15,57
69,10,45,1,55,70,15,57
69,11,20,1,55,75,0,57
69,12,27,1,55,80,-5,57
69,13,41,1,60,70,-5,57
69,14,2,0,50,70,0,57
69,15,3,0,65,70,-5,57
69,16,11,1,70,70,-5,57
69,17,16,1,70,70,-15,57
69,18,21,0,65,70,0,57
69,19,43,1,65,70,5,42
69,20,44,1,70,70,5,42
69,21,27,0,80,55,5,42
69,22,3,0,95,55,0,42
69,23,15,1,95,60,0,42
69,24,5,1,100,60,-10,42
69,25,11,0,95,60,-10,44
69,26,27,0,105,45,-10,44
69,27,41,1,110,35,-10,44
69,28,23,1,120,35,-15,44
69,29,3,0,135,35,-20,44
69,30,21,0,130,35,-5,44
69,31,8,1,120,35,-5,49
69,32,18,1,130,35,-5,49
69,33,25,0,130,30,5,49
69,34,17,1,115,30,15,49
69,35,40,1,115,20,25,49
69,36,2,0,105,20,30,49
69,37,20,0,100,20,45,49
69,38,3,1,93,20,45,54
69,39,11,0,88,20,45,56
69,40,41,1,93,10,45,56
69,41,10,1,113,10,35,56
69,42,2,0,103,10,40,56
69,43,6,0,113,10,35,56
69,44,26,0,108,10,35,61
69,45,4,0,93,15,35,61
69,46,48,0,83,15,35,66
69,47,14,0,83,15,35,71
69,48,7,0,68,20,35,71
69,49,15,1,68,25,35,71
69,50,44,0,68,25,45,76
69,51,2,1,73,25,35,76
69,52,3,1,66,25,35,81
69,53,18,1,76,25,35,81
69,54,1,0,86,25,20,81
69,55,22,0,81,25,25,81
69,56,25,0,81,20,35,81
69,57,39,1,86,20,35,76
69,58,40,1,86,10,45,76
69,59,43,0,106,10,35,76
69,60,6,0,116,10,30,76
69,61,2,0,106,10,35,76
69,62,13,0,106,10,35,81
69,63,16,0,96,15,35,81
69,64,26,1,106,15,30,81
69,65,40,1,106,5,40,81
69,66,10,0,101,10,40,81
69,67,11,0,96,10,40,83
69,68,41,0,86,20,40,83
69,69,4,1,96,20,40,78
69,70,23,1,106,20,35,78
69,71,25,0,106,15,45,78
69,72,22,0,101,15,50,78
69,73,36,0,101,10,50,80
69,74,9,1,106,10,50,80
69,75,59,1,106,15,50,80
69,76,4,1,116,15,50,75
69,77,13,0,116,15,50,80
69,78,10,0,111,20,50,80
69,79,32,0,111,25,35,80
69,80,46,1,116,25,35,75
69,81,33,0,146,25,35,75
69,82,34,0,146,10,50,75
69,83,9,0,141,10,50,80
69,84,17,1,126,10,60,80
69,85,46,0,119,10,60,85
69,86,2,1,124,10,50,85
69,87,38,1,129,10,50,85
69,88,13,1,134,15,50,85
69,89,20,0,129,15,65,85
69,90,9,0,124,15,65,90
69,91,12,1,129,15,65,90
69,92,26,1,139,15,60,90
69,93,22,0,134,15,65,90
69,94,16,0,124,20,65,90
69,95,21,0,119,20,80,90
69,96,41,1,124,10,80,90
69,97,45,1,124,15,80,90
69,98,20,1,124,20,65,90
69,99,60,0,154,20,65,90
70,0,1,0,60,50,35,50
70,1,18,0,35,50,35,60
70,2,10,0,30,55,35,60
70,3,41,0,20,65,35,60
70,4,21,0,15,65,50,60
70,5,9,1,20,65,50,60
70,6,11,0,15,65,50,62
70,7,38,1,20,65,50,62
70,8,2,0,10,65,55,62
70,9,22,1,10,70,45,62
70,10,16,0,0,75,45,62
70,11,21,1,0,80,30,62
70,12,49,1,0,85,30,62
70,13,20,0,-5,85,45,62
70,14,18,0,-30,85,45,72
70,15,9,0,-35,85,45,77
70,16,15,1,-35,90,45,77
70,17,31,1,-35,90,55,77
70,18,47,0,-10,90,55,77
70,19,28,1,0,90,55,77
70,20,38,1,5,90,55,77
70,21,41,0,-5,100,55,77
70,22,32,1,-5,90,70,77
70,23,2,1,0,90,60,77
70,24,8,1,-10,90,60,82
70,25,11,0,-15,90,60,84
70,26,10,0,-20,95,60,84
70,27,1,1,-28,95,65,84
70,28,9,0,-33,95,65,89
70,29,40,0,-33,105,55,89
70,30,13,1,-28,110,55,89
70,31,57,1,-28,115,55,89
70,32,22,0,-33,115,60,89
70,33,10,0,-38,120,60,89
70,34,43,1,-38,120,65,74
70,35,9,1,-33,120,65,74
70,36,23,0,-38,110,65,79
70,37,41,1,-33,100,65,79
70,38,11,0,-38,100,65,81
70,39,4,0,-53,105,65,81
70,40,26,0,-58,105,65,86
70,41,5,1,-53,105,55,86
70,42,15,1,-53,110,55,86
70,43,38,0,-58,115,55,86
70,44,33,1,-58,120,55,86
70,45,3,0,-43,120,50,86
70,46,34,0,-43,105,65,86
70,47,7,0,-58,110,65,86
70,48,10,1,-38,110,55,86
70,49,38,1,-33,110,55,86
70,50,58,0,-33,100,55,86
70,51,59,1,-33,105,55,86
70,52,25,1,-33,110,45,86
70,53,14,1,-33,115,45,86
70,54,23,0,-38,105,45,91
70,55,5,0,-43,105,50,91
70,56,39,0,-50,110,50,91
70,57,36,0,-50,105,50,93
70,58,9,0,-55,105,50,98
70,59,10,0,-60,110,50,98
70,60,22,0,-65,110,55,98
70,61,17,1,-80,110,65,98
70,62,20,1,-80,115,50,98
70,63,28,1,-70,115,50,98
70,64,23,0,-75,105,50,103
70,65,14,1,-75,110,50,103
70,66,3,0,-60,110,45,103
70,67,7,0,-75,115,45,103
70,68,11,0,-80,115,45,105
70,69,21,0,-85,115,60,105
70,70,14,1,-85,120,60,105
70,71,15,0,-65,115,60,105
70,72,26,1,-55,115,55,105
70,73,16,0,-65,120,55,105
70,74,21,0,-70,120,70,105
70,75,11,0,-75,120,70,107
70,76,5,0,-80,120,75,107
70,77,3,0,-65,120,70,107
70,78,9,0,-70,120,70,112
70,79,25,1,-70,125,60,112
70,80,12,0,-75,135,60,112
70,81,41,1,-70,125,60,112
70,82,40,0,-70,135,50,112
70,83,44,1,-65,135,50,112
70,84,35,1,-65,125,60,112
70,85,14,1,-65,130,60,112
70,86,5,1,-60,130,50,112
70,87,18,1,-50,130,50,112
70,88,48,0,-60,130,50,117
70,89,7,1,-55,130,50,112
70,90,17,0,-75,140,50,112
70,91,37,1,-65,140,50,112
70,92,40,0,-65,150,40,112
70,93,36,0,-65,145,40,114
70,94,4,1,-55,145,40,109
70,95,43,0,-35,145,30,109
70,96,15,0,-15,140,30,109
70,97,30,1,-15,140,40,109
70,98,41,1,-10,130,40,109
70,99,7,0,-25,135,40,109
71,0,2,1,55,50,40,50
71,1,31,1,55,50,50,50
71,2,9,0,50,50,50,55
71,3,43,0,70,50,40,55
71,4,8,0,70,55,30,55
71,5,3,1,63,55,30,60
71,6,10,1,83,55,20,60
71,7,26,0,78,55,20,65
71,8,20,0,73,55,35,65
71,9,45,1,73,60,35,65
71,10,22,0,68,60,40,65
71,11,23,0,63,50,40,70
71,12,44,0,63,50,50,75
71,13,6,0,73,50,45,75
71,14,26,1,83,50,40,75
71,15,9,0,78,50,40,80
71,16,57,1,78,55,40,80
71,17,44,1,83,55,40,80
71,18,25,0,83,50,50,80
71,19,1,1,75,50,55,80
71,20,15,1,75,55,55,80
71,21,5,1,80,55,45,80
71,22,16,1,80,55,35,80
71,23,25,1,80,60,25,80
71,24,14,0,80,60,25,85
71,25,10,0,75,65,25,85
71,26,32,1,75,55,40,85
71,27,58,1,75,60,40,85
71,28,33,1,75,65,40,85
71,29,8,1,65,65,40,90
71,30,27,0,75,50,40,90
71,31,9,1,80,50,40,90
71,32,7,1,85,50,40,85
71,33,12,0,80,60,40,85
71,34,23,1,90,60,35,85
71,35,36,1,90,65,35,80
71,36,11,1,95,65,35,80
71,37,13,1,100,70,35,80
71,38,17,0,80,80,35,80
71,39,3,0,95,80,30,80
71,40,2,0,85,80,35,80
71,41,14,1,85,85,35,80
71,42,10,0,80,90,35,80
71,43,22,1,80,95,25,80
71,44,43,1,80,95,30,65
71,45,24,0,75,95,35,65
71,46,14,1,75,100,35,65
71,47,40,1,75,90,45,65
71,48,20,0,70,90,60,65
71,49,18,1,80,90,60,65
71,50,19,0,60,90,70,75
71,51,1,0,70,90,55,75
71,52,2,1,75,90,45,75
71,53,59,0,75,90,35,80
71,54,3,0,90,90,30,80
71,55,23,1,100,90,25,80
71,56,11,1,105,90,25,80
71,57,2,0,95,90,30,80
71,58,16,1,95,90,20,80
71,59,46,0,88,90,20,85
71,60,4,0,73,95,20,85
71,61,39,0,66,100,20,85
71,62,1,1,58,100,25,85
71,63,47,1,58,100,25,100
71,64,23,0,53,90,25,105
71,65,44,1,58,90,25,105
71,66,9,1,63,90,25,105
71,67,27,1,63,95,20,105
71,68,25,1,63,100,10,105
71,69,3,1,56,100,10,110
71,70,41,1,61,90,10,110
71,71,2,0,51,90,15,110
71,72,16,1,51,90,5,110
71,73,20,1,51,95,-10,110
71,74,24,0,46,95,-5,110
71,75,41,1,51,85,-5,110
71,76,47,0,76,85,-5,110
71,77,2,1,81,85,-15,110
71,78,14,0,81,85,-15,115
71,79,16,0,71,90,-15,115
71,80,40,0,71,100,-25,115
71,81,1,1,63,100,-20,115
71,82,3,0,78,100,-25,115
71,83,46,0,71,100,-25,120
71,84,23,0,66,90,-25,125
71,85,7,1,71,90,-25,120
71,86,16,1,71,90,-35,120
71,87,2,0,61,90,-30,120
71,88,40,1,61,80,-20,120
71,89,6,1,53,80,-20,125
71,90,60,0,83,80,-20,125
71,91,15,1,83,85,-20,125
71,92,41,1,88,75,-20,125
71,93,22,1,88,80,-30,125
71,94,4,0,73,85,-30,125
71,95,24,1,78,85,-30,125
71,96,36,0,78,80,-30,127
71,97,39,1,83,80,-30,122
71,98,25,1,83,85,-40,122
71,99,45,0,83,85,-40,127
72,0,16,0,40,55,50,50
72,1,37,0,28,65,50,50
72,2,23,0,23,55,50,55
72,3,9,0,18,55,50,60
72,4,8,1,8,55,50,65
72,5,13,0,8,55,50,70
72,6,3,1,1,55,50,75
72,7,2,0,-9,55,55,75
72,8,11,1,-4,55,55,75
72,9,15,0,16,50,55,75
72,10,10,0,11,55,55,75
72,11,57,1,11,60,55,75
72,12,31,1,11,60,65,75
72,13,2,1,16,60,55,75
72,14,25,1,16,65,45,75
72,15,14,1,16,70,45,75
72,16,10,1,36,70,35,75
72,17,36,1,36,75,35,70
72,18,42,0,28,75,35,80
72,19,11,1,33,75,35,80
72,20,39,1,38,75,35,75
72,21,1,0,48,75,20,75
72,22,41,1,53,65,20,75
72,23,21,1,53,70,5,75
72,24,10,0,48,75,5,75
72,25,12,1,53,75,5,75
72,26,11,1,58,75,5,75
72,27,36,0,58,70,5,77
72,28,39,0,51,75,5,77
72,29,23,1,61,75,0,77
72,30,37,1,71,75,0,77
72,31,26,1,81,75,-5,77
72,32,58,0,81,65,-5,77
72,33,40,0,81,75,-15,77
72,34,16,1,81,75,-25,77
72,35,1,1,73,75,-20,77
72,36,43,0,93,75,-30,77
72,37,38,0,88,80,-30,77
72,38,23,1,98,80,-35,77
72,39,14,0,98,80,-35,82
72,40,28,0,88,80,-25,82
72,41,32,1,88,70,-10,82
72,42,25,1,88,75,-20,82
72,43,7,1,93,75,-20,77
72,44,9,0,88,75,-20,82
72,45,26,0,83,75,-20,87
72,46,22,0,78,75,-15,87
72,47,42,0,70,75,-15,97
72,48,3,0,85,75,-20,97
72,49,59,1,85,80,-20,97
72,50,37,0,73,90,-20,97
72,51,27,1,73,95,-25,97
72,52,41,0,63,105,-25,97
72,53,48,0,53,105,-25,102
72,54,12,0,48,115,-25,102
72,55,42,0,40,115,-25,112
72,56,1,1,32,115,-20,112
72,57,22,1,32,120,-30,112
72,58,46,0,25,120,-30,117
72,59,60,1,25,130,-30,117
72,60,11,1,30,130,-30,117
72,61,4,0,15,135,-30,117
72,62,15,0,35,130,-30,117
72,63,2,0,25,130,-25,117
72,64,22,1,25,135,-35,117
72,65,45,1,25,140,-35,117
72,66,19,0,5,140,-25,127
72,67,11,1,10,140,-25,127
72,68,4,1,20,140,-25,122
72,69,1,1,12,140,-20,122
72,70,12,0,7,150,-20,122
72,71,37,1,17,150,-20,122
72,72,36,1,17,155,-20,117
72,73,18,1,27,155,-20,117
72,74,2,0,17,155,-15,117
72,75,15,0,37,150,-15,117
72,76,20,0,32,150,0,117
72,77,39,0,25,155,0,117
72,78,33,1,25,160,0,117
72,79,23,0,20,150,0,122
72,80,34,1,35,150,0,122
72,81,24,0,30,150,5,122
72,82,35,0,30,158,-10,122
72,83,5,0,25,158,-5,122
72,84,20,1,25,163,-20,122
72,85,39,0,18,168,-20,122
72,86,48,0,8,168,-20,127
72,87,16,1,8,168,-30,127
72,88,4,0,-7,173,-30,127
72,89,10,1,13,173,-40,127
72,90,8,0,13,178,-50,127
72,91,37,1,23,178,-50,127
72,92,15,0,43,173,-50,127
72,93,44,0,43,173,-40,132
72,94,20,1,43,178,-55,132
72,95,38,0,38,183,-55,132
72,96,6,0,48,183,-60,132
72,97,4,0,33,188,-60,132
72,98,8,1,23,188,-60,137
72,99,3,1,16,188,-60,142
73,0,26,0,45,50,50,55
73,1,6,0,55,50,45,55
73,2,31,0,55,55,35,55
73,3,7,1,60,55,35,50
73,4,25,1,60,60,25,50
73,5,41,0,50,70,25,50
73,6,16,1,50,70,15,50
73,7,10,0,45,75,15,50
73,8,20,0,40,75,30,50
73,9,27,0,50,60,30,50
73,10,2,1,55,60,20,50
73,11,28,1,65,60,20,50
73,12,8,0,65,65,10,50
73,13,13,0,65,65,10,55
73,14,6,1,57,65,10,60
73,15,36,0,57,60,10,62
73,16,37,0,45,70,10,62
73,17,3,1,38,70,10,67
73,18,29,1,38,85,-10,67
73,19,11,0,33,85,-10,69
73,20,9,1,38,85,-10,69
73,21,15,0,58,80,-10,69
73,22,21,1,58,85,-25,69
73,23,40,1,58,75,-15,69
73,24,23,0,53,65,-15,74
73,25,13,0,53,65,-15,79
73,26,12,0,48,75,-15,79
73,27,26,0,43,75,-15,84
73,28,46,0,36,75,-15,89
73,29,20,1,36,80,-30,89
73,30,38,1,41,80,-30,89
73,31,23,0,36,70,-30,94
73,32,39,1,41,70,-30,89
73,33,26,1,51,70,-35,89
73,34,42,1,51,75,-35,89
73,35,28,1,61,75,-35,89
73,36,25,1,61,80,-45,89
73,37,14,0,61,80,-45,94
73,38,12,0,56,90,-45,94
73,39,57,1,56,95,-45,94
73,40,1,1,48,95,-40,94
73,41,44,1,53,95,-40,94
73,42,8,0,53,100,-50,94
73,43,41,0,43,110,-50,94
73,44,17,0,23,120,-50,94
73,45,5,0,18,120,-45,94
73,46,14,1,18,125,-45,94
73,47,16,1,18,125,-55,94
73,48,21,1,18,130,-70,94
73,49,36,0,18,125,-70,96
73,50,41,0,8,135,-70,96
73,51,1,0,18,135,-85,96
73,52,42,0,10,135,-85,106
73,53,29,1,10,150,-105,106
73,54,20,0,5,150,-90,106
73,55,16,1,5,150,-100,106
73,56,3,0,20,150,-105,106
73,57,6,0,30,150,-110,106
73,58,14,0,30,150,-110,111
73,59,40,1,30,140,-100,111
73,60,9,1,35,140,-100,111
73,61,24,1,40,140,-100,111
73,62,25,1,40,145,-110,111
73,63,42,0,32,145,-110,121
73,64,41,1,37,135,-110,121
73,65,32,0,37,140,-125,121
73,66,22,0,32,140,-120,121
73,67,58,1,32,145,-120,121
73,68,13,0,32,145,-120,126
73,69,16,0,22,150,-120,126
73,70,21,0,17,150,-105,126
73,71,26,1,27,150,-110,126
73,72,25,0,27,145,-100,126
73,73,33,0,57,145,-100,126
73,74,45,1,57,150,-100,126
73,75,29,0,47,150,-95,126
73,76,9,1,52,150,-95,126
73,77,20,0,47,150,-80,126
73,78,26,0,42,150,-80,131
73,79,27,1,42,155,-85,131
73,80,39,0,35,160,-85,131
73,81,17,0,15,170,-85,131
73,82,41,0,5,180,-85,131
73,83,49,0,5,180,-85,136
73,84,45,0,5,180,-85,141
73,85,3,0,20,180,-90,141
73,86,14,0,20,180,-90,146
73,87,46,1,25,180,-90,141
73,88,12,0,20,190,-90,141
73,89,16,1,20,190,-100,141
73,90,10,0,15,195,-100,141
73,91,4,1,25,195,-100,136
73,92,14,0,25,195,-100,141
73,93,46,0,18,195,-100,146
73,94,8,0,18,200,-110,146
73,95,2,1,23,200,-120,146
73,96,25,0,23,195,-110,146
73,97,7,0,8,200,-110,146
73,98,10,1,28,200,-120,146
73,99,9,1,33,200,-120,146
74,0,19,0,30,50,60,60
74,1,29,0,20,50,65,60
74,2,11,1,25,50,65,60
74,3,5,0,20,50,70,60
74,4,49,1,20,55,70,60
74,5,16,0,10,60,70,60
74,6,24,1,15,60,70,60
74,7,22,1,15,65,60,60
74,8,41,0,5,75,60,60
74,9,2,1,10,75,50,60
74,10,30,0,10,75,40,70
74,11,10,1,30,75,30,70
74,12,16,0,20,80,30,70
74,13,21,0,15,80,45,70
74,14,9,1,20,80,45,70
74,15,3,1,13,80,45,75
74,16,11,1,18,80,45,75
74,17,2,1,23,80,35,75
74,18,5,1,28,80,25,75
74,19,25,1,28,85,15,75
74,20,42,1,28,90,15,75
74,21,40,0,28,100,5,75
74,22,16,1,28,100,-5,75
74,23,21,1,28,105,-20,75
74,24,31,0,28,110,-30,75
74,25,37,0,16,120,-30,75
74,26,10,1,36,120,-40,75
74,27,46,0,29,120,-40,80
74,28,41,1,34,110,-40,80
74,29,22,1,34,115,-50,80
74,30,28,1,44,115,-50,80
74,31,13,0,44,115,-50,85
74,32,37,1,54,115,-50,85
74,33,8,1,44,115,-50,90
74,34,15,0,64,110,-50,90
74,35,57,1,64,115,-50,90
74,36,41,1,69,105,-50,90
74,37,4,1,79,105,-50,85
74,38,36,0,79,100,-50,87
74,39,19,0,59,100,-40,97
74,40,1,1,51,100,-35,97
74,41,21,1,51,105,-50,97
74,42,3,1,44,105,-50,102
74,43,42,0,36,105,-50,112
74,44,11,0,31,105,-50,114
74,45,19,0,11,105,-40,124
74,46,1,0,21,105,-55,124
74,47,4,1,31,105,-55,119
74,48,16,0,21,110,-55,119
74,49,26,0,16,110,-55,124
74,50,44,0,16,110,-45,129
74,51,22,0,11,110,-40,129
74,52,45,1,11,115,-40,129
74,53,3,0,26,115,-45,129
74,54,10,0,21,120,-45,129
74,55,25,0,21,115,-35,129
74,56,22,0,16,115,-30,129
74,57,32,1,16,105,-15,129
74,58,2,1,21,105,-25,129
74,59,8,0,21,110,-35,129
74,60,45,1,21,115,-35,129
74,61,10,1,41,115,-45,129
74,62,9,0,36,115,-45,134
74,63,38,0,31,120,-45,134
74,64,8,0,31,125,-55,134
74,65,33,0,61,125,-55,134
74,66,43,0,81,125,-65,134
74,67,11,1,86,125,-65,134
74,68,37,0,74,135,-65,134
74,69,58,1,74,140,-65,134
74,70,1,1,66,140,-60,134
74,71,41,0,56,150,-60,134
74,72,25,1,56,155,-70,134
74,73,15,0,76,150,-70,134
74,74,26,1,86,150,-75,134
74,75,4,0,71,155,-75,134
74,76,20,0,66,155,-60,134
74,77,44,0,66,155,-50,139
74,78,10,0,61,160,-50,139
74,79,1,1,53,160,-45,139
74,80,47,0,78,160,-45,139
74,81,9,1,83,160,-45,139
74,82,59,1,83,165,-45,139
74,83,41,0,73,175,-45,139
74,84,8,1,63,175,-45,144
74,85,36,0,63,170,-45,146
74,86,14,1,63,175,-45,146
74,87,23,1,73,175,-50,146
74,88,26,1,83,175,-55,146
74,89,43,1,83,175,-50,131
74,90,46,0,76,175,-50,136
74,91,29,1,76,190,-70,136
74,92,4,0,61,195,-70,136
74,93,25,1,61,200,-80,136
74,94,16,0,51,205,-80,136
74,95,47,0,76,205,-80,136
74,96,26,1,86,205,-85,136
74,97,24,0,81,205,-80,136
74,98,4,1,91,205,-80,131
74,99,17,1,76,205,-70,131
75,0,22,1,50,55,40,50
75,1,14,1,50,60,40,50
75,2,37,1,60,60,40,50
75,3,42,1,60,65,40,50
75,4,1,1,52,65,45,50
75,5,43,1,52,65,50,35
75,6,12,0,47,75,50,35
75,7,25,0,47,70,60,35
75,8,40,0,47,80,50,35
75,9,15,0,67,75,50,35
75,10,39,0,60,80,50,35
75,11,41,1,65,70,50,35
75,12,47,0,90,70,50,35
75,13,3,0,105,70,45,35
75,14,27,1,105,75,40,35
75,15,11,0,100,75,40,37
75,16,1,1,92,75,45,37
75,17,37,1,102,75,45,37
75,18,24,1,107,75,45,37
75,19,5,0,102,75,50,37
75,20,23,0,97,65,50,42
75,21,36,0,97,60,50,44
75,22,21,0,92,60,65,44
75,23,41,0,82,70,65,44
75,24,4,0,67,75,65,44
75,25,57,1,67,80,65,44
75,26,29,0,57,80,70,44
75,27,1,0,67,80,55,44
75,28,41,1,72,70,55,44
75,29,11,1,77,70,55,44
75,30,23,0,72,60,55,49
75,31,5,0,67,60,60,49
75,32,46,1,72,60,60,44
75,33,24,1,77,60,60,44
75,34,6,0,87,60,55,44
75,35,37,1,97,60,55,44
75,36,7,0,82,65,55,44
75,37,31,0,82,70,45,44
75,38,26,0,77,70,45,49
75,39,8,0,77,75,35,49
75,40,23,1,87,75,30,49
75,41,58,0,87,65,30,49
75,42,16,1,87,65,20,49
75,43,59,1,87,70,20,49
75,44,41,1,92,60,20,49
75,45,7,1,97,60,20,44
75,46,2,1,102,60,10,44
75,47,43,0,122,60,0,44
75,48,16,1,122,60,-10,44
75,49,9,1,127,60,-10,44
75,50,25,0,127,55,0,44
75,51,5,1,132,55,-10,44
75,52,20,1,132,60,-25,44
75,53,7,1,137,60,-25,39
75,54,60,1,137,70,-25,39
75,55,36,0,137,65,-25,41
75,56,23,1,147,65,-30,41
75,57,3,1,140,65,-30,46
75,58,5,1,145,65,-40,46
75,59,8,0,145,70,-50,46
75,60,37,1,155,70,-50,46
75,61,20,0,150,70,-35,46
75,62,13,1,155,75,-35,46
75,63,47,0,180,75,-35,46
75,64,16,0,170,80,-35,46
75,65,1,0,180,80,-50,46
75,66,23,0,175,70,-50,51
75,67,20,1,175,75,-65,51
75,68,10,1,195,75,-75,51
75,69,46,0,188,75,-75,56
75,70,1,0,198,75,-90,56
75,71,8,0,198,80,-100,56
75,72,37,1,208,80,-100,56
75,73,11,0,203,80,-100,58
75,74,6,1,195,80,-100,63
75,75,22,0,190,80,-95,63
75,76,9,1,195,80,-95,63
75,77,38,0,190,85,-95,63
75,78,20,0,185,85,-80,63
75,79,45,0,185,85,-80,68
75,80,3,0,200,85,-85,68
75,81,1,0,210,85,-100,68
75,82,15,1,210,90,-100,68
75,83,23,1,220,90,-105,68
75,84,16,0,210,95,-105,68
75,85,17,1,195,95,-95,68
75,86,9,0,190,95,-95,73
75,87,61,1,190,105,-95,73
75,88,45,1,190,110,-95,73
75,89,43,1,190,110,-90,58
75,90,4,1,200,110,-90,53
75,91,49,0,200,110,-90,58
75,92,2,1,205,110,-100,58
75,93,10,0,200,115,-100,58
75,94,25,1,200,120,-110,58
75,95,39,1,205,120,-110,53
75,96,22,1,205,125,-120,53
75,97,41,0,195,135,-120,53
75,98,32,0,195,140,-135,53
75,99,4,1,205,140,-135,48
76,0,15,1,50,55,50,50
76,1,12,0,45,65,50,50
76,2,41,1,50,55,50,50
76,3,31,1,50,55,60,50
76,4,24,0,45,55,65,50
76,5,32,0,45,60,50,50
76,6,12,0,40,70,50,50
76,7,2,0,30,70,55,50
76,8,4,1,40,70,55,45
76,9,3,0,55,70,50,45
76,10,14,0,55,70,50,50
76,11,11,1,60,70,50,50
76,12,9,1,65,70,50,50
76,13,37,0,53,80,50,50
76,14,41,1,58,70,50,50
76,15,5,1,63,70,40,50
76,16,39,0,56,75,40,50
76,17,23,0,51,65,40,55
76,18,22,1,51,70,30,55
76,19,38,1,56,70,30,55
76,20,8,1,46,70,30,60
76,21,11,0,41,70,30,62
76,22,25,1,41,75,20,62
76,23,44,1,46,75,20,62
76,24,20,1,46,80,5,62
76,25,15,0,66,75,5,62
76,26,40,1,66,65,15,62
76,27,23,1,76,65,10,62
76,28,42,0,68,65,10,72
76,29,9,0,63,65,10,77
76,30,4,0,48,70,10,77
76,31,37,0,36,80,10,77
76,32,13,0,36,80,10,82
76,33,47,1,36,80,10,97
76,34,20,1,36,85,-5,97
76,35,38,1,41,85,-5,97
76,36,33,0,71,85,-5,97
76,37,37,0,59,95,-5,97
76,38,41,1,64,85,-5,97
76,39,25,0,64,80,5,97
76,40,5,1,69,80,-5,97
76,41,3,1,62,80,-5,102
76,42,26,0,57,80,-5,107
76,43,27,0,67,65,-5,107
76,44,36,1,67,70,-5,102
76,45,12,0,62,80,-5,102
76,46,46,1,67,80,-5,97
76,47,44,1,72,80,-5,97
76,48,11,0,67,80,-5,99
76,49,38,0,62,85,-5,99
76,50,4,1,72,85,-5,94
76,51,10,0,67,90,-5,94
76,52,18,0,42,90,-5,104
76,53,15,0,62,85,-5,104
76,54,16,0,52,90,-5,104
76,55,12,1,57,90,-5,104
76,56,5,1,62,90,-15,104
76,57,13,0,62,90,-15,109
76,58,23,0,57,80,-15,114
76,59,8,1,47,80,-15,119
76,60,20,1,47,85,-30,119
76,61,10,1,67,85,-40,119
76,62,41,0,57,95,-40,119
76,63,23,1,67,95,-45,119
76,64,5,0,62,95,-40,119
76,65,17,1,47,95,-30,119
76,66,12,0,42,105,-30,119
76,67,26,1,52,105,-35,119
76,68,18,0,27,105,-35,129
76,69,28,1,37,105,-35,129
76,70,15,0,57,100,-35,129
76,71,13,0,57,100,-35,134
76,72,12,1,62,100,-35,134
76,73,1,1,54,100,-30,134
76,74,3,1,47,100,-30,139
76,75,22,0,42,100,-25,139
76,76,14,1,42,105,-25,139
76,77,15,1,42,110,-25,139
76,78,23,1,52,110,-30,139
76,79,29,0,42,110,-25,139
76,80,16,1,42,110,-35,139
76,81,1,1,34,110,-30,139
76,82,27,1,34,115,-35,139
76,83,20,1,34,120,-50,139
76,84,26,0,29,120,-50,144
76,85,45,1,29,125,-50,144
76,86,39,1,34,125,-50,139
76,87,41,0,24,135,-50,139
76,88,37,0,12,145,-50,139
76,89,2,0,2,145,-45,139
76,90,13,0,2,145,-45,144
76,91,47,1,2,145,-45,159
76,92,23,0,-3,135,-45,164
76,93,12,0,-8,145,-45,164
76,94,14,0,-8,145,-45,169
76,95,44,0,-8,145,-35,174
76,96,30,1,-8,145,-25,174
76,97,4,0,-23,150,-25,174
76,98,16,0,-33,155,-25,174
76,99,25,0,-33,150,-15,174
77,0,36,1,50,55,50,45
77,1,14,0,50,55,50,50
77,2,2,1,55,55,40,50
77,3,12,1,60,55,40,50
77,4,3,1,53,55,40,55
77,5,26,0,48,55,40,60
77,6,9,0,43,55,40,65
77,7,31,1,43,55,50,65
77,8,20,1,43,60,35,65
77,9,14,1,43,65,35,65
77,10,16,0,33,70,35,65
77,11,1,1,25,70,40,65
77,12,26,1,35,70,35,65
77,13,22,0,30,70,40,65
77,14,38,0,25,75,40,65
77,15,44,1,30,75,40,65
77,16,57,0,20,75,40,70
77,17,41,1,25,65,40,70
77,18,6,0,35,65,35,70
77,19,10,1,55,65,25,70
77,20,8,1,45,65,25,75
77,21,43,1,45,65,30,60
77,22,25,1,45,70,20,60
77,23,58,0,45,60,20,60
77,24,20,0,40,60,35,60
77,25,9,1,45,60,35,60
77,26,1,1,37,60,40,60
77,27,47,0,62,60,40,60
77,28,15,1,62,65,40,60
77,29,2,0,52,65,45,60
77,30,16,1,52,65,35,60
77,31,5,0,47,65,40,60
77,32,25,1,47,70,30,60
77,33,43,0,67,70,20,60
77,34,2,0,57,70,25,60
77,35,38,1,62,70,25,60
77,36,12,1,67,70,25,60
77,37,22,0,62,70,30,60
77,38,7,0,47,75,30,60
77,39,32,0,47,80,15,60
77,40,4,0,32,85,15,60
77,41,18,0,7,85,15,70
77,42,8,1,-3,85,15,75
77,43,43,0,17,85,5,75
77,44,33,1,17,90,5,75
77,45,7,0,2,95,5,75
77,46,12,0,-3,105,5,75
77,47,38,1,2,105,5,75
77,48,21,0,-3,105,20,75
77,49,23,0,-8,95,20,80
77,50,1,1,-16,95,25,80
77,51,16,0,-26,100,25,80
77,52,37,0,-38,110,25,80
77,53,12,0,-43,120,25,80
77,54,14,1,-43,125,25,80
77,55,59,0,-43,125,15,85
77,56,20,1,-43,130,0,85
77,57,36,1,-43,135,0,80
77,58,25,0,-43,130,10,80
77,59,34,0,-43,115,25,80
77,60,17,0,-63,125,25,80
77,61,20,1,-63,130,10,80
77,62,22,0,-68,130,15,80
77,63,5,1,-63,130,5,80
77,64,36,0,-63,125,5,82
77,65,10,1,-43,125,-5,82
77,66,15,1,-43,130,-5,82
77,67,42,1,-43,135,-5,82
77,68,18,1,-33,135,-5,82
77,69,23,0,-38,125,-5,87
77,70,9,1,-33,125,-5,87
77,71,3,1,-40,125,-5,92
77,72,1,1,-48,125,0,92
77,73,26,1,-38,125,-5,92
77,74,2,1,-33,125,-15,92
77,75,11,0,-38,125,-15,94
77,76,60,0,-8,125,-15,94
77,77,35,0,-8,133,-30,94
77,78,9,1,-3,133,-30,94
77,79,20,0,-8,133,-15,94
77,80,13,1,-3,138,-15,94
77,81,38,0,-8,143,-15,94
77,82,61,1,-8,153,-15,94
77,83,12,0,-13,163,-15,94
77,84,5,1,-8,163,-25,94
77,85,25,0,-8,158,-15,94
77,86,26,1,2,158,-20,94
77,87,45,0,2,158,-20,99
77,88,48,0,-8,158,-20,104
77,89,14,0,-8,158,-20,109
77,90,13,1,-3,163,-20,109
77,91,38,1,2,163,-20,109
77,92,1,0,12,163,-35,109
77,93,10,0,7,168,-35,109
77,94,5,1,12,168,-45,109
77,95,28,0,2,168,-35,109
77,96,13,0,2,168,-35,114
77,97,16,0,-8,173,-35,114
77,98,23,1,2,173,-40,114
77,99,6,0,12,173,-45,114
78,0,31,0,50,55,40,50
78,1,1,1,42,55,45,50
78,2,21,0,37,55,60,50
78,3,3,0,52,55,55,50
78,4,25,0,52,50,65,50
78,5,29,1,52,65,45,50
78,6,23,0,47,55,45,55
78,7,6,1,39,55,45,60
78,8,27,0,49,40,45,60
78,9,14,1,49,45,45,60
78,10,4,1,59,45,45,55
78,11,18,0,34,45,45,65
78,12,2,0,24,45,50,65
78,13,15,1,24,50,50,65
78,14,6,0,34,50,45,65
78,15,1,0,44,50,30,65
78,16,20,0,39,50,45,65
78,17,23,0,34,40,45,70
78,18,21,0,29,40,60,70
78,19,14,1,29,45,60,70
78,20,32,0,29,50,45,70
78,21,25,0,29,45,55,70
78,22,15,1,29,50,55,70
78,23,13,1,34,55,55,70
78,24,57,0,24,55,55,75
78,25,9,0,19,55,55,80
78,26,14,0,19,55,55,85
78,27,2,1,24,55,45,85
78,28,15,0,44,50,45,85
78,29,24,1,49,50,45,85
78,30,22,1,49,55,35,85
78,31,5,1,54,55,25,85
78,32,38,1,59,55,25,85
78,33,11,1,64,55,25,85
78,34,23,0,59,45,25,90
78,35,2,1,64,45,15,90
78,36,26,0,59,45,15,95
78,37,15,0,79,40,15,95
78,38,16,0,69,45,15,95
78,39,9,0,64,45,15,100
78,40,6,1,56,45,15,105
78,41,2,0,46,45,20,105
78,42,58,1,46,50,20,105
78,43,3,1,39,50,20,110
78,44,14,0,39,50,20,115
78,45,12,0,34,60,20,115
78,46,43,0,54,60,10,115
78,47,37,1,64,60,10,115
78,48,25,0,64,55,20,115
78,49,7,0,49,60,20,115
78,50,2,0,39,60,25,115
78,51,14,0,39,60,25,120
78,52,26,0,34,60,25,125
78,53,11,0,29,60,25,127
78,54,9,0,24,60,25,132
78,55,33,1,24,65,25,132
78,56,27,1,24,70,20,132
78,57,3,1,17,70,20,137
78,58,14,1,17,75,20,137
78,59,34,0,17,60,35,137
78,60,45,1,17,65,35,137
78,61,35,0,17,73,20,137
78,62,2,1,22,73,10,137
78,63,23,1,32,73,5,137
78,64,13,1,37,78,5,137
78,65,42,1,37,83,5,137
78,66,49,1,37,88,5,137
78,67,4,0,22,93,5,137
78,68,14,0,22,93,5,142
78,69,39,0,15,98,5,142
78,70,25,1,15,103,-5,142
78,71,21,1,15,108,-20,142
78,72,13,0,15,108,-20,147
78,73,3,1,8,108,-20,152
78,74,6,1,0,108,-20,157
78,75,46,0,-7,108,-20,162
78,76,39,1,-2,108,-20,157
78,77,27,1,-2,113,-25,157
78,78,12,1,3,113,-25,157
78,79,4,0,-12,118,-25,157
78,80,22,0,-17,118,-20,157
78,81,41,0,-27,128,-20,157
78,82,45,1,-27,133,-20,157
78,83,44,0,-27,133,-10,162
78,84,29,1,-27,148,-30,162
78,85,59,1,-27,153,-30,162
78,86,2,0,-37,153,-25,162
78,87,10,0,-42,158,-25,162
78,88,26,0,-47,158,-25,167
78,89,11,0,-52,158,-25,169
78,90,15,1,-52,163,-25,169
78,91,37,1,-42,163,-25,169
78,92,12,1,-37,163,-25,169
78,93,20,1,-37,168,-40,169
78,94,7,0,-52,173,-40,169
78,95,4,1,-42,173,-40,164
78,96,28,1,-32,173,-40,164
78,97,11,0,-37,173,-40,166
78,98,13,0,-37,173,-40,171
78,99,9,1,-32,173,-40,171
79,0,16,0,40,55,50,50
79,1,27,0,50,40,50,50
79,2,20,1,50,45,35,50
79,3,39,0,43,50,35,50
79,4,3,0,58,50,30,50
79,5,31,1,58,50,40,50
79,6,32,0,58,55,25,50
79,7,1,0,68,55,10,50
79,8,26,0,63,55,10,55
79,9,5,1,68,55,0,55
79,10,7,1,73,55,0,50
79,11,28,0,63,55,10,50
79,12,17,1,48,55,20,50
79,13,27,1,48,60,15,50
79,14,1,1,40,60,20,50
79,15,23,1,50,60,15,50
79,16,44,1,55,60,15,50
79,17,24,0,50,60,20,50
79,18,4,0,35,65,20,50
79,19,41,1,40,55,20,50
79,20,14,0,40,55,20,55
79,21,20,1,40,60,5,55
79,22,57,1,40,65,5,55
79,23,3,1,33,65,5,60
79,24,10,0,28,70,5,60
79,25,7,0,13,75,5,60
79,26,33,0,43,75,5,60
79,27,45,0,43,75,5,65
79,28,12,1,48,75,5,65
79,29,39,0,41,80,5,65
79,30,10,0,36,85,5,65
79,31,43,1,36,85,10,50
79,32,25,1,36,90,0,50
79,33,28,1,46,90,0,50
79,34,16,0,36,95,0,50
79,35,18,0,11,95,0,60
79,36,3,1,4,95,0,65
79,37,17,0,-16,105,0,65
79,38,12,1,-11,105,0,65
79,39,15,1,-11,110,0,65
79,40,47,0,14,110,0,65
79,41,25,0,14,105,10,65
79,42,9,1,19,105,10,65
79,43,14,0,19,105,10,70
79,44,24,1,24,105,10,70
79,45,45,1,24,110,10,70
79,46,1,0,34,110,-5,70
79,47,43,0,54,110,-15,70
79,48,46,0,47,110,-15,75
79,49,26,0,42,110,-15,80
79,50,15,1,42,115,-15,80
79,51,16,1,42,115,-25,80
79,52,37,0,30,125,-25,80
79,53,11,1,35,125,-25,80
79,54,9,0,30,125,-25,85
79,55,43,1,30,125,-20,70
79,56,14,0,30,125,-20,75
79,57,2,1,35,125,-30,75
79,58,27,1,35,130,-35,75
79,59,25,1,35,135,-45,75
79,60,11,0,30,135,-45,77
79,61,1,0,40,135,-60,77
79,62,46,0,33,135,-60,82
79,63,14,1,33,140,-60,82
79,64,5,0,28,140,-55,82
79,65,48,0,18,140,-55,87
79,66,16,0,8,145,-55,87
79,67,9,0,3,145,-55,92
79,68,18,0,-22,145,-55,102
79,69,6,1,-30,145,-55,107
79,70,39,0,-37,150,-55,107
79,71,36,0,-37,145,-55,109
79,72,23,1,-27,145,-60,109
79,73,11,0,-32,145,-60,111
79,74,2,1,-27,145,-70,111
79,75,41,1,-22,135,-70,111
79,76,34,0,-22,120,-55,111
79,77,8,1,-32,120,-55,116
79,78,11,1,-27,120,-55,116
79,79,9,1,-22,120,-55,116
79,80,2,1,-17,120,-65,116
79,81,23,1,-7,120,-70,116
79,82,26,1,3,120,-75,116
79,83,5,1,8,120,-85,116
79,84,14,0,8,120,-85,121
79,85,22,0,3,120,-80,121
79,86,11,0,-2,120,-80,123
79,87,3,1,-9,120,-80,128
79,88,8,1,-19,120,-80,133
79,89,1,1,-27,120,-75,133
79,90,27,0,-17,105,-75,133
79,91,42,0,-25,105,-75,143
79,92,20,1,-25,110,-90,143
79,93,4,0,-40,115,-90,143
79,94,30,0,-40,115,-100,153
79,95,26,1,-30,115,-105,153
79,96,3,1,-37,115,-105,158
79,97,23,1,-27,115,-110,158
79,98,36,1,-27,120,-110,153
79,99,9,1,-22,120,-110,153
80,0,17,1,35,50,60,50
80,1,47,1,35,50,60,65
80,2,14,0,35,50,60,70
80,3,16,1,35,50,50,70
80,4,20,0,30,50,65,70
80,5,26,0,25,50,65,75
80,6,23,1,35,50,60,75
80,7,5,1,40,50,50,75
80,8,45,0,40,50,50,80
80,9,46,1,45,50,50,75
80,10,2,1,50,50,40,75
80,11,23,0,45,40,40,80
80,12,21,0,40,40,55,80
80,13,15,1,40,45,55,80
80,14,39,1,45,45,55,75
80,15,31,1,45,45,65,75
80,16,14,1,45,50,65,75
80,17,13,0,45,50,65,80
80,18,2,1,50,50,55,80
80,19,20,0,45,50,70,80
80,20,22,0,40,50,75,80
80,21,9,1,45,50,75,80
80,22,41,0,35,60,75,80
80,23,36,1,35,65,75,75
80,24,26,0,30,65,75,80
80,25,47,1,30,65,75,95
80,26,44,0,30,65,85,100
80,27,23,0,25,55,85,105
80,28,57,0,15,55,85,110
80,29,29,1,15,70,65,110
80,30,16,1,15,70,55,110
80,31,45,1,15,75,55,110
80,32,8,1,5,75,55,115
80,33,25,0,5,70,65,115
80,34,44,0,5,70,75,120
80,35,21,0,0,70,90,120
80,36,3,0,15,70,85,120
80,37,16,1,15,70,75,120
80,38,9,1,20,70,75,120
80,39,22,0,15,70,80,120
80,40,47,1,15,70,80,135
80,41,37,0,3,80,80,135
80,42,25,0,3,75,90,135
80,43,19,1,18,75,90,135
80,44,40,0,18,85,80,135
80,45,12,1,23,85,80,135
80,46,15,1,23,90,80,135
80,47,58,1,23,95,80,135
80,48,7,1,28,95,80,130
80,49,10,0,23,100,80,130
80,50,12,1,28,100,80,130
80,51,11,0,23,100,80,132
80,52,1,0,33,100,65,132
80,53,38,0,28,105,65,132
80,54,41,1,33,95,65,132
80,55,13,1,38,100,65,132
80,56,26,1,48,100,60,132
80,57,10,0,43,105,60,132
80,58,28,0,33,105,70,132
80,59,14,0,33,105,70,137
80,60,21,1,33,110,55,137
80,61,9,0,28,110,55,142
80,62,12,1,33,110,55,142
80,63,22,1,33,115,45,142
80,64,44,0,33,115,55,147
80,65,16,0,23,120,55,147
80,66,47,0,48,120,55,147
80,67,18,0,23,120,55,157
80,68,59,0,23,120,45,162
80,69,24,1,28,120,45,162
80,70,25,1,28,125,35,162
80,71,47,0,53,125,35,162
80,72,27,0,63,110,35,162
80,73,9,0,58,110,35,167
80,74,60,0,88,110,35,167
80,75,23,0,83,100,35,172
80,76,44,1,88,100,35,172
80,77,12,1,93,100,35,172
80,78,41,0,83,110,35,172
80,79,9,0,78,110,35,177
80,80,11,1,83,110,35,177
80,81,8,1,73,110,35,182
80,82,42,0,65,110,35,192
80,83,30,1,65,110,45,192
80,84,46,0,58,110,45,197
80,85,13,1,63,115,45,197
80,86,10,0,58,120,45,197
80,87,5,1,63,120,35,197
80,88,32,1,63,110,50,197
80,89,6,1,55,110,50,202
80,90,61,0,55,110,70,202
80,91,13,1,60,115,70,202
80,92,14,1,60,120,70,202
80,93,20,0,55,120,85,202
80,94,26,0,50,120,85,207
80,95,37,1,60,120,85,207
80,96,2,1,65,120,75,207
80,97,22,1,65,125,65,207
80,98,7,0,50,130,65,207
80,99,14,1,50,135,65,207
81,0,16,0,40,55,50,50
81,1,22,1,40,60,40,50
81,2,6,1,32,60,40,55
81,3,41,0,22,70,40,55
81,4,4,1,32,70,40,50
81,5,3,1,25,70,40,55
81,6,30,0,25,70,30,65
81,7,1,0,35,70,15,65
81,8,22,0,30,70,20,65
81,9,4,0,15,75,20,65
81,10,41,1,20,65,20,65
81,11,11,0,15,65,20,67
81,12,31,1,15,65,30,67
81,13,12,0,10,75,30,67
81,14,14,1,10,80,30,67
81,15,32,1,10,70,45,67
81,16,11,1,15,70,45,67
81,17,16,0,5,75,45,67
81,18,44,0,5,75,55,72
81,19,4,0,-10,80,55,72
81,20,20,0,-15,80,70,72
81,21,11,0,-20,80,70,74
81,22,12,0,-25,90,70,74
81,23,27,0,-15,75,70,74
81,24,39,1,-10,75,70,69
81,25,36,1,-10,80,70,64
81,26,22,1,-10,85,60,64
81,27,12,0,-15,95,60,64
81,28,5,0,-20,95,65,64
81,29,13,1,-15,100,65,64
81,30,14,1,-15,105,65,64
81,31,10,0,-20,110,65,64
81,32,22,0,-25,110,70,64
81,33,38,0,-30,115,70,64
81,34,36,1,-30,120,70,59
81,35,33,1,-30,125,70,59
81,36,46,0,-37,125,70,64
81,37,43,0,-17,125,60,64
81,38,4,1,-7,125,60,59
81,39,20,1,-7,130,45,59
81,40,8,1,-17,130,45,64
81,41,25,0,-17,125,55,64
81,42,37,0,-29,135,55,64
81,43,49,1,-29,140,55,64
81,44,5,0,-34,140,60,64
81,45,15,0,-14,135,60,64
81,46,27,1,-14,140,55,64
81,47,25,1,-14,145,45,64
81,48,10,1,6,145,35,64
81,49,20,1,6,150,20,64
81,50,26,0,1,150,20,69
81,51,40,1,1,140,30,69
81,52,22,0,-4,140,35,69
81,53,23,1,6,140,30,69
81,54,17,0,-14,150,30,69
81,55,4,0,-29,155,30,69
81,56,20,0,-34,155,45,69
81,57,13,1,-29,160,45,69
81,58,12,0,-34,170,45,69
81,59,29,1,-34,185,25,69
81,60,28,1,-24,185,25,69
81,61,39,0,-31,190,25,69
81,62,30,0,-31,190,15,79
81,63,14,1,-31,195,15,79
81,64,21,0,-36,195,30,79
81,65,1,0,-26,195,15,79
81,66,19,0,-46,195,25,89
81,67,13,1,-41,200,25,89
81,68,25,1,-41,205,15,89
81,69,28,1,-31,205,15,89
81,70,14,0,-31,205,15,94
81,71,41,0,-41,215,15,94
81,72,13,0,-41,215,15,99
81,73,57,0,-51,215,15,104
81,74,27,0,-41,200,15,104
81,75,22,0,-46,200,20,104
81,76,1,0,-36,200,5,104
81,77,41,1,-31,190,5,104
81,78,4,1,-21,190,5,99
81,79,14,1,-21,195,5,99
81,80,10,1,-1,195,-5,99
81,81,11,0,-6,195,-5,101
81,82,5,0,-11,195,0,101
81,83,23,1,-1,195,-5,101
81,84,40,0,-1,205,-15,101
81,85,9,0,-6,205,-15,106
81,86,6,1,-14,205,-15,111
81,87,8,1,-24,205,-15,116
81,88,27,0,-14,190,-15,116
81,89,19,1,1,190,-15,116
81,90,28,0,-9,190,-5,116
81,91,42,1,-9,195,-5,116
81,92,16,1,-9,195,-15,116
81,93,13,1,-4,200,-15,116
81,94,9,1,1,200,-15,116
81,95,8,1,-9,200,-15,121
81,96,44,1,-4,200,-15,121
81,97,15,1,-4,205,-15,121
81,98,1,1,-12,205,-10,121
81,99,9,1,-7,205,-10,121
82,0,23,1,60,50,45,50
82,1,10,1,80,50,35,50
82,2,4,1,90,50,35,45
82,3,3,0,105,50,30,45
82,4,9,1,110,50,30,45
82,5,7,0,95,55,30,45
82,6,43,1,95,55,35,30
82,7,10,0,90,60,35,30
82,8,57,1,90,65,35,30
82,9,6,1,82,65,35,35
82,10,48,0,72,65,35,40
82,11,31,0,72,70,25,40
82,12,15,1,72,75,25,40
82,13,1,0,82,75,10,40
82,14,39,1,87,75,10,35
82,15,3,0,102,75,5,35
82,16,2,0,92,75,10,35
82,17,6,1,84,75,10,40
82,18,41,0,74,85,10,40
82,19,27,1,74,90,5,40
82,20,25,1,74,95,-5,40
82,21,3,1,67,95,-5,45
82,22,13,0,67,95,-5,50
82,23,36,0,67,90,-5,52
82,24,2,0,57,90,0,52
82,25,9,1,62,90,0,52
82,26,14,1,62,95,0,52
82,27,1,0,72,95,-15,52
82,28,22,0,67,95,-10,52
82,29,26,0,62,95,-10,57
82,30,47,1,62,95,-10,72
82,31,28,0,52,95,0,72
82,32,42,0,44,95,0,82
82,33,4,0,29,100,0,82
82,34,10,1,49,100,-10,82
82,35,2,1,54,100,-20,82
82,36,17,1,39,100,-10,82
82,37,47,1,39,100,-10,97
82,38,23,0,34,90,-10,102
82,39,22,0,29,90,-5,102
82,40,3,1,22,90,-5,107
82,41,21,1,22,95,-20,107
82,42,25,1,22,100,-30,107
82,43,9,0,17,100,-30,112
82,44,44,1,22,100,-30,112
82,45,58,1,22,105,-30,112
82,46,22,0,17,105,-25,112
82,47,20,0,12,105,-10,112
82,48,46,0,5,105,-10,117
82,49,38,1,10,105,-10,117
82,50,5,0,5,105,-5,117
82,51,36,1,5,110,-5,112
82,52,2,0,-5,110,0,112
82,53,23,1,5,110,-5,112
82,54,47,1,5,110,-5,127
82,55,12,1,10,110,-5,127
82,56,4,1,20,110,-5,122
82,57,9,1,25,110,-5,122
82,58,30,1,25,110,5,122
82,59,36,0,25,105,5,124
82,60,1,1,17,105,10,124
82,61,13,0,17,105,10,129
82,62,11,1,22,105,10,129
82,63,20,1,22,110,-5,129
82,64,22,1,22,115,-15,129
82,65,4,0,7,120,-15,129
82,66,59,1,7,125,-15,129
82,67,10,1,27,125,-25,129
82,68,16,1,27,125,-35,129
82,69,12,1,32,125,-35,129
82,70,42,0,24,125,-35,139
82,71,46,0,17,125,-35,144
82,72,25,1,17,130,-45,144
82,73,20,0,12,130,-30,144
82,74,1,0,22,130,-45,144
82,75,2,0,12,130,-40,144
82,76,23,0,7,120,-40,149
82,77,26,0,2,120,-40,154
82,78,14,0,2,120,-40,159
82,79,16,0,-8,125,-40,159
82,80,4,1,2,125,-40,154
82,81,24,1,7,125,-40,154
82,82,17,1,-8,125,-30,154
82,83,41,1,-3,115,-30,154
82,84,5,0,-8,115,-25,154
82,85,12,0,-13,125,-25,154
82,86,6,0,-3,125,-30,154
82,87,14,0,-3,125,-30,159
82,88,60,0,27,125,-30,159
82,89,3,1,20,125,-30,164
82,90,28,0,10,125,-20,164
82,91,13,0,10,125,-20,169
82,92,26,0,5,125,-20,174
82,93,1,1,-3,125,-15,174
82,94,10,0,-8,130,-15,174
82,95,12,1,-3,130,-15,174
82,96,39,0,-10,135,-15,174
82,97,42,0,-18,135,-15,184
82,98,13,0,-18,135,-15,189
82,99,10,0,-23,140,-15,189
83,0,16,1,50,50,40,50
83,1,9,1,55,50,40,50
83,2,20,1,55,55,25,50
83,3,25,1,55,60,15,50
83,4,42,1,55,65,15,50
83,5,18,1,65,65,15,50
83,6,5,1,70,65,5,50
83,7,8,0,70,70,-5,50
83,8,20,0,65,70,10,50
83,9,43,0,85,70,0,50
83,10,14,0,85,70,0,55
83,11,22,0,80,70,5,55
83,12,37,0,68,80,5,55
83,13,15,0,88,75,5,55
83,14,25,0,88,70,15,55
83,15,31,0,88,75,5,55
83,16,8,1,78,75,5,60
83,17,13,1,83,80,5,60
83,18,1,0,93,80,-10,60
83,19,2,1,98,80,-20,60
83,20,10,1,118,80,-30,60
83,21,16,0,108,85,-30,60
83,22,13,1,113,90,-30,60
83,23,23,1,123,90,-35,60
83,24,38,1,128,90,-35,60
83,25,2,1,133,90,-45,60
83,26,25,1,133,95,-55,60
83,27,24,1,138,95,-55,60
83,28,27,0,148,80,-55,60
83,29,37,1,158,80,-55,60
83,30,14,0,158,80,-55,65
83,31,30,1,158,80,-45,65
83,32,4,0,143,85,-45,65
83,33,23,0,138,75,-45,70
83,34,13,0,138,75,-45,75
83,35,24,1,143,75,-45,75
83,36,45,0,143,75,-45,80
83,37,16,1,143,75,-55,80
83,38,37,1,153,75,-55,80
83,39,12,1,158,75,-55,80
83,40,6,1,150,75,-55,85
83,41,57,0,140,75,-55,90
83,42,36,1,140,80,-55,85
83,43,14,0,140,80,-55,90
83,44,23,0,135,70,-55,95
83,45,5,0,130,70,-50,95
83,46,6,0,140,70,-55,95
83,47,20,1,140,75,-70,95
83,48,14,1,140,80,-70,95
83,49,41,0,130,90,-70,95
83,50,11,0,125,90,-70,97
83,51,26,1,135,90,-75,97
83,52,2,1,140,90,-85,97
83,53,32,1,140,80,-70,97
83,54,23,1,150,80,-75,97
83,55,9,1,155,80,-75,97
83,56,5,1,160,80,-85,97
83,57,58,0,160,70,-85,97
83,58,2,0,150,70,-80,97
83,59,21,1,150,75,-95,97
83,60,29,0,140,75,-90,97
83,61,23,0,135,65,-90,102
83,62,22,0,130,65,-85,102
83,63,1,1,122,65,-80,102
83,64,3,0,137,65,-85,102
83,65,42,0,129,65,-85,112
83,66,26,0,124,65,-85,117
83,67,23,1,134,65,-90,117
83,68,39,0,127,70,-90,117
83,69,27,1,127,75,-95,117
83,70,1,1,119,75,-90,117
83,71,36,1,119,80,-90,112
83,72,25,0,119,75,-80,112
83,73,40,1,119,65,-70,112
83,74,14,1,119,70,-70,112
83,75,22,1,119,75,-80,112
83,76,1,0,129,75,-95,112
83,77,11,1,134,75,-95,112
83,78,15,0,154,70,-95,112
83,79,12,0,149,80,-95,112
83,80,49,1,149,85,-95,112
83,81,5,1,154,85,-105,112
83,82,22,1,154,90,-115,112
83,83,14,1,154,95,-115,112
83,84,30,1,154,95,-105,112
83,85,16,1,154,95,-115,112
83,86,59,1,154,100,-115,112
83,87,1,1,146,100,-110,112
83,88,6,0,156,100,-115,112
83,89,41,0,146,110,-115,112
83,90,39,1,151,110,-115,107
83,91,14,0,151,110,-115,112
83,92,26,0,146,110,-115,117
83,93,27,0,156,95,-115,117
83,94,22,0,151,95,-110,117
83,95,9,0,146,95,-110,122
83,96,33,1,146,100,-110,122
83,97,38,0,141,105,-110,122
83,98,5,1,146,105,-120,122
83,99,45,0,146,105,-120,127
84,0,12,0,45,60,50,50
84,1,15,1,45,65,50,50
84,2,31,0,45,70,40,50
84,3,38,0,40,75,40,50
84,4,3,0,55,75,35,50
84,5,27,0,65,60,35,50
84,6,4,1,75,60,35,45
84,7,1,0,85,60,20,45
84,8,14,0,85,60,20,50
84,9,43,1,85,60,25,35
84,10,13,0,85,60,25,40
84,11,47,0,110,60,25,40
84,12,8,0,110,65,15,40
84,13,25,0,110,60,25,40
84,14,20,0,105,60,40,40
84,15,21,1,105,65,25,40
84,16,45,1,105,70,25,40
84,17,43,0,125,70,15,40
84,18,23,1,135,70,10,40
84,19,7,1,140,70,10,35
84,20,22,0,135,70,15,35
84,21,6,0,145,70,10,35
84,22,25,0,145,65,20,35
84,23,3,1,138,65,20,40
84,24,27,1,138,70,15,40
84,25,10,0,133,75,15,40
84,26,48,1,133,80,15,30
84,27,36,0,133,75,15,32
84,28,57,1,133,80,15,32
84,29,40,1,133,70,25,32
84,30,21,1,133,75,10,32
84,31,12,1,138,75,10,32
84,32,14,0,138,75,10,37
84,33,4,1,148,75,10,32
84,34,42,0,140,75,10,42
84,35,20,0,135,75,25,42
84,36,28,1,145,75,25,42
84,37,29,1,145,90,5,42
84,38,9,0,140,90,5,47
84,39,45,0,140,90,5,52
84,40,12,1,145,90,5,52
84,41,1,0,155,90,-10,52
84,42,11,0,150,90,-10,54
84,43,41,1,155,80,-10,54
84,44,4,1,165,80,-10,49
84,45,12,1,170,80,-10,49
84,46,16,1,170,80,-20,49
84,47,44,1,175,80,-20,49
84,48,43,1,175,80,-15,34
84,49,25,1,175,85,-25,34
84,50,26,1,185,85,-30,34
84,51,16,0,175,90,-30,34
84,52,36,0,175,85,-30,36
84,53,22,1,175,90,-40,36
84,54,1,0,185,90,-55,36
84,55,39,1,190,90,-55,31
84,56,25,1,190,95,-65,31
84,57,13,1,195,100,-65,31
84,58,14,0,195,100,-65,36
84,59,26,1,205,100,-70,36
84,60,16,0,195,105,-70,36
84,61,12,0,190,115,-70,36
84,62,22,1,190,120,-80,36
84,63,25,0,190,115,-70,36
84,64,42,0,182,115,-70,46
84,65,40,1,182,105,-60,46
84,66,1,1,174,105,-55,46
84,67,26,1,184,105,-60,46
84,68,15,1,184,110,-60,46
84,69,10,0,179,115,-60,46
84,70,3,1,172,115,-60,51
84,71,32,1,172,105,-45,51
84,72,28,0,162,105,-35,51
84,73,26,1,172,105,-40,51
84,74,16,0,162,110,-40,51
84,75,9,1,167,110,-40,51
84,76,4,0,152,115,-40,51
84,77,5,1,157,115,-50,51
84,78,3,1,150,115,-50,56
84,79,33,0,180,115,-50,56
84,80,42,1,180,120,-50,56
84,81,26,1,190,120,-55,56
84,82,7,1,195,120,-55,51
84,83,16,1,195,120,-65,51
84,84,39,0,188,125,-65,51
84,85,4,1,198,125,-65,46
84,86,9,0,193,125,-65,51
84,87,29,0,183,125,-60,51
84,88,21,1,183,130,-75,51
84,89,20,0,178,130,-60,51
84,90,23,0,173,120,-60,56
84,91,26,1,183,120,-65,56
84,92,1,0,193,120,-80,56
84,93,58,1,193,125,-80,56
84,94,4,0,178,130,-80,56
84,95,20,0,173,130,-65,56
84,96,42,0,165,130,-65,66
84,97,41,0,155,140,-65,66
84,98,11,0,150,140,-65,68
84,99,34,1,165,140,-65,68
85,0,19,1,65,50,50,50
85,1,23,0,60,40,50,55
85,2,29,1,60,55,30,55
85,3,14,0,60,55,30,60
85,4,7,1,65,55,30,55
85,5,4,1,75,55,30,50
85,6,24,0,70,55,35,50
85,7,25,1,70,60,25,50
85,8,9,1,75,60,25,50
85,9,31,1,75,60,35,50
85,10,37,1,85,60,35,50
85,11,22,0,80,60,40,50
85,12,32,0,80,65,25,50
85,13,1,1,72,65,30,50
85,14,38,0,67,70,30,50
85,15,25,1,67,75,20,50
85,16,27,0,77,60,20,50
85,17,5,0,72,60,25,50
85,18,57,0,62,60,25,55
85,19,19,1,77,60,25,55
85,20,30,1,77,60,35,55
85,21,13,1,82,65,35,55
85,22,11,1,87,65,35,55
85,23,10,1,107,65,25,55
85,24,58,1,107,70,25,55
85,25,15,1,107,75,25,55
85,26,41,0,97,85,25,55
85,27,14,1,97,90,25,55
85,28,9,0,92,90,25,60
85,29,4,1,102,90,25,55
85,30,38,0,97,95,25,55
85,31,42,1,97,100,25,55
85,32,45,0,97,100,25,60
85,33,3,1,90,100,25,65
85,34,22,0,85,100,30,65
85,35,59,1,85,105,30,65
85,36,25,0,85,100,40,65
85,37,16,0,75,105,40,65
85,38,12,0,70,115,40,65
85,39,17,0,50,125,40,65
85,40,9,1,55,125,40,65
85,41,41,0,45,135,40,65
85,42,1,0,55,135,25,65
85,43,36,0,55,130,25,67
85,44,13,1,60,135,25,67
85,45,3,1,53,135,25,72
85,46,16,1,53,135,15,72
85,47,60,1,53,145,15,72
85,48,11,1,58,145,15,72
85,49,8,0,58,150,5,72
85,50,46,1,63,150,5,67
85,51,5,1,68,150,-5,67
85,52,36,1,68,155,-5,62
85,53,6,1,60,155,-5,67
85,54,24,0,55,155,0,67
85,55,48,0,45,155,0,72
85,56,39,1,50,155,0,67
85,57,36,1,50,160,0,62
85,58,2,1,55,160,-10,62
85,59,5,0,50,160,-5,62
85,60,33,1,50,165,-5,62
85,61,12,0,45,175,-5,62
85,62,3,0,60,175,-10,62
85,63,8,0,60,180,-20,62
85,64,43,1,60,180,-15,47
85,65,27,0,70,165,-15,47
85,66,2,0,60,165,-10,47
85,67,25,0,60,160,0,47
85,68,15,1,60,165,0,47
85,69,41,1,65,155,0,47
85,70,12,0,60,165,0,47
85,71,3,1,53,165,0,52
85,72,9,0,48,165,0,57
85,73,26,0,43,165,0,62
85,74,14,1,43,170,0,62
85,75,8,1,33,170,0,67
85,76,10,1,53,170,-10,67
85,77,47,1,53,170,-10,82
85,78,12,1,58,170,-10,82
85,79,18,1,68,170,-10,82
85,80,26,0,63,170,-10,87
85,81,2,1,68,170,-20,87
85,82,16,1,68,170,-30,87
85,83,10,1,88,170,-40,87
85,84,61,0,88,170,-20,87
85,85,39,0,81,175,-20,87
85,86,7,1,86,175,-20,82
85,87,26,1,96,175,-25,82
85,88,15,1,96,180,-25,82
85,89,4,1,106,180,-25,77
85,90,12,0,101,190,-25,77
85,91,22,1,101,195,-35,77
85,92,24,0,96,195,-30,77
85,93,16,0,86,200,-30,77
85,94,48,1,86,205,-30,67
85,95,10,1,106,205,-40,67
85,96,29,0,96,205,-35,67
85,97,26,1,106,205,-40,67
85,98,3,0,121,205,-45,67
85,99,41,1,126,195,-45,67
86,0,10,1,70,50,40,50
86,1,22,1,70,55,30,50
86,2,40,0,70,65,20,50
86,3,2,1,75,65,10,50
86,4,29,0,65,65,15,50
86,5,39,0,58,70,15,50
86,6,42,1,58,75,15,50
86,7,26,1,68,75,10,50
86,8,16,0,58,80,10,50
86,9,8,0,58,85,0,50
86,10,2,0,48,85,5,50
86,11,22,0,43,85,10,50
86,12,11,0,38,85,10,52
86,13,25,1,38,90,0,52
86,14,3,0,53,90,-5,52
86,15,38,1,58,90,-5,52
86,16,16,0,48,95,-5,52
86,17,6,0,58,95,-10,52
86,18,31,1,58,95,0,52
86,19,49,1,58,100,0,52
86,20,22,1,58,105,-10,52
86,21,20,0,53,105,5,52
86,22,14,1,53,110,5,52
86,23,16,0,43,115,5,52
86,24,1,1,35,115,10,52
86,25,11,0,30,115,10,54
86,26,8,1,20,115,10,59
86,27,10,0,15,120,10,59
86,28,47,1,15,120,10,74
86,29,4,0,0,125,10,74
86,30,32,1,0,115,25,74
86,31,41,1,5,105,25,74
86,32,33,1,5,110,25,74
86,33,3,1,-2,110,25,79
86,34,13,1,3,115,25,79
86,35,25,0,3,110,35,79
86,36,16,1,3,110,25,79
86,37,6,0,13,110,20,79
86,38,9,1,18,110,20,79
86,39,7,0,3,115,20,79
86,40,40,0,3,125,10,79
86,41,41,1,8,115,10,79
86,42,12,1,13,115,10,79
86,43,45,0,13,115,10,84
86,44,23,1,23,115,5,84
86,45,8,0,23,120,-5,84
86,46,37,1,33,120,-5,84
86,47,38,1,38,120,-5,84
86,48,22,1,38,125,-15,84
86,49,27,0,48,110,-15,84
86,50,25,1,48,115,-25,84
86,51,26,0,43,115,-25,89
86,52,1,1,35,115,-20,89
86,53,2,1,40,115,-30,89
86,54,41,0,30,125,-30,89
86,55,22,0,25,125,-25,89
86,56,4,0,10,130,-25,89
86,57,9,0,5,130,-25,94
86,58,16,1,5,130,-35,94
86,59,36,1,5,135,-35,89
86,60,14,1,5,140,-35,89
86,61,8,1,-5,140,-35,94
86,62,1,1,-13,140,-30,94
86,63,9,1,-8,140,-30,94
86,64,44,1,-3,140,-30,94
86,65,4,1,7,140,-30,89
86,66,16,1,7,140,-40,89
86,67,41,1,12,130,-40,89
86,68,12,1,17,130,-40,89
86,69,8,0,17,135,-50,89
86,70,40,1,17,125,-40,89
86,71,10,1,37,125,-50,89
86,72,11,1,42,125,-50,89
86,73,22,0,37,125,-45,89
86,74,8,1,27,125,-45,94
86,75,5,0,22,125,-40,94
86,76,15,1,22,130,-40,94
86,77,42,1,22,135,-40,94
86,78,40,0,22,145,-50,94
86,79,44,0,22,145,-40,99
86,80,7,1,27,145,-40,94
86,81,15,0,47,140,-40,94
86,82,2,1,52,140,-50,94
86,83,11,0,47,140,-50,96
86,84,23,0,42,130,-50,101
86,85,24,1,47,130,-50,101
86,86,34,0,47,115,-35,101
86,87,57,1,47,120,-35,101
86,88,58,0,47,110,-35,101
86,89,20,1,47,115,-50,101
86,90,11,1,52,115,-50,101
86,91,26,0,47,115,-50,106
86,92,39,1,52,115,-50,101
86,93,1,0,62,115,-65,101
86,94,45,0,62,115,-65,106
86,95,11,0,57,115,-65,108
86,96,26,1,67,115,-70,108
86,97,17,1,52,115,-60,108
86,98,27,0,62,100,-60,108
86,99,15,0,82,95,-60,108
87,0,4,1,60,50,50,45
87,1,5,1,65,50,40,45
87,2,46,0,58,50,40,50
87,3,2,0,48,50,45,50
87,4,7,1,53,50,45,45
87,5,14,1,53,55,45,45
87,6,27,1,53,60,40,45
87,7,9,0,48,60,40,50
87,8,37,0,36,70,40,50
87,9,57,1,36,75,40,50
87,10,42,0,28,75,40,60
87,11,2,0,18,75,45,60
87,12,4,1,28,75,45,55
87,13,58,1,28,80,45,55
87,14,5,0,23,80,50,55
87,15,25,1,23,85,40,55
87,16,6,1,15,85,40,60
87,17,17,0,-5,95,40,60
87,18,4,0,-20,100,40,60
87,19,37,1,-10,100,40,60
87,20,23,1,0,100,35,60
87,21,26,0,-5,100,35,65
87,22,14,1,-5,105,35,65
87,23,25,0,-5,100,45,65
87,24,31,1,-5,100,55,65
87,25,19,0,-25,100,65,75
87,26,44,1,-20,100,65,75
87,27,18,1,-10,100,65,75
87,28,13,1,-5,105,65,75
87,29,5,0,-10,105,70,75
87,30,26,0,-15,105,70,80
87,31,1,1,-23,105,75,80
87,32,41,0,-33,115,75,80
87,33,28,0,-43,115,85,80
87,34,13,0,-43,115,85,85
87,35,3,1,-50,115,85,90
87,36,29,0,-60,115,90,90
87,37,26,1,-50,115,85,90
87,38,23,0,-55,105,85,95
87,39,25,1,-55,110,75,95
87,40,13,1,-50,115,75,95
87,41,11,1,-45,115,75,95
87,42,16,1,-45,115,65,95
87,43,28,1,-35,115,65,95
87,44,10,1,-15,115,55,95
87,45,25,1,-15,120,45,95
87,46,22,1,-15,125,35,95
87,47,45,1,-15,130,35,95
87,48,24,0,-20,130,40,95
87,49,59,1,-20,135,40,95
87,50,16,1,-20,135,30,95
87,51,10,0,-25,140,30,95
87,52,11,1,-20,140,30,95
87,53,8,0,-20,145,20,95
87,54,22,1,-20,150,10,95
87,55,39,0,-27,155,10,95
87,56,28,0,-37,155,20,95
87,57,47,1,-37,155,20,110
87,58,20,0,-42,155,35,110
87,59,38,0,-47,160,35,110
87,60,13,0,-47,160,35,115
87,61,11,0,-52,160,35,117
87,62,42,1,-52,165,35,117
87,63,14,0,-52,165,35,122
87,64,36,0,-52,160,35,124
87,65,28,0,-62,160,45,124
87,66,3,1,-69,160,45,129
87,67,60,0,-39,160,45,129
87,68,32,1,-39,150,60,129
87,69,27,1,-39,155,55,129
87,70,9,1,-34,155,55,129
87,71,61,1,-34,165,55,129
87,72,42,0,-42,165,55,139
87,73,39,1,-37,165,55,134
87,74,3,1,-44,165,55,139
87,75,14,1,-44,170,55,139
87,76,4,0,-59,175,55,139
87,77,28,0,-69,175,65,139
87,78,23,1,-59,175,60,139
87,79,26,0,-64,175,60,144
87,80,20,1,-64,180,45,144
87,81,6,1,-72,180,45,149
87,82,4,1,-62,180,45,144
87,83,16,0,-72,185,45,144
87,84,5,0,-77,185,50,144
87,85,2,0,-87,185,55,144
87,86,38,1,-82,185,55,144
87,87,29,1,-82,200,35,144
87,88,14,1,-82,205,35,144
87,89,18,1,-72,205,35,144
87,90,47,1,-72,205,35,159
87,91,1,1,-80,205,40,159
87,92,33,1,-80,210,40,159
87,93,42,0,-88,210,40,169
87,94,16,1,-88,210,30,169
87,95,43,0,-68,210,20,169
87,96,4,0,-83,215,20,169
87,97,26,0,-88,215,20,174
87,98,40,1,-88,205,30,174
87,99,7,1,-83,205,30,169
88,0,47,0,75,50,50,50
88,1,36,1,75,55,50,45
88,2,16,1,75,55,40,45
88,3,3,1,68,55,40,50
88,4,24,1,73,55,40,50
88,5,4,0,58,60,40,50
88,6,5,1,63,60,30,50
88,7,2,0,53,60,35,50
88,8,9,1,58,60,35,50
88,9,3,1,51,60,35,55
88,10,26,0,46,60,35,60
88,11,45,1,46,65,35,60
88,12,17,1,31,65,45,60
88,13,4,1,41,65,45,55
88,14,13,1,46,70,45,55
88,15,37,0,34,80,45,55
88,16,23,0,29,70,45,60
88,17,20,1,29,75,30,60
88,18,46,0,22,75,30,65
88,19,16,0,12,80,30,65
88,20,3,0,27,80,25,65
88,21,18,1,37,80,25,65
88,22,31,0,37,85,15,65
88,23,6,0,47,85,10,65
88,24,10,0,42,90,10,65
88,25,48,0,32,90,10,70
88,26,2,1,37,90,0,70
88,27,12,1,42,90,0,70
88,28,21,0,37,90,15,70
88,29,22,1,37,95,5,70
88,30,28,1,47,95,5,70
88,31,37,1,57,95,5,70
88,32,1,0,67,95,-10,70
88,33,5,0,62,95,-5,70
88,34,45,1,62,100,-5,70
88,35,44,0,62,100,5,75
88,36,8,0,62,105,-5,75
88,37,20,0,57,105,10,75
88,38,24,0,52,105,15,75
88,39,46,0,45,105,15,80
88,40,11,1,50,105,15,80
88,41,1,1,42,105,20,80
88,42,8,0,42,110,10,80
88,43,6,1,34,110,10,85
88,44,26,1,44,110,5,85
88,45,5,0,39,110,10,85
88,46,21,1,39,115,-5,85
88,47,43,1,39,115,0,70
88,48,41,1,44,105,0,70
88,49,14,1,44,110,0,70
88,50,25,1,44,115,-10,70
88,51,4,1,54,115,-10,65
88,52,27,0,64,100,-10,65
88,53,47,0,89,100,-10,65
88,54,10,0,84,105,-10,65
88,55,12,1,89,105,-10,65
88,56,40,0,89,115,-20,65
88,57,41,0,79,125,-20,65
88,58,46,1,84,125,-20,60
88,59,32,0,84,130,-35,60
88,60,19,1,99,130,-35,60
88,61,37,1,109,130,-35,60
88,62,23,1,119,130,-40,60
88,63,45,1,119,135,-40,60
88,64,3,1,112,135,-40,65
88,65,16,1,112,135,-50,65
88,66,21,0,107,135,-35,65
88,67,47,1,107,135,-35,80
88,68,7,1,112,135,-35,75
88,69,4,1,122,135,-35,70
88,70,8,0,122,140,-45,70
88,71,2,1,127,140,-55,70
88,72,44,0,127,140,-45,75
88,73,22,1,127,145,-55,75
88,74,33,1,127,150,-55,75
88,75,16,0,117,155,-55,75
88,76,37,1,127,155,-55,75
88,77,26,1,137,155,-60,75
88,78,1,1,129,155,-55,75
88,79,48,0,119,155,-55,80
88,80,34,1,134,155,-55,80
88,81,45,1,134,160,-55,80
88,82,35,1,134,150,-45,80
88,83,2,1,139,150,-55,80
88,84,24,0,134,150,-50,80
88,85,49,0,134,150,-50,85
88,86,29,1,134,165,-70,85
88,87,23,0,129,155,-70,90
88,88,26,0,124,155,-70,95
88,89,41,1,129,145,-70,95
88,90,6,1,121,145,-70,100
88,91,14,1,121,150,-70,100
88,92,16,0,111,155,-70,100
88,93,2,1,116,155,-80,100
88,94,5,1,121,155,-90,100
88,95,23,0,116,145,-90,105
88,96,26,1,126,145,-95,105
88,97,7,0,111,150,-95,105
88,98,43,1,111,150,-90,90
88,99,39,1,116,150,-90,85
89,0,29,1,50,65,30,50
89,1,10,1,70,65,20,50
89,2,26,1,80,65,15,50
89,3,44,1,85,65,15,50
89,4,22,0,80,65,20,50
89,5,7,0,65,70,20,50
89,6,31,0,65,75,10,50
89,7,14,0,65,75,10,55
89,8,25,0,65,70,20,55
89,9,13,0,65,70,20,60
89,10,46,1,70,70,20,55
89,11,26,0,65,70,20,60
89,12,1,1,57,70,25,60
89,13,29,1,57,85,5,60
89,14,41,0,47,95,5,60
89,15,2,1,52,95,-5,60
89,16,3,0,67,95,-10,60
89,17,26,0,62,95,-10,65
89,18,24,0,57,95,-5,65
89,19,16,0,47,100,-5,65
89,20,40,0,47,110,-15,65
89,21,10,0,42,115,-15,65
89,22,5,0,37,115,-10,65
89,23,39,1,42,115,-10,60
89,24,11,0,37,115,-10,62
89,25,21,1,37,120,-25,62
89,26,22,0,32,120,-20,62
89,27,41,0,22,130,-20,62
89,28,14,0,22,130,-20,67
89,29,10,0,17,135,-20,67
89,30,13,1,22,140,-20,67
89,31,57,1,22,145,-20,67
89,32,7,1,27,145,-20,62
89,33,11,0,22,145,-20,64
89,34,20,1,22,150,-35,64
89,35,1,0,32,150,-50,64
89,36,2,1,37,150,-60,64
89,37,24,0,32,150,-55,64
89,38,5,0,27,150,-50,64
89,39,27,0,37,135,-50,64
89,40,4,0,22,140,-50,64
89,41,8,1,12,140,-50,69
89,42,26,1,22,140,-55,69
89,43,45,0,22,140,-55,74
89,44,42,0,14,140,-55,84
89,45,12,1,19,140,-55,84
89,46,17,0,-1,150,-55,84
89,47,16,0,-11,155,-55,84
89,48,23,1,-1,155,-60,84
89,49,58,0,-1,145,-60,84
89,50,9,1,4,145,-60,84
89,51,28,1,14,145,-60,84
89,52,43,0,34,145,-70,84
89,53,20,0,29,145,-55,84
89,54,27,1,29,150,-60,84
89,55,42,1,29,155,-60,84
89,56,13,0,29,155,-60,89
89,57,26,1,39,155,-65,89
89,58,59,1,39,160,-65,89
89,59,47,0,64,160,-65,89
89,60,38,1,69,160,-65,89
89,61,39,1,74,160,-65,84
89,62,9,0,69,160,-65,89
89,63,22,0,64,160,-60,89
89,64,16,0,54,165,-60,89
89,65,13,0,54,165,-60,94
89,66,7,1,59,165,-60,89
89,67,46,0,52,165,-60,94
89,68,15,1,52,170,-60,94
89,69,32,0,52,175,-75,94
89,70,25,1,52,180,-85,94
89,71,1,1,44,180,-80,94
89,72,22,0,39,180,-75,94
89,73,4,0,24,185,-75,94
89,74,42,0,16,185,-75,104
89,75,33,0,46,185,-75,104
89,76,60,1,46,195,-75,104
89,77,3,1,39,195,-75,109
89,78,21,1,39,200,-90,109
89,79,2,0,29,200,-85,109
89,80,13,0,29,200,-85,114
89,81,44,1,34,200,-85,114
89,82,14,1,34,205,-85,114
89,83,28,0,24,205,-75,114
89,84,4,0,9,210,-75,114
89,85,17,1,-6,210,-65,114
89,86,11,1,-1,210,-65,114
89,87,15,0,19,205,-65,114
89,88,2,0,9,205,-60,114
89,89,18,1,19,205,-60,114
89,90,5,0,14,205,-55,114
89,91,11,0,9,205,-55,116
89,92,37,1,19,205,-55,116
89,93,20,1,19,210,-70,116
89,94,12,0,14,220,-70,116
89,95,10,1,34,220,-80,116
89,96,21,0,29,220,-65,116
89,97,1,0,39,220,-80,116
89,98,25,1,39,225,-90,116
89,99,4,0,24,230,-90,116
90,0,7,0,35,55,50,50
90,1,16,0,25,60,50,50
90,2,10,0,20,65,50,50
90,3,41,1,25,55,50,50
90,4,25,0,25,50,60,50
90,5,46,0,18,50,60,55
90,6,2,0,8,50,65,55
90,7,12,1,13,50,65,55
90,8,31,1,13,50,75,55
90,9,29,1,13,65,55,55
90,10,49,0,13,65,55,60
90,11,46,1,18,65,55,55
90,12,2,1,23,65,45,55
90,13,11,0,18,65,45,57
90,14,14,1,18,70,45,57
90,15,9,1,23,70,45,57
90,16,22,0,18,70,50,57
90,17,5,0,13,70,55,57
90,18,46,1,18,70,55,52
90,19,23,1,28,70,50,52
90,20,28,1,38,70,50,52
90,21,9,0,33,70,50,57
90,22,5,1,38,70,40,57
90,23,40,1,38,60,50,57
90,24,39,1,43,60,50,52
90,25,28,0,33,60,60,52
90,26,14,1,33,65,60,52
90,27,18,0,8,65,60,62
90,28,45,1,8,70,60,62
90,29,23,0,3,60,60,67
90,30,28,0,-7,60,70,67
90,31,50,0,-7,70,70,67
90,32,43,0,13,70,60,67
90,33,46,0,6,70,60,72
90,34,51,1,6,75,60,72
90,35,27,1,6,80,55,72
90,36,52,1,6,90,55,57
90,37,32,0,6,95,40,57
90,38,25,1,6,100,30,57
90,39,14,1,6,105,30,57
90,40,12,0,1,115,30,57
90,41,10,0,-4,120,30,57
90,42,33,0,26,120,30,57
90,43,45,0,26,120,30,62
90,44,16,1,26,120,20,62
90,45,22,0,21,120,25,62
90,46,15,1,21,125,25,62
90,47,48,1,21,130,25,52
90,48,1,1,13,130,30,52
90,49,12,0,8,140,30,52
90,50,36,1,8,145,30,47
90,51,26,1,18,145,25,47
90,52,23,0,13,135,25,52
90,53,24,0,8,135,30,52
90,54,39,0,1,140,30,52
90,55,7,0,-14,145,30,52
90,56,27,1,-14,150,25,52
90,57,14,0,-14,150,25,57
90,58,13,0,-14,150,25,62
90,59,18,0,-39,150,25,72
90,60,16,0,-49,155,25,72
90,61,40,1,-49,145,35,72
90,62,3,0,-34,145,30,72
90,63,22,0,-39,145,35,72
90,64,6,1,-47,145,35,77
90,65,20,1,-47,150,20,77
90,66,53,1,-47,150,30,77
90,67,7,1,-42,150,30,72
90,68,26,1,-32,150,25,72
90,69,45,0,-32,150,25,77
90,70,1,1,-40,150,30,77
90,71,2,1,-35,150,20,77
90,72,16,0,-45,155,20,77
90,73,4,0,-60,160,20,77
90,74,42,1,-60,165,20,77
90,75,5,0,-65,165,25,77
90,76,38,0,-70,170,25,77
90,77,24,1,-65,170,25,77
90,78,25,1,-65,175,15,77
90,79,54,0,-65,170,5,77
90,80,39,0,-72,175,5,77
90,81,44,1,-67,175,5,77
90,82,43,0,-47,175,-5,77
90,83,41,1,-42,165,-5,77
90,84,13,0,-42,165,-5,82
90,85,40,0,-42,175,-15,82
90,86,42,0,-50,175,-15,92
90,87,47,1,-50,175,-15,107
90,88,26,1,-40,175,-20,107
90,89,25,1,-40,180,-30,107
90,90,40,1,-40,170,-20,107
90,91,22,0,-45,170,-15,107
90,92,23,1,-35,170,-20,107
90,93,44,1,-30,170,-20,107
90,94,36,1,-30,175,-20,102
90,95,21,0,-35,175,-5,102
90,96,16,0,-45,180,-5,102
90,97,9,0,-50,180,-5,107
90,98,10,0,-55,185,-5,107
90,99,28,1,-45,185,-5,107
91,0,31,1,50,50,60,50
91,1,3,1,43,50,60,55
91,2,2,1,48,50,50,55
91,3,5,0,43,50,55,55
91,4,23,0,38,40,55,60
91,5,20,1,38,45,40,60
91,6,49,0,38,45,40,65
91,7,26,1,48,45,35,65
91,8,46,1,53,45,35,60
91,9,37,0,41,55,35,60
91,10,15,1,41,60,35,60
91,11,28,0,31,60,45,60
91,12,1,1,23,60,50,60
91,13,22,0,18,60,55,60
91,14,30,1,18,60,65,60
91,15,6,0,28,60,60,60
91,16,4,0,13,65,60,60
91,17,23,1,23,65,55,60
91,18,13,0,23,65,55,65
91,19,12,0,18,75,55,65
91,20,46,0,11,75,55,70
91,21,1,1,3,75,60,70
91,22,41,0,-7,85,60,70
91,23,23,1,3,85,55,70
91,24,22,1,3,90,45,70
91,25,50,1,3,90,55,70
91,26,28,0,-7,90,65,70
91,27,11,1,-2,90,65,70
91,28,39,0,-9,95,65,70
91,29,5,1,-4,95,55,70
91,30,15,0,16,90,55,70
91,31,8,0,16,95,45,70
91,32,37,0,4,105,45,70
91,33,41,1,9,95,45,70
91,34,13,1,14,100,45,70
91,35,3,1,7,100,45,75
91,36,43,0,27,100,35,75
91,37,14,0,27,100,35,80
91,38,15,1,27,105,35,80
91,39,2,0,17,105,40,80
91,40,39,1,22,105,40,75
91,41,48,0,12,105,40,80
91,42,20,1,12,110,25,80
91,43,25,1,12,115,15,80
91,44,14,1,12,120,15,80
91,45,40,0,12,130,5,80
91,46,1,1,4,130,10,80
91,47,37,1,14,130,10,80
91,48,51,0,14,110,10,90
91,49,9,1,19,110,10,90
91,50,16,0,9,115,10,90
91,51,20,1,9,120,-5,90
91,52,43,1,9,120,0,75
91,53,23,0,4,110,0,80
91,54,22,0,-1,110,5,80
91,55,27,0,9,95,5,80
91,56,12,0,4,105,5,80
91,57,36,1,4,110,5,75
91,58,5,0,-1,110,10,75
91,59,4,0,-16,115,10,75
91,60,7,1,-11,115,10,70
91,61,12,1,-6,115,10,70
91,62,22,0,-11,115,15,70
91,63,26,1,-1,115,10,70
91,64,8,1,-11,115,10,75
91,65,11,0,-16,115,10,77
91,66,6,1,-24,115,10,82
91,67,43,1,-24,115,15,67
91,68,22,0,-29,115,20,67
91,69,7,1,-24,115,20,62
91,70,9,1,-19,115,20,62
91,71,1,1,-27,115,25,62
91,72,28,0,-37,115,35,62
91,73,13,1,-32,120,35,62
91,74,14,0,-32,120,35,67
91,75,37,1,-22,120,35,67
91,76,41,0,-32,130,35,67
91,77,16,1,-32,130,25,67
91,78,10,0,-37,135,25,67
91,79,20,1,-37,140,10,67
91,80,29,0,-47,140,15,67
91,81,28,1,-37,140,15,67
91,82,9,0,-42,140,15,72
91,83,38,1,-37,140,15,72
91,84,12,0,-42,150,15,72
91,85,11,0,-47,150,15,74
91,86,39,1,-42,150,15,69
91,87,43,0,-22,150,5,69
91,88,45,0,-22,150,5,74
91,89,48,1,-22,155,5,64
91,90,32,0,-22,160,-10,64
91,91,22,1,-22,165,-20,64
91,92,33,1,-22,170,-20,64
91,93,10,0,-27,175,-20,64
91,94,1,0,-17,175,-35,64
91,95,52,1,-17,185,-35,49
91,96,26,1,-7,185,-40,49
91,97,34,0,-7,170,-25,49
91,98,10,0,-12,175,-25,49
91,99,20,0,-17,175,-10,49
92,0,4,0,35,55,50,50
92,1,36,1,35,60,50,45
92,2,41,0,25,70,50,45
92,3,48,1,25,75,50,35
92,4,1,0,35,75,35,35
92,5,22,1,35,80,25,35
92,6,25,1,35,85,15,35
92,7,3,1,28,85,15,40
92,8,44,0,28,85,25,45
92,9,26,0,23,85,25,50
92,10,38,0,18,90,25,50
92,11,41,1,23,80,25,50
92,12,12,0,18,90,25,50
92,13,15,0,38,85,25,50
92,14,9,0,33,85,25,55
92,15,47,0,58,85,25,55
92,16,31,1,58,85,35,55
92,17,6,1,50,85,35,60
92,18,23,1,60,85,30,60
92,19,3,1,53,85,30,65
92,20,1,1,45,85,35,65
92,21,14,0,45,85,35,70
92,22,11,0,40,85,35,72
92,23,28,0,30,85,45,72
92,24,3,0,45,85,40,72
92,25,13,0,45,85,40,77
92,26,19,1,60,85,40,77
92,27,41,1,65,75,40,77
92,28,36,1,65,80,40,72
92,29,30,1,65,80,50,72
92,30,8,1,55,80,50,77
92,31,4,1,65,80,50,72
92,32,11,1,70,80,50,72
92,33,3,0,85,80,45,72
92,34,25,1,85,85,35,72
92,35,20,0,80,85,50,72
92,36,4,0,65,90,50,72
92,37,22,1,65,95,40,72
92,38,16,1,65,95,30,72
92,39,15,0,85,90,30,72
92,40,3,0,100,90,25,72
92,41,2,1,105,90,15,72
92,42,36,0,105,85,15,74
92,43,41,0,95,95,15,74
92,44,5,0,90,95,20,74
92,45,8,0,90,100,10,74
92,46,48,1,90,105,10,64
92,47,37,0,78,115,10,64
92,48,41,0,68,125,10,64
92,49,36,0,68,120,10,66
92,50,38,0,63,125,10,66
92,51,26,1,73,125,5,66
92,52,43,1,73,125,10,51
92,53,22,1,73,130,0,51
92,54,41,1,78,120,0,51
92,55,23,1,88,120,-5,51
92,56,48,1,88,125,-5,41
92,57,11,0,83,125,-5,43
92,58,16,0,73,130,-5,43
92,59,37,0,61,140,-5,43
92,60,29,1,61,155,-25,43
92,61,23,0,56,145,-25,48
92,62,7,0,41,150,-25,48
92,63,18,0,16,150,-25,58
92,64,21,0,11,150,-10,58
92,65,11,0,6,150,-10,60
92,66,4,1,16,150,-10,55
92,67,3,0,31,150,-15,55
92,68,15,1,31,155,-15,55
92,69,47,0,56,155,-15,55
92,70,36,0,56,150,-15,57
92,71,37,0,44,160,-15,57
92,72,11,1,49,160,-15,57
92,73,44,1,54,160,-15,57
92,74,14,0,54,160,-15,62
92,75,25,0,54,155,-5,62
92,76,10,1,74,155,-15,62
92,77,36,0,74,150,-15,64
92,78,2,1,79,150,-25,64
92,79,26,1,89,150,-30,64
92,80,25,1,89,155,-40,64
92,81,12,1,94,155,-40,64
92,82,42,1,94,160,-40,64
92,83,9,1,99,160,-40,64
92,84,21,1,99,165,-55,64
92,85,3,1,92,165,-55,69
92,86,22,1,92,170,-65,69
92,87,5,1,97,170,-75,69
92,88,7,0,82,175,-75,69
92,89,4,1,92,175,-75,64
92,90,27,1,92,180,-80,64
92,91,21,1,92,185,-95,64
92,92,42,0,84,185,-95,74
92,93,6,1,76,185,-95,79
92,94,46,0,69,185,-95,84
92,95,5,0,64,185,-90,84
92,96,37,0,52,195,-90,84
92,97,11,1,57,195,-90,84
92,98,41,1,62,185,-90,84
92,99,22,0,57,185,-85,84
93,0,24,1,55,50,50,50
93,1,4,1,65,50,50,45
93,2,40,1,65,40,60,45
93,3,43,1,65,40,65,30
93,4,31,0,65,45,55,30
93,5,13,0,65,45,55,35
93,6,37,0,53,55,55,35
93,7,25,0,53,50,65,35
93,8,5,1,58,50,55,35
93,9,11,1,63,50,55,35
93,10,3,1,56,50,55,40
93,11,26,0,51,50,55,45
93,12,9,1,56,50,55,45
93,13,44,0,56,50,65,50
93,14,27,0,66,35,65,50
93,15,13,0,66,35,65,55
93,16,4,0,51,40,65,55
93,17,41,1,56,30,65,55
93,18,20,1,56,35,50,55
93,19,39,1,61,35,50,50
93,20,2,1,66,35,40,50
93,21,38,1,71,35,40,50
93,22,45,0,71,35,40,55
93,23,13,0,71,35,40,60
93,24,28,0,61,35,50,60
93,25,41,1,66,25,50,60
93,26,9,0,61,25,50,65
93,27,2,0,51,25,55,65
93,28,43,1,51,25,60,50
93,29,20,1,51,30,45,50
93,30,12,1,56,30,45,50
93,31,22,0,51,30,50,50
93,32,32,1,51,20,65,50
93,33,33,1,51,25,65,50
93,34,4,0,36,30,65,50
93,35,21,0,31,30,80,50
93,36,10,0,26,35,80,50
93,37,18,1,36,35,80,50
93,38,8,0,36,40,70,50
93,39,30,0,36,40,60,60
93,40,20,0,31,40,75,60
93,41,12,1,36,40,75,60
93,42,9,1,41,40,75,60
93,43,15,1,41,45,75,60
93,44,42,1,41,50,75,60
93,45,38,1,46,50,75,60
93,46,43,0,66,50,65,60
93,47,21,0,61,50,80,60
93,48,26,1,71,50,75,60
93,49,3,1,64,50,75,65
93,50,57,1,64,55,75,65
93,51,5,0,59,55,80,65
93,52,2,0,49,55,85,65
93,53,23,1,59,55,80,65
93,54,7,0,44,60,80,65
93,55,12,0,39,70,80,65
93,56,45,0,39,70,80,70
93,57,11,1,44,70,80,70
93,58,4,0,29,75,80,70
93,59,39,0,22,80,80,70
93,60,42,0,14,80,80,80
93,61,5,1,19,80,70,80
93,62,12,1,24,80,70,80
93,63,15,0,44,75,70,80
93,64,34,0,44,60,85,80
93,65,22,0,39,60,90,80
93,66,5,0,34,60,95,80
93,67,1,1,26,60,100,80
93,68,9,1,31,60,100,80
93,69,15,1,31,65,100,80
93,70,20,1,31,70,85,80
93,71,43,1,31,70,90,65
93,72,25,1,31,75,80,65
93,73,45,0,31,75,80,70
93,74,3,0,46,75,75,70
93,75,15,1,46,80,75,70
93,76,16,1,46,80,65,70
93,77,44,0,46,80,75,75
93,78,19,0,26,80,85,85
93,79,25,1,26,85,75,85
93,80,26,0,21,85,75,90
93,81,13,0,21,85,75,95
93,82,5,1,26,85,65,95
93,83,9,1,31,85,65,95
93,84,7,0,16,90,65,95
93,85,23,0,11,80,65,100
93,86,42,1,11,85,65,100
93,87,29,1,11,100,45,100
93,88,11,0,6,100,45,102
93,89,35,0,6,108,30,102
93,90,5,1,11,108,20,102
93,91,9,1,16,108,20,102
93,92,18,0,-9,108,20,112
93,93,41,0,-19,118,20,112
93,94,30,0,-19,118,10,122
93,95,16,1,-19,118,0,122
93,96,2,0,-29,118,5,122
93,97,1,0,-19,118,-10,122
93,98,22,0,-24,118,-5,122
93,99,3,0,-9,118,-10,122
94,0,49,1,50,55,50,50
94,1,20,1,50,60,35,50
94,2,9,0,45,60,35,55
94,3,6,0,55,60,30,55
94,4,27,0,65,45,30,55
94,5,22,1,65,50,20,55
94,6,3,0,80,50,15,55
94,7,24,1,85,50,15,55
94,8,1,1,77,50,20,55
94,9,6,1,69,50,20,60
94,10,9,0,64,50,20,65
94,11,10,1,84,50,10,65
94,12,31,0,84,55,0,65
94,13,4,1,94,55,0,60
94,14,2,1,99,55,-10,60
94,15,27,1,99,60,-15,60
94,16,22,1,99,65,-25,60
94,17,13,1,104,70,-25,60
94,18,32,0,104,75,-40,60
94,19,15,1,104,80,-40,60
94,20,14,0,104,80,-40,65
94,21,41,1,109,70,-40,65
94,22,12,1,114,70,-40,65
94,23,21,1,114,75,-55,65
94,24,9,0,109,75,-55,70
94,25,40,0,109,85,-65,70
94,26,18,1,119,85,-65,70
94,27,28,1,129,85,-65,70
94,28,16,1,129,85,-75,70
94,29,33,1,129,90,-75,70
94,30,15,0,149,85,-75,70
94,31,6,0,159,85,-80,70
94,32,2,1,164,85,-90,70
94,33,25,1,164,90,-100,70
94,34,24,0,159,90,-95,70
94,35,20,1,159,95,-110,70
94,36,5,0,154,95,-105,70
94,37,4,0,139,100,-105,70
94,38,12,1,144,100,-105,70
94,39,26,1,154,100,-110,70
94,40,48,0,144,100,-110,75
94,41,45,1,144,105,-110,75
94,42,16,1,144,105,-120,75
94,43,7,0,129,110,-120,75
94,44,46,1,134,110,-120,70
94,45,26,1,144,110,-125,70
94,46,25,1,144,115,-135,70
94,47,16,1,144,115,-145,70
94,48,12,1,149,115,-145,70
94,49,6,0,159,115,-150,70
94,50,15,1,159,120,-150,70
94,51,41,0,149,130,-150,70
94,52,44,0,149,130,-140,75
94,53,25,1,149,135,-150,75
94,54,29,1,149,150,-170,75
94,55,11,1,154,150,-170,75
94,56,41,1,159,140,-170,75
94,57,44,0,159,140,-160,80
94,58,21,1,159,145,-175,80
94,59,26,0,154,145,-175,85
94,60,45,0,154,145,-175,90
94,61,12,0,149,155,-175,90
94,62,16,0,139,160,-175,90
94,63,15,1,139,165,-175,90
94,64,27,0,149,150,-175,90
94,65,4,0,134,155,-175,90
94,66,36,0,134,150,-175,92
94,67,2,1,139,150,-185,92
94,68,25,0,139,145,-175,92
94,69,57,1,139,150,-175,92
94,70,24,0,134,150,-170,92
94,71,8,0,134,155,-180,92
94,72,11,1,139,155,-180,92
94,73,3,1,132,155,-180,97
94,74,22,1,132,160,-190,97
94,75,45,1,132,165,-190,97
94,76,38,0,127,170,-190,97
94,77,19,0,107,170,-180,107
94,78,15,1,107,175,-180,107
94,79,47,1,107,175,-180,122
94,80,41,0,97,185,-180,122
94,81,1,0,107,185,-195,122
94,82,28,0,97,185,-185,122
94,83,3,0,112,185,-190,122
94,84,17,0,92,195,-190,122
94,85,13,0,92,195,-190,127
94,86,24,0,87,195,-185,127
94,87,16,0,77,200,-185,127
94,88,45,0,77,200,-185,132
94,89,8,0,77,205,-195,132
94,90,15,1,77,210,-195,132
94,91,14,0,77,210,-195,137
94,92,10,1,97,210,-205,137
94,93,26,1,107,210,-210,137
94,94,8,1,97,210,-210,142
94,95,37,1,107,210,-210,142
94,96,5,0,102,210,-205,142
94,97,36,0,102,205,-205,144
94,98,29,0,92,205,-200,144
94,99,12,1,97,205,-200,144
95,0,22,1,50,55,40,50
95,1,16,0,40,60,40,50
95,2,11,1,45,60,40,50
95,3,4,1,55,60,40,45
95,4,14,1,55,65,40,45
95,5,24,0,50,65,45,45
95,6,27,0,60,50,45,45
95,7,38,1,65,50,45,45
95,8,10,0,60,55,45,45
95,9,44,0,60,55,55,50
95,10,15,0,80,50,55,50
95,11,23,0,75,40,55,55
95,12,11,0,70,40,55,57
95,13,17,1,55,40,65,57
95,14,13,1,60,45,65,57
95,15,30,0,60,45,55,67
95,16,7,1,65,45,55,62
95,17,49,1,65,50,55,62
95,18,57,0,55,50,55,67
95,19,10,0,50,55,55,67
95,20,13,1,55,60,55,67
95,21,18,0,30,60,55,77
95,22,23,1,40,60,50,77
95,23,31,1,40,60,60,77
95,24,12,1,45,60,60,77
95,25,4,1,55,60,60,72
95,26,7,1,60,60,60,67
95,27,41,0,50,70,60,67
95,28,18,0,25,70,60,77
95,29,48,0,15,70,60,82
95,30,22,1,15,75,50,82
95,31,23,1,25,75,45,82
95,32,27,1,25,80,40,82
95,33,16,0,15,85,40,82
95,34,32,0,15,90,25,82
95,35,1,1,7,90,30,82
95,36,5,0,2,90,35,82
95,37,23,1,12,90,30,82
95,38,11,1,17,90,30,82
95,39,16,1,17,90,20,82
95,40,3,0,32,90,15,82
95,41,33,1,32,95,15,82
95,42,24,1,37,95,15,82
95,43,34,1,52,95,15,82
95,44,41,0,42,105,15,82
95,45,42,1,42,110,15,82
95,46,4,0,27,115,15,82
95,47,12,0,22,125,15,82
95,48,16,0,12,130,15,82
95,49,27,1,12,135,10,82
95,50,15,1,12,140,10,82
95,51,39,1,17,140,10,77
95,52,11,0,12,140,10,79
95,53,4,0,-3,145,10,79
95,54,5,0,-8,145,15,79
95,55,6,0,2,145,10,79
95,56,3,1,-5,145,10,84
95,57,58,0,-5,135,10,84
95,58,16,0,-15,140,10,84
95,59,4,1,-5,140,10,79
95,60,27,1,-5,145,5,79
95,61,11,1,0,145,5,79
95,62,26,1,10,145,0,79
95,63,35,0,10,153,-15,79
95,64,44,0,10,153,-5,84
95,65,3,1,3,153,-5,89
95,66,12,0,-2,163,-5,89
95,67,7,1,3,163,-5,84
95,68,11,0,-2,163,-5,86
95,69,59,0,-2,163,-15,91
95,70,20,1,-2,168,-30,91
95,71,15,1,-2,173,-30,91
95,72,3,0,13,173,-35,91
95,73,39,1,18,173,-35,86
95,74,6,1,10,173,-35,91
95,75,8,0,10,178,-45,91
95,76,1,1,2,178,-40,91
95,77,13,0,2,178,-40,96
95,78,11,0,-3,178,-40,98
95,79,43,0,17,178,-50,98
95,80,10,1,37,178,-60,98
95,81,22,0,32,178,-55,98
95,82,44,1,37,178,-55,98
95,83,16,1,37,178,-65,98
95,84,5,1,42,178,-75,98
95,85,7,1,47,178,-75,93
95,86,25,0,47,173,-65,93
95,87,15,0,67,168,-65,93
95,88,29,1,67,183,-85,93
95,89,37,0,55,193,-85,93
95,90,11,1,60,193,-85,93
95,91,24,1,65,193,-85,93
95,92,42,0,57,193,-85,103
95,93,44,0,57,193,-75,108
95,94,47,0,82,193,-75,108
95,95,12,0,77,203,-75,108
95,96,36,0,77,198,-75,110
95,97,37,0,65,208,-75,110
95,98,3,1,58,208,-75,115
95,99,23,0,53,198,-75,120
96,0,3,0,65,50,45,50
96,1,24,1,70,50,45,50
96,2,22,1,70,55,35,50
96,3,13,1,75,60,35,50
96,4,4,1,85,60,35,45
96,5,25,0,85,55,45,45
96,6,44,0,85,55,55,50
96,7,57,0,75,55,55,55
96,8,42,1,75,60,55,55
96,9,3,1,68,60,55,60
96,10,23,1,78,60,50,60
96,11,5,0,73,60,55,60
96,12,13,1,78,65,55,60
96,13,15,0,98,60,55,60
96,14,6,1,90,60,55,65
96,15,40,0,90,70,45,65
96,16,22,1,90,75,35,65
96,17,1,1,82,75,40,65
96,18,41,0,72,85,40,65
96,19,30,0,72,85,30,75
96,20,3,1,65,85,30,80
96,21,58,1,65,90,30,80
96,22,22,0,60,90,35,80
96,23,46,1,65,90,35,75
96,24,24,0,60,90,40,75
96,25,7,0,45,95,40,75
96,26,41,0,35,105,40,75
96,27,25,1,35,110,30,75
96,28,5,0,30,110,35,75
96,29,26,0,25,110,35,80
96,30,44,1,30,110,35,80
96,31,22,1,30,115,25,80
96,32,21,1,30,120,10,80
96,33,27,1,30,125,5,80
96,34,4,0,15,130,5,80
96,35,43,1,15,130,10,65
96,36,37,1,25,130,10,65
96,37,25,0,25,125,20,65
96,38,40,0,25,135,10,65
96,39,9,1,30,135,10,65
96,40,20,0,25,135,25,65
96,41,23,1,35,135,20,65
96,42,14,1,35,140,20,65
96,43,17,1,20,140,30,65
96,44,2,1,25,140,20,65
96,45,15,1,25,145,20,65
96,46,25,1,25,150,10,65
96,47,13,1,30,155,10,65
96,48,31,0,30,160,0,65
96,49,45,1,30,165,0,65
96,50,44,1,35,165,0,65
96,51,23,1,45,165,-5,65
96,52,28,0,35,165,5,65
96,53,38,1,40,165,5,65
96,54,43,0,60,165,-5,65
96,55,1,1,52,165,0,65
96,56,20,0,47,165,15,65
96,57,21,1,47,170,0,65
96,58,16,1,47,170,-10,65
96,59,28,1,57,170,-10,65
96,60,8,1,47,170,-10,70
96,61,40,0,47,180,-20,70
96,62,59,1,47,185,-20,70
96,63,22,1,47,190,-30,70
96,64,29,1,47,205,-50,70
96,65,8,1,37,205,-50,75
96,66,9,1,42,205,-50,75
96,67,1,1,34,205,-45,75
96,68,7,1,39,205,-45,70
96,69,2,0,29,205,-40,70
96,70,11,1,34,205,-40,70
96,71,38,0,29,210,-40,70
96,72,13,0,29,210,-40,75
96,73,60,1,29,220,-40,75
96,74,61,0,29,220,-20,75
96,75,4,0,14,225,-20,75
96,76,25,1,14,230,-30,75
96,77,40,1,14,220,-20,75
96,78,20,0,9,220,-5,75
96,79,9,1,14,220,-5,75
96,80,48,1,14,225,-5,65
96,81,8,1,4,225,-5,70
96,82,39,0,-3,230,-5,70
96,83,3,0,12,230,-10,70
96,84,9,0,7,230,-10,75
96,85,32,1,7,220,5,75
96,86,20,1,7,225,-10,75
96,87,21,1,7,230,-25,75
96,88,4,0,-8,235,-25,75
96,89,22,0,-13,235,-20,75
96,90,44,0,-13,235,-10,80
96,91,27,1,-13,240,-15,80
96,92,15,0,7,235,-15,80
96,93,16,1,7,235,-25,80
96,94,33,0,37,235,-25,80
96,95,62,0,37,235,-25,80
96,96,5,0,32,235,-20,80
96,97,12,0,27,245,-20,80
96,98,29,0,17,245,-15,80
96,99,8,0,17,250,-25,80
97,0,23,0,45,40,50,55
97,1,13,0,45,40,50,60
97,2,31,1,45,40,60,60
97,3,20,1,45,45,45,60
97,4,15,0,65,40,45,60
97,5,25,1,65,45,35,60
97,6,43,0,85,45,25,60
97,7,12,0,80,55,25,60
97,8,24,0,75,55,30,60
97,9,7,1,80,55,30,55
97,10,46,0,73,55,30,60
97,11,9,1,78,55,30,60
97,12,17,1,63,55,40,60
97,13,11,0,58,55,40,62
97,14,10,0,53,60,40,62
97,15,44,1,58,60,40,62
97,16,14,1,58,65,40,62
97,17,22,0,53,65,45,62
97,18,24,0,48,65,50,62
97,19,1,0,58,65,35,62
97,20,6,1,50,65,35,67
97,21,44,0,50,65,45,72
97,22,22,1,50,70,35,72
97,23,21,0,45,70,50,72
97,24,27,1,45,75,45,72
97,25,25,1,45,80,35,72
97,26,42,0,37,80,35,82
97,27,15,0,57,75,35,82
97,28,38,1,62,75,35,82
97,29,9,1,67,75,35,82
97,30,1,0,77,75,20,82
97,31,57,0,67,75,20,87
97,32,21,0,62,75,35,87
97,33,13,1,67,80,35,87
97,34,26,0,62,80,35,92
97,35,15,1,62,85,35,92
97,36,11,0,57,85,35,94
97,37,42,0,49,85,35,104
97,38,48,1,49,90,35,94
97,39,30,1,49,90,45,94
97,40,16,0,39,95,45,94
97,41,22,0,34,95,50,94
97,42,11,0,29,95,50,96
97,43,9,1,34,95,50,96
97,44,13,0,34,95,50,101
97,45,25,0,34,90,60,101
97,46,3,0,49,90,55,101
97,47,2,1,54,90,45,101
97,48,29,1,54,105,25,101
97,49,11,1,59,105,25,101
97,50,22,1,59,110,15,101
97,51,32,0,59,115,0,101
97,52,40,0,59,125,-10,101
97,53,12,0,54,135,-10,101
97,54,7,1,59,135,-10,96
97,55,5,0,54,135,-5,96
97,56,1,1,46,135,0,96
97,57,4,0,31,140,0,96
97,58,58,0,31,130,0,96
97,59,2,0,21,130,5,96
97,60,8,1,11,130,5,101
97,61,3,1,4,130,5,106
97,62,16,1,4,130,-5,106
97,63,36,0,4,125,-5,108
97,64,48,1,4,130,-5,98
97,65,45,0,4,130,-5,103
97,66,15,0,24,125,-5,103
97,67,7,1,29,125,-5,98
97,68,25,1,29,130,-15,98
97,69,44,1,34,130,-15,98
97,70,33,0,64,130,-15,98
97,71,26,1,74,130,-20,98
97,72,41,1,79,120,-20,98
97,73,4,0,64,125,-20,98
97,74,17,0,44,135,-20,98
97,75,44,1,49,135,-20,98
97,76,47,1,49,135,-20,113
97,77,28,1,59,135,-20,113
97,78,22,0,54,135,-15,113
97,79,11,0,49,135,-15,115
97,80,27,1,49,140,-20,115
97,81,29,0,39,140,-15,115
97,82,44,0,39,140,-5,120
97,83,2,0,29,140,0,120
97,84,48,0,19,140,0,125
97,85,10,0,14,145,0,125
97,86,6,0,24,145,-5,125
97,87,12,0,19,155,-5,125
97,88,1,1,11,155,0,125
97,89,28,0,1,155,10,125
97,90,22,1,1,160,0,125
97,91,3,0,16,160,-5,125
97,92,43,0,36,160,-15,125
97,93,20,0,31,160,0,125
97,94,42,1,31,165,0,125
97,95,30,0,31,165,-10,135
97,96,14,1,31,170,-10,135
97,97,5,1,36,170,-20,135
97,98,16,1,36,170,-30,135
97,99,13,1,41,175,-30,135
98,0,27,0,60,35,50,50
98,1,3,1,53,35,50,55
98,2,11,0,48,35,50,57
98,3,21,0,43,35,65,57
98,4,22,0,38,35,70,57
98,5,43,0,58,35,60,57
98,6,37,1,68,35,60,57
98,7,41,0,58,45,60,57
98,8,45,0,58,45,60,62
98,9,1,1,50,45,65,62
98,10,24,1,55,45,65,62
98,11,9,1,60,45,65,62
98,12,4,1,70,45,65,57
98,13,46,0,63,45,65,62
98,14,12,0,58,55,65,62
98,15,16,1,58,55,55,62
98,16,43,1,58,55,60,47
98,17,36,0,58,50,60,49
98,18,42,1,58,55,60,49
98,19,6,1,50,55,60,54
98,20,20,0,45,55,75,54
98,21,18,0,20,55,75,64
98,22,41,0,10,65,75,64
98,23,16,1,10,65,65,64
98,24,23,1,20,65,60,64
98,25,3,0,35,65,55,64
98,26,38,1,40,65,55,64
98,27,4,1,50,65,55,59
98,28,31,1,50,65,65,59
98,29,16,0,40,70,65,59
98,30,2,0,30,70,70,59
98,31,19,0,10,70,80,69
98,32,13,1,15,75,80,69
98,33,20,0,10,75,95,69
98,34,7,1,15,75,95,64
98,35,3,0,30,75,90,64
98,36,43,1,30,75,95,49
98,37,23,0,25,65,95,54
98,38,41,1,30,55,95,54
98,39,27,1,30,60,90,54
98,40,8,0,30,65,80,54
98,41,42,1,30,70,80,54
98,42,14,1,30,75,80,54
98,43,13,0,30,75,80,59
98,44,18,0,5,75,80,69
98,45,41,1,10,65,80,69
98,46,15,0,30,60,80,69
98,47,4,1,40,60,80,64
98,48,16,1,40,60,70,64
98,49,30,0,40,60,60,74
98,50,24,0,35,60,65,74
98,51,38,1,40,60,65,74
98,52,26,0,35,60,65,79
98,53,19,0,15,60,75,89
98,54,9,0,10,60,75,94
98,55,25,0,10,55,85,94
98,56,6,0,20,55,80,94
98,57,23,0,15,45,80,99
98,58,42,0,7,45,80,109
98,59,26,1,17,45,75,109
98,60,4,0,2,50,75,109
98,61,41,1,7,40,75,109
98,62,11,1,12,40,75,109
98,63,14,1,12,45,75,109
98,64,46,1,17,45,75,104
98,65,2,0,7,45,80,104
98,66,3,1,0,45,80,109
98,67,20,0,-5,45,95,109
98,68,27,0,5,30,95,109
98,69,14,0,5,30,95,114
98,70,12,1,10,30,95,114
98,71,36,0,10,25,95,116
98,72,30,1,10,25,105,116
98,73,45,1,10,30,105,116
98,74,13,0,10,30,105,121
98,75,44,0,10,30,115,126
98,76,38,0,5,35,115,126
98,77,22,0,0,35,120,126
98,78,5,1,5,35,110,126
98,79,32,1,5,25,125,126
98,80,37,1,15,25,125,126
98,81,24,0,10,25,130,126
98,82,21,1,10,30,115,126
98,83,44,1,15,30,115,126
98,84,16,0,5,35,115,126
98,85,57,0,-5,35,115,131
98,86,58,1,-5,40,115,131
98,87,4,0,-20,45,115,131
98,88,33,1,-20,50,115,131
98,89,5,0,-25,50,120,131
98,90,44,0,-25,50,130,136
98,91,2,0,-35,50,135,136
98,92,12,0,-40,60,135,136
98,93,20,1,-40,65,120,136
98,94,9,1,-35,65,120,136
98,95,43,1,-35,65,125,121
98,96,29,1,-35,80,105,121
98,97,21,0,-40,80,120,121
98,98,22,0,-45,80,125,121
98,99,10,1,-25,80,115,121
99,0,21,0,45,50,65,50
99,1,49,0,45,50,65,55
99,2,31,1,45,50,75,55
99,3,44,0,45,50,85,60
99,4,4,1,55,50,85,55
99,5,32,1,55,40,100,55
99,6,50,1,55,40,110,55
99,7,39,1,60,40,110,50
99,8,12,0,55,50,110,50
99,9,27,0,65,35,110,50
99,10,11,0,60,35,110,52
99,11,38,0,55,40,110,52
99,12,26,1,65,40,105,52
99,13,10,1,85,40,95,52
99,14,13,1,90,45,95,52
99,15,5,0,85,45,100,52
99,16,21,1,85,50,85,52
99,17,3,0,100,50,80,52
99,18,48,1,100,55,80,42
99,19,12,0,95,65,80,42
99,20,14,1,95,70,80,42
99,21,51,0,95,50,80,52
99,22,16,1,95,50,70,52
99,23,4,1,105,50,70,47
99,24,10,0,100,55,70,47
99,25,20,1,100,60,55,47
99,26,33,0,130,60,55,47
99,27,6,0,140,60,50,47
99,28,15,1,140,65,50,47
99,29,26,0,135,65,50,52
99,30,5,1,140,65,40,52
99,31,34,0,140,50,55,52
99,32,6,0,150,50,50,52
99,33,16,0,140,55,50,52
99,34,36,0,140,50,50,54
99,35,18,1,150,50,50,54
99,36,11,0,145,50,50,56
99,37,15,1,145,55,50,56
99,38,1,1,137,55,55,56
99,39,29,1,137,70,35,56
99,40,42,1,137,75,35,56
99,41,5,0,132,75,40,56
99,42,47,0,157,75,40,56
99,43,11,1,162,75,40,56
99,44,19,1,177,75,40,56
99,45,37,1,187,75,40,56
99,46,20,1,187,80,25,56
99,47,42,1,187,85,25,56
99,48,6,1,179,85,25,61
99,49,26,0,174,85,25,66
99,50,40,1,174,75,35,66
99,51,23,0,169,65,35,71
99,52,45,0,169,65,35,76
99,53,4,0,154,70,35,76
99,54,35,0,154,78,20,76
99,55,5,0,149,78,25,76
99,56,8,0,149,83,15,76
99,57,3,0,164,83,10,76
99,58,1,1,156,83,15,76
99,59,20,1,156,88,0,76
99,60,9,0,151,88,0,81
99,61,41,0,141,98,0,81
99,62,14,0,141,98,0,86
99,63,37,1,151,98,0,86
99,64,1,1,143,98,5,86
99,65,9,0,138,98,5,91
99,66,16,0,128,103,5,91
99,67,2,0,118,103,10,91
99,68,14,1,118,108,10,91
99,69,1,1,110,108,15,91
99,70,23,0,105,98,15,96
99,71,5,0,100,98,20,96
99,72,8,1,90,98,20,101
99,73,41,0,80,108,20,101
99,74,3,0,95,108,15,101
99,75,20,0,90,108,30,101
99,76,46,0,83,108,30,106
99,77,28,0,73,108,40,106
99,78,7,0,58,113,40,106
99,79,11,0,53,113,40,108
99,80,16,1,53,113,30,108
99,81,39,1,58,113,30,103
99,82,9,0,53,113,30,108
99,83,26,1,63,113,25,108
99,84,14,1,63,118,25,108
99,85,52,1,63,128,25,93
99,86,25,0,63,123,35,93
99,87,22,0,58,123,40,93
99,88,20,0,53,123,55,93
99,89,53,0,53,138,40,93
99,90,18,1,63,138,40,93
99,91,23,0,58,128,40,98
99,92,27,0,68,113,40,98
99,93,1,1,60,113,45,98
99,94,14,0,60,113,45,103
99,95,11,1,65,113,45,103
99,96,9,0,60,113,45,108
99,97,17,0,40,123,45,108
99,98,44,0,40,123,55,113
99,99,40,0,40,133,45,113
