run,turn,card_id,choice,resources,security,moral,progress
0,0,22,1,50,55,40,50
0,1,5,0,45,55,45,50
0,2,26,1,55,55,40,50
0,3,46,1,60,55,40,45
0,4,7,0,45,60,40,45
0,5,5,0,40,60,45,45
0,6,5,1,45,60,35,45
0,7,4,1,55,60,35,40
0,8,37,1,65,60,35,40
0,9,14,0,65,60,35,45
0,10,25,1,65,65,25,45
0,11,3,0,80,65,20,45
0,12,48,1,80,70,20,35
0,13,22,1,80,75,10,35
0,14,5,0,75,75,15,35
0,15,4,0,60,80,15,35
0,16,37,0,48,90,15,35
0,17,20,1,48,95,0,35
0,18,20,1,48,100,-15,35
0,19,36,1,48,105,-15,30
0,20,26,1,58,105,-20,30
0,21,39,0,51,110,-20,30
0,22,7,0,36,115,-20,30
0,23,12,0,31,125,-20,30
0,24,38,0,26,130,-20,30
0,25,44,1,31,130,-20,30
0,26,1,0,41,130,-35,30
0,27,16,1,41,130,-45,30
0,28,15,0,61,125,-45,30
0,29,13,1,66,130,-45,30
0,30,3,0,81,130,-50,30
0,31,44,0,81,130,-40,35
0,32,29,0,71,130,-35,35
0,33,48,1,71,135,-35,25
0,34,42,1,71,140,-35,25
0,35,36,1,71,145,-35,20
0,36,22,0,66,145,-30,20
0,37,27,0,76,130,-30,20
0,38,40,1,76,120,-20,20
0,39,21,0,71,120,-5,20
0,40,1,1,63,120,0,20
0,41,10,1,83,120,-10,20
0,42,46,0,76,120,-10,25
0,43,40,1,76,110,0,25
0,44,17,1,61,110,10,25
0,45,39,1,66,110,10,20
0,46,4,0,51,115,10,20
0,47,22,1,51,120,0,20
0,48,3,0,66,120,-5,20
0,49,23,1,76,120,-10,20
0,50,26,1,86,120,-15,20
0,51,20,0,81,120,0,20
0,52,39,0,74,125,0,20
0,53,45,1,74,130,0,20
0,54,36,1,74,135,0,15
0,55,40,1,74,125,10,15
0,56,26,1,84,125,5,15
0,57,24,0,79,125,10,15
0,58,42,1,79,130,10,15
0,59,27,1,79,135,5,15
0,60,23,0,74,125,5,20
0,61,48,0,64,125,5,25
0,62,2,0,54,125,10,25
0,63,5,1,59,125,0,25
0,64,42,1,59,130,0,25
0,65,38,1,64,130,0,25
0,66,15,0,84,125,0,25
0,67,8,0,84,130,-10,25
0,68,11,1,89,130,-10,25
0,69,38,0,84,135,-10,25
0,70,7,0,69,140,-10,25
0,71,45,1,69,145,-10,25
0,72,41,1,74,135,-10,25
0,73,25,0,74,130,0,25
0,74,38,1,79,130,0,25
0,75,10,0,74,135,0,25
0,76,23,1,84,135,-5,25
0,77,23,1,94,135,-10,25
0,78,12,0,89,145,-10,25
0,79,1,0,99,145,-25,25
0,80,3,0,114,145,-30,25
0,81,2,0,104,145,-25,25
0,82,28,1,114,145,-25,25
0,83,23,1,124,145,-30,25
0,84,9,1,129,145,-30,25
0,85,12,0,124,155,-30,25
0,86,26,1,134,155,-35,25
0,87,13,1,139,160,-35,25
0,88,20,1,139,165,-50,25
0,89,16,0,129,170,-50,25
0,90,37,0,117,180,-50,25
0,91,26,1,127,180,-55,25
0,92,4,0,112,185,-55,25
0,93,23,0,107,175,-55,30
0,94,46,1,112,175,-55,25
0,95,13,0,112,175,-55,30
0,96,16,0,102,180,-55,30
0,97,14,1,102,185,-55,30
0,98,41,0,92,195,-55,30
0,99,4,1,102,195,-55,25
1,0,40,0,50,60,40,50
1,1,3,1,43,60,40,55
1,2,3,0,58,60,35,55
1,3,10,1,78,60,25,55
1,4,1,1,70,60,30,55
1,5,16,1,70,60,20,55
1,6,45,1,70,65,20,55
1,7,41,0,60,75,20,55
1,8,4,1,70,75,20,50
1,9,42,1,70,80,20,50
1,10,24,1,75,80,20,50
1,11,3,0,90,80,15,50
1,12,27,1,90,85,10,50
1,13,42,0,82,85,10,60
1,14,20,0,77,85,25,60
1,15,10,0,72,90,25,60
1,16,12,0,67,100,25,60
1,17,9,1,72,100,25,60
1,18,12,0,67,110,25,60
1,19,27,0,77,95,25,60
1,20,4,1,87,95,25,55
1,21,46,1,92,95,25,50
1,22,29,1,92,110,5,50
1,23,22,1,92,115,-5,50
1,24,10,0,87,120,-5,50
1,25,1,1,79,120,0,50
1,26,46,0,72,120,0,55
1,27,20,0,67,120,15,55
1,28,25,0,67,115,25,55
1,29,1,1,59,115,30,55
1,30,38,1,64,115,30,55
1,31,21,1,64,120,15,55
1,32,28,0,54,120,25,55
1,33,26,1,64,120,20,55
1,34,9,0,59,120,20,60
1,35,5,0,54,120,25,60
1,36,29,1,54,135,5,60
1,37,45,1,54,140,5,60
1,38,44,0,54,140,15,65
1,39,44,0,54,140,25,70
1,40,4,0,39,145,25,70
1,41,48,1,39,150,25,60
1,42,38,1,44,150,25,60
1,43,1,0,54,150,10,60
1,44,11,0,49,150,10,62
1,45,23,0,44,140,10,67
1,46,41,0,34,150,10,67
1,47,5,1,39,150,0,67
1,48,11,1,44,150,0,67
1,49,22,1,44,155,-10,67
1,50,37,0,32,165,-10,67
1,51,4,0,17,170,-10,67
1,52,3,1,10,170,-10,72
1,53,41,1,15,160,-10,72
1,54,13,0,15,160,-10,77
1,55,1,0,25,160,-25,77
1,56,5,0,20,160,-20,77
1,57,22,0,15,160,-15,77
1,58,3,0,30,160,-20,77
1,59,21,1,30,165,-35,77
1,60,22,0,25,165,-30,77
1,61,19,0,5,165,-20,87
1,62,7,1,10,165,-20,82
1,63,13,0,10,165,-20,87
1,64,47,0,35,165,-20,87
1,65,44,0,35,165,-10,92
1,66,10,0,30,170,-10,92
1,67,42,1,30,175,-10,92
1,68,13,1,35,180,-10,92
1,69,4,1,45,180,-10,87
1,70,25,0,45,175,0,87
1,71,3,1,38,175,0,92
1,72,36,1,38,180,0,87
1,73,10,0,33,185,0,87
1,74,5,0,28,185,5,87
1,75,36,0,28,180,5,89
1,76,10,0,23,185,5,89
1,77,10,1,43,185,-5,89
1,78,47,0,68,185,-5,89
1,79,12,0,63,195,-5,89
1,80,12,0,58,205,-5,89
1,81,22,0,53,205,0,89
1,82,22,0,48,205,5,89
1,83,40,0,48,215,-5,89
1,84,15,1,48,220,-5,89
1,85,9,0,43,220,-5,94
1,86,28,0,33,220,5,94
1,87,47,1,33,220,5,109
1,88,2,1,38,220,-5,109
1,89,16,0,28,225,-5,109
1,90,1,1,20,225,0,109
1,91,23,0,15,215,0,114
1,92,12,0,10,225,0,114
1,93,10,1,30,225,-10,114
1,94,20,1,30,230,-25,114
1,95,28,1,40,230,-25,114
1,96,38,0,35,235,-25,114
1,97,39,1,40,235,-25,109
1,98,12,1,45,235,-25,109
1,99,15,1,45,240,-25,109
2,0,26,1,60,50,45,50
2,1,12,0,55,60,45,50
2,2,29,1,55,75,25,50
2,3,26,1,65,75,20,50
2,4,13,1,70,80,20,50
2,5,1,1,62,80,25,50
2,6,45,1,62,85,25,50
2,7,11,1,67,85,25,50
2,8,25,0,67,80,35,50
2,9,9,0,62,80,35,55
2,10,26,1,72,80,30,55
2,11,8,0,72,85,20,55
2,12,19,0,52,85,30,65
2,13,22,0,47,85,35,65
2,14,2,0,37,85,40,65
2,15,21,1,37,90,25,65
2,16,11,0,32,90,25,67
2,17,38,1,37,90,25,67
2,18,44,0,37,90,35,72
2,19,26,0,32,90,35,77
2,20,13,1,37,95,35,77
2,21,46,1,42,95,35,72
2,22,12,1,47,95,35,72
2,23,39,0,40,100,35,72
2,24,16,0,30,105,35,72
2,25,24,0,25,105,40,72
2,26,44,0,25,105,50,77
2,27,28,1,35,105,50,77
2,28,22,0,30,105,55,77
2,29,1,1,22,105,60,77
2,30,10,0,17,110,60,77
2,31,3,0,32,110,55,77
2,32,27,0,42,95,55,77
2,33,41,1,47,85,55,77
2,34,41,0,37,95,55,77
2,35,6,0,47,95,50,77
2,36,12,0,42,105,50,77
2,37,43,0,62,105,40,77
2,38,42,0,54,105,40,87
2,39,13,0,54,105,40,92
2,40,5,1,59,105,30,92
2,41,2,1,64,105,20,92
2,42,15,1,64,110,20,92
2,43,20,1,64,115,5,92
2,44,42,0,56,115,5,102
2,45,20,1,56,120,-10,102
2,46,19,0,36,120,0,112
2,47,6,0,46,120,-5,112
2,48,14,1,46,125,-5,112
2,49,14,1,46,130,-5,112
2,50,21,0,41,130,10,112
2,51,18,1,51,130,10,112
2,52,45,0,51,130,10,117
2,53,2,1,56,130,0,117
2,54,5,1,61,130,-10,117
2,55,26,0,56,130,-10,122
2,56,16,0,46,135,-10,122
2,57,36,0,46,130,-10,124
2,58,4,1,56,130,-10,119
2,59,13,1,61,135,-10,119
2,60,2,0,51,135,-5,119
2,61,11,0,46,135,-5,121
2,62,24,1,51,135,-5,121
2,63,43,1,51,135,0,106
2,64,2,1,56,135,-10,106
2,65,42,1,56,140,-10,106
2,66,45,1,56,145,-10,106
2,67,20,1,56,150,-25,106
2,68,42,0,48,150,-25,116
2,69,12,0,43,160,-25,116
2,70,16,0,33,165,-25,116
2,71,47,0,58,165,-25,116
2,72,21,0,53,165,-10,116
2,73,26,0,48,165,-10,121
2,74,9,0,43,165,-10,126
2,75,9,0,38,165,-10,131
2,76,3,0,53,165,-15,131
2,77,25,0,53,160,-5,131
2,78,29,0,43,160,0,131
2,79,38,1,48,160,0,131
2,80,12,1,53,160,0,131
2,81,15,1,53,165,0,131
2,82,4,1,63,165,0,126
2,83,14,1,63,170,0,126
2,84,20,1,63,175,-15,126
2,85,1,0,73,175,-30,126
2,86,22,0,68,175,-25,126
2,87,42,1,68,180,-25,126
2,88,13,0,68,180,-25,131
2,89,41,0,58,190,-25,131
2,90,39,0,51,195,-25,131
2,91,26,0,46,195,-25,136
2,92,2,0,36,195,-20,136
2,93,47,0,61,195,-20,136
2,94,1,0,71,195,-35,136
2,95,3,1,64,195,-35,141
2,96,6,1,56,195,-35,146
2,97,47,0,81,195,-35,146
2,98,18,1,91,195,-35,146
2,99,17,0,71,205,-35,146
3,0,20,0,45,50,65,50
3,1,22,0,40,50,70,50
3,2,29,1,40,65,50,50
3,3,16,0,30,70,50,50
3,4,5,1,35,70,40,50
3,5,8,0,35,75,30,50
3,6,12,1,40,75,30,50
3,7,3,0,55,75,25,50
3,8,39,1,60,75,25,45
3,9,20,0,55,75,40,45
3,10,4,0,40,80,40,45
3,11,8,1,30,80,40,50
3,12,2,1,35,80,30,50
3,13,10,1,55,80,20,50
3,14,12,1,60,80,20,50
3,15,36,0,60,75,20,52
3,16,40,0,60,85,10,52
3,17,13,1,65,90,10,52
3,18,16,1,65,90,0,52
3,19,45,1,65,95,0,52
3,20,40,0,65,105,-10,52
3,21,28,0,55,105,0,52
3,22,8,1,45,105,0,57
3,23,10,1,65,105,-10,57
3,24,22,1,65,110,-20,57
3,25,24,0,60,110,-15,57
3,26,23,0,55,100,-15,62
3,27,16,1,55,100,-25,62
3,28,3,0,70,100,-30,62
3,29,45,0,70,100,-30,67
3,30,13,0,70,100,-30,72
3,31,12,1,75,100,-30,72
3,32,8,0,75,105,-40,72
3,33,41,1,80,95,-40,72
3,34,16,1,80,95,-50,72
3,35,37,0,68,105,-50,72
3,36,16,0,58,110,-50,72
3,37,42,1,58,115,-50,72
3,38,1,0,68,115,-65,72
3,39,19,1,83,115,-65,72
3,40,38,1,88,115,-65,72
3,41,37,0,76,125,-65,72
3,42,2,0,66,125,-60,72
3,43,13,0,66,125,-60,77
3,44,8,1,56,125,-60,82
3,45,3,1,49,125,-60,87
3,46,47,1,49,125,-60,102
3,47,24,0,44,125,-55,102
3,48,20,0,39,125,-40,102
3,49,24,1,44,125,-40,102
3,50,23,0,39,115,-40,107
3,51,12,0,34,125,-40,107
3,52,16,0,24,130,-40,107
3,53,12,1,29,130,-40,107
3,54,6,0,39,130,-45,107
3,55,38,0,34,135,-45,107
3,56,16,0,24,140,-45,107
3,57,8,0,24,145,-55,107
3,58,4,1,34,145,-55,102
3,59,29,0,24,145,-50,102
3,60,14,0,24,145,-50,107
3,61,42,0,16,145,-50,117
3,62,5,1,21,145,-60,117
3,63,15,0,41,140,-60,117
3,64,37,1,51,140,-60,117
3,65,40,0,51,150,-70,117
3,66,21,1,51,155,-85,117
3,67,12,1,56,155,-85,117
3,68,42,1,56,160,-85,117
3,69,22,1,56,165,-95,117
3,70,7,1,61,165,-95,112
3,71,11,0,56,165,-95,114
3,72,28,1,66,165,-95,114
3,73,14,1,66,170,-95,114
3,74,15,0,86,165,-95,114
3,75,16,1,86,165,-105,114
3,76,9,1,91,165,-105,114
3,77,26,1,101,165,-110,114
3,78,23,0,96,155,-110,119
3,79,3,0,111,155,-115,119
3,80,3,1,104,155,-115,124
3,81,24,1,109,155,-115,124
3,82,16,1,109,155,-125,124
3,83,19,0,89,155,-115,134
3,84,16,0,79,160,-115,134
3,85,6,1,71,160,-115,139
3,86,46,1,76,160,-115,134
3,87,15,0,96,155,-115,134
3,88,24,0,91,155,-110,134
3,89,1,0,101,155,-125,134
3,90,3,1,94,155,-125,139
3,91,10,1,114,155,-135,139
3,92,5,0,109,155,-130,139
3,93,27,0,119,140,-130,139
3,94,9,0,114,140,-130,144
3,95,10,0,109,145,-130,144
3,96,5,1,114,145,-140,144
3,97,15,0,134,140,-140,144
3,98,9,0,129,140,-140,149
3,99,15,1,129,145,-140,149
4,0,40,0,50,60,40,50
4,1,23,1,60,60,35,50
4,2,5,1,65,60,25,50
4,3,5,1,70,60,15,50
4,4,27,1,70,65,10,50
4,5,12,1,75,65,10,50
4,6,48,1,75,70,10,40
4,7,1,1,67,70,15,40
4,8,10,0,62,75,15,40
4,9,29,1,62,90,-5,40
4,10,25,1,62,95,-15,40
4,11,23,1,72,95,-20,40
4,12,3,1,65,95,-20,45
4,13,6,1,57,95,-20,50
4,14,26,0,52,95,-20,55
4,15,27,1,52,100,-25,55
4,16,10,1,72,100,-35,55
4,17,18,0,47,100,-35,65
4,18,41,0,37,110,-35,65
4,19,26,1,47,110,-40,65
4,20,13,1,52,115,-40,65
4,21,9,0,47,115,-40,70
4,22,22,1,47,120,-50,70
4,23,10,0,42,125,-50,70
4,24,9,0,37,125,-50,75
4,25,26,1,47,125,-55,75
4,26,5,0,42,125,-50,75
4,27,44,1,47,125,-50,75
4,28,12,1,52,125,-50,75
4,29,4,1,62,125,-50,70
4,30,40,1,62,115,-40,70
4,31,2,1,67,115,-50,70
4,32,1,0,77,115,-65,70
4,33,48,1,77,120,-65,60
4,34,17,0,57,130,-65,60
4,35,22,0,52,130,-60,60
4,36,23,0,47,120,-60,65
4,37,2,1,52,120,-70,65
4,38,16,0,42,125,-70,65
4,39,12,0,37,135,-70,65
4,40,12,0,32,145,-70,65
4,41,9,1,37,145,-70,65
4,42,15,1,37,150,-70,65
4,43,15,0,57,145,-70,65
4,44,41,1,62,135,-70,65
4,45,25,0,62,130,-60,65
4,46,20,0,57,130,-45,65
4,47,23,1,67,130,-50,65
4,48,16,1,67,130,-60,65
4,49,17,0,47,140,-60,65
4,50,4,1,57,140,-60,60
4,51,27,0,67,125,-60,60
4,52,23,0,62,115,-60,65
4,53,29,0,52,115,-55,65
4,54,24,0,47,115,-50,65
4,55,4,0,32,120,-50,65
4,56,27,1,32,125,-55,65
4,57,11,1,37,125,-55,65
4,58,23,1,47,125,-60,65
4,59,12,0,42,135,-60,65
4,60,16,0,32,140,-60,65
4,61,22,0,27,140,-55,65
4,62,12,1,32,140,-55,65
4,63,23,0,27,130,-55,70
4,64,12,0,22,140,-55,70
4,65,41,1,27,130,-55,70
4,66,24,0,22,130,-50,70
4,67,10,0,17,135,-50,70
4,68,9,1,22,135,-50,70
4,69,8,1,12,135,-50,75
4,70,3,1,5,135,-50,80
4,71,10,1,25,135,-60,80
4,72,14,0,25,135,-60,85
4,73,13,0,25,135,-60,90
4,74,22,1,25,140,-70,90
4,75,16,0,15,145,-70,90
4,76,44,1,20,145,-70,90
4,77,19,1,35,145,-70,90
4,78,12,1,40,145,-70,90
4,79,12,0,35,155,-70,90
4,80,41,1,40,145,-70,90
4,81,38,1,45,145,-70,90
4,82,11,0,40,145,-70,92
4,83,12,1,45,145,-70,92
4,84,8,0,45,150,-80,92
4,85,15,0,65,145,-80,92
4,86,3,0,80,145,-85,92
4,87,45,0,80,145,-85,97
4,88,11,1,85,145,-85,97
4,89,20,1,85,150,-100,97
4,90,5,1,90,150,-110,97
4,91,37,1,100,150,-110,97
4,92,1,1,92,150,-105,97
4,93,4,1,102,150,-105,92
4,94,7,1,107,150,-105,87
4,95,22,1,107,155,-115,87
4,96,17,0,87,165,-115,87
4,97,23,0,82,155,-115,92
4,98,13,0,82,155,-115,97
4,99,38,0,77,160,-115,97
5,0,37,0,38,60,50,50
5,1,39,1,43,60,50,45
5,2,25,0,43,55,60,45
5,3,42,1,43,60,60,45
5,4,2,1,48,60,50,45
5,5,9,1,53,60,50,45
5,6,22,0,48,60,55,45
5,7,25,1,48,65,45,45
5,8,22,0,43,65,50,45
5,9,9,1,48,65,50,45
5,10,3,0,63,65,45,45
5,11,9,1,68,65,45,45
5,12,18,0,43,65,45,55
5,13,44,0,43,65,55,60
5,14,18,1,53,65,55,60
5,15,11,0,48,65,55,62
5,16,14,0,48,65,55,67
5,17,38,0,43,70,55,67
5,18,5,1,48,70,45,67
5,19,37,0,36,80,45,67
5,20,26,0,31,80,45,72
5,21,20,1,31,85,30,72
5,22,15,1,31,90,30,72
5,23,11,0,26,90,30,74
5,24,26,0,21,90,30,79
5,25,25,0,21,85,40,79
5,26,22,0,16,85,45,79
5,27,36,1,16,90,45,74
5,28,16,0,6,95,45,74
5,29,4,0,-9,100,45,74
5,30,25,0,-9,95,55,74
5,31,11,1,-4,95,55,74
5,32,6,0,6,95,50,74
5,33,1,1,-2,95,55,74
5,34,21,1,-2,100,40,74
5,35,4,1,8,100,40,69
5,36,3,0,23,100,35,69
5,37,36,1,23,105,35,64
5,38,40,1,23,95,45,64
5,39,24,0,18,95,50,64
5,40,1,1,10,95,55,64
5,41,3,0,25,95,50,64
5,42,25,1,25,100,40,64
5,43,36,0,25,95,40,66
5,44,41,1,30,85,40,66
5,45,14,0,30,85,40,71
5,46,5,0,25,85,45,71
5,47,44,0,25,85,55,76
5,48,43,0,45,85,45,76
5,49,41,0,35,95,45,76
5,50,9,0,30,95,45,81
5,51,9,0,25,95,45,86
5,52,44,1,30,95,45,86
5,53,12,0,25,105,45,86
5,54,16,0,15,110,45,86
5,55,20,1,15,115,30,86
5,56,15,1,15,120,30,86
5,57,13,1,20,125,30,86
5,58,37,0,8,135,30,86
5,59,22,0,3,135,35,86
5,60,1,1,-5,135,40,86
5,61,16,1,-5,135,30,86
5,62,37,0,-17,145,30,86
5,63,27,1,-17,150,25,86
5,64,11,1,-12,150,25,86
5,65,42,1,-12,155,25,86
5,66,22,0,-17,155,30,86
5,67,29,0,-27,155,35,86
5,68,1,1,-35,155,40,86
5,69,48,1,-35,160,40,76
5,70,17,0,-55,170,40,76
5,71,5,0,-60,170,45,76
5,72,2,1,-55,170,35,76
5,73,22,1,-55,175,25,76
5,74,2,0,-65,175,30,76
5,75,11,1,-60,175,30,76
5,76,19,1,-45,175,30,76
5,77,47,0,-20,175,30,76
5,78,1,0,-10,175,15,76
5,79,11,0,-15,175,15,78
5,80,7,0,-30,180,15,78
5,81,25,0,-30,175,25,78
5,82,3,0,-15,175,20,78
5,83,12,1,-10,175,20,78
5,84,22,0,-15,175,25,78
5,85,36,0,-15,170,25,80
5,86,16,1,-15,170,15,80
5,87,19,1,0,170,15,80
5,88,36,0,0,165,15,82
5,89,2,1,5,165,5,82
5,90,43,1,5,165,10,67
5,91,14,1,5,170,10,67
5,92,1,1,-3,170,15,67
5,93,20,0,-8,170,30,67
5,94,38,0,-13,175,30,67
5,95,45,1,-13,180,30,67
5,96,23,1,-3,180,25,67
5,97,23,0,-8,170,25,72
5,98,9,0,-13,170,25,77
5,99,15,0,7,165,25,77
6,0,9,0,45,50,50,55
6,1,23,0,40,40,50,60
6,2,17,0,20,50,50,60
6,3,19,0,0,50,60,70
6,4,21,0,-5,50,75,70
6,5,40,0,-5,60,65,70
6,6,41,0,-15,70,65,70
6,7,10,0,-20,75,65,70
6,8,3,1,-27,75,65,75
6,9,13,0,-27,75,65,80
6,10,16,0,-37,80,65,80
6,11,3,0,-22,80,60,80
6,12,2,0,-32,80,65,80
6,13,26,1,-22,80,60,80
6,14,25,1,-22,85,50,80
6,15,16,1,-22,85,40,80
6,16,9,0,-27,85,40,85
6,17,2,0,-37,85,45,85
6,18,23,0,-42,75,45,90
6,19,29,0,-52,75,50,90
6,20,4,1,-42,75,50,85
6,21,37,0,-54,85,50,85
6,22,41,0,-64,95,50,85
6,23,15,0,-44,90,50,85
6,24,5,0,-49,90,55,85
6,25,43,0,-29,90,45,85
6,26,12,1,-24,90,45,85
6,27,37,1,-14,90,45,85
6,28,14,1,-14,95,45,85
6,29,14,1,-14,100,45,85
6,30,13,0,-14,100,45,90
6,31,47,0,11,100,45,90
6,32,1,1,3,100,50,90
6,33,38,1,8,100,50,90
6,34,23,1,18,100,45,90
6,35,24,1,23,100,45,90
6,36,7,0,8,105,45,90
6,37,6,0,18,105,40,90
6,38,22,0,13,105,45,90
6,39,46,1,18,105,45,85
6,40,17,1,3,105,55,85
6,41,15,0,23,100,55,85
6,42,3,0,38,100,50,85
6,43,16,0,28,105,50,85
6,44,22,1,28,110,40,85
6,45,38,0,23,115,40,85
6,46,7,0,8,120,40,85
6,47,23,0,3,110,40,90
6,48,45,0,3,110,40,95
6,49,16,0,-7,115,40,95
6,50,25,1,-7,120,30,95
6,51,15,1,-7,125,30,95
6,52,39,0,-14,130,30,95
6,53,22,1,-14,135,20,95
6,54,20,1,-14,140,5,95
6,55,37,1,-4,140,5,95
6,56,8,1,-14,140,5,100
6,57,2,0,-24,140,10,100
6,58,3,1,-31,140,10,105
6,59,13,1,-26,145,10,105
6,60,6,0,-16,145,5,105
6,61,36,0,-16,140,5,107
6,62,41,1,-11,130,5,107
6,63,2,1,-6,130,-5,107
6,64,24,1,-1,130,-5,107
6,65,22,1,-1,135,-15,107
6,66,25,1,-1,140,-25,107
6,67,20,1,-1,145,-40,107
6,68,3,0,14,145,-45,107
6,69,29,0,4,145,-40,107
6,70,16,0,-6,150,-40,107
6,71,6,1,-14,150,-40,112
6,72,4,0,-29,155,-40,112
6,73,4,0,-44,160,-40,112
6,74,38,1,-39,160,-40,112
6,75,4,0,-54,165,-40,112
6,76,19,0,-74,165,-30,122
6,77,40,1,-74,155,-20,122
6,78,1,0,-64,155,-35,122
6,79,18,0,-89,155,-35,132
6,80,9,1,-84,155,-35,132
6,81,23,0,-89,145,-35,137
6,82,12,1,-84,145,-35,137
6,83,3,0,-69,145,-40,137
6,84,39,1,-64,145,-40,132
6,85,28,0,-74,145,-30,132
6,86,11,1,-69,145,-30,132
6,87,20,1,-69,150,-45,132
6,88,13,0,-69,150,-45,137
6,89,37,0,-81,160,-45,137
6,90,15,1,-81,165,-45,137
6,91,29,0,-91,165,-40,137
6,92,28,1,-81,165,-40,137
6,93,15,0,-61,160,-40,137
6,94,16,0,-71,165,-40,137
6,95,8,0,-71,170,-50,137
6,96,29,0,-81,170,-45,137
6,97,12,1,-76,170,-45,137
6,98,45,0,-76,170,-45,142
6,99,37,0,-88,180,-45,142
7,0,22,1,50,55,40,50
7,1,45,0,50,55,40,55
7,2,23,1,60,55,35,55
7,3,22,1,60,60,25,55
7,4,25,0,60,55,35,55
7,5,43,1,60,55,40,40
7,6,2,0,50,55,45,40
7,7,43,0,70,55,35,40
7,8,15,0,90,50,35,40
7,9,15,1,90,55,35,40
7,10,15,0,110,50,35,40
7,11,42,0,102,50,35,50
7,12,2,1,107,50,25,50
7,13,15,0,127,45,25,50
7,14,10,0,122,50,25,50
7,15,14,0,122,50,25,55
7,16,4,1,132,50,25,50
7,17,16,0,122,55,25,50
7,18,13,1,127,60,25,50
7,19,16,1,127,60,15,50
7,20,4,1,137,60,15,45
7,21,23,1,147,60,10,45
7,22,16,1,147,60,0,45
7,23,3,0,162,60,-5,45
7,24,40,1,162,50,5,45
7,25,26,0,157,50,5,50
7,26,2,0,147,50,10,50
7,27,21,0,142,50,25,50
7,28,1,0,152,50,10,50
7,29,16,0,142,55,10,50
7,30,30,0,142,55,0,60
7,31,30,0,142,55,-10,70
7,32,5,0,137,55,-5,70
7,33,43,1,137,55,0,55
7,34,48,0,127,55,0,60
7,35,20,1,127,60,-15,60
7,36,22,0,122,60,-10,60
7,37,30,0,122,60,-20,70
7,38,26,1,132,60,-25,70
7,39,1,1,124,60,-20,70
7,40,29,0,114,60,-15,70
7,41,5,0,109,60,-10,70
7,42,8,0,109,65,-20,70
7,43,24,0,104,65,-15,70
7,44,14,1,104,70,-15,70
7,45,8,0,104,75,-25,70
7,46,3,0,119,75,-30,70
7,47,42,0,111,75,-30,80
7,48,37,1,121,75,-30,80
7,49,38,1,126,75,-30,80
7,50,5,0,121,75,-25,80
7,51,5,0,116,75,-20,80
7,52,4,1,126,75,-20,75
7,53,27,1,126,80,-25,75
7,54,20,0,121,80,-10,75
7,55,20,0,116,80,5,75
7,56,48,0,106,80,5,80
7,57,21,0,101,80,20,80
7,58,16,1,101,80,10,80
7,59,7,0,86,85,10,80
7,60,2,1,91,85,0,80
7,61,8,0,91,90,-10,80
7,62,16,0,81,95,-10,80
7,63,13,0,81,95,-10,85
7,64,20,0,76,95,5,85
7,65,21,1,76,100,-10,85
7,66,16,0,66,105,-10,85
7,67,14,0,66,105,-10,90
7,68,7,1,71,105,-10,85
7,69,25,1,71,110,-20,85
7,70,2,0,61,110,-15,85
7,71,26,1,71,110,-20,85
7,72,43,1,71,110,-15,70
7,73,39,1,76,110,-15,65
7,74,25,1,76,115,-25,65
7,75,4,0,61,120,-25,65
7,76,30,0,61,120,-35,75
7,77,46,1,66,120,-35,70
7,78,2,1,71,120,-45,70
7,79,25,0,71,115,-35,70
7,80,15,0,91,110,-35,70
7,81,5,0,86,110,-30,70
7,82,41,0,76,120,-30,70
7,83,27,0,86,105,-30,70
7,84,43,0,106,105,-40,70
7,85,44,0,106,105,-30,75
7,86,42,0,98,105,-30,85
7,87,2,0,88,105,-25,85
7,88,4,1,98,105,-25,80
7,89,28,0,88,105,-15,80
7,90,16,0,78,110,-15,80
7,91,27,0,88,95,-15,80
7,92,24,0,83,95,-10,80
7,93,9,1,88,95,-10,80
7,94,23,0,83,85,-10,85
7,95,41,0,73,95,-10,85
7,96,3,0,88,95,-15,85
7,97,10,0,83,100,-15,85
7,98,23,0,78,90,-15,90
7,99,9,0,73,90,-15,95
8,0,12,1,55,50,50,50
8,1,23,1,65,50,45,50
8,2,25,1,65,55,35,50
8,3,12,1,70,55,35,50
8,4,12,1,75,55,35,50
8,5,4,0,60,60,35,50
8,6,12,1,65,60,35,50
8,7,5,1,70,60,25,50
8,8,10,1,90,60,15,50
8,9,13,1,95,65,15,50
8,10,41,1,100,55,15,50
8,11,20,0,95,55,30,50
8,12,6,0,105,55,25,50
8,13,4,0,90,60,25,50
8,14,23,0,85,50,25,55
8,15,15,1,85,55,25,55
8,16,10,0,80,60,25,55
8,17,1,1,72,60,30,55
8,18,44,0,72,60,40,60
8,19,2,0,62,60,45,60
8,20,5,1,67,60,35,60
8,21,13,0,67,60,35,65
8,22,5,0,62,60,40,65
8,23,9,1,67,60,40,65
8,24,24,1,72,60,40,65
8,25,5,1,77,60,30,65
8,26,12,0,72,70,30,65
8,27,16,1,72,70,20,65
8,28,5,0,67,70,25,65
8,29,23,1,77,70,20,65
8,30,16,1,77,70,10,65
8,31,11,0,72,70,10,67
8,32,12,0,67,80,10,67
8,33,45,0,67,80,10,72
8,34,15,1,67,85,10,72
8,35,2,1,72,85,0,72
8,36,1,0,82,85,-15,72
8,37,10,1,102,85,-25,72
8,38,13,0,102,85,-25,77
8,39,2,0,92,85,-20,77
8,40,16,1,92,85,-30,77
8,41,13,0,92,85,-30,82
8,42,15,0,112,80,-30,82
8,43,15,1,112,85,-30,82
8,44,6,0,122,85,-35,82
8,45,6,0,132,85,-40,82
8,46,22,1,132,90,-50,82
8,47,41,1,137,80,-50,82
8,48,11,1,142,80,-50,82
8,49,45,1,142,85,-50,82
8,50,2,0,132,85,-45,82
8,51,38,0,127,90,-45,82
8,52,48,0,117,90,-45,87
8,53,39,1,122,90,-45,82
8,54,16,1,122,90,-55,82
8,55,21,1,122,95,-70,82
8,56,2,0,112,95,-65,82
8,57,27,0,122,80,-65,82
8,58,9,1,127,80,-65,82
8,59,4,1,137,80,-65,77
8,60,16,0,127,85,-65,77
8,61,40,0,127,95,-75,77
8,62,6,0,137,95,-80,77
8,63,20,0,132,95,-65,77
8,64,26,1,142,95,-70,77
8,65,45,0,142,95,-70,82
8,66,47,1,142,95,-70,97
8,67,9,0,137,95,-70,102
8,68,13,0,137,95,-70,107
8,69,4,0,122,100,-70,107
8,70,7,0,107,105,-70,107
8,71,16,0,97,110,-70,107
8,72,2,1,102,110,-80,107
8,73,4,0,87,115,-80,107
8,74,16,1,87,115,-90,107
8,75,15,0,107,110,-90,107
8,76,27,0,117,95,-90,107
8,77,47,0,142,95,-90,107
8,78,11,1,147,95,-90,107
8,79,25,0,147,90,-80,107
8,80,5,0,142,90,-75,107
8,81,43,1,142,90,-70,92
8,82,3,1,135,90,-70,97
8,83,9,1,140,90,-70,97
8,84,5,1,145,90,-80,97
8,85,23,1,155,90,-85,97
8,86,44,1,160,90,-85,97
8,87,5,0,155,90,-80,97
8,88,9,1,160,90,-80,97
8,89,23,1,170,90,-85,97
8,90,45,0,170,90,-85,102
8,91,26,0,165,90,-85,107
8,92,27,1,165,95,-90,107
8,93,21,0,160,95,-75,107
8,94,46,0,153,95,-75,112
8,95,5,0,148,95,-70,112
8,96,40,0,148,105,-80,112
8,97,4,0,133,110,-80,112
8,98,4,1,143,110,-80,107
8,99,3,0,158,110,-85,107
9,0,16,1,50,50,40,50
9,1,1,0,60,50,25,50
9,2,22,0,55,50,30,50
9,3,17,0,35,60,30,50
9,4,28,0,25,60,40,50
9,5,28,0,15,60,50,50
9,6,16,0,5,65,50,50
9,7,36,0,5,60,50,52
9,8,42,0,-3,60,50,62
9,9,28,1,7,60,50,62
9,10,4,0,-8,65,50,62
9,11,44,1,-3,65,50,62
9,12,13,1,2,70,50,62
9,13,5,1,7,70,40,62
9,14,22,0,2,70,45,62
9,15,23,0,-3,60,45,67
9,16,38,1,2,60,45,67
9,17,43,1,2,60,50,52
9,18,47,0,27,60,50,52
9,19,27,0,37,45,50,52
9,20,48,0,27,45,50,57
9,21,13,0,27,45,50,62
9,22,30,1,27,45,60,62
9,23,2,0,17,45,65,62
9,24,17,0,-3,55,65,62
9,25,1,1,-11,55,70,62
9,26,37,1,-1,55,70,62
9,27,9,0,-6,55,70,67
9,28,42,0,-14,55,70,77
9,29,46,0,-21,55,70,82
9,30,23,1,-11,55,65,82
9,31,3,0,4,55,60,82
9,32,12,0,-1,65,60,82
9,33,1,1,-9,65,65,82
9,34,46,1,-4,65,65,77
9,35,3,1,-11,65,65,82
9,36,42,0,-19,65,65,92
9,37,23,0,-24,55,65,97
9,38,11,0,-29,55,65,99
9,39,20,0,-34,55,80,99
9,40,2,1,-29,55,70,99
9,41,40,1,-29,45,80,99
9,42,3,0,-14,45,75,99
9,43,38,0,-19,50,75,99
9,44,46,1,-14,50,75,94
9,45,23,1,-4,50,70,94
9,46,15,1,-4,55,70,94
9,47,12,0,-9,65,70,94
9,48,25,0,-9,60,80,94
9,49,8,1,-19,60,80,99
9,50,23,1,-9,60,75,99
9,51,42,0,-17,60,75,109
9,52,41,1,-12,50,75,109
9,53,30,0,-12,50,65,119
9,54,10,0,-17,55,65,119
9,55,13,0,-17,55,65,124
9,56,29,0,-27,55,70,124
9,57,9,1,-22,55,70,124
9,58,23,1,-12,55,65,124
9,59,1,1,-20,55,70,124
9,60,16,1,-20,55,60,124
9,61,22,1,-20,60,50,124
9,62,11,1,-15,60,50,124
9,63,39,0,-22,65,50,124
9,64,43,0,-2,65,40,124
9,65,10,0,-7,70,40,124
9,66,48,0,-17,70,40,129
9,67,40,0,-17,80,30,129
9,68,37,0,-29,90,30,129
9,69,21,0,-34,90,45,129
9,70,48,1,-34,95,45,119
9,71,12,1,-29,95,45,119
9,72,10,1,-9,95,35,119
9,73,41,1,-4,85,35,119
9,74,46,1,1,85,35,114
9,75,26,0,-4,85,35,119
9,76,20,1,-4,90,20,119
9,77,22,0,-9,90,25,119
9,78,15,1,-9,95,25,119
9,79,13,1,-4,100,25,119
9,80,10,0,-9,105,25,119
9,81,29,1,-9,120,5,119
9,82,10,0,-14,125,5,119
9,83,5,0,-19,125,10,119
9,84,47,1,-19,125,10,134
9,85,20,0,-24,125,25,134
9,86,25,0,-24,120,35,134
9,87,20,1,-24,125,20,134
9,88,14,1,-24,130,20,134
9,89,22,1,-24,135,10,134
9,90,1,0,-14,135,-5,134
9,91,15,0,6,130,-5,134
9,92,4,0,-9,135,-5,134
9,93,36,0,-9,130,-5,136
9,94,1,1,-17,130,0,136
9,95,21,1,-17,135,-15,136
9,96,22,1,-17,140,-25,136
9,97,22,0,-22,140,-20,136
9,98,36,0,-22,135,-20,138
9,99,5,1,-17,135,-30,138
10,0,20,0,45,50,65,50
10,1,43,0,65,50,55,50
10,2,28,0,55,50,65,50
10,3,43,1,55,50,70,35
10,4,1,0,65,50,55,35
10,5,14,1,65,55,55,35
10,6,45,0,65,55,55,40
10,7,37,1,75,55,55,40
10,8,10,1,95,55,45,40
10,9,5,1,100,55,35,40
10,10,13,1,105,60,35,40
10,11,17,0,85,70,35,40
10,12,44,1,90,70,35,40
10,13,4,1,100,70,35,35
10,14,8,1,90,70,35,40
10,15,18,1,100,70,35,40
10,16,9,0,95,70,35,45
10,17,1,1,87,70,40,45
10,18,1,0,97,70,25,45
10,19,20,1,97,75,10,45
10,20,5,0,92,75,15,45
10,21,38,0,87,80,15,45
10,22,16,1,87,80,5,45
10,23,20,0,82,80,20,45
10,24,10,1,102,80,10,45
10,25,26,0,97,80,10,50
10,26,46,1,102,80,10,45
10,27,43,0,122,80,0,45
10,28,42,1,122,85,0,45
10,29,5,0,117,85,5,45
10,30,12,0,112,95,5,45
10,31,38,0,107,100,5,45
10,32,5,1,112,100,-5,45
10,33,20,1,112,105,-20,45
10,34,6,0,122,105,-25,45
10,35,43,0,142,105,-35,45
10,36,13,1,147,110,-35,45
10,37,9,0,142,110,-35,50
10,38,39,0,135,115,-35,50
10,39,44,0,135,115,-25,55
10,40,45,0,135,115,-25,60
10,41,5,0,130,115,-20,60
10,42,25,1,130,120,-30,60
10,43,24,0,125,120,-25,60
10,44,10,0,120,125,-25,60
10,45,11,1,125,125,-25,60
10,46,11,0,120,125,-25,62
10,47,37,1,130,125,-25,62
10,48,4,0,115,130,-25,62
10,49,42,0,107,130,-25,72
10,50,14,1,107,135,-25,72
10,51,44,0,107,135,-15,77
10,52,43,0,127,135,-25,77
10,53,41,1,132,125,-25,77
10,54,8,1,122,125,-25,82
10,55,25,1,122,130,-35,82
10,56,41,1,127,120,-35,82
10,57,3,0,142,120,-40,82
10,58,13,1,147,125,-40,82
10,59,13,0,147,125,-40,87
10,60,36,1,147,130,-40,82
10,61,15,0,167,125,-40,82
10,62,20,0,162,125,-25,82
10,63,25,1,162,130,-35,82
10,64,13,0,162,130,-35,87
10,65,7,0,147,135,-35,87
10,66,48,0,137,135,-35,92
10,67,46,1,142,135,-35,87
10,68,2,1,147,135,-45,87
10,69,23,1,157,135,-50,87
10,70,25,0,157,130,-40,87
10,71,2,0,147,130,-35,87
10,72,47,0,172,130,-35,87
10,73,4,1,182,130,-35,82
10,74,14,1,182,135,-35,82
10,75,44,1,187,135,-35,82
10,76,5,0,182,135,-30,82
10,77,22,1,182,140,-40,82
10,78,12,1,187,140,-40,82
10,79,11,1,192,140,-40,82
10,80,11,0,187,140,-40,84
10,81,16,1,187,140,-50,84
10,82,25,1,187,145,-60,84
10,83,45,0,187,145,-60,89
10,84,26,0,182,145,-60,94
10,85,11,0,177,145,-60,96
10,86,17,1,162,145,-50,96
10,87,1,0,172,145,-65,96
10,88,5,0,167,145,-60,96
10,89,20,0,162,145,-45,96
10,90,45,0,162,145,-45,101
10,91,46,1,167,145,-45,96
10,92,27,0,177,130,-45,96
10,93,12,0,172,140,-45,96
10,94,7,1,177,140,-45,91
10,95,39,1,182,140,-45,86
10,96,3,0,197,140,-50,86
10,97,22,0,192,140,-45,86
10,98,1,1,184,140,-40,86
10,99,23,1,194,140,-45,86
11,0,25,0,50,45,60,50
11,1,28,1,60,45,60,50
11,2,37,1,70,45,60,50
11,3,10,0,65,50,60,50
11,4,27,0,75,35,60,50
11,5,1,1,67,35,65,50
11,6,21,1,67,40,50,50
11,7,3,0,82,40,45,50
11,8,28,1,92,40,45,50
11,9,6,1,84,40,45,55
11,10,23,0,79,30,45,60
11,11,26,1,89,30,40,60
11,12,11,1,94,30,40,60
11,13,22,0,89,30,45,60
11,14,8,0,89,35,35,60
11,15,26,0,84,35,35,65
11,16,26,0,79,35,35,70
11,17,41,0,69,45,35,70
11,18,17,0,49,55,35,70
11,19,21,1,49,60,20,70
11,20,2,1,54,60,10,70
11,21,9,0,49,60,10,75
11,22,22,0,44,60,15,75
11,23,39,0,37,65,15,75
11,24,36,0,37,60,15,77
11,25,41,0,27,70,15,77
11,26,23,0,22,60,15,82
11,27,23,0,17,50,15,87
11,28,5,0,12,50,20,87
11,29,3,0,27,50,15,87
11,30,5,0,22,50,20,87
11,31,10,1,42,50,10,87
11,32,14,1,42,55,10,87
11,33,11,1,47,55,10,87
11,34,2,1,52,55,0,87
11,35,44,0,52,55,10,92
11,36,20,0,47,55,25,92
11,37,11,1,52,55,25,92
11,38,40,0,52,65,15,92
11,39,26,1,62,65,10,92
11,40,26,1,72,65,5,92
11,41,17,0,52,75,5,92
11,42,23,0,47,65,5,97
11,43,2,0,37,65,10,97
11,44,22,0,32,65,15,97
11,45,47,0,57,65,15,97
11,46,1,1,49,65,20,97
11,47,17,0,29,75,20,97
11,48,10,1,49,75,10,97
11,49,5,0,44,75,15,97
11,50,29,1,44,90,-5,97
11,51,4,0,29,95,-5,97
11,52,17,1,14,95,5,97
11,53,4,1,24,95,5,92
11,54,12,0,19,105,5,92
11,55,6,1,11,105,5,97
11,56,5,0,6,105,10,97
11,57,5,0,1,105,15,97
11,58,13,0,1,105,15,102
11,59,46,1,6,105,15,97
11,60,10,0,1,110,15,97
11,61,43,0,21,110,5,97
11,62,43,0,41,110,-5,97
11,63,13,1,46,115,-5,97
11,64,20,1,46,120,-20,97
11,65,45,0,46,120,-20,102
11,66,39,0,39,125,-20,102
11,67,11,1,44,125,-20,102
11,68,3,0,59,125,-25,102
11,69,5,0,54,125,-20,102
11,70,42,1,54,130,-20,102
11,71,10,0,49,135,-20,102
11,72,14,0,49,135,-20,107
11,73,14,1,49,140,-20,107
11,74,42,0,41,140,-20,117
11,75,13,0,41,140,-20,122
11,76,2,0,31,140,-15,122
11,77,1,0,41,140,-30,122
11,78,5,0,36,140,-25,122
11,79,25,0,36,135,-15,122
11,80,38,0,31,140,-15,122
11,81,41,0,21,150,-15,122
11,82,28,1,31,150,-15,122
11,83,21,0,26,150,0,122
11,84,4,1,36,150,0,117
11,85,41,0,26,160,0,117
11,86,10,0,21,165,0,117
11,87,41,0,11,175,0,117
11,88,27,1,11,180,-5,117
11,89,6,1,3,180,-5,122
11,90,3,0,18,180,-10,122
11,91,15,1,18,185,-10,122
11,92,41,1,23,175,-10,122
11,93,46,1,28,175,-10,117
11,94,5,1,33,175,-20,117
11,95,26,0,28,175,-20,122
11,96,5,0,23,175,-15,122
11,97,11,1,28,175,-15,122
11,98,8,0,28,180,-25,122
11,99,8,0,28,185,-35,122
12,0,12,1,55,50,50,50
12,1,8,0,55,55,40,50
12,2,20,0,50,55,55,50
12,3,15,1,50,60,55,50
12,4,4,0,35,65,55,50
12,5,5,0,30,65,60,50
12,6,10,0,25,70,60,50
12,7,22,1,25,75,50,50
12,8,41,1,30,65,50,50
12,9,12,1,35,65,50,50
12,10,6,0,45,65,45,50
12,11,41,0,35,75,45,50
12,12,2,0,25,75,50,50
12,13,5,0,20,75,55,50
12,14,13,0,20,75,55,55
12,15,17,0,0,85,55,55
12,16,15,0,20,80,55,55
12,17,29,0,10,80,60,55
12,18,2,0,0,80,65,55
12,19,47,1,0,80,65,70
12,20,42,0,-8,80,65,80
12,21,3,0,7,80,60,80
12,22,14,0,7,80,60,85
12,23,42,0,-1,80,60,95
12,24,23,1,9,80,55,95
12,25,16,1,9,80,45,95
12,26,9,1,14,80,45,95
12,27,5,0,9,80,50,95
12,28,18,0,-16,80,50,105
12,29,15,1,-16,85,50,105
12,30,25,1,-16,90,40,105
12,31,37,0,-28,100,40,105
12,32,40,1,-28,90,50,105
12,33,38,0,-33,95,50,105
12,34,10,1,-13,95,40,105
12,35,12,1,-8,95,40,105
12,36,10,0,-13,100,40,105
12,37,10,0,-18,105,40,105
12,38,2,0,-28,105,45,105
12,39,30,0,-28,105,35,115
12,40,15,1,-28,110,35,115
12,41,26,1,-18,110,30,115
12,42,11,0,-23,110,30,117
12,43,2,1,-18,110,20,117
12,44,13,0,-18,110,20,122
12,45,23,0,-23,100,20,127
12,46,27,0,-13,85,20,127
12,47,39,0,-20,90,20,127
12,48,23,0,-25,80,20,132
12,49,9,1,-20,80,20,132
12,50,13,1,-15,85,20,132
12,51,23,1,-5,85,15,132
12,52,29,0,-15,85,20,132
12,53,1,1,-23,85,25,132
12,54,39,1,-18,85,25,127
12,55,37,0,-30,95,25,127
12,56,1,1,-38,95,30,127
12,57,46,0,-45,95,30,132
12,58,2,1,-40,95,20,132
12,59,36,1,-40,100,20,127
12,60,38,0,-45,105,20,127
12,61,4,1,-35,105,20,122
12,62,23,1,-25,105,15,122
12,63,5,0,-30,105,20,122
12,64,25,1,-30,110,10,122
12,65,46,1,-25,110,10,117
12,66,26,0,-30,110,10,122
12,67,11,1,-25,110,10,122
12,68,17,1,-40,110,20,122
12,69,20,0,-45,110,35,122
12,70,30,0,-45,110,25,132
12,71,20,1,-45,115,10,132
12,72,26,0,-50,115,10,137
12,73,2,1,-45,115,0,137
12,74,6,0,-35,115,-5,137
12,75,13,1,-30,120,-5,137
12,76,44,0,-30,120,5,142
12,77,8,1,-40,120,5,147
12,78,39,0,-47,125,5,147
12,79,43,1,-47,125,10,132
12,80,5,1,-42,125,0,132
12,81,12,0,-47,135,0,132
12,82,20,0,-52,135,15,132
12,83,16,1,-52,135,5,132
12,84,13,0,-52,135,5,137
12,85,10,1,-32,135,-5,137
12,86,3,1,-39,135,-5,142
12,87,20,1,-39,140,-20,142
12,88,13,0,-39,140,-20,147
12,89,20,0,-44,140,-5,147
12,90,37,1,-34,140,-5,147
12,91,24,1,-29,140,-5,147
12,92,1,0,-19,140,-20,147
12,93,2,1,-14,140,-30,147
12,94,23,0,-19,130,-30,152
12,95,14,1,-19,135,-30,152
12,96,20,1,-19,140,-45,152
12,97,23,0,-24,130,-45,157
12,98,22,0,-29,130,-40,157
12,99,9,0,-34,130,-40,162
13,0,25,0,50,45,60,50
13,1,12,1,55,45,60,50
13,2,37,0,43,55,60,50
13,3,12,0,38,65,60,50
13,4,6,0,48,65,55,50
13,5,22,0,43,65,60,50
13,6,19,0,23,65,70,60
13,7,22,1,23,70,60,60
13,8,38,0,18,75,60,60
13,9,4,0,3,80,60,60
13,10,5,0,-2,80,65,60
13,11,28,0,-12,80,75,60
13,12,26,1,-2,80,70,60
13,13,20,1,-2,85,55,60
13,14,6,0,8,85,50,60
13,15,7,0,-7,90,50,60
13,16,3,1,-14,90,50,65
13,17,6,1,-22,90,50,70
13,18,15,0,-2,85,50,70
13,19,17,0,-22,95,50,70
13,20,22,0,-27,95,55,70
13,21,9,0,-32,95,55,75
13,22,10,1,-12,95,45,75
13,23,4,0,-27,100,45,75
13,24,46,0,-34,100,45,80
13,25,9,1,-29,100,45,80
13,26,23,0,-34,90,45,85
13,27,13,0,-34,90,45,90
13,28,12,1,-29,90,45,90
13,29,9,0,-34,90,45,95
13,30,25,1,-34,95,35,95
13,31,16,1,-34,95,25,95
13,32,44,0,-34,95,35,100
13,33,41,0,-44,105,35,100
13,34,46,0,-51,105,35,105
13,35,40,0,-51,115,25,105
13,36,22,1,-51,120,15,105
13,37,41,0,-61,130,15,105
13,38,43,0,-41,130,5,105
13,39,25,0,-41,125,15,105
13,40,9,0,-46,125,15,110
13,41,20,0,-51,125,30,110
13,42,39,0,-58,130,30,110
13,43,14,0,-58,130,30,115
13,44,11,0,-63,130,30,117
13,45,40,0,-63,140,20,117
13,46,41,1,-58,130,20,117
13,47,17,0,-78,140,20,117
13,48,6,0,-68,140,15,117
13,49,2,1,-63,140,5,117
13,50,22,1,-63,145,-5,117
13,51,5,1,-58,145,-15,117
13,52,30,0,-58,145,-25,127
13,53,37,0,-70,155,-25,127
13,54,17,0,-90,165,-25,127
13,55,23,0,-95,155,-25,132
13,56,43,1,-95,155,-20,117
13,57,1,1,-103,155,-15,117
13,58,37,0,-115,165,-15,117
13,59,4,1,-105,165,-15,112
13,60,24,0,-110,165,-10,112
13,61,15,0,-90,160,-10,112
13,62,2,0,-100,160,-5,112
13,63,9,1,-95,160,-5,112
13,64,16,1,-95,160,-15,112
13,65,23,0,-100,150,-15,117
13,66,40,0,-100,160,-25,117
13,67,5,1,-95,160,-35,117
13,68,39,1,-90,160,-35,112
13,69,5,0,-95,160,-30,112
13,70,45,0,-95,160,-30,117
13,71,47,1,-95,160,-30,132
13,72,2,1,-90,160,-40,132
13,73,48,0,-100,160,-40,137
13,74,13,1,-95,165,-40,137
13,75,42,0,-103,165,-40,147
13,76,24,1,-98,165,-40,147
13,77,20,1,-98,170,-55,147
13,78,15,0,-78,165,-55,147
13,79,45,1,-78,170,-55,147
13,80,4,0,-93,175,-55,147
13,81,45,0,-93,175,-55,152
13,82,18,1,-83,175,-55,152
13,83,4,1,-73,175,-55,147
13,84,1,1,-81,175,-50,147
13,85,2,1,-76,175,-60,147
13,86,4,0,-91,180,-60,147
13,87,23,0,-96,170,-60,152
13,88,29,0,-106,170,-55,152
13,89,6,0,-96,170,-60,152
13,90,2,1,-91,170,-70,152
13,91,27,0,-81,155,-70,152
13,92,30,1,-81,155,-60,152
13,93,26,1,-71,155,-65,152
13,94,26,0,-76,155,-65,157
13,95,5,0,-81,155,-60,157
13,96,36,1,-81,160,-60,152
13,97,16,0,-91,165,-60,152
13,98,46,0,-98,165,-60,157
13,99,25,1,-98,170,-70,157
14,0,10,0,45,55,50,50
14,1,38,0,40,60,50,50
14,2,5,0,35,60,55,50
14,3,16,1,35,60,45,50
14,4,20,1,35,65,30,50
14,5,13,0,35,65,30,55
14,6,36,1,35,70,30,50
14,7,26,1,45,70,25,50
14,8,46,1,50,70,25,45
14,9,25,0,50,65,35,45
14,10,1,0,60,65,20,45
14,11,4,1,70,65,20,40
14,12,14,0,70,65,20,45
14,13,7,1,75,65,20,40
14,14,6,1,67,65,20,45
14,15,18,0,42,65,20,55
14,16,5,1,47,65,10,55
14,17,8,0,47,70,0,55
14,18,42,0,39,70,0,65
14,19,12,1,44,70,0,65
14,20,30,1,44,70,10,65
14,21,43,1,44,70,15,50
14,22,9,1,49,70,15,50
14,23,10,1,69,70,5,50
14,24,1,1,61,70,10,50
14,25,16,1,61,70,0,50
14,26,13,0,61,70,0,55
14,27,23,1,71,70,-5,55
14,28,22,1,71,75,-15,55
14,29,5,1,76,75,-25,55
14,30,1,0,86,75,-40,55
14,31,21,1,86,80,-55,55
14,32,40,0,86,90,-65,55
14,33,21,0,81,90,-50,55
14,34,18,0,56,90,-50,65
14,35,7,1,61,90,-50,60
14,36,2,0,51,90,-45,60
14,37,27,0,61,75,-45,60
14,38,10,0,56,80,-45,60
14,39,8,1,46,80,-45,65
14,40,41,1,51,70,-45,65
14,41,20,1,51,75,-60,65
14,42,37,0,39,85,-60,65
14,43,12,0,34,95,-60,65
14,44,45,1,34,100,-60,65
14,45,14,0,34,100,-60,70
14,46,41,1,39,90,-60,70
14,47,7,1,44,90,-60,65
14,48,20,0,39,90,-45,65
14,49,15,0,59,85,-45,65
14,50,16,0,49,90,-45,65
14,51,25,0,49,85,-35,65
14,52,8,1,39,85,-35,70
14,53,7,1,44,85,-35,65
14,54,17,1,29,85,-25,65
14,55,23,0,24,75,-25,70
14,56,22,0,19,75,-20,70
14,57,15,1,19,80,-20,70
14,58,36,0,19,75,-20,72
14,59,20,0,14,75,-5,72
14,60,16,0,4,80,-5,72
14,61,48,1,4,85,-5,62
14,62,23,1,14,85,-10,62
14,63,8,0,14,90,-20,62
14,64,7,0,-1,95,-20,62
14,65,25,1,-1,100,-30,62
14,66,14,1,-1,105,-30,62
14,67,45,1,-1,110,-30,62
14,68,43,0,19,110,-40,62
14,69,22,1,19,115,-50,62
14,70,23,0,14,105,-50,67
14,71,28,0,4,105,-40,67
14,72,14,1,4,110,-40,67
14,73,13,0,4,110,-40,72
14,74,24,0,-1,110,-35,72
14,75,10,1,19,110,-45,72
14,76,5,1,24,110,-55,72
14,77,27,0,34,95,-55,72
14,78,11,0,29,95,-55,74
14,79,4,0,14,100,-55,74
14,80,3,1,7,100,-55,79
14,81,13,0,7,100,-55,84
14,82,26,1,17,100,-60,84
14,83,12,0,12,110,-60,84
14,84,4,0,-3,115,-60,84
14,85,11,1,2,115,-60,84
14,86,29,1,2,130,-80,84
14,87,12,1,7,130,-80,84
14,88,26,1,17,130,-85,84
14,89,11,0,12,130,-85,86
14,90,36,1,12,135,-85,81
14,91,15,1,12,140,-85,81
14,92,38,0,7,145,-85,81
14,93,36,0,7,140,-85,83
14,94,28,1,17,140,-85,83
14,95,22,1,17,145,-95,83
14,96,41,1,22,135,-95,83
14,97,23,0,17,125,-95,88
14,98,47,0,42,125,-95,88
14,99,42,1,42,130,-95,88
15,0,30,1,50,50,60,50
15,1,43,1,50,50,65,35
15,2,41,0,40,60,65,35
15,3,16,0,30,65,65,35
15,4,9,1,35,65,65,35
15,5,27,0,45,50,65,35
15,6,28,0,35,50,75,35
15,7,1,0,45,50,60,35
15,8,10,1,65,50,50,35
15,9,2,1,70,50,40,35
15,10,28,0,60,50,50,35
15,11,30,1,60,50,60,35
15,12,18,1,70,50,60,35
15,13,5,0,65,50,65,35
15,14,24,0,60,50,70,35
15,15,12,0,55,60,70,35
15,16,19,0,35,60,80,45
15,17,16,0,25,65,80,45
15,18,22,1,25,70,70,45
15,19,13,1,30,75,70,45
15,20,4,0,15,80,70,45
15,21,11,1,20,80,70,45
15,22,25,0,20,75,80,45
15,23,10,1,40,75,70,45
15,24,16,0,30,80,70,45
15,25,1,0,40,80,55,45
15,26,11,0,35,80,55,47
15,27,20,1,35,85,40,47
15,28,41,1,40,75,40,47
15,29,21,0,35,75,55,47
15,30,25,1,35,80,45,47
15,31,40,0,35,90,35,47
15,32,22,1,35,95,25,47
15,33,41,1,40,85,25,47
15,34,22,0,35,85,30,47
15,35,46,1,40,85,30,42
15,36,13,1,45,90,30,42
15,37,4,0,30,95,30,42
15,38,23,0,25,85,30,47
15,39,2,0,15,85,35,47
15,40,4,1,25,85,35,42
15,41,6,0,35,85,30,42
15,42,9,1,40,85,30,42
15,43,44,1,45,85,30,42
15,44,25,0,45,80,40,42
15,45,5,0,40,80,45,42
15,46,17,0,20,90,45,42
15,47,26,1,30,90,40,42
15,48,19,1,45,90,40,42
15,49,24,0,40,90,45,42
15,50,22,0,35,90,50,42
15,51,15,1,35,95,50,42
15,52,43,1,35,95,55,27
15,53,37,1,45,95,55,27
15,54,10,0,40,100,55,27
15,55,3,1,33,100,55,32
15,56,13,0,33,100,55,37
15,57,15,1,33,105,55,37
15,58,26,0,28,105,55,42
15,59,7,0,13,110,55,42
15,60,27,0,23,95,55,42
15,61,37,0,11,105,55,42
15,62,41,1,16,95,55,42
15,63,5,0,11,95,60,42
15,64,9,1,16,95,60,42
15,65,21,0,11,95,75,42
15,66,22,1,11,100,65,42
15,67,20,1,11,105,50,42
15,68,40,0,11,115,40,42
15,69,15,1,11,120,40,42
15,70,13,0,11,120,40,47
15,71,5,1,16,120,30,47
15,72,47,0,41,120,30,47
15,73,11,0,36,120,30,49
15,74,26,1,46,120,25,49
15,75,25,1,46,125,15,49
15,76,44,1,51,125,15,49
15,77,23,0,46,115,15,54
15,78,36,0,46,110,15,56
15,79,23,1,56,110,10,56
15,80,5,1,61,110,0,56
15,81,4,0,46,115,0,56
15,82,4,0,31,120,0,56
15,83,6,1,23,120,0,61
15,84,39,0,16,125,0,61
15,85,1,0,26,125,-15,61
15,86,41,0,16,135,-15,61
15,87,4,0,1,140,-15,61
15,88,15,1,1,145,-15,61
15,89,5,1,6,145,-25,61
15,90,39,1,11,145,-25,56
15,91,15,0,31,140,-25,56
15,92,22,1,31,145,-35,56
15,93,44,0,31,145,-25,61
15,94,5,0,26,145,-20,61
15,95,14,0,26,145,-20,66
15,96,41,1,31,135,-20,66
15,97,30,1,31,135,-10,66
15,98,42,1,31,140,-10,66
15,99,16,1,31,140,-20,66
16,0,2,0,40,50,55,50
16,1,25,0,40,45,65,50
16,2,12,0,35,55,65,50
16,3,28,0,25,55,75,50
16,4,46,0,18,55,75,55
16,5,22,0,13,55,80,55
16,6,14,1,13,60,80,55
16,7,6,1,5,60,80,60
16,8,3,0,20,60,75,60
16,9,43,1,20,60,80,45
16,10,8,0,20,65,70,45
16,11,21,0,15,65,85,45
16,12,23,0,10,55,85,50
16,13,9,1,15,55,85,50
16,14,1,1,7,55,90,50
16,15,39,0,0,60,90,50
16,16,46,0,-7,60,90,55
16,17,26,1,3,60,85,55
16,18,14,0,3,60,85,60
16,19,20,0,-2,60,100,60
16,20,6,1,-10,60,100,65
16,21,5,0,-15,60,105,65
16,22,27,1,-15,65,100,65
16,23,21,1,-15,70,85,65
16,24,13,0,-15,70,85,70
16,25,5,1,-10,70,75,70
16,26,10,0,-15,75,75,70
16,27,18,0,-40,75,75,80
16,28,12,1,-35,75,75,80
16,29,15,0,-15,70,75,80
16,30,19,1,0,70,75,80
16,31,41,0,-10,80,75,80
16,32,7,1,-5,80,75,75
16,33,45,0,-5,80,75,80
16,34,17,1,-20,80,85,80
16,35,43,1,-20,80,90,65
16,36,38,0,-25,85,90,65
16,37,38,0,-30,90,90,65
16,38,9,1,-25,90,90,65
16,39,10,1,-5,90,80,65
16,40,23,0,-10,80,80,70
16,41,20,1,-10,85,65,70
16,42,6,1,-18,85,65,75
16,43,22,1,-18,90,55,75
16,44,11,0,-23,90,55,77
16,45,24,0,-28,90,60,77
16,46,27,1,-28,95,55,77
16,47,23,1,-18,95,50,77
16,48,14,0,-18,95,50,82
16,49,20,0,-23,95,65,82
16,50,44,1,-18,95,65,82
16,51,15,0,2,90,65,82
16,52,47,1,2,90,65,97
16,53,1,1,-6,90,70,97
16,54,13,1,-1,95,70,97
16,55,3,1,-8,95,70,102
16,56,14,1,-8,100,70,102
16,57,24,1,-3,100,70,102
16,58,16,0,-13,105,70,102
16,59,45,1,-13,110,70,102
16,60,27,0,-3,95,70,102
16,61,22,1,-3,100,60,102
16,62,17,0,-23,110,60,102
16,63,43,1,-23,110,65,87
16,64,41,0,-33,120,65,87
16,65,15,0,-13,115,65,87
16,66,14,1,-13,120,65,87
16,67,26,0,-18,120,65,92
16,68,3,0,-3,120,60,92
16,69,23,1,7,120,55,92
16,70,5,0,2,120,60,92
16,71,16,0,-8,125,60,92
16,72,36,1,-8,130,60,87
16,73,26,0,-13,130,60,92
16,74,9,1,-8,130,60,92
16,75,1,1,-16,130,65,92
16,76,16,1,-16,130,55,92
16,77,6,0,-6,130,50,92
16,78,47,1,-6,130,50,107
16,79,3,0,9,130,45,107
16,80,5,1,14,130,35,107
16,81,5,0,9,130,40,107
16,82,18,0,-16,130,40,117
16,83,22,0,-21,130,45,117
16,84,13,0,-21,130,45,122
16,85,20,1,-21,135,30,122
16,86,3,1,-28,135,30,127
16,87,14,1,-28,140,30,127
16,88,15,0,-8,135,30,127
16,89,23,0,-13,125,30,132
16,90,2,0,-23,125,35,132
16,91,24,0,-28,125,40,132
16,92,16,0,-38,130,40,132
16,93,12,0,-43,140,40,132
16,94,10,0,-48,145,40,132
16,95,16,1,-48,145,30,132
16,96,38,1,-43,145,30,132
16,97,25,1,-43,150,20,132
16,98,16,0,-53,155,20,132
16,99,23,1,-43,155,15,132
17,0,11,0,45,50,50,52
17,1,15,0,65,45,50,52
17,2,48,1,65,50,50,42
17,3,29,0,55,50,55,42
17,4,38,0,50,55,55,42
17,5,23,0,45,45,55,47
17,6,1,0,55,45,40,47
17,7,8,1,45,45,40,52
17,8,10,0,40,50,40,52
17,9,16,1,40,50,30,52
17,10,42,1,40,55,30,52
17,11,23,0,35,45,30,57
17,12,24,0,30,45,35,57
17,13,41,1,35,35,35,57
17,14,46,1,40,35,35,52
17,15,18,1,50,35,35,52
17,16,2,1,55,35,25,52
17,17,5,0,50,35,30,52
17,18,3,0,65,35,25,52
17,19,24,0,60,35,30,52
17,20,2,1,65,35,20,52
17,21,25,0,65,30,30,52
17,22,29,1,65,45,10,52
17,23,44,0,65,45,20,57
17,24,15,0,85,40,20,57
17,25,22,1,85,45,10,57
17,26,6,1,77,45,10,62
17,27,4,0,62,50,10,62
17,28,23,1,72,50,5,62
17,29,22,0,67,50,10,62
17,30,44,0,67,50,20,67
17,31,3,1,60,50,20,72
17,32,1,1,52,50,25,72
17,33,23,0,47,40,25,77
17,34,36,1,47,45,25,72
17,35,5,1,52,45,15,72
17,36,41,1,57,35,15,72
17,37,2,0,47,35,20,72
17,38,9,0,42,35,20,77
17,39,8,1,32,35,20,82
17,40,36,0,32,30,20,84
17,41,46,0,25,30,20,89
17,42,13,0,25,30,20,94
17,43,46,1,30,30,20,89
17,44,26,1,40,30,15,89
17,45,21,1,40,35,0,89
17,46,18,1,50,35,0,89
17,47,3,1,43,35,0,94
17,48,15,1,43,40,0,94
17,49,20,0,38,40,15,94
17,50,10,1,58,40,5,94
17,51,14,0,58,40,5,99
17,52,43,1,58,40,10,84
17,53,40,1,58,30,20,84
17,54,10,0,53,35,20,84
17,55,2,1,58,35,10,84
17,56,11,1,63,35,10,84
17,57,15,0,83,30,10,84
17,58,1,0,93,30,-5,84
17,59,2,0,83,30,0,84
17,60,16,1,83,30,-10,84
17,61,44,0,83,30,0,89
17,62,1,0,93,30,-15,89
17,63,24,1,98,30,-15,89
17,64,1,1,90,30,-10,89
17,65,46,0,83,30,-10,94
17,66,26,0,78,30,-10,99
17,67,12,0,73,40,-10,99
17,68,12,1,78,40,-10,99
17,69,37,0,66,50,-10,99
17,70,6,1,58,50,-10,104
17,71,3,0,73,50,-15,104
17,72,41,0,63,60,-15,104
17,73,3,1,56,60,-15,109
17,74,20,0,51,60,0,109
17,75,11,0,46,60,0,111
17,76,9,1,51,60,0,111
17,77,12,1,56,60,0,111
17,78,39,1,61,60,0,106
17,79,46,1,66,60,0,101
17,80,41,0,56,70,0,101
17,81,47,1,56,70,0,116
17,82,13,1,61,75,0,116
17,83,38,0,56,80,0,116
17,84,41,0,46,90,0,116
17,85,9,0,41,90,0,121
17,86,22,1,41,95,-10,121
17,87,6,0,51,95,-15,121
17,88,22,0,46,95,-10,121
17,89,4,0,31,100,-10,121
17,90,14,0,31,100,-10,126
17,91,9,1,36,100,-10,126
17,92,23,1,46,100,-15,126
17,93,26,0,41,100,-15,131
17,94,15,1,41,105,-15,131
17,95,8,1,31,105,-15,136
17,96,38,0,26,110,-15,136
17,97,13,0,26,110,-15,141
17,98,11,0,21,110,-15,143
17,99,11,1,26,110,-15,143
18,0,36,1,50,55,50,45
18,1,15,0,70,50,50,45
18,2,13,0,70,50,50,50
18,3,8,1,60,50,50,55
18,4,16,0,50,55,50,55
18,5,40,1,50,45,60,55
18,6,11,1,55,45,60,55
18,7,16,1,55,45,50,55
18,8,9,0,50,45,50,60
18,9,16,1,50,45,40,60
18,10,38,1,55,45,40,60
18,11,4,0,40,50,40,60
18,12,10,0,35,55,40,60
18,13,1,0,45,55,25,60
18,14,39,1,50,55,25,55
18,15,12,0,45,65,25,55
18,16,23,1,55,65,20,55
18,17,37,0,43,75,20,55
18,18,43,0,63,75,10,55
18,19,15,0,83,70,10,55
18,20,22,0,78,70,15,55
18,21,8,0,78,75,5,55
18,22,12,0,73,85,5,55
18,23,2,1,78,85,-5,55
18,24,41,0,68,95,-5,55
18,25,10,0,63,100,-5,55
18,26,27,0,73,85,-5,55
18,27,6,1,65,85,-5,60
18,28,3,0,80,85,-10,60
18,29,43,0,100,85,-20,60
18,30,1,0,110,85,-35,60
18,31,37,0,98,95,-35,60
18,32,12,0,93,105,-35,60
18,33,46,1,98,105,-35,55
18,34,25,1,98,110,-45,55
18,35,5,0,93,110,-40,55
18,36,8,0,93,115,-50,55
18,37,16,0,83,120,-50,55
18,38,22,1,83,125,-60,55
18,39,23,1,93,125,-65,55
18,40,15,0,113,120,-65,55
18,41,9,0,108,120,-65,60
18,42,26,0,103,120,-65,65
18,43,16,1,103,120,-75,65
18,44,3,0,118,120,-80,65
18,45,16,0,108,125,-80,65
18,46,24,1,113,125,-80,65
18,47,10,0,108,130,-80,65
18,48,14,1,108,135,-80,65
18,49,13,1,113,140,-80,65
18,50,19,0,93,140,-70,75
18,51,10,0,88,145,-70,75
18,52,11,0,83,145,-70,77
18,53,13,0,83,145,-70,82
18,54,12,1,88,145,-70,82
18,55,30,1,88,145,-60,82
18,56,45,1,88,150,-60,82
18,57,36,1,88,155,-60,77
18,58,16,0,78,160,-60,77
18,59,40,0,78,170,-70,77
18,60,17,1,63,170,-60,77
18,61,7,1,68,170,-60,72
18,62,16,0,58,175,-60,72
18,63,22,1,58,180,-70,72
18,64,40,0,58,190,-80,72
18,65,21,0,53,190,-65,72
18,66,16,0,43,195,-65,72
18,67,16,1,43,195,-75,72
18,68,42,0,35,195,-75,82
18,69,40,1,35,185,-65,82
18,70,15,0,55,180,-65,82
18,71,24,0,50,180,-60,82
18,72,42,1,50,185,-60,82
18,73,40,1,50,175,-50,82
18,74,23,1,60,175,-55,82
18,75,44,0,60,175,-45,87
18,76,20,0,55,175,-30,87
18,77,25,1,55,180,-40,87
18,78,21,0,50,180,-25,87
18,79,15,0,70,175,-25,87
18,80,45,0,70,175,-25,92
18,81,40,1,70,165,-15,92
18,82,13,0,70,165,-15,97
18,83,16,1,70,165,-25,97
18,84,27,0,80,150,-25,97
18,85,41,1,85,140,-25,97
18,86,29,1,85,155,-45,97
18,87,18,1,95,155,-45,97
18,88,41,0,85,165,-45,97
18,89,45,0,85,165,-45,102
18,90,44,1,90,165,-45,102
18,91,28,1,100,165,-45,102
18,92,2,0,90,165,-40,102
18,93,1,1,82,165,-35,102
18,94,8,1,72,165,-35,107
18,95,4,1,82,165,-35,102
18,96,1,1,74,165,-30,102
18,97,5,0,69,165,-25,102
18,98,11,1,74,165,-25,102
18,99,3,0,89,165,-30,102
19,0,9,0,45,50,50,55
19,1,12,0,40,60,50,55
19,2,4,0,25,65,50,55
19,3,7,1,30,65,50,50
19,4,20,1,30,70,35,50
19,5,3,1,23,70,35,55
19,6,2,0,13,70,40,55
19,7,4,1,23,70,40,50
19,8,9,1,28,70,40,50
19,9,20,0,23,70,55,50
19,10,9,1,28,70,55,50
19,11,20,0,23,70,70,50
19,12,9,0,18,70,70,55
19,13,14,1,18,75,70,55
19,14,12,0,13,85,70,55
19,15,9,1,18,85,70,55
19,16,27,0,28,70,70,55
19,17,8,0,28,75,60,55
19,18,15,0,48,70,60,55
19,19,40,1,48,60,70,55
19,20,26,0,43,60,70,60
19,21,17,0,23,70,70,60
19,22,46,1,28,70,70,55
19,23,14,0,28,70,70,60
19,24,38,1,33,70,70,60
19,25,4,0,18,75,70,60
19,26,37,1,28,75,70,60
19,27,16,0,18,80,70,60
19,28,4,1,28,80,70,55
19,29,29,1,28,95,50,55
19,30,2,1,33,95,40,55
19,31,28,1,43,95,40,55
19,32,27,0,53,80,40,55
19,33,6,0,63,80,35,55
19,34,47,1,63,80,35,70
19,35,25,1,63,85,25,70
19,36,5,0,58,85,30,70
19,37,27,1,58,90,25,70
19,38,12,1,63,90,25,70
19,39,4,0,48,95,25,70
19,40,38,1,53,95,25,70
19,41,40,1,53,85,35,70
19,42,16,0,43,90,35,70
19,43,8,0,43,95,25,70
19,44,8,1,33,95,25,75
19,45,24,1,38,95,25,75
19,46,40,1,38,85,35,75
19,47,26,1,48,85,30,75
19,48,10,0,43,90,30,75
19,49,13,0,43,90,30,80
19,50,16,0,33,95,30,80
19,51,11,1,38,95,30,80
19,52,10,1,58,95,20,80
19,53,12,1,63,95,20,80
19,54,21,1,63,100,5,80
19,55,16,1,63,100,-5,80
19,56,16,0,53,105,-5,80
19,57,3,1,46,105,-5,85
19,58,20,0,41,105,10,85
19,59,20,1,41,110,-5,85
19,60,25,1,41,115,-15,85
19,61,15,1,41,120,-15,85
19,62,13,0,41,120,-15,90
19,63,4,0,26,125,-15,90
19,64,3,0,41,125,-20,90
19,65,38,1,46,125,-20,90
19,66,13,0,46,125,-20,95
19,67,23,1,56,125,-25,95
19,68,45,1,56,130,-25,95
19,69,11,0,51,130,-25,97
19,70,23,1,61,130,-30,97
19,71,3,0,76,130,-35,97
19,72,36,1,76,135,-35,92
19,73,9,0,71,135,-35,97
19,74,22,0,66,135,-30,97
19,75,2,0,56,135,-25,97
19,76,41,1,61,125,-25,97
19,77,26,0,56,125,-25,102
19,78,4,0,41,130,-25,102
19,79,4,1,51,130,-25,97
19,80,23,0,46,120,-25,102
19,81,36,0,46,115,-25,104
19,82,5,0,41,115,-20,104
19,83,13,0,41,115,-20,109
19,84,26,1,51,115,-25,109
19,85,22,0,46,115,-20,109
19,86,41,1,51,105,-20,109
19,87,24,0,46,105,-15,109
19,88,21,0,41,105,0,109
19,89,47,1,41,105,0,124
19,90,8,0,41,110,-10,124
19,91,25,1,41,115,-20,124
19,92,5,0,36,115,-15,124
19,93,3,1,29,115,-15,129
19,94,40,1,29,105,-5,129
19,95,12,1,34,105,-5,129
19,96,13,1,39,110,-5,129
19,97,20,0,34,110,10,129
19,98,11,0,29,110,10,131
19,99,9,0,24,110,10,136
20,0,22,1,50,55,40,50
20,1,26,1,60,55,35,50
20,2,48,1,60,60,35,40
20,3,2,1,65,60,25,40
20,4,23,1,75,60,20,40
20,5,15,0,95,55,20,40
20,6,46,1,100,55,20,35
20,7,30,1,100,55,30,35
20,8,9,1,105,55,30,35
20,9,25,1,105,60,20,35
20,10,10,1,125,60,10,35
20,11,1,0,135,60,-5,35
20,12,2,1,140,60,-15,35
20,13,38,0,135,65,-15,35
20,14,39,0,128,70,-15,35
20,15,36,1,128,75,-15,30
20,16,47,0,153,75,-15,30
20,17,48,1,153,80,-15,20
20,18,38,1,158,80,-15,20
20,19,5,1,163,80,-25,20
20,20,25,1,163,85,-35,20
20,21,15,1,163,90,-35,20
20,22,2,1,168,90,-45,20
20,23,20,1,168,95,-60,20
20,24,9,1,173,95,-60,20
20,25,28,1,183,95,-60,20
20,26,37,0,171,105,-60,20
20,27,11,1,176,105,-60,20
20,28,9,1,181,105,-60,20
20,29,3,1,174,105,-60,25
20,30,26,0,169,105,-60,30
20,31,24,0,164,105,-55,30
20,32,22,0,159,105,-50,30
20,33,16,1,159,105,-60,30
20,34,16,0,149,110,-60,30
20,35,23,1,159,110,-65,30
20,36,10,1,179,110,-75,30
20,37,12,0,174,120,-75,30
20,38,21,1,174,125,-90,30
20,39,20,1,174,130,-105,30
20,40,21,1,174,135,-120,30
20,41,11,1,179,135,-120,30
20,42,17,0,159,145,-120,30
20,43,40,1,159,135,-110,30
20,44,16,0,149,140,-110,30
20,45,42,0,141,140,-110,40
20,46,21,0,136,140,-95,40
20,47,29,0,126,140,-90,40
20,48,13,1,131,145,-90,40
20,49,11,0,126,145,-90,42
20,50,46,0,119,145,-90,47
20,51,1,1,111,145,-85,47
20,52,2,0,101,145,-80,47
20,53,4,0,86,150,-80,47
20,54,22,1,86,155,-90,47
20,55,14,1,86,160,-90,47
20,56,38,1,91,160,-90,47
20,57,23,1,101,160,-95,47
20,58,41,0,91,170,-95,47
20,59,36,0,91,165,-95,49
20,60,15,1,91,170,-95,49
20,61,5,0,86,170,-90,49
20,62,38,0,81,175,-90,49
20,63,9,0,76,175,-90,54
20,64,1,1,68,175,-85,54
20,65,46,1,73,175,-85,49
20,66,26,1,83,175,-90,49
20,67,2,1,88,175,-100,49
20,68,5,1,93,175,-110,49
20,69,5,0,88,175,-105,49
20,70,10,1,108,175,-115,49
20,71,47,1,108,175,-115,64
20,72,6,0,118,175,-120,64
20,73,12,1,123,175,-120,64
20,74,1,1,115,175,-115,64
20,75,20,1,115,180,-130,64
20,76,11,1,120,180,-130,64
20,77,23,0,115,170,-130,69
20,78,3,0,130,170,-135,69
20,79,9,1,135,170,-135,69
20,80,41,0,125,180,-135,69
20,81,4,1,135,180,-135,64
20,82,9,1,140,180,-135,64
20,83,13,1,145,185,-135,64
20,84,15,0,165,180,-135,64
20,85,45,0,165,180,-135,69
20,86,41,1,170,170,-135,69
20,87,28,0,160,170,-125,69
20,88,23,0,155,160,-125,74
20,89,43,1,155,160,-120,59
20,90,8,1,145,160,-120,64
20,91,13,0,145,160,-120,69
20,92,20,0,140,160,-105,69
20,93,28,1,150,160,-105,69
20,94,22,0,145,160,-100,69
20,95,41,1,150,150,-100,69
20,96,2,1,155,150,-110,69
20,97,40,0,155,160,-120,69
20,98,9,0,150,160,-120,74
20,99,9,0,145,160,-120,79
21,0,2,1,55,50,40,50
21,1,39,1,60,50,40,45
21,2,10,0,55,55,40,45
21,3,20,1,55,60,25,45
21,4,22,1,55,65,15,45
21,5,1,1,47,65,20,45
21,6,41,1,52,55,20,45
21,7,41,1,57,45,20,45
21,8,2,1,62,45,10,45
21,9,25,1,62,50,0,45
21,10,2,0,52,50,5,45
21,11,22,0,47,50,10,45
21,12,28,1,57,50,10,45
21,13,10,0,52,55,10,45
21,14,13,1,57,60,10,45
21,15,38,1,62,60,10,45
21,16,28,0,52,60,20,45
21,17,3,1,45,60,20,50
21,18,6,0,55,60,15,50
21,19,13,1,60,65,15,50
21,20,23,0,55,55,15,55
21,21,15,0,75,50,15,55
21,22,14,1,75,55,15,55
21,23,3,1,68,55,15,60
21,24,3,0,83,55,10,60
21,25,21,1,83,60,-5,60
21,26,28,0,73,60,5,60
21,27,6,1,65,60,5,65
21,28,16,1,65,60,-5,65
21,29,47,1,65,60,-5,80
21,30,23,0,60,50,-5,85
21,31,3,1,53,50,-5,90
21,32,46,0,46,50,-5,95
21,33,2,0,36,50,0,95
21,34,12,0,31,60,0,95
21,35,16,0,21,65,0,95
21,36,16,1,21,65,-10,95
21,37,15,0,41,60,-10,95
21,38,39,1,46,60,-10,90
21,39,4,1,56,60,-10,85
21,40,1,1,48,60,-5,85
21,41,21,0,43,60,10,85
21,42,45,0,43,60,10,90
21,43,16,1,43,60,0,90
21,44,26,0,38,60,0,95
21,45,12,0,33,70,0,95
21,46,43,1,33,70,5,80
21,47,26,1,43,70,0,80
21,48,1,0,53,70,-15,80
21,49,46,1,58,70,-15,75
21,50,20,1,58,75,-30,75
21,51,11,0,53,75,-30,77
21,52,12,1,58,75,-30,77
21,53,3,1,51,75,-30,82
21,54,15,1,51,80,-30,82
21,55,10,0,46,85,-30,82
21,56,2,1,51,85,-40,82
21,57,10,1,71,85,-50,82
21,58,17,1,56,85,-40,82
21,59,1,1,48,85,-35,82
21,60,24,1,53,85,-35,82
21,61,1,0,63,85,-50,82
21,62,47,1,63,85,-50,97
21,63,9,0,58,85,-50,102
21,64,1,0,68,85,-65,102
21,65,3,0,83,85,-70,102
21,66,2,1,88,85,-80,102
21,67,4,1,98,85,-80,97
21,68,10,0,93,90,-80,97
21,69,25,1,93,95,-90,97
21,70,15,1,93,100,-90,97
21,71,9,0,88,100,-90,102
21,72,2,0,78,100,-85,102
21,73,7,1,83,100,-85,97
21,74,15,1,83,105,-85,97
21,75,25,0,83,100,-75,97
21,76,41,1,88,90,-75,97
21,77,1,0,98,90,-90,97
21,78,15,0,118,85,-90,97
21,79,28,0,108,85,-80,97
21,80,3,0,123,85,-85,97
21,81,1,0,133,85,-100,97
21,82,23,1,143,85,-105,97
21,83,24,0,138,85,-100,97
21,84,44,0,138,85,-90,102
21,85,13,1,143,90,-90,102
21,86,38,1,148,90,-90,102
21,87,21,1,148,95,-105,102
21,88,46,0,141,95,-105,107
21,89,16,1,141,95,-115,107
21,90,15,0,161,90,-115,107
21,91,14,0,161,90,-115,112
21,92,20,1,161,95,-130,112
21,93,9,0,156,95,-130,117
21,94,22,1,156,100,-140,117
21,95,1,1,148,100,-135,117
21,96,17,1,133,100,-125,117
21,97,14,1,133,105,-125,117
21,98,13,1,138,110,-125,117
21,99,45,0,138,110,-125,122
22,0,36,0,50,45,50,52
22,1,3,1,43,45,50,57
22,2,21,0,38,45,65,57
22,3,23,0,33,35,65,62
22,4,22,1,33,40,55,62
22,5,4,1,43,40,55,57
22,6,24,0,38,40,60,57
22,7,41,1,43,30,60,57
22,8,26,0,38,30,60,62
22,9,23,0,33,20,60,67
22,10,15,0,53,15,60,67
22,11,16,0,43,20,60,67
22,12,40,0,43,30,50,67
22,13,41,1,48,20,50,67
22,14,39,1,53,20,50,62
22,15,19,0,33,20,60,72
22,16,15,1,33,25,60,72
22,17,20,0,28,25,75,72
22,18,20,0,23,25,90,72
22,19,5,1,28,25,80,72
22,20,15,0,48,20,80,72
22,21,20,1,48,25,65,72
22,22,12,1,53,25,65,72
22,23,44,0,53,25,75,77
22,24,41,0,43,35,75,77
22,25,39,0,36,40,75,77
22,26,47,0,61,40,75,77
22,27,26,1,71,40,70,77
22,28,14,0,71,40,70,82
22,29,5,0,66,40,75,82
22,30,14,0,66,40,75,87
22,31,3,0,81,40,70,87
22,32,37,1,91,40,70,87
22,33,22,0,86,40,75,87
22,34,39,1,91,40,75,82
22,35,4,1,101,40,75,77
22,36,20,1,101,45,60,77
22,37,11,1,106,45,60,77
22,38,1,0,116,45,45,77
22,39,26,1,126,45,40,77
22,40,6,1,118,45,40,82
22,41,14,0,118,45,40,87
22,42,26,1,128,45,35,87
22,43,11,0,123,45,35,89
22,44,29,1,123,60,15,89
22,45,25,1,123,65,5,89
22,46,5,1,128,65,-5,89
22,47,12,0,123,75,-5,89
22,48,10,1,143,75,-15,89
22,49,14,1,143,80,-15,89
22,50,16,1,143,80,-25,89
22,51,2,0,133,80,-20,89
22,52,20,0,128,80,-5,89
22,53,20,0,123,80,10,89
22,54,46,1,128,80,10,84
22,55,19,0,108,80,20,94
22,56,25,0,108,75,30,94
22,57,5,1,113,75,20,94
22,58,22,0,108,75,25,94
22,59,4,1,118,75,25,89
22,60,14,0,118,75,25,94
22,61,39,0,111,80,25,94
22,62,42,0,103,80,25,104
22,63,27,0,113,65,25,104
22,64,4,0,98,70,25,104
22,65,5,1,103,70,15,104
22,66,18,0,78,70,15,114
22,67,1,0,88,70,0,114
22,68,25,0,88,65,10,114
22,69,11,1,93,65,10,114
22,70,13,0,93,65,10,119
22,71,41,1,98,55,10,119
22,72,38,1,103,55,10,119
22,73,13,1,108,60,10,119
22,74,43,0,128,60,0,119
22,75,29,1,128,75,-20,119
22,76,27,0,138,60,-20,119
22,77,26,1,148,60,-25,119
22,78,8,1,138,60,-25,124
22,79,40,1,138,50,-15,124
22,80,25,1,138,55,-25,124
22,81,1,1,130,55,-20,124
22,82,11,0,125,55,-20,126
22,83,25,0,125,50,-10,126
22,84,1,1,117,50,-5,126
22,85,12,1,122,50,-5,126
22,86,3,0,137,50,-10,126
22,87,2,1,142,50,-20,126
22,88,3,1,135,50,-20,131
22,89,38,1,140,50,-20,131
22,90,48,0,130,50,-20,136
22,91,26,0,125,50,-20,141
22,92,9,1,130,50,-20,141
22,93,15,1,130,55,-20,141
22,94,1,1,122,55,-15,141
22,95,2,1,127,55,-25,141
22,96,25,1,127,60,-35,141
22,97,21,0,122,60,-20,141
22,98,18,0,97,60,-20,151
22,99,41,0,87,70,-20,151
23,0,7,0,35,55,50,50
23,1,24,1,40,55,50,50
23,2,5,0,35,55,55,50
23,3,15,0,55,50,55,50
23,4,11,1,60,50,55,50
23,5,12,1,65,50,55,50
23,6,8,0,65,55,45,50
23,7,16,0,55,60,45,50
23,8,20,1,55,65,30,50
23,9,21,1,55,70,15,50
23,10,9,1,60,70,15,50
23,11,44,0,60,70,25,55
23,12,26,0,55,70,25,60
23,13,10,1,75,70,15,60
23,14,41,1,80,60,15,60
23,15,2,1,85,60,5,60
23,16,15,1,85,65,5,60
23,17,1,0,95,65,-10,60
23,18,12,0,90,75,-10,60
23,19,1,0,100,75,-25,60
23,20,7,1,105,75,-25,55
23,21,22,0,100,75,-20,55
23,22,24,1,105,75,-20,55
23,23,12,1,110,75,-20,55
23,24,11,1,115,75,-20,55
23,25,45,0,115,75,-20,60
23,26,26,1,125,75,-25,60
23,27,37,1,135,75,-25,60
23,28,8,0,135,80,-35,60
23,29,6,1,127,80,-35,65
23,30,10,0,122,85,-35,65
23,31,9,0,117,85,-35,70
23,32,17,1,102,85,-25,70
23,33,44,1,107,85,-25,70
23,34,23,1,117,85,-30,70
23,35,13,1,122,90,-30,70
23,36,27,0,132,75,-30,70
23,37,16,0,122,80,-30,70
23,38,25,0,122,75,-20,70
23,39,16,0,112,80,-20,70
23,40,26,1,122,80,-25,70
23,41,13,0,122,80,-25,75
23,42,30,1,122,80,-15,75
23,43,22,0,117,80,-10,75
23,44,11,1,122,80,-10,75
23,45,43,0,142,80,-20,75
23,46,4,0,127,85,-20,75
23,47,21,1,127,90,-35,75
23,48,16,0,117,95,-35,75
23,49,22,1,117,100,-45,75
23,50,27,0,127,85,-45,75
23,51,15,0,147,80,-45,75
23,52,38,0,142,85,-45,75
23,53,12,1,147,85,-45,75
23,54,23,1,157,85,-50,75
23,55,39,0,150,90,-50,75
23,56,4,0,135,95,-50,75
23,57,2,1,140,95,-60,75
23,58,2,0,130,95,-55,75
23,59,19,1,145,95,-55,75
23,60,9,0,140,95,-55,80
23,61,19,1,155,95,-55,80
23,62,17,1,140,95,-45,80
23,63,48,0,130,95,-45,85
23,64,5,0,125,95,-40,85
23,65,25,0,125,90,-30,85
23,66,16,1,125,90,-40,85
23,67,25,1,125,95,-50,85
23,68,26,1,135,95,-55,85
23,69,45,1,135,100,-55,85
23,70,41,1,140,90,-55,85
23,71,41,0,130,100,-55,85
23,72,12,1,135,100,-55,85
23,73,2,0,125,100,-50,85
23,74,5,1,130,100,-60,85
23,75,25,0,130,95,-50,85
23,76,18,0,105,95,-50,95
23,77,39,0,98,100,-50,95
23,78,23,0,93,90,-50,100
23,79,41,1,98,80,-50,100
23,80,27,1,98,85,-55,100
23,81,25,0,98,80,-45,100
23,82,15,1,98,85,-45,100
23,83,47,0,123,85,-45,100
23,84,40,0,123,95,-55,100
23,85,44,0,123,95,-45,105
23,86,14,0,123,95,-45,110
23,87,9,0,118,95,-45,115
23,88,26,1,128,95,-50,115
23,89,15,1,128,100,-50,115
23,90,37,0,116,110,-50,115
23,91,21,0,111,110,-35,115
23,92,7,0,96,115,-35,115
23,93,25,1,96,120,-45,115
23,94,45,0,96,120,-45,120
23,95,1,0,106,120,-60,120
23,96,12,1,111,120,-60,120
23,97,25,1,111,125,-70,120
23,98,43,0,131,125,-80,120
23,99,17,1,116,125,-70,120
24,0,25,0,50,45,60,50
24,1,26,1,60,45,55,50
24,2,4,0,45,50,55,50
24,3,5,0,40,50,60,50
24,4,22,1,40,55,50,50
24,5,13,0,40,55,50,55
24,6,25,0,40,50,60,55
24,7,25,1,40,55,50,55
24,8,24,0,35,55,55,55
24,9,41,1,40,45,55,55
24,10,11,1,45,45,55,55
24,11,42,1,45,50,55,55
24,12,10,0,40,55,55,55
24,13,4,1,50,55,55,50
24,14,4,0,35,60,55,50
24,15,40,0,35,70,45,50
24,16,14,0,35,70,45,55
24,17,21,0,30,70,60,55
24,18,16,1,30,70,50,55
24,19,18,1,40,70,50,55
24,20,15,0,60,65,50,55
24,21,39,1,65,65,50,50
24,22,2,1,70,65,40,50
24,23,22,1,70,70,30,50
24,24,39,1,75,70,30,45
24,25,1,0,85,70,15,45
24,26,45,0,85,70,15,50
24,27,44,1,90,70,15,50
24,28,17,1,75,70,25,50
24,29,10,0,70,75,25,50
24,30,41,1,75,65,25,50
24,31,26,1,85,65,20,50
24,32,20,1,85,70,5,50
24,33,8,1,75,70,5,55
24,34,15,1,75,75,5,55
24,35,23,1,85,75,0,55
24,36,10,0,80,80,0,55
24,37,14,0,80,80,0,60
24,38,27,1,80,85,-5,60
24,39,44,0,80,85,5,65
24,40,26,1,90,85,0,65
24,41,37,1,100,85,0,65
24,42,9,1,105,85,0,65
24,43,10,1,125,85,-10,65
24,44,37,1,135,85,-10,65
24,45,13,1,140,90,-10,65
24,46,5,1,145,90,-20,65
24,47,10,1,165,90,-30,65
24,48,37,1,175,90,-30,65
24,49,8,1,165,90,-30,70
24,50,9,0,160,90,-30,75
24,51,7,0,145,95,-30,75
24,52,15,0,165,90,-30,75
24,53,12,1,170,90,-30,75
24,54,9,1,175,90,-30,75
24,55,14,0,175,90,-30,80
24,56,41,0,165,100,-30,80
24,57,23,1,175,100,-35,80
24,58,21,0,170,100,-20,80
24,59,26,0,165,100,-20,85
24,60,9,0,160,100,-20,90
24,61,1,0,170,100,-35,90
24,62,5,0,165,100,-30,90
24,63,28,1,175,100,-30,90
24,64,16,1,175,100,-40,90
24,65,6,0,185,100,-45,90
24,66,22,0,180,100,-40,90
24,67,1,1,172,100,-35,90
24,68,8,1,162,100,-35,95
24,69,1,1,154,100,-30,95
24,70,42,0,146,100,-30,105
24,71,12,0,141,110,-30,105
24,72,13,1,146,115,-30,105
24,73,16,0,136,120,-30,105
24,74,15,0,156,115,-30,105
24,75,12,0,151,125,-30,105
24,76,11,1,156,125,-30,105
24,77,37,1,166,125,-30,105
24,78,23,1,176,125,-35,105
24,79,12,1,181,125,-35,105
24,80,22,0,176,125,-30,105
24,81,8,1,166,125,-30,110
24,82,14,1,166,130,-30,110
24,83,43,0,186,130,-40,110
24,84,4,0,171,135,-40,110
24,85,23,0,166,125,-40,115
24,86,15,1,166,130,-40,115
24,87,9,1,171,130,-40,115
24,88,43,0,191,130,-50,115
24,89,2,1,196,130,-60,115
24,90,8,1,186,130,-60,120
24,91,10,1,206,130,-70,120
24,92,3,1,199,130,-70,125
24,93,24,1,204,130,-70,125
24,94,12,0,199,140,-70,125
24,95,39,0,192,145,-70,125
24,96,13,1,197,150,-70,125
24,97,14,1,197,155,-70,125
24,98,1,0,207,155,-85,125
24,99,11,0,202,155,-85,127
25,0,15,1,50,55,50,50
25,1,41,0,40,65,50,50
25,2,3,1,33,65,50,55
25,3,1,0,43,65,35,55
25,4,46,0,36,65,35,60
25,5,13,1,41,70,35,60
25,6,1,0,51,70,20,60
25,7,4,0,36,75,20,60
25,8,13,1,41,80,20,60
25,9,2,1,46,80,10,60
25,10,14,1,46,85,10,60
25,11,10,1,66,85,0,60
25,12,29,1,66,100,-20,60
25,13,26,0,61,100,-20,65
25,14,11,1,66,100,-20,65
25,15,38,1,71,100,-20,65
25,16,1,1,63,100,-15,65
25,17,46,0,56,100,-15,70
25,18,44,0,56,100,-5,75
25,19,25,1,56,105,-15,75
25,20,41,0,46,115,-15,75
25,21,25,0,46,110,-5,75
25,22,42,0,38,110,-5,85
25,23,23,1,48,110,-10,85
25,24,1,1,40,110,-5,85
25,25,6,0,50,110,-10,85
25,26,2,1,55,110,-20,85
25,27,10,0,50,115,-20,85
25,28,24,1,55,115,-20,85
25,29,2,0,45,115,-15,85
25,30,2,1,50,115,-25,85
25,31,2,1,55,115,-35,85
25,32,2,0,45,115,-30,85
25,33,16,0,35,120,-30,85
25,34,11,1,40,120,-30,85
25,35,6,0,50,120,-35,85
25,36,27,0,60,105,-35,85
25,37,28,0,50,105,-25,85
25,38,5,1,55,105,-35,85
25,39,9,1,60,105,-35,85
25,40,30,1,60,105,-25,85
25,41,10,1,80,105,-35,85
25,42,23,1,90,105,-40,85
25,43,26,1,100,105,-45,85
25,44,9,1,105,105,-45,85
25,45,2,1,110,105,-55,85
25,46,28,1,120,105,-55,85
25,47,25,0,120,100,-45,85
25,48,6,1,112,100,-45,90
25,49,22,0,107,100,-40,90
25,50,41,1,112,90,-40,90
25,51,11,0,107,90,-40,92
25,52,2,1,112,90,-50,92
25,53,40,0,112,100,-60,92
25,54,14,0,112,100,-60,97
25,55,16,0,102,105,-60,97
25,56,22,0,97,105,-55,97
25,57,12,0,92,115,-55,97
25,58,23,1,102,115,-60,97
25,59,24,0,97,115,-55,97
25,60,39,1,102,115,-55,92
25,61,14,0,102,115,-55,97
25,62,44,0,102,115,-45,102
25,63,2,1,107,115,-55,102
25,64,11,0,102,115,-55,104
25,65,2,1,107,115,-65,104
25,66,16,1,107,115,-75,104
25,67,4,1,117,115,-75,99
25,68,4,1,127,115,-75,94
25,69,25,1,127,120,-85,94
25,70,26,0,122,120,-85,99
25,71,4,1,132,120,-85,94
25,72,5,0,127,120,-80,94
25,73,21,0,122,120,-65,94
25,74,25,1,122,125,-75,94
25,75,23,0,117,115,-75,99
25,76,27,1,117,120,-80,99
25,77,17,1,102,120,-70,99
25,78,41,1,107,110,-70,99
25,79,16,0,97,115,-70,99
25,80,8,0,97,120,-80,99
25,81,15,1,97,125,-80,99
25,82,47,1,97,125,-80,114
25,83,13,0,97,125,-80,119
25,84,20,0,92,125,-65,119
25,85,37,1,102,125,-65,119
25,86,1,1,94,125,-60,119
25,87,40,0,94,135,-70,119
25,88,11,1,99,135,-70,119
25,89,8,1,89,135,-70,124
25,90,19,1,104,135,-70,124
25,91,15,0,124,130,-70,124
25,92,14,0,124,130,-70,129
25,93,38,1,129,130,-70,129
25,94,1,0,139,130,-85,129
25,95,11,1,144,130,-85,129
25,96,5,1,149,130,-95,129
25,97,12,0,144,140,-95,129
25,98,20,1,144,145,-110,129
25,99,38,1,149,145,-110,129
26,0,22,0,45,50,55,50
26,1,12,1,50,50,55,50
26,2,7,1,55,50,55,45
26,3,42,0,47,50,55,55
26,4,17,0,27,60,55,55
26,5,6,0,37,60,50,55
26,6,9,0,32,60,50,60
26,7,40,0,32,70,40,60
26,8,22,0,27,70,45,60
26,9,38,0,22,75,45,60
26,10,4,0,7,80,45,60
26,11,12,0,2,90,45,60
26,12,4,0,-13,95,45,60
26,13,20,0,-18,95,60,60
26,14,5,1,-13,95,50,60
26,15,39,0,-20,100,50,60
26,16,26,0,-25,100,50,65
26,17,48,1,-25,105,50,55
26,18,48,1,-25,110,50,45
26,19,24,1,-20,110,50,45
26,20,41,1,-15,100,50,45
26,21,46,0,-22,100,50,50
26,22,10,0,-27,105,50,50
26,23,29,0,-37,105,55,50
26,24,28,0,-47,105,65,50
26,25,47,1,-47,105,65,65
26,26,21,0,-52,105,80,65
26,27,15,1,-52,110,80,65
26,28,3,1,-59,110,80,70
26,29,48,0,-69,110,80,75
26,30,38,1,-64,110,80,75
26,31,24,1,-59,110,80,75
26,32,8,1,-69,110,80,80
26,33,48,0,-79,110,80,85
26,34,11,1,-74,110,80,85
26,35,15,1,-74,115,80,85
26,36,20,1,-74,120,65,85
26,37,14,0,-74,120,65,90
26,38,9,0,-79,120,65,95
26,39,16,1,-79,120,55,95
26,40,20,0,-84,120,70,95
26,41,43,0,-64,120,60,95
26,42,23,1,-54,120,55,95
26,43,16,1,-54,120,45,95
26,44,5,0,-59,120,50,95
26,45,25,0,-59,115,60,95
26,46,16,0,-69,120,60,95
26,47,23,0,-74,110,60,100
26,48,15,0,-54,105,60,100
26,49,12,0,-59,115,60,100
26,50,11,1,-54,115,60,100
26,51,41,1,-49,105,60,100
26,52,5,0,-54,105,65,100
26,53,10,1,-34,105,55,100
26,54,13,1,-29,110,55,100
26,55,20,1,-29,115,40,100
26,56,47,1,-29,115,40,115
26,57,4,0,-44,120,40,115
26,58,7,0,-59,125,40,115
26,59,7,0,-74,130,40,115
26,60,41,1,-69,120,40,115
26,61,15,0,-49,115,40,115
26,62,3,1,-56,115,40,120
26,63,7,0,-71,120,40,120
26,64,13,1,-66,125,40,120
26,65,1,0,-56,125,25,120
26,66,3,0,-41,125,20,120
26,67,1,1,-49,125,25,120
26,68,4,1,-39,125,25,115
26,69,38,1,-34,125,25,115
26,70,7,0,-49,130,25,115
26,71,48,1,-49,135,25,105
26,72,37,0,-61,145,25,105
26,73,44,1,-56,145,25,105
26,74,3,0,-41,145,20,105
26,75,21,1,-41,150,5,105
26,76,1,1,-49,150,10,105
26,77,11,1,-44,150,10,105
26,78,46,0,-51,150,10,110
26,79,27,0,-41,135,10,110
26,80,47,0,-16,135,10,110
26,81,1,1,-24,135,15,110
26,82,44,0,-24,135,25,115
26,83,9,1,-19,135,25,115
26,84,4,1,-9,135,25,110
26,85,20,1,-9,140,10,110
26,86,18,0,-34,140,10,120
26,87,21,0,-39,140,25,120
26,88,20,0,-44,140,40,120
26,89,4,0,-59,145,40,120
26,90,5,0,-64,145,45,120
26,91,1,0,-54,145,30,120
26,92,39,1,-49,145,30,115
26,93,46,0,-56,145,30,120
26,94,21,1,-56,150,15,120
26,95,40,1,-56,140,25,120
26,96,3,0,-41,140,20,120
26,97,13,1,-36,145,20,120
26,98,8,1,-46,145,20,125
26,99,11,0,-51,145,20,127
27,0,8,0,50,55,40,50
27,1,16,1,50,55,30,50
27,2,3,0,65,55,25,50
27,3,21,1,65,60,10,50
27,4,12,1,70,60,10,50
27,5,28,0,60,60,20,50
27,6,18,1,70,60,20,50
27,7,26,1,80,60,15,50
27,8,17,0,60,70,15,50
27,9,13,0,60,70,15,55
27,10,37,0,48,80,15,55
27,11,3,1,41,80,15,60
27,12,21,1,41,85,0,60
27,13,4,1,51,85,0,55
27,14,15,1,51,90,0,55
27,15,15,1,51,95,0,55
27,16,45,0,51,95,0,60
27,17,2,0,41,95,5,60
27,18,38,0,36,100,5,60
27,19,9,1,41,100,5,60
27,20,16,0,31,105,5,60
27,21,42,0,23,105,5,70
27,22,17,0,3,115,5,70
27,23,12,0,-2,125,5,70
27,24,18,1,8,125,5,70
27,25,39,1,13,125,5,65
27,26,21,1,13,130,-10,65
27,27,11,0,8,130,-10,67
27,28,11,0,3,130,-10,69
27,29,15,0,23,125,-10,69
27,30,1,1,15,125,-5,69
27,31,22,0,10,125,0,69
27,32,14,1,10,130,0,69
27,33,14,1,10,135,0,69
27,34,14,1,10,140,0,69
27,35,16,0,0,145,0,69
27,36,14,1,0,150,0,69
27,37,12,0,-5,160,0,69
27,38,2,1,0,160,-10,69
27,39,12,1,5,160,-10,69
27,40,9,0,0,160,-10,74
27,41,12,0,-5,170,-10,74
27,42,11,0,-10,170,-10,76
27,43,26,1,0,170,-15,76
27,44,41,0,-10,180,-15,76
27,45,4,1,0,180,-15,71
27,46,2,1,5,180,-25,71
27,47,7,0,-10,185,-25,71
27,48,29,0,-20,185,-20,71
27,49,14,1,-20,190,-20,71
27,50,3,1,-27,190,-20,76
27,51,5,1,-22,190,-30,76
27,52,29,0,-32,190,-25,76
27,53,3,1,-39,190,-25,81
27,54,44,0,-39,190,-15,86
27,55,23,1,-29,190,-20,86
27,56,40,0,-29,200,-30,86
27,57,12,0,-34,210,-30,86
27,58,18,1,-24,210,-30,86
27,59,30,0,-24,210,-40,96
27,60,11,1,-19,210,-40,96
27,61,13,1,-14,215,-40,96
27,62,5,0,-19,215,-35,96
27,63,6,1,-27,215,-35,101
27,64,5,0,-32,215,-30,101
27,65,41,1,-27,205,-30,101
27,66,5,0,-32,205,-25,101
27,67,16,1,-32,205,-35,101
27,68,10,1,-12,205,-45,101
27,69,1,1,-20,205,-40,101
27,70,16,0,-30,210,-40,101
27,71,41,0,-40,220,-40,101
27,72,6,0,-30,220,-45,101
27,73,4,1,-20,220,-45,96
27,74,16,1,-20,220,-55,96
27,75,23,1,-10,220,-60,96
27,76,18,0,-35,220,-60,106
27,77,15,0,-15,215,-60,106
27,78,15,1,-15,220,-60,106
27,79,29,1,-15,235,-80,106
27,80,47,1,-15,235,-80,121
27,81,3,1,-22,235,-80,126
27,82,21,0,-27,235,-65,126
27,83,36,0,-27,230,-65,128
27,84,17,0,-47,240,-65,128
27,85,1,1,-55,240,-60,128
27,86,16,1,-55,240,-70,128
27,87,14,0,-55,240,-70,133
27,88,25,0,-55,235,-60,133
27,89,45,0,-55,235,-60,138
27,90,16,1,-55,235,-70,138
27,91,20,0,-60,235,-55,138
27,92,13,0,-60,235,-55,143
27,93,15,0,-40,230,-55,143
27,94,8,0,-40,235,-65,143
27,95,28,1,-30,235,-65,143
27,96,46,1,-25,235,-65,138
27,97,2,0,-35,235,-60,138
27,98,13,0,-35,235,-60,143
27,99,22,0,-40,235,-55,143
28,0,13,0,50,50,50,55
28,1,28,0,40,50,60,55
28,2,14,1,40,55,60,55
28,3,25,0,40,50,70,55
28,4,5,0,35,50,75,55
28,5,44,0,35,50,85,60
28,6,26,1,45,50,80,60
28,7,10,0,40,55,80,60
28,8,42,1,40,60,80,60
28,9,25,1,40,65,70,60
28,10,24,1,45,65,70,60
28,11,2,1,50,65,60,60
28,12,11,0,45,65,60,62
28,13,16,1,45,65,50,62
28,14,46,1,50,65,50,57
28,15,8,1,40,65,50,62
28,16,2,1,45,65,40,62
28,17,10,1,65,65,30,62
28,18,46,1,70,65,30,57
28,19,14,1,70,70,30,57
28,20,41,1,75,60,30,57
28,21,11,1,80,60,30,57
28,22,14,0,80,60,30,62
28,23,11,1,85,60,30,62
28,24,21,1,85,65,15,62
28,25,45,0,85,65,15,67
28,26,4,1,95,65,15,62
28,27,1,1,87,65,20,62
28,28,5,1,92,65,10,62
28,29,41,1,97,55,10,62
28,30,37,0,85,65,10,62
28,31,2,1,90,65,0,62
28,32,19,0,70,65,10,72
28,33,25,0,70,60,20,72
28,34,1,1,62,60,25,72
28,35,2,0,52,60,30,72
28,36,38,1,57,60,30,72
28,37,2,0,47,60,35,72
28,38,20,1,47,65,20,72
28,39,2,1,52,65,10,72
28,40,26,1,62,65,5,72
28,41,47,1,62,65,5,87
28,42,4,0,47,70,5,87
28,43,25,1,47,75,-5,87
28,44,12,0,42,85,-5,87
28,45,5,0,37,85,0,87
28,46,1,0,47,85,-15,87
28,47,6,0,57,85,-20,87
28,48,15,0,77,80,-20,87
28,49,23,0,72,70,-20,92
28,50,27,1,72,75,-25,92
28,51,22,0,67,75,-20,92
28,52,25,1,67,80,-30,92
28,53,26,0,62,80,-30,97
28,54,25,1,62,85,-40,97
28,55,3,1,55,85,-40,102
28,56,30,1,55,85,-30,102
28,57,16,0,45,90,-30,102
28,58,9,0,40,90,-30,107
28,59,39,0,33,95,-30,107
28,60,28,0,23,95,-20,107
28,61,12,1,28,95,-20,107
28,62,13,0,28,95,-20,112
28,63,11,1,33,95,-20,112
28,64,2,0,23,95,-15,112
28,65,3,0,38,95,-20,112
28,66,5,0,33,95,-15,112
28,67,10,1,53,95,-25,112
28,68,18,1,63,95,-25,112
28,69,14,0,63,95,-25,117
28,70,23,1,73,95,-30,117
28,71,37,0,61,105,-30,117
28,72,40,1,61,95,-20,117
28,73,4,0,46,100,-20,117
28,74,2,0,36,100,-15,117
28,75,36,0,36,95,-15,119
28,76,45,1,36,100,-15,119
28,77,29,1,36,115,-35,119
28,78,41,1,41,105,-35,119
28,79,38,0,36,110,-35,119
28,80,1,0,46,110,-50,119
28,81,12,0,41,120,-50,119
28,82,37,0,29,130,-50,119
28,83,43,0,49,130,-60,119
28,84,44,1,54,130,-60,119
28,85,6,1,46,130,-60,124
28,86,20,0,41,130,-45,124
28,87,13,1,46,135,-45,124
28,88,26,1,56,135,-50,124
28,89,10,0,51,140,-50,124
28,90,5,1,56,140,-60,124
28,91,36,1,56,145,-60,119
28,92,14,1,56,150,-60,119
28,93,37,0,44,160,-60,119
28,94,41,1,49,150,-60,119
28,95,11,0,44,150,-60,121
28,96,8,0,44,155,-70,121
28,97,7,1,49,155,-70,116
28,98,43,1,49,155,-65,101
28,99,1,1,41,155,-60,101
29,0,30,0,50,50,40,60
29,1,10,0,45,55,40,60
29,2,18,0,20,55,40,70
29,3,2,1,25,55,30,70
29,4,23,0,20,45,30,75
29,5,6,1,12,45,30,80
29,6,45,1,12,50,30,80
29,7,40,0,12,60,20,80
29,8,20,1,12,65,5,80
29,9,11,1,17,65,5,80
29,10,23,0,12,55,5,85
29,11,1,0,22,55,-10,85
29,12,42,0,14,55,-10,95
29,13,16,1,14,55,-20,95
29,14,41,1,19,45,-20,95
29,15,47,1,19,45,-20,110
29,16,7,1,24,45,-20,105
29,17,41,1,29,35,-20,105
29,18,5,0,24,35,-15,105
29,19,27,0,34,20,-15,105
29,20,16,0,24,25,-15,105
29,21,3,0,39,25,-20,105
29,22,21,0,34,25,-5,105
29,23,15,1,34,30,-5,105
29,24,47,1,34,30,-5,120
29,25,5,0,29,30,0,120
29,26,16,1,29,30,-10,120
29,27,8,0,29,35,-20,120
29,28,12,0,24,45,-20,120
29,29,13,0,24,45,-20,125
29,30,1,1,16,45,-15,125
29,31,11,0,11,45,-15,127
29,32,36,0,11,40,-15,129
29,33,22,1,11,45,-25,129
29,34,8,0,11,50,-35,129
29,35,29,0,1,50,-30,129
29,36,36,1,1,55,-30,124
29,37,21,0,-4,55,-15,124
29,38,36,1,-4,60,-15,119
29,39,26,1,6,60,-20,119
29,40,2,1,11,60,-30,119
29,41,7,0,-4,65,-30,119
29,42,8,0,-4,70,-40,119
29,43,1,0,6,70,-55,119
29,44,1,1,-2,70,-50,119
29,45,42,0,-10,70,-50,129
29,46,15,1,-10,75,-50,129
29,47,4,0,-25,80,-50,129
29,48,3,0,-10,80,-55,129
29,49,11,0,-15,80,-55,131
29,50,16,0,-25,85,-55,131
29,51,9,0,-30,85,-55,136
29,52,21,1,-30,90,-70,136
29,53,16,1,-30,90,-80,136
29,54,23,0,-35,80,-80,141
29,55,2,0,-45,80,-75,141
29,56,5,1,-40,80,-85,141
29,57,1,1,-48,80,-80,141
29,58,44,1,-43,80,-80,141
29,59,41,1,-38,70,-80,141
29,60,26,0,-43,70,-80,146
29,61,30,1,-43,70,-70,146
29,62,10,0,-48,75,-70,146
29,63,41,1,-43,65,-70,146
29,64,7,1,-38,65,-70,141
29,65,15,1,-38,70,-70,141
29,66,4,1,-28,70,-70,136
29,67,14,0,-28,70,-70,141
29,68,38,1,-23,70,-70,141
29,69,11,0,-28,70,-70,143
29,70,45,0,-28,70,-70,148
29,71,27,1,-28,75,-75,148
29,72,3,0,-13,75,-80,148
29,73,45,0,-13,75,-80,153
29,74,19,1,2,75,-80,153
29,75,47,0,27,75,-80,153
29,76,42,1,27,80,-80,153
29,77,4,0,12,85,-80,153
29,78,9,1,17,85,-80,153
29,79,28,0,7,85,-70,153
29,80,2,0,-3,85,-65,153
29,81,45,0,-3,85,-65,158
29,82,21,0,-8,85,-50,158
29,83,28,1,2,85,-50,158
29,84,11,1,7,85,-50,158
29,85,5,1,12,85,-60,158
29,86,3,1,5,85,-60,163
29,87,13,0,5,85,-60,168
29,88,23,0,0,75,-60,173
29,89,26,1,10,75,-65,173
29,90,38,0,5,80,-65,173
29,91,16,1,5,80,-75,173
29,92,12,1,10,80,-75,173
29,93,46,0,3,80,-75,178
29,94,1,0,13,80,-90,178
29,95,26,1,23,80,-95,178
29,96,20,1,23,85,-110,178
29,97,42,1,23,90,-110,178
29,98,3,0,38,90,-115,178
29,99,21,0,33,90,-100,178
30,0,23,0,45,40,50,55
30,1,15,0,65,35,50,55
30,2,23,0,60,25,50,60
30,3,41,1,65,15,50,60
30,4,15,0,85,10,50,60
30,5,3,1,78,10,50,65
30,6,10,0,73,15,50,65
30,7,42,1,73,20,50,65
30,8,38,0,68,25,50,65
30,9,26,1,78,25,45,65
30,10,23,0,73,15,45,70
30,11,46,1,78,15,45,65
30,12,10,0,73,20,45,65
30,13,16,1,73,20,35,65
30,14,7,0,58,25,35,65
30,15,41,1,63,15,35,65
30,16,21,0,58,15,50,65
30,17,8,0,58,20,40,65
30,18,12,1,63,20,40,65
30,19,41,1,68,10,40,65
30,20,41,1,73,0,40,65
30,21,5,1,78,0,30,65
30,22,40,0,78,10,20,65
30,23,16,0,68,15,20,65
30,24,12,1,73,15,20,65
30,25,25,1,73,20,10,65
30,26,1,0,83,20,-5,65
30,27,5,1,88,20,-15,65
30,28,14,0,88,20,-15,70
30,29,22,1,88,25,-25,70
30,30,14,0,88,25,-25,75
30,31,42,1,88,30,-25,75
30,32,10,1,108,30,-35,75
30,33,46,1,113,30,-35,70
30,34,16,0,103,35,-35,70
30,35,25,1,103,40,-45,70
30,36,16,0,93,45,-45,70
30,37,16,1,93,45,-55,70
30,38,41,1,98,35,-55,70
30,39,7,1,103,35,-55,65
30,40,13,0,103,35,-55,70
30,41,11,0,98,35,-55,72
30,42,10,1,118,35,-65,72
30,43,20,1,118,40,-80,72
30,44,6,0,128,40,-85,72
30,45,41,0,118,50,-85,72
30,46,38,1,123,50,-85,72
30,47,9,1,128,50,-85,72
30,48,6,0,138,50,-90,72
30,49,38,0,133,55,-90,72
30,50,46,1,138,55,-90,67
30,51,22,1,138,60,-100,67
30,52,39,1,143,60,-100,62
30,53,26,1,153,60,-105,62
30,54,5,1,158,60,-115,62
30,55,10,1,178,60,-125,62
30,56,26,1,188,60,-130,62
30,57,46,0,181,60,-130,67
30,58,4,0,166,65,-130,67
30,59,20,0,161,65,-115,67
30,60,12,0,156,75,-115,67
30,61,3,1,149,75,-115,72
30,62,11,1,154,75,-115,72
30,63,1,0,164,75,-130,72
30,64,7,1,169,75,-130,67
30,65,40,0,169,85,-140,67
30,66,45,1,169,90,-140,67
30,67,15,1,169,95,-140,67
30,68,2,1,174,95,-150,67
30,69,38,1,179,95,-150,67
30,70,5,0,174,95,-145,67
30,71,27,1,174,100,-150,67
30,72,45,1,174,105,-150,67
30,73,18,1,184,105,-150,67
30,74,28,0,174,105,-140,67
30,75,11,0,169,105,-140,69
30,76,9,1,174,105,-140,69
30,77,44,0,174,105,-130,74
30,78,22,1,174,110,-140,74
30,79,2,0,164,110,-135,74
30,80,17,0,144,120,-135,74
30,81,27,1,144,125,-140,74
30,82,14,1,144,130,-140,74
30,83,6,1,136,130,-140,79
30,84,15,0,156,125,-140,79
30,85,26,1,166,125,-145,79
30,86,15,1,166,130,-145,79
30,87,44,0,166,130,-135,84
30,88,9,0,161,130,-135,89
30,89,1,0,171,130,-150,89
30,90,9,0,166,130,-150,94
30,91,13,0,166,130,-150,99
30,92,16,1,166,130,-160,99
30,93,48,0,156,130,-160,104
30,94,16,0,146,135,-160,104
30,95,1,0,156,135,-175,104
30,96,30,0,156,135,-185,114
30,97,4,1,166,135,-185,109
30,98,45,1,166,140,-185,109
30,99,25,0,166,135,-175,109
31,0,8,0,50,55,40,50
31,1,43,1,50,55,45,35
31,2,12,1,55,55,45,35
31,3,20,1,55,60,30,35
31,4,7,0,40,65,30,35
31,5,42,0,32,65,30,45
31,6,13,0,32,65,30,50
31,7,13,0,32,65,30,55
31,8,3,0,47,65,25,55
31,9,48,1,47,70,25,45
31,10,11,1,52,70,25,45
31,11,11,1,57,70,25,45
31,12,38,0,52,75,25,45
31,13,46,1,57,75,25,40
31,14,16,1,57,75,15,40
31,15,10,0,52,80,15,40
31,16,15,1,52,85,15,40
31,17,5,1,57,85,5,40
31,18,8,1,47,85,5,45
31,19,13,0,47,85,5,50
31,20,19,0,27,85,15,60
31,21,45,0,27,85,15,65
31,22,43,0,47,85,5,65
31,23,14,1,47,90,5,65
31,24,4,0,32,95,5,65
31,25,26,0,27,95,5,70
31,26,4,0,12,100,5,70
31,27,48,0,2,100,5,75
31,28,10,0,-3,105,5,75
31,29,4,0,-18,110,5,75
31,30,15,0,2,105,5,75
31,31,19,1,17,105,5,75
31,32,25,1,17,110,-5,75
31,33,21,0,12,110,10,75
31,34,5,0,7,110,15,75
31,35,10,0,2,115,15,75
31,36,20,1,2,120,0,75
31,37,22,0,-3,120,5,75
31,38,28,1,7,120,5,75
31,39,26,1,17,120,0,75
31,40,2,0,7,120,5,75
31,41,22,1,7,125,-5,75
31,42,4,0,-8,130,-5,75
31,43,10,1,12,130,-15,75
31,44,16,0,2,135,-15,75
31,45,25,0,2,130,-5,75
31,46,21,1,2,135,-20,75
31,47,15,0,22,130,-20,75
31,48,36,1,22,135,-20,70
31,49,5,0,17,135,-15,70
31,50,18,0,-8,135,-15,80
31,51,5,0,-13,135,-10,80
31,52,25,0,-13,130,0,80
31,53,10,1,7,130,-10,80
31,54,22,0,2,130,-5,80
31,55,4,1,12,130,-5,75
31,56,10,0,7,135,-5,75
31,57,22,1,7,140,-15,75
31,58,7,0,-8,145,-15,75
31,59,15,1,-8,150,-15,75
31,60,39,0,-15,155,-15,75
31,61,5,0,-20,155,-10,75
31,62,4,0,-35,160,-10,75
31,63,44,1,-30,160,-10,75
31,64,48,1,-30,165,-10,65
31,65,11,1,-25,165,-10,65
31,66,48,1,-25,170,-10,55
31,67,37,0,-37,180,-10,55
31,68,18,0,-62,180,-10,65
31,69,25,1,-62,185,-20,65
31,70,25,1,-62,190,-30,65
31,71,37,0,-74,200,-30,65
31,72,41,1,-69,190,-30,65
31,73,46,0,-76,190,-30,70
31,74,30,1,-76,190,-20,70
31,75,37,1,-66,190,-20,70
31,76,12,0,-71,200,-20,70
31,77,7,0,-86,205,-20,70
31,78,3,0,-71,205,-25,70
31,79,9,1,-66,205,-25,70
31,80,21,1,-66,210,-40,70
31,81,28,0,-76,210,-30,70
31,82,47,1,-76,210,-30,85
31,83,40,1,-76,200,-20,85
31,84,41,1,-71,190,-20,85
31,85,38,1,-66,190,-20,85
31,86,1,0,-56,190,-35,85
31,87,11,1,-51,190,-35,85
31,88,42,0,-59,190,-35,95
31,89,14,1,-59,195,-35,95
31,90,4,1,-49,195,-35,90
31,91,3,1,-56,195,-35,95
31,92,1,1,-64,195,-30,95
31,93,14,0,-64,195,-30,100
31,94,29,1,-64,210,-50,100
31,95,14,1,-64,215,-50,100
31,96,22,1,-64,220,-60,100
31,97,3,0,-49,220,-65,100
31,98,4,1,-39,220,-65,95
31,99,40,0,-39,230,-75,95
32,0,9,1,55,50,50,50
32,1,1,0,65,50,35,50
32,2,38,0,60,55,35,50
32,3,2,0,50,55,40,50
32,4,11,1,55,55,40,50
32,5,8,1,45,55,40,55
32,6,5,1,50,55,30,55
32,7,20,1,50,60,15,55
32,8,39,0,43,65,15,55
32,9,38,1,48,65,15,55
32,10,28,0,38,65,25,55
32,11,45,0,38,65,25,60
32,12,3,0,53,65,20,60
32,13,2,0,43,65,25,60
32,14,9,1,48,65,25,60
32,15,44,1,53,65,25,60
32,16,14,0,53,65,25,65
32,17,4,0,38,70,25,65
32,18,6,0,48,70,20,65
32,19,11,1,53,70,20,65
32,20,26,0,48,70,20,70
32,21,11,0,43,70,20,72
32,22,36,0,43,65,20,74
32,23,10,1,63,65,10,74
32,24,44,1,68,65,10,74
32,25,20,0,63,65,25,74
32,26,5,1,68,65,15,74
32,27,18,1,78,65,15,74
32,28,13,0,78,65,15,79
32,29,48,1,78,70,15,69
32,30,7,1,83,70,15,64
32,31,16,0,73,75,15,64
32,32,5,0,68,75,20,64
32,33,6,1,60,75,20,69
32,34,20,1,60,80,5,69
32,35,12,1,65,80,5,69
32,36,22,0,60,80,10,69
32,37,6,0,70,80,5,69
32,38,10,1,90,80,-5,69
32,39,15,0,110,75,-5,69
32,40,22,1,110,80,-15,69
32,41,41,1,115,70,-15,69
32,42,15,0,135,65,-15,69
32,43,16,1,135,65,-25,69
32,44,13,0,135,65,-25,74
32,45,24,1,140,65,-25,74
32,46,46,0,133,65,-25,79
32,47,4,0,118,70,-25,79
32,48,43,0,138,70,-35,79
32,49,23,0,133,60,-35,84
32,50,20,0,128,60,-20,84
32,51,45,0,128,60,-20,89
32,52,41,1,133,50,-20,89
32,53,10,0,128,55,-20,89
32,54,4,1,138,55,-20,84
32,55,15,1,138,60,-20,84
32,56,1,1,130,60,-15,84
32,57,24,0,125,60,-10,84
32,58,24,1,130,60,-10,84
32,59,46,0,123,60,-10,89
32,60,9,0,118,60,-10,94
32,61,23,1,128,60,-15,94
32,62,48,0,118,60,-15,99
32,63,10,1,138,60,-25,99
32,64,2,1,143,60,-35,99
32,65,8,0,143,65,-45,99
32,66,48,1,143,70,-45,89
32,67,20,0,138,70,-30,89
32,68,2,0,128,70,-25,89
32,69,3,0,143,70,-30,89
32,70,42,0,135,70,-30,99
32,71,30,1,135,70,-20,99
32,72,2,0,125,70,-15,99
32,73,23,0,120,60,-15,104
32,74,4,0,105,65,-15,104
32,75,39,1,110,65,-15,99
32,76,38,0,105,70,-15,99
32,77,16,1,105,70,-25,99
32,78,38,1,110,70,-25,99
32,79,13,1,115,75,-25,99
32,80,29,1,115,90,-45,99
32,81,13,0,115,90,-45,104
32,82,24,1,120,90,-45,104
32,83,10,1,140,90,-55,104
32,84,2,0,130,90,-50,104
32,85,11,0,125,90,-50,106
32,86,37,0,113,100,-50,106
32,87,6,0,123,100,-55,106
32,88,41,1,128,90,-55,106
32,89,6,1,120,90,-55,111
32,90,46,1,125,90,-55,106
32,91,19,1,140,90,-55,106
32,92,38,1,145,90,-55,106
32,93,28,0,135,90,-45,106
32,94,9,1,140,90,-45,106
32,95,38,1,145,90,-45,106
32,96,23,1,155,90,-50,106
32,97,37,1,165,90,-50,106
32,98,40,0,165,100,-60,106
32,99,37,1,175,100,-60,106
33,0,4,1,60,50,50,45
33,1,14,1,60,55,50,45
33,2,41,1,65,45,50,45
33,3,14,1,65,50,50,45
33,4,9,0,60,50,50,50
33,5,10,0,55,55,50,50
33,6,1,0,65,55,35,50
33,7,20,1,65,60,20,50
33,8,22,1,65,65,10,50
33,9,6,0,75,65,5,50
33,10,15,1,75,70,5,50
33,11,14,0,75,70,5,55
33,12,48,1,75,75,5,45
33,13,25,0,75,70,15,45
33,14,11,1,80,70,15,45
33,15,47,0,105,70,15,45
33,16,2,0,95,70,20,45
33,17,9,0,90,70,20,50
33,18,9,1,95,70,20,50
33,19,44,0,95,70,30,55
33,20,28,0,85,70,40,55
33,21,1,1,77,70,45,55
33,22,6,1,69,70,45,60
33,23,8,0,69,75,35,60
33,24,36,0,69,70,35,62
33,25,5,1,74,70,25,62
33,26,11,1,79,70,25,62
33,27,41,0,69,80,25,62
33,28,10,0,64,85,25,62
33,29,15,0,84,80,25,62
33,30,16,0,74,85,25,62
33,31,20,0,69,85,40,62
33,32,1,1,61,85,45,62
33,33,22,0,56,85,50,62
33,34,29,0,46,85,55,62
33,35,11,0,41,85,55,64
33,36,36,1,41,90,55,59
33,37,3,1,34,90,55,64
33,38,22,1,34,95,45,64
33,39,21,1,34,100,30,64
33,40,42,0,26,100,30,74
33,41,13,0,26,100,30,79
33,42,16,0,16,105,30,79
33,43,21,0,11,105,45,79
33,44,4,0,-4,110,45,79
33,45,24,0,-9,110,50,79
33,46,38,0,-14,115,50,79
33,47,20,1,-14,120,35,79
33,48,26,0,-19,120,35,84
33,49,13,0,-19,120,35,89
33,50,6,0,-9,120,30,89
33,51,18,1,1,120,30,89
33,52,39,1,6,120,30,84
33,53,1,1,-2,120,35,84
33,54,24,1,3,120,35,84
33,55,12,1,8,120,35,84
33,56,3,0,23,120,30,84
33,57,9,1,28,120,30,84
33,58,2,1,33,120,20,84
33,59,16,0,23,125,20,84
33,60,20,1,23,130,5,84
33,61,28,0,13,130,15,84
33,62,18,1,23,130,15,84
33,63,43,1,23,130,20,69
33,64,19,0,3,130,30,79
33,65,12,1,8,130,30,79
33,66,22,1,8,135,20,79
33,67,4,1,18,135,20,74
33,68,41,0,8,145,20,74
33,69,39,1,13,145,20,69
33,70,22,0,8,145,25,69
33,71,29,1,8,160,5,69
33,72,21,1,8,165,-10,69
33,73,3,1,1,165,-10,74
33,74,46,0,-6,165,-10,79
33,75,4,0,-21,170,-10,79
33,76,16,1,-21,170,-20,79
33,77,28,1,-11,170,-20,79
33,78,12,1,-6,170,-20,79
33,79,26,1,4,170,-25,79
33,80,15,0,24,165,-25,79
33,81,30,1,24,165,-15,79
33,82,2,1,29,165,-25,79
33,83,12,0,24,175,-25,79
33,84,45,0,24,175,-25,84
33,85,8,1,14,175,-25,89
33,86,42,1,14,180,-25,89
33,87,16,0,4,185,-25,89
33,88,28,1,14,185,-25,89
33,89,23,1,24,185,-30,89
33,90,1,0,34,185,-45,89
33,91,45,0,34,185,-45,94
33,92,26,0,29,185,-45,99
33,93,7,1,34,185,-45,94
33,94,14,0,34,185,-45,99
33,95,13,0,34,185,-45,104
33,96,12,0,29,195,-45,104
33,97,23,1,39,195,-50,104
33,98,10,0,34,200,-50,104
33,99,13,0,34,200,-50,109
34,0,4,0,35,55,50,50
34,1,3,0,50,55,45,50
34,2,11,1,55,55,45,50
34,3,47,0,80,55,45,50
34,4,4,0,65,60,45,50
34,5,42,1,65,65,45,50
34,6,25,1,65,70,35,50
34,7,26,1,75,70,30,50
34,8,26,1,85,70,25,50
34,9,20,1,85,75,10,50
34,10,11,0,80,75,10,52
34,11,7,0,65,80,10,52
34,12,14,0,65,80,10,57
34,13,26,1,75,80,5,57
34,14,1,0,85,80,-10,57
34,15,12,1,90,80,-10,57
34,16,25,1,90,85,-20,57
34,17,12,1,95,85,-20,57
34,18,27,0,105,70,-20,57
34,19,1,0,115,70,-35,57
34,20,28,0,105,70,-25,57
34,21,11,1,110,70,-25,57
34,22,20,1,110,75,-40,57
34,23,5,1,115,75,-50,57
34,24,46,0,108,75,-50,62
34,25,22,0,103,75,-45,62
34,26,27,0,113,60,-45,62
34,27,2,0,103,60,-40,62
34,28,8,0,103,65,-50,62
34,29,43,1,103,65,-45,47
34,30,25,0,103,60,-35,47
34,31,40,1,103,50,-25,47
34,32,4,1,113,50,-25,42
34,33,45,1,113,55,-25,42
34,34,46,1,118,55,-25,37
34,35,22,0,113,55,-20,37
34,36,38,1,118,55,-20,37
34,37,20,1,118,60,-35,37
34,38,46,0,111,60,-35,42
34,39,29,0,101,60,-30,42
34,40,7,0,86,65,-30,42
34,41,42,1,86,70,-30,42
34,42,1,0,96,70,-45,42
34,43,43,1,96,70,-40,27
34,44,17,1,81,70,-30,27
34,45,24,1,86,70,-30,27
34,46,12,1,91,70,-30,27
34,47,2,1,96,70,-40,27
34,48,48,1,96,75,-40,17
34,49,15,1,96,80,-40,17
34,50,12,0,91,90,-40,17
34,51,45,0,91,90,-40,22
34,52,39,0,84,95,-40,22
34,53,14,0,84,95,-40,27
34,54,42,0,76,95,-40,37
34,55,13,0,76,95,-40,42
34,56,19,1,91,95,-40,42
34,57,16,1,91,95,-50,42
34,58,5,0,86,95,-45,42
34,59,5,0,81,95,-40,42
34,60,14,0,81,95,-40,47
34,61,37,1,91,95,-40,47
34,62,16,0,81,100,-40,47
34,63,11,1,86,100,-40,47
34,64,14,1,86,105,-40,47
34,65,38,1,91,105,-40,47
34,66,19,1,106,105,-40,47
34,67,21,0,101,105,-25,47
34,68,16,0,91,110,-25,47
34,69,21,0,86,110,-10,47
34,70,4,0,71,115,-10,47
34,71,5,0,66,115,-5,47
34,72,45,1,66,120,-5,47
34,73,42,1,66,125,-5,47
34,74,16,0,56,130,-5,47
34,75,37,0,44,140,-5,47
34,76,23,0,39,130,-5,52
34,77,13,1,44,135,-5,52
34,78,25,0,44,130,5,52
34,79,2,1,49,130,-5,52
34,80,20,1,49,135,-20,52
34,81,3,1,42,135,-20,57
34,82,8,0,42,140,-30,57
34,83,2,0,32,140,-25,57
34,84,22,1,32,145,-35,57
34,85,13,0,32,145,-35,62
34,86,2,1,37,145,-45,62
34,87,27,0,47,130,-45,62
34,88,14,1,47,135,-45,62
34,89,22,1,47,140,-55,62
34,90,12,1,52,140,-55,62
34,91,12,1,57,140,-55,62
34,92,3,0,72,140,-60,62
34,93,22,0,67,140,-55,62
34,94,16,1,67,140,-65,62
34,95,8,0,67,145,-75,62
34,96,2,0,57,145,-70,62
34,97,24,1,62,145,-70,62
34,98,22,0,57,145,-65,62
34,99,14,1,57,150,-65,62
35,0,41,0,40,60,50,50
35,1,44,1,45,60,50,50
35,2,5,0,40,60,55,50
35,3,1,0,50,60,40,50
35,4,29,0,40,60,45,50
35,5,24,1,45,60,45,50
35,6,47,1,45,60,45,65
35,7,26,1,55,60,40,65
35,8,12,1,60,60,40,65
35,9,11,0,55,60,40,67
35,10,16,0,45,65,40,67
35,11,46,1,50,65,40,62
35,12,9,0,45,65,40,67
35,13,10,0,40,70,40,67
35,14,42,0,32,70,40,77
35,15,4,1,42,70,40,72
35,16,16,1,42,70,30,72
35,17,16,0,32,75,30,72
35,18,2,0,22,75,35,72
35,19,45,0,22,75,35,77
35,20,20,1,22,80,20,77
35,21,48,1,22,85,20,67
35,22,4,0,7,90,20,67
35,23,29,0,-3,90,25,67
35,24,16,1,-3,90,15,67
35,25,47,0,22,90,15,67
35,26,43,1,22,90,20,52
35,27,15,0,42,85,20,52
35,28,25,1,42,90,10,52
35,29,12,1,47,90,10,52
35,30,10,0,42,95,10,52
35,31,2,0,32,95,15,52
35,32,11,0,27,95,15,54
35,33,25,1,27,100,5,54
35,34,27,1,27,105,0,54
35,35,13,0,27,105,0,59
35,36,5,1,32,105,-10,59
35,37,2,1,37,105,-20,59
35,38,5,0,32,105,-15,59
35,39,1,1,24,105,-10,59
35,40,41,1,29,95,-10,59
35,41,24,1,34,95,-10,59
35,42,23,0,29,85,-10,64
35,43,5,1,34,85,-20,64
35,44,23,0,29,75,-20,69
35,45,25,1,29,80,-30,69
35,46,10,1,49,80,-40,69
35,47,48,0,39,80,-40,74
35,48,16,0,29,85,-40,74
35,49,44,1,34,85,-40,74
35,50,36,0,34,80,-40,76
35,51,38,0,29,85,-40,76
35,52,48,0,19,85,-40,81
35,53,48,0,9,85,-40,86
35,54,25,1,9,90,-50,86
35,55,27,1,9,95,-55,86
35,56,20,0,4,95,-40,86
35,57,2,1,9,95,-50,86
35,58,3,0,24,95,-55,86
35,59,2,0,14,95,-50,86
35,60,39,1,19,95,-50,81
35,61,28,1,29,95,-50,81
35,62,28,0,19,95,-40,81
35,63,10,0,14,100,-40,81
35,64,27,1,14,105,-45,81
35,65,25,0,14,100,-35,81
35,66,3,1,7,100,-35,86
35,67,21,0,2,100,-20,86
35,68,5,0,-3,100,-15,86
35,69,14,0,-3,100,-15,91
35,70,3,0,12,100,-20,91
35,71,10,1,32,100,-30,91
35,72,16,1,32,100,-40,91
35,73,4,1,42,100,-40,86
35,74,44,1,47,100,-40,86
35,75,8,0,47,105,-50,86
35,76,4,0,32,110,-50,86
35,77,26,1,42,110,-55,86
35,78,2,0,32,110,-50,86
35,79,25,1,32,115,-60,86
35,80,26,0,27,115,-60,91
35,81,43,0,47,115,-70,91
35,82,46,1,52,115,-70,86
35,83,15,1,52,120,-70,86
35,84,12,1,57,120,-70,86
35,85,12,0,52,130,-70,86
35,86,5,1,57,130,-80,86
35,87,12,0,52,140,-80,86
35,88,9,1,57,140,-80,86
35,89,26,0,52,140,-80,91
35,90,29,1,52,155,-100,91
35,91,38,1,57,155,-100,91
35,92,14,0,57,155,-100,96
35,93,25,1,57,160,-110,96
35,94,46,0,50,160,-110,101
35,95,20,0,45,160,-95,101
35,96,5,1,50,160,-105,101
35,97,5,0,45,160,-100,101
35,98,9,0,40,160,-100,106
35,99,9,0,35,160,-100,111
36,0,26,1,60,50,45,50
36,1,2,1,65,50,35,50
36,2,25,0,65,45,45,50
36,3,10,0,60,50,45,50
36,4,10,0,55,55,45,50
36,5,36,0,55,50,45,52
36,6,28,0,45,50,55,52
36,7,13,0,45,50,55,57
36,8,13,0,45,50,55,62
36,9,26,1,55,50,50,62
36,10,41,1,60,40,50,62
36,11,2,1,65,40,40,62
36,12,45,1,65,45,40,62
36,13,16,1,65,45,30,62
36,14,3,1,58,45,30,67
36,15,5,1,63,45,20,67
36,16,26,0,58,45,20,72
36,17,3,1,51,45,20,77
36,18,16,1,51,45,10,77
36,19,17,1,36,45,20,77
36,20,3,1,29,45,20,82
36,21,3,0,44,45,15,82
36,22,20,1,44,50,0,82
36,23,29,0,34,50,5,82
36,24,3,0,49,50,0,82
36,25,45,1,49,55,0,82
36,26,37,1,59,55,0,82
36,27,21,0,54,55,15,82
36,28,42,1,54,60,15,82
36,29,17,0,34,70,15,82
36,30,13,0,34,70,15,87
36,31,4,1,44,70,15,82
36,32,4,1,54,70,15,77
36,33,25,0,54,65,25,77
36,34,13,1,59,70,25,77
36,35,36,1,59,75,25,72
36,36,47,0,84,75,25,72
36,37,10,1,104,75,15,72
36,38,38,0,99,80,15,72
36,39,47,0,124,80,15,72
36,40,28,0,114,80,25,72
36,41,2,1,119,80,15,72
36,42,22,0,114,80,20,72
36,43,12,0,109,90,20,72
36,44,3,0,124,90,15,72
36,45,3,1,117,90,15,77
36,46,26,1,127,90,10,77
36,47,46,1,132,90,10,72
36,48,11,1,137,90,10,72
36,49,13,1,142,95,10,72
36,50,38,0,137,100,10,72
36,51,10,1,157,100,0,72
36,52,45,0,157,100,0,77
36,53,3,0,172,100,-5,77
36,54,1,1,164,100,0,77
36,55,16,1,164,100,-10,77
36,56,10,0,159,105,-10,77
36,57,7,1,164,105,-10,72
36,58,12,1,169,105,-10,72
36,59,9,0,164,105,-10,77
36,60,26,1,174,105,-15,77
36,61,10,0,169,110,-15,77
36,62,3,0,184,110,-20,77
36,63,40,0,184,120,-30,77
36,64,2,1,189,120,-40,77
36,65,14,1,189,125,-40,77
36,66,11,0,184,125,-40,79
36,67,12,1,189,125,-40,79
36,68,20,0,184,125,-25,79
36,69,19,1,199,125,-25,79
36,70,20,1,199,130,-40,79
36,71,42,0,191,130,-40,89
36,72,13,1,196,135,-40,89
36,73,23,1,206,135,-45,89
36,74,16,0,196,140,-45,89
36,75,9,1,201,140,-45,89
36,76,28,1,211,140,-45,89
36,77,20,0,206,140,-30,89
36,78,14,0,206,140,-30,94
36,79,26,0,201,140,-30,99
36,80,5,0,196,140,-25,99
36,81,14,1,196,145,-25,99
36,82,6,0,206,145,-30,99
36,83,22,1,206,150,-40,99
36,84,15,1,206,155,-40,99
36,85,7,0,191,160,-40,99
36,86,23,0,186,150,-40,104
36,87,6,0,196,150,-45,104
36,88,1,1,188,150,-40,104
36,89,10,0,183,155,-40,104
36,90,7,0,168,160,-40,104
36,91,9,0,163,160,-40,109
36,92,40,1,163,150,-30,109
36,93,4,1,173,150,-30,104
36,94,18,0,148,150,-30,114
36,95,4,1,158,150,-30,109
36,96,2,1,163,150,-40,109
36,97,26,1,173,150,-45,109
36,98,22,1,173,155,-55,109
36,99,36,1,173,160,-55,104
37,0,7,1,55,50,50,45
37,1,26,1,65,50,45,45
37,2,2,1,70,50,35,45
37,3,44,1,75,50,35,45
37,4,11,0,70,50,35,47
37,5,2,0,60,50,40,47
37,6,12,0,55,60,40,47
37,7,21,0,50,60,55,47
37,8,3,1,43,60,55,52
37,9,3,1,36,60,55,57
37,10,9,0,31,60,55,62
37,11,2,1,36,60,45,62
37,12,19,1,51,60,45,62
37,13,22,0,46,60,50,62
37,14,36,1,46,65,50,57
37,15,24,0,41,65,55,57
37,16,10,0,36,70,55,57
37,17,46,1,41,70,55,52
37,18,38,1,46,70,55,52
37,19,28,1,56,70,55,52
37,20,23,1,66,70,50,52
37,21,26,1,76,70,45,52
37,22,2,0,66,70,50,52
37,23,11,0,61,70,50,54
37,24,26,0,56,70,50,59
37,25,7,0,41,75,50,59
37,26,10,0,36,80,50,59
37,27,14,0,36,80,50,64
37,28,40,0,36,90,40,64
37,29,4,0,21,95,40,64
37,30,20,0,16,95,55,64
37,31,41,1,21,85,55,64
37,32,1,0,31,85,40,64
37,33,1,0,41,85,25,64
37,34,40,1,41,75,35,64
37,35,7,1,46,75,35,59
37,36,12,1,51,75,35,59
37,37,15,0,71,70,35,59
37,38,41,1,76,60,35,59
37,39,28,1,86,60,35,59
37,40,4,1,96,60,35,54
37,41,39,0,89,65,35,54
37,42,5,1,94,65,25,54
37,43,11,0,89,65,25,56
37,44,36,1,89,70,25,51
37,45,10,0,84,75,25,51
37,46,36,1,84,80,25,46
37,47,15,1,84,85,25,46
37,48,3,0,99,85,20,46
37,49,5,1,104,85,10,46
37,50,45,1,104,90,10,46
37,51,11,0,99,90,10,48
37,52,12,0,94,100,10,48
37,53,8,0,94,105,0,48
37,54,23,1,104,105,-5,48
37,55,25,0,104,100,5,48
37,56,27,0,114,85,5,48
37,57,37,0,102,95,5,48
37,58,10,0,97,100,5,48
37,59,41,1,102,90,5,48
37,60,11,0,97,90,5,50
37,61,22,0,92,90,10,50
37,62,24,1,97,90,10,50
37,63,38,1,102,90,10,50
37,64,39,0,95,95,10,50
37,65,12,0,90,105,10,50
37,66,22,0,85,105,15,50
37,67,2,1,90,105,5,50
37,68,14,0,90,105,5,55
37,69,12,1,95,105,5,55
37,70,11,1,100,105,5,55
37,71,21,1,100,110,-10,55
37,72,27,0,110,95,-10,55
37,73,4,0,95,100,-10,55
37,74,27,0,105,85,-10,55
37,75,7,0,90,90,-10,55
37,76,1,1,82,90,-5,55
37,77,10,0,77,95,-5,55
37,78,9,0,72,95,-5,60
37,79,39,0,65,100,-5,60
37,80,13,0,65,100,-5,65
37,81,25,1,65,105,-15,65
37,82,3,0,80,105,-20,65
37,83,16,1,80,105,-30,65
37,84,43,1,80,105,-25,50
37,85,7,1,85,105,-25,45
37,86,3,0,100,105,-30,45
37,87,41,1,105,95,-30,45
37,88,7,1,110,95,-30,40
37,89,2,1,115,95,-40,40
37,90,8,0,115,100,-50,40
37,91,24,0,110,100,-45,40
37,92,5,1,115,100,-55,40
37,93,42,1,115,105,-55,40
37,94,26,1,125,105,-60,40
37,95,26,0,120,105,-60,45
37,96,4,1,130,105,-60,40
37,97,42,1,130,110,-60,40
37,98,39,0,123,115,-60,40
37,99,8,1,113,115,-60,45
38,0,45,0,50,50,50,55
38,1,4,0,35,55,50,55
38,2,13,0,35,55,50,60
38,3,20,1,35,60,35,60
38,4,43,0,55,60,25,60
38,5,43,1,55,60,30,45
38,6,26,0,50,60,30,50
38,7,28,1,60,60,30,50
38,8,20,1,60,65,15,50
38,9,23,1,70,65,10,50
38,10,38,0,65,70,10,50
38,11,18,1,75,70,10,50
38,12,7,1,80,70,10,45
38,13,36,0,80,65,10,47
38,14,26,1,90,65,5,47
38,15,29,0,80,65,10,47
38,16,12,0,75,75,10,47
38,17,43,0,95,75,0,47
38,18,3,0,110,75,-5,47
38,19,14,0,110,75,-5,52
38,20,25,0,110,70,5,52
38,21,20,0,105,70,20,52
38,22,23,0,100,60,20,57
38,23,10,1,120,60,10,57
38,24,48,1,120,65,10,47
38,25,13,1,125,70,10,47
38,26,24,0,120,70,15,47
38,27,30,0,120,70,5,57
38,28,6,1,112,70,5,62
38,29,46,0,105,70,5,67
38,30,26,0,100,70,5,72
38,31,15,0,120,65,5,72
38,32,42,0,112,65,5,82
38,33,16,0,102,70,5,82
38,34,3,1,95,70,5,87
38,35,2,1,100,70,-5,87
38,36,46,0,93,70,-5,92
38,37,1,1,85,70,0,92
38,38,1,0,95,70,-15,92
38,39,48,1,95,75,-15,82
38,40,45,0,95,75,-15,87
38,41,1,1,87,75,-10,87
38,42,1,1,79,75,-5,87
38,43,25,0,79,70,5,87
38,44,40,1,79,60,15,87
38,45,9,1,84,60,15,87
38,46,48,0,74,60,15,92
38,47,29,0,64,60,20,92
38,48,27,1,64,65,15,92
38,49,20,1,64,70,0,92
38,50,12,0,59,80,0,92
38,51,47,0,84,80,0,92
38,52,30,0,84,80,-10,102
38,53,26,1,94,80,-15,102
38,54,15,1,94,85,-15,102
38,55,39,1,99,85,-15,97
38,56,46,1,104,85,-15,92
38,57,1,0,114,85,-30,92
38,58,15,1,114,90,-30,92
38,59,25,1,114,95,-40,92
38,60,47,0,139,95,-40,92
38,61,9,0,134,95,-40,97
38,62,37,1,144,95,-40,97
38,63,18,0,119,95,-40,107
38,64,41,1,124,85,-40,107
38,65,20,0,119,85,-25,107
38,66,6,0,129,85,-30,107
38,67,2,0,119,85,-25,107
38,68,2,0,109,85,-20,107
38,69,41,1,114,75,-20,107
38,70,25,0,114,70,-10,107
38,71,2,1,119,70,-20,107
38,72,1,0,129,70,-35,107
38,73,24,0,124,70,-30,107
38,74,3,1,117,70,-30,112
38,75,13,0,117,70,-30,117
38,76,19,0,97,70,-20,127
38,77,44,1,102,70,-20,127
38,78,15,0,122,65,-20,127
38,79,4,1,132,65,-20,122
38,80,9,1,137,65,-20,122
38,81,12,0,132,75,-20,122
38,82,8,1,122,75,-20,127
38,83,5,1,127,75,-30,127
38,84,2,1,132,75,-40,127
38,85,3,1,125,75,-40,132
38,86,10,1,145,75,-50,132
38,87,22,1,145,80,-60,132
38,88,41,0,135,90,-60,132
38,89,12,1,140,90,-60,132
38,90,43,0,160,90,-70,132
38,91,9,0,155,90,-70,137
38,92,48,1,155,95,-70,127
38,93,37,1,165,95,-70,127
38,94,11,1,170,95,-70,127
38,95,9,1,175,95,-70,127
38,96,2,0,165,95,-65,127
38,97,27,0,175,80,-65,127
38,98,25,1,175,85,-75,127
38,99,18,1,185,85,-75,127
39,0,23,0,45,40,50,55
39,1,27,1,45,45,45,55
39,2,41,0,35,55,45,55
39,3,11,0,30,55,45,57
39,4,25,0,30,50,55,57
39,5,41,0,20,60,55,57
39,6,14,0,20,60,55,62
39,7,41,0,10,70,55,62
39,8,9,0,5,70,55,67
39,9,22,0,0,70,60,67
39,10,9,1,5,70,60,67
39,11,3,0,20,70,55,67
39,12,14,0,20,70,55,72
39,13,16,0,10,75,55,72
39,14,14,0,10,75,55,77
39,15,19,0,-10,75,65,87
39,16,26,0,-15,75,65,92
39,17,21,0,-20,75,80,92
39,18,3,1,-27,75,80,97
39,19,13,0,-27,75,80,102
39,20,23,0,-32,65,80,107
39,21,9,0,-37,65,80,112
39,22,11,0,-42,65,80,114
39,23,42,1,-42,70,80,114
39,24,20,1,-42,75,65,114
39,25,10,1,-22,75,55,114
39,26,36,0,-22,70,55,116
39,27,4,1,-12,70,55,111
39,28,43,1,-12,70,60,96
39,29,30,1,-12,70,70,96
39,30,13,1,-7,75,70,96
39,31,23,0,-12,65,70,101
39,32,9,0,-17,65,70,106
39,33,9,1,-12,65,70,106
39,34,3,1,-19,65,70,111
39,35,23,0,-24,55,70,116
39,36,7,0,-39,60,70,116
39,37,39,1,-34,60,70,111
39,38,8,1,-44,60,70,116
39,39,18,0,-69,60,70,126
39,40,26,0,-74,60,70,131
39,41,27,1,-74,65,65,131
39,42,40,1,-74,55,75,131
39,43,10,1,-54,55,65,131
39,44,4,0,-69,60,65,131
39,45,13,0,-69,60,65,136
39,46,11,0,-74,60,65,138
39,47,11,0,-79,60,65,140
39,48,26,0,-84,60,65,145
39,49,46,0,-91,60,65,150
39,50,11,0,-96,60,65,152
39,51,23,1,-86,60,60,152
39,52,9,0,-91,60,60,157
39,53,41,0,-101,70,60,157
39,54,43,1,-101,70,65,142
39,55,5,0,-106,70,70,142
39,56,10,0,-111,75,70,142
39,57,40,0,-111,85,60,142
39,58,16,0,-121,90,60,142
39,59,11,0,-126,90,60,144
39,60,5,1,-121,90,50,144
39,61,38,0,-126,95,50,144
39,62,1,0,-116,95,35,144
39,63,43,1,-116,95,40,129
39,64,17,1,-131,95,50,129
39,65,12,0,-136,105,50,129
39,66,20,1,-136,110,35,129
39,67,17,1,-151,110,45,129
39,68,44,1,-146,110,45,129
39,69,38,1,-141,110,45,129
39,70,21,1,-141,115,30,129
39,71,10,1,-121,115,20,129
39,72,20,0,-126,115,35,129
39,73,1,1,-134,115,40,129
39,74,5,0,-139,115,45,129
39,75,12,1,-134,115,45,129
39,76,41,1,-129,105,45,129
39,77,39,1,-124,105,45,124
39,78,15,0,-104,100,45,124
39,79,5,0,-109,100,50,124
39,80,13,1,-104,105,50,124
39,81,3,0,-89,105,45,124
39,82,41,1,-84,95,45,124
39,83,4,1,-74,95,45,119
39,84,46,1,-69,95,45,114
39,85,23,1,-59,95,40,114
39,86,20,0,-64,95,55,114
39,87,4,0,-79,100,55,114
39,88,29,0,-89,100,60,114
39,89,25,1,-89,105,50,114
39,90,39,1,-84,105,50,109
39,91,15,0,-64,100,50,109
39,92,2,1,-59,100,40,109
39,93,8,0,-59,105,30,109
39,94,7,1,-54,105,30,104
39,95,9,1,-49,105,30,104
39,96,21,0,-54,105,45,104
39,97,39,0,-61,110,45,104
39,98,2,0,-71,110,50,104
39,99,41,0,-81,120,50,104
40,0,37,0,38,60,50,50
40,1,15,0,58,55,50,50
40,2,29,1,58,70,30,50
40,3,26,0,53,70,30,55
40,4,9,0,48,70,30,60
40,5,25,0,48,65,40,60
40,6,9,0,43,65,40,65
40,7,1,1,35,65,45,65
40,8,9,0,30,65,45,70
40,9,11,0,25,65,45,72
40,10,2,1,30,65,35,72
40,11,15,1,30,70,35,72
40,12,23,1,40,70,30,72
40,13,26,0,35,70,30,77
40,14,24,0,30,70,35,77
40,15,24,1,35,70,35,77
40,16,11,0,30,70,35,79
40,17,11,1,35,70,35,79
40,18,22,1,35,75,25,79
40,19,26,1,45,75,20,79
40,20,43,0,65,75,10,79
40,21,46,0,58,75,10,84
40,22,2,0,48,75,15,84
40,23,14,0,48,75,15,89
40,24,42,1,48,80,15,89
40,25,2,1,53,80,5,89
40,26,2,1,58,80,-5,89
40,27,26,0,53,80,-5,94
40,28,26,1,63,80,-10,94
40,29,11,0,58,80,-10,96
40,30,27,1,58,85,-15,96
40,31,1,0,68,85,-30,96
40,32,17,0,48,95,-30,96
40,33,46,1,53,95,-30,91
40,34,13,1,58,100,-30,91
40,35,43,1,58,100,-25,76
40,36,25,1,58,105,-35,76
40,37,7,0,43,110,-35,76
40,38,25,0,43,105,-25,76
40,39,14,1,43,110,-25,76
40,40,6,1,35,110,-25,81
40,41,16,1,35,110,-35,81
40,42,11,0,30,110,-35,83
40,43,23,0,25,100,-35,88
40,44,18,0,0,100,-35,98
40,45,38,1,5,100,-35,98
40,46,3,0,20,100,-40,98
40,47,46,0,13,100,-40,103
40,48,11,0,8,100,-40,105
40,49,24,0,3,100,-35,105
40,50,43,1,3,100,-30,90
40,51,20,0,-2,100,-15,90
40,52,11,1,3,100,-15,90
40,53,30,1,3,100,-5,90
40,54,44,1,8,100,-5,90
40,55,44,1,13,100,-5,90
40,56,23,0,8,90,-5,95
40,57,12,1,13,90,-5,95
40,58,7,1,18,90,-5,90
40,59,28,0,8,90,5,90
40,60,41,1,13,80,5,90
40,61,3,1,6,80,5,95
40,62,7,1,11,80,5,90
40,63,13,0,11,80,5,95
40,64,38,1,16,80,5,95
40,65,40,0,16,90,-5,95
40,66,14,1,16,95,-5,95
40,67,2,1,21,95,-15,95
40,68,27,0,31,80,-15,95
40,69,14,0,31,80,-15,100
40,70,38,1,36,80,-15,100
40,71,27,1,36,85,-20,100
40,72,46,0,29,85,-20,105
40,73,16,1,29,85,-30,105
40,74,36,1,29,90,-30,100
40,75,39,0,22,95,-30,100
40,76,46,1,27,95,-30,95
40,77,30,0,27,95,-40,105
40,78,4,0,12,100,-40,105
40,79,22,0,7,100,-35,105
40,80,24,1,12,100,-35,105
40,81,8,1,2,100,-35,110
40,82,8,0,2,105,-45,110
40,83,16,0,-8,110,-45,110
40,84,20,0,-13,110,-30,110
40,85,2,0,-23,110,-25,110
40,86,45,1,-23,115,-25,110
40,87,23,1,-13,115,-30,110
40,88,14,1,-13,120,-30,110
40,89,5,1,-8,120,-40,110
40,90,16,0,-18,125,-40,110
40,91,42,1,-18,130,-40,110
40,92,11,0,-23,130,-40,112
40,93,14,1,-23,135,-40,112
40,94,9,1,-18,135,-40,112
40,95,9,0,-23,135,-40,117
40,96,48,0,-33,135,-40,122
40,97,2,1,-28,135,-50,122
40,98,22,0,-33,135,-45,122
40,99,16,0,-43,140,-45,122
41,0,13,1,55,55,50,50
41,1,3,0,70,55,45,50
41,2,2,0,60,55,50,50
41,3,43,0,80,55,40,50
41,4,38,0,75,60,40,50
41,5,27,1,75,65,35,50
41,6,25,1,75,70,25,50
41,7,11,0,70,70,25,52
41,8,25,0,70,65,35,52
41,9,41,0,60,75,35,52
41,10,9,1,65,75,35,52
41,11,29,1,65,90,15,52
41,12,5,1,70,90,5,52
41,13,16,1,70,90,-5,52
41,14,2,1,75,90,-15,52
41,15,5,0,70,90,-10,52
41,16,13,1,75,95,-10,52
41,17,28,0,65,95,0,52
41,18,2,1,70,95,-10,52
41,19,23,0,65,85,-10,57
41,20,22,1,65,90,-20,57
41,21,20,0,60,90,-5,57
41,22,14,0,60,90,-5,62
41,23,26,1,70,90,-10,62
41,24,37,0,58,100,-10,62
41,25,39,0,51,105,-10,62
41,26,36,0,51,100,-10,64
41,27,26,0,46,100,-10,69
41,28,40,0,46,110,-20,69
41,29,20,0,41,110,-5,69
41,30,39,1,46,110,-5,64
41,31,41,1,51,100,-5,64
41,32,15,0,71,95,-5,64
41,33,11,1,76,95,-5,64
41,34,22,0,71,95,0,64
41,35,16,0,61,100,0,64
41,36,45,1,61,105,0,64
41,37,23,1,71,105,-5,64
41,38,38,1,76,105,-5,64
41,39,12,0,71,115,-5,64
41,40,27,0,81,100,-5,64
41,41,10,1,101,100,-15,64
41,42,13,0,101,100,-15,69
41,43,1,1,93,100,-10,69
41,44,15,0,113,95,-10,69
41,45,36,0,113,90,-10,71
41,46,22,0,108,90,-5,71
41,47,15,0,128,85,-5,71
41,48,45,0,128,85,-5,76
41,49,6,1,120,85,-5,81
41,50,7,1,125,85,-5,76
41,51,11,1,130,85,-5,76
41,52,20,0,125,85,10,76
41,53,29,1,125,100,-10,76
41,54,27,0,135,85,-10,76
41,55,1,1,127,85,-5,76
41,56,24,1,132,85,-5,76
41,57,36,0,132,80,-5,78
41,58,5,1,137,80,-15,78
41,59,26,0,132,80,-15,83
41,60,20,1,132,85,-30,83
41,61,37,1,142,85,-30,83
41,62,40,1,142,75,-20,83
41,63,6,0,152,75,-25,83
41,64,10,0,147,80,-25,83
41,65,5,1,152,80,-35,83
41,66,39,1,157,80,-35,78
41,67,16,0,147,85,-35,78
41,68,2,0,137,85,-30,78
41,69,7,0,122,90,-30,78
41,70,47,1,122,90,-30,93
41,71,20,0,117,90,-15,93
41,72,26,0,112,90,-15,98
41,73,39,1,117,90,-15,93
41,74,3,1,110,90,-15,98
41,75,44,1,115,90,-15,98
41,76,17,0,95,100,-15,98
41,77,10,0,90,105,-15,98
41,78,42,1,90,110,-15,98
41,79,17,1,75,110,-5,98
41,80,4,0,60,115,-5,98
41,81,39,0,53,120,-5,98
41,82,28,0,43,120,5,98
41,83,22,1,43,125,-5,98
41,84,23,1,53,125,-10,98
41,85,36,1,53,130,-10,93
41,86,4,1,63,130,-10,88
41,87,30,0,63,130,-20,98
41,88,15,1,63,135,-20,98
41,89,13,1,68,140,-20,98
41,90,28,0,58,140,-10,98
41,91,27,0,68,125,-10,98
41,92,26,1,78,125,-15,98
41,93,9,1,83,125,-15,98
41,94,28,0,73,125,-5,98
41,95,7,0,58,130,-5,98
41,96,16,1,58,130,-15,98
41,97,21,0,53,130,0,98
41,98,40,1,53,120,10,98
41,99,25,1,53,125,0,98
42,0,48,0,40,50,50,55
42,1,20,1,40,55,35,55
42,2,45,0,40,55,35,60
42,3,46,1,45,55,35,55
42,4,25,1,45,60,25,55
42,5,2,0,35,60,30,55
42,6,23,0,30,50,30,60
42,7,39,0,23,55,30,60
42,8,1,0,33,55,15,60
42,9,11,0,28,55,15,62
42,10,22,0,23,55,20,62
42,11,29,1,23,70,0,62
42,12,39,1,28,70,0,57
42,13,8,0,28,75,-10,57
42,14,12,1,33,75,-10,57
42,15,20,1,33,80,-25,57
42,16,20,0,28,80,-10,57
42,17,30,0,28,80,-20,67
42,18,7,0,13,85,-20,67
42,19,13,1,18,90,-20,67
42,20,40,1,18,80,-10,67
42,21,44,0,18,80,0,72
42,22,14,0,18,80,0,77
42,23,10,0,13,85,0,77
42,24,14,0,13,85,0,82
42,25,15,1,13,90,0,82
42,26,16,0,3,95,0,82
42,27,4,0,-12,100,0,82
42,28,29,1,-12,115,-20,82
42,29,7,0,-27,120,-20,82
42,30,23,1,-17,120,-25,82
42,31,10,1,3,120,-35,82
42,32,16,1,3,120,-45,82
42,33,1,1,-5,120,-40,82
42,34,22,1,-5,125,-50,82
42,35,15,1,-5,130,-50,82
42,36,26,0,-10,130,-50,87
42,37,25,0,-10,125,-40,87
42,38,8,1,-20,125,-40,92
42,39,15,0,0,120,-40,92
42,40,13,0,0,120,-40,97
42,41,5,0,-5,120,-35,97
42,42,3,1,-12,120,-35,102
42,43,14,1,-12,125,-35,102
42,44,13,0,-12,125,-35,107
42,45,22,0,-17,125,-30,107
42,46,45,0,-17,125,-30,112
42,47,28,1,-7,125,-30,112
42,48,26,0,-12,125,-30,117
42,49,27,1,-12,130,-35,117
42,50,2,1,-7,130,-45,117
42,51,11,1,-2,130,-45,117
42,52,5,1,3,130,-55,117
42,53,1,1,-5,130,-50,117
42,54,9,1,0,130,-50,117
42,55,3,1,-7,130,-50,122
42,56,9,0,-12,130,-50,127
42,57,8,0,-12,135,-60,127
42,58,16,0,-22,140,-60,127
42,59,11,1,-17,140,-60,127
42,60,24,0,-22,140,-55,127
42,61,2,0,-32,140,-50,127
42,62,3,0,-17,140,-55,127
42,63,15,1,-17,145,-55,127
42,64,22,1,-17,150,-65,127
42,65,14,1,-17,155,-65,127
42,66,4,1,-7,155,-65,122
42,67,23,0,-12,145,-65,127
42,68,8,0,-12,150,-75,127
42,69,1,1,-20,150,-70,127
42,70,3,0,-5,150,-75,127
42,71,9,0,-10,150,-75,132
42,72,44,0,-10,150,-65,137
42,73,8,1,-20,150,-65,142
42,74,13,1,-15,155,-65,142
42,75,2,1,-10,155,-75,142
42,76,45,0,-10,155,-75,147
42,77,22,0,-15,155,-70,147
42,78,10,0,-20,160,-70,147
42,79,11,0,-25,160,-70,149
42,80,19,0,-45,160,-60,159
42,81,25,1,-45,165,-70,159
42,82,20,1,-45,170,-85,159
42,83,13,0,-45,170,-85,164
42,84,36,1,-45,175,-85,159
42,85,7,1,-40,175,-85,154
42,86,43,1,-40,175,-80,139
42,87,22,0,-45,175,-75,139
42,88,27,1,-45,180,-80,139
42,89,20,1,-45,185,-95,139
42,90,11,1,-40,185,-95,139
42,91,9,1,-35,185,-95,139
42,92,43,0,-15,185,-105,139
42,93,5,1,-10,185,-115,139
42,94,48,1,-10,190,-115,129
42,95,4,0,-25,195,-115,129
42,96,11,0,-30,195,-115,131
42,97,5,0,-35,195,-110,131
42,98,6,0,-25,195,-115,131
42,99,17,0,-45,205,-115,131
43,0,10,0,45,55,50,50
43,1,5,1,50,55,40,50
43,2,25,1,50,60,30,50
43,3,26,1,60,60,25,50
43,4,20,1,60,65,10,50
43,5,37,0,48,75,10,50
43,6,2,1,53,75,0,50
43,7,5,1,58,75,-10,50
43,8,15,1,58,80,-10,50
43,9,12,1,63,80,-10,50
43,10,23,1,73,80,-15,50
43,11,1,1,65,80,-10,50
43,12,43,1,65,80,-5,35
43,13,45,1,65,85,-5,35
43,14,4,0,50,90,-5,35
43,15,2,1,55,90,-15,35
43,16,37,1,65,90,-15,35
43,17,7,1,70,90,-15,30
43,18,13,1,75,95,-15,30
43,19,15,0,95,90,-15,30
43,20,4,0,80,95,-15,30
43,21,10,0,75,100,-15,30
43,22,28,0,65,100,-5,30
43,23,45,1,65,105,-5,30
43,24,8,1,55,105,-5,35
43,25,25,1,55,110,-15,35
43,26,21,1,55,115,-30,35
43,27,28,1,65,115,-30,35
43,28,28,1,75,115,-30,35
43,29,39,1,80,115,-30,30
43,30,11,1,85,115,-30,30
43,31,2,0,75,115,-25,30
43,32,15,0,95,110,-25,30
43,33,3,0,110,110,-30,30
43,34,47,1,110,110,-30,45
43,35,12,1,115,110,-30,45
43,36,8,0,115,115,-40,45
43,37,2,1,120,115,-50,45
43,38,14,1,120,120,-50,45
43,39,19,0,100,120,-40,55
43,40,16,0,90,125,-40,55
43,41,2,0,80,125,-35,55
43,42,11,1,85,125,-35,55
43,43,16,0,75,130,-35,55
43,44,22,0,70,130,-30,55
43,45,46,0,63,130,-30,60
43,46,12,1,68,130,-30,60
43,47,5,1,73,130,-40,60
43,48,42,1,73,135,-40,60
43,49,15,1,73,140,-40,60
43,50,28,1,83,140,-40,60
43,51,27,0,93,125,-40,60
43,52,3,0,108,125,-45,60
43,53,4,0,93,130,-45,60
43,54,20,1,93,135,-60,60
43,55,20,0,88,135,-45,60
43,56,12,0,83,145,-45,60
43,57,6,1,75,145,-45,65
43,58,20,0,70,145,-30,65
43,59,17,1,55,145,-20,65
43,60,40,0,55,155,-30,65
43,61,12,0,50,165,-30,65
43,62,11,1,55,165,-30,65
43,63,26,1,65,165,-35,65
43,64,11,0,60,165,-35,67
43,65,40,1,60,155,-25,67
43,66,22,0,55,155,-20,67
43,67,17,1,40,155,-10,67
43,68,2,0,30,155,-5,67
43,69,9,0,25,155,-5,72
43,70,1,1,17,155,0,72
43,71,10,0,12,160,0,72
43,72,26,0,7,160,0,77
43,73,29,0,-3,160,5,77
43,74,30,1,-3,160,15,77
43,75,42,0,-11,160,15,87
43,76,37,0,-23,170,15,87
43,77,38,0,-28,175,15,87
43,78,3,1,-35,175,15,92
43,79,41,1,-30,165,15,92
43,80,48,0,-40,165,15,97
43,81,9,0,-45,165,15,102
43,82,28,0,-55,165,25,102
43,83,43,1,-55,165,30,87
43,84,36,0,-55,160,30,89
43,85,10,1,-35,160,20,89
43,86,5,1,-30,160,10,89
43,87,40,0,-30,170,0,89
43,88,38,1,-25,170,0,89
43,89,25,0,-25,165,10,89
43,90,22,0,-30,165,15,89
43,91,22,1,-30,170,5,89
43,92,42,1,-30,175,5,89
43,93,5,1,-25,175,-5,89
43,94,6,0,-15,175,-10,89
43,95,44,1,-10,175,-10,89
43,96,13,1,-5,180,-10,89
43,97,22,0,-10,180,-5,89
43,98,36,0,-10,175,-5,91
43,99,20,1,-10,180,-20,91
44,0,40,0,50,60,40,50
44,1,4,1,60,60,40,45
44,2,37,1,70,60,40,45
44,3,9,1,75,60,40,45
44,4,11,0,70,60,40,47
44,5,25,1,70,65,30,47
44,6,22,0,65,65,35,47
44,7,38,0,60,70,35,47
44,8,16,0,50,75,35,47
44,9,26,1,60,75,30,47
44,10,41,1,65,65,30,47
44,11,11,1,70,65,30,47
44,12,41,1,75,55,30,47
44,13,23,1,85,55,25,47
44,14,14,0,85,55,25,52
44,15,23,0,80,45,25,57
44,16,30,0,80,45,15,67
44,17,29,0,70,45,20,67
44,18,7,0,55,50,20,67
44,19,45,0,55,50,20,72
44,20,41,0,45,60,20,72
44,21,15,1,45,65,20,72
44,22,13,0,45,65,20,77
44,23,3,1,38,65,20,82
44,24,46,1,43,65,20,77
44,25,9,1,48,65,20,77
44,26,11,0,43,65,20,79
44,27,8,0,43,70,10,79
44,28,46,0,36,70,10,84
44,29,22,1,36,75,0,84
44,30,10,0,31,80,0,84
44,31,15,1,31,85,0,84
44,32,43,1,31,85,5,69
44,33,10,1,51,85,-5,69
44,34,4,1,61,85,-5,64
44,35,6,0,71,85,-10,64
44,36,26,0,66,85,-10,69
44,37,22,0,61,85,-5,69
44,38,5,0,56,85,0,69
44,39,9,1,61,85,0,69
44,40,14,1,61,90,0,69
44,41,16,0,51,95,0,69
44,42,15,0,71,90,0,69
44,43,25,0,71,85,10,69
44,44,24,1,76,85,10,69
44,45,16,0,66,90,10,69
44,46,16,0,56,95,10,69
44,47,26,0,51,95,10,74
44,48,7,0,36,100,10,74
44,49,11,1,41,100,10,74
44,50,12,0,36,110,10,74
44,51,5,0,31,110,15,74
44,52,22,0,26,110,20,74
44,53,8,0,26,115,10,74
44,54,37,1,36,115,10,74
44,55,4,0,21,120,10,74
44,56,30,1,21,120,20,74
44,57,25,1,21,125,10,74
44,58,13,0,21,125,10,79
44,59,8,0,21,130,0,79
44,60,1,1,13,130,5,79
44,61,21,0,8,130,20,79
44,62,2,0,-2,130,25,79
44,63,9,1,3,130,25,79
44,64,6,1,-5,130,25,84
44,65,20,1,-5,135,10,84
44,66,20,0,-10,135,25,84
44,67,11,1,-5,135,25,84
44,68,38,1,0,135,25,84
44,69,2,0,-10,135,30,84
44,70,27,0,0,120,30,84
44,71,26,0,-5,120,30,89
44,72,5,0,-10,120,35,89
44,73,2,1,-5,120,25,89
44,74,25,1,-5,125,15,89
44,75,10,1,15,125,5,89
44,76,14,1,15,130,5,89
44,77,14,0,15,130,5,94
44,78,23,0,10,120,5,99
44,79,20,0,5,120,20,99
44,80,17,1,-10,120,30,99
44,81,1,1,-18,120,35,99
44,82,9,0,-23,120,35,104
44,83,24,1,-18,120,35,104
44,84,15,0,2,115,35,104
44,85,2,0,-8,115,40,104
44,86,5,1,-3,115,30,104
44,87,37,1,7,115,30,104
44,88,12,1,12,115,30,104
44,89,13,0,12,115,30,109
44,90,37,1,22,115,30,109
44,91,15,0,42,110,30,109
44,92,3,0,57,110,25,109
44,93,9,0,52,110,25,114
44,94,13,0,52,110,25,119
44,95,15,0,72,105,25,119
44,96,5,0,67,105,30,119
44,97,7,0,52,110,30,119
44,98,6,0,62,110,25,119
44,99,26,1,72,110,20,119
45,0,19,1,65,50,50,50
45,1,25,0,65,45,60,50
45,2,12,1,70,45,60,50
45,3,24,1,75,45,60,50
45,4,13,1,80,50,60,50
45,5,24,0,75,50,65,50
45,6,21,0,70,50,80,50
45,7,29,1,70,65,60,50
45,8,40,1,70,55,70,50
45,9,13,1,75,60,70,50
45,10,23,1,85,60,65,50
45,11,24,1,90,60,65,50
45,12,22,1,90,65,55,50
45,13,20,0,85,65,70,50
45,14,4,1,95,65,70,45
45,15,5,1,100,65,60,45
45,16,13,0,100,65,60,50
45,17,28,1,110,65,60,50
45,18,2,1,115,65,50,50
45,19,10,0,110,70,50,50
45,20,14,0,110,70,50,55
45,21,26,1,120,70,45,55
45,22,16,1,120,70,35,55
45,23,25,1,120,75,25,55
45,24,14,1,120,80,25,55
45,25,13,0,120,80,25,60
45,26,25,0,120,75,35,60
45,27,14,0,120,75,35,65
45,28,12,0,115,85,35,65
45,29,14,1,115,90,35,65
45,30,21,1,115,95,20,65
45,31,41,0,105,105,20,65
45,32,13,0,105,105,20,70
45,33,8,1,95,105,20,75
45,34,8,1,85,105,20,80
45,35,12,0,80,115,20,80
45,36,7,0,65,120,20,80
45,37,37,0,53,130,20,80
45,38,28,0,43,130,30,80
45,39,27,0,53,115,30,80
45,40,37,0,41,125,30,80
45,41,10,1,61,125,20,80
45,42,37,0,49,135,20,80
45,43,38,0,44,140,20,80
45,44,14,1,44,145,20,80
45,45,46,1,49,145,20,75
45,46,45,0,49,145,20,80
45,47,39,0,42,150,20,80
45,48,9,1,47,150,20,80
45,49,25,0,47,145,30,80
45,50,44,1,52,145,30,80
45,51,26,1,62,145,25,80
45,52,6,0,72,145,20,80
45,53,29,1,72,160,0,80
45,54,44,1,77,160,0,80
45,55,38,1,82,160,0,80
45,56,6,0,92,160,-5,80
45,57,44,1,97,160,-5,80
45,58,26,1,107,160,-10,80
45,59,14,0,107,160,-10,85
45,60,39,0,100,165,-10,85
45,61,8,1,90,165,-10,90
45,62,22,1,90,170,-20,90
45,63,47,0,115,170,-20,90
45,64,25,1,115,175,-30,90
45,65,15,1,115,180,-30,90
45,66,12,0,110,190,-30,90
45,67,5,0,105,190,-25,90
45,68,25,0,105,185,-15,90
45,69,9,0,100,185,-15,95
45,70,16,1,100,185,-25,95
45,71,12,1,105,185,-25,95
45,72,43,0,125,185,-35,95
45,73,28,0,115,185,-25,95
45,74,41,1,120,175,-25,95
45,75,3,1,113,175,-25,100
45,76,37,0,101,185,-25,100
45,77,22,1,101,190,-35,100
45,78,11,1,106,190,-35,100
45,79,26,1,116,190,-40,100
45,80,22,1,116,195,-50,100
45,81,12,1,121,195,-50,100
45,82,17,0,101,205,-50,100
45,83,45,0,101,205,-50,105
45,84,22,1,101,210,-60,105
45,85,44,0,101,210,-50,110
45,86,25,1,101,215,-60,110
45,87,9,1,106,215,-60,110
45,88,22,1,106,220,-70,110
45,89,37,1,116,220,-70,110
45,90,23,1,126,220,-75,110
45,91,21,0,121,220,-60,110
45,92,10,1,141,220,-70,110
45,93,36,1,141,225,-70,105
45,94,40,0,141,235,-80,105
45,95,11,1,146,235,-80,105
45,96,4,0,131,240,-80,105
45,97,28,1,141,240,-80,105
45,98,48,0,131,240,-80,110
45,99,2,0,121,240,-75,110
46,0,3,0,65,50,45,50
46,1,14,0,65,50,45,55
46,2,15,0,85,45,45,55
46,3,16,0,75,50,45,55
46,4,12,1,80,50,45,55
46,5,14,0,80,50,45,60
46,6,15,1,80,55,45,60
46,7,39,1,85,55,45,55
46,8,1,0,95,55,30,55
46,9,20,1,95,60,15,55
46,10,17,1,80,60,25,55
46,11,15,1,80,65,25,55
46,12,36,0,80,60,25,57
46,13,14,1,80,65,25,57
46,14,16,0,70,70,25,57
46,15,10,0,65,75,25,57
46,16,12,0,60,85,25,57
46,17,16,0,50,90,25,57
46,18,7,1,55,90,25,52
46,19,22,1,55,95,15,52
46,20,41,0,45,105,15,52
46,21,9,1,50,105,15,52
46,22,9,0,45,105,15,57
46,23,18,0,20,105,15,67
46,24,44,1,25,105,15,67
46,25,26,1,35,105,10,67
46,26,11,1,40,105,10,67
46,27,37,0,28,115,10,67
46,28,4,0,13,120,10,67
46,29,3,1,6,120,10,72
46,30,12,1,11,120,10,72
46,31,38,1,16,120,10,72
46,32,5,1,21,120,0,72
46,33,14,1,21,125,0,72
46,34,41,1,26,115,0,72
46,35,25,1,26,120,-10,72
46,36,8,1,16,120,-10,77
46,37,13,0,16,120,-10,82
46,38,1,1,8,120,-5,82
46,39,14,0,8,120,-5,87
46,40,3,0,23,120,-10,87
46,41,1,1,15,120,-5,87
46,42,25,0,15,115,5,87
46,43,25,0,15,110,15,87
46,44,44,1,20,110,15,87
46,45,13,1,25,115,15,87
46,46,26,1,35,115,10,87
46,47,15,1,35,120,10,87
46,48,29,1,35,135,-10,87
46,49,41,1,40,125,-10,87
46,50,47,0,65,125,-10,87
46,51,43,0,85,125,-20,87
46,52,27,0,95,110,-20,87
46,53,13,0,95,110,-20,92
46,54,26,1,105,110,-25,92
46,55,5,0,100,110,-20,92
46,56,2,0,90,110,-15,92
46,57,37,1,100,110,-15,92
46,58,3,1,93,110,-15,97
46,59,26,0,88,110,-15,102
46,60,1,1,80,110,-10,102
46,61,29,1,80,125,-30,102
46,62,23,0,75,115,-30,107
46,63,39,1,80,115,-30,102
46,64,10,1,100,115,-40,102
46,65,16,1,100,115,-50,102
46,66,44,0,100,115,-40,107
46,67,3,1,93,115,-40,112
46,68,3,0,108,115,-45,112
46,69,5,1,113,115,-55,112
46,70,4,1,123,115,-55,107
46,71,2,1,128,115,-65,107
46,72,41,0,118,125,-65,107
46,73,12,0,113,135,-65,107
46,74,19,0,93,135,-55,117
46,75,25,0,93,130,-45,117
46,76,37,0,81,140,-45,117
46,77,20,1,81,145,-60,117
46,78,26,0,76,145,-60,122
46,79,37,0,64,155,-60,122
46,80,21,0,59,155,-45,122
46,81,39,1,64,155,-45,117
46,82,15,0,84,150,-45,117
46,83,39,1,89,150,-45,112
46,84,26,0,84,150,-45,117
46,85,5,1,89,150,-55,117
46,86,26,0,84,150,-55,122
46,87,9,0,79,150,-55,127
46,88,23,0,74,140,-55,132
46,89,26,1,84,140,-60,132
46,90,3,0,99,140,-65,132
46,91,1,0,109,140,-80,132
46,92,6,0,119,140,-85,132
46,93,44,1,124,140,-85,132
46,94,36,1,124,145,-85,127
46,95,41,1,129,135,-85,127
46,96,27,0,139,120,-85,127
46,97,26,0,134,120,-85,132
46,98,36,0,134,115,-85,134
46,99,40,1,134,105,-75,134
47,0,10,0,45,55,50,50
47,1,12,0,40,65,50,50
47,2,5,1,45,65,40,50
47,3,42,1,45,70,40,50
47,4,25,1,45,75,30,50
47,5,43,1,45,75,35,35
47,6,4,0,30,80,35,35
47,7,39,1,35,80,35,30
47,8,22,0,30,80,40,30
47,9,47,1,30,80,40,45
47,10,21,1,30,85,25,45
47,11,5,0,25,85,30,45
47,12,41,1,30,75,30,45
47,13,16,0,20,80,30,45
47,14,39,0,13,85,30,45
47,15,5,0,8,85,35,45
47,16,28,1,18,85,35,45
47,17,5,0,13,85,40,45
47,18,11,0,8,85,40,47
47,19,1,1,0,85,45,47
47,20,2,1,5,85,35,47
47,21,11,0,0,85,35,49
47,22,9,0,-5,85,35,54
47,23,41,1,0,75,35,54
47,24,21,0,-5,75,50,54
47,25,7,0,-20,80,50,54
47,26,46,0,-27,80,50,59
47,27,16,1,-27,80,40,59
47,28,4,1,-17,80,40,54
47,29,41,1,-12,70,40,54
47,30,24,1,-7,70,40,54
47,31,13,1,-2,75,40,54
47,32,41,0,-12,85,40,54
47,33,24,1,-7,85,40,54
47,34,5,1,-2,85,30,54
47,35,3,0,13,85,25,54
47,36,48,1,13,90,25,44
47,37,42,1,13,95,25,44
47,38,25,0,13,90,35,44
47,39,5,0,8,90,40,44
47,40,10,1,28,90,30,44
47,41,9,1,33,90,30,44
47,42,3,0,48,90,25,44
47,43,8,1,38,90,25,49
47,44,42,0,30,90,25,59
47,45,2,0,20,90,30,59
47,46,43,1,20,90,35,44
47,47,1,1,12,90,40,44
47,48,12,0,7,100,40,44
47,49,26,0,2,100,40,49
47,50,10,1,22,100,30,49
47,51,20,1,22,105,15,49
47,52,6,0,32,105,10,49
47,53,46,0,25,105,10,54
47,54,2,0,15,105,15,54
47,55,45,0,15,105,15,59
47,56,39,0,8,110,15,59
47,57,17,1,-7,110,25,59
47,58,1,1,-15,110,30,59
47,59,18,1,-5,110,30,59
47,60,24,1,0,110,30,59
47,61,2,0,-10,110,35,59
47,62,21,1,-10,115,20,59
47,63,6,0,0,115,15,59
47,64,8,1,-10,115,15,64
47,65,4,0,-25,120,15,64
47,66,26,0,-30,120,15,69
47,67,1,0,-20,120,0,69
47,68,5,1,-15,120,-10,69
47,69,8,1,-25,120,-10,74
47,70,3,1,-32,120,-10,79
47,71,1,1,-40,120,-5,79
47,72,20,1,-40,125,-20,79
47,73,9,0,-45,125,-20,84
47,74,22,0,-50,125,-15,84
47,75,15,0,-30,120,-15,84
47,76,47,0,-5,120,-15,84
47,77,16,1,-5,120,-25,84
47,78,40,1,-5,110,-15,84
47,79,36,1,-5,115,-15,79
47,80,1,0,5,115,-30,79
47,81,12,0,0,125,-30,79
47,82,3,1,-7,125,-30,84
47,83,22,1,-7,130,-40,84
47,84,20,1,-7,135,-55,84
47,85,47,0,18,135,-55,84
47,86,15,1,18,140,-55,84
47,87,11,1,23,140,-55,84
47,88,2,1,28,140,-65,84
47,89,20,1,28,145,-80,84
47,90,21,1,28,150,-95,84
47,91,5,0,23,150,-90,84
47,92,3,1,16,150,-90,89
47,93,16,0,6,155,-90,89
47,94,3,0,21,155,-95,89
47,95,38,0,16,160,-95,89
47,96,16,1,16,160,-105,89
47,97,46,1,21,160,-105,84
47,98,3,0,36,160,-110,84
47,99,7,1,41,160,-110,79
48,0,38,1,55,50,50,50
48,1,16,1,55,50,40,50
48,2,5,0,50,50,45,50
48,3,20,0,45,50,60,50
48,4,43,0,65,50,50,50
48,5,41,0,55,60,50,50
48,6,1,0,65,60,35,50
48,7,41,1,70,50,35,50
48,8,6,0,80,50,30,50
48,9,3,0,95,50,25,50
48,10,21,1,95,55,10,50
48,11,21,1,95,60,-5,50
48,12,5,0,90,60,0,50
48,13,47,1,90,60,0,65
48,14,45,0,90,60,0,70
48,15,7,1,95,60,0,65
48,16,5,1,100,60,-10,65
48,17,14,1,100,65,-10,65
48,18,16,1,100,65,-20,65
48,19,15,1,100,70,-20,65
48,20,24,1,105,70,-20,65
48,21,23,0,100,60,-20,70
48,22,25,1,100,65,-30,70
48,23,38,0,95,70,-30,70
48,24,15,1,95,75,-30,70
48,25,7,0,80,80,-30,70
48,26,25,1,80,85,-40,70
48,27,9,0,75,85,-40,75
48,28,1,1,67,85,-35,75
48,29,15,0,87,80,-35,75
48,30,26,1,97,80,-40,75
48,31,22,1,97,85,-50,75
48,32,22,0,92,85,-45,75
48,33,25,0,92,80,-35,75
48,34,23,0,87,70,-35,80
48,35,8,0,87,75,-45,80
48,36,38,1,92,75,-45,80
48,37,27,0,102,60,-45,80
48,38,3,0,117,60,-50,80
48,39,22,0,112,60,-45,80
48,40,30,1,112,60,-35,80
48,41,41,1,117,50,-35,80
48,42,20,1,117,55,-50,80
48,43,46,1,122,55,-50,75
48,44,27,1,122,60,-55,75
48,45,14,0,122,60,-55,80
48,46,3,1,115,60,-55,85
48,47,46,1,120,60,-55,80
48,48,46,0,113,60,-55,85
48,49,20,0,108,60,-40,85
48,50,25,0,108,55,-30,85
48,51,2,1,113,55,-40,85
48,52,5,0,108,55,-35,85
48,53,23,1,118,55,-40,85
48,54,9,0,113,55,-40,90
48,55,23,0,108,45,-40,95
48,56,25,1,108,50,-50,95
48,57,23,1,118,50,-55,95
48,58,26,0,113,50,-55,100
48,59,10,0,108,55,-55,100
48,60,15,0,128,50,-55,100
48,61,24,1,133,50,-55,100
48,62,43,1,133,50,-50,85
48,63,14,1,133,55,-50,85
48,64,1,0,143,55,-65,85
48,65,12,0,138,65,-65,85
48,66,42,0,130,65,-65,95
48,67,48,0,120,65,-65,100
48,68,47,0,145,65,-65,100
48,69,39,0,138,70,-65,100
48,70,22,1,138,75,-75,100
48,71,36,1,138,80,-75,95
48,72,9,0,133,80,-75,100
48,73,22,0,128,80,-70,100
48,74,22,1,128,85,-80,100
48,75,24,0,123,85,-75,100
48,76,27,1,123,90,-80,100
48,77,38,0,118,95,-80,100
48,78,2,0,108,95,-75,100
48,79,10,0,103,100,-75,100
48,80,15,0,123,95,-75,100
48,81,37,0,111,105,-75,100
48,82,43,0,131,105,-85,100
48,83,28,1,141,105,-85,100
48,84,1,1,133,105,-80,100
48,85,42,1,133,110,-80,100
48,86,46,0,126,110,-80,105
48,87,16,0,116,115,-80,105
48,88,30,0,116,115,-90,115
48,89,47,1,116,115,-90,130
48,90,9,1,121,115,-90,130
48,91,3,0,136,115,-95,130
48,92,14,1,136,120,-95,130
48,93,21,1,136,125,-110,130
48,94,10,1,156,125,-120,130
48,95,2,1,161,125,-130,130
48,96,22,0,156,125,-125,130
48,97,3,0,171,125,-130,130
48,98,45,1,171,130,-130,130
48,99,3,0,186,130,-135,130
49,0,45,0,50,50,50,55
49,1,20,1,50,55,35,55
49,2,16,0,40,60,35,55
49,3,37,0,28,70,35,55
49,4,9,0,23,70,35,60
49,5,21,1,23,75,20,60
49,6,41,0,13,85,20,60
49,7,16,0,3,90,20,60
49,8,28,1,13,90,20,60
49,9,13,1,18,95,20,60
49,10,41,1,23,85,20,60
49,11,26,0,18,85,20,65
49,12,25,1,18,90,10,65
49,13,10,0,13,95,10,65
49,14,8,1,3,95,10,70
49,15,26,0,-2,95,10,75
49,16,43,1,-2,95,15,60
49,17,6,1,-10,95,15,65
49,18,41,0,-20,105,15,65
49,19,27,0,-10,90,15,65
49,20,46,1,-5,90,15,60
49,21,3,1,-12,90,15,65
49,22,22,1,-12,95,5,65
49,23,4,1,-2,95,5,60
49,24,16,1,-2,95,-5,60
49,25,22,0,-7,95,0,60
49,26,4,0,-22,100,0,60
49,27,2,1,-17,100,-10,60
49,28,23,0,-22,90,-10,65
49,29,1,1,-30,90,-5,65
49,30,12,0,-35,100,-5,65
49,31,11,0,-40,100,-5,67
49,32,22,0,-45,100,0,67
49,33,45,0,-45,100,0,72
49,34,9,1,-40,100,0,72
49,35,2,1,-35,100,-10,72
49,36,29,1,-35,115,-30,72
49,37,4,1,-25,115,-30,67
49,38,2,1,-20,115,-40,67
49,39,2,0,-30,115,-35,67
49,40,2,1,-25,115,-45,67
49,41,13,0,-25,115,-45,72
49,42,1,1,-33,115,-40,72
49,43,11,0,-38,115,-40,74
49,44,10,1,-18,115,-50,74
49,45,21,1,-18,120,-65,74
49,46,5,1,-13,120,-75,74
49,47,6,0,-3,120,-80,74
49,48,24,1,2,120,-80,74
49,49,13,1,7,125,-80,74
49,50,16,0,-3,130,-80,74
49,51,14,0,-3,130,-80,79
49,52,4,0,-18,135,-80,79
49,53,19,1,-3,135,-80,79
49,54,20,1,-3,140,-95,79
49,55,37,0,-15,150,-95,79
49,56,15,1,-15,155,-95,79
49,57,16,1,-15,155,-105,79
49,58,5,1,-10,155,-115,79
49,59,23,0,-15,145,-115,84
49,60,45,0,-15,145,-115,89
49,61,41,0,-25,155,-115,89
49,62,43,1,-25,155,-110,74
49,63,7,1,-20,155,-110,69
49,64,37,0,-32,165,-110,69
49,65,43,0,-12,165,-120,69
49,66,2,1,-7,165,-130,69
49,67,3,1,-14,165,-130,74
49,68,28,1,-4,165,-130,74
49,69,20,1,-4,170,-145,74
49,70,19,0,-24,170,-135,84
49,71,25,1,-24,175,-145,84
49,72,23,0,-29,165,-145,89
49,73,11,0,-34,165,-145,91
49,74,9,1,-29,165,-145,91
49,75,24,1,-24,165,-145,91
49,76,41,0,-34,175,-145,91
49,77,30,1,-34,175,-135,91
49,78,12,1,-29,175,-135,91
49,79,22,1,-29,180,-145,91
49,80,15,1,-29,185,-145,91
49,81,27,1,-29,190,-150,91
49,82,20,1,-29,195,-165,91
49,83,25,0,-29,190,-155,91
49,84,3,0,-14,190,-160,91
49,85,16,1,-14,190,-170,91
49,86,40,1,-14,180,-160,91
49,87,3,0,1,180,-165,91
49,88,16,1,1,180,-175,91
49,89,9,0,-4,180,-175,96
49,90,29,0,-14,180,-170,96
49,91,16,1,-14,180,-180,96
49,92,20,0,-19,180,-165,96
49,93,20,0,-24,180,-150,96
49,94,4,1,-14,180,-150,91
49,95,19,0,-34,180,-140,101
49,96,1,0,-24,180,-155,101
49,97,44,0,-24,180,-145,106
49,98,27,1,-24,185,-150,106
49,99,2,1,-19,185,-160,106
50,0,10,0,45,55,50,50
50,1,6,1,37,55,50,55
50,2,5,1,42,55,40,55
50,3,36,1,42,60,40,50
50,4,39,0,35,65,40,50
50,5,9,0,30,65,40,55
50,6,6,0,40,65,35,55
50,7,9,0,35,65,35,60
50,8,12,0,30,75,35,60
50,9,21,0,25,75,50,60
50,10,37,0,13,85,50,60
50,11,14,0,13,85,50,65
50,12,12,0,8,95,50,65
50,13,41,1,13,85,50,65
50,14,25,1,13,90,40,65
50,15,2,0,3,90,45,65
50,16,25,0,3,85,55,65
50,17,29,0,-7,85,60,65
50,18,2,1,-2,85,50,65
50,19,37,1,8,85,50,65
50,20,13,0,8,85,50,70
50,21,13,0,8,85,50,75
50,22,37,1,18,85,50,75
50,23,36,0,18,80,50,77
50,24,3,0,33,80,45,77
50,25,42,0,25,80,45,87
50,26,25,0,25,75,55,87
50,27,28,0,15,75,65,87
50,28,12,1,20,75,65,87
50,29,1,0,30,75,50,87
50,30,17,0,10,85,50,87
50,31,15,0,30,80,50,87
50,32,6,0,40,80,45,87
50,33,8,1,30,80,45,92
50,34,21,0,25,80,60,92
50,35,47,1,25,80,60,107
50,36,22,0,20,80,65,107
50,37,41,1,25,70,65,107
50,38,38,1,30,70,65,107
50,39,10,0,25,75,65,107
50,40,9,0,20,75,65,112
50,41,43,0,40,75,55,112
50,42,37,1,50,75,55,112
50,43,13,1,55,80,55,112
50,44,44,1,60,80,55,112
50,45,8,0,60,85,45,112
50,46,20,1,60,90,30,112
50,47,18,1,70,90,30,112
50,48,1,0,80,90,15,112
50,49,26,1,90,90,10,112
50,50,37,1,100,90,10,112
50,51,36,0,100,85,10,114
50,52,7,0,85,90,10,114
50,53,2,0,75,90,15,114
50,54,42,0,67,90,15,124
50,55,23,0,62,80,15,129
50,56,20,0,57,80,30,129
50,57,11,0,52,80,30,131
50,58,36,0,52,75,30,133
50,59,25,1,52,80,20,133
50,60,36,1,52,85,20,128
50,61,1,0,62,85,5,128
50,62,1,1,54,85,10,128
50,63,9,1,59,85,10,128
50,64,17,1,44,85,20,128
50,65,1,1,36,85,25,128
50,66,38,1,41,85,25,128
50,67,22,1,41,90,15,128
50,68,1,0,51,90,0,128
50,69,2,1,56,90,-10,128
50,70,15,1,56,95,-10,128
50,71,9,0,51,95,-10,133
50,72,15,1,51,100,-10,133
50,73,22,0,46,100,-5,133
50,74,13,0,46,100,-5,138
50,75,16,1,46,100,-15,138
50,76,6,1,38,100,-15,143
50,77,13,1,43,105,-15,143
50,78,41,1,48,95,-15,143
50,79,36,1,48,100,-15,138
50,80,16,0,38,105,-15,138
50,81,5,0,33,105,-10,138
50,82,41,1,38,95,-10,138
50,83,9,0,33,95,-10,143
50,84,11,1,38,95,-10,143
50,85,23,1,48,95,-15,143
50,86,3,1,41,95,-15,148
50,87,21,0,36,95,0,148
50,88,39,0,29,100,0,148
50,89,26,1,39,100,-5,148
50,90,45,1,39,105,-5,148
50,91,42,1,39,110,-5,148
50,92,12,0,34,120,-5,148
50,93,30,0,34,120,-15,158
50,94,1,1,26,120,-10,158
50,95,15,1,26,125,-10,158
50,96,44,0,26,125,0,163
50,97,18,0,1,125,0,173
50,98,22,0,-4,125,5,173
50,99,23,0,-9,115,5,178
51,0,46,1,55,50,50,45
51,1,8,0,55,55,40,45
51,2,14,1,55,60,40,45
51,3,44,1,60,60,40,45
51,4,18,1,70,60,40,45
51,5,9,0,65,60,40,50
51,6,12,0,60,70,40,50
51,7,10,1,80,70,30,50
51,8,15,0,100,65,30,50
51,9,36,1,100,70,30,45
51,10,2,0,90,70,35,45
51,11,27,1,90,75,30,45
51,12,26,1,100,75,25,45
51,13,47,0,125,75,25,45
51,14,42,0,117,75,25,55
51,15,27,0,127,60,25,55
51,16,18,1,137,60,25,55
51,17,21,0,132,60,40,55
51,18,25,1,132,65,30,55
51,19,37,1,142,65,30,55
51,20,20,0,137,65,45,55
51,21,8,0,137,70,35,55
51,22,25,0,137,65,45,55
51,23,27,1,137,70,40,55
51,24,6,0,147,70,35,55
51,25,44,1,152,70,35,55
51,26,13,0,152,70,35,60
51,27,16,1,152,70,25,60
51,28,37,1,162,70,25,60
51,29,12,0,157,80,25,60
51,30,16,1,157,80,15,60
51,31,15,1,157,85,15,60
51,32,23,0,152,75,15,65
51,33,13,0,152,75,15,70
51,34,5,1,157,75,5,70
51,35,15,0,177,70,5,70
51,36,43,1,177,70,10,55
51,37,8,0,177,75,0,55
51,38,11,0,172,75,0,57
51,39,41,0,162,85,0,57
51,40,2,0,152,85,5,57
51,41,4,0,137,90,5,57
51,42,41,1,142,80,5,57
51,43,22,1,142,85,-5,57
51,44,29,0,132,85,0,57
51,45,25,0,132,80,10,57
51,46,40,1,132,70,20,57
51,47,28,1,142,70,20,57
51,48,11,1,147,70,20,57
51,49,12,1,152,70,20,57
51,50,16,1,152,70,10,57
51,51,36,1,152,75,10,52
51,52,37,0,140,85,10,52
51,53,2,0,130,85,15,52
51,54,44,1,135,85,15,52
51,55,5,0,130,85,20,52
51,56,21,0,125,85,35,52
51,57,9,0,120,85,35,57
51,58,26,0,115,85,35,62
51,59,28,0,105,85,45,62
51,60,45,1,105,90,45,62
51,61,47,0,130,90,45,62
51,62,9,0,125,90,45,67
51,63,14,1,125,95,45,67
51,64,37,0,113,105,45,67
51,65,36,0,113,100,45,69
51,66,12,1,118,100,45,69
51,67,25,1,118,105,35,69
51,68,38,0,113,110,35,69
51,69,46,1,118,110,35,64
51,70,10,1,138,110,25,64
51,71,7,1,143,110,25,59
51,72,23,0,138,100,25,64
51,73,13,0,138,100,25,69
51,74,2,1,143,100,15,69
51,75,29,1,143,115,-5,69
51,76,13,1,148,120,-5,69
51,77,1,1,140,120,0,69
51,78,8,1,130,120,0,74
51,79,13,1,135,125,0,74
51,80,38,1,140,125,0,74
51,81,16,1,140,125,-10,74
51,82,16,0,130,130,-10,74
51,83,26,0,125,130,-10,79
51,84,7,1,130,130,-10,74
51,85,12,1,135,130,-10,74
51,86,14,0,135,130,-10,79
51,87,43,1,135,130,-5,64
51,88,14,0,135,130,-5,69
51,89,2,0,125,130,0,69
51,90,42,0,117,130,0,79
51,91,19,0,97,130,10,89
51,92,25,0,97,125,20,89
51,93,1,0,107,125,5,89
51,94,45,1,107,130,5,89
51,95,6,0,117,130,0,89
51,96,1,0,127,130,-15,89
51,97,6,0,137,130,-20,89
51,98,41,0,127,140,-20,89
51,99,25,0,127,135,-10,89
52,0,4,1,60,50,50,45
52,1,30,0,60,50,40,55
52,2,16,0,50,55,40,55
52,3,20,1,50,60,25,55
52,4,24,1,55,60,25,55
52,5,15,0,75,55,25,55
52,6,7,0,60,60,25,55
52,7,26,1,70,60,20,55
52,8,14,0,70,60,20,60
52,9,2,1,75,60,10,60
52,10,48,1,75,65,10,50
52,11,7,1,80,65,10,45
52,12,22,0,75,65,15,45
52,13,15,1,75,70,15,45
52,14,10,0,70,75,15,45
52,15,38,1,75,75,15,45
52,16,43,0,95,75,5,45
52,17,26,1,105,75,0,45
52,18,16,0,95,80,0,45
52,19,38,0,90,85,0,45
52,20,39,0,83,90,0,45
52,21,28,1,93,90,0,45
52,22,2,0,83,90,5,45
52,23,37,1,93,90,5,45
52,24,9,1,98,90,5,45
52,25,17,1,83,90,15,45
52,26,17,1,68,90,25,45
52,27,5,1,73,90,15,45
52,28,3,0,88,90,10,45
52,29,36,0,88,85,10,47
52,30,14,0,88,85,10,52
52,31,46,0,81,85,10,57
52,32,41,0,71,95,10,57
52,33,46,1,76,95,10,52
52,34,37,0,64,105,10,52
52,35,41,0,54,115,10,52
52,36,14,0,54,115,10,57
52,37,36,1,54,120,10,52
52,38,20,1,54,125,-5,52
52,39,3,1,47,125,-5,57
52,40,17,1,32,125,5,57
52,41,16,0,22,130,5,57
52,42,3,1,15,130,5,62
52,43,28,0,5,130,15,62
52,44,12,0,0,140,15,62
52,45,26,0,-5,140,15,67
52,46,44,1,0,140,15,67
52,47,23,0,-5,130,15,72
52,48,23,0,-10,120,15,77
52,49,26,0,-15,120,15,82
52,50,10,0,-20,125,15,82
52,51,16,0,-30,130,15,82
52,52,45,1,-30,135,15,82
52,53,29,1,-30,150,-5,82
52,54,11,1,-25,150,-5,82
52,55,11,1,-20,150,-5,82
52,56,4,1,-10,150,-5,77
52,57,46,0,-17,150,-5,82
52,58,23,0,-22,140,-5,87
52,59,9,0,-27,140,-5,92
52,60,39,0,-34,145,-5,92
52,61,39,0,-41,150,-5,92
52,62,37,0,-53,160,-5,92
52,63,23,0,-58,150,-5,97
52,64,16,1,-58,150,-15,97
52,65,20,1,-58,155,-30,97
52,66,8,1,-68,155,-30,102
52,67,4,0,-83,160,-30,102
52,68,10,1,-63,160,-40,102
52,69,26,0,-68,160,-40,107
52,70,39,1,-63,160,-40,102
52,71,11,0,-68,160,-40,104
52,72,12,1,-63,160,-40,104
52,73,9,1,-58,160,-40,104
52,74,42,0,-66,160,-40,114
52,75,42,0,-74,160,-40,124
52,76,40,0,-74,170,-50,124
52,77,1,1,-82,170,-45,124
52,78,9,0,-87,170,-45,129
52,79,17,0,-107,180,-45,129
52,80,16,1,-107,180,-55,129
52,81,9,1,-102,180,-55,129
52,82,1,1,-110,180,-50,129
52,83,46,0,-117,180,-50,134
52,84,41,1,-112,170,-50,134
52,85,41,0,-122,180,-50,134
52,86,37,1,-112,180,-50,134
52,87,2,0,-122,180,-45,134
52,88,45,0,-122,180,-45,139
52,89,16,0,-132,185,-45,139
52,90,4,1,-122,185,-45,134
52,91,41,0,-132,195,-45,134
52,92,2,1,-127,195,-55,134
52,93,20,1,-127,200,-70,134
52,94,26,0,-132,200,-70,139
52,95,26,0,-137,200,-70,144
52,96,23,0,-142,190,-70,149
52,97,3,0,-127,190,-75,149
52,98,7,1,-122,190,-75,144
52,99,17,0,-142,200,-75,144
53,0,42,0,42,50,50,60
53,1,12,0,37,60,50,60
53,2,1,0,47,60,35,60
53,3,8,1,37,60,35,65
53,4,14,0,37,60,35,70
53,5,12,0,32,70,35,70
53,6,4,1,42,70,35,65
53,7,27,0,52,55,35,65
53,8,16,1,52,55,25,65
53,9,10,1,72,55,15,65
53,10,7,1,77,55,15,60
53,11,44,0,77,55,25,65
53,12,15,1,77,60,25,65
53,13,24,1,82,60,25,65
53,14,2,1,87,60,15,65
53,15,17,1,72,60,25,65
53,16,24,0,67,60,30,65
53,17,2,0,57,60,35,65
53,18,14,0,57,60,35,70
53,19,46,0,50,60,35,75
53,20,24,1,55,60,35,75
53,21,11,0,50,60,35,77
53,22,10,1,70,60,25,77
53,23,26,0,65,60,25,82
53,24,46,1,70,60,25,77
53,25,2,0,60,60,30,77
53,26,12,1,65,60,30,77
53,27,20,0,60,60,45,77
53,28,22,1,60,65,35,77
53,29,45,1,60,70,35,77
53,30,22,0,55,70,40,77
53,31,40,1,55,60,50,77
53,32,41,0,45,70,50,77
53,33,18,1,55,70,50,77
53,34,29,1,55,85,30,77
53,35,24,0,50,85,35,77
53,36,41,0,40,95,35,77
53,37,9,1,45,95,35,77
53,38,26,1,55,95,30,77
53,39,4,1,65,95,30,72
53,40,36,0,65,90,30,74
53,41,6,0,75,90,25,74
53,42,5,0,70,90,30,74
53,43,24,1,75,90,30,74
53,44,9,0,70,90,30,79
53,45,20,1,70,95,15,79
53,46,28,0,60,95,25,79
53,47,2,0,50,95,30,79
53,48,38,0,45,100,30,79
53,49,41,0,35,110,30,79
53,50,45,1,35,115,30,79
53,51,37,1,45,115,30,79
53,52,37,0,33,125,30,79
53,53,10,0,28,130,30,79
53,54,28,0,18,130,40,79
53,55,19,0,-2,130,50,89
53,56,22,1,-2,135,40,89
53,57,16,1,-2,135,30,89
53,58,15,0,18,130,30,89
53,59,2,1,23,130,20,89
53,60,3,0,38,130,15,89
53,61,23,1,48,130,10,89
53,62,25,1,48,135,0,89
53,63,4,0,33,140,0,89
53,64,11,1,38,140,0,89
53,65,44,1,43,140,0,89
53,66,36,0,43,135,0,91
53,67,38,1,48,135,0,91
53,68,8,0,48,140,-10,91
53,69,43,0,68,140,-20,91
53,70,5,1,73,140,-30,91
53,71,14,0,73,140,-30,96
53,72,20,1,73,145,-45,96
53,73,26,1,83,145,-50,96
53,74,3,1,76,145,-50,101
53,75,2,0,66,145,-45,101
53,76,38,0,61,150,-45,101
53,77,45,1,61,155,-45,101
53,78,3,1,54,155,-45,106
53,79,10,0,49,160,-45,106
53,80,45,1,49,165,-45,106
53,81,48,0,39,165,-45,111
53,82,9,1,44,165,-45,111
53,83,24,1,49,165,-45,111
53,84,15,0,69,160,-45,111
53,85,4,0,54,165,-45,111
53,86,23,0,49,155,-45,116
53,87,23,0,44,145,-45,121
53,88,28,1,54,145,-45,121
53,89,45,1,54,150,-45,121
53,90,8,1,44,150,-45,126
53,91,10,1,64,150,-55,126
53,92,5,0,59,150,-50,126
53,93,41,1,64,140,-50,126
53,94,9,0,59,140,-50,131
53,95,11,1,64,140,-50,131
53,96,45,1,64,145,-50,131
53,97,45,1,64,150,-50,131
53,98,41,0,54,160,-50,131
53,99,4,1,64,160,-50,126
54,0,12,0,45,60,50,50
54,1,4,0,30,65,50,50
54,2,40,1,30,55,60,50
54,3,39,1,35,55,60,45
54,4,12,0,30,65,60,45
54,5,22,0,25,65,65,45
54,6,15,1,25,70,65,45
54,7,2,1,30,70,55,45
54,8,14,0,30,70,55,50
54,9,9,0,25,70,55,55
54,10,15,0,45,65,55,55
54,11,22,1,45,70,45,55
54,12,20,1,45,75,30,55
54,13,17,1,30,75,40,55
54,14,14,1,30,80,40,55
54,15,26,0,25,80,40,60
54,16,39,1,30,80,40,55
54,17,27,0,40,65,40,55
54,18,41,1,45,55,40,55
54,19,25,1,45,60,30,55
54,20,46,1,50,60,30,50
54,21,45,0,50,60,30,55
54,22,45,0,50,60,30,60
54,23,15,0,70,55,30,60
54,24,24,0,65,55,35,60
54,25,38,0,60,60,35,60
54,26,45,1,60,65,35,60
54,27,16,1,60,65,25,60
54,28,11,1,65,65,25,60
54,29,8,1,55,65,25,65
54,30,14,0,55,65,25,70
54,31,24,0,50,65,30,70
54,32,1,1,42,65,35,70
54,33,12,1,47,65,35,70
54,34,8,0,47,70,25,70
54,35,41,0,37,80,25,70
54,36,1,1,29,80,30,70
54,37,9,1,34,80,30,70
54,38,3,0,49,80,25,70
54,39,41,0,39,90,25,70
54,40,6,1,31,90,25,75
54,41,11,0,26,90,25,77
54,42,14,1,26,95,25,77
54,43,15,0,46,90,25,77
54,44,6,0,56,90,20,77
54,45,16,1,56,90,10,77
54,46,14,0,56,90,10,82
54,47,20,1,56,95,-5,82
54,48,10,1,76,95,-15,82
54,49,39,1,81,95,-15,77
54,50,16,0,71,100,-15,77
54,51,30,0,71,100,-25,87
54,52,23,0,66,90,-25,92
54,53,16,0,56,95,-25,92
54,54,10,1,76,95,-35,92
54,55,28,1,86,95,-35,92
54,56,25,0,86,90,-25,92
54,57,25,1,86,95,-35,92
54,58,27,1,86,100,-40,92
54,59,9,0,81,100,-40,97
54,60,1,1,73,100,-35,97
54,61,4,1,83,100,-35,92
54,62,10,1,103,100,-45,92
54,63,17,0,83,110,-45,92
54,64,22,0,78,110,-40,92
54,65,14,1,78,115,-40,92
54,66,13,1,83,120,-40,92
54,67,12,0,78,130,-40,92
54,68,24,0,73,130,-35,92
54,69,11,0,68,130,-35,94
54,70,13,1,73,135,-35,94
54,71,14,0,73,135,-35,99
54,72,22,1,73,140,-45,99
54,73,4,0,58,145,-45,99
54,74,28,1,68,145,-45,99
54,75,24,0,63,145,-40,99
54,76,25,0,63,140,-30,99
54,77,45,1,63,145,-30,99
54,78,10,0,58,150,-30,99
54,79,30,0,58,150,-40,109
54,80,12,0,53,160,-40,109
54,81,4,1,63,160,-40,104
54,82,41,1,68,150,-40,104
54,83,3,0,83,150,-45,104
54,84,48,1,83,155,-45,94
54,85,39,1,88,155,-45,89
54,86,38,1,93,155,-45,89
54,87,14,1,93,160,-45,89
54,88,8,0,93,165,-55,89
54,89,41,1,98,155,-55,89
54,90,25,0,98,150,-45,89
54,91,22,1,98,155,-55,89
54,92,25,0,98,150,-45,89
54,93,44,1,103,150,-45,89
54,94,11,0,98,150,-45,91
54,95,8,1,88,150,-45,96
54,96,29,1,88,165,-65,96
54,97,36,0,88,160,-65,98
54,98,6,1,80,160,-65,103
54,99,24,0,75,160,-60,103
55,0,6,1,42,50,50,55
55,1,36,1,42,55,50,50
55,2,22,0,37,55,55,50
55,3,23,1,47,55,50,50
55,4,11,0,42,55,50,52
55,5,17,0,22,65,50,52
55,6,42,0,14,65,50,62
55,7,6,1,6,65,50,67
55,8,25,1,6,70,40,67
55,9,9,1,11,70,40,67
55,10,37,0,-1,80,40,67
55,11,23,1,9,80,35,67
55,12,3,0,24,80,30,67
55,13,20,0,19,80,45,67
55,14,13,1,24,85,45,67
55,15,41,0,14,95,45,67
55,16,40,0,14,105,35,67
55,17,42,0,6,105,35,77
55,18,47,1,6,105,35,92
55,19,44,1,11,105,35,92
55,20,12,0,6,115,35,92
55,21,27,0,16,100,35,92
55,22,42,1,16,105,35,92
55,23,3,1,9,105,35,97
55,24,1,0,19,105,20,97
55,25,41,1,24,95,20,97
55,26,7,0,9,100,20,97
55,27,11,0,4,100,20,99
55,28,28,1,14,100,20,99
55,29,7,0,-1,105,20,99
55,30,17,0,-21,115,20,99
55,31,23,1,-11,115,15,99
55,32,7,0,-26,120,15,99
55,33,16,0,-36,125,15,99
55,34,24,1,-31,125,15,99
55,35,11,1,-26,125,15,99
55,36,21,0,-31,125,30,99
55,37,41,0,-41,135,30,99
55,38,39,0,-48,140,30,99
55,39,6,1,-56,140,30,104
55,40,12,0,-61,150,30,104
55,41,43,0,-41,150,20,104
55,42,24,0,-46,150,25,104
55,43,23,1,-36,150,20,104
55,44,26,0,-41,150,20,109
55,45,21,0,-46,150,35,109
55,46,5,1,-41,150,25,109
55,47,9,0,-46,150,25,114
55,48,41,1,-41,140,25,114
55,49,25,0,-41,135,35,114
55,50,9,1,-36,135,35,114
55,51,12,1,-31,135,35,114
55,52,25,1,-31,140,25,114
55,53,26,1,-21,140,20,114
55,54,2,0,-31,140,25,114
55,55,3,1,-38,140,25,119
55,56,2,0,-48,140,30,119
55,57,7,1,-43,140,30,114
55,58,15,1,-43,145,30,114
55,59,2,1,-38,145,20,114
55,60,37,1,-28,145,20,114
55,61,26,0,-33,145,20,119
55,62,29,1,-33,160,0,119
55,63,30,0,-33,160,-10,129
55,64,41,1,-28,150,-10,129
55,65,9,0,-33,150,-10,134
55,66,11,0,-38,150,-10,136
55,67,5,0,-43,150,-5,136
55,68,4,1,-33,150,-5,131
55,69,10,1,-13,150,-15,131
55,70,27,0,-3,135,-15,131
55,71,22,1,-3,140,-25,131
55,72,12,0,-8,150,-25,131
55,73,11,1,-3,150,-25,131
55,74,13,0,-3,150,-25,136
55,75,45,0,-3,150,-25,141
55,76,16,1,-3,150,-35,141
55,77,30,0,-3,150,-45,151
55,78,1,0,7,150,-60,151
55,79,1,0,17,150,-75,151
55,80,23,0,12,140,-75,156
55,81,26,0,7,140,-75,161
55,82,6,1,-1,140,-75,166
55,83,20,0,-6,140,-60,166
55,84,25,1,-6,145,-70,166
55,85,22,1,-6,150,-80,166
55,86,24,1,-1,150,-80,166
55,87,14,0,-1,150,-80,171
55,88,24,1,4,150,-80,171
55,89,1,0,14,150,-95,171
55,90,4,0,-1,155,-95,171
55,91,27,1,-1,160,-100,171
55,92,21,0,-6,160,-85,171
55,93,20,0,-11,160,-70,171
55,94,13,1,-6,165,-70,171
55,95,21,1,-6,170,-85,171
55,96,48,0,-16,170,-85,176
55,97,41,0,-26,180,-85,176
55,98,15,0,-6,175,-85,176
55,99,46,0,-13,175,-85,181
56,0,13,1,55,55,50,50
56,1,27,0,65,40,50,50
56,2,39,1,70,40,50,45
56,3,14,1,70,45,50,45
56,4,43,1,70,45,55,30
56,5,23,1,80,45,50,30
56,6,23,0,75,35,50,35
56,7,4,1,85,35,50,30
56,8,25,0,85,30,60,30
56,9,2,0,75,30,65,30
56,10,28,0,65,30,75,30
56,11,14,0,65,30,75,35
56,12,1,0,75,30,60,35
56,13,21,0,70,30,75,35
56,14,45,1,70,35,75,35
56,15,48,0,60,35,75,40
56,16,9,0,55,35,75,45
56,17,1,1,47,35,80,45
56,18,29,1,47,50,60,45
56,19,7,1,52,50,60,40
56,20,4,0,37,55,60,40
56,21,36,1,37,60,60,35
56,22,25,0,37,55,70,35
56,23,10,0,32,60,70,35
56,24,24,1,37,60,70,35
56,25,27,1,37,65,65,35
56,26,3,1,30,65,65,40
56,27,2,0,20,65,70,40
56,28,19,1,35,65,70,40
56,29,5,1,40,65,60,40
56,30,13,1,45,70,60,40
56,31,38,1,50,70,60,40
56,32,4,0,35,75,60,40
56,33,43,0,55,75,50,40
56,34,7,1,60,75,50,35
56,35,16,0,50,80,50,35
56,36,25,1,50,85,40,35
56,37,40,1,50,75,50,35
56,38,36,1,50,80,50,30
56,39,18,0,25,80,50,40
56,40,22,0,20,80,55,40
56,41,42,0,12,80,55,50
56,42,47,0,37,80,55,50
56,43,22,0,32,80,60,50
56,44,41,1,37,70,60,50
56,45,16,1,37,70,50,50
56,46,5,0,32,70,55,50
56,47,20,0,27,70,70,50
56,48,41,1,32,60,70,50
56,49,15,1,32,65,70,50
56,50,25,1,32,70,60,50
56,51,5,1,37,70,50,50
56,52,13,1,42,75,50,50
56,53,2,0,32,75,55,50
56,54,46,0,25,75,55,55
56,55,48,0,15,75,55,60
56,56,5,1,20,75,45,60
56,57,29,1,20,90,25,60
56,58,37,1,30,90,25,60
56,59,20,1,30,95,10,60
56,60,11,1,35,95,10,60
56,61,14,0,35,95,10,65
56,62,5,0,30,95,15,65
56,63,13,1,35,100,15,65
56,64,5,0,30,100,20,65
56,65,41,0,20,110,20,65
56,66,22,1,20,115,10,65
56,67,9,0,15,115,10,70
56,68,26,1,25,115,5,70
56,69,10,0,20,120,5,70
56,70,8,1,10,120,5,75
56,71,43,0,30,120,-5,75
56,72,2,0,20,120,0,75
56,73,10,1,40,120,-10,75
56,74,4,1,50,120,-10,70
56,75,11,0,45,120,-10,72
56,76,39,1,50,120,-10,67
56,77,2,1,55,120,-20,67
56,78,26,0,50,120,-20,72
56,79,40,1,50,110,-10,72
56,80,5,0,45,110,-5,72
56,81,19,0,25,110,5,82
56,82,10,1,45,110,-5,82
56,83,40,1,45,100,5,82
56,84,21,0,40,100,20,82
56,85,14,1,40,105,20,82
56,86,36,1,40,110,20,77
56,87,4,0,25,115,20,77
56,88,41,1,30,105,20,77
56,89,37,0,18,115,20,77
56,90,38,0,13,120,20,77
56,91,6,1,5,120,20,82
56,92,36,1,5,125,20,77
56,93,10,0,0,130,20,77
56,94,1,1,-8,130,25,77
56,95,36,0,-8,125,25,79
56,96,41,1,-3,115,25,79
56,97,46,1,2,115,25,74
56,98,6,1,-6,115,25,79
56,99,4,0,-21,120,25,79
57,0,16,0,40,55,50,50
57,1,18,0,15,55,50,60
57,2,44,0,15,55,60,65
57,3,19,0,-5,55,70,75
57,4,40,0,-5,65,60,75
57,5,23,0,-10,55,60,80
57,6,21,0,-15,55,75,80
57,7,9,1,-10,55,75,80
57,8,6,0,0,55,70,80
57,9,1,0,10,55,55,80
57,10,11,1,15,55,55,80
57,11,22,0,10,55,60,80
57,12,41,0,0,65,60,80
57,13,1,0,10,65,45,80
57,14,44,0,10,65,55,85
57,15,9,1,15,65,55,85
57,16,6,0,25,65,50,85
57,17,45,1,25,70,50,85
57,18,25,1,25,75,40,85
57,19,19,0,5,75,50,95
57,20,12,0,0,85,50,95
57,21,5,0,-5,85,55,95
57,22,13,0,-5,85,55,100
57,23,9,1,0,85,55,100
57,24,10,1,20,85,45,100
57,25,12,1,25,85,45,100
57,26,9,1,30,85,45,100
57,27,11,0,25,85,45,102
57,28,37,1,35,85,45,102
57,29,7,1,40,85,45,97
57,30,43,1,40,85,50,82
57,31,3,1,33,85,50,87
57,32,30,0,33,85,40,97
57,33,41,0,23,95,40,97
57,34,41,1,28,85,40,97
57,35,5,1,33,85,30,97
57,36,5,1,38,85,20,97
57,37,37,1,48,85,20,97
57,38,19,0,28,85,30,107
57,39,22,0,23,85,35,107
57,40,38,0,18,90,35,107
57,41,23,0,13,80,35,112
57,42,48,0,3,80,35,117
57,43,6,1,-5,80,35,122
57,44,12,1,0,80,35,122
57,45,12,1,5,80,35,122
57,46,2,1,10,80,25,122
57,47,19,1,25,80,25,122
57,48,24,1,30,80,25,122
57,49,9,1,35,80,25,122
57,50,40,1,35,70,35,122
57,51,2,1,40,70,25,122
57,52,5,0,35,70,30,122
57,53,4,1,45,70,30,117
57,54,40,1,45,60,40,117
57,55,28,0,35,60,50,117
57,56,5,0,30,60,55,117
57,57,20,0,25,60,70,117
57,58,5,0,20,60,75,117
57,59,4,1,30,60,75,112
57,60,44,0,30,60,85,117
57,61,38,0,25,65,85,117
57,62,22,1,25,70,75,117
57,63,37,1,35,70,75,117
57,64,2,1,40,70,65,117
57,65,19,0,20,70,75,127
57,66,16,0,10,75,75,127
57,67,9,0,5,75,75,132
57,68,5,1,10,75,65,132
57,69,17,0,-10,85,65,132
57,70,14,1,-10,90,65,132
57,71,16,0,-20,95,65,132
57,72,23,0,-25,85,65,137
57,73,14,1,-25,90,65,137
57,74,10,0,-30,95,65,137
57,75,17,1,-45,95,75,137
57,76,36,0,-45,90,75,139
57,77,8,0,-45,95,65,139
57,78,38,1,-40,95,65,139
57,79,4,0,-55,100,65,139
57,80,39,1,-50,100,65,134
57,81,6,1,-58,100,65,139
57,82,5,1,-53,100,55,139
57,83,14,0,-53,100,55,144
57,84,22,1,-53,105,45,144
57,85,16,0,-63,110,45,144
57,86,21,0,-68,110,60,144
57,87,3,0,-53,110,55,144
57,88,23,0,-58,100,55,149
57,89,6,0,-48,100,50,149
57,90,42,0,-56,100,50,159
57,91,7,0,-71,105,50,159
57,92,24,0,-76,105,55,159
57,93,41,0,-86,115,55,159
57,94,41,1,-81,105,55,159
57,95,15,0,-61,100,55,159
57,96,8,1,-71,100,55,164
57,97,3,0,-56,100,50,164
57,98,2,0,-66,100,55,164
57,99,11,0,-71,100,55,166
58,0,4,1,60,50,50,45
58,1,14,0,60,50,50,50
58,2,9,0,55,50,50,55
58,3,12,0,50,60,50,55
58,4,46,0,43,60,50,60
58,5,39,1,48,60,50,55
58,6,22,0,43,60,55,55
58,7,12,0,38,70,55,55
58,8,13,1,43,75,55,55
58,9,41,0,33,85,55,55
58,10,10,0,28,90,55,55
58,11,20,1,28,95,40,55
58,12,5,1,33,95,30,55
58,13,48,1,33,100,30,45
58,14,48,0,23,100,30,50
58,15,1,1,15,100,35,50
58,16,5,0,10,100,40,50
58,17,2,1,15,100,30,50
58,18,13,0,15,100,30,55
58,19,15,0,35,95,30,55
58,20,13,0,35,95,30,60
58,21,23,0,30,85,30,65
58,22,25,1,30,90,20,65
58,23,26,0,25,90,20,70
58,24,25,0,25,85,30,70
58,25,26,0,20,85,30,75
58,26,4,0,5,90,30,75
58,27,46,1,10,90,30,70
58,28,13,0,10,90,30,75
58,29,8,0,10,95,20,75
58,30,37,1,20,95,20,75
58,31,46,0,13,95,20,80
58,32,26,0,8,95,20,85
58,33,3,1,1,95,20,90
58,34,2,0,-9,95,25,90
58,35,36,0,-9,90,25,92
58,36,48,0,-19,90,25,97
58,37,27,0,-9,75,25,97
58,38,13,0,-9,75,25,102
58,39,11,1,-4,75,25,102
58,40,15,0,16,70,25,102
58,41,16,1,16,70,15,102
58,42,21,0,11,70,30,102
58,43,19,0,-9,70,40,112
58,44,5,1,-4,70,30,112
58,45,11,0,-9,70,30,114
58,46,44,1,-4,70,30,114
58,47,27,1,-4,75,25,114
58,48,4,0,-19,80,25,114
58,49,39,0,-26,85,25,114
58,50,27,0,-16,70,25,114
58,51,22,1,-16,75,15,114
58,52,4,0,-31,80,15,114
58,53,2,1,-26,80,5,114
58,54,40,0,-26,90,-5,114
58,55,6,0,-16,90,-10,114
58,56,22,0,-21,90,-5,114
58,57,15,0,-1,85,-5,114
58,58,10,1,19,85,-15,114
58,59,16,0,9,90,-15,114
58,60,21,1,9,95,-30,114
58,61,24,0,4,95,-25,114
58,62,41,0,-6,105,-25,114
58,63,11,0,-11,105,-25,116
58,64,11,0,-16,105,-25,118
58,65,19,0,-36,105,-15,128
58,66,9,1,-31,105,-15,128
58,67,37,1,-21,105,-15,128
58,68,16,0,-31,110,-15,128
58,69,30,1,-31,110,-5,128
58,70,14,0,-31,110,-5,133
58,71,47,0,-6,110,-5,133
58,72,26,1,4,110,-10,133
58,73,21,0,-1,110,5,133
58,74,19,1,14,110,5,133
58,75,38,1,19,110,5,133
58,76,5,0,14,110,10,133
58,77,42,1,14,115,10,133
58,78,11,1,19,115,10,133
58,79,36,1,19,120,10,128
58,80,13,0,19,120,10,133
58,81,27,0,29,105,10,133
58,82,14,0,29,105,10,138
58,83,30,1,29,105,20,138
58,84,24,0,24,105,25,138
58,85,19,0,4,105,35,148
58,86,14,1,4,110,35,148
58,87,13,1,9,115,35,148
58,88,46,1,14,115,35,143
58,89,15,0,34,110,35,143
58,90,45,0,34,110,35,148
58,91,40,1,34,100,45,148
58,92,40,1,34,90,55,148
58,93,17,1,19,90,65,148
58,94,23,0,14,80,65,153
58,95,10,1,34,80,55,153
58,96,47,1,34,80,55,168
58,97,44,0,34,80,65,173
58,98,16,0,24,85,65,173
58,99,16,1,24,85,55,173
59,0,41,1,55,40,50,50
59,1,39,1,60,40,50,45
59,2,17,1,45,40,60,45
59,3,14,0,45,40,60,50
59,4,45,0,45,40,60,55
59,5,2,0,35,40,65,55
59,6,23,1,45,40,60,55
59,7,9,0,40,40,60,60
59,8,47,1,40,40,60,75
59,9,11,1,45,40,60,75
59,10,15,1,45,45,60,75
59,11,40,1,45,35,70,75
59,12,5,1,50,35,60,75
59,13,27,0,60,20,60,75
59,14,46,0,53,20,60,80
59,15,22,1,53,25,50,80
59,16,22,0,48,25,55,80
59,17,4,0,33,30,55,80
59,18,15,1,33,35,55,80
59,19,48,1,33,40,55,70
59,20,25,0,33,35,65,70
59,21,22,0,28,35,70,70
59,22,5,1,33,35,60,70
59,23,2,0,23,35,65,70
59,24,42,1,23,40,65,70
59,25,13,0,23,40,65,75
59,26,25,0,23,35,75,75
59,27,7,0,8,40,75,75
59,28,11,1,13,40,75,75
59,29,44,0,13,40,85,80
59,30,17,1,-2,40,95,80
59,31,22,1,-2,45,85,80
59,32,2,1,3,45,75,80
59,33,16,1,3,45,65,80
59,34,1,0,13,45,50,80
59,35,9,1,18,45,50,80
59,36,39,1,23,45,50,75
59,37,40,0,23,55,40,75
59,38,2,1,28,55,30,75
59,39,13,1,33,60,30,75
59,40,3,0,48,60,25,75
59,41,44,1,53,60,25,75
59,42,5,0,48,60,30,75
59,43,27,0,58,45,30,75
59,44,15,0,78,40,30,75
59,45,20,1,78,45,15,75
59,46,2,0,68,45,20,75
59,47,3,0,83,45,15,75
59,48,40,1,83,35,25,75
59,49,1,0,93,35,10,75
59,50,21,0,88,35,25,75
59,51,25,1,88,40,15,75
59,52,22,1,88,45,5,75
59,53,42,0,80,45,5,85
59,54,23,1,90,45,0,85
59,55,10,1,110,45,-10,85
59,56,3,1,103,45,-10,90
59,57,11,1,108,45,-10,90
59,58,3,1,101,45,-10,95
59,59,1,1,93,45,-5,95
59,60,5,1,98,45,-15,95
59,61,14,1,98,50,-15,95
59,62,15,1,98,55,-15,95
59,63,5,0,93,55,-10,95
59,64,41,1,98,45,-10,95
59,65,5,1,103,45,-20,95
59,66,3,0,118,45,-25,95
59,67,48,0,108,45,-25,100
59,68,37,0,96,55,-25,100
59,69,22,1,96,60,-35,100
59,70,41,0,86,70,-35,100
59,71,25,0,86,65,-25,100
59,72,5,1,91,65,-35,100
59,73,19,1,106,65,-35,100
59,74,25,1,106,70,-45,100
59,75,23,0,101,60,-45,105
59,76,37,0,89,70,-45,105
59,77,28,1,99,70,-45,105
59,78,13,1,104,75,-45,105
59,79,10,1,124,75,-55,105
59,80,11,0,119,75,-55,107
59,81,41,0,109,85,-55,107
59,82,23,0,104,75,-55,112
59,83,23,1,114,75,-60,112
59,84,3,0,129,75,-65,112
59,85,12,0,124,85,-65,112
59,86,29,0,114,85,-60,112
59,87,22,1,114,90,-70,112
59,88,20,1,114,95,-85,112
59,89,36,1,114,100,-85,107
59,90,2,1,119,100,-95,107
59,91,27,0,129,85,-95,107
59,92,15,0,149,80,-95,107
59,93,9,1,154,80,-95,107
59,94,25,1,154,85,-105,107
59,95,26,1,164,85,-110,107
59,96,15,1,164,90,-110,107
59,97,14,1,164,95,-110,107
59,98,15,1,164,100,-110,107
59,99,14,1,164,105,-110,107
60,0,14,1,50,55,50,50
60,1,23,1,60,55,45,50
60,2,8,1,50,55,45,55
60,3,40,1,50,45,55,55
60,4,10,0,45,50,55,55
60,5,48,0,35,50,55,60
60,6,23,1,45,50,50,60
60,7,12,1,50,50,50,60
60,8,13,0,50,50,50,65
60,9,44,0,50,50,60,70
60,10,43,0,70,50,50,70
60,11,6,0,80,50,45,70
60,12,14,0,80,50,45,75
60,13,45,1,80,55,45,75
60,14,26,1,90,55,40,75
60,15,15,1,90,60,40,75
60,16,44,1,95,60,40,75
60,17,3,1,88,60,40,80
60,18,26,1,98,60,35,80
60,19,3,0,113,60,30,80
60,20,20,1,113,65,15,80
60,21,22,1,113,70,5,80
60,22,24,0,108,70,10,80
60,23,5,1,113,70,0,80
60,24,18,1,123,70,0,80
60,25,14,0,123,70,0,85
60,26,28,0,113,70,10,85
60,27,37,0,101,80,10,85
60,28,24,0,96,80,15,85
60,29,39,0,89,85,15,85
60,30,3,1,82,85,15,90
60,31,37,0,70,95,15,90
60,32,5,0,65,95,20,90
60,33,15,1,65,100,20,90
60,34,24,0,60,100,25,90
60,35,14,1,60,105,25,90
60,36,41,1,65,95,25,90
60,37,24,0,60,95,30,90
60,38,1,0,70,95,15,90
60,39,5,0,65,95,20,90
60,40,3,1,58,95,20,95
60,41,1,1,50,95,25,95
60,42,20,1,50,100,10,95
60,43,18,0,25,100,10,105
60,44,12,1,30,100,10,105
60,45,44,1,35,100,10,105
60,46,28,0,25,100,20,105
60,47,11,0,20,100,20,107
60,48,10,0,15,105,20,107
60,49,11,1,20,105,20,107
60,50,8,1,10,105,20,112
60,51,23,1,20,105,15,112
60,52,14,0,20,105,15,117
60,53,22,1,20,110,5,117
60,54,9,1,25,110,5,117
60,55,43,1,25,110,10,102
60,56,21,1,25,115,-5,102
60,57,26,1,35,115,-10,102
60,58,7,0,20,120,-10,102
60,59,14,0,20,120,-10,107
60,60,4,1,30,120,-10,102
60,61,12,0,25,130,-10,102
60,62,7,0,10,135,-10,102
60,63,13,0,10,135,-10,107
60,64,15,1,10,140,-10,107
60,65,10,0,5,145,-10,107
60,66,22,1,5,150,-20,107
60,67,16,0,-5,155,-20,107
60,68,6,0,5,155,-25,107
60,69,14,1,5,160,-25,107
60,70,3,1,-2,160,-25,112
60,71,16,0,-12,165,-25,112
60,72,36,1,-12,170,-25,107
60,73,23,0,-17,160,-25,112
60,74,16,0,-27,165,-25,112
60,75,10,1,-7,165,-35,112
60,76,24,0,-12,165,-30,112
60,77,21,0,-17,165,-15,112
60,78,44,1,-12,165,-15,112
60,79,8,1,-22,165,-15,117
60,80,16,0,-32,170,-15,117
60,81,27,0,-22,155,-15,117
60,82,23,1,-12,155,-20,117
60,83,4,1,-2,155,-20,112
60,84,21,1,-2,160,-35,112
60,85,15,1,-2,165,-35,112
60,86,7,0,-17,170,-35,112
60,87,22,1,-17,175,-45,112
60,88,36,0,-17,170,-45,114
60,89,12,0,-22,180,-45,114
60,90,41,1,-17,170,-45,114
60,91,2,1,-12,170,-55,114
60,92,15,1,-12,175,-55,114
60,93,11,0,-17,175,-55,116
60,94,19,1,-2,175,-55,116
60,95,5,1,3,175,-65,116
60,96,25,0,3,170,-55,116
60,97,12,1,8,170,-55,116
60,98,9,0,3,170,-55,121
60,99,40,1,3,160,-45,121
61,0,44,1,55,50,50,50
61,1,16,0,45,55,50,50
61,2,43,1,45,55,55,35
61,3,23,1,55,55,50,35
61,4,29,1,55,70,30,35
61,5,4,1,65,70,30,30
61,6,15,1,65,75,30,30
61,7,28,1,75,75,30,30
61,8,13,1,80,80,30,30
61,9,3,1,73,80,30,35
61,10,4,0,58,85,30,35
61,11,11,1,63,85,30,35
61,12,22,1,63,90,20,35
61,13,9,1,68,90,20,35
61,14,10,1,88,90,10,35
61,15,18,0,63,90,10,45
61,16,5,1,68,90,0,45
61,17,28,1,78,90,0,45
61,18,39,0,71,95,0,45
61,19,4,1,81,95,0,40
61,20,12,0,76,105,0,40
61,21,1,1,68,105,5,40
61,22,4,0,53,110,5,40
61,23,14,0,53,110,5,45
61,24,7,1,58,110,5,40
61,25,20,1,58,115,-10,40
61,26,42,1,58,120,-10,40
61,27,17,1,43,120,0,40
61,28,3,0,58,120,-5,40
61,29,27,0,68,105,-5,40
61,30,7,1,73,105,-5,35
61,31,9,1,78,105,-5,35
61,32,9,0,73,105,-5,40
61,33,22,1,73,110,-15,40
61,34,24,0,68,110,-10,40
61,35,46,1,73,110,-10,35
61,36,41,1,78,100,-10,35
61,37,41,0,68,110,-10,35
61,38,28,1,78,110,-10,35
61,39,3,1,71,110,-10,40
61,40,42,0,63,110,-10,50
61,41,44,0,63,110,0,55
61,42,16,0,53,115,0,55
61,43,1,0,63,115,-15,55
61,44,5,1,68,115,-25,55
61,45,14,0,68,115,-25,60
61,46,26,0,63,115,-25,65
61,47,9,1,68,115,-25,65
61,48,45,1,68,120,-25,65
61,49,11,1,73,120,-25,65
61,50,18,0,48,120,-25,75
61,51,37,0,36,130,-25,75
61,52,22,0,31,130,-20,75
61,53,44,1,36,130,-20,75
61,54,27,0,46,115,-20,75
61,55,26,1,56,115,-25,75
61,56,25,0,56,110,-15,75
61,57,11,1,61,110,-15,75
61,58,22,1,61,115,-25,75
61,59,3,1,54,115,-25,80
61,60,41,1,59,105,-25,80
61,61,22,0,54,105,-20,80
61,62,27,1,54,110,-25,80
61,63,4,0,39,115,-25,80
61,64,13,1,44,120,-25,80
61,65,15,1,44,125,-25,80
61,66,13,0,44,125,-25,85
61,67,41,0,34,135,-25,85
61,68,2,0,24,135,-20,85
61,69,23,1,34,135,-25,85
61,70,12,0,29,145,-25,85
61,71,42,0,21,145,-25,95
61,72,11,1,26,145,-25,95
61,73,26,1,36,145,-30,95
61,74,3,1,29,145,-30,100
61,75,26,1,39,145,-35,100
61,76,25,0,39,140,-25,100
61,77,45,1,39,145,-25,100
61,78,16,1,39,145,-35,100
61,79,7,1,44,145,-35,95
61,80,21,0,39,145,-20,95
61,81,23,1,49,145,-25,95
61,82,16,1,49,145,-35,95
61,83,25,0,49,140,-25,95
61,84,43,1,49,140,-20,80
61,85,4,0,34,145,-20,80
61,86,15,0,54,140,-20,80
61,87,46,0,47,140,-20,85
61,88,37,0,35,150,-20,85
61,89,26,1,45,150,-25,85
61,90,9,0,40,150,-25,90
61,91,22,1,40,155,-35,90
61,92,14,0,40,155,-35,95
61,93,9,1,45,155,-35,95
61,94,1,0,55,155,-50,95
61,95,30,0,55,155,-60,105
61,96,16,1,55,155,-70,105
61,97,22,0,50,155,-65,105
61,98,36,1,50,160,-65,100
61,99,16,0,40,165,-65,100
62,0,14,0,50,50,50,55
62,1,16,0,40,55,50,55
62,2,6,1,32,55,50,60
62,3,5,1,37,55,40,60
62,4,42,1,37,60,40,60
62,5,25,1,37,65,30,60
62,6,1,0,47,65,15,60
62,7,26,0,42,65,15,65
62,8,28,0,32,65,25,65
62,9,1,0,42,65,10,65
62,10,11,0,37,65,10,67
62,11,11,0,32,65,10,69
62,12,16,1,32,65,0,69
62,13,5,1,37,65,-10,69
62,14,40,1,37,55,0,69
62,15,13,1,42,60,0,69
62,16,25,1,42,65,-10,69
62,17,16,1,42,65,-20,69
62,18,39,0,35,70,-20,69
62,19,18,1,45,70,-20,69
62,20,2,0,35,70,-15,69
62,21,14,0,35,70,-15,74
62,22,39,0,28,75,-15,74
62,23,15,1,28,80,-15,74
62,24,12,1,33,80,-15,74
62,25,43,0,53,80,-25,74
62,26,21,1,53,85,-40,74
62,27,12,0,48,95,-40,74
62,28,21,1,48,100,-55,74
62,29,10,0,43,105,-55,74
62,30,11,0,38,105,-55,76
62,31,1,1,30,105,-50,76
62,32,2,0,20,105,-45,76
62,33,14,1,20,110,-45,76
62,34,47,0,45,110,-45,76
62,35,16,1,45,110,-55,76
62,36,2,0,35,110,-50,76
62,37,19,1,50,110,-50,76
62,38,23,1,60,110,-55,76
62,39,11,1,65,110,-55,76
62,40,24,0,60,110,-50,76
62,41,13,1,65,115,-50,76
62,42,45,0,65,115,-50,81
62,43,20,1,65,120,-65,81
62,44,8,0,65,125,-75,81
62,45,18,0,40,125,-75,91
62,46,40,0,40,135,-85,91
62,47,12,1,45,135,-85,91
62,48,8,1,35,135,-85,96
62,49,6,0,45,135,-90,96
62,50,4,1,55,135,-90,91
62,51,5,0,50,135,-85,91
62,52,1,1,42,135,-80,91
62,53,5,1,47,135,-90,91
62,54,11,1,52,135,-90,91
62,55,46,1,57,135,-90,86
62,56,43,0,77,135,-100,86
62,57,23,1,87,135,-105,86
62,58,10,0,82,140,-105,86
62,59,41,0,72,150,-105,86
62,60,2,1,77,150,-115,86
62,61,28,1,87,150,-115,86
62,62,36,0,87,145,-115,88
62,63,42,0,79,145,-115,98
62,64,13,0,79,145,-115,103
62,65,14,1,79,150,-115,103
62,66,4,0,64,155,-115,103
62,67,42,0,56,155,-115,113
62,68,20,1,56,160,-130,113
62,69,47,0,81,160,-130,113
62,70,12,0,76,170,-130,113
62,71,12,0,71,180,-130,113
62,72,15,1,71,185,-130,113
62,73,11,0,66,185,-130,115
62,74,30,1,66,185,-120,115
62,75,10,1,86,185,-130,115
62,76,44,1,91,185,-130,115
62,77,3,0,106,185,-135,115
62,78,4,1,116,185,-135,110
62,79,16,0,106,190,-135,110
62,80,10,1,126,190,-145,110
62,81,2,1,131,190,-155,110
62,82,22,0,126,190,-150,110
62,83,23,1,136,190,-155,110
62,84,45,0,136,190,-155,115
62,85,27,0,146,175,-155,115
62,86,14,0,146,175,-155,120
62,87,27,1,146,180,-160,120
62,88,25,0,146,175,-150,120
62,89,8,1,136,175,-150,125
62,90,28,0,126,175,-140,125
62,91,37,1,136,175,-140,125
62,92,37,0,124,185,-140,125
62,93,7,0,109,190,-140,125
62,94,1,0,119,190,-155,125
62,95,22,1,119,195,-165,125
62,96,42,1,119,200,-165,125
62,97,2,1,124,200,-175,125
62,98,38,0,119,205,-175,125
62,99,16,1,119,205,-185,125
63,0,20,0,45,50,65,50
63,1,1,0,55,50,50,50
63,2,26,0,50,50,50,55
63,3,36,0,50,45,50,57
63,4,20,0,45,45,65,57
63,5,1,1,37,45,70,57
63,6,22,1,37,50,60,57
63,7,4,1,47,50,60,52
63,8,6,0,57,50,55,52
63,9,1,0,67,50,40,52
63,10,16,0,57,55,40,52
63,11,15,1,57,60,40,52
63,12,10,0,52,65,40,52
63,13,23,1,62,65,35,52
63,14,4,0,47,70,35,52
63,15,1,1,39,70,40,52
63,16,20,1,39,75,25,52
63,17,12,0,34,85,25,52
63,18,36,1,34,90,25,47
63,19,21,1,34,95,10,47
63,20,12,1,39,95,10,47
63,21,7,0,24,100,10,47
63,22,8,0,24,105,0,47
63,23,16,1,24,105,-10,47
63,24,26,0,19,105,-10,52
63,25,23,1,29,105,-15,52
63,26,1,0,39,105,-30,52
63,27,13,1,44,110,-30,52
63,28,2,1,49,110,-40,52
63,29,41,0,39,120,-40,52
63,30,37,1,49,120,-40,52
63,31,4,1,59,120,-40,47
63,32,29,0,49,120,-35,47
63,33,44,0,49,120,-25,52
63,34,11,1,54,120,-25,52
63,35,5,0,49,120,-20,52
63,36,15,1,49,125,-20,52
63,37,6,1,41,125,-20,57
63,38,16,1,41,125,-30,57
63,39,22,1,41,130,-40,57
63,40,40,0,41,140,-50,57
63,41,10,0,36,145,-50,57
63,42,1,1,28,145,-45,57
63,43,7,1,33,145,-45,52
63,44,5,1,38,145,-55,52
63,45,15,0,58,140,-55,52
63,46,20,0,53,140,-40,52
63,47,41,1,58,130,-40,52
63,48,15,0,78,125,-40,52
63,49,11,0,73,125,-40,54
63,50,26,0,68,125,-40,59
63,51,13,0,68,125,-40,64
63,52,5,0,63,125,-35,64
63,53,17,0,43,135,-35,64
63,54,11,0,38,135,-35,66
63,55,26,0,33,135,-35,71
63,56,6,0,43,135,-40,71
63,57,21,1,43,140,-55,71
63,58,37,1,53,140,-55,71
63,59,41,0,43,150,-55,71
63,60,15,0,63,145,-55,71
63,61,39,0,56,150,-55,71
63,62,20,0,51,150,-40,71
63,63,39,1,56,150,-40,66
63,64,48,0,46,150,-40,71
63,65,23,0,41,140,-40,76
63,66,12,1,46,140,-40,76
63,67,40,0,46,150,-50,76
63,68,43,1,46,150,-45,61
63,69,22,1,46,155,-55,61
63,70,37,1,56,155,-55,61
63,71,2,0,46,155,-50,61
63,72,21,0,41,155,-35,61
63,73,9,0,36,155,-35,66
63,74,1,1,28,155,-30,66
63,75,14,1,28,160,-30,66
63,76,3,0,43,160,-35,66
63,77,13,0,43,160,-35,71
63,78,15,0,63,155,-35,71
63,79,22,0,58,155,-30,71
63,80,2,1,63,155,-40,71
63,81,2,0,53,155,-35,71
63,82,12,0,48,165,-35,71
63,83,22,0,43,165,-30,71
63,84,48,1,43,170,-30,61
63,85,28,1,53,170,-30,61
63,86,16,1,53,170,-40,61
63,87,12,0,48,180,-40,61
63,88,11,1,53,180,-40,61
63,89,13,0,53,180,-40,66
63,90,26,1,63,180,-45,66
63,91,11,0,58,180,-45,68
63,92,20,0,53,180,-30,68
63,93,28,0,43,180,-20,68
63,94,22,1,43,185,-30,68
63,95,43,1,43,185,-25,53
63,96,12,0,38,195,-25,53
63,97,2,0,28,195,-20,53
63,98,39,0,21,200,-20,53
63,99,4,0,6,205,-20,53
64,0,26,1,60,50,45,50
64,1,43,1,60,50,50,35
64,2,22,0,55,50,55,35
64,3,37,0,43,60,55,35
64,4,11,0,38,60,55,37
64,5,2,0,28,60,60,37
64,6,26,0,23,60,60,42
64,7,8,0,23,65,50,42
64,8,2,1,28,65,40,42
64,9,44,0,28,65,50,47
64,10,36,0,28,60,50,49
64,11,11,0,23,60,50,51
64,12,25,0,23,55,60,51
64,13,22,1,23,60,50,51
64,14,40,0,23,70,40,51
64,15,2,1,28,70,30,51
64,16,14,1,28,75,30,51
64,17,16,0,18,80,30,51
64,18,13,1,23,85,30,51
64,19,8,1,13,85,30,56
64,20,41,1,18,75,30,56
64,21,19,1,33,75,30,56
64,22,27,1,33,80,25,56
64,23,8,0,33,85,15,56
64,24,45,0,33,85,15,61
64,25,39,0,26,90,15,61
64,26,5,1,31,90,5,61
64,27,12,0,26,100,5,61
64,28,8,1,16,100,5,66
64,29,20,0,11,100,20,66
64,30,23,1,21,100,15,66
64,31,21,1,21,105,0,66
64,32,43,0,41,105,-10,66
64,33,3,0,56,105,-15,66
64,34,43,0,76,105,-25,66
64,35,15,1,76,110,-25,66
64,36,38,0,71,115,-25,66
64,37,40,1,71,105,-15,66
64,38,47,0,96,105,-15,66
64,39,43,0,116,105,-25,66
64,40,2,1,121,105,-35,66
64,41,41,1,126,95,-35,66
64,42,19,1,141,95,-35,66
64,43,41,1,146,85,-35,66
64,44,21,1,146,90,-50,66
64,45,25,1,146,95,-60,66
64,46,5,0,141,95,-55,66
64,47,25,1,141,100,-65,66
64,48,27,1,141,105,-70,66
64,49,37,0,129,115,-70,66
64,50,27,1,129,120,-75,66
64,51,2,0,119,120,-70,66
64,52,20,1,119,125,-85,66
64,53,16,1,119,125,-95,66
64,54,16,0,109,130,-95,66
64,55,9,0,104,130,-95,71
64,56,12,0,99,140,-95,71
64,57,4,0,84,145,-95,71
64,58,11,0,79,145,-95,73
64,59,36,0,79,140,-95,75
64,60,47,0,104,140,-95,75
64,61,18,1,114,140,-95,75
64,62,27,0,124,125,-95,75
64,63,48,0,114,125,-95,80
64,64,10,1,134,125,-105,80
64,65,1,1,126,125,-100,80
64,66,4,1,136,125,-100,75
64,67,28,1,146,125,-100,75
64,68,29,0,136,125,-95,75
64,69,4,0,121,130,-95,75
64,70,9,1,126,130,-95,75
64,71,25,1,126,135,-105,75
64,72,1,0,136,135,-120,75
64,73,29,0,126,135,-115,75
64,74,1,1,118,135,-110,75
64,75,36,1,118,140,-110,70
64,76,2,0,108,140,-105,70
64,77,28,0,98,140,-95,70
64,78,29,1,98,155,-115,70
64,79,25,1,98,160,-125,70
64,80,36,1,98,165,-125,65
64,81,15,0,118,160,-125,65
64,82,39,1,123,160,-125,60
64,83,28,1,133,160,-125,60
64,84,29,1,133,175,-145,60
64,85,13,0,133,175,-145,65
64,86,3,0,148,175,-150,65
64,87,40,0,148,185,-160,65
64,88,2,1,153,185,-170,65
64,89,21,0,148,185,-155,65
64,90,44,0,148,185,-145,70
64,91,13,1,153,190,-145,70
64,92,40,1,153,180,-135,70
64,93,4,0,138,185,-135,70
64,94,26,1,148,185,-140,70
64,95,23,1,158,185,-145,70
64,96,25,1,158,190,-155,70
64,97,1,1,150,190,-150,70
64,98,4,0,135,195,-150,70
64,99,21,0,130,195,-135,70
65,0,38,0,45,55,50,50
65,1,16,1,45,55,40,50
65,2,20,0,40,55,55,50
65,3,28,1,50,55,55,50
65,4,2,1,55,55,45,50
65,5,29,0,45,55,50,50
65,6,23,0,40,45,50,55
65,7,6,0,50,45,45,55
65,8,3,0,65,45,40,55
65,9,2,0,55,45,45,55
65,10,1,0,65,45,30,55
65,11,1,0,75,45,15,55
65,12,24,0,70,45,20,55
65,13,14,1,70,50,20,55
65,14,23,0,65,40,20,60
65,15,15,1,65,45,20,60
65,16,10,1,85,45,10,60
65,17,13,0,85,45,10,65
65,18,1,1,77,45,15,65
65,19,11,1,82,45,15,65
65,20,19,0,62,45,25,75
65,21,2,1,67,45,15,75
65,22,13,0,67,45,15,80
65,23,27,1,67,50,10,80
65,24,3,1,60,50,10,85
65,25,48,0,50,50,10,90
65,26,3,0,65,50,5,90
65,27,21,1,65,55,-10,90
65,28,10,0,60,60,-10,90
65,29,44,0,60,60,0,95
65,30,18,0,35,60,0,105
65,31,26,0,30,60,0,110
65,32,1,0,40,60,-15,110
65,33,25,0,40,55,-5,110
65,34,3,0,55,55,-10,110
65,35,1,1,47,55,-5,110
65,36,41,0,37,65,-5,110
65,37,15,0,57,60,-5,110
65,38,11,1,62,60,-5,110
65,39,26,0,57,60,-5,115
65,40,2,1,62,60,-15,115
65,41,46,1,67,60,-15,110
65,42,23,0,62,50,-15,115
65,43,18,0,37,50,-15,125
65,44,14,0,37,50,-15,130
65,45,10,0,32,55,-15,130
65,46,39,1,37,55,-15,125
65,47,18,0,12,55,-15,135
65,48,16,1,12,55,-25,135
65,49,46,0,5,55,-25,140
65,50,4,0,-10,60,-25,140
65,51,39,0,-17,65,-25,140
65,52,4,0,-32,70,-25,140
65,53,3,0,-17,70,-30,140
65,54,13,1,-12,75,-30,140
65,55,21,1,-12,80,-45,140
65,56,15,1,-12,85,-45,140
65,57,1,1,-20,85,-40,140
65,58,8,0,-20,90,-50,140
65,59,10,0,-25,95,-50,140
65,60,16,0,-35,100,-50,140
65,61,14,1,-35,105,-50,140
65,62,24,1,-30,105,-50,140
65,63,13,1,-25,110,-50,140
65,64,22,1,-25,115,-60,140
65,65,41,1,-20,105,-60,140
65,66,22,1,-20,110,-70,140
65,67,2,0,-30,110,-65,140
65,68,4,0,-45,115,-65,140
65,69,23,1,-35,115,-70,140
65,70,2,0,-45,115,-65,140
65,71,12,1,-40,115,-65,140
65,72,25,0,-40,110,-55,140
65,73,20,0,-45,110,-40,140
65,74,10,1,-25,110,-50,140
65,75,13,0,-25,110,-50,145
65,76,39,1,-20,110,-50,140
65,77,16,1,-20,110,-60,140
65,78,21,0,-25,110,-45,140
65,79,46,0,-32,110,-45,145
65,80,7,0,-47,115,-45,145
65,81,26,1,-37,115,-50,145
65,82,20,0,-42,115,-35,145
65,83,39,0,-49,120,-35,145
65,84,3,0,-34,120,-40,145
65,85,29,0,-44,120,-35,145
65,86,26,0,-49,120,-35,150
65,87,15,1,-49,125,-35,150
65,88,7,1,-44,125,-35,145
65,89,45,1,-44,130,-35,145
65,90,10,0,-49,135,-35,145
65,91,10,1,-29,135,-45,145
65,92,23,1,-19,135,-50,145
65,93,16,0,-29,140,-50,145
65,94,21,0,-34,140,-35,145
65,95,13,0,-34,140,-35,150
65,96,22,1,-34,145,-45,150
65,97,20,0,-39,145,-30,150
65,98,3,1,-46,145,-30,155
65,99,1,0,-36,145,-45,155
66,0,11,1,55,50,50,50
66,1,24,0,50,50,55,50
66,2,16,0,40,55,55,50
66,3,8,1,30,55,55,55
66,4,10,1,50,55,45,55
66,5,8,1,40,55,45,60
66,6,5,0,35,55,50,60
66,7,44,1,40,55,50,60
66,8,42,1,40,60,50,60
66,9,4,1,50,60,50,55
66,10,5,0,45,60,55,55
66,11,23,1,55,60,50,55
66,12,15,1,55,65,50,55
66,13,25,0,55,60,60,55
66,14,38,0,50,65,60,55
66,15,20,0,45,65,75,55
66,16,25,1,45,70,65,55
66,17,26,1,55,70,60,55
66,18,3,0,70,70,55,55
66,19,28,1,80,70,55,55
66,20,13,1,85,75,55,55
66,21,3,0,100,75,50,55
66,22,47,0,125,75,50,55
66,23,2,0,115,75,55,55
66,24,10,0,110,80,55,55
66,25,16,0,100,85,55,55
66,26,17,1,85,85,65,55
66,27,23,0,80,75,65,60
66,28,1,1,72,75,70,60
66,29,3,1,65,75,70,65
66,30,26,1,75,75,65,65
66,31,40,0,75,85,55,65
66,32,26,0,70,85,55,70
66,33,48,1,70,90,55,60
66,34,1,0,80,90,40,60
66,35,18,0,55,90,40,70
66,36,44,0,55,90,50,75
66,37,20,0,50,90,65,75
66,38,42,0,42,90,65,85
66,39,2,1,47,90,55,85
66,40,9,0,42,90,55,90
66,41,39,1,47,90,55,85
66,42,18,0,22,90,55,95
66,43,8,1,12,90,55,100
66,44,10,0,7,95,55,100
66,45,26,1,17,95,50,100
66,46,14,0,17,95,50,105
66,47,14,0,17,95,50,110
66,48,3,0,32,95,45,110
66,49,8,0,32,100,35,110
66,50,15,1,32,105,35,110
66,51,20,0,27,105,50,110
66,52,7,1,32,105,50,105
66,53,10,0,27,110,50,105
66,54,29,1,27,125,30,105
66,55,46,1,32,125,30,100
66,56,27,0,42,110,30,100
66,57,13,1,47,115,30,100
66,58,2,1,52,115,20,100
66,59,23,1,62,115,15,100
66,60,36,1,62,120,15,95
66,61,1,1,54,120,20,95
66,62,47,1,54,120,20,110
66,63,9,0,49,120,20,115
66,64,5,0,44,120,25,115
66,65,46,1,49,120,25,110
66,66,40,1,49,110,35,110
66,67,46,1,54,110,35,105
66,68,11,0,49,110,35,107
66,69,1,0,59,110,20,107
66,70,18,0,34,110,20,117
66,71,7,1,39,110,20,112
66,72,5,0,34,110,25,112
66,73,5,0,29,110,30,112
66,74,5,1,34,110,20,112
66,75,7,0,19,115,20,112
66,76,15,1,19,120,20,112
66,77,40,0,19,130,10,112
66,78,16,0,9,135,10,112
66,79,39,0,2,140,10,112
66,80,5,1,7,140,0,112
66,81,15,0,27,135,0,112
66,82,41,0,17,145,0,112
66,83,18,1,27,145,0,112
66,84,21,1,27,150,-15,112
66,85,41,1,32,140,-15,112
66,86,21,1,32,145,-30,112
66,87,13,0,32,145,-30,117
66,88,48,0,22,145,-30,122
66,89,14,1,22,150,-30,122
66,90,12,1,27,150,-30,122
66,91,19,0,7,150,-20,132
66,92,16,0,-3,155,-20,132
66,93,18,1,7,155,-20,132
66,94,13,0,7,155,-20,137
66,95,23,1,17,155,-25,137
66,96,42,1,17,160,-25,137
66,97,2,1,22,160,-35,137
66,98,15,0,42,155,-35,137
66,99,30,1,42,155,-25,137
67,0,19,1,65,50,50,50
67,1,9,0,60,50,50,55
67,2,48,1,60,55,50,45
67,3,19,0,40,55,60,55
67,4,20,1,40,60,45,55
67,5,3,1,33,60,45,60
67,6,16,0,23,65,45,60
67,7,12,0,18,75,45,60
67,8,23,1,28,75,40,60
67,9,14,0,28,75,40,65
67,10,6,1,20,75,40,70
67,11,37,1,30,75,40,70
67,12,20,0,25,75,55,70
67,13,28,1,35,75,55,70
67,14,12,1,40,75,55,70
67,15,5,0,35,75,60,70
67,16,37,0,23,85,60,70
67,17,30,0,23,85,50,80
67,18,2,0,13,85,55,80
67,19,18,0,-12,85,55,90
67,20,27,0,-2,70,55,90
67,21,30,0,-2,70,45,100
67,22,2,0,-12,70,50,100
67,23,13,1,-7,75,50,100
67,24,13,0,-7,75,50,105
67,25,19,0,-27,75,60,115
67,26,23,1,-17,75,55,115
67,27,27,1,-17,80,50,115
67,28,13,1,-12,85,50,115
67,29,15,0,8,80,50,115
67,30,21,0,3,80,65,115
67,31,16,0,-7,85,65,115
67,32,23,1,3,85,60,115
67,33,23,1,13,85,55,115
67,34,5,1,18,85,45,115
67,35,13,1,23,90,45,115
67,36,25,1,23,95,35,115
67,37,25,0,23,90,45,115
67,38,9,0,18,90,45,120
67,39,26,0,13,90,45,125
67,40,26,1,23,90,40,125
67,41,12,1,28,90,40,125
67,42,40,0,28,100,30,125
67,43,38,1,33,100,30,125
67,44,16,1,33,100,20,125
67,45,2,1,38,100,10,125
67,46,10,0,33,105,10,125
67,47,9,1,38,105,10,125
67,48,14,0,38,105,10,130
67,49,25,0,38,100,20,130
67,50,11,0,33,100,20,132
67,51,24,1,38,100,20,132
67,52,22,0,33,100,25,132
67,53,7,0,18,105,25,132
67,54,43,1,18,105,30,117
67,55,2,0,8,105,35,117
67,56,36,0,8,100,35,119
67,57,14,1,8,105,35,119
67,58,12,0,3,115,35,119
67,59,41,0,-7,125,35,119
67,60,7,0,-22,130,35,119
67,61,4,0,-37,135,35,119
67,62,15,0,-17,130,35,119
67,63,24,1,-12,130,35,119
67,64,1,1,-20,130,40,119
67,65,1,1,-28,130,45,119
67,66,44,0,-28,130,55,124
67,67,36,1,-28,135,55,119
67,68,40,1,-28,125,65,119
67,69,26,1,-18,125,60,119
67,70,9,0,-23,125,60,124
67,71,11,0,-28,125,60,126
67,72,9,1,-23,125,60,126
67,73,23,0,-28,115,60,131
67,74,2,0,-38,115,65,131
67,75,26,1,-28,115,60,131
67,76,14,0,-28,115,60,136
67,77,27,0,-18,100,60,136
67,78,46,0,-25,100,60,141
67,79,20,1,-25,105,45,141
67,80,16,1,-25,105,35,141
67,81,23,1,-15,105,30,141
67,82,23,1,-5,105,25,141
67,83,23,1,5,105,20,141
67,84,20,1,5,110,5,141
67,85,13,0,5,110,5,146
67,86,7,1,10,110,5,141
67,87,16,1,10,110,-5,141
67,88,18,0,-15,110,-5,151
67,89,14,0,-15,110,-5,156
67,90,25,1,-15,115,-15,156
67,91,9,0,-20,115,-15,161
67,92,7,0,-35,120,-15,161
67,93,3,0,-20,120,-20,161
67,94,44,0,-20,120,-10,166
67,95,38,1,-15,120,-10,166
67,96,11,0,-20,120,-10,168
67,97,3,1,-27,120,-10,173
67,98,26,0,-32,120,-10,178
67,99,44,0,-32,120,0,183
68,0,9,1,55,50,50,50
68,1,36,1,55,55,50,45
68,2,22,1,55,60,40,45
68,3,16,0,45,65,40,45
68,4,28,0,35,65,50,45
68,5,39,1,40,65,50,40
68,6,15,1,40,70,50,40
68,7,11,0,35,70,50,42
68,8,2,0,25,70,55,42
68,9,24,0,20,70,60,42
68,10,12,1,25,70,60,42
68,11,10,1,45,70,50,42
68,12,1,1,37,70,55,42
68,13,14,0,37,70,55,47
68,14,20,0,32,70,70,47
68,15,2,1,37,70,60,47
68,16,45,1,37,75,60,47
68,17,15,1,37,80,60,47
68,18,16,1,37,80,50,47
68,19,30,0,37,80,40,57
68,20,47,1,37,80,40,72
68,21,10,0,32,85,40,72
68,22,47,0,57,85,40,72
68,23,26,1,67,85,35,72
68,24,41,1,72,75,35,72
68,25,20,1,72,80,20,72
68,26,48,1,72,85,20,62
68,27,25,1,72,90,10,62
68,28,41,0,62,100,10,62
68,29,1,1,54,100,15,62
68,30,23,0,49,90,15,67
68,31,14,1,49,95,15,67
68,32,14,1,49,100,15,67
68,33,9,0,44,100,15,72
68,34,15,0,64,95,15,72
68,35,15,0,84,90,15,72
68,36,45,1,84,95,15,72
68,37,6,0,94,95,10,72
68,38,44,1,99,95,10,72
68,39,47,0,124,95,10,72
68,40,41,0,114,105,10,72
68,41,11,1,119,105,10,72
68,42,24,1,124,105,10,72
68,43,19,1,139,105,10,72
68,44,5,0,134,105,15,72
68,45,12,1,139,105,15,72
68,46,24,1,144,105,15,72
68,47,42,1,144,110,15,72
68,48,44,0,144,110,25,77
68,49,2,1,149,110,15,77
68,50,10,1,169,110,5,77
68,51,14,0,169,110,5,82
68,52,22,1,169,115,-5,82
68,53,12,0,164,125,-5,82
68,54,20,0,159,125,10,82
68,55,1,0,169,125,-5,82
68,56,14,0,169,125,-5,87
68,57,21,1,169,130,-20,87
68,58,14,0,169,130,-20,92
68,59,15,0,189,125,-20,92
68,60,4,1,199,125,-20,87
68,61,9,1,204,125,-20,87
68,62,14,1,204,130,-20,87
68,63,12,1,209,130,-20,87
68,64,26,1,219,130,-25,87
68,65,47,0,244,130,-25,87
68,66,11,0,239,130,-25,89
68,67,36,0,239,125,-25,91
68,68,45,1,239,130,-25,91
68,69,20,1,239,135,-40,91
68,70,26,1,249,135,-45,91
68,71,14,1,249,140,-45,91
68,72,15,1,249,145,-45,91
68,73,16,1,249,145,-55,91
68,74,10,0,244,150,-55,91
68,75,11,0,239,150,-55,93
68,76,6,0,249,150,-60,93
68,77,20,1,249,155,-75,93
68,78,23,1,259,155,-80,93
68,79,15,1,259,160,-80,93
68,80,22,0,254,160,-75,93
68,81,11,1,259,160,-75,93
68,82,20,0,254,160,-60,93
68,83,21,0,249,160,-45,93
68,84,44,1,254,160,-45,93
68,85,26,0,249,160,-45,98
68,86,25,0,249,155,-35,98
68,87,20,1,249,160,-50,98
68,88,14,0,249,160,-50,103
68,89,9,1,254,160,-50,103
68,90,21,1,254,165,-65,103
68,91,10,1,274,165,-75,103
68,92,11,1,279,165,-75,103
68,93,9,0,274,165,-75,108
68,94,9,0,269,165,-75,113
68,95,5,0,264,165,-70,113
68,96,5,0,259,165,-65,113
68,97,40,1,259,155,-55,113
68,98,12,1,264,155,-55,113
68,99,24,0,259,155,-50,113
69,0,24,1,55,50,50,50
69,1,11,1,60,50,50,50
69,2,15,0,80,45,50,50
69,3,44,0,80,45,60,55
69,4,37,1,90,45,60,55
69,5,2,1,95,45,50,55
69,6,36,0,95,40,50,57
69,7,9,0,90,40,50,62
69,8,27,0,100,25,50,62
69,9,12,1,105,25,50,62
69,10,20,1,105,30,35,62
69,11,25,0,105,25,45,62
69,12,41,1,110,15,45,62
69,13,37,1,120,15,45,62
69,14,16,1,120,15,35,62
69,15,28,1,130,15,35,62
69,16,10,1,150,15,25,62
69,17,4,0,135,20,25,62
69,18,16,0,125,25,25,62
69,19,44,1,130,25,25,62
69,20,8,0,130,30,15,62
69,21,15,0,150,25,15,62
69,22,9,0,145,25,15,67
69,23,15,0,165,20,15,67
69,24,1,0,175,20,0,67
69,25,46,1,180,20,0,62
69,26,5,1,185,20,-10,62
69,27,9,0,180,20,-10,67
69,28,23,0,175,10,-10,72
69,29,12,0,170,20,-10,72
69,30,6,0,180,20,-15,72
69,31,40,0,180,30,-25,72
69,32,23,0,175,20,-25,77
69,33,11,1,180,20,-25,77
69,34,44,1,185,20,-25,77
69,35,3,0,200,20,-30,77
69,36,13,1,205,25,-30,77
69,37,25,0,205,20,-20,77
69,38,41,0,195,30,-20,77
69,39,7,1,200,30,-20,72
69,40,30,0,200,30,-30,82
69,41,10,1,220,30,-40,82
69,42,22,1,220,35,-50,82
69,43,11,0,215,35,-50,84
69,44,11,1,220,35,-50,84
69,45,5,0,215,35,-45,84
69,46,43,1,215,35,-40,69
69,47,4,0,200,40,-40,69
69,48,12,0,195,50,-40,69
69,49,43,0,215,50,-50,69
69,50,14,1,215,55,-50,69
69,51,42,0,207,55,-50,79
69,52,16,0,197,60,-50,79
69,53,43,0,217,60,-60,79
69,54,9,1,222,60,-60,79
69,55,27,0,232,45,-60,79
69,56,3,0,247,45,-65,79
69,57,36,1,247,50,-65,74
69,58,36,0,247,45,-65,76
69,59,4,0,232,50,-65,76
69,60,25,0,232,45,-55,76
69,61,45,1,232,50,-55,76
69,62,10,0,227,55,-55,76
69,63,12,0,222,65,-55,76
69,64,41,1,227,55,-55,76
69,65,9,1,232,55,-55,76
69,66,39,0,225,60,-55,76
69,67,15,0,245,55,-55,76
69,68,20,1,245,60,-70,76
69,69,23,1,255,60,-75,76
69,70,23,0,250,50,-75,81
69,71,26,1,260,50,-80,81
69,72,2,0,250,50,-75,81
69,73,3,0,265,50,-80,81
69,74,25,1,265,55,-90,81
69,75,40,1,265,45,-80,81
69,76,10,0,260,50,-80,81
69,77,9,1,265,50,-80,81
69,78,25,0,265,45,-70,81
69,79,5,0,260,45,-65,81
69,80,7,1,265,45,-65,76
69,81,3,1,258,45,-65,81
69,82,12,1,263,45,-65,81
69,83,43,1,263,45,-60,66
69,84,46,0,256,45,-60,71
69,85,24,0,251,45,-55,71
69,86,21,1,251,50,-70,71
69,87,22,0,246,50,-65,71
69,88,2,0,236,50,-60,71
69,89,14,1,236,55,-60,71
69,90,13,0,236,55,-60,76
69,91,9,0,231,55,-60,81
69,92,16,0,221,60,-60,81
69,93,15,0,241,55,-60,81
69,94,25,0,241,50,-50,81
69,95,39,1,246,50,-50,76
69,96,28,0,236,50,-40,76
69,97,41,1,241,40,-40,76
69,98,12,1,246,40,-40,76
69,99,20,0,241,40,-25,76
70,0,47,1,50,50,50,65
70,1,25,1,50,55,40,65
70,2,38,1,55,55,40,65
70,3,9,1,60,55,40,65
70,4,22,0,55,55,45,65
70,5,8,1,45,55,45,70
70,6,22,1,45,60,35,70
70,7,1,0,55,60,20,70
70,8,7,0,40,65,20,70
70,9,40,1,40,55,30,70
70,10,14,1,40,60,30,70
70,11,26,1,50,60,25,70
70,12,30,1,50,60,35,70
70,13,42,1,50,65,35,70
70,14,20,1,50,70,20,70
70,15,24,0,45,70,25,70
70,16,16,1,45,70,15,70
70,17,4,1,55,70,15,65
70,18,23,1,65,70,10,65
70,19,24,1,70,70,10,65
70,20,3,0,85,70,5,65
70,21,14,0,85,70,5,70
70,22,48,0,75,70,5,75
70,23,14,0,75,70,5,80
70,24,27,1,75,75,0,80
70,25,47,0,100,75,0,80
70,26,41,1,105,65,0,80
70,27,8,0,105,70,-10,80
70,28,47,1,105,70,-10,95
70,29,15,0,125,65,-10,95
70,30,26,0,120,65,-10,100
70,31,44,0,120,65,0,105
70,32,6,1,112,65,0,110
70,33,24,1,117,65,0,110
70,34,10,1,137,65,-10,110
70,35,6,1,129,65,-10,115
70,36,3,0,144,65,-15,115
70,37,10,1,164,65,-25,115
70,38,10,1,184,65,-35,115
70,39,15,0,204,60,-35,115
70,40,20,1,204,65,-50,115
70,41,25,1,204,70,-60,115
70,42,2,1,209,70,-70,115
70,43,1,1,201,70,-65,115
70,44,5,1,206,70,-75,115
70,45,48,0,196,70,-75,120
70,46,37,0,184,80,-75,120
70,47,43,0,204,80,-85,120
70,48,22,0,199,80,-80,120
70,49,26,0,194,80,-80,125
70,50,1,0,204,80,-95,125
70,51,12,1,209,80,-95,125
70,52,13,0,209,80,-95,130
70,53,26,0,204,80,-95,135
70,54,37,0,192,90,-95,135
70,55,2,0,182,90,-90,135
70,56,9,1,187,90,-90,135
70,57,10,1,207,90,-100,135
70,58,16,0,197,95,-100,135
70,59,13,0,197,95,-100,140
70,60,14,0,197,95,-100,145
70,61,11,1,202,95,-100,145
70,62,18,1,212,95,-100,145
70,63,9,1,217,95,-100,145
70,64,47,1,217,95,-100,160
70,65,16,0,207,100,-100,160
70,66,20,1,207,105,-115,160
70,67,26,0,202,105,-115,165
70,68,11,1,207,105,-115,165
70,69,10,1,227,105,-125,165
70,70,39,0,220,110,-125,165
70,71,16,1,220,110,-135,165
70,72,48,1,220,115,-135,155
70,73,41,0,210,125,-135,155
70,74,11,0,205,125,-135,157
70,75,44,0,205,125,-125,162
70,76,39,1,210,125,-125,157
70,77,16,1,210,125,-135,157
70,78,44,0,210,125,-125,162
70,79,17,0,190,135,-125,162
70,80,13,1,195,140,-125,162
70,81,10,1,215,140,-135,162
70,82,42,0,207,140,-135,172
70,83,45,1,207,145,-135,172
70,84,39,1,212,145,-135,167
70,85,13,1,217,150,-135,167
70,86,12,0,212,160,-135,167
70,87,1,1,204,160,-130,167
70,88,13,1,209,165,-130,167
70,89,14,0,209,165,-130,172
70,90,23,1,219,165,-135,172
70,91,13,0,219,165,-135,177
70,92,2,0,209,165,-130,177
70,93,16,0,199,170,-130,177
70,94,18,1,209,170,-130,177
70,95,20,0,204,170,-115,177
70,96,1,0,214,170,-130,177
70,97,12,0,209,180,-130,177
70,98,23,0,204,170,-130,182
70,99,5,1,209,170,-140,182
71,0,30,0,50,50,40,60
71,1,26,0,45,50,40,65
71,2,11,0,40,50,40,67
71,3,46,0,33,50,40,72
71,4,12,1,38,50,40,72
71,5,27,1,38,55,35,72
71,6,12,0,33,65,35,72
71,7,25,1,33,70,25,72
71,8,42,1,33,75,25,72
71,9,22,1,33,80,15,72
71,10,5,0,28,80,20,72
71,11,20,0,23,80,35,72
71,12,9,1,28,80,35,72
71,13,45,1,28,85,35,72
71,14,12,1,33,85,35,72
71,15,11,1,38,85,35,72
71,16,40,0,38,95,25,72
71,17,22,1,38,100,15,72
71,18,1,0,48,100,0,72
71,19,16,1,48,100,-10,72
71,20,8,1,38,100,-10,77
71,21,26,0,33,100,-10,82
71,22,1,1,25,100,-5,82
71,23,27,0,35,85,-5,82
71,24,25,1,35,90,-15,82
71,25,29,1,35,105,-35,82
71,26,38,1,40,105,-35,82
71,27,1,1,32,105,-30,82
71,28,26,1,42,105,-35,82
71,29,3,1,35,105,-35,87
71,30,1,0,45,105,-50,87
71,31,3,0,60,105,-55,87
71,32,27,0,70,90,-55,87
71,33,26,1,80,90,-60,87
71,34,20,0,75,90,-45,87
71,35,12,0,70,100,-45,87
71,36,41,0,60,110,-45,87
71,37,13,1,65,115,-45,87
71,38,27,1,65,120,-50,87
71,39,20,1,65,125,-65,87
71,40,47,0,90,125,-65,87
71,41,26,1,100,125,-70,87
71,42,25,1,100,130,-80,87
71,43,23,1,110,130,-85,87
71,44,14,1,110,135,-85,87
71,45,13,0,110,135,-85,92
71,46,13,0,110,135,-85,97
71,47,42,1,110,140,-85,97
71,48,3,1,103,140,-85,102
71,49,1,0,113,140,-100,102
71,50,44,0,113,140,-90,107
71,51,44,1,118,140,-90,107
71,52,46,1,123,140,-90,102
71,53,9,1,128,140,-90,102
71,54,47,0,153,140,-90,102
71,55,43,1,153,140,-85,87
71,56,1,0,163,140,-100,87
71,57,41,0,153,150,-100,87
71,58,22,1,153,155,-110,87
71,59,10,1,173,155,-120,87
71,60,41,0,163,165,-120,87
71,61,27,0,173,150,-120,87
71,62,7,1,178,150,-120,82
71,63,24,0,173,150,-115,82
71,64,22,1,173,155,-125,82
71,65,9,1,178,155,-125,82
71,66,39,1,183,155,-125,77
71,67,45,0,183,155,-125,82
71,68,2,1,188,155,-135,82
71,69,3,0,203,155,-140,82
71,70,16,0,193,160,-140,82
71,71,1,1,185,160,-135,82
71,72,22,1,185,165,-145,82
71,73,16,0,175,170,-145,82
71,74,4,1,185,170,-145,77
71,75,11,0,180,170,-145,79
71,76,28,0,170,170,-135,79
71,77,41,1,175,160,-135,79
71,78,43,0,195,160,-145,79
71,79,9,1,200,160,-145,79
71,80,15,0,220,155,-145,79
71,81,38,0,215,160,-145,79
71,82,21,0,210,160,-130,79
71,83,41,1,215,150,-130,79
71,84,9,1,220,150,-130,79
71,85,30,1,220,150,-120,79
71,86,7,0,205,155,-120,79
71,87,23,0,200,145,-120,84
71,88,26,1,210,145,-125,84
71,89,38,1,215,145,-125,84
71,90,9,1,220,145,-125,84
71,91,13,1,225,150,-125,84
71,92,43,1,225,150,-120,69
71,93,4,0,210,155,-120,69
71,94,20,1,210,160,-135,69
71,95,37,1,220,160,-135,69
71,96,13,1,225,165,-135,69
71,97,45,1,225,170,-135,69
71,98,5,0,220,170,-130,69
71,99,20,0,215,170,-115,69
72,0,21,0,45,50,65,50
72,1,40,1,45,40,75,50
72,2,6,0,55,40,70,50
72,3,13,0,55,40,70,55
72,4,11,1,60,40,70,55
72,5,11,0,55,40,70,57
72,6,12,0,50,50,70,57
72,7,11,1,55,50,70,57
72,8,22,1,55,55,60,57
72,9,22,0,50,55,65,57
72,10,41,0,40,65,65,57
72,11,42,1,40,70,65,57
72,12,37,0,28,80,65,57
72,13,28,1,38,80,65,57
72,14,1,0,48,80,50,57
72,15,16,0,38,85,50,57
72,16,2,1,43,85,40,57
72,17,10,1,63,85,30,57
72,18,41,0,53,95,30,57
72,19,16,1,53,95,20,57
72,20,9,1,58,95,20,57
72,21,2,1,63,95,10,57
72,22,6,0,73,95,5,57
72,23,4,1,83,95,5,52
72,24,3,1,76,95,5,57
72,25,21,1,76,100,-10,57
72,26,36,0,76,95,-10,59
72,27,38,1,81,95,-10,59
72,28,37,0,69,105,-10,59
72,29,3,0,84,105,-15,59
72,30,5,0,79,105,-10,59
72,31,7,0,64,110,-10,59
72,32,6,1,56,110,-10,64
72,33,9,1,61,110,-10,64
72,34,44,1,66,110,-10,64
72,35,29,1,66,125,-30,64
72,36,22,1,66,130,-40,64
72,37,13,0,66,130,-40,69
72,38,4,0,51,135,-40,69
72,39,41,1,56,125,-40,69
72,40,26,1,66,125,-45,69
72,41,39,0,59,130,-45,69
72,42,15,0,79,125,-45,69
72,43,1,1,71,125,-40,69
72,44,29,1,71,140,-60,69
72,45,20,0,66,140,-45,69
72,46,12,0,61,150,-45,69
72,47,24,0,56,150,-40,69
72,48,25,1,56,155,-50,69
72,49,7,1,61,155,-50,64
72,50,14,0,61,155,-50,69
72,51,3,0,76,155,-55,69
72,52,25,0,76,150,-45,69
72,53,42,0,68,150,-45,79
72,54,26,0,63,150,-45,84
72,55,38,0,58,155,-45,84
72,56,4,1,68,155,-45,79
72,57,41,0,58,165,-45,79
72,58,16,0,48,170,-45,79
72,59,22,1,48,175,-55,79
72,60,43,1,48,175,-50,64
72,61,10,0,43,180,-50,64
72,62,11,1,48,180,-50,64
72,63,4,1,58,180,-50,59
72,64,28,0,48,180,-40,59
72,65,26,0,43,180,-40,64
72,66,16,1,43,180,-50,64
72,67,14,0,43,180,-50,69
72,68,12,1,48,180,-50,69
72,69,9,0,43,180,-50,74
72,70,16,1,43,180,-60,74
72,71,3,0,58,180,-65,74
72,72,43,0,78,180,-75,74
72,73,3,1,71,180,-75,79
72,74,13,0,71,180,-75,84
72,75,26,1,81,180,-80,84
72,76,39,1,86,180,-80,79
72,77,9,1,91,180,-80,79
72,78,17,0,71,190,-80,79
72,79,38,0,66,195,-80,79
72,80,46,1,71,195,-80,74
72,81,41,1,76,185,-80,74
72,82,28,0,66,185,-70,74
72,83,9,0,61,185,-70,79
72,84,11,0,56,185,-70,81
72,85,21,0,51,185,-55,81
72,86,16,1,51,185,-65,81
72,87,26,1,61,185,-70,81
72,88,48,0,51,185,-70,86
72,89,3,0,66,185,-75,86
72,90,38,1,71,185,-75,86
72,91,28,0,61,185,-65,86
72,92,46,0,54,185,-65,91
72,93,25,1,54,190,-75,91
72,94,28,0,44,190,-65,91
72,95,20,0,39,190,-50,91
72,96,26,0,34,190,-50,96
72,97,1,1,26,190,-45,96
72,98,16,0,16,195,-45,96
72,99,46,0,9,195,-45,101
73,0,46,1,55,50,50,45
73,1,26,1,65,50,45,45
73,2,44,1,70,50,45,45
73,3,22,0,65,50,50,45
73,4,20,1,65,55,35,45
73,5,29,0,55,55,40,45
73,6,11,0,50,55,40,47
73,7,6,0,60,55,35,47
73,8,19,0,40,55,45,57
73,9,8,1,30,55,45,62
73,10,25,0,30,50,55,62
73,11,12,0,25,60,55,62
73,12,4,0,10,65,55,62
73,13,10,1,30,65,45,62
73,14,7,1,35,65,45,57
73,15,2,0,25,65,50,57
73,16,21,0,20,65,65,57
73,17,8,1,10,65,65,62
73,18,3,0,25,65,60,62
73,19,9,0,20,65,60,67
73,20,36,1,20,70,60,62
73,21,12,0,15,80,60,62
73,22,38,0,10,85,60,62
73,23,2,1,15,85,50,62
73,24,8,1,5,85,50,67
73,25,4,0,-10,90,50,67
73,26,43,0,10,90,40,67
73,27,8,0,10,95,30,67
73,28,25,0,10,90,40,67
73,29,1,1,2,90,45,67
73,30,4,1,12,90,45,62
73,31,45,1,12,95,45,62
73,32,2,0,2,95,50,62
73,33,12,0,-3,105,50,62
73,34,10,0,-8,110,50,62
73,35,40,0,-8,120,40,62
73,36,24,0,-13,120,45,62
73,37,4,0,-28,125,45,62
73,38,9,0,-33,125,45,67
73,39,26,1,-23,125,40,67
73,40,15,1,-23,130,40,67
73,41,1,0,-13,130,25,67
73,42,22,0,-18,130,30,67
73,43,18,0,-43,130,30,77
73,44,40,0,-43,140,20,77
73,45,28,0,-53,140,30,77
73,46,28,0,-63,140,40,77
73,47,27,0,-53,125,40,77
73,48,2,1,-48,125,30,77
73,49,9,0,-53,125,30,82
73,50,15,0,-33,120,30,82
73,51,39,0,-40,125,30,82
73,52,13,0,-40,125,30,87
73,53,43,1,-40,125,35,72
73,54,46,0,-47,125,35,77
73,55,12,1,-42,125,35,77
73,56,2,1,-37,125,25,77
73,57,4,1,-27,125,25,72
73,58,13,0,-27,125,25,77
73,59,27,1,-27,130,20,77
73,60,1,0,-17,130,5,77
73,61,3,1,-24,130,5,82
73,62,16,1,-24,130,-5,82
73,63,46,0,-31,130,-5,87
73,64,45,0,-31,130,-5,92
73,65,41,1,-26,120,-5,92
73,66,24,0,-31,120,0,92
73,67,12,0,-36,130,0,92
73,68,12,0,-41,140,0,92
73,69,47,0,-16,140,0,92
73,70,15,1,-16,145,0,92
73,71,27,0,-6,130,0,92
73,72,14,1,-6,135,0,92
73,73,30,0,-6,135,-10,102
73,74,43,1,-6,135,-5,87
73,75,28,1,4,135,-5,87
73,76,40,0,4,145,-15,87
73,77,43,1,4,145,-10,72
73,78,1,0,14,145,-25,72
73,79,19,0,-6,145,-15,82
73,80,28,1,4,145,-15,82
73,81,2,1,9,145,-25,82
73,82,2,0,-1,145,-20,82
73,83,3,0,14,145,-25,82
73,84,5,1,19,145,-35,82
73,85,39,1,24,145,-35,77
73,86,10,1,44,145,-45,77
73,87,23,0,39,135,-45,82
73,88,13,1,44,140,-45,82
73,89,36,1,44,145,-45,77
73,90,25,1,44,150,-55,77
73,91,42,1,44,155,-55,77
73,92,37,0,32,165,-55,77
73,93,26,0,27,165,-55,82
73,94,26,0,22,165,-55,87
73,95,16,1,22,165,-65,87
73,96,5,1,27,165,-75,87
73,97,39,1,32,165,-75,82
73,98,26,0,27,165,-75,87
73,99,16,1,27,165,-85,87
74,0,15,1,50,55,50,50
74,1,15,0,70,50,50,50
74,2,17,1,55,50,60,50
74,3,16,0,45,55,60,50
74,4,11,0,40,55,60,52
74,5,10,1,60,55,50,52
74,6,38,1,65,55,50,52
74,7,5,1,70,55,40,52
74,8,37,0,58,65,40,52
74,9,43,0,78,65,30,52
74,10,40,0,78,75,20,52
74,11,13,0,78,75,20,57
74,12,10,1,98,75,10,57
74,13,10,1,118,75,0,57
74,14,16,0,108,80,0,57
74,15,4,1,118,80,0,52
74,16,41,0,108,90,0,52
74,17,27,1,108,95,-5,52
74,18,44,1,113,95,-5,52
74,19,46,1,118,95,-5,47
74,20,15,0,138,90,-5,47
74,21,13,1,143,95,-5,47
74,22,22,1,143,100,-15,47
74,23,10,0,138,105,-15,47
74,24,16,0,128,110,-15,47
74,25,23,1,138,110,-20,47
74,26,5,0,133,110,-15,47
74,27,11,1,138,110,-15,47
74,28,9,1,143,110,-15,47
74,29,15,0,163,105,-15,47
74,30,15,1,163,110,-15,47
74,31,39,1,168,110,-15,42
74,32,16,1,168,110,-25,42
74,33,12,1,173,110,-25,42
74,34,21,1,173,115,-40,42
74,35,10,0,168,120,-40,42
74,36,8,1,158,120,-40,47
74,37,42,1,158,125,-40,47
74,38,20,1,158,130,-55,47
74,39,44,1,163,130,-55,47
74,40,1,1,155,130,-50,47
74,41,44,0,155,130,-40,52
74,42,29,1,155,145,-60,52
74,43,41,0,145,155,-60,52
74,44,16,1,145,155,-70,52
74,45,1,1,137,155,-65,52
74,46,15,1,137,160,-65,52
74,47,14,1,137,165,-65,52
74,48,10,0,132,170,-65,52
74,49,3,1,125,170,-65,57
74,50,8,1,115,170,-65,62
74,51,38,0,110,175,-65,62
74,52,1,0,120,175,-80,62
74,53,6,0,130,175,-85,62
74,54,2,1,135,175,-95,62
74,55,23,1,145,175,-100,62
74,56,22,0,140,175,-95,62
74,57,13,0,140,175,-95,67
74,58,37,1,150,175,-95,67
74,59,11,0,145,175,-95,69
74,60,18,0,120,175,-95,79
74,61,11,1,125,175,-95,79
74,62,16,1,125,175,-105,79
74,63,8,1,115,175,-105,84
74,64,15,1,115,180,-105,84
74,65,9,0,110,180,-105,89
74,66,3,0,125,180,-110,89
74,67,6,0,135,180,-115,89
74,68,2,1,140,180,-125,89
74,69,1,0,150,180,-140,89
74,70,4,1,160,180,-140,84
74,71,41,1,165,170,-140,84
74,72,9,0,160,170,-140,89
74,73,23,1,170,170,-145,89
74,74,15,0,190,165,-145,89
74,75,9,0,185,165,-145,94
74,76,7,1,190,165,-145,89
74,77,1,0,200,165,-160,89
74,78,20,1,200,170,-175,89
74,79,10,1,220,170,-185,89
74,80,5,0,215,170,-180,89
74,81,3,1,208,170,-180,94
74,82,25,1,208,175,-190,94
74,83,43,1,208,175,-185,79
74,84,13,1,213,180,-185,79
74,85,24,0,208,180,-180,79
74,86,12,1,213,180,-180,79
74,87,3,0,228,180,-185,79
74,88,41,1,233,170,-185,79
74,89,2,0,223,170,-180,79
74,90,4,1,233,170,-180,74
74,91,26,0,228,170,-180,79
74,92,44,0,228,170,-170,84
74,93,1,0,238,170,-185,84
74,94,38,0,233,175,-185,84
74,95,42,1,233,180,-185,84
74,96,21,0,228,180,-170,84
74,97,13,1,233,185,-170,84
74,98,27,0,243,170,-170,84
74,99,5,1,248,170,-180,84
75,0,3,0,65,50,45,50
75,1,15,0,85,45,45,50
75,2,48,0,75,45,45,55
75,3,15,1,75,50,45,55
75,4,42,1,75,55,45,55
75,5,4,1,85,55,45,50
75,6,39,0,78,60,45,50
75,7,39,1,83,60,45,45
75,8,15,0,103,55,45,45
75,9,22,0,98,55,50,45
75,10,1,1,90,55,55,45
75,11,13,0,90,55,55,50
75,12,1,1,82,55,60,50
75,13,16,0,72,60,60,50
75,14,5,1,77,60,50,50
75,15,30,0,77,60,40,60
75,16,14,0,77,60,40,65
75,17,21,1,77,65,25,65
75,18,43,1,77,65,30,50
75,19,15,0,97,60,30,50
75,20,5,1,102,60,20,50
75,21,44,0,102,60,30,55
75,22,30,1,102,60,40,55
75,23,22,0,97,60,45,55
75,24,9,0,92,60,45,60
75,25,14,1,92,65,45,60
75,26,11,0,87,65,45,62
75,27,5,0,82,65,50,62
75,28,41,1,87,55,50,62
75,29,13,0,87,55,50,67
75,30,7,0,72,60,50,67
75,31,25,1,72,65,40,67
75,32,14,1,72,70,40,67
75,33,15,0,92,65,40,67
75,34,25,1,92,70,30,67
75,35,40,0,92,80,20,67
75,36,25,1,92,85,10,67
75,37,11,0,87,85,10,69
75,38,40,0,87,95,0,69
75,39,19,1,102,95,0,69
75,40,45,1,102,100,0,69
75,41,27,0,112,85,0,69
75,42,22,0,107,85,5,69
75,43,23,0,102,75,5,74
75,44,41,1,107,65,5,74
75,45,2,0,97,65,10,74
75,46,48,1,97,70,10,64
75,47,3,0,112,70,5,64
75,48,41,1,117,60,5,64
75,49,5,0,112,60,10,64
75,50,6,0,122,60,5,64
75,51,7,0,107,65,5,64
75,52,24,0,102,65,10,64
75,53,26,1,112,65,5,64
75,54,11,0,107,65,5,66
75,55,45,1,107,70,5,66
75,56,4,1,117,70,5,61
75,57,1,0,127,70,-10,61
75,58,23,1,137,70,-15,61
75,59,16,0,127,75,-15,61
75,60,10,1,147,75,-25,61
75,61,3,1,140,75,-25,66
75,62,42,1,140,80,-25,66
75,63,4,0,125,85,-25,66
75,64,12,1,130,85,-25,66
75,65,26,0,125,85,-25,71
75,66,42,1,125,90,-25,71
75,67,44,1,130,90,-25,71
75,68,47,0,155,90,-25,71
75,69,9,0,150,90,-25,76
75,70,30,0,150,90,-35,86
75,71,5,0,145,90,-30,86
75,72,41,1,150,80,-30,86
75,73,25,1,150,85,-40,86
75,74,36,1,150,90,-40,81
75,75,12,1,155,90,-40,81
75,76,3,0,170,90,-45,81
75,77,9,0,165,90,-45,86
75,78,15,1,165,95,-45,86
75,79,30,1,165,95,-35,86
75,80,8,0,165,100,-45,86
75,81,14,0,165,100,-45,91
75,82,23,0,160,90,-45,96
75,83,15,1,160,95,-45,96
75,84,40,1,160,85,-35,96
75,85,23,0,155,75,-35,101
75,86,14,1,155,80,-35,101
75,87,19,1,170,80,-35,101
75,88,17,0,150,90,-35,101
75,89,44,1,155,90,-35,101
75,90,20,0,150,90,-20,101
75,91,7,1,155,90,-20,96
75,92,39,0,148,95,-20,96
75,93,13,0,148,95,-20,101
75,94,10,1,168,95,-30,101
75,95,40,0,168,105,-40,101
75,96,12,0,163,115,-40,101
75,97,4,1,173,115,-40,96
75,98,42,1,173,120,-40,96
75,99,8,0,173,125,-50,96
76,0,43,0,70,50,40,50
76,1,24,1,75,50,40,50
76,2,21,0,70,50,55,50
76,3,26,1,80,50,50,50
76,4,16,0,70,55,50,50
76,5,20,1,70,60,35,50
76,6,25,0,70,55,45,50
76,7,25,1,70,60,35,50
76,8,46,0,63,60,35,55
76,9,1,0,73,60,20,55
76,10,25,1,73,65,10,55
76,11,25,0,73,60,20,55
76,12,11,1,78,60,20,55
76,13,9,1,83,60,20,55
76,14,11,0,78,60,20,57
76,15,41,0,68,70,20,57
76,16,4,0,53,75,20,57
76,17,38,1,58,75,20,57
76,18,29,1,58,90,0,57
76,19,7,1,63,90,0,52
76,20,43,0,83,90,-10,52
76,21,24,1,88,90,-10,52
76,22,25,0,88,85,0,52
76,23,1,0,98,85,-15,52
76,24,1,1,90,85,-10,52
76,25,26,1,100,85,-15,52
76,26,29,1,100,100,-35,52
76,27,36,1,100,105,-35,47
76,28,6,1,92,105,-35,52
76,29,12,1,97,105,-35,52
76,30,11,0,92,105,-35,54
76,31,25,0,92,100,-25,54
76,32,3,1,85,100,-25,59
76,33,14,1,85,105,-25,59
76,34,40,1,85,95,-15,59
76,35,11,0,80,95,-15,61
76,36,26,1,90,95,-20,61
76,37,24,1,95,95,-20,61
76,38,20,0,90,95,-5,61
76,39,1,0,100,95,-20,61
76,40,37,0,88,105,-20,61
76,41,16,1,88,105,-30,61
76,42,13,1,93,110,-30,61
76,43,26,1,103,110,-35,61
76,44,18,1,113,110,-35,61
76,45,21,0,108,110,-20,61
76,46,12,0,103,120,-20,61
76,47,3,1,96,120,-20,66
76,48,40,1,96,110,-10,66
76,49,7,0,81,115,-10,66
76,50,20,0,76,115,5,66
76,51,25,0,76,110,15,66
76,52,46,0,69,110,15,71
76,53,41,1,74,100,15,71
76,54,15,0,94,95,15,71
76,55,36,1,94,100,15,66
76,56,29,0,84,100,20,66
76,57,39,1,89,100,20,61
76,58,9,1,94,100,20,61
76,59,37,1,104,100,20,61
76,60,4,0,89,105,20,61
76,61,46,1,94,105,20,56
76,62,26,0,89,105,20,61
76,63,3,0,104,105,15,61
76,64,26,1,114,105,10,61
76,65,23,1,124,105,5,61
76,66,11,0,119,105,5,63
76,67,17,0,99,115,5,63
76,68,39,1,104,115,5,58
76,69,44,0,104,115,15,63
76,70,41,1,109,105,15,63
76,71,14,0,109,105,15,68
76,72,15,1,109,110,15,68
76,73,9,0,104,110,15,73
76,74,12,1,109,110,15,73
76,75,48,0,99,110,15,78
76,76,42,1,99,115,15,78
76,77,2,1,104,115,5,78
76,78,22,0,99,115,10,78
76,79,4,0,84,120,10,78
76,80,13,0,84,120,10,83
76,81,37,1,94,120,10,83
76,82,1,1,86,120,15,83
76,83,7,1,91,120,15,78
76,84,42,1,91,125,15,78
76,85,39,1,96,125,15,73
76,86,46,1,101,125,15,68
76,87,12,1,106,125,15,68
76,88,16,1,106,125,5,68
76,89,4,1,116,125,5,63
76,90,25,0,116,120,15,63
76,91,17,1,101,120,25,63
76,92,18,1,111,120,25,63
76,93,39,0,104,125,25,63
76,94,23,0,99,115,25,68
76,95,4,1,109,115,25,63
76,96,22,1,109,120,15,63
76,97,12,1,114,120,15,63
76,98,43,0,134,120,5,63
76,99,11,1,139,120,5,63
77,0,12,0,45,60,50,50
77,1,2,0,35,60,55,50
77,2,7,0,20,65,55,50
77,3,46,1,25,65,55,45
77,4,41,1,30,55,55,45
77,5,13,0,30,55,55,50
77,6,17,0,10,65,55,50
77,7,23,0,5,55,55,55
77,8,45,1,5,60,55,55
77,9,27,1,5,65,50,55
77,10,46,0,-2,65,50,60
77,11,12,1,3,65,50,60
77,12,26,0,-2,65,50,65
77,13,2,0,-12,65,55,65
77,14,16,0,-22,70,55,65
77,15,40,0,-22,80,45,65
77,16,10,1,-2,80,35,65
77,17,2,0,-12,80,40,65
77,18,19,1,3,80,40,65
77,19,11,1,8,80,40,65
77,20,3,0,23,80,35,65
77,21,3,0,38,80,30,65
77,22,22,1,38,85,20,65
77,23,26,0,33,85,20,70
77,24,10,1,53,85,10,70
77,25,39,0,46,90,10,70
77,26,13,0,46,90,10,75
77,27,27,0,56,75,10,75
77,28,22,0,51,75,15,75
77,29,9,1,56,75,15,75
77,30,36,0,56,70,15,77
77,31,11,1,61,70,15,77
77,32,13,0,61,70,15,82
77,33,38,0,56,75,15,82
77,34,10,0,51,80,15,82
77,35,7,0,36,85,15,82
77,36,2,1,41,85,5,82
77,37,22,1,41,90,-5,82
77,38,15,1,41,95,-5,82
77,39,40,0,41,105,-15,82
77,40,8,1,31,105,-15,87
77,41,41,0,21,115,-15,87
77,42,20,1,21,120,-30,87
77,43,40,1,21,110,-20,87
77,44,47,1,21,110,-20,102
77,45,4,0,6,115,-20,102
77,46,26,1,16,115,-25,102
77,47,41,1,21,105,-25,102
77,48,16,0,11,110,-25,102
77,49,14,0,11,110,-25,107
77,50,24,0,6,110,-20,107
77,51,41,0,-4,120,-20,107
77,52,11,0,-9,120,-20,109
77,53,3,1,-16,120,-20,114
77,54,45,1,-16,125,-20,114
77,55,2,0,-26,125,-15,114
77,56,1,0,-16,125,-30,114
77,57,11,0,-21,125,-30,116
77,58,36,1,-21,130,-30,111
77,59,25,1,-21,135,-40,111
77,60,30,0,-21,135,-50,121
77,61,14,0,-21,135,-50,126
77,62,17,0,-41,145,-50,126
77,63,48,0,-51,145,-50,131
77,64,38,0,-56,150,-50,131
77,65,12,1,-51,150,-50,131
77,66,3,1,-58,150,-50,136
77,67,16,0,-68,155,-50,136
77,68,44,0,-68,155,-40,141
77,69,46,1,-63,155,-40,136
77,70,24,0,-68,155,-35,136
77,71,3,0,-53,155,-40,136
77,72,27,0,-43,140,-40,136
77,73,15,1,-43,145,-40,136
77,74,11,1,-38,145,-40,136
77,75,15,1,-38,150,-40,136
77,76,16,0,-48,155,-40,136
77,77,25,1,-48,160,-50,136
77,78,23,1,-38,160,-55,136
77,79,27,1,-38,165,-60,136
77,80,41,0,-48,175,-60,136
77,81,15,1,-48,180,-60,136
77,82,1,1,-56,180,-55,136
77,83,3,0,-41,180,-60,136
77,84,39,0,-48,185,-60,136
77,85,2,1,-43,185,-70,136
77,86,14,0,-43,185,-70,141
77,87,18,1,-33,185,-70,141
77,88,37,1,-23,185,-70,141
77,89,3,0,-8,185,-75,141
77,90,8,0,-8,190,-85,141
77,91,36,1,-8,195,-85,136
77,92,10,0,-13,200,-85,136
77,93,14,1,-13,205,-85,136
77,94,42,0,-21,205,-85,146
77,95,15,0,-1,200,-85,146
77,96,11,1,4,200,-85,146
77,97,2,1,9,200,-95,146
77,98,5,1,14,200,-105,146
77,99,4,0,-1,205,-105,146
78,0,9,1,55,50,50,50
78,1,26,1,65,50,45,50
78,2,44,0,65,50,55,55
78,3,41,1,70,40,55,55
78,4,21,0,65,40,70,55
78,5,3,1,58,40,70,60
78,6,26,1,68,40,65,60
78,7,42,0,60,40,65,70
78,8,13,0,60,40,65,75
78,9,4,0,45,45,65,75
78,10,23,0,40,35,65,80
78,11,9,1,45,35,65,80
78,12,5,0,40,35,70,80
78,13,21,1,40,40,55,80
78,14,9,1,45,40,55,80
78,15,2,1,50,40,45,80
78,16,5,1,55,40,35,80
78,17,41,1,60,30,35,80
78,18,20,0,55,30,50,80
78,19,6,1,47,30,50,85
78,20,22,0,42,30,55,85
78,21,40,1,42,20,65,85
78,22,1,1,34,20,70,85
78,23,14,0,34,20,70,90
78,24,20,1,34,25,55,90
78,25,10,0,29,30,55,90
78,26,18,1,39,30,55,90
78,27,16,0,29,35,55,90
78,28,7,0,14,40,55,90
78,29,24,0,9,40,60,90
78,30,40,0,9,50,50,90
78,31,42,0,1,50,50,100
78,32,17,0,-19,60,50,100
78,33,10,0,-24,65,50,100
78,34,23,0,-29,55,50,105
78,35,2,0,-39,55,55,105
78,36,25,1,-39,60,45,105
78,37,21,0,-44,60,60,105
78,38,10,1,-24,60,50,105
78,39,29,1,-24,75,30,105
78,40,38,1,-19,75,30,105
78,41,39,0,-26,80,30,105
78,42,4,1,-16,80,30,100
78,43,37,0,-28,90,30,100
78,44,10,0,-33,95,30,100
78,45,24,0,-38,95,35,100
78,46,27,0,-28,80,35,100
78,47,5,1,-23,80,25,100
78,48,48,1,-23,85,25,90
78,49,40,1,-23,75,35,90
78,50,38,1,-18,75,35,90
78,51,4,1,-8,75,35,85
78,52,37,1,2,75,35,85
78,53,2,0,-8,75,40,85
78,54,16,0,-18,80,40,85
78,55,19,1,-3,80,40,85
78,56,16,1,-3,80,30,85
78,57,19,1,12,80,30,85
78,58,23,1,22,80,25,85
78,59,25,0,22,75,35,85
78,60,20,0,17,75,50,85
78,61,12,1,22,75,50,85
78,62,20,1,22,80,35,85
78,63,10,1,42,80,25,85
78,64,5,1,47,80,15,85
78,65,28,1,57,80,15,85
78,66,42,0,49,80,15,95
78,67,42,1,49,85,15,95
78,68,46,1,54,85,15,90
78,69,5,1,59,85,5,90
78,70,28,0,49,85,15,90
78,71,44,1,54,85,15,90
78,72,11,1,59,85,15,90
78,73,23,1,69,85,10,90
78,74,16,1,69,85,0,90
78,75,12,1,74,85,0,90
78,76,41,0,64,95,0,90
78,77,17,0,44,105,0,90
78,78,47,0,69,105,0,90
78,79,18,1,79,105,0,90
78,80,20,0,74,105,15,90
78,81,1,0,84,105,0,90
78,82,41,0,74,115,0,90
78,83,43,0,94,115,-10,90
78,84,14,0,94,115,-10,95
78,85,8,0,94,120,-20,95
78,86,3,1,87,120,-20,100
78,87,16,0,77,125,-20,100
78,88,22,0,72,125,-15,100
78,89,5,1,77,125,-25,100
78,90,39,1,82,125,-25,95
78,91,22,0,77,125,-20,95
78,92,4,1,87,125,-20,90
78,93,29,0,77,125,-15,90
78,94,26,0,72,125,-15,95
78,95,4,0,57,130,-15,95
78,96,16,1,57,130,-25,95
78,97,13,0,57,130,-25,100
78,98,1,1,49,130,-20,100
78,99,16,0,39,135,-20,100
79,0,12,1,55,50,50,50
79,1,23,1,65,50,45,50
79,2,5,0,60,50,50,50
79,3,41,0,50,60,50,50
79,4,15,1,50,65,50,50
79,5,1,1,42,65,55,50
79,6,41,0,32,75,55,50
79,7,7,0,17,80,55,50
79,8,25,0,17,75,65,50
79,9,24,1,22,75,65,50
79,10,40,1,22,65,75,50
79,11,12,0,17,75,75,50
79,12,48,0,7,75,75,55
79,13,20,0,2,75,90,55
79,14,40,1,2,65,100,55
79,15,44,0,2,65,110,60
79,16,28,0,-8,65,120,60
79,17,7,0,-23,70,120,60
79,18,21,0,-28,70,135,60
79,19,48,1,-28,75,135,50
79,20,46,1,-23,75,135,45
79,21,41,0,-33,85,135,45
79,22,38,1,-28,85,135,45
79,23,15,1,-28,90,135,45
79,24,21,0,-33,90,150,45
79,25,5,0,-38,90,155,45
79,26,46,1,-33,90,155,40
79,27,13,1,-28,95,155,40
79,28,3,0,-13,95,150,40
79,29,29,0,-23,95,155,40
79,30,17,0,-43,105,155,40
79,31,10,1,-23,105,145,40
79,32,22,1,-23,110,135,40
79,33,16,0,-33,115,135,40
79,34,25,1,-33,120,125,40
79,35,21,0,-38,120,140,40
79,36,26,1,-28,120,135,40
79,37,23,1,-18,120,130,40
79,38,24,1,-13,120,130,40
79,39,4,1,-3,120,130,35
79,40,38,1,2,120,130,35
79,41,38,1,7,120,130,35
79,42,39,1,12,120,130,30
79,43,22,0,7,120,135,30
79,44,41,1,12,110,135,30
79,45,12,1,17,110,135,30
79,46,48,1,17,115,135,20
79,47,25,0,17,110,145,20
79,48,14,0,17,110,145,25
79,49,41,0,7,120,145,25
79,50,10,1,27,120,135,25
79,51,1,0,37,120,120,25
79,52,5,1,42,120,110,25
79,53,21,1,42,125,95,25
79,54,19,1,57,125,95,25
79,55,11,0,52,125,95,27
79,56,40,0,52,135,85,27
79,57,24,1,57,135,85,27
79,58,25,0,57,130,95,27
79,59,25,1,57,135,85,27
79,60,13,0,57,135,85,32
79,61,3,0,72,135,80,32
79,62,1,1,64,135,85,32
79,63,14,1,64,140,85,32
79,64,16,1,64,140,75,32
79,65,22,0,59,140,80,32
79,66,36,0,59,135,80,34
79,67,3,0,74,135,75,34
79,68,14,1,74,140,75,34
79,69,5,1,79,140,65,34
79,70,22,0,74,140,70,34
79,71,20,1,74,145,55,34
79,72,23,0,69,135,55,39
79,73,24,0,64,135,60,39
79,74,24,1,69,135,60,39
79,75,11,1,74,135,60,39
79,76,2,1,79,135,50,39
79,77,5,0,74,135,55,39
79,78,22,0,69,135,60,39
79,79,17,0,49,145,60,39
79,80,29,0,39,145,65,39
79,81,41,0,29,155,65,39
79,82,26,0,24,155,65,44
79,83,44,1,29,155,65,44
79,84,9,0,24,155,65,49
79,85,10,1,44,155,55,49
79,86,25,0,44,150,65,49
79,87,20,1,44,155,50,49
79,88,5,0,39,155,55,49
79,89,12,1,44,155,55,49
79,90,4,0,29,160,55,49
79,91,25,1,29,165,45,49
79,92,13,0,29,165,45,54
79,93,16,0,19,170,45,54
79,94,43,0,39,170,35,54
79,95,41,0,29,180,35,54
79,96,19,1,44,180,35,54
79,97,16,1,44,180,25,54
79,98,20,1,44,185,10,54
79,99,29,1,44,200,-10,54
80,0,13,0,50,50,50,55
80,1,16,0,40,55,50,55
80,2,9,0,35,55,50,60
80,3,9,1,40,55,50,60
80,4,9,0,35,55,50,65
80,5,11,0,30,55,50,67
80,6,9,1,35,55,50,67
80,7,4,1,45,55,50,62
80,8,11,0,40,55,50,64
80,9,2,1,45,55,40,64
80,10,9,0,40,55,40,69
80,11,27,1,40,60,35,69
80,12,2,0,30,60,40,69
80,13,16,1,30,60,30,69
80,14,11,0,25,60,30,71
80,15,1,0,35,60,15,71
80,16,10,0,30,65,15,71
80,17,7,0,15,70,15,71
80,18,26,1,25,70,10,71
80,19,2,0,15,70,15,71
80,20,21,0,10,70,30,71
80,21,13,1,15,75,30,71
80,22,38,0,10,80,30,71
80,23,1,0,20,80,15,71
80,24,6,1,12,80,15,76
80,25,41,0,2,90,15,76
80,26,25,0,2,85,25,76
80,27,25,0,2,80,35,76
80,28,14,0,2,80,35,81
80,29,8,0,2,85,25,81
80,30,38,0,-3,90,25,81
80,31,14,0,-3,90,25,86
80,32,41,1,2,80,25,86
80,33,36,1,2,85,25,81
80,34,14,0,2,85,25,86
80,35,11,0,-3,85,25,88
80,36,2,0,-13,85,30,88
80,37,10,1,7,85,20,88
80,38,20,1,7,90,5,88
80,39,38,1,12,90,5,88
80,40,4,1,22,90,5,83
80,41,46,0,15,90,5,88
80,42,38,0,10,95,5,88
80,43,30,0,10,95,-5,98
80,44,9,0,5,95,-5,103
80,45,24,0,0,95,0,103
80,46,20,1,0,100,-15,103
80,47,20,0,-5,100,0,103
80,48,25,0,-5,95,10,103
80,49,23,1,5,95,5,103
80,50,22,1,5,100,-5,103
80,51,12,1,10,100,-5,103
80,52,46,1,15,100,-5,98
80,53,46,1,20,100,-5,93
80,54,2,0,10,100,0,93
80,55,5,1,15,100,-10,93
80,56,5,1,20,100,-20,93
80,57,17,0,0,110,-20,93
80,58,42,1,0,115,-20,93
80,59,11,0,-5,115,-20,95
80,60,14,1,-5,120,-20,95
80,61,39,0,-12,125,-20,95
80,62,14,0,-12,125,-20,100
80,63,5,1,-7,125,-30,100
80,64,38,1,-2,125,-30,100
80,65,12,1,3,125,-30,100
80,66,12,1,8,125,-30,100
80,67,21,1,8,130,-45,100
80,68,20,0,3,130,-30,100
80,69,25,0,3,125,-20,100
80,70,45,1,3,130,-20,100
80,71,14,1,3,135,-20,100
80,72,18,1,13,135,-20,100
80,73,5,0,8,135,-15,100
80,74,12,1,13,135,-15,100
80,75,10,0,8,140,-15,100
80,76,39,1,13,140,-15,95
80,77,11,1,18,140,-15,95
80,78,45,1,18,145,-15,95
80,79,11,0,13,145,-15,97
80,80,8,1,3,145,-15,102
80,81,39,1,8,145,-15,97
80,82,41,1,13,135,-15,97
80,83,16,0,3,140,-15,97
80,84,7,1,8,140,-15,92
80,85,10,1,28,140,-25,92
80,86,12,0,23,150,-25,92
80,87,41,1,28,140,-25,92
80,88,19,0,8,140,-15,102
80,89,10,0,3,145,-15,102
80,90,29,0,-7,145,-10,102
80,91,5,0,-12,145,-5,102
80,92,25,0,-12,140,5,102
80,93,26,1,-2,140,0,102
80,94,38,0,-7,145,0,102
80,95,18,1,3,145,0,102
80,96,12,1,8,145,0,102
80,97,5,0,3,145,5,102
80,98,41,0,-7,155,5,102
80,99,24,1,-2,155,5,102
81,0,13,1,55,55,50,50
81,1,4,0,40,60,50,50
81,2,12,1,45,60,50,50
81,3,5,0,40,60,55,50
81,4,17,0,20,70,55,50
81,5,13,0,20,70,55,55
81,6,12,1,25,70,55,55
81,7,28,0,15,70,65,55
81,8,22,1,15,75,55,55
81,9,28,0,5,75,65,55
81,10,37,1,15,75,65,55
81,11,15,1,15,80,65,55
81,12,25,0,15,75,75,55
81,13,7,0,0,80,75,55
81,14,7,1,5,80,75,50
81,15,6,0,15,80,70,50
81,16,22,1,15,85,60,50
81,17,23,0,10,75,60,55
81,18,37,0,-2,85,60,55
81,19,11,0,-7,85,60,57
81,20,2,1,-2,85,50,57
81,21,28,0,-12,85,60,57
81,22,41,1,-7,75,60,57
81,23,15,1,-7,80,60,57
81,24,17,1,-22,80,70,57
81,25,22,0,-27,80,75,57
81,26,25,0,-27,75,85,57
81,27,42,0,-35,75,85,67
81,28,23,0,-40,65,85,72
81,29,36,1,-40,70,85,67
81,30,42,0,-48,70,85,77
81,31,16,1,-48,70,75,77
81,32,24,1,-43,70,75,77
81,33,47,0,-18,70,75,77
81,34,21,0,-23,70,90,77
81,35,5,0,-28,70,95,77
81,36,38,0,-33,75,95,77
81,37,4,1,-23,75,95,72
81,38,26,1,-13,75,90,72
81,39,23,1,-3,75,85,72
81,40,11,1,2,75,85,72
81,41,38,0,-3,80,85,72
81,42,16,1,-3,80,75,72
81,43,11,0,-8,80,75,74
81,44,1,0,2,80,60,74
81,45,20,1,2,85,45,74
81,46,22,0,-3,85,50,74
81,47,39,1,2,85,50,69
81,48,22,0,-3,85,55,69
81,49,1,0,7,85,40,69
81,50,16,0,-3,90,40,69
81,51,12,0,-8,100,40,69
81,52,23,1,2,100,35,69
81,53,13,1,7,105,35,69
81,54,28,1,17,105,35,69
81,55,14,1,17,110,35,69
81,56,22,0,12,110,40,69
81,57,4,0,-3,115,40,69
81,58,21,0,-8,115,55,69
81,59,47,1,-8,115,55,84
81,60,8,0,-8,120,45,84
81,61,10,0,-13,125,45,84
81,62,13,1,-8,130,45,84
81,63,2,0,-18,130,50,84
81,64,25,0,-18,125,60,84
81,65,25,1,-18,130,50,84
81,66,14,0,-18,130,50,89
81,67,41,0,-28,140,50,89
81,68,9,1,-23,140,50,89
81,69,14,1,-23,145,50,89
81,70,15,0,-3,140,50,89
81,71,3,1,-10,140,50,94
81,72,23,1,0,140,45,94
81,73,29,0,-10,140,50,94
81,74,7,0,-25,145,50,94
81,75,3,1,-32,145,50,99
81,76,26,0,-37,145,50,104
81,77,39,1,-32,145,50,99
81,78,46,1,-27,145,50,94
81,79,1,1,-35,145,55,94
81,80,5,0,-40,145,60,94
81,81,26,0,-45,145,60,99
81,82,30,1,-45,145,70,99
81,83,20,0,-50,145,85,99
81,84,4,0,-65,150,85,99
81,85,15,0,-45,145,85,99
81,86,13,0,-45,145,85,104
81,87,15,1,-45,150,85,104
81,88,14,1,-45,155,85,104
81,89,18,1,-35,155,85,104
81,90,16,0,-45,160,85,104
81,91,46,0,-52,160,85,109
81,92,26,1,-42,160,80,109
81,93,41,0,-52,170,80,109
81,94,41,0,-62,180,80,109
81,95,27,1,-62,185,75,109
81,96,1,1,-70,185,80,109
81,97,9,0,-75,185,80,114
81,98,23,0,-80,175,80,119
81,99,21,0,-85,175,95,119
82,0,14,0,50,50,50,55
82,1,11,0,45,50,50,57
82,2,45,1,45,55,50,57
82,3,17,1,30,55,60,57
82,4,37,1,40,55,60,57
82,5,23,1,50,55,55,57
82,6,5,0,45,55,60,57
82,7,14,0,45,55,60,62
82,8,18,1,55,55,60,62
82,9,40,0,55,65,50,62
82,10,5,1,60,65,40,62
82,11,1,1,52,65,45,62
82,12,23,1,62,65,40,62
82,13,12,0,57,75,40,62
82,14,3,1,50,75,40,67
82,15,39,0,43,80,40,67
82,16,10,1,63,80,30,67
82,17,4,0,48,85,30,67
82,18,44,0,48,85,40,72
82,19,2,0,38,85,45,72
82,20,41,0,28,95,45,72
82,21,21,1,28,100,30,72
82,22,27,1,28,105,25,72
82,23,11,0,23,105,25,74
82,24,1,0,33,105,10,74
82,25,13,0,33,105,10,79
82,26,41,1,38,95,10,79
82,27,28,1,48,95,10,79
82,28,36,0,48,90,10,81
82,29,37,0,36,100,10,81
82,30,43,1,36,100,15,66
82,31,3,0,51,100,10,66
82,32,46,0,44,100,10,71
82,33,25,1,44,105,0,71
82,34,22,0,39,105,5,71
82,35,23,0,34,95,5,76
82,36,41,1,39,85,5,76
82,37,25,1,39,90,-5,76
82,38,41,0,29,100,-5,76
82,39,16,0,19,105,-5,76
82,40,13,1,24,110,-5,76
82,41,2,0,14,110,0,76
82,42,5,0,9,110,5,76
82,43,6,1,1,110,5,81
82,44,3,0,16,110,0,81
82,45,12,1,21,110,0,81
82,46,40,0,21,120,-10,81
82,47,21,1,21,125,-25,81
82,48,14,0,21,125,-25,86
82,49,14,1,21,130,-25,86
82,50,22,0,16,130,-20,86
82,51,14,0,16,130,-20,91
82,52,24,1,21,130,-20,91
82,53,12,1,26,130,-20,91
82,54,20,1,26,135,-35,91
82,55,1,1,18,135,-30,91
82,56,1,0,28,135,-45,91
82,57,22,1,28,140,-55,91
82,58,10,0,23,145,-55,91
82,59,9,1,28,145,-55,91
82,60,26,1,38,145,-60,91
82,61,5,1,43,145,-70,91
82,62,11,1,48,145,-70,91
82,63,46,0,41,145,-70,96
82,64,24,1,46,145,-70,96
82,65,22,1,46,150,-80,96
82,66,10,1,66,150,-90,96
82,67,1,0,76,150,-105,96
82,68,20,1,76,155,-120,96
82,69,14,0,76,155,-120,101
82,70,47,1,76,155,-120,116
82,71,5,0,71,155,-115,116
82,72,2,0,61,155,-110,116
82,73,38,1,66,155,-110,116
82,74,7,1,71,155,-110,111
82,75,5,1,76,155,-120,111
82,76,5,1,81,155,-130,111
82,77,16,0,71,160,-130,111
82,78,45,1,71,165,-130,111
82,79,21,1,71,170,-145,111
82,80,21,0,66,170,-130,111
82,81,25,1,66,175,-140,111
82,82,11,0,61,175,-140,113
82,83,23,1,71,175,-145,113
82,84,20,1,71,180,-160,113
82,85,4,1,81,180,-160,108
82,86,5,1,86,180,-170,108
82,87,11,0,81,180,-170,110
82,88,7,0,66,185,-170,110
82,89,4,0,51,190,-170,110
82,90,24,0,46,190,-165,110
82,91,21,1,46,195,-180,110
82,92,45,1,46,200,-180,110
82,93,12,0,41,210,-180,110
82,94,10,1,61,210,-190,110
82,95,4,0,46,215,-190,110
82,96,38,1,51,215,-190,110
82,97,10,0,46,220,-190,110
82,98,4,1,56,220,-190,105
82,99,29,1,56,235,-210,105
83,0,5,1,55,50,40,50
83,1,12,0,50,60,40,50
83,2,30,1,50,60,50,50
83,3,48,0,40,60,50,55
83,4,1,1,32,60,55,55
83,5,4,0,17,65,55,55
83,6,20,0,12,65,70,55
83,7,12,0,7,75,70,55
83,8,43,0,27,75,60,55
83,9,38,1,32,75,60,55
83,10,16,1,32,75,50,55
83,11,26,0,27,75,50,60
83,12,36,1,27,80,50,55
83,13,20,0,22,80,65,55
83,14,21,0,17,80,80,55
83,15,16,1,17,80,70,55
83,16,28,0,7,80,80,55
83,17,12,1,12,80,80,55
83,18,37,1,22,80,80,55
83,19,23,1,32,80,75,55
83,20,2,1,37,80,65,55
83,21,41,0,27,90,65,55
83,22,28,1,37,90,65,55
83,23,20,0,32,90,80,55
83,24,21,0,27,90,95,55
83,25,23,0,22,80,95,60
83,26,15,0,42,75,95,60
83,27,11,1,47,75,95,60
83,28,4,1,57,75,95,55
83,29,2,1,62,75,85,55
83,30,45,0,62,75,85,60
83,31,26,1,72,75,80,60
83,32,26,0,67,75,80,65
83,33,39,1,72,75,80,60
83,34,16,0,62,80,80,60
83,35,41,0,52,90,80,60
83,36,11,1,57,90,80,60
83,37,21,0,52,90,95,60
83,38,5,0,47,90,100,60
83,39,17,1,32,90,110,60
83,40,41,1,37,80,110,60
83,41,4,0,22,85,110,60
83,42,41,0,12,95,110,60
83,43,15,0,32,90,110,60
83,44,20,0,27,90,125,60
83,45,25,0,27,85,135,60
83,46,20,0,22,85,150,60
83,47,23,0,17,75,150,65
83,48,7,0,2,80,150,65
83,49,14,0,2,80,150,70
83,50,23,0,-3,70,150,75
83,51,1,0,7,70,135,75
83,52,26,0,2,70,135,80
83,53,25,1,2,75,125,80
83,54,4,1,12,75,125,75
83,55,7,1,17,75,125,70
83,56,37,1,27,75,125,70
83,57,23,1,37,75,120,70
83,58,25,1,37,80,110,70
83,59,39,0,30,85,110,70
83,60,20,0,25,85,125,70
83,61,14,0,25,85,125,75
83,62,45,0,25,85,125,80
83,63,10,1,45,85,115,80
83,64,8,1,35,85,115,85
83,65,41,1,40,75,115,85
83,66,15,0,60,70,115,85
83,67,7,0,45,75,115,85
83,68,11,0,40,75,115,87
83,69,28,1,50,75,115,87
83,70,43,1,50,75,120,72
83,71,10,0,45,80,120,72
83,72,9,1,50,80,120,72
83,73,14,1,50,85,120,72
83,74,17,1,35,85,130,72
83,75,12,0,30,95,130,72
83,76,37,0,18,105,130,72
83,77,45,1,18,110,130,72
83,78,1,0,28,110,115,72
83,79,12,0,23,120,115,72
83,80,41,0,13,130,115,72
83,81,10,1,33,130,105,72
83,82,39,1,38,130,105,67
83,83,13,1,43,135,105,67
83,84,26,1,53,135,100,67
83,85,3,0,68,135,95,67
83,86,28,0,58,135,105,67
83,87,25,0,58,130,115,67
83,88,17,1,43,130,125,67
83,89,38,1,48,130,125,67
83,90,16,1,48,130,115,67
83,91,12,0,43,140,115,67
83,92,2,0,33,140,120,67
83,93,23,0,28,130,120,72
83,94,28,1,38,130,120,72
83,95,1,1,30,130,125,72
83,96,5,0,25,130,130,72
83,97,4,1,35,130,130,67
83,98,15,1,35,135,130,67
83,99,27,0,45,120,130,67
84,0,3,0,65,50,45,50
84,1,41,0,55,60,45,50
84,2,18,1,65,60,45,50
84,3,11,0,60,60,45,52
84,4,7,0,45,65,45,52
84,5,45,0,45,65,45,57
84,6,13,0,45,65,45,62
84,7,3,0,60,65,40,62
84,8,8,1,50,65,40,67
84,9,43,1,50,65,45,52
84,10,39,1,55,65,45,47
84,11,22,1,55,70,35,47
84,12,40,0,55,80,25,47
84,13,20,0,50,80,40,47
84,14,29,0,40,80,45,47
84,15,11,1,45,80,45,47
84,16,3,1,38,80,45,52
84,17,39,0,31,85,45,52
84,18,38,1,36,85,45,52
84,19,43,0,56,85,35,52
84,20,17,1,41,85,45,52
84,21,16,0,31,90,45,52
84,22,21,1,31,95,30,52
84,23,19,1,46,95,30,52
84,24,13,0,46,95,30,57
84,25,14,1,46,100,30,57
84,26,26,1,56,100,25,57
84,27,13,1,61,105,25,57
84,28,14,0,61,105,25,62
84,29,27,1,61,110,20,62
84,30,26,1,71,110,15,62
84,31,43,1,71,110,20,47
84,32,25,1,71,115,10,47
84,33,43,0,91,115,0,47
84,34,9,0,86,115,0,52
84,35,42,1,86,120,0,52
84,36,7,1,91,120,0,47
84,37,18,1,101,120,0,47
84,38,26,0,96,120,0,52
84,39,37,0,84,130,0,52
84,40,23,1,94,130,-5,52
84,41,15,0,114,125,-5,52
84,42,26,0,109,125,-5,57
84,43,46,1,114,125,-5,52
84,44,30,0,114,125,-15,62
84,45,46,0,107,125,-15,67
84,46,6,0,117,125,-20,67
84,47,38,0,112,130,-20,67
84,48,42,0,104,130,-20,77
84,49,24,0,99,130,-15,77
84,50,12,0,94,140,-15,77
84,51,28,0,84,140,-5,77
84,52,28,0,74,140,5,77
84,53,30,0,74,140,-5,87
84,54,8,1,64,140,-5,92
84,55,8,0,64,145,-15,92
84,56,23,1,74,145,-20,92
84,57,13,1,79,150,-20,92
84,58,15,0,99,145,-20,92
84,59,46,1,104,145,-20,87
84,60,8,0,104,150,-30,87
84,61,30,1,104,150,-20,87
84,62,23,0,99,140,-20,92
84,63,11,1,104,140,-20,92
84,64,7,1,109,140,-20,87
84,65,46,1,114,140,-20,82
84,66,12,1,119,140,-20,82
84,67,47,1,119,140,-20,97
84,68,15,0,139,135,-20,97
84,69,24,1,144,135,-20,97
84,70,37,1,154,135,-20,97
84,71,10,0,149,140,-20,97
84,72,26,1,159,140,-25,97
84,73,28,1,169,140,-25,97
84,74,12,0,164,150,-25,97
84,75,11,0,159,150,-25,99
84,76,5,0,154,150,-20,99
84,77,41,0,144,160,-20,99
84,78,22,0,139,160,-15,99
84,79,5,1,144,160,-25,99
84,80,19,1,159,160,-25,99
84,81,1,0,169,160,-40,99
84,82,6,0,179,160,-45,99
84,83,1,1,171,160,-40,99
84,84,16,1,171,160,-50,99
84,85,3,0,186,160,-55,99
84,86,13,1,191,165,-55,99
84,87,13,1,196,170,-55,99
84,88,26,0,191,170,-55,104
84,89,12,0,186,180,-55,104
84,90,26,0,181,180,-55,109
84,91,36,0,181,175,-55,111
84,92,41,0,171,185,-55,111
84,93,38,1,176,185,-55,111
84,94,43,1,176,185,-50,96
84,95,38,1,181,185,-50,96
84,96,42,0,173,185,-50,106
84,97,21,0,168,185,-35,106
84,98,26,1,178,185,-40,106
84,99,24,1,183,185,-40,106
85,0,14,0,50,50,50,55
85,1,22,0,45,50,55,55
85,2,3,0,60,50,50,55
85,3,39,1,65,50,50,50
85,4,44,1,70,50,50,50
85,5,25,1,70,55,40,50
85,6,41,0,60,65,40,50
85,7,47,0,85,65,40,50
85,8,9,1,90,65,40,50
85,9,15,0,110,60,40,50
85,10,5,0,105,60,45,50
85,11,12,0,100,70,45,50
85,12,8,0,100,75,35,50
85,13,29,1,100,90,15,50
85,14,26,0,95,90,15,55
85,15,38,0,90,95,15,55
85,16,41,0,80,105,15,55
85,17,26,1,90,105,10,55
85,18,44,1,95,105,10,55
85,19,20,1,95,110,-5,55
85,20,11,1,100,110,-5,55
85,21,24,0,95,110,0,55
85,22,20,0,90,110,15,55
85,23,16,0,80,115,15,55
85,24,16,1,80,115,5,55
85,25,14,1,80,120,5,55
85,26,48,1,80,125,5,45
85,27,4,0,65,130,5,45
85,28,4,1,75,130,5,40
85,29,12,0,70,140,5,40
85,30,42,0,62,140,5,50
85,31,40,0,62,150,-5,50
85,32,5,0,57,150,0,50
85,33,44,1,62,150,0,50
85,34,13,1,67,155,0,50
85,35,11,1,72,155,0,50
85,36,42,0,64,155,0,60
85,37,13,0,64,155,0,65
85,38,17,1,49,155,10,65
85,39,16,0,39,160,10,65
85,40,18,0,14,160,10,75
85,41,36,1,14,165,10,70
85,42,12,1,19,165,10,70
85,43,1,1,11,165,15,70
85,44,39,1,16,165,15,65
85,45,2,1,21,165,5,65
85,46,19,0,1,165,15,75
85,47,48,0,-9,165,15,80
85,48,10,0,-14,170,15,80
85,49,42,0,-22,170,15,90
85,50,27,0,-12,155,15,90
85,51,36,1,-12,160,15,85
85,52,12,0,-17,170,15,85
85,53,23,1,-7,170,10,85
85,54,16,1,-7,170,0,85
85,55,8,1,-17,170,0,90
85,56,25,1,-17,175,-10,90
85,57,4,1,-7,175,-10,85
85,58,4,0,-22,180,-10,85
85,59,23,1,-12,180,-15,85
85,60,25,0,-12,175,-5,85
85,61,3,1,-19,175,-5,90
85,62,8,1,-29,175,-5,95
85,63,10,0,-34,180,-5,95
85,64,10,0,-39,185,-5,95
85,65,16,0,-49,190,-5,95
85,66,10,0,-54,195,-5,95
85,67,10,1,-34,195,-15,95
85,68,3,1,-41,195,-15,100
85,69,16,1,-41,195,-25,100
85,70,38,0,-46,200,-25,100
85,71,15,0,-26,195,-25,100
85,72,23,1,-16,195,-30,100
85,73,21,1,-16,200,-45,100
85,74,43,0,4,200,-55,100
85,75,10,0,-1,205,-55,100
85,76,9,0,-6,205,-55,105
85,77,7,0,-21,210,-55,105
85,78,12,0,-26,220,-55,105
85,79,22,0,-31,220,-50,105
85,80,47,0,-6,220,-50,105
85,81,43,0,14,220,-60,105
85,82,18,0,-11,220,-60,115
85,83,38,1,-6,220,-60,115
85,84,42,0,-14,220,-60,125
85,85,3,1,-21,220,-60,130
85,86,28,0,-31,220,-50,130
85,87,16,0,-41,225,-50,130
85,88,25,1,-41,230,-60,130
85,89,3,1,-48,230,-60,135
85,90,45,0,-48,230,-60,140
85,91,11,0,-53,230,-60,142
85,92,16,0,-63,235,-60,142
85,93,4,1,-53,235,-60,137
85,94,14,1,-53,240,-60,137
85,95,43,1,-53,240,-55,122
85,96,8,1,-63,240,-55,127
85,97,7,1,-58,240,-55,122
85,98,1,0,-48,240,-70,122
85,99,37,0,-60,250,-70,122
86,0,15,1,50,55,50,50
86,1,28,0,40,55,60,50
86,2,9,1,45,55,60,50
86,3,9,0,40,55,60,55
86,4,8,0,40,60,50,55
86,5,13,1,45,65,50,55
86,6,5,1,50,65,40,55
86,7,25,0,50,60,50,55
86,8,9,1,55,60,50,55
86,9,11,1,60,60,50,55
86,10,17,1,45,60,60,55
86,11,1,0,55,60,45,55
86,12,25,1,55,65,35,55
86,13,2,1,60,65,25,55
86,14,48,0,50,65,25,60
86,15,18,1,60,65,25,60
86,16,21,1,60,70,10,60
86,17,12,0,55,80,10,60
86,18,20,1,55,85,-5,60
86,19,26,1,65,85,-10,60
86,20,37,1,75,85,-10,60
86,21,5,1,80,85,-20,60
86,22,27,0,90,70,-20,60
86,23,36,0,90,65,-20,62
86,24,3,1,83,65,-20,67
86,25,37,1,93,65,-20,67
86,26,4,1,103,65,-20,62
86,27,15,0,123,60,-20,62
86,28,3,1,116,60,-20,67
86,29,18,0,91,60,-20,77
86,30,29,0,81,60,-15,77
86,31,3,1,74,60,-15,82
86,32,15,1,74,65,-15,82
86,33,6,0,84,65,-20,82
86,34,15,1,84,70,-20,82
86,35,40,1,84,60,-10,82
86,36,2,0,74,60,-5,82
86,37,15,0,94,55,-5,82
86,38,43,0,114,55,-15,82
86,39,15,1,114,60,-15,82
86,40,7,1,119,60,-15,77
86,41,22,1,119,65,-25,77
86,42,40,1,119,55,-15,77
86,43,14,1,119,60,-15,77
86,44,9,0,114,60,-15,82
86,45,3,1,107,60,-15,87
86,46,10,1,127,60,-25,87
86,47,21,0,122,60,-10,87
86,48,40,1,122,50,0,87
86,49,20,0,117,50,15,87
86,50,28,1,127,50,15,87
86,51,23,0,122,40,15,92
86,52,44,0,122,40,25,97
86,53,23,1,132,40,20,97
86,54,25,0,132,35,30,97
86,55,41,0,122,45,30,97
86,56,25,0,122,40,40,97
86,57,18,1,132,40,40,97
86,58,10,1,152,40,30,97
86,59,10,0,147,45,30,97
86,60,37,0,135,55,30,97
86,61,18,1,145,55,30,97
86,62,28,1,155,55,30,97
86,63,43,1,155,55,35,82
86,64,36,0,155,50,35,84
86,65,22,1,155,55,25,84
86,66,37,0,143,65,25,84
86,67,13,1,148,70,25,84
86,68,21,1,148,75,10,84
86,69,5,1,153,75,0,84
86,70,15,0,173,70,0,84
86,71,4,1,183,70,0,79
86,72,5,0,178,70,5,79
86,73,25,0,178,65,15,79
86,74,18,0,153,65,15,89
86,75,41,0,143,75,15,89
86,76,17,0,123,85,15,89
86,77,20,1,123,90,0,89
86,78,27,0,133,75,0,89
86,79,4,0,118,80,0,89
86,80,2,0,108,80,5,89
86,81,27,0,118,65,5,89
86,82,36,1,118,70,5,84
86,83,14,1,118,75,5,84
86,84,46,1,123,75,5,79
86,85,27,1,123,80,0,79
86,86,24,1,128,80,0,79
86,87,39,1,133,80,0,74
86,88,21,1,133,85,-15,74
86,89,11,1,138,85,-15,74
86,90,26,0,133,85,-15,79
86,91,3,0,148,85,-20,79
86,92,24,1,153,85,-20,79
86,93,25,1,153,90,-30,79
86,94,43,1,153,90,-25,64
86,95,9,0,148,90,-25,69
86,96,10,0,143,95,-25,69
86,97,44,1,148,95,-25,69
86,98,22,1,148,100,-35,69
86,99,30,1,148,100,-25,69
87,0,27,1,50,55,45,50
87,1,3,1,43,55,45,55
87,2,37,0,31,65,45,55
87,3,41,1,36,55,45,55
87,4,23,0,31,45,45,60
87,5,8,0,31,50,35,60
87,6,27,0,41,35,35,60
87,7,28,0,31,35,45,60
87,8,6,1,23,35,45,65
87,9,10,1,43,35,35,65
87,10,27,0,53,20,35,65
87,11,45,0,53,20,35,70
87,12,16,1,53,20,25,70
87,13,23,0,48,10,25,75
87,14,6,0,58,10,20,75
87,15,36,0,58,5,20,77
87,16,43,0,78,5,10,77
87,17,41,0,68,15,10,77
87,18,30,0,68,15,0,87
87,19,12,1,73,15,0,87
87,20,1,0,83,15,-15,87
87,21,30,0,83,15,-25,97
87,22,13,0,83,15,-25,102
87,23,36,1,83,20,-25,97
87,24,3,1,76,20,-25,102
87,25,12,0,71,30,-25,102
87,26,26,1,81,30,-30,102
87,27,14,1,81,35,-30,102
87,28,27,1,81,40,-35,102
87,29,3,0,96,40,-40,102
87,30,9,1,101,40,-40,102
87,31,42,1,101,45,-40,102
87,32,36,0,101,40,-40,104
87,33,24,0,96,40,-35,104
87,34,1,0,106,40,-50,104
87,35,9,0,101,40,-50,109
87,36,23,0,96,30,-50,114
87,37,12,1,101,30,-50,114
87,38,10,0,96,35,-50,114
87,39,25,0,96,30,-40,114
87,40,25,1,96,35,-50,114
87,41,11,1,101,35,-50,114
87,42,18,0,76,35,-50,124
87,43,1,0,86,35,-65,124
87,44,28,1,96,35,-65,124
87,45,2,0,86,35,-60,124
87,46,41,1,91,25,-60,124
87,47,1,0,101,25,-75,124
87,48,45,1,101,30,-75,124
87,49,16,0,91,35,-75,124
87,50,38,0,86,40,-75,124
87,51,5,0,81,40,-70,124
87,52,28,1,91,40,-70,124
87,53,42,0,83,40,-70,134
87,54,41,1,88,30,-70,134
87,55,14,0,88,30,-70,139
87,56,5,0,83,30,-65,139
87,57,47,1,83,30,-65,154
87,58,39,0,76,35,-65,154
87,59,40,0,76,45,-75,154
87,60,23,1,86,45,-80,154
87,61,22,0,81,45,-75,154
87,62,12,0,76,55,-75,154
87,63,39,1,81,55,-75,149
87,64,24,0,76,55,-70,149
87,65,15,1,76,60,-70,149
87,66,3,0,91,60,-75,149
87,67,12,1,96,60,-75,149
87,68,41,1,101,50,-75,149
87,69,44,1,106,50,-75,149
87,70,15,1,106,55,-75,149
87,71,27,1,106,60,-80,149
87,72,21,0,101,60,-65,149
87,73,8,1,91,60,-65,154
87,74,15,1,91,65,-65,154
87,75,12,1,96,65,-65,154
87,76,11,0,91,65,-65,156
87,77,1,1,83,65,-60,156
87,78,13,1,88,70,-60,156
87,79,2,0,78,70,-55,156
87,80,15,1,78,75,-55,156
87,81,25,1,78,80,-65,156
87,82,16,0,68,85,-65,156
87,83,5,0,63,85,-60,156
87,84,24,1,68,85,-60,156
87,85,4,1,78,85,-60,151
87,86,10,1,98,85,-70,151
87,87,41,0,88,95,-70,151
87,88,40,0,88,105,-80,151
87,89,40,1,88,95,-70,151
87,90,11,0,83,95,-70,153
87,91,11,0,78,95,-70,155
87,92,1,0,88,95,-85,155
87,93,14,1,88,100,-85,155
87,94,5,0,83,100,-80,155
87,95,44,1,88,100,-80,155
87,96,8,1,78,100,-80,160
87,97,11,1,83,100,-80,160
87,98,1,1,75,100,-75,160
87,99,21,0,70,100,-60,160
88,0,28,0,40,50,60,50
88,1,15,0,60,45,60,50
88,2,14,1,60,50,60,50
88,3,6,0,70,50,55,50
88,4,28,1,80,50,55,50
88,5,16,0,70,55,55,50
88,6,2,1,75,55,45,50
88,7,9,1,80,55,45,50
88,8,10,1,100,55,35,50
88,9,43,0,120,55,25,50
88,10,8,1,110,55,25,55
88,11,4,1,120,55,25,50
88,12,1,0,130,55,10,50
88,13,3,0,145,55,5,50
88,14,15,1,145,60,5,50
88,15,5,1,150,60,-5,50
88,16,16,1,150,60,-15,50
88,17,11,0,145,60,-15,52
88,18,14,0,145,60,-15,57
88,19,6,0,155,60,-20,57
88,20,12,1,160,60,-20,57
88,21,22,0,155,60,-15,57
88,22,15,0,175,55,-15,57
88,23,12,1,180,55,-15,57
88,24,12,1,185,55,-15,57
88,25,42,1,185,60,-15,57
88,26,41,1,190,50,-15,57
88,27,11,0,185,50,-15,59
88,28,14,1,185,55,-15,59
88,29,16,1,185,55,-25,59
88,30,22,1,185,60,-35,59
88,31,12,0,180,70,-35,59
88,32,24,1,185,70,-35,59
88,33,10,1,205,70,-45,59
88,34,39,0,198,75,-45,59
88,35,39,1,203,75,-45,54
88,36,22,1,203,80,-55,54
88,37,13,0,203,80,-55,59
88,38,10,0,198,85,-55,59
88,39,37,1,208,85,-55,59
88,40,25,1,208,90,-65,59
88,41,12,0,203,100,-65,59
88,42,27,0,213,85,-65,59
88,43,5,0,208,85,-60,59
88,44,15,1,208,90,-60,59
88,45,46,0,201,90,-60,64
88,46,1,1,193,90,-55,64
88,47,47,0,218,90,-55,64
88,48,13,1,223,95,-55,64
88,49,16,0,213,100,-55,64
88,50,8,0,213,105,-65,64
88,51,39,1,218,105,-65,59
88,52,5,0,213,105,-60,59
88,53,48,1,213,110,-60,49
88,54,21,1,213,115,-75,49
88,55,11,0,208,115,-75,51
88,56,1,0,218,115,-90,51
88,57,9,1,223,115,-90,51
88,58,12,0,218,125,-90,51
88,59,25,1,218,130,-100,51
88,60,14,1,218,135,-100,51
88,61,22,0,213,135,-95,51
88,62,39,1,218,135,-95,46
88,63,37,0,206,145,-95,46
88,64,26,1,216,145,-100,46
88,65,23,1,226,145,-105,46
88,66,3,1,219,145,-105,51
88,67,47,1,219,145,-105,66
88,68,27,1,219,150,-110,66
88,69,42,0,211,150,-110,76
88,70,21,1,211,155,-125,76
88,71,17,1,196,155,-115,76
88,72,26,1,206,155,-120,76
88,73,1,1,198,155,-115,76
88,74,13,0,198,155,-115,81
88,75,14,1,198,160,-115,81
88,76,17,1,183,160,-105,81
88,77,5,1,188,160,-115,81
88,78,23,1,198,160,-120,81
88,79,2,1,203,160,-130,81
88,80,20,0,198,160,-115,81
88,81,16,0,188,165,-115,81
88,82,26,0,183,165,-115,86
88,83,22,0,178,165,-110,86
88,84,7,1,183,165,-110,81
88,85,20,1,183,170,-125,81
88,86,37,0,171,180,-125,81
88,87,22,0,166,180,-120,81
88,88,2,0,156,180,-115,81
88,89,9,0,151,180,-115,86
88,90,5,0,146,180,-110,86
88,91,1,1,138,180,-105,86
88,92,3,1,131,180,-105,91
88,93,25,1,131,185,-115,91
88,94,13,0,131,185,-115,96
88,95,46,1,136,185,-115,91
88,96,20,0,131,185,-100,91
88,97,21,0,126,185,-85,91
88,98,27,0,136,170,-85,91
88,99,22,1,136,175,-95,91
89,0,20,1,50,55,35,50
89,1,46,0,43,55,35,55
89,2,27,0,53,40,35,55
89,3,13,1,58,45,35,55
89,4,4,1,68,45,35,50
89,5,6,1,60,45,35,55
89,6,28,0,50,45,45,55
89,7,39,0,43,50,45,55
89,8,39,0,36,55,45,55
89,9,5,0,31,55,50,55
89,10,42,1,31,60,50,55
89,11,28,1,41,60,50,55
89,12,3,0,56,60,45,55
89,13,20,1,56,65,30,55
89,14,15,1,56,70,30,55
89,15,45,0,56,70,30,60
89,16,9,1,61,70,30,60
89,17,5,0,56,70,35,60
89,18,23,0,51,60,35,65
89,19,12,1,56,60,35,65
89,20,40,1,56,50,45,65
89,21,22,1,56,55,35,65
89,22,20,0,51,55,50,65
89,23,46,0,44,55,50,70
89,24,1,0,54,55,35,70
89,25,16,1,54,55,25,70
89,26,48,1,54,60,25,60
89,27,16,0,44,65,25,60
89,28,2,1,49,65,15,60
89,29,47,0,74,65,15,60
89,30,42,0,66,65,15,70
89,31,15,0,86,60,15,70
89,32,28,1,96,60,15,70
89,33,25,0,96,55,25,70
89,34,16,1,96,55,15,70
89,35,14,1,96,60,15,70
89,36,41,0,86,70,15,70
89,37,21,1,86,75,0,70
89,38,22,0,81,75,5,70
89,39,19,1,96,75,5,70
89,40,16,1,96,75,-5,70
89,41,1,1,88,75,0,70
89,42,26,0,83,75,0,75
89,43,1,0,93,75,-15,75
89,44,13,0,93,75,-15,80
89,45,12,0,88,85,-15,80
89,46,22,1,88,90,-25,80
89,47,5,0,83,90,-20,80
89,48,4,0,68,95,-20,80
89,49,26,0,63,95,-20,85
89,50,11,1,68,95,-20,85
89,51,16,1,68,95,-30,85
89,52,36,1,68,100,-30,80
89,53,5,1,73,100,-40,80
89,54,14,0,73,100,-40,85
89,55,14,0,73,100,-40,90
89,56,42,1,73,105,-40,90
89,57,2,0,63,105,-35,90
89,58,12,1,68,105,-35,90
89,59,45,0,68,105,-35,95
89,60,40,1,68,95,-25,95
89,61,6,0,78,95,-30,95
89,62,41,0,68,105,-30,95
89,63,29,1,68,120,-50,95
89,64,3,1,61,120,-50,100
89,65,5,1,66,120,-60,100
89,66,9,1,71,120,-60,100
89,67,8,0,71,125,-70,100
89,68,42,0,63,125,-70,110
89,69,13,1,68,130,-70,110
89,70,12,1,73,130,-70,110
89,71,5,1,78,130,-80,110
89,72,43,0,98,130,-90,110
89,73,1,1,90,130,-85,110
89,74,13,0,90,130,-85,115
89,75,1,1,82,130,-80,115
89,76,43,0,102,130,-90,115
89,77,38,0,97,135,-90,115
89,78,8,0,97,140,-100,115
89,79,45,0,97,140,-100,120
89,80,9,1,102,140,-100,120
89,81,6,0,112,140,-105,120
89,82,2,0,102,140,-100,120
89,83,45,1,102,145,-100,120
89,84,15,1,102,150,-100,120
89,85,39,0,95,155,-100,120
89,86,1,0,105,155,-115,120
89,87,29,1,105,170,-135,120
89,88,20,1,105,175,-150,120
89,89,10,0,100,180,-150,120
89,90,46,1,105,180,-150,115
89,91,44,1,110,180,-150,115
89,92,37,0,98,190,-150,115
89,93,16,0,88,195,-150,115
89,94,23,1,98,195,-155,115
89,95,9,0,93,195,-155,120
89,96,16,0,83,200,-155,120
89,97,41,1,88,190,-155,120
89,98,17,0,68,200,-155,120
89,99,2,0,58,200,-150,120
90,0,2,0,40,50,55,50
90,1,20,0,35,50,70,50
90,2,2,1,40,50,60,50
90,3,38,0,35,55,60,50
90,4,25,0,35,50,70,50
90,5,11,0,30,50,70,52
90,6,21,0,25,50,85,52
90,7,21,1,25,55,70,52
90,8,22,1,25,60,60,52
90,9,22,0,20,60,65,52
90,10,26,0,15,60,65,57
90,11,10,1,35,60,55,57
90,12,3,1,28,60,55,62
90,13,11,0,23,60,55,64
90,14,10,0,18,65,55,64
90,15,36,1,18,70,55,59
90,16,19,1,33,70,55,59
90,17,20,1,33,75,40,59
90,18,14,1,33,80,40,59
90,19,36,0,33,75,40,61
90,20,46,0,26,75,40,66
90,21,14,0,26,75,40,71
90,22,41,1,31,65,40,71
90,23,22,0,26,65,45,71
90,24,15,0,46,60,45,71
90,25,37,0,34,70,45,71
90,26,11,1,39,70,45,71
90,27,1,1,31,70,50,71
90,28,13,1,36,75,50,71
90,29,1,1,28,75,55,71
90,30,20,0,23,75,70,71
90,31,2,1,28,75,60,71
90,32,22,0,23,75,65,71
90,33,26,1,33,75,60,71
90,34,23,1,43,75,55,71
90,35,15,0,63,70,55,71
90,36,15,1,63,75,55,71
90,37,16,0,53,80,55,71
90,38,25,1,53,85,45,71
90,39,36,0,53,80,45,73
90,40,10,1,73,80,35,73
90,41,16,1,73,80,25,73
90,42,12,1,78,80,25,73
90,43,28,1,88,80,25,73
90,44,45,1,88,85,25,73
90,45,5,0,83,85,30,73
90,46,5,0,78,85,35,73
90,47,20,1,78,90,20,73
90,48,42,0,70,90,20,83
90,49,11,0,65,90,20,85
90,50,26,0,60,90,20,90
90,51,9,1,65,90,20,90
90,52,2,1,70,90,10,90
90,53,13,0,70,90,10,95
90,54,46,0,63,90,10,100
90,55,29,1,63,105,-10,100
90,56,22,1,63,110,-20,100
90,57,18,1,73,110,-20,100
90,58,11,0,68,110,-20,102
90,59,7,0,53,115,-20,102
90,60,11,1,58,115,-20,102
90,61,24,0,53,115,-15,102
90,62,9,0,48,115,-15,107
90,63,1,0,58,115,-30,107
90,64,38,1,63,115,-30,107
90,65,8,0,63,120,-40,107
90,66,25,1,63,125,-50,107
90,67,18,1,73,125,-50,107
90,68,28,0,63,125,-40,107
90,69,4,0,48,130,-40,107
90,70,29,1,48,145,-60,107
90,71,24,0,43,145,-55,107
90,72,6,0,53,145,-60,107
90,73,28,0,43,145,-50,107
90,74,5,1,48,145,-60,107
90,75,44,1,53,145,-60,107
90,76,10,1,73,145,-70,107
90,77,13,1,78,150,-70,107
90,78,41,1,83,140,-70,107
90,79,24,1,88,140,-70,107
90,80,9,0,83,140,-70,112
90,81,16,1,83,140,-80,112
90,82,1,1,75,140,-75,112
90,83,25,0,75,135,-65,112
90,84,2,0,65,135,-60,112
90,85,3,0,80,135,-65,112
90,86,23,1,90,135,-70,112
90,87,43,1,90,135,-65,97
90,88,26,0,85,135,-65,102
90,89,9,1,90,135,-65,102
90,90,16,1,90,135,-75,102
90,91,39,1,95,135,-75,97
90,92,6,0,105,135,-80,97
90,93,38,1,110,135,-80,97
90,94,13,1,115,140,-80,97
90,95,26,1,125,140,-85,97
90,96,8,1,115,140,-85,102
90,97,46,1,120,140,-85,97
90,98,17,0,100,150,-85,97
90,99,40,1,100,140,-75,97
91,0,41,1,55,40,50,50
91,1,11,0,50,40,50,52
91,2,29,1,50,55,30,52
91,3,12,0,45,65,30,52
91,4,36,1,45,70,30,47
91,5,18,0,20,70,30,57
91,6,26,0,15,70,30,62
91,7,22,1,15,75,20,62
91,8,12,1,20,75,20,62
91,9,9,0,15,75,20,67
91,10,14,1,15,80,20,67
91,11,16,1,15,80,10,67
91,12,41,1,20,70,10,67
91,13,21,0,15,70,25,67
91,14,46,1,20,70,25,62
91,15,19,0,0,70,35,72
91,16,39,1,5,70,35,67
91,17,1,1,-3,70,40,67
91,18,26,0,-8,70,40,72
91,19,9,0,-13,70,40,77
91,20,46,1,-8,70,40,72
91,21,22,1,-8,75,30,72
91,22,20,0,-13,75,45,72
91,23,38,1,-8,75,45,72
91,24,40,1,-8,65,55,72
91,25,16,1,-8,65,45,72
91,26,20,0,-13,65,60,72
91,27,36,1,-13,70,60,67
91,28,25,0,-13,65,70,67
91,29,30,1,-13,65,80,67
91,30,8,0,-13,70,70,67
91,31,12,1,-8,70,70,67
91,32,46,0,-15,70,70,72
91,33,48,1,-15,75,70,62
91,34,4,1,-5,75,70,57
91,35,18,1,5,75,70,57
91,36,12,1,10,75,70,57
91,37,4,1,20,75,70,52
91,38,46,1,25,75,70,47
91,39,23,0,20,65,70,52
91,40,43,1,20,65,75,37
91,41,43,0,40,65,65,37
91,42,2,0,30,65,70,37
91,43,7,0,15,70,70,37
91,44,23,0,10,60,70,42
91,45,39,1,15,60,70,37
91,46,14,0,15,60,70,42
91,47,26,0,10,60,70,47
91,48,25,1,10,65,60,47
91,49,40,0,10,75,50,47
91,50,20,0,5,75,65,47
91,51,41,0,-5,85,65,47
91,52,18,0,-30,85,65,57
91,53,41,1,-25,75,65,57
91,54,4,1,-15,75,65,52
91,55,11,0,-20,75,65,54
91,56,19,1,-5,75,65,54
91,57,29,0,-15,75,70,54
91,58,41,1,-10,65,70,54
91,59,41,0,-20,75,70,54
91,60,20,1,-20,80,55,54
91,61,9,1,-15,80,55,54
91,62,27,0,-5,65,55,54
91,63,46,1,0,65,55,49
91,64,2,0,-10,65,60,49
91,65,11,0,-15,65,60,51
91,66,22,0,-20,65,65,51
91,67,44,1,-15,65,65,51
91,68,25,1,-15,70,55,51
91,69,20,1,-15,75,40,51
91,70,46,1,-10,75,40,46
91,71,11,1,-5,75,40,46
91,72,26,0,-10,75,40,51
91,73,36,0,-10,70,40,53
91,74,28,0,-20,70,50,53
91,75,46,0,-27,70,50,58
91,76,47,0,-2,70,50,58
91,77,8,1,-12,70,50,63
91,78,11,1,-7,70,50,63
91,79,22,0,-12,70,55,63
91,80,9,0,-17,70,55,68
91,81,1,1,-25,70,60,68
91,82,29,0,-35,70,65,68
91,83,18,0,-60,70,65,78
91,84,36,0,-60,65,65,80
91,85,1,0,-50,65,50,80
91,86,12,1,-45,65,50,80
91,87,14,1,-45,70,50,80
91,88,6,1,-53,70,50,85
91,89,25,1,-53,75,40,85
91,90,21,1,-53,80,25,85
91,91,41,0,-63,90,25,85
91,92,14,0,-63,90,25,90
91,93,10,1,-43,90,15,90
91,94,16,1,-43,90,5,90
91,95,11,0,-48,90,5,92
91,96,38,0,-53,95,5,92
91,97,25,1,-53,100,-5,92
91,98,7,0,-68,105,-5,92
91,99,45,1,-68,110,-5,92
92,0,38,1,55,50,50,50
92,1,23,0,50,40,50,55
92,2,7,0,35,45,50,55
92,3,4,0,20,50,50,55
92,4,3,1,13,50,50,60
92,5,3,1,6,50,50,65
92,6,6,1,-2,50,50,70
92,7,48,1,-2,55,50,60
92,8,10,1,18,55,40,60
92,9,38,1,23,55,40,60
92,10,9,1,28,55,40,60
92,11,10,1,48,55,30,60
92,12,1,1,40,55,35,60
92,13,13,1,45,60,35,60
92,14,4,0,30,65,35,60
92,15,16,1,30,65,25,60
92,16,36,1,30,70,25,55
92,17,14,0,30,70,25,60
92,18,1,0,40,70,10,60
92,19,28,1,50,70,10,60
92,20,25,0,50,65,20,60
92,21,19,1,65,65,20,60
92,22,11,1,70,65,20,60
92,23,11,0,65,65,20,62
92,24,3,0,80,65,15,62
92,25,22,0,75,65,20,62
92,26,43,0,95,65,10,62
92,27,2,1,100,65,0,62
92,28,4,0,85,70,0,62
92,29,29,0,75,70,5,62
92,30,12,0,70,80,5,62
92,31,20,0,65,80,20,62
92,32,22,1,65,85,10,62
92,33,23,0,60,75,10,67
92,34,21,1,60,80,-5,67
92,35,37,1,70,80,-5,67
92,36,10,1,90,80,-15,67
92,37,27,0,100,65,-15,67
92,38,7,1,105,65,-15,62
92,39,15,1,105,70,-15,62
92,40,15,1,105,75,-15,62
92,41,26,1,115,75,-20,62
92,42,16,1,115,75,-30,62
92,43,27,1,115,80,-35,62
92,44,13,1,120,85,-35,62
92,45,1,0,130,85,-50,62
92,46,37,0,118,95,-50,62
92,47,13,0,118,95,-50,67
92,48,6,1,110,95,-50,72
92,49,25,1,110,100,-60,72
92,50,13,1,115,105,-60,72
92,51,4,0,100,110,-60,72
92,52,22,0,95,110,-55,72
92,53,22,0,90,110,-50,72
92,54,23,1,100,110,-55,72
92,55,11,1,105,110,-55,72
92,56,1,1,97,110,-50,72
92,57,12,1,102,110,-50,72
92,58,15,0,122,105,-50,72
92,59,26,1,132,105,-55,72
92,60,24,1,137,105,-55,72
92,61,41,0,127,115,-55,72
92,62,13,0,127,115,-55,77
92,63,48,0,117,115,-55,82
92,64,47,0,142,115,-55,82
92,65,2,0,132,115,-50,82
92,66,37,1,142,115,-50,82
92,67,10,0,137,120,-50,82
92,68,36,0,137,115,-50,84
92,69,6,0,147,115,-55,84
92,70,20,1,147,120,-70,84
92,71,10,0,142,125,-70,84
92,72,13,1,147,130,-70,84
92,73,11,0,142,130,-70,86
92,74,12,1,147,130,-70,86
92,75,14,0,147,130,-70,91
92,76,14,0,147,130,-70,96
92,77,23,1,157,130,-75,96
92,78,43,0,177,130,-85,96
92,79,5,1,182,130,-95,96
92,80,20,1,182,135,-110,96
92,81,8,1,172,135,-110,101
92,82,3,0,187,135,-115,101
92,83,41,1,192,125,-115,101
92,84,20,1,192,130,-130,101
92,85,13,0,192,130,-130,106
92,86,28,1,202,130,-130,106
92,87,24,0,197,130,-125,106
92,88,11,0,192,130,-125,108
92,89,29,1,192,145,-145,108
92,90,3,0,207,145,-150,108
92,91,5,1,212,145,-160,108
92,92,14,0,212,145,-160,113
92,93,38,0,207,150,-160,113
92,94,27,0,217,135,-160,113
92,95,25,1,217,140,-170,113
92,96,44,0,217,140,-160,118
92,97,7,1,222,140,-160,113
92,98,22,1,222,145,-170,113
92,99,24,0,217,145,-165,113
93,0,45,1,50,55,50,50
93,1,10,1,70,55,40,50
93,2,41,0,60,65,40,50
93,3,12,0,55,75,40,50
93,4,38,0,50,80,40,50
93,5,41,1,55,70,40,50
93,6,38,1,60,70,40,50
93,7,26,0,55,70,40,55
93,8,13,1,60,75,40,55
93,9,12,1,65,75,40,55
93,10,25,1,65,80,30,55
93,11,3,0,80,80,25,55
93,12,12,1,85,80,25,55
93,13,25,0,85,75,35,55
93,14,38,1,90,75,35,55
93,15,26,1,100,75,30,55
93,16,42,1,100,80,30,55
93,17,44,0,100,80,40,60
93,18,44,1,105,80,40,60
93,19,44,0,105,80,50,65
93,20,7,0,90,85,50,65
93,21,4,1,100,85,50,60
93,22,2,1,105,85,40,60
93,23,15,1,105,90,40,60
93,24,3,0,120,90,35,60
93,25,26,1,130,90,30,60
93,26,16,0,120,95,30,60
93,27,17,1,105,95,40,60
93,28,43,0,125,95,30,60
93,29,3,1,118,95,30,65
93,30,20,0,113,95,45,65
93,31,23,1,123,95,40,65
93,32,37,0,111,105,40,65
93,33,1,0,121,105,25,65
93,34,44,0,121,105,35,70
93,35,10,1,141,105,25,70
93,36,9,0,136,105,25,75
93,37,20,0,131,105,40,75
93,38,4,0,116,110,40,75
93,39,3,1,109,110,40,80
93,40,17,1,94,110,50,80
93,41,4,0,79,115,50,80
93,42,36,0,79,110,50,82
93,43,7,0,64,115,50,82
93,44,41,1,69,105,50,82
93,45,16,1,69,105,40,82
93,46,14,1,69,110,40,82
93,47,14,1,69,115,40,82
93,48,36,1,69,120,40,77
93,49,37,0,57,130,40,77
93,50,13,1,62,135,40,77
93,51,38,1,67,135,40,77
93,52,26,1,77,135,35,77
93,53,4,0,62,140,35,77
93,54,4,1,72,140,35,72
93,55,9,1,77,140,35,72
93,56,15,0,97,135,35,72
93,57,39,1,102,135,35,67
93,58,48,1,102,140,35,57
93,59,21,0,97,140,50,57
93,60,28,0,87,140,60,57
93,61,38,1,92,140,60,57
93,62,22,0,87,140,65,57
93,63,5,0,82,140,70,57
93,64,42,0,74,140,70,67
93,65,16,1,74,140,60,67
93,66,11,0,69,140,60,69
93,67,20,0,64,140,75,69
93,68,24,1,69,140,75,69
93,69,43,0,89,140,65,69
93,70,5,0,84,140,70,69
93,71,16,0,74,145,70,69
93,72,11,0,69,145,70,71
93,73,10,1,89,145,60,71
93,74,21,0,84,145,75,71
93,75,19,0,64,145,85,81
93,76,3,1,57,145,85,86
93,77,22,0,52,145,90,86
93,78,29,1,52,160,70,86
93,79,16,1,52,160,60,86
93,80,23,1,62,160,55,86
93,81,20,0,57,160,70,86
93,82,3,1,50,160,70,91
93,83,43,0,70,160,60,91
93,84,2,1,75,160,50,91
93,85,12,1,80,160,50,91
93,86,1,0,90,160,35,91
93,87,15,0,110,155,35,91
93,88,14,0,110,155,35,96
93,89,37,0,98,165,35,96
93,90,23,1,108,165,30,96
93,91,36,0,108,160,30,98
93,92,1,1,100,160,35,98
93,93,2,1,105,160,25,98
93,94,26,0,100,160,25,103
93,95,10,0,95,165,25,103
93,96,25,1,95,170,15,103
93,97,1,1,87,170,20,103
93,98,7,1,92,170,20,98
93,99,14,0,92,170,20,103
94,0,20,0,45,50,65,50
94,1,27,0,55,35,65,50
94,2,4,1,65,35,65,45
94,3,25,1,65,40,55,45
94,4,1,1,57,40,60,45
94,5,25,0,57,35,70,45
94,6,4,1,67,35,70,40
94,7,16,1,67,35,60,40
94,8,39,0,60,40,60,40
94,9,18,1,70,40,60,40
94,10,21,1,70,45,45,40
94,11,9,0,65,45,45,45
94,12,29,0,55,45,50,45
94,13,47,1,55,45,50,60
94,14,44,1,60,45,50,60
94,15,26,1,70,45,45,60
94,16,47,1,70,45,45,75
94,17,14,1,70,50,45,75
94,18,25,0,70,45,55,75
94,19,41,0,60,55,55,75
94,20,2,1,65,55,45,75
94,21,39,0,58,60,45,75
94,22,37,1,68,60,45,75
94,23,43,0,88,60,35,75
94,24,39,0,81,65,35,75
94,25,26,1,91,65,30,75
94,26,14,1,91,70,30,75
94,27,44,1,96,70,30,75
94,28,14,1,96,75,30,75
94,29,4,1,106,75,30,70
94,30,25,0,106,70,40,70
94,31,41,1,111,60,40,70
94,32,23,1,121,60,35,70
94,33,26,0,116,60,35,75
94,34,23,1,126,60,30,75
94,35,3,1,119,60,30,80
94,36,1,0,129,60,15,80
94,37,44,1,134,60,15,80
94,38,6,0,144,60,10,80
94,39,25,0,144,55,20,80
94,40,8,1,134,55,20,85
94,41,41,0,124,65,20,85
94,42,5,0,119,65,25,85
94,43,41,1,124,55,25,85
94,44,22,1,124,60,15,85
94,45,20,1,124,65,0,85
94,46,40,0,124,75,-10,85
94,47,8,1,114,75,-10,90
94,48,25,0,114,70,0,90
94,49,2,0,104,70,5,90
94,50,22,1,104,75,-5,90
94,51,1,0,114,75,-20,90
94,52,12,0,109,85,-20,90
94,53,42,1,109,90,-20,90
94,54,4,1,119,90,-20,85
94,55,22,0,114,90,-15,85
94,56,2,1,119,90,-25,85
94,57,14,1,119,95,-25,85
94,58,23,0,114,85,-25,90
94,59,8,0,114,90,-35,90
94,60,23,0,109,80,-35,95
94,61,41,0,99,90,-35,95
94,62,48,1,99,95,-35,85
94,63,36,1,99,100,-35,80
94,64,5,1,104,100,-45,80
94,65,30,1,104,100,-35,80
94,66,8,1,94,100,-35,85
94,67,48,1,94,105,-35,75
94,68,3,1,87,105,-35,80
94,69,14,1,87,110,-35,80
94,70,40,0,87,120,-45,80
94,71,1,1,79,120,-40,80
94,72,29,0,69,120,-35,80
94,73,12,1,74,120,-35,80
94,74,29,1,74,135,-55,80
94,75,8,0,74,140,-65,80
94,76,25,0,74,135,-55,80
94,77,26,1,84,135,-60,80
94,78,11,1,89,135,-60,80
94,79,2,1,94,135,-70,80
94,80,18,0,69,135,-70,90
94,81,16,1,69,135,-80,90
94,82,13,1,74,140,-80,90
94,83,30,1,74,140,-70,90
94,84,24,0,69,140,-65,90
94,85,42,0,61,140,-65,100
94,86,44,0,61,140,-55,105
94,87,44,1,66,140,-55,105
94,88,2,0,56,140,-50,105
94,89,14,0,56,140,-50,110
94,90,13,0,56,140,-50,115
94,91,10,0,51,145,-50,115
94,92,26,1,61,145,-55,115
94,93,45,0,61,145,-55,120
94,94,38,1,66,145,-55,120
94,95,22,1,66,150,-65,120
94,96,10,0,61,155,-65,120
94,97,38,0,56,160,-65,120
94,98,30,1,56,160,-55,120
94,99,41,0,46,170,-55,120
95,0,42,0,42,50,50,60
95,1,5,0,37,50,55,60
95,2,10,0,32,55,55,60
95,3,26,1,42,55,50,60
95,4,4,1,52,55,50,55
95,5,16,1,52,55,40,55
95,6,44,0,52,55,50,60
95,7,4,0,37,60,50,60
95,8,20,0,32,60,65,60
95,9,27,1,32,65,60,60
95,10,24,0,27,65,65,60
95,11,19,0,7,65,75,70
95,12,27,1,7,70,70,70
95,13,25,1,7,75,60,70
95,14,14,0,7,75,60,75
95,15,23,0,2,65,60,80
95,16,45,1,2,70,60,80
95,17,13,0,2,70,60,85
95,18,46,1,7,70,60,80
95,19,24,0,2,70,65,80
95,20,26,1,12,70,60,80
95,21,16,1,12,70,50,80
95,22,3,1,5,70,50,85
95,23,3,0,20,70,45,85
95,24,40,0,20,80,35,85
95,25,48,1,20,85,35,75
95,26,4,1,30,85,35,70
95,27,9,1,35,85,35,70
95,28,15,1,35,90,35,70
95,29,1,0,45,90,20,70
95,30,9,0,40,90,20,75
95,31,19,1,55,90,20,75
95,32,27,0,65,75,20,75
95,33,7,1,70,75,20,70
95,34,2,0,60,75,25,70
95,35,24,1,65,75,25,70
95,36,41,0,55,85,25,70
95,37,8,0,55,90,15,70
95,38,12,0,50,100,15,70
95,39,21,1,50,105,0,70
95,40,1,0,60,105,-15,70
95,41,20,1,60,110,-30,70
95,42,45,1,60,115,-30,70
95,43,42,1,60,120,-30,70
95,44,10,0,55,125,-30,70
95,45,41,0,45,135,-30,70
95,46,9,0,40,135,-30,75
95,47,16,0,30,140,-30,75
95,48,11,1,35,140,-30,75
95,49,25,0,35,135,-20,75
95,50,1,0,45,135,-35,75
95,51,23,0,40,125,-35,80
95,52,11,1,45,125,-35,80
95,53,5,1,50,125,-45,80
95,54,12,0,45,135,-45,80
95,55,39,0,38,140,-45,80
95,56,19,1,53,140,-45,80
95,57,10,0,48,145,-45,80
95,58,21,1,48,150,-60,80
95,59,41,0,38,160,-60,80
95,60,8,1,28,160,-60,85
95,61,28,0,18,160,-50,85
95,62,12,0,13,170,-50,85
95,63,11,0,8,170,-50,87
95,64,13,1,13,175,-50,87
95,65,14,1,13,180,-50,87
95,66,30,1,13,180,-40,87
95,67,28,1,23,180,-40,87
95,68,41,0,13,190,-40,87
95,69,37,1,23,190,-40,87
95,70,45,0,23,190,-40,92
95,71,4,0,8,195,-40,92
95,72,12,1,13,195,-40,92
95,73,22,1,13,200,-50,92
95,74,15,0,33,195,-50,92
95,75,23,0,28,185,-50,97
95,76,16,1,28,185,-60,97
95,77,2,1,33,185,-70,97
95,78,1,1,25,185,-65,97
95,79,24,1,30,185,-65,97
95,80,6,1,22,185,-65,102
95,81,21,0,17,185,-50,102
95,82,13,1,22,190,-50,102
95,83,6,1,14,190,-50,107
95,84,20,1,14,195,-65,107
95,85,12,1,19,195,-65,107
95,86,30,0,19,195,-75,117
95,87,7,0,4,200,-75,117
95,88,1,0,14,200,-90,117
95,89,13,0,14,200,-90,122
95,90,38,0,9,205,-90,122
95,91,7,0,-6,210,-90,122
95,92,3,1,-13,210,-90,127
95,93,7,1,-8,210,-90,122
95,94,23,1,2,210,-95,122
95,95,1,1,-6,210,-90,122
95,96,30,1,-6,210,-80,122
95,97,27,1,-6,215,-85,122
95,98,10,0,-11,220,-85,122
95,99,36,0,-11,215,-85,124
96,0,20,1,50,55,35,50
96,1,5,1,55,55,25,50
96,2,40,0,55,65,15,50
96,3,3,0,70,65,10,50
96,4,30,0,70,65,0,60
96,5,24,0,65,65,5,60
96,6,21,0,60,65,20,60
96,7,14,1,60,70,20,60
96,8,3,1,53,70,20,65
96,9,24,1,58,70,20,65
96,10,47,1,58,70,20,80
96,11,22,1,58,75,10,80
96,12,45,1,58,80,10,80
96,13,26,1,68,80,5,80
96,14,26,1,78,80,0,80
96,15,15,1,78,85,0,80
96,16,26,1,88,85,-5,80
96,17,45,1,88,90,-5,80
96,18,9,1,93,90,-5,80
96,19,17,0,73,100,-5,80
96,20,7,1,78,100,-5,75
96,21,15,0,98,95,-5,75
96,22,21,1,98,100,-20,75
96,23,43,0,118,100,-30,75
96,24,1,0,128,100,-45,75
96,25,41,1,133,90,-45,75
96,26,27,0,143,75,-45,75
96,27,9,0,138,75,-45,80
96,28,3,1,131,75,-45,85
96,29,7,0,116,80,-45,85
96,30,40,1,116,70,-35,85
96,31,9,0,111,70,-35,90
96,32,9,0,106,70,-35,95
96,33,46,1,111,70,-35,90
96,34,39,1,116,70,-35,85
96,35,11,0,111,70,-35,87
96,36,28,0,101,70,-25,87
96,37,6,0,111,70,-30,87
96,38,25,1,111,75,-40,87
96,39,2,1,116,75,-50,87
96,40,11,1,121,75,-50,87
96,41,41,1,126,65,-50,87
96,42,11,0,121,65,-50,89
96,43,16,0,111,70,-50,89
96,44,23,1,121,70,-55,89
96,45,14,1,121,75,-55,89
96,46,16,0,111,80,-55,89
96,47,1,1,103,80,-50,89
96,48,38,0,98,85,-50,89
96,49,1,0,108,85,-65,89
96,50,2,1,113,85,-75,89
96,51,21,0,108,85,-60,89
96,52,3,1,101,85,-60,94
96,53,37,1,111,85,-60,94
96,54,12,1,116,85,-60,94
96,55,6,1,108,85,-60,99
96,56,5,0,103,85,-55,99
96,57,3,0,118,85,-60,99
96,58,10,1,138,85,-70,99
96,59,1,1,130,85,-65,99
96,60,24,0,125,85,-60,99
96,61,16,0,115,90,-60,99
96,62,6,0,125,90,-65,99
96,63,23,1,135,90,-70,99
96,64,23,1,145,90,-75,99
96,65,26,1,155,90,-80,99
96,66,25,1,155,95,-90,99
96,67,22,0,150,95,-85,99
96,68,23,1,160,95,-90,99
96,69,28,0,150,95,-80,99
96,70,38,1,155,95,-80,99
96,71,11,0,150,95,-80,101
96,72,22,0,145,95,-75,101
96,73,26,1,155,95,-80,101
96,74,14,0,155,95,-80,106
96,75,15,0,175,90,-80,106
96,76,26,1,185,90,-85,106
96,77,15,0,205,85,-85,106
96,78,1,0,215,85,-100,106
96,79,30,0,215,85,-110,116
96,80,25,1,215,90,-120,116
96,81,9,1,220,90,-120,116
96,82,4,1,230,90,-120,111
96,83,10,1,250,90,-130,111
96,84,2,1,255,90,-140,111
96,85,6,1,247,90,-140,116
96,86,11,0,242,90,-140,118
96,87,42,1,242,95,-140,118
96,88,25,0,242,90,-130,118
96,89,40,1,242,80,-120,118
96,90,16,0,232,85,-120,118
96,91,5,1,237,85,-130,118
96,92,12,0,232,95,-130,118
96,93,15,0,252,90,-130,118
96,94,24,1,257,90,-130,118
96,95,23,0,252,80,-130,123
96,96,8,0,252,85,-140,123
96,97,40,0,252,95,-150,123
96,98,48,0,242,95,-150,128
96,99,19,0,222,95,-140,138
97,0,5,1,55,50,40,50
97,1,43,1,55,50,45,35
97,2,12,0,50,60,45,35
97,3,17,1,35,60,55,35
97,4,3,0,50,60,50,35
97,5,8,1,40,60,50,40
97,6,26,1,50,60,45,40
97,7,22,0,45,60,50,40
97,8,16,0,35,65,50,40
97,9,13,1,40,70,50,40
97,10,5,0,35,70,55,40
97,11,40,1,35,60,65,40
97,12,2,0,25,60,70,40
97,13,2,1,30,60,60,40
97,14,14,1,30,65,60,40
97,15,5,1,35,65,50,40
97,16,15,0,55,60,50,40
97,17,47,1,55,60,50,55
97,18,20,0,50,60,65,55
97,19,5,0,45,60,70,55
97,20,20,1,45,65,55,55
97,21,4,1,55,65,55,50
97,22,25,0,55,60,65,50
97,23,26,1,65,60,60,50
97,24,1,0,75,60,45,50
97,25,18,1,85,60,45,50
97,26,45,1,85,65,45,50
97,27,38,0,80,70,45,50
97,28,19,1,95,70,45,50
97,29,11,1,100,70,45,50
97,30,22,1,100,75,35,50
97,31,41,1,105,65,35,50
97,32,27,1,105,70,30,50
97,33,22,1,105,75,20,50
97,34,20,1,105,80,5,50
97,35,43,0,125,80,-5,50
97,36,26,1,135,80,-10,50
97,37,15,1,135,85,-10,50
97,38,12,0,130,95,-10,50
97,39,36,1,130,100,-10,45
97,40,27,1,130,105,-15,45
97,41,24,0,125,105,-10,45
97,42,5,1,130,105,-20,45
97,43,2,1,135,105,-30,45
97,44,15,1,135,110,-30,45
97,45,11,0,130,110,-30,47
97,46,22,0,125,110,-25,47
97,47,41,0,115,120,-25,47
97,48,24,1,120,120,-25,47
97,49,14,1,120,125,-25,47
97,50,27,0,130,110,-25,47
97,51,10,1,150,110,-35,47
97,52,38,1,155,110,-35,47
97,53,1,0,165,110,-50,47
97,54,29,0,155,110,-45,47
97,55,26,0,150,110,-45,52
97,56,42,0,142,110,-45,62
97,57,46,1,147,110,-45,57
97,58,45,1,147,115,-45,57
97,59,3,0,162,115,-50,57
97,60,39,0,155,120,-50,57
97,61,24,0,150,120,-45,57
97,62,42,0,142,120,-45,67
97,63,22,1,142,125,-55,67
97,64,20,0,137,125,-40,67
97,65,26,0,132,125,-40,72
97,66,14,1,132,130,-40,72
97,67,16,1,132,130,-50,72
97,68,16,1,132,130,-60,72
97,69,42,0,124,130,-60,82
97,70,25,1,124,135,-70,82
97,71,42,1,124,140,-70,82
97,72,15,0,144,135,-70,82
97,73,42,1,144,140,-70,82
97,74,12,1,149,140,-70,82
97,75,4,1,159,140,-70,77
97,76,38,0,154,145,-70,77
97,77,40,1,154,135,-60,77
97,78,45,1,154,140,-60,77
97,79,47,1,154,140,-60,92
97,80,11,1,159,140,-60,92
97,81,3,1,152,140,-60,97
97,82,43,0,172,140,-70,97
97,83,22,0,167,140,-65,97
97,84,24,1,172,140,-65,97
97,85,7,1,177,140,-65,92
97,86,26,0,172,140,-65,97
97,87,41,0,162,150,-65,97
97,88,4,1,172,150,-65,92
97,89,22,0,167,150,-60,92
97,90,19,1,182,150,-60,92
97,91,16,1,182,150,-70,92
97,92,41,1,187,140,-70,92
97,93,15,0,207,135,-70,92
97,94,11,0,202,135,-70,94
97,95,8,0,202,140,-80,94
97,96,20,1,202,145,-95,94
97,97,23,1,212,145,-100,94
97,98,14,0,212,145,-100,99
97,99,11,1,217,145,-100,99
98,0,9,0,45,50,50,55
98,1,24,0,40,50,55,55
98,2,5,1,45,50,45,55
98,3,5,1,50,50,35,55
98,4,39,1,55,50,35,50
98,5,39,1,60,50,35,45
98,6,3,0,75,50,30,45
98,7,36,1,75,55,30,40
98,8,16,1,75,55,20,40
98,9,38,0,70,60,20,40
98,10,10,1,90,60,10,40
98,11,15,0,110,55,10,40
98,12,37,0,98,65,10,40
98,13,26,1,108,65,5,40
98,14,42,1,108,70,5,40
98,15,11,1,113,70,5,40
98,16,11,1,118,70,5,40
98,17,16,1,118,70,-5,40
98,18,5,0,113,70,0,40
98,19,9,1,118,70,0,40
98,20,20,0,113,70,15,40
98,21,44,1,118,70,15,40
98,22,20,1,118,75,0,40
98,23,38,1,123,75,0,40
98,24,28,1,133,75,0,40
98,25,14,1,133,80,0,40
98,26,15,1,133,85,0,40
98,27,23,0,128,75,0,45
98,28,26,0,123,75,0,50
98,29,13,0,123,75,0,55
98,30,29,1,123,90,-20,55
98,31,11,0,118,90,-20,57
98,32,28,0,108,90,-10,57
98,33,4,1,118,90,-10,52
98,34,16,0,108,95,-10,52
98,35,22,0,103,95,-5,52
98,36,26,0,98,95,-5,57
98,37,12,1,103,95,-5,57
98,38,40,1,103,85,5,57
98,39,2,1,108,85,-5,57
98,40,10,1,128,85,-15,57
98,41,36,1,128,90,-15,52
98,42,45,0,128,90,-15,57
98,43,37,1,138,90,-15,57
98,44,22,0,133,90,-10,57
98,45,40,0,133,100,-20,57
98,46,13,1,138,105,-20,57
98,47,43,1,138,105,-15,42
98,48,40,0,138,115,-25,42
98,49,2,1,143,115,-35,42
98,50,37,0,131,125,-35,42
98,51,16,1,131,125,-45,42
98,52,19,1,146,125,-45,42
98,53,9,0,141,125,-45,47
98,54,26,1,151,125,-50,47
98,55,6,1,143,125,-50,52
98,56,11,1,148,125,-50,52
98,57,10,0,143,130,-50,52
98,58,36,0,143,125,-50,54
98,59,1,0,153,125,-65,54
98,60,3,1,146,125,-65,59
98,61,30,1,146,125,-55,59
98,62,25,0,146,120,-45,59
98,63,16,0,136,125,-45,59
98,64,41,1,141,115,-45,59
98,65,15,0,161,110,-45,59
98,66,48,0,151,110,-45,64
98,67,26,0,146,110,-45,69
98,68,12,0,141,120,-45,69
98,69,14,1,141,125,-45,69
98,70,11,0,136,125,-45,71
98,71,45,0,136,125,-45,76
98,72,1,1,128,125,-40,76
98,73,10,0,123,130,-40,76
98,74,1,0,133,130,-55,76
98,75,3,1,126,130,-55,81
98,76,21,0,121,130,-40,81
98,77,23,1,131,130,-45,81
98,78,46,1,136,130,-45,76
98,79,1,1,128,130,-40,76
98,80,1,0,138,130,-55,76
98,81,20,1,138,135,-70,76
98,82,7,0,123,140,-70,76
98,83,36,0,123,135,-70,78
98,84,44,1,128,135,-70,78
98,85,24,1,133,135,-70,78
98,86,22,1,133,140,-80,78
98,87,47,1,133,140,-80,93
98,88,12,1,138,140,-80,93
98,89,5,1,143,140,-90,93
98,90,42,0,135,140,-90,103
98,91,41,1,140,130,-90,103
98,92,46,1,145,130,-90,98
98,93,25,0,145,125,-80,98
98,94,21,0,140,125,-65,98
98,95,15,0,160,120,-65,98
98,96,22,0,155,120,-60,98
98,97,44,0,155,120,-50,103
98,98,48,1,155,125,-50,93
98,99,26,0,150,125,-50,98
99,0,41,1,55,40,50,50
99,1,9,0,50,40,50,55
99,2,40,0,50,50,40,55
99,3,46,1,55,50,40,50
99,4,10,1,75,50,30,50
99,5,16,1,75,50,20,50
99,6,20,1,75,55,5,50
99,7,23,1,85,55,0,50
99,8,3,1,78,55,0,55
99,9,22,1,78,60,-10,55
99,10,13,0,78,60,-10,60
99,11,23,0,73,50,-10,65
99,12,11,1,78,50,-10,65
99,13,10,0,73,55,-10,65
99,14,12,1,78,55,-10,65
99,15,46,0,71,55,-10,70
99,16,14,0,71,55,-10,75
99,17,24,1,76,55,-10,75
99,18,29,0,66,55,-5,75
99,19,1,1,58,55,0,75
99,20,2,0,48,55,5,75
99,21,21,1,48,60,-10,75
99,22,26,0,43,60,-10,80
99,23,25,1,43,65,-20,80
99,24,23,0,38,55,-20,85
99,25,1,1,30,55,-15,85
99,26,20,1,30,60,-30,85
99,27,25,0,30,55,-20,85
99,28,14,1,30,60,-20,85
99,29,25,1,30,65,-30,85
99,30,1,0,40,65,-45,85
99,31,21,0,35,65,-30,85
99,32,47,0,60,65,-30,85
99,33,1,1,52,65,-25,85
99,34,36,1,52,70,-25,80
99,35,43,1,52,70,-20,65
99,36,12,0,47,80,-20,65
99,37,28,1,57,80,-20,65
99,38,14,0,57,80,-20,70
99,39,5,1,62,80,-30,70
99,40,37,0,50,90,-30,70
99,41,11,0,45,90,-30,72
99,42,5,0,40,90,-25,72
99,43,14,1,40,95,-25,72
99,44,7,0,25,100,-25,72
99,45,25,1,25,105,-35,72
99,46,14,1,25,110,-35,72
99,47,14,0,25,110,-35,77
99,48,11,1,30,110,-35,77
99,49,26,1,40,110,-40,77
99,50,27,0,50,95,-40,77
99,51,21,1,50,100,-55,77
99,52,44,1,55,100,-55,77
99,53,16,1,55,100,-65,77
99,54,27,0,65,85,-65,77
99,55,22,1,65,90,-75,77
99,56,15,1,65,95,-75,77
99,57,36,1,65,100,-75,72
99,58,41,0,55,110,-75,72
99,59,4,1,65,110,-75,67
99,60,20,0,60,110,-60,67
99,61,21,0,55,110,-45,67
99,62,3,1,48,110,-45,72
99,63,9,1,53,110,-45,72
99,64,16,0,43,115,-45,72
99,65,7,0,28,120,-45,72
99,66,36,0,28,115,-45,74
99,67,15,1,28,120,-45,74
99,68,4,0,13,125,-45,74
99,69,15,1,13,130,-45,74
99,70,2,0,3,130,-40,74
99,71,16,0,-7,135,-40,74
99,72,20,0,-12,135,-25,74
99,73,11,1,-7,135,-25,74
99,74,11,0,-12,135,-25,76
99,75,21,1,-12,140,-40,76
99,76,36,0,-12,135,-40,78
99,77,27,0,-2,120,-40,78
99,78,13,0,-2,120,-40,83
99,79,36,1,-2,125,-40,78
99,80,20,0,-7,125,-25,78
99,81,27,1,-7,130,-30,78
99,82,9,1,-2,130,-30,78
99,83,44,1,3,130,-30,78
99,84,25,1,3,135,-40,78
99,85,13,0,3,135,-40,83
99,86,12,1,8,135,-40,83
99,87,1,1,0,135,-35,83
99,88,12,0,-5,145,-35,83
99,89,40,0,-5,155,-45,83
99,90,37,1,5,155,-45,83
99,91,16,1,5,155,-55,83
99,92,16,1,5,155,-65,83
99,93,36,1,5,160,-65,78
99,94,6,0,15,160,-70,78
99,95,6,0,25,160,-75,78
99,96,20,1,25,165,-90,78
99,97,5,1,30,165,-100,78
99,98,3,0,45,165,-105,78
99,99,41,1,50,155,-105,78
